tree
version=v4
num_class=1
num_tree_per_iteration=1
label_index=0
max_feature_idx=8
objective=poisson
feature_names=sku weather frac_left discount_pct price_ratio hour footfall n_competing remaining
feature_infos=-1:21:4:11:9:8:12:13:22:14:10 -1:0:4:1:2:3 [0:0.75] [18.5:81.5] [0.17307692766189575:0.94117647409439087] [7:22.5] [0:645] [0:6] [1:72]
tree_sizes=1721 1756 1777 1784 1765 1777 1781 1770 1786 1784 1779 1784 1782 1787 1796 1765 1789 1777 1783 1793 1785 1789 1794 1797 1790 1798 1776 1796 1800 1803 1789 1803 1811 1796 1796 1800 1791 1788 1792 1787 1791 1788 1785 1791 1795 1792 1780 1794 1792 1803 1793 1796 1809 1815 1806 1795 1803 1786 1795 1807 1799 1776 1802 1798 1799 1777 1810 1790 1787 1779 1783 1786 1790 1791 1782 1799 1789 1785 1797 1812 1811 1813 1798 1813 1792 1815 1808 1796 1817 1806 1822 1792 1814 1818 1813 1811 1801 1800 1783 1810 1811 1813 1798 1782 1808 1812 1796 1799 1810 1788 1803 1813 1830 1803 1813 1791 1800 1810 1783 1812 1779 1815 1823 1810 1796 1793 1776 1804 1818 1790 1783 1804 1783 1788 1809 1814 1758 1804 1790 1818 1814 1820 1831 1818 1813 1800 1812 1808 1794 1816 1819 1814 1800 1805 1797 1800 1796 1792 1806 1795 1781 1802 1783 1779 1796 1805 1813 1763 1803 1813 1802 1766 1784 1793 1798 1787 1790 1812 1768 1789 1800 1811 1777 1804 1783 1792 1801 1791 1786 1776 1801 1834 1812 1802 1765 1797 1806 1769 1787 1799 1821 1784 1790 1834 1786 1790 1782 1824 1805 1807 1785 1813 1783 1784 1802 1821 1784 1825 1797 1801 1804 1783 1782 1789 1795 1783 1787 1742 1784 1782 1789 1786 1801 1792 1789 1789 1812 1800 1753 1762 1800 1783 1790 1827 1811 1779 1796 1819 1828 1807 1802 1799 1796 1762 1796 1781 1798 1764 1824 1793 1789 1813 1818 1792 1771 1792 1793 1809 1847 1786 1808 1787 1797 1784 1752 1821 1821 1799 1759 1776 1795 1750 1754 1771 1781 1754 1813 1789 1748 1772 1782 1820 1789 1770 1778 1789 1764 1755 1783 1823

Tree=0
num_leaves=15
num_cat=2
split_feature=0 8 5 5 5 3 8 3 8 5 8 1 2 8
split_gain=4344.6 2512.82 2022.69 1023.18 1151.84 1095.36 834.531 917.073 590.033 588.419 487.922 443.065 356.089 250.04
threshold=0 2.9500000476837163 20.958333015441898 18.791666984558109 19.958333015441898 67.349998474121108 5.5499999523162851 36.250000000000007 7.3166668415069589 12.291666507720949 6.3166668415069589 1 0.42930126190185552 1.7333333492279055
decision_type=9 2 2 2 2 2 2 2 2 2 2 1 2 2
left_child=1 13 3 5 6 8 -5 -8 -3 -10 -7 -6 -9 -1
right_child=-2 2 -4 4 11 10 7 12 9 -11 -12 -13 -14 -15
leaf_value=-1.8510451826155228 -1.8442248419138052 -1.8283274521858113 -1.8445004888338461 -1.808023673789098 -1.7701869761663456 -1.7871974279213323 -1.7727659821273962 -1.7359833034687773 -1.8205632140201653 -1.7914088515743878 -1.7281678649935244 -1.8170178559891836 -1.6733921208184432 -1.8309808178355482
leaf_weight=4683.5664679706097 26732.126620978117 6328.0561979413033 4209.4003942608833 1248.5399627387524 918.79818937182426 2244.905360609293 2628.8468152284622 877.25591871142387 4646.5678831636906 5375.1803646683693 650.07162603735924 3408.4134880900383 521.87477517127991 4278.5293290317059
leaf_count=14431 82367 19498 12970 3847 2831 6917 8100 2703 14317 16562 2003 10502 1608 13183
internal_value=-1.82532 -1.81329 -1.80565 -1.79998 -1.78398 -1.80796 -1.76516 -1.75188 -1.81398 -1.80493 -1.77394 -1.80693 -1.71264 -1.84147
internal_weight=68752.1 42020 33057.9 28848.5 9603.73 19244.8 5276.52 4027.98 16349.8 10021.7 2894.98 4327.21 1399.13 8962.1
internal_count=211839 129472 101858 88888 29591 59297 16258 12411 50377 30879 8920 13333 4311 27614
cat_boundaries=0 1 2
cat_threshold=6311952 16
is_linear=0
shrinkage=1


Tree=1
num_leaves=15
num_cat=2
split_feature=0 8 5 5 3 5 8 4 8 5 1 2 8 8
split_gain=4114.15 2326.18 1853.76 883.847 989.252 839.897 810.331 707.269 461.882 469.571 383.874 376.635 371.814 315.781
threshold=0 2.9500000476837163 20.958333015441898 18.541666984558109 67.349998474121108 19.958333015441898 5.5499999523162851 0.71535181999206554 7.3166668415069589 11.791666507720949 1 0.42930126190185552 6.3166668415069589 15.700000286102297
decision_type=9 2 2 2 2 2 2 2 2 2 1 2 2 2
left_child=1 -1 3 4 8 6 -5 11 -3 -10 -7 -8 -6 -13
right_child=-2 2 -4 5 12 10 7 -9 9 -11 -12 13 -14 -15
leaf_value=-0.015926175764133851 -0.018698334235685916 -0.0029601696475570071 -0.01897618107636382 0.012506594901939151 0.035956581095421665 0.050622780245124538 0.063840824034450197 0.032148872537286592 0.0023229388723826315 0.029045430574131711 0.0079868929784709785 0.12668425397885905 0.085725091355300306 0.060307008630270498
leaf_weight=8818.984276086092 26231.475049287081 6028.1837421655655 4129.426457285881 1469.302234172821 2292.3513884842396 970.87555003166199 1975.3312125205994 1707.3810881972313 3997.9380351305008 5803.9568111896515 3436.82429677248 840.83925649523735 707.09705176949501 372.24426177144051
leaf_count=27614 82367 18630 12970 4458 6799 2831 5698 5004 12260 17346 10502 2344 1977 1039
internal_value=-1.30277e-05 0.0115077 0.0186835 0.0239369 0.016095 0.0376436 0.0515849 0.0633129 0.0101087 0.018146 0.0175112 0.0800011 0.0476891 0.106316
internal_weight=68782.2 42550.7 33731.8 29602.3 18829.5 10772.8 6365.1 4895.8 15830.1 9801.89 4407.7 3188.41 2999.45 1213.08
internal_count=211839 129472 101858 88888 57012 31876 18543 14085 48236 29606 13333 9081 8776 3383
cat_boundaries=0 1 2
cat_threshold=6311952 16
is_linear=0
shrinkage=0.06


Tree=2
num_leaves=15
num_cat=1
split_feature=0 8 5 4 2 3 5 8 5 8 8 5 5 5
split_gain=3897.78 2156.36 1702.94 775.004 802.928 543.474 522.198 363.559 341.168 334.724 250.973 229.133 200.515 430.417
threshold=0 2.9500000476837163 20.958333015441898 0.70074626803398143 0.42930126190185552 69.049999237060561 11.791666507720949 5.4500000476837167 11.791666507720949 6.3166668415069589 1.7333333492279055 19.521871566772464 18.541666984558109 19.958333015441898
decision_type=9 2 2 2 2 2 2 2 2 2 2 2 2 2
left_child=1 10 3 4 5 7 -6 11 -5 -7 -1 -3 -9 -14
right_child=-2 2 -4 8 6 9 -8 12 -10 -11 -12 -13 13 -15
leaf_value=-0.025553374160803638 -0.018488974993998195 -0.0028445120859493436 -0.018768920116421593 -0.008600478601408201 0.014046413520612816 0.034015190628386566 0.066226662426559613 0.017788648523510097 0.015939887832864763 0.078125427975127629 -0.0051354066666856827 0.034611463219082379 0.057789125628503211 0.01556376862591778
leaf_weight=4492.4908585846424 25745.546935468912 3421.5928745567799 4051.8045926094055 2766.642996430397 898.87370717525482 2220.8636821508408 2977.5119685530663 5241.199221432209 7758.8706996738911 858.79847404360771 4187.1535432338715 709.95851492881775 1713.3903607726097 1763.5353693664074
leaf_count=14431 82367 10496 12970 8496 2727 6386 8194 15682 22625 2274 13183 2113 4632 5263
internal_value=-2.42923e-05 0.0110168 0.0177652 0.0226457 0.0296374 0.0236779 0.0541269 0.0182523 0.00948943 0.0463158 -0.0157035 0.00359186 0.0252 0.036372
internal_weight=68808.2 43062.7 34383 30331.2 19805.7 15929.3 3876.39 12849.7 10525.5 3079.66 8679.64 4131.55 8718.12 3476.93
internal_count=211839 129472 101858 88888 57767 46846 10921 38186 31121 8660 27614 12609 25577 9895
cat_boundaries=0 1
cat_threshold=6311952
is_linear=0
shrinkage=0.06


Tree=3
num_leaves=15
num_cat=1
split_feature=0 8 5 4 2 5 3 5 8 5 8 8 8 5
split_gain=3694.58 2002.07 1577.23 656.23 580.635 452.014 398.025 365.454 261.976 271.654 254.991 250.766 247.643 238.82
threshold=0 2.9500000476837163 21.208333015441898 0.56330129504203807 0.42930126190185552 11.791666507720949 69.049999237060561 11.791666507720949 6.1499998569488534 20.208333015441898 4.9500000476837167 6.6333332061767587 1.7333333492279055 18.541666984558109
decision_type=9 2 2 2 2 2 2 2 2 2 2 2 2 2
left_child=1 12 3 4 6 -5 11 -6 -7 13 -8 -3 -1 -10
right_child=-2 2 -4 5 7 8 10 -9 9 -11 -12 -13 -14 -15
leaf_value=-0.02544358417433119 -0.018278072375228323 0.0079571173426491431 -0.024024683924060725 -0.007153873115807537 0.016730623816333126 0.001323569782083357 0.025650896501207311 0.066494482357744314 0.016950106481723702 -0.00018178507907758043 0.058843142161700751 0.027253849316494938 -0.0050084426378264333 0.037456897427872997
leaf_weight=4379.1469929218292 25273.912702143192 4646.0295141935349 3089.1956429481506 3387.7995327711105 707.47933518886566 2798.0613756775856 1685.9642467498779 2132.8783279061317 4353.4285287559032 1637.9108509421349 1647.324743270874 5070.0654286444187 4165.7056119143963 3854.6948765516281
leaf_count=14431 82367 14027 10076 10443 2110 8356 4703 5450 12447 4881 4306 14558 13183 10501
internal_value=-3.35317e-05 0.0105549 0.0169124 0.0208741 0.0295152 0.0123096 0.0241642 0.0540992 0.0175245 0.0221285 0.0420546 0.0180266 -0.0154812 0.0265805
internal_weight=68829.6 43555.7 35010.8 31921.6 15889.7 16031.9 13049.4 2840.36 12644.1 9846.03 3333.29 9716.09 8544.85 8208.12
internal_count=211839 129472 101858 91782 45154 46628 37594 7560 36185 27829 9009 28585 27614 22948
cat_boundaries=0 1
cat_threshold=6311952
is_linear=0
shrinkage=0.06


Tree=4
num_leaves=15
num_cat=2
split_feature=0 8 5 4 2 3 5 0 8 5 5 8 8 8
split_gain=3503.28 1861.13 1464.45 602.31 620.811 445.525 433.143 368.696 256.494 251.237 291.934 274.192 244.245 210.821
threshold=0 2.9500000476837163 21.208333015441898 0.71132373809814464 0.42930126190185552 67.349998474121108 18.541666984558109 1 4.9500000476837167 18.541666984558109 20.208333015441898 4.3666667938232431 1.7333333492279055 16.166666984558109
decision_type=9 2 2 2 2 2 2 9 2 2 2 2 2 2
left_child=1 12 3 4 5 9 -6 13 -7 -3 11 -11 -1 -8
right_child=-2 2 -4 -5 6 8 7 -9 -10 10 -12 -13 -14 -15
leaf_value=-0.025331447821084555 -0.018065713599702962 0.0083480466246928543 -0.023884373055943535 0.0063762248095031301 0.02883656407387299 0.022108398709149685 0.099145326334186795 0.027731905992427926 0.052817835522805529 0.0025662558001178608 0.0089848563295243204 0.043322640625731337 -0.0048839887542310679 0.047770632923105877
leaf_weight=4269.131065517664 24816.150136113167 8571.3916178643703 3015.8631623983383 8772.9116927981377 2946.9050105214119 1918.3670973181725 942.29549470543861 692.93835115432739 1999.8074247837067 745.33299839496613 2666.5824560523033 2931.49027967453 4144.894152700901 413.84244656562805
leaf_count=14431 82367 25381 10076 25513 8103 5244 2092 1768 4962 2195 7914 7638 13183 972
internal_value=-4.14454e-05 0.0101188 0.0161166 0.0198169 0.0247652 0.0197772 0.0435682 0.0647548 0.0377823 0.0150472 0.0240993 0.0350609 -0.0152587 0.0828567
internal_weight=68847.9 44031.8 35617.7 32601.9 23829 18833 4995.98 2049.08 3918.17 14914.8 6343.41 3676.82 8414.03 1356.14
internal_count=211839 129472 101858 91782 66269 53334 12935 4832 10206 43128 17747 9833 27614 3064
cat_boundaries=0 1 2
cat_threshold=6311952 2097152
is_linear=0
shrinkage=0.06


Tree=5
num_leaves=15
num_cat=2
split_feature=0 8 5 4 2 3 5 8 5 1 5 8 5 8
split_gain=3322.76 1731.91 1362.09 537.428 532.898 389.034 369.717 240.782 225.001 256.984 263.74 214.906 206.542 204.806
threshold=0 2.9500000476837163 21.208333015441898 0.71132373809814464 0.42930126190185552 67.349998474121108 11.791666507720949 1.7333333492279055 18.541666984558109 1 20.208333015441898 4.9500000476837167 11.791666507720949 7.2500000000000009
decision_type=9 2 2 2 2 2 2 2 2 1 2 2 2 2
left_child=1 7 3 4 5 8 -6 -1 13 -10 -11 -7 -5 -3
right_child=-2 2 -4 12 6 11 -8 -9 9 10 -12 -13 -14 -15
leaf_value=-0.025216930563164673 -0.017851975408843153 -0.0013221101472988355 -0.023741496938907626 -0.0094037797880858719 0.0095512194254689809 0.020973485402808027 0.048678251608681687 -0.0047620257549452335 0.045034461387687102 0.02829335668987976 0.00060973834620951719 0.048567630192606029 0.011562143293941488 0.017151371853803228
leaf_weight=4162.3463089764118 24371.854207277298 4267.1994231343269 2944.6846491098404 2280.6743378341198 1102.0593752861023 1961.2514872252941 4118.084910184145 4124.6999142765999 1450.2507730126381 2867.7633822262287 2181.1647000014782 2108.2721548974514 6548.3543753921986 4376.0460122227669
leaf_count=14431 82367 12946 10076 7071 3190 5244 9745 13183 3838 7415 6494 4962 18442 12435
internal_value=-4.87046e-05 0.00970523 0.0153708 0.0188335 0.0234183 0.0187993 0.0404179 -0.0150359 0.0143731 0.0228075 0.0163016 0.035269 0.00614632 0.00803095
internal_weight=68864.7 44492.9 36205.8 33261.1 24432.1 19211.9 5220.14 8287.05 15142.4 6499.18 5048.93 4069.52 8829.03 8643.25
internal_count=211839 129472 101858 91782 66269 53334 12935 27614 43128 17747 13909 10206 25513 25381
cat_boundaries=0 1 2
cat_threshold=6311952 16
is_linear=0
shrinkage=0.06


Tree=6
num_leaves=15
num_cat=1
split_feature=0 8 5 4 8 5 5 5 3 8 5 8 5 5
split_gain=3152.5 1613.38 1269.02 492.482 413.395 371.136 288.31 445.468 244.88 237.322 224.132 217.046 220.807 240.191
threshold=0 2.9500000476837163 21.208333015441898 0.56330129504203807 7.3666667938232431 11.791666507720949 20.208333015441898 18.625000000000004 69.299999237060561 1.6833333373069765 19.291666984558109 6.1499998569488534 19.958333015441898 19.041666984558109
decision_type=9 2 2 2 2 2 2 2 2 2 2 2 2 2
left_child=1 9 3 4 8 -5 7 -6 10 -1 -3 -7 13 -13
right_child=-2 2 -4 5 6 11 -8 -9 -10 -11 -12 12 -14 -15
leaf_value=-0.025195424096797259 -0.01763694062726686 0.0035244724981221957 -0.023596057326821834 -0.0071488925073193502 0.030095773055849224 0.00049268475730612012 0.010197748952290038 0.064187083416196819 0.030885984960490109 -0.0047332525255637742 0.030096718839036012 0.016681112872005712 0.0027496201506902588 0.038768485750421022
leaf_weight=4021.5720166862011 23940.629704445601 4837.3343950808048 2875.596742272377 3387.0544403791428 4606.2763755619526 2874.8206179141998 1386.0971811115742 1969.9687375724316 2887.0272631645203 4142.2296233475208 1496.1972151994705 5533.1509143710136 2313.1849708855152 2607.7975828647614
leaf_count=14299 82367 14004 10076 10443 11903 8356 3857 4164 7197 13315 4029 14855 6606 6368
internal_value=-5.48503e-05 0.00931376 0.0146724 0.0179186 0.0250516 0.0105864 0.0350664 0.0403081 0.0164034 -0.0148131 0.00980175 0.0150932 0.0191082 0.0237564
internal_weight=68878.9 44938.3 36774.5 33898.9 17182.9 16716 7962.34 6576.25 9220.56 8163.8 6333.53 13329 10454.1 8140.95
internal_count=211839 129472 101858 91782 45154 46628 19924 16067 25230 27614 18033 36185 27829 21223
cat_boundaries=0 1
cat_threshold=6311952
is_linear=0
shrinkage=0.06


Tree=7
num_leaves=15
num_cat=2
split_feature=0 8 5 4 2 3 5 8 8 8 5 1 5 5
split_gain=2991.5 1504.25 1184.02 444.427 428.269 315.69 289.812 233.785 200.223 178.18 178.043 163.111 194.358 157.698
threshold=0 2.9500000476837163 21.208333015441898 0.71132373809814464 0.42930126190185552 67.349998474121108 11.791666507720949 1.6833333373069765 4.5499999523162851 6.3166668415069589 11.791666507720949 1 19.041666984558109 11.541666507720949
decision_type=9 2 2 2 2 2 2 2 2 2 2 1 2 2
left_child=1 7 3 4 5 8 -6 -1 -3 -7 -5 12 -10 -2
right_child=13 2 -4 10 6 9 -8 -9 11 -11 -12 -13 -14 -15
leaf_value=-0.02507806195161497 -0.025869961176852359 -0.00090829042131791336 -0.023448044151481121 -0.0090634402425920184 0.0086183137110775673 0.022930851226169582 0.042649837100230563 -0.0046143484063201675 0.016052533162077335 0.048971080410051493 0.010455504973037206 0.012787583782185615 0.04921192284585349 -0.014569104802549826
leaf_weight=3921.5126922428608 5950.8460568189621 3004.2759090960026 2808.538183093071 2243.2337849736214 1128.8239016234875 2937.4139765202999 4460.7660901844501 4122.6698161363602 1539.664481908083 1395.2939454615116 6728.3928211331367 9995.1413310468197 1084.6121891736984 17571.245178520679
leaf_count=14299 20838 8904 10076 7071 3190 7295 9745 13315 4263 2911 18442 27334 2627 61529
internal_value=-6.06755e-05 0.00894144 0.0140152 0.0170634 0.021098 0.0169866 0.0357771 -0.0145903 0.0130126 0.0313168 0.00557506 0.0163267 0.0296443 -0.0174207
internal_weight=68892.4 45370.3 37326.2 34517.6 25546 19956.4 5589.59 8044.18 15623.7 4332.71 8971.63 12619.4 2624.28 23522.1
internal_count=211839 129472 101858 91782 66269 53334 12935 27614 43128 10206 25513 34224 6890 82367
cat_boundaries=0 1 2
cat_threshold=6311952 16
is_linear=0
shrinkage=0.06


Tree=8
num_leaves=15
num_cat=1
split_feature=0 8 5 4 8 5 8 5 5 3 8 5 5 3
split_gain=2839.5 1403.83 1106.35 405.923 333.013 318.748 230.194 215.299 425.915 190.1 188.311 199.212 323.569 178.38
threshold=0 2.9500000476837163 21.208333015441898 0.56330129504203807 6.3666667938232431 11.791666507720949 1.6833333373069765 20.208333015441898 19.041666984558109 69.299999237060561 6.1499998569488534 19.708333015441898 19.041666984558109 65.649997711181655
decision_type=9 2 2 2 2 2 2 2 2 2 2 2 2 2
left_child=1 6 3 4 9 -5 -1 8 13 -3 -7 12 -12 -6
right_child=-2 2 -4 5 7 10 -8 -9 -10 -11 11 -13 -14 -15
leaf_value=-0.024958270173937831 -0.017203391755260904 0.0069526624165655478 -0.023297461305602091 -0.0069332955257501031 0.021727856856852145 0.00013633114734791987 -0.0044978863357536996 0.0099604838308306066 0.058754136568538055 0.026303572529826513 0.015133577880863915 0.0044228609249186085 0.042950663413277322 0.047998389766255201
leaf_weight=3824.3916265964508 23115.974876016378 5352.6496602296829 2743.4495145082474 3355.1130935549736 5215.6925550699234 2909.0472124218941 4103.689994931221 1620.1490032076836 1906.3288653492928 2775.1449399292469 5723.7360902130604 3082.9406861066818 2042.5926701128483 1132.5366622507572
leaf_count=14299 82367 15109 10076 10443 13133 8356 13315 4334 3711 6657 14855 8329 4645 2210
internal_value=-6.54261e-05 0.00858862 0.0133981 0.016265 0.0225546 0.00964864 -0.0143677 0.0299581 0.0338832 0.0135598 0.0136923 0.0173271 0.0224496 0.0264146
internal_weight=68903.4 45787.5 37859.4 35115.9 18002.5 17113.4 7928.08 9874.71 8254.56 8127.79 13758.3 10849.3 7766.33 6348.23
internal_count=211839 129472 101858 91782 45154 46628 27614 23388 19054 21766 36185 27829 19500 15343
cat_boundaries=0 1
cat_threshold=6311952
is_linear=0
shrinkage=0.06


Tree=9
num_leaves=15
num_cat=2
split_feature=0 8 5 4 2 5 8 3 8 0 5 5 8 5
split_gain=2695.5 1311.02 1049.29 340.68 385.362 234.497 226.553 207.394 185.558 181.298 160.146 243.775 323.598 154.344
threshold=0 2.9500000476837163 21.458333015441898 0.71132373809814464 0.42930126190185552 17.541666984558109 1.6833333373069765 69.049999237060561 4.5499999523162851 1 11.541666507720949 21.208333015441898 6.9500000476837167 11.541666507720949
decision_type=9 2 2 2 2 2 2 2 2 9 2 2 2 2
left_child=1 6 3 4 7 -6 -1 8 -3 -7 -2 12 -12 -5
right_child=10 2 -4 13 5 9 -8 -9 -10 -11 11 -13 -14 -15
leaf_value=-0.024836032518501534 -0.025697200586026193 -0.0011904465298241279 -0.02979511787855902 -0.0092383792690101836 0.019535659918258862 0.049422945743523766 -0.0043838445495109225 0.02619557352498339 0.014750611747532201 0.0078862063886120416 -0.018515582636099079 -0.028438052538922415 0.00016869209403619654 0.0093383544800072493
leaf_weight=3730.1227387785912 5699.9648344516754 3256.6708917915821 1973.4960291087627 2090.1175955235958 2833.5657063424587 2635.582852512598 4085.2735091149807 4481.8878468871117 13633.630043357611 461.26664105057716 7766.2769709825516 3404.4029638767242 5851.0582387447357 7010.9290087521076
leaf_count=14299 20838 9590 7419 6696 6945 4980 13315 10471 35930 1010 28073 12306 21150 18817
internal_value=-7.00887e-05 0.00825209 0.0128154 0.0151254 0.0184765 0.0320086 -0.0141452 0.0147216 0.011677 0.0434212 -0.016985 -0.0140776 -0.0104874 0.00507208
internal_weight=68914.2 46192.5 38377.1 36403.7 27302.6 5930.42 7815.4 21372.2 16890.3 3096.85 22721.7 17021.7 13617.3 9101.05
internal_count=211839 129472 101858 94439 68926 12935 27614 55991 45520 5990 82367 61529 49223 25513
cat_boundaries=0 1 2
cat_threshold=6311952 2097168
is_linear=0
shrinkage=0.06


Tree=10
num_leaves=15
num_cat=2
split_feature=0 8 5 4 2 8 5 3 8 5 5 8 0 5
split_gain=2559.75 1225.47 990.244 308.186 339.166 222.886 212.211 184.961 170.241 159.659 242.141 313.676 153.464 144.634
threshold=0 2.9500000476837163 21.458333015441898 0.71132373809814464 0.42930126190185552 1.7333333492279055 11.791666507720949 69.049999237060561 4.5499999523162851 11.541666507720949 21.208333015441898 6.9500000476837167 1 11.791666507720949
decision_type=9 2 2 2 2 2 2 2 2 2 2 2 9 2
left_child=1 5 3 4 7 -1 -6 8 -3 -2 11 12 -11 -5
right_child=9 2 -4 13 6 -7 -8 -9 -10 10 -12 -13 -14 -15
leaf_value=-0.02460991933088396 -0.025590530049856328 -0.00115637396840931 -0.029795119839790385 -0.0085548187046606203 0.0071297604091915337 -0.004179813218861371 0.035500710077025537 0.024747907975274479 0.014098357232173208 -0.0079891690421248374 -0.028398904892648347 0.0001636384750700159 -0.025381306701155966 0.0091267895275260816
leaf_weight=3675.0766752660275 5555.3576585054398 3252.7963003516197 1915.562729537487 2189.5169540345669 1174.3301868438721 4030.9495374858379 4949.1676284372807 4600.8448307812214 13836.224945485592 3121.1615117490292 3308.9521906971931 5852.0453184843063 4502.6414221525192 6958.0865273177624
leaf_count=14431 20838 9590 7419 7071 3190 13183 9745 10471 35930 11493 12306 21150 16580 18442
internal_value=-7.3741e-05 0.00793361 0.012268 0.014448 0.0175901 -0.0139231 0.0300599 0.0140696 0.0111947 -0.0167663 -0.0138557 -0.0102847 -0.0183048 0.00489462
internal_weight=68922.7 46582.6 38876.5 36961 27813.4 7706.03 6123.5 21689.9 17089 22340.2 16784.8 13475.8 7623.8 9147.6
internal_count=211839 129472 101858 94439 68926 27614 12935 55991 45520 82367 61529 49223 28073 25513
cat_boundaries=0 1 2
cat_threshold=6311952 8448
is_linear=0
shrinkage=0.06


Tree=11
num_leaves=15
num_cat=2
split_feature=0 8 5 4 2 8 5 5 5 5 8 3 8 0
split_gain=2431.25 1146.25 935.672 283.11 316.8 220.437 179.8 164.807 159.071 240.386 303.974 154.566 160.95 152.255
threshold=0 2.9500000476837163 21.458333015441898 0.70074626803398143 0.42930126190185552 1.5500000119209292 11.791666507720949 18.541666984558109 11.541666507720949 21.208333015441898 6.9500000476837167 69.049999237060561 4.5499999523162851 1
decision_type=9 2 2 2 2 2 2 2 2 2 2 2 2 9
left_child=1 5 3 4 11 -1 -5 -6 -2 10 13 12 -3 -10
right_child=8 2 -4 6 7 -7 -8 -9 9 -11 -12 -13 -14 -15
leaf_value=-0.027260373195997483 -0.025481542248068041 -0.0011821576867320155 -0.029795120249275716 -0.0076812688552500459 0.021026204135495562 -0.0060002816423787159 0.010092494893512742 0.042126746428266137 -0.0078148231085994353 -0.028358684650337168 0.00015873687468334955 0.023414648711870122 0.014050982760972367 -0.025268100255691074
leaf_weight=2752.9389245510101 5414.9970227479935 3115.2317470610142 1859.3301575481892 2651.6413667201996 3063.0843870639801 4846.9341116696596 9014.9791672825813 2358.7263880074024 3096.3255249559879 3216.3033674955368 5853.003403544426 4716.1266250908375 12581.551932603121 4389.7966891527176
leaf_count=11088 20838 9193 7419 8496 6943 16526 23199 3978 11493 12306 21150 10471 32159 16580
internal_value=-7.73005e-05 0.00762999 0.0117507 0.0138105 0.0173138 -0.0137014 0.00605279 0.0302059 -0.0165472 -0.0136349 -0.0100847 0.0138896 0.0110278 -0.0180935
internal_weight=68931 46960.5 39360.7 37501.3 25834.7 7599.87 11666.6 5421.81 21970.4 16555.4 13339.1 20412.9 15696.8 7486.12
internal_count=211839 129472 101858 94439 62744 27614 31695 10921 82367 61529 49223 51823 41352 28073
cat_boundaries=0 1 2
cat_threshold=6311952 8448
is_linear=0
shrinkage=0.06


Tree=12
num_leaves=15
num_cat=3
split_feature=0 8 5 4 2 5 0 8 5 3 5 5 8 0
split_gain=2309.46 1072.83 885.142 256.481 284.529 268.767 235.651 217.646 167.815 162.284 158.398 238.533 294.453 150.979
threshold=0 2.9500000476837163 21.458333015441898 0.70074626803398143 0.3888887763023377 18.541666984558109 1 1.5500000119209292 11.791666507720949 69.049999237060561 11.541666507720949 21.208333015441898 6.9500000476837167 2
decision_type=9 2 2 2 2 2 9 2 2 2 2 2 2 9
left_child=1 7 3 4 9 -6 -7 -1 -5 -3 -2 12 13 -12
right_child=10 2 -4 8 5 6 -8 -9 -10 -11 11 -13 -14 -15
leaf_value=-0.02719032451492184 -0.025370212377934433 0.0089876993870450818 -0.029795118813715833 -0.0075107517612909135 0.016290316834763806 0.048723660195595063 0.014843814414841356 -0.0058570778114707166 0.0096919539927380928 0.021978584755759228 -0.0076429357154889615 -0.028317367522729713 0.00015398274159274402 -0.025152524172509967
leaf_weight=2678.9064774513245 5278.7574809789658 13489.427293151617 1804.7484543174505 2631.3514056801796 4613.9089022278786 2422.2582855522633 1104.900110989809 4817.9382135421038 9106.4236043095589 4656.881567388773 3072.2225268781185 3126.3743428587914 5853.9324939250946 4280.2645534276962
leaf_count=11088 20838 35609 7419 8496 10737 4002 2294 16526 23199 10102 11493 12306 21150 16580
internal_value=-8.0458e-05 0.00734047 0.0112612 0.0132098 0.0165026 0.0258222 0.0382909 -0.0134803 0.00583549 0.0123215 -0.0163273 -0.0134146 -0.00988662 -0.0178808
internal_weight=68938.3 47326.7 39829.9 38025.2 26287.4 8141.07 3527.16 7496.84 11737.8 18146.3 21611.6 16332.8 13206.4 7352.49
internal_count=211839 129472 101858 94439 62744 17033 6296 27614 31695 45711 82367 61529 49223 28073
cat_boundaries=0 1 2 3
cat_threshold=6311952 2097152 8448
is_linear=0
shrinkage=0.06


Tree=13
num_leaves=15
num_cat=1
split_feature=0 8 5 8 4 5 5 7 5 3 3 8 5 5
split_gain=2194.01 1012.81 851.476 408.378 264.497 284.072 295.018 274.156 185.031 175.088 163.756 164.365 167.691 157.64
threshold=0 1.9499999880790713 21.458333015441898 4.4500000476837167 0.69069263339042675 20.708333015441898 19.041666984558109 1.5000000000000002 11.791666507720949 69.049999237060561 67.349998474121108 7.3666667938232431 12.291666507720949 11.541666507720949
decision_type=9 2 2 2 2 2 2 2 2 2 2 2 2 2
left_child=1 -1 3 9 5 6 10 -8 -6 -3 11 -5 -13 -2
right_child=13 2 -4 4 8 -7 7 -9 -10 -11 -12 12 -14 -15
leaf_value=-0.023939217722263016 -0.02525651637904909 -0.0049725114688435219 -0.029795117349463433 0.0017906856128162177 -0.0058032184323713806 -0.0013138905973299566 0.045028028778647755 0.01541524854538818 0.011722676647775029 0.011517768604031914 0.030150320191218036 0.006374638068753974 0.026314067091586839 -0.013194943820371023
leaf_weight=3513.3794140517712 5146.5188656747341 6598.3398314118385 1896.8047940582037 3121.0223355293274 2751.9286890625954 2173.8529675602913 3082.8695248365402 1772.6465423107147 10231.46814250946 3573.1707673370838 2568.7358988821507 2479.3089396953583 3917.7542798519135 16116.698153734207
leaf_count=14708 20838 20025 7901 8391 8746 6259 5783 3699 24991 9554 4843 6306 8266 61529
internal_value=-8.31323e-05 0.00706441 0.00953222 0.0112969 0.0146167 0.0191052 0.0217252 0.034217 0.00800793 0.000820393 0.0167069 0.0130788 0.0185861 -0.0161067
internal_weight=68944.5 47681.3 44167.9 42271.1 32099.6 19116.2 16942.3 4855.52 12983.4 10171.5 12086.8 9518.09 6397.06 21263.2
internal_count=211839 129472 114764 106863 77284 43547 37288 9482 33737 29579 27806 22963 14572 82367
cat_boundaries=0 1
cat_threshold=6311952
is_linear=0
shrinkage=0.06


Tree=14
num_leaves=15
num_cat=1
split_feature=0 8 5 8 4 5 5 7 5 7 3 8 5 5
split_gain=2083.93 960.703 809.255 373.896 243.189 234.211 243.909 215.1 202.836 164.205 163.572 158.042 201.826 277.829
threshold=0 1.9499999880790713 21.458333015441898 4.4500000476837167 0.60172414779663097 20.708333015441898 19.041666984558109 1.5000000000000002 11.791666507720949 1.5000000000000002 69.049999237060561 2.9500000476837163 11.541666507720949 21.208333015441898
decision_type=9 2 2 2 2 2 2 2 2 2 2 2 2 2
left_child=1 -1 3 10 5 6 -5 -8 -6 -10 -3 -2 -13 -14
right_child=11 2 -4 4 8 -7 7 -9 9 -11 -12 12 13 -15
leaf_value=-0.023797340784343916 -0.026496464272949782 -0.004848773155315473 -0.029795119499301113 0.016986789282034905 -0.005473092931577969 -0.00083681666733350399 0.046058991070289268 0.017325386043393523 0.015081952036484518 -0.0020953936006801147 0.011044665713258465 -0.024479880260649775 -0.0051624629582835875 -0.028058206648318422
leaf_weight=3430.2706411331892 4074.3891613781452 6565.6111003756523 1841.1228311657906 10490.465769082308 2941.5313730537891 1866.6150173544884 2341.7320505976677 1564.5418359935284 10916.889141261578 2453.7428205311298 3614.5637165009975 4338.0937311649323 10162.119599163532 2348.9967216551304
leaf_count=14708 16295 20025 7901 23463 9315 5401 4093 3118 25634 6260 9554 18014 38420 9638
internal_value=-8.57981e-05 0.00679907 0.00915399 0.0108312 0.0139678 0.0191597 0.0217524 0.0345506 0.00879143 0.0119296 0.000794337 -0.0158847 -0.013328 -0.0094612
internal_weight=68950.7 48027.1 44596.8 42755.7 32575.5 16263.4 14396.7 3906.27 16312.2 13370.6 10180.2 20923.6 16849.2 12511.1
internal_count=211839 129472 114764 106863 77284 36075 30674 7211 41209 31894 29579 82367 66072 48058
cat_boundaries=0 1
cat_threshold=6311952
is_linear=0
shrinkage=0.06


Tree=15
num_leaves=15
num_cat=3
split_feature=0 8 5 8 5 5 3 1 8 8 5 0 2 8
split_gain=1979.75 911.78 769.814 344.998 246.785 504.423 301.065 223.992 220.045 168.706 237.323 168.617 175.616 157.402
threshold=0 1.9499999880790713 21.458333015441898 4.9500000476837167 20.208333015441898 18.791666984558109 47.399999618530281 1 15.700000286102297 9.0500001907348651 11.791666507720949 2 0.3888887763023377 2.9500000476837163
decision_type=9 2 2 2 2 2 2 1 2 2 2 9 2 2
left_child=1 -1 3 -3 5 6 9 -6 11 -5 -11 12 -7 -2
right_child=13 2 -4 4 7 8 -8 -9 -10 10 -12 -13 -14 -15
leaf_value=-0.02365289727816014 -0.026407893213938115 0.0015529388599742708 -0.029795118656737375 -0.0028719963538421833 0.02667913209193979 0.026578316345145327 0.02411466947115308 -0.0053998349841186373 0.0096366037040826382 -0.0018598438621213974 0.018169496686235985 0.01704706975676237 0.049782090819710349 -0.013107907833639604
leaf_weight=3349.6030980050564 3967.8499855995178 11625.409323483706 1787.0755499154329 4906.1918051838875 973.88116827607155 2141.4341871738434 4384.3244233131409 3840.0045232176781 1800.0735609233379 3342.4407977759838 5869.3267675042152 1741.8385595679283 2599.7393414974213 16626.984152197838
leaf_count=14708 16295 33209 7901 12902 2332 4538 9305 10464 3480 9690 13166 3542 4235 66072
internal_value=-8.81643e-05 0.00654619 0.00879495 0.0103904 0.0136417 0.0158896 0.0103805 0.00113416 0.0281956 0.00611531 0.010902 0.0333487 0.039219 -0.0156627
internal_weight=68956.2 48361.3 45011.7 43224.7 31599.3 26785.4 18502.3 4813.89 8283.09 14118 9211.77 6483.01 4741.17 20594.8
internal_count=211839 129472 114764 106863 73654 60858 45063 12796 15795 35758 22856 12315 8773 82367
cat_boundaries=0 1 2 3
cat_threshold=6311952 16 2097152
is_linear=0
shrinkage=0.06


Tree=16
num_leaves=15
num_cat=1
split_feature=0 8 5 8 4 5 5 7 5 5 8 5 3 8
split_gain=1881.43 869.493 731.253 315.587 206.37 215.719 242.58 193.065 173.639 241.572 287.339 178.466 161.78 155.294
threshold=0 1.9499999880790713 21.458333015441898 4.4500000476837167 0.70074626803398143 20.708333015441898 18.791666984558109 1.5000000000000002 11.541666507720949 21.208333015441898 4.9500000476837167 18.541666984558109 67.349998474121108 12.449999809265138
decision_type=9 2 2 2 2 2 2 2 2 2 2 2 2 2
left_child=8 -2 3 -3 5 6 12 -8 -1 10 -10 13 -5 -12
right_child=1 2 -4 4 -6 -7 7 -9 9 -11 11 -13 -14 -15
leaf_value=-0.025638368244063729 -0.023536826038792525 0.00068948664732646099 -0.029795118669159553 0.0098442397370416216 0.0060037990196169866 -0.0015459568577078447 0.033528060957029197 0.011941757712730709 -0.020187129530218867 -0.028182680058777755 -0.012513300377916614 0.014107371874283273 0.026273012866464857 0.010811928935812639
leaf_weight=4705.5988098531961 3287.4780022203922 10217.15738119185 1734.6148311495781 10574.187395468354 11034.300268441439 2266.0495824217796 4907.0183126926422 2142.9970027506351 4908.4150619357824 2865.2263168692589 4312.0463425517082 1946.1310885250568 2711.0587697923183 1349.026944309473
leaf_count=20331 14778 29632 7901 25435 28554 6517 8382 4285 20049 12281 16541 7349 4775 5029
internal_value=-9.03734e-05 0.006263 0.00841335 0.0099247 0.01273 0.0160138 0.0179706 0.0269665 -0.0155449 -0.0124671 -0.00886927 -0.00156661 0.0131968 -0.00695493
internal_weight=68961.3 48874.9 45587.4 43852.8 33635.6 22601.3 20335.3 7050.02 20086.4 15380.8 12515.6 7607.2 13285.2 5661.07
internal_count=211839 130259 115481 107580 77948 49394 42877 12667 81580 61249 48968 28919 30210 21570
cat_boundaries=0 1
cat_threshold=12032
is_linear=0
shrinkage=0.06


Tree=17
num_leaves=15
num_cat=2
split_feature=0 8 5 8 5 5 3 8 1 5 5 8 5 5
split_gain=1788.02 826.098 696.794 292.163 212.128 428.081 228.235 214.456 203.411 172.554 239.094 278.988 168.312 167.047
threshold=0 1.9499999880790713 21.458333015441898 4.9500000476837167 20.208333015441898 19.041666984558109 45.399999618530281 15.700000286102297 1 11.541666507720949 21.208333015441898 4.9500000476837167 19.208333015441898 18.541666984558109
decision_type=9 2 2 2 2 2 2 2 1 2 2 2 2 2
left_child=9 -2 3 -3 5 6 -5 12 -6 -1 11 -11 -7 -13
right_child=1 2 -4 4 8 7 -8 -9 -10 10 -12 13 -14 -15
leaf_value=-0.025530418574129604 -0.023387777279380604 0.0013911692551098684 -0.029795118403195008 0.0053333063222720141 0.024707098270265238 0.057274036145706829 0.018610300403045572 0.0052217260327105004 -0.0054303886505057738 -0.019991200492251986 -0.028136591339972015 -0.0067966602582136531 0.027805602468890189 0.013492371242055174
leaf_weight=4586.48827663064 3211.0048420727253 11687.636795416474 1683.6941221654415 13232.019418120384 1009.4805735647678 806.46241256594658 7195.8472977876663 1339.926549077034 3844.832492172718 4810.3218160569668 2785.6038306206465 5622.1163452267647 5176.3935681283474 1973.7805079519749
leaf_count=20331 14778 33263 7901 32938 2332 1252 15286 2599 10464 20049 12281 21570 9446 7349
internal_value=-9.22266e-05 0.006034 0.00809015 0.00953028 0.0124478 0.014472 0.0100102 0.0269186 0.000876575 -0.015323 -0.0122515 -0.00868474 0.0317778 -0.00152459
internal_weight=68965.6 49187.3 45976.3 44292.6 32605 27750.6 20427.9 7322.78 4854.31 19778.3 15191.8 12406.2 5982.86 7595.9
internal_count=211839 130259 115481 107580 74317 61521 48224 13297 12796 81580 61249 48968 10698 28919
cat_boundaries=0 1 2
cat_threshold=12032 16
is_linear=0
shrinkage=0.06


Tree=18
num_leaves=15
num_cat=2
split_feature=0 8 5 8 5 5 2 3 5 8 1 8 5 5
split_gain=1699.46 781.719 665.915 271.132 231.502 317.778 225.228 203.564 228.607 180.736 157.584 157.232 197.075 267.846
threshold=0 1.9499999880790713 21.458333015441898 6.1499998569488534 20.208333015441898 18.541666984558109 0.22222281992435458 69.299999237060561 19.291666984558109 15.700000286102297 1 2.9500000476837163 11.541666507720949 21.208333015441898
decision_type=9 2 2 2 2 2 2 2 2 2 1 2 2 2
left_child=1 -1 3 7 5 6 -5 8 -3 -7 -6 -2 -13 -14
right_child=11 2 -4 4 10 9 -8 -9 -10 -11 -12 12 13 -15
leaf_value=-0.023203731257640314 -0.026158990845060275 -0.0066651313820471113 -0.029795118790074682 0.028440472956441566 0.02257628832960808 0.028756164847082374 0.0069081263362631368 0.0134847267566101 0.011639482425730669 0.0079545456198574036 -0.0059939099536457105 -0.023999285563375185 -0.0044227215690906888 -0.027880354488452951
leaf_weight=3121.3460503071547 3696.2407266497612 8186.5156528353691 1634.2682830691338 2020.3109096884727 864.67483067512512 6832.5744342207909 13013.127507567406 4815.1282232999802 3509.0962068736553 1927.9641856849194 3373.4396883845329 3978.375669836998 9865.8397146612406 2130.8116005659103
leaf_count=14708 16295 23518 7901 4013 1950 11870 31501 11614 9545 3613 9239 18014 38420 9638
internal_value=-9.39944e-05 0.00585553 0.00782106 0.00920119 0.0127938 0.015095 0.00980181 0.00310165 -0.0011731 0.0241783 -0.000125792 -0.0149995 -0.0124269 -0.0085892
internal_weight=68969.7 49298.4 46177.1 44542.8 28032.1 23794 15033.4 16510.7 11695.6 8760.54 4238.11 19671.3 15975 11996.7
internal_count=211839 129472 114764 106863 62186 50997 35514 44677 33063 15483 11189 82367 66072 48058
cat_boundaries=0 1 2
cat_threshold=6311952 16
is_linear=0
shrinkage=0.06


Tree=19
num_leaves=15
num_cat=2
split_feature=0 8 5 8 3 5 5 8 0 5 5 5 3 5
split_gain=1615.36 746.654 634.055 254.174 182.808 170.495 234.222 267.936 161.562 156.776 161.028 156.311 144.186 130.923
threshold=0 1.9499999880790713 21.458333015441898 4.4500000476837167 36.250000000000007 11.541666507720949 21.208333015441898 6.9500000476837167 1 20.708333015441898 18.791666984558109 11.791666507720949 69.049999237060561 19.521871566772464
decision_type=9 2 2 2 2 2 2 2 9 2 2 2 2 2
left_child=5 -2 3 12 11 -1 7 8 -7 10 -6 -5 13 -3
right_child=1 2 -4 4 9 6 -8 -9 -10 -11 -12 -13 -14 -15
leaf_value=-0.025312557800069312 -0.023082088882730847 -0.009997763029444242 -0.029795118518453213 -0.0057142790614604921 0.013281860600988146 -0.0055167026856641583 -0.028041677669685062 0.0013303831841452241 -0.024579722139973999 -0.00077463543394342164 0.026191701944341329 0.0094373927028851643 0.0099564486403410941 0.0090745754369106826
leaf_weight=4363.5775459855795 3064.7864269763231 4788.5186045467854 1586.2932694852352 2970.9928630590439 10844.353837952018 2802.2902444452047 2634.8204385340214 5603.765107691288 3786.0588237345219 1908.1005721688271 5120.705169737339 14008.942819744349 3713.5139876902103 1776.3968595862389
leaf_count=20331 14778 14836 7901 9317 23339 11493 12281 21015 16460 5522 8366 31404 9554 5242
internal_value=-9.54597e-05 0.00560564 0.00748882 0.00879928 0.0112445 -0.01488 -0.0118197 -0.00831402 -0.0165171 0.0154799 0.0174226 0.00678629 0.000507761 -0.00483699
internal_weight=68973.1 49782.6 46717.8 45131.5 34853.1 19190.5 14826.9 12192.1 6588.35 17873.2 15965.1 16979.9 10278.4 6564.92
internal_count=211839 130259 115481 107580 77948 81580 61249 48968 27953 37227 31705 40721 29632 20078
cat_boundaries=0 1 2
cat_threshold=12032 8448
is_linear=0
shrinkage=0.06


Tree=20
num_leaves=15
num_cat=2
split_feature=0 8 5 8 5 5 3 1 5 5 8 5 8 8
split_gain=1535.21 710.202 605.428 234.82 175.534 328.313 210.889 173.043 169.151 231.507 261.491 156.003 147.048 143.359
threshold=0 1.9499999880790713 21.458333015441898 4.9500000476837167 20.208333015441898 18.791666984558109 67.349998474121108 1 11.541666507720949 21.208333015441898 4.9500000476837167 18.541666984558109 12.449999809265138 15.700000286102297
decision_type=9 2 2 2 2 2 2 1 2 2 2 2 2 2
left_child=8 -2 3 -3 5 6 -5 -6 -1 10 -10 12 -12 -7
right_child=1 2 -4 4 7 13 -8 -9 9 -11 11 -13 -14 -15
leaf_value=-0.025197643619733676 -0.022925335836649473 0.0011631832215204777 -0.029795119187751878 0.0059815221933126207 0.02177326141530234 0.02590485373599884 0.024481752805952196 -0.0054259803684159127 -0.019465442904330908 -0.027991812790611227 -0.011995931756865289 0.013144664682900252 0.010774469105120034 0.0074398600694396567
leaf_weight=4254.5103796869516 2994.8549313396215 11773.707809954882 1539.7266853153706 17041.398952335119 1067.4810319244862 7349.4112338721752 2550.1469990611076 3844.1351641118526 4565.4873947799206 2561.9619837105274 4186.7085262537003 1989.7632026672363 1350.2725627422333 1906.2720941007137
leaf_count=20331 14778 33263 7901 41683 2332 12315 4043 10464 20049 12281 16541 7349 5029 3480
internal_value=-9.66319e-05 0.0054045 0.00720806 0.00845936 0.011004 0.0127892 0.00838962 0.000518732 -0.0146578 -0.0116078 -0.00813658 -0.00126485 -0.00644304 0.0221019
internal_weight=68975.8 50067.1 47072.3 45532.6 33758.8 28847.2 19591.5 4911.62 18908.7 14654.2 12092.2 7526.74 5536.98 9255.68
internal_count=211839 130259 115481 107580 74317 61521 45726 12796 81580 61249 48968 28919 21570 15795
cat_boundaries=0 1 2
cat_threshold=12032 16
is_linear=0
shrinkage=0.06


Tree=21
num_leaves=15
num_cat=2
split_feature=0 8 5 8 5 5 2 3 5 1 8 5 5 5
split_gain=1459.05 672.69 580.132 223.942 192.942 302.479 188.607 176.084 207.612 167.813 157.121 189.109 254.225 181.322
threshold=0 1.7333333492279055 21.458333015441898 6.1499998569488534 19.958333015441898 18.541666984558109 0.24893803149461749 69.299999237060561 19.291666984558109 1 2.9500000476837163 11.541666507720949 21.208333015441898 18.541666984558109
decision_type=9 2 2 2 2 2 2 2 2 1 2 2 2 2
left_child=1 -1 3 7 5 6 -5 8 -3 -6 -2 -12 13 -13
right_child=10 2 -4 4 9 -7 -8 -9 -10 -11 11 12 -14 -15
leaf_value=-0.02309357056014838 -0.02590508150094176 -0.0066414182559717773 -0.029795119769921708 0.023309202009226024 0.020914741510182782 0.023085296791104073 0.0057478653248587723 0.012086689333458068 0.010627295222318605 -0.0043835042003998242 -0.023563841470854885 -0.0090513797815493739 -0.027712745974211469 0.009338885411341433
leaf_weight=2843.5222258120775 3454.9808243662119 8188.4969083964825 1497.5204478949308 2660.1225441992283 1200.9666953384876 8111.8500923216343 12773.660403460264 4992.0481789708138 3611.8081010878086 4271.8198037445545 3700.3648590147495 7054.6586482971907 1959.3035679161549 2657.0243948400021
leaf_count=14431 16295 23624 7913 5067 2490 13063 30447 11731 9587 11119 18014 28347 9638 10073
internal_value=-9.76261e-05 0.00524903 0.0069537 0.00815499 0.0113462 0.0137049 0.00877469 0.00264036 -0.00135585 0.00119823 -0.0143358 -0.0117448 -0.00799748 -0.00401998
internal_weight=68978.1 50151.8 47308.3 45810.8 29018.4 23545.6 15433.8 16792.4 11800.3 5472.79 18826.3 15371.4 11671 9711.68
internal_count=211839 129472 115041 107128 62186 48577 35514 44942 33211 13609 82367 66072 48058 38420
cat_boundaries=0 1 2
cat_threshold=6311952 16
is_linear=0
shrinkage=0.06


Tree=22
num_leaves=15
num_cat=2
split_feature=0 8 5 8 5 5 8 4 0 5 8 5 3 5
split_gain=1387.24 643.529 553.086 206.444 166.585 226.168 249.441 162.087 140.249 137.394 140.766 127.423 127.143 126.848
threshold=0 1.9499999880790713 21.458333015441898 4.4500000476837167 11.541666507720949 21.208333015441898 4.9500000476837167 0.56330129504203807 1 18.541666984558109 12.449999809265138 20.958333015441898 69.049999237060561 18.541666984558109
decision_type=9 2 2 2 2 2 2 2 9 2 2 2 2 2
left_child=4 -2 3 12 -1 6 -6 11 13 10 -8 -5 -3 -9
right_child=1 2 -4 7 5 -7 9 8 -10 -11 -12 -13 -14 -15
leaf_value=-0.024966380709217504 -0.022606187113393982 -0.004720393994300312 -0.029795117653964448 0.015299433517303349 -0.019101552227303954 -0.027889245808269108 -0.011617337823863831 0.0036609095027393145 -0.0016775440817943703 0.012189997716456005 0.010704624503956088 -0.0050740655980323554 0.0090855201097472509 0.016028179336958794
leaf_weight=4050.7476767748594 2861.9000259339809 6534.3888323605061 1450.6542777568102 16949.320296898484 4410.1282706260681 2424.087220698595 4099.510212033987 6165.7050821185112 5878.4151955842972 2035.0069285035133 1352.6011842787266 1182.231234639883 3796.6969419121742 5788.7584458887577
leaf_count=20331 14778 20078 7901 32606 20049 12281 16541 14904 15446 7349 5029 3729 9554 11263
internal_value=-9.84889e-05 0.00502833 0.0066858 0.00782891 -0.0142159 -0.0111851 -0.00778162 0.00997634 0.00591476 -0.00111386 -0.00607954 0.013971 0.00035331 0.0096415
internal_weight=68980.2 50608.1 47746.2 46295.5 18372.1 14321.3 11897.2 35964.4 17832.9 7487.12 5452.11 18131.6 10331.1 11954.5
internal_count=211839 130259 115481 107580 81580 61249 48968 77948 41613 28919 21570 36335 29632 26167
cat_boundaries=0 1 2
cat_threshold=12032 2097152
is_linear=0
shrinkage=0.06


Tree=23
num_leaves=15
num_cat=1
split_feature=0 8 5 8 5 5 5 5 8 3 5 3 5 8
split_gain=1318.36 613.107 529.552 194.347 171.661 212.166 165.189 218.913 236.179 156.747 208.44 148.587 141.237 152.945
threshold=0 1.7333333492279055 21.458333015441898 6.1499998569488534 20.208333015441898 18.541666984558109 11.291666507720949 21.208333015441898 4.9500000476837167 69.049999237060561 19.291666984558109 65.649997711181655 16.791666984558109 12.449999809265138
decision_type=9 2 2 2 2 2 2 2 2 2 2 2 2 2
left_child=6 -2 3 9 5 11 -1 8 -8 10 -3 -5 13 -10
right_child=1 2 -4 4 -6 -7 7 -9 12 -11 -12 -13 -14 -15
leaf_value=-0.025356229356418857 -0.02281280084993114 -0.0071378508791423139 -0.029795118518493632 0.0060764717432362624 -0.00063925332298486498 0.019331952206186991 -0.018971747220194436 -0.027835342917109592 -0.015194994080055134 0.010709653109803543 0.01027154106763618 0.025224049937677032 0.0083805279345610991 0.0088903370429462801
leaf_weight=3676.5948604792356 2729.179671600461 7812.3278162330389 1410.9100468754768 14232.265685707331 4312.7514528334141 9624.7546449005604 4379.4120494574308 2357.4153572767973 3262.9861722141504 5494.7600399404764 3624.4099814891815 1625.6516252160072 3099.358084782958 1338.4874933212996
leaf_count=18921 14496 22882 7913 33871 11189 15483 20322 12281 13424 12634 9511 2280 11532 5100
internal_value=-9.89682e-05 0.0048511 0.00642051 0.00751404 0.010431 0.0123045 -0.0139943 -0.0111106 -0.00784689 0.00238089 -0.00162065 0.00803936 -0.00152025 -0.008189
internal_weight=68981.3 50867 48137.8 46726.9 29795.4 25482.7 18114.3 14437.7 12080.2 16931.5 11436.7 15857.9 7700.83 4601.47
internal_count=211839 130259 115763 107850 62823 51634 81580 62659 50378 45027 32393 36151 30056 18524
cat_boundaries=0 1
cat_threshold=12032
is_linear=0
shrinkage=0.06


Tree=24
num_leaves=15
num_cat=2
split_feature=0 8 5 8 5 5 8 5 5 3 5 3 0 5
split_gain=1254.35 662.82 502.447 185.249 207.098 253.405 168.67 206.14 219.039 180.188 245.116 174.921 139.912 129.68
threshold=0 1.7333333492279055 21.458333015441898 4.9500000476837167 11.541666507720949 21.208333015441898 7.4166667461395273 19.958333015441898 12.291666507720949 69.299999237060561 19.291666984558109 67.349998474121108 1 16.791666984558109
decision_type=9 2 2 2 2 2 2 2 2 2 2 2 9 2
left_child=3 -2 6 -1 -5 13 9 8 11 10 -3 -8 -10 -6
right_child=1 2 -4 4 5 -7 7 -9 12 -11 -12 -13 -14 -15
leaf_value=-0.024466601125055991 -0.023240619579131216 -0.0050106563067673499 -0.029795118085187231 -0.024661191322894443 -0.0081419339285058682 -0.027514076761554519 -0.00021592760004294717 -0.00096647441216019707 0.018701293591349845 0.01214794913040263 0.011192619370347344 0.027671397225578626 -0.0002766167402003578 0.0084298589088268316
leaf_weight=4898.1731144487858 2953.0859569609165 11234.538773268461 1371.7360888123512 2793.1827954947948 3871.0240533351898 1578.2268532812595 5762.8351501971483 4838.7292032837868 13504.070944368839 5838.7717645168304 4795.7270159125328 942.07903468608856 1569.2790572941303 3031.0023663341999
leaf_count=24236 15851 32516 7925 14678 15466 8439 15865 11933 24055 13273 11871 1240 3329 11162
internal_value=-9.94837e-05 0.00437805 0.00601479 -0.0147152 -0.0104913 -0.00582414 0.0070279 0.0102356 0.0127245 0.00312375 -0.00016317 0.0037024 0.0167377 -0.000864485
internal_weight=68982.5 52810.9 49857.8 16171.6 11273.4 8480.25 48486 26617 21778.3 21869 16030.3 6704.91 15073.4 6902.03
internal_count=211839 137858 122007 73981 49745 35067 114082 56422 44489 57660 44387 17105 27384 26628
cat_boundaries=0 1 2
cat_threshold=3840 2097168
is_linear=0
shrinkage=0.06


Tree=25
num_leaves=15
num_cat=2
split_feature=0 8 5 8 5 5 8 4 5 5 8 2 0 5
split_gain=1193.44 632.291 481.326 183.357 203.208 247.007 161.63 160.012 134.272 122.141 168.966 112.358 113.677 203.527
threshold=0 1.7333333492279055 21.458333015441898 4.9500000476837167 11.541666507720949 21.208333015441898 3.6833333969116215 0.60172414779663097 11.541666507720949 16.791666984558109 12.700000286102297 0.074395883828401579 1 19.791666984558109
decision_type=9 2 2 2 2 2 2 2 2 2 2 2 9 2
left_child=3 -2 6 -1 -5 9 11 -8 -9 10 -6 -3 13 -13
right_child=1 2 -4 4 5 -7 7 8 -10 -11 -12 12 -14 -15
leaf_value=-0.024334622447528497 -0.023086504722426737 0.018194340195643411 -0.029795118078304036 -0.024533006563827613 -0.016440391025602935 -0.027450444338962873 0.011905475635616457 -0.0072658164116287264 0.006518255910169822 0.0081089829694930213 0.010726702986449867 -0.016859348922715151 0.0056261231613812341 0.013956824231092804
leaf_weight=4779.7856296151876 2885.2457582354546 977.96478851139545 1331.4679531306028 2725.1420704722404 2641.7614343464375 1535.3953424692154 21315.955541700125 3015.8058666437864 16265.081784471869 3056.6614048928022 1197.8731243312359 3310.3559758812189 2939.0201017856598 1006.0353519618511
leaf_count=24236 15851 3090 7925 14678 11063 8439 43780 9633 35804 11162 4403 9827 9002 2946
internal_value=-9.99524e-05 0.004226 0.00579782 -0.0144929 -0.0102896 -0.00568608 0.00676835 0.00832292 0.00436223 -0.000840443 -0.00796491 -0.000896888 -0.00347022 -0.00965456
internal_weight=68983.6 53046.9 50161.7 15936.6 11156.8 8431.69 48830.2 40596.8 19280.9 6896.3 3839.63 8233.38 7255.41 4316.39
internal_count=211839 137858 122007 73981 49745 35067 114082 89217 45437 26628 15466 24865 21775 12773
cat_boundaries=0 1 2
cat_threshold=3840 2097168
is_linear=0
shrinkage=0.06


Tree=26
num_leaves=15
num_cat=2
split_feature=0 8 5 8 5 5 8 7 5 5 3 5 1 5
split_gain=1135.51 603.477 461.998 181.37 199.282 240.695 152.35 143.253 252.499 142.832 117.202 153.476 115.985 115.084
threshold=0 1.6833333373069765 21.458333015441898 4.9500000476837167 11.541666507720949 21.208333015441898 4.9500000476837167 1.5000000000000002 19.041666984558109 19.708333015441898 69.049999237060561 19.521871566772464 1 16.791666984558109
decision_type=9 2 2 2 2 2 2 2 2 2 2 2 1 2
left_child=3 -2 6 -1 -5 13 10 8 -8 -10 11 -3 -11 -6
right_child=1 2 -4 4 5 -7 7 -9 9 12 -12 -13 -14 -15
leaf_value=-0.024200113253062098 -0.023065735821559009 -0.0085097747046446494 -0.029795118498394727 -0.024402315209690224 -0.0077920935537566976 -0.027385190708551846 0.0067586055848351664 0.0013573874822698526 0.026334212722822648 0.026200220339914124 0.0086130260119488006 0.0098446852814745248 0.0040995851710990093 0.0078028614522664321
leaf_weight=4664.8751816302538 2793.4211595952511 5919.2843417525291 1294.7434796839952 2659.099481523037 3809.4762660264969 1493.8212148994207 19927.655081883073 7940.9342320859432 4561.892984688282 1223.601813942194 4519.0415894538164 2268.628790140152 2825.9578821361065 3081.5484538376331
leaf_count=24236 15719 19131 7937 14678 15466 8439 44753 17971 6371 2303 11198 6252 6223 11162
internal_value=-0.000100138 0.00408028 0.00558322 -0.0142712 -0.0100902 -0.00555138 0.00651448 0.00848527 0.0104686 0.0190538 0.0008566 -0.0034243 0.0108523 -0.000818296
internal_weight=68984 53275.2 50481.7 15708.8 11043.9 8384.85 49187 36480 28539.1 8611.45 12707 8187.91 4049.56 6891.02
internal_count=211839 137858 122139 73981 49745 35067 114202 77621 59650 14897 36581 25383 8526 26628
cat_boundaries=0 1 2
cat_threshold=3840 16
is_linear=0
shrinkage=0.06


Tree=27
num_leaves=15
num_cat=2
split_feature=0 8 5 8 5 5 8 4 5 5 8 5 2 0
split_gain=1080.26 576.018 443.007 179.318 195.358 234.513 143.04 148.814 123.415 108.42 162.543 107.907 103.802 107.423
threshold=0 1.6833333373069765 21.458333015441898 4.9500000476837167 11.541666507720949 21.208333015441898 3.6833333969116215 0.60172414779663097 11.041666507720949 16.791666984558109 12.700000286102297 20.958333015441898 0.074395883828401579 1
decision_type=9 2 2 2 2 2 2 2 2 2 2 2 2 9
left_child=3 -2 6 -1 -5 9 12 11 -9 10 -6 -8 -3 -14
right_child=1 2 -4 4 5 -7 7 8 -10 -11 -12 -13 13 -15
leaf_value=-0.024063061482520454 -0.022908713476717735 0.017177297417994009 -0.029795116912420986 -0.024269099285871926 -0.016112820649626373 -0.027318283728648304 0.01221299440339794 -0.0087334110948917004 0.0057184463301601755 0.0075106317384484407 0.010607963119110195 -0.0055155717945449319 -0.0094712827294987818 0.0053625716705161938
leaf_weight=4553.3397641181946 2729.7263303101063 1001.6942807585001 1256.735475346446 2594.9967037886381 2578.5143687278032 1453.4677513092756 20399.488280117512 2429.4325964152813 17103.774550288916 3105.6875421255827 1201.3934844434261 1315.6753336191177 4298.9284186810255 2961.1267527490854
leaf_count=24236 15719 3109 7937 14678 11063 8439 39713 7814 37623 11162 4403 4067 12874 9002
internal_value=-0.000100137 0.0039401 0.00538453 -0.0140494 -0.00989217 -0.00541828 0.00627751 0.00772084 0.003921 -0.000795447 -0.00761997 0.0111389 -0.000928593 -0.00342672
internal_weight=68984 53496.6 50766.9 15487.4 10934.1 8339.06 49510.1 41248.4 19533.2 6885.6 3779.91 21715.2 8261.75 7260.06
internal_count=211839 137858 122139 73981 49745 35067 114202 89217 45437 26628 15466 43780 24985 21876
cat_boundaries=0 1 2
cat_threshold=3840 2097168
is_linear=0
shrinkage=0.06


Tree=28
num_leaves=15
num_cat=1
split_feature=0 8 5 8 8 5 5 5 8 4 5 5 7 3
split_gain=1029.35 480.854 439.378 169.555 152.686 169.883 221.92 146.224 152.025 143.661 114.492 118.312 120.471 105.634
threshold=0 1.5500000119209292 21.458333015441898 3.6833333969116215 2.9500000476837163 11.541666507720949 21.208333015441898 18.541666984558109 12.150000095367433 0.70074626803398143 20.708333015441898 19.041666984558109 1.5000000000000002 69.299999237060561
decision_type=9 2 2 2 2 2 2 2 2 2 2 2 2 2
left_child=1 -1 3 -3 -2 -6 7 8 13 10 11 -5 -13 -7
right_child=4 2 -4 9 5 6 -8 -9 -10 -11 -12 12 -14 -15
leaf_value=-0.026003155578688087 -0.025248016352446837 -0.0016862019804069269 -0.029795118992470036 0.0086260736281261446 -0.022511526261900741 -0.013683378179128654 -0.027273219777534843 0.0085360369397877202 0.0096402600866497008 0.0024341282625162555 -0.002091242957976476 0.022611822487910417 0.0065446761465222068 0.053908867065304705
leaf_weight=1840.2087485790253 2955.7284812480211 8290.180844604969 1257.1643141806126 17515.489944308996 3165.7462098747492 5224.7615099102259 1617.8287347108126 2712.6758323609829 1396.7153975367546 12654.655118316412 2504.0540093183517 5305.5186170637608 2458.4619078040123 84.583786144852638
leaf_count=11088 16295 25794 8152 35187 18014 22947 9638 10073 5048 30323 6998 7550 4380 352
internal_value=-0.000100048 0.00411736 0.00522706 0.00613061 -0.0128336 -0.010259 -0.00674447 -0.00321831 -0.00797307 0.00773313 0.0101467 0.0113589 0.0175242 -0.0126066
internal_weight=68983.8 51825.7 49985.5 48728.4 17158 14202.3 11036.6 9418.74 6706.06 40438.2 27783.5 25279.5 7763.98 5309.35
internal_count=211839 129472 118384 110232 82367 66072 48058 38420 28347 84438 54115 47117 11930 23299
cat_boundaries=0 1
cat_threshold=6311952
is_linear=0
shrinkage=0.06


Tree=29
num_leaves=15
num_cat=1
split_feature=0 8 5 8 5 5 8 5 5 3 5 3 5 8
split_gain=982.014 531.527 417.91 177.346 189.725 221.266 144.326 177.984 174.922 153.258 221.229 149.861 136.877 145.806
threshold=0 1.5500000119209292 21.458333015441898 3.9500000476837163 11.541666507720949 21.208333015441898 7.4166667461395273 19.958333015441898 12.291666507720949 69.299999237060561 19.291666984558109 48.500000000000007 18.541666984558109 7.9500000476837167
decision_type=9 2 2 2 2 2 2 2 2 2 2 2 2 2
left_child=3 -2 6 -1 -5 12 9 8 11 10 -3 -8 13 -6
right_child=1 2 -4 4 5 -7 7 -9 -10 -11 -12 -13 -14 -15
leaf_value=-0.025722731658609034 -0.026250839898690204 -0.0054492815980174301 -0.029795116618457955 -0.024292222896023428 -0.020078208607755582 -0.027340989878321498 -0.0019119175045800897 -0.0016770288811423864 0.014322629086509296 0.010243033190589121 0.0094699136567263156 0.019280824409204467 0.010027975541267978 0.00057571149464380185
leaf_weight=3388.6760538071394 2053.4503888934851 11498.557422146201 1222.1979559063911 2638.6110191494226 1994.4612281918526 1466.9151432216167 5324.9266895651817 4961.0056964457035 15898.49981969595 6195.9903039187193 5194.5456659942865 1551.1062113642693 2382.034875780344 3212.2930390834808
leaf_count=19062 12485 33552 8164 15640 9310 8988 14301 11933 27384 14069 13166 2804 8425 12556
internal_value=-9.98319e-05 0.00368747 0.00487393 -0.0136275 -0.0101343 -0.00600901 0.00571092 0.00862123 0.0108645 0.00218439 -0.000806739 0.00286877 -0.00188553 -0.00733583
internal_weight=68983.3 53900.3 51846.8 15083 11694.3 9055.7 50624.6 27735.5 22774.5 22889.1 16693.1 6876.03 7588.79 5206.75
internal_count=211839 137858 125373 73981 54919 39279 117209 56422 44489 60787 46718 17105 30291 21866
cat_boundaries=0 1
cat_threshold=3840
is_linear=0
shrinkage=0.06


Tree=30
num_leaves=15
num_cat=3
split_feature=0 8 5 8 5 5 8 4 5 8 0 3 2 0
split_gain=934.039 509.587 401.337 175.503 186.051 215.888 138.445 130.013 128.752 141.059 110.358 103.503 100.243 107.814
threshold=0 1.5500000119209292 21.458333015441898 3.9500000476837163 11.541666507720949 21.208333015441898 3.6833333969116215 0.62678572535514843 18.541666984558109 7.9500000476837167 1 65.450000762939467 0.074395883828401579 2
decision_type=9 2 2 2 2 2 2 2 2 2 9 2 2 9
left_child=3 -2 6 -1 -5 8 12 -8 9 -6 -9 -10 -3 -14
right_child=1 2 -4 4 5 -7 7 10 11 -11 -12 -13 13 -15
leaf_value=-0.025616619592016745 -0.026156567076424105 0.015336223671825541 -0.029795118914869304 -0.024156909317102418 -0.019881139081631166 -0.027272963555300695 0.010070103271741623 0.0066858578895948144 0.0076834373351336869 0.00055823115464216221 -0.0027034886563537166 0.089163388560841078 -0.0094822172819054844 0.0051019428280246774
leaf_weight=3302.6215934753418 2000.2469130307436 1130.3009885698557 1186.3195254057646 2575.2855574786663 1954.8153607696295 1427.3516454398632 22362.048095941544 12826.771380543709 2348.5430850088596 3214.1428973972797 6940.5582888275385 57.499041229486465 4673.4251523315907 2983.3166038542986
leaf_count=19062 12485 3747 8164 15640 9310 8988 43955 26471 8215 12556 18791 210 15224 9021
internal_value=-9.98209e-05 0.00356205 0.00470364 -0.0134074 -0.00993614 -0.00586804 0.00550744 0.0069363 -0.00183472 -0.0071716 0.00339115 0.00963063 -0.00134323 -0.00380547
internal_weight=68983.2 54103 52102.7 14880.3 11577.6 9002.35 50916.4 42129.4 7575 5168.96 19767.3 2406.04 8787.04 7656.74
internal_count=211839 137858 125373 73981 54919 39279 117209 89217 30291 21866 45262 8425 27992 24245
cat_boundaries=0 1 2 3
cat_threshold=3840 2097152 2097168
is_linear=0
shrinkage=0.06


Tree=31
num_leaves=15
num_cat=1
split_feature=0 8 5 8 5 5 8 5 8 7 5 8 5 3
split_gain=888.406 488.667 385.577 173.582 182.422 206.462 129.207 126.282 134.496 122.025 206.745 123.921 104.223 97.3704
threshold=0 1.5500000119209292 21.458333015441898 3.9500000476837163 11.291666507720949 21.208333015441898 4.9500000476837167 18.541666984558109 12.700000286102297 1.5000000000000002 19.041666984558109 15.700000286102297 19.208333015441898 69.049999237060561
decision_type=9 2 2 2 2 2 2 2 2 2 2 2 2 2
left_child=3 -2 6 -1 -5 7 13 8 -6 10 -8 12 -12 -3
right_child=1 2 -4 4 5 -7 9 -9 -10 -11 11 -13 -14 -15
leaf_value=-0.02550819774179269 -0.026060139788780808 -0.0035920533422421205 -0.02979511827728442 -0.024673555713907985 -0.013229244518172669 -0.02720323126604246 0.0055594931756646959 0.0092496504877793533 0.0080489039930489309 0.00059480140081095848 0.038240929710861675 0.00049055704059192129 0.016870779355208438 0.0070922844844494553
leaf_weight=3219.094024643302 1948.6056866496801 8565.4865680634975 1151.4944037348032 2343.0347664356232 3817.486650288105 1388.9495651721954 20603.535771399736 2429.5188441127539 1485.5715373158455 8140.1991756409407 936.56233331561089 1473.9641698896885 6692.2531387507915 4786.6748055517673
leaf_count=19062 12485 27618 8164 14601 17346 8988 44753 8425 5559 17971 1104 2644 11149 11970
internal_value=-9.94702e-05 0.00344179 0.00454059 -0.0131881 -0.00974027 -0.00590438 0.00531282 -0.00207861 -0.00726849 0.00710313 0.00888656 0.0164171 0.0194943 0.000238222
internal_weight=68982.4 54298.8 52350.2 14683.7 11464.6 9121.53 51198.7 7732.58 5303.06 37846.5 29706.3 9102.78 7628.82 13352.2
internal_count=211839 137858 125373 73981 54919 40318 117209 31330 22905 77621 59650 14897 12253 39588
cat_boundaries=0 1
cat_threshold=3840
is_linear=0
shrinkage=0.06


Tree=32
num_leaves=15
num_cat=1
split_feature=0 8 5 8 5 5 8 5 5 3 5 5 8 3
split_gain=844.865 468.686 370.563 171.598 179.105 207.031 122.242 160.758 153.216 134.918 207.908 111.852 136.116 107.612
threshold=0 1.5500000119209292 21.458333015441898 3.9500000476837163 11.625000000000002 21.208333015441898 7.4166667461395273 19.958333015441898 11.041666507720949 69.299999237060561 19.291666984558109 18.541666984558109 7.9500000476837167 45.399999618530281
decision_type=9 2 2 2 2 2 2 2 2 2 2 2 2 2
left_child=3 -2 6 -1 -5 11 9 8 -8 10 -3 12 -6 -10
right_child=1 2 -4 4 5 -7 7 -9 13 -11 -12 -13 -14 -15
leaf_value=-0.025397439666901379 -0.025961526453222812 -0.0054540747334580926 -0.029795117844357753 -0.023653602104878216 -0.019500893405183527 -0.027131757942910291 -0.00064051740593963592 -0.0019816977470733322 0.0096292583720568991 0.0093428081174016069 0.008941305804041488 0.0088901646048715026 0.00089429407194066286 0.020235677685452827
leaf_weight=3138.0191964954138 1898.4807318747044 11500.821660012007 1117.6915592551231 2520.5504588335752 1882.6090127080679 1351.6748592406511 4121.3391974419355 5015.3486248850822 14737.633149221539 6338.5065483748913 5265.4318274259567 2452.0952176302671 3147.6654033362865 4493.7522029429674
leaf_count=19062 12485 33552 8164 15892 9267 8988 10403 11933 27019 14069 13166 8425 12347 7067
internal_value=-9.91208e-05 0.00332578 0.00438366 -0.0129693 -0.00954605 -0.00552085 0.00512583 0.00776464 0.00985781 0.00188589 -0.000933214 -0.00161688 -0.00673872 0.0121076
internal_weight=68981.6 54489 52590.5 14492.6 11354.6 8834.04 51472.8 28368.1 23352.7 23104.8 16766.3 7482.37 5030.27 19231.4
internal_count=211839 137858 125373 73981 54919 39027 117209 56422 44489 60787 46718 30039 21614 34086
cat_boundaries=0 1
cat_threshold=3840
is_linear=0
shrinkage=0.06


Tree=33
num_leaves=15
num_cat=2
split_feature=0 8 5 8 5 5 8 4 5 8 5 2 0 5
split_gain=803.367 449.596 356.254 169.549 175.621 196.586 119.225 118.577 111.896 154.32 99.6463 92.209 100.784 221.173
threshold=0 1.5500000119209292 21.458333015441898 3.9500000476837163 11.291666507720949 21.208333015441898 3.6833333969116215 0.62678572535514843 17.284559249877933 12.700000286102297 11.041666507720949 0.074395883828401579 1 19.791666984558109
decision_type=9 2 2 2 2 2 2 2 2 2 2 2 9 2
left_child=3 -2 6 -1 -5 8 11 -8 9 -6 -9 -3 13 -13
right_child=1 2 -4 4 5 -7 7 10 -10 -11 -12 12 -14 -15
leaf_value=-0.025284319725445634 -0.025860695026901429 0.014395074268057475 -0.029795119113328765 -0.024419965292487657 -0.015859814969783722 -0.027058502968287372 0.0092058666027906907 -0.0085598164010517435 0.0063690229740593334 0.0083696816523333925 0.0044472858724430124 -0.017106491583521004 0.004742271161529435 0.012783656171524634
leaf_weight=3059.325025036931 1849.8275726288557 1154.3737769573927 1084.8810303360224 2232.4951303452253 3009.6223570108414 1315.4946816712618 22857.576626002789 2409.5726161599159 3309.9085972607136 1380.3295063376427 17663.362663730979 3436.3057145178318 3014.4888815283775 1203.2755823284388
leaf_count=19062 12485 3747 8164 14601 14206 8988 43955 7814 11964 5160 37448 11264 9021 3960
internal_value=-9.87849e-05 0.00321393 0.0042327 -0.0127514 -0.00935388 -0.00562303 0.00494621 0.00625085 -0.00196085 -0.00824135 0.0028859 -0.00141235 -0.0037964 -0.00933436
internal_weight=68980.8 54673.7 52823.8 14307.2 11247.9 9015.36 51739 42930.5 7699.86 4389.95 20072.9 8808.44 7654.07 4639.58
internal_count=211839 137858 125373 73981 54919 40318 117209 89217 31330 19366 45262 27992 24245 15224
cat_boundaries=0 1 2
cat_threshold=3840 2097168
is_linear=0
shrinkage=0.06


Tree=34
num_leaves=15
num_cat=2
split_feature=0 8 5 8 5 5 8 4 5 8 0 5 5 8
split_gain=763.849 431.359 342.616 167.434 172.044 191.695 111.182 109.555 106.695 126.417 93.9846 88.5426 87.7896 124.598
threshold=0 1.5500000119209292 21.458333015441898 3.9500000476837163 11.291666507720949 21.208333015441898 3.6833333969116215 0.62678572535514843 18.541666984558109 7.9500000476837167 1 20.958333015441898 18.541666984558109 16.500000000000004
decision_type=9 2 2 2 2 2 2 2 2 2 9 2 2 2
left_child=3 -2 6 -1 -5 8 -3 11 9 -6 12 -8 -9 -14
right_child=1 2 -4 4 5 -7 7 10 -10 -11 -12 -13 13 -15
leaf_value=-0.025168812626491895 -0.025757622423944949 -0.0013744885022489574 -0.029795120342279723 -0.024287087310197956 -0.019323651392818983 -0.02698344538725413 0.009780311530861497 0.0009250132723222467 0.0083043404829659887 0.00019361187620927823 -0.0028381488837172417 -0.0059796902759053127 0.014893242265645505 -0.005806124143892615
leaf_weight=2982.9418794810772 1802.6029282212257 8796.7087225914001 1053.0336255729198 2178.637958586216 1862.2031695991755 1280.3766046464443 21704.98219025135 6642.5497503578663 2489.7992122471333 3333.2522036135197 6975.2789772003889 1363.9897557199001 5202.6970272958279 1310.6010105311871
leaf_count=19062 12485 27992 8164 14601 9492 8988 39831 15109 8425 13413 18791 4124 8953 2409
internal_value=-9.82749e-05 0.00310637 0.00408774 -0.0125344 -0.00916389 -0.00548897 0.00477393 0.00602591 -0.00190795 -0.00680195 0.00279143 0.00884848 0.00577403 0.0107281
internal_weight=68979.7 54852.4 53049.8 14127.2 11144.3 8965.63 51996.8 43200.1 7685.25 5195.46 20131.1 23069 13155.8 6513.3
internal_count=211839 137858 125373 73981 54919 40318 117209 89217 31330 22905 45262 43955 26471 11362
cat_boundaries=0 1 2
cat_threshold=3840 2097152
is_linear=0
shrinkage=0.06


Tree=35
num_leaves=15
num_cat=2
split_feature=0 8 5 8 5 5 8 7 5 8 8 5 0 5
split_gain=726.839 356.569 332.413 141.259 148.794 190.952 117.595 100.414 196.258 107.233 100.196 155.61 92.1978 164.043
threshold=0 1.5500000119209292 21.458333015441898 2.9500000476837163 11.541666507720949 21.458333015441898 4.4500000476837167 1.5000000000000002 19.041666984558109 15.700000286102297 12.449999809265138 16.541666984558109 1 19.791666984558109
decision_type=9 2 2 2 2 2 2 2 2 2 2 2 9 2
left_child=1 -1 6 -2 -5 10 12 8 -8 -10 11 -6 -3 -14
right_child=3 2 -4 4 5 -7 7 -9 9 -11 -12 -13 13 -15
leaf_value=-0.025245995838452721 -0.024444628907535956 0.0061812074112656294 -0.029795118259415585 -0.021384529165273378 -0.015340670009671166 -0.029795118508253334 0.0046619228979022757 0.00048760265639703152 0.01757112028591672 0.00010786616505025976 0.010609367975661763 0.0016588554848067662 -0.010166373551939067 0.011792058899898247
leaf_weight=1533.9229667186737 2511.9196185767651 4337.8022372722626 1020.5000714436173 2741.5437271296978 3449.4571145325899 1064.3214103281498 21294.86382701993 8350.5046247243881 8325.0435697436333 1492.8275937438011 1617.147204220295 4425.5139847397804 5211.7443618029356 1601.0223636776209
leaf_count=11088 16295 11569 8152 18014 16333 7665 44017 17665 12958 2644 5751 18309 16415 4964
internal_value=-9.76205e-05 0.00326123 0.00410873 -0.0113882 -0.00893045 -0.00569608 0.00479232 0.00632964 0.00789761 0.0149158 -0.00299394 -0.00578741 -0.000648444 -0.00499873
internal_weight=68978.1 53168.2 51634.3 15809.9 13298 10556.4 50613.8 39463.2 31112.7 9817.87 9492.12 7874.97 11150.6 6812.77
internal_count=211839 129472 118384 82367 66072 48058 110232 77284 59619 15602 40393 34642 32948 21379
cat_boundaries=0 1 2
cat_threshold=6311952 4214784
is_linear=0
shrinkage=0.06


Tree=36
num_leaves=15
num_cat=2
split_feature=0 8 5 8 5 5 2 5 0 3 8 5 8 4
split_gain=694.548 397.857 317.437 164.106 165.972 192.471 101.663 173.652 136.965 131.989 93.4934 152.861 97.232 88.9326
threshold=0 1.5500000119209292 21.458333015441898 3.9500000476837163 11.791666507720949 21.208333015441898 0.3888887763023377 11.791666507720949 1 67.349998474121108 12.700000286102297 17.041666984558109 11.949999809265138 0.55753466486930858
decision_type=9 2 2 2 2 2 2 2 9 2 2 2 2 2
left_child=3 -2 6 -1 -5 10 9 -8 -9 -3 11 -6 -13 -12
right_child=1 2 -4 4 5 -7 7 8 -10 -11 13 12 -14 -15
leaf_value=-0.024956916911291666 -0.025546788671804724 0.00016631927583467623 -0.029795117244991533 -0.022353507877477516 -0.015205362125014561 -0.026839092668354363 -0.0039661900038892176 -0.0011407380194545624 0.013277805572871526 0.0087578998132970976 0.037611998666872329 0.0099535638489157714 -0.015131869350319706 0.003652121101300608
leaf_weight=2852.2994110584259 1713.1430609822273 24317.458098858595 992.1162224560976 2507.5216182172298 2607.3087982535362 1217.8515562415123 3606.8860530257225 2913.0417927801609 12876.330982744694 8754.6453292518854 380.07856062054634 2492.1581082940102 716.0759961605072 1029.6813904941082
leaf_count=19062 12485 61322 8164 16691 12733 8988 9964 6190 21315 18418 1297 9286 2374 3550
internal_value=-9.69585e-05 0.00291488 0.00382748 -0.0121293 -0.00879915 -0.00477366 0.00446324 0.00791195 0.0106254 0.00244063 -0.00105445 -0.00441486 0.00435451 0.0128079
internal_weight=68976.6 55173.6 53460.5 13803 10950.7 8443.15 52468.4 19396.3 15789.4 33072.1 7225.3 5815.54 3208.23 1409.76
internal_count=211839 137858 125373 73981 54919 38228 117209 37469 27505 79740 29240 24393 11660 4847
cat_boundaries=0 1 2
cat_threshold=3840 4198400
is_linear=0
shrinkage=0.06


Tree=37
num_leaves=15
num_cat=2
split_feature=0 8 5 8 5 5 8 5 5 3 5 2 1 8
split_gain=660.249 381.873 305.562 162.053 159.917 187.631 99.1259 142.855 127.003 119.764 182.212 104.175 100.334 99.8737
threshold=0 1.5500000119209292 21.458333015441898 4.9500000476837167 11.791666507720949 21.208333015441898 7.4166667461395273 19.958333015441898 18.541666984558109 69.299999237060561 19.291666984558109 0.1388906612992287 1 15.700000286102297
decision_type=9 2 2 2 2 2 2 2 2 2 2 2 1 2
left_child=3 -2 6 -1 -5 -6 9 8 -8 10 11 -3 -9 -10
right_child=1 2 -4 4 5 -7 7 12 13 -11 -12 -13 -14 -15
leaf_value=-0.022693319142345937 -0.0254368582591467 0.0070512073784064202 -0.029795119106903818 -0.021791986749547881 9.6673192711681696e-05 -0.026558698016652817 0.0052534114080770977 0.013566808083349037 0.017733823645052254 0.0083240107321125162 0.0078197126690702865 -0.0081046893470186482 -0.0068630719934909675 0.0025343009687855155
leaf_weight=3675.1245770454407 1669.9320446699858 1968.8801683485508 962.9920182749629 2309.0960706621408 6541.5951546877623 1112.3403213024139 15270.940130680799 1093.0402725934982 6852.2459338605404 6507.9136066436768 5422.4356463700533 9561.636656075716 4013.1887917816639 2013.6458314359188
leaf_count=24236 12485 6395 8164 15677 25629 8439 32758 2049 8721 14069 13166 27157 9884 3010
internal_value=-9.62741e-05 0.00281841 0.00369814 -0.0119159 -0.00795237 -0.00377713 0.00431012 0.00664081 0.00856965 0.00140501 -0.00125106 -0.00551676 -0.00247672 0.0142817
internal_weight=68975 55336.9 53666.9 13638.2 9963.03 7653.94 52703.9 29243.1 24136.8 23460.9 16953 11530.5 5106.23 8865.89
internal_count=211839 137858 125373 73981 49745 34068 117209 56422 44489 60787 46718 33552 11933 11731
cat_boundaries=0 1 2
cat_threshold=3840 16
is_linear=0
shrinkage=0.06


Tree=38
num_leaves=15
num_cat=2
split_feature=0 8 5 5 8 5 4 2 2 3 8 5 8 1
split_gain=627.758 371.095 295.237 150.018 168.643 171.455 112.377 128.67 88.4839 85.4265 79.7037 140.803 88.6611 79.1316
threshold=0 1.5500000119209292 21.458333015441898 11.291666507720949 3.9500000476837163 21.458333015441898 0.71812930703163158 0.42930126190185552 0.0083173098973929899 67.349998474121108 12.700000286102297 16.791666984558109 11.949999809265138 1
decision_type=9 2 2 2 2 2 2 2 2 2 2 2 2 1
left_child=3 -2 6 -1 -5 10 7 8 -3 13 11 -6 -13 -10
right_child=1 2 -4 4 5 -7 -8 -9 9 -11 -12 12 -14 -15
leaf_value=-0.026193072240638954 -0.025389163420057356 -0.026781008838503956 -0.02979511794030542 -0.0237626978839557 -0.016078537703189975 -0.029795118556283921 -0.0011915706971660138 0.011758571170050058 0.0086911129801021201 0.0090445967976972939 0.010841927000919977 0.0077183737582166454 -0.015358095150919926 0.00031497419484512624
leaf_weight=2248.7220503389835 1651.854451701045 338.4084207713604 943.52731055021286 2227.9613613337278 2475.835692986846 905.49641194939613 11513.536868989468 9227.4839016795158 5201.3689906150103 8964.9988324046135 1384.94321590662 2719.0217240154743 768.85656851530075 18401.366681233048
leaf_count=16580 12660 837 8233 15395 12456 7095 29283 14641 11774 18512 5123 10761 2829 45660
internal_value=-9.55744e-05 0.00262823 0.00347649 -0.0121214 -0.00911418 -0.00516025 0.00406166 0.00549717 0.00374136 0.00405851 -0.00212476 -0.00513599 0.00263147 0.00216465
internal_weight=68973.4 56242.5 54590.7 12730.8 10482.1 8254.15 53647.2 42133.6 32906.1 32567.7 7348.66 5963.71 3487.88 23602.7
internal_count=211839 141600 128940 70239 53659 38264 120707 91424 76783 75946 31169 26046 13590 57434
cat_boundaries=0 1 2
cat_threshold=2816 16
is_linear=0
shrinkage=0.06


Tree=39
num_leaves=15
num_cat=2
split_feature=0 8 5 8 5 5 8 4 2 0 5 4 5 5
split_gain=597.103 351.943 283.399 157.979 156.073 171.096 94.394 97.1375 85.4363 91.2183 199.814 84.5681 83.6858 79.1771
threshold=0 1.5500000119209292 21.458333015441898 3.9500000476837163 11.291666507720949 21.458333015441898 3.6833333969116215 0.62678572535514843 0.074395883828401579 1 19.791666984558109 0.50862327218055736 11.041666507720949 20.958333015441898
decision_type=9 2 2 2 2 2 2 2 2 9 2 2 2 2
left_child=3 -2 6 -1 -5 -6 8 13 -3 10 -10 -11 -9 -8
right_child=1 2 -4 4 5 -7 7 12 9 11 -12 -13 -14 -15
leaf_value=-0.024599652153612001 -0.025209618226319095 0.01340215673191405 -0.029795116710524396 -0.023621762201080008 -0.0019953601809108079 -0.029795117447438787 0.0086303419485407474 -0.0084118682901771803 -0.016861917262511725 0.010244001571332189 0.011234903313404744 -0.012006428189530922 0.003525383447405515 -0.0061961464701423431
leaf_weight=2656.1621212512255 1587.176958039403 1180.9078175723553 907.28345520049334 1943.8373957127333 7838.9171321094036 887.20631897449493 22354.553333923221 2392.9009246528149 3371.32324680686 2223.8251351267099 1248.6954136490822 849.97826912999153 18152.067631229758 1376.5006684660912
leaf_count=19062 12485 3747 8164 14601 33156 7162 39831 7814 11264 6162 3960 2859 37448 4124
internal_value=-9.4693e-05 0.00263771 0.00345581 -0.0114976 -0.00824677 -0.00482183 0.00402341 0.00515545 -0.00162435 -0.00393073 -0.00924791 0.00407797 0.00213504 0.00777034
internal_weight=68971.3 55645.2 54058 13326.1 10670 8726.12 53150.8 44276 8874.73 7693.82 4620.02 3073.8 20545 23731.1
internal_count=211839 137858 125373 73981 54919 40318 117209 89217 27992 24245 15224 9021 45262 43955
cat_boundaries=0 1 2
cat_threshold=3840 2097168
is_linear=0
shrinkage=0.06


Tree=40
num_leaves=15
num_cat=1
split_feature=0 8 5 5 8 5 4 2 2 3 8 8 8 4
split_gain=568.069 342.31 274.073 146.809 161.585 162.628 100.418 116.448 85.1743 78.2008 66.8952 65.7308 107.777 114.369
threshold=0 1.5500000119209292 21.458333015441898 11.125000000000002 4.9500000476837167 21.458333015441898 0.71812930703163158 0.42930126190185552 0.0083173098973929899 69.049999237060561 3.3666666746139531 18.166666984558109 35.500000000000007 0.36515152454376226
decision_type=9 2 2 2 2 2 2 2 2 2 2 2 2 2
left_child=3 -2 6 -1 -5 11 7 8 -3 10 -10 -6 13 -13
right_child=1 2 -4 4 5 -7 -8 -9 9 -11 -12 12 -14 -15
leaf_value=-0.026458924354135598 -0.025160529803725382 -0.026730733173876611 -0.029795118274312499 -0.020946759986228546 -0.0028909499324990687 -0.029795117523402616 -0.001179446679360642 0.01103604277632133 -0.0055820579595335295 0.008836016243562346 0.0033576371533432332 0.16720606524430659 -0.0058911676222898491 0.034353425462901689
leaf_weight=2032.256713539362 1570.3658493086696 332.85632835328579 888.94598954916 2868.3286230564117 6213.1635163426399 799.62840013951063 11508.658840253949 9390.7689465433359 3515.5407666563988 8232.6341961622238 21095.622092545033 26.192736268043518 281.12507379055023 213.25503376126289
leaf_count=15754 12660 837 8233 19708 26279 6657 29283 14641 12945 16572 46429 83 1000 758
internal_value=-9.3835e-05 0.00246031 0.00324989 -0.0116997 -0.00882738 -0.00421292 0.00379311 0.00513751 0.00346791 0.00377396 0.00208066 -0.00117505 0.0193046 0.0488859
internal_weight=68969.3 56535.4 54965 12434 10401.7 7533.36 54076.1 42567.4 33176.7 32843.8 24611.2 6733.74 520.573 239.448
internal_count=211839 141600 128940 70239 54485 34777 120707 91424 76783 75946 59374 28120 1841 841
cat_boundaries=0 1
cat_threshold=2816
is_linear=0
shrinkage=0.06


Tree=41
num_leaves=15
num_cat=2
split_feature=0 8 5 5 5 8 5 4 2 8 2 3 1 5
split_gain=540.025 328.769 264.15 144.931 160.684 173.482 100.182 93.924 111.163 83.1826 81.3745 75.2243 78.8114 135.083
threshold=0 1.5500000119209292 21.458333015441898 11.291666507720949 21.458333015441898 5.9500000476837167 19.041666984558109 0.72029411792755138 0.42930126190185552 2.9500000476837163 0.0083173098973929899 67.349998474121108 1 19.521871566772464
decision_type=9 2 2 2 2 2 2 2 2 2 2 2 1 2
left_child=3 -2 7 -1 5 6 -5 8 10 -8 -3 12 13 -12
right_child=1 2 -4 4 -6 -7 9 -9 -10 -11 11 -13 -14 -15
leaf_value=-0.025911109138574789 -0.025042441144201545 -0.026647715456646334 -0.029795118102908393 -0.025221134891046611 -0.029795117390208622 0.00028342907376848641 -0.021554054695212793 -0.0013662021382029117 0.010539308024137243 0.010293459379406915 0.001439811721315644 0.0081951618495285389 -1.1530489608505072e-06 0.021593721369399382
leaf_weight=2085.4731361120939 1531.3475872352719 324.07669769227505 862.85044752061367 2020.1210808381438 1138.8853466138244 5840.7076555490494 516.92349517345428 10718.312227517366 9772.6938277930021 688.4754072278738 3540.2672695815563 9165.4496362954378 18952.563332274556 1809.030923679471
leaf_count=16580 12660 837 8233 13116 9632 23781 3849 27014 15468 3281 8429 18512 46921 3526
internal_value=-9.29026e-05 0.00237997 0.0031419 -0.0114888 -0.00855283 -0.0058844 -0.017053 0.00366545 0.00490342 -0.00336403 0.00327349 0.00356322 0.00181629 0.00824008
internal_weight=68967.2 56676.6 55145.2 12290.6 10205.1 9066.23 3225.52 54282.4 43564.1 1205.4 33791.4 33467.3 24301.9 5349.3
internal_count=211839 141600 128940 70239 53659 44027 20246 120707 93693 7130 78225 77388 58876 11955
cat_boundaries=0 1 2
cat_threshold=2816 16
is_linear=0
shrinkage=0.06


Tree=42
num_leaves=15
num_cat=2
split_feature=0 8 5 8 5 5 8 4 5 1 5 8 7 2
split_gain=513.588 311.609 253.645 152.063 146.197 167.689 88.0469 87.4204 80.0621 80.8357 79.543 120.59 85.7816 82.6872
threshold=0 1.5500000119209292 21.458333015441898 3.9500000476837163 11.791666507720949 21.208333015441898 2.9500000476837163 0.56330129504203807 11.041666507720949 1 18.541666984558109 7.9500000476837167 1.5000000000000002 0.095840491354465498
decision_type=9 2 2 2 2 2 2 2 2 1 2 2 2 2
left_child=3 -2 6 -1 -5 10 -3 -8 -9 -10 11 -6 13 -12
right_child=1 2 -4 4 5 -7 7 8 9 -11 12 -13 -14 -15
leaf_value=-0.024236484392904486 -0.024850440398906295 -0.0041097181594570509 -0.029795118848632157 -0.021379351356900649 -0.018237313103262973 -0.026373918455134756 0.006677362768848373 -0.0085498734042303605 0.0097392027753259672 0.00069234657911744068 0.13680604271026148 0.0019190154025057827 -0.0026703415654663648 0.017380044859624005
leaf_weight=2482.6244111657143 1471.8856790140271 4812.5394225418568 829.70443177968264 2217.2669425308704 1676.7890199273825 1052.2624454796314 27047.51562474668 2490.3454823344946 4678.3302018940449 14740.847743093967 21.248351499438286 2945.6897923499346 1322.7758881300688 1175.1946708410978
leaf_count=19062 12485 16960 8164 16691 9134 8988 51472 8206 9026 31545 62 11681 4417 3946
internal_value=-9.19731e-05 0.00239137 0.00312619 -0.0108846 -0.00771127 -0.00401271 0.00363419 0.00439543 0.00157836 0.00287722 -0.000717998 -0.00539263 0.00785941 0.019501
internal_weight=68965 56071.2 54599.3 12893.9 10411.2 8193.96 53769.6 48957 21909.5 19419.2 7141.7 4622.48 2519.22 1196.44
internal_count=211839 137858 125373 73981 54919 38228 117209 100249 48777 40571 29240 20815 8425 4008
cat_boundaries=0 1 2
cat_threshold=3840 16
is_linear=0
shrinkage=0.06


Tree=43
num_leaves=15
num_cat=2
split_feature=5 8 0 8 5 8 7 5 1 8 3 8 5 6
split_gain=488.695 451.031 381.818 134.952 182.564 103.576 131.372 242.351 108.145 102.799 99.0905 172.601 92.5094 90.2432
threshold=21.458333015441898 1.2500000000000002 0 7.9500000476837167 11.791666507720949 2.9500000476837163 1.5000000000000002 19.041666984558109 1 11.683333396911623 67.349998474121108 8.5500001907348651 11.791666507720949 368.50000000000006
decision_type=2 2 9 2 2 2 2 2 1 2 2 2 2 2
left_child=1 -1 3 -3 -5 -4 7 10 -9 13 11 -7 -13 -8
right_child=-2 2 5 4 -6 6 9 8 -10 -11 -12 12 -14 -15
leaf_value=-0.029381311535805185 -0.029795118759963095 -0.021290504625237048 -0.0048044286473332403 -0.020855004734853383 0.0060000923552285439 -0.0050297431086619212 0.0043902627071847776 0.020612052781160309 0.0086577072412485547 -0.0092232922536060729 0.010248307085056028 -0.0027828158237284454 0.008498626710710059 -0.017449989910449173
leaf_weight=1739.9402477219701 1937.8779773637652 3026.5925443321466 5357.5951899811625 1483.2025028541684 2363.4446510523558 10111.294473439455 7466.8759729787707 4034.8600272238255 8543.492415420711 4111.2538776323199 4903.876188158989 3607.9116063565016 9524.9498759955168 749.4454340711236
leaf_count=14679 18284 20259 21669 11312 9432 27527 17987 6982 15382 10226 7662 10222 18205 2011
internal_value=-9.09364e-05 0.000767897 0.00157142 -0.0117952 -0.00435478 0.00314574 0.00394917 0.00559182 0.0125157 -0.00147763 0.0024978 0.000862652 0.00539934 0.00239812
internal_weight=68962.6 67024.7 65284.8 6873.24 3846.65 58411.6 53054 40726.4 12578.4 12327.6 28148 23244.2 13132.9 8216.32
internal_count=211839 193555 178876 41003 20744 137873 116204 85980 22364 30224 63616 55954 28427 19998
cat_boundaries=0 1 2
cat_threshold=2560 16
is_linear=0
shrinkage=0.06


Tree=44
num_leaves=15
num_cat=2
split_feature=5 8 0 8 5 8 7 5 6 8 1 3 8 5
split_gain=473.969 436.536 362.118 131.935 176.125 97.2543 122.654 223.409 99.7746 100.936 97.5439 91.9931 162.256 86.1022
threshold=21.458333015441898 1.2500000000000002 0 7.9500000476837167 12.541666507720949 2.9500000476837163 1.5000000000000002 19.041666984558109 368.50000000000006 11.683333396911623 1 67.349998474121108 8.5500001907348651 11.791666507720949
decision_type=2 2 9 2 2 2 2 2 2 2 1 2 2 2
left_child=1 -1 3 -3 -5 -4 7 11 9 -8 -9 12 -7 -14
right_child=-2 2 5 4 -6 6 8 10 -10 -11 -12 -13 13 -15
leaf_value=-0.029368972205354588 -0.029795118715726297 -0.021107495809541174 -0.004684073776760736 -0.016529921015390053 0.0092299275769194954 -0.0049048658474952801 0.0042405087870850061 0.019586182838962931 -0.019031791851768284 -0.0078158947298946329 0.0083266150845166045 0.009840025575556877 -0.0027075407697799174 0.0081745614082388684
leaf_weight=1689.5622446015477 1880.9903772845864 2962.8359575793147 5331.9167863428593 2003.7394780665636 1826.5193281769753 10060.564908221364 7499.7296174541116 4118.8898144960403 1060.2670135721564 3749.7229571044445 8617.7806416451931 4954.3910056352615 3597.8853981941938 9606.2438039183617
leaf_count=14679 18284 20259 21669 13417 7327 27527 17987 6982 2836 9401 15382 7662 10222 18205
internal_value=-9.02585e-05 0.000742695 0.00152072 -0.0115831 -0.00424593 0.00304128 0.00381517 0.00539364 -0.00143655 0.000221809 0.0119897 0.00241649 0.000835587 0.00520939
internal_weight=68961 67080 65390.5 6793.09 3830.26 58597.4 53265.5 40955.8 12309.7 11249.5 12736.7 28219.1 23264.7 13204.1
internal_count=211839 193555 178876 41003 20744 137873 116204 85980 30224 27388 22364 63616 55954 28427
cat_boundaries=0 1 2
cat_threshold=2560 16
is_linear=0
shrinkage=0.06


Tree=45
num_leaves=15
num_cat=2
split_feature=5 8 0 5 8 4 2 6 2 2 8 3 5 1
split_gain=459.7 422.535 343.415 129.157 178.502 96.309 107.036 77.923 73.7427 98.5629 93.1076 73.1432 112.188 82.2111
threshold=21.458333015441898 1.2500000000000002 0 11.125000000000002 7.9500000476837167 0.72029411792755138 0.42930126190185552 368.50000000000006 0.0083173098973929899 0.027779543772339824 2.9500000476837163 47.399999618530281 18.541666984558109 1
decision_type=2 2 9 2 2 2 2 2 2 2 2 2 2 1
left_child=1 -1 3 -3 -5 6 7 8 -4 -10 -11 12 -12 -14
right_child=-2 2 5 4 -6 -7 -8 -9 9 10 11 -13 13 -15
leaf_value=-0.029356271879527981 -0.029795117415789253 -0.02597461031615424 -0.025131924314447721 -0.018848971296007527 0.0037487173566436893 -0.001754610835963103 0.0095120197351913419 -0.0068913722296207588 0.032488524543099105 -0.0049878613298136708 -0.0030602941620536204 0.0078156086961164804 0.017644578438649024 0.0030564878121100911
leaf_weight=1640.6631037443876 1825.7727653905749 1648.99511436373 321.66794073581696 2329.5868077427149 2736.7174650579691 12405.267695948482 10540.986237384379 2846.2593102753162 423.6746399179101 4185.9525978192687 8079.1255434453487 13370.12177939713 1989.4215389043093 4615.0996590852737
leaf_count=14679 18284 14275 993 15265 11463 33132 17410 6975 1357 16989 20041 27963 3545 9468
internal_value=-8.95145e-05 0.000718363 0.00147176 -0.0113725 -0.00664215 0.00294064 0.00419732 0.00263383 0.00345575 0.00373728 0.00335945 0.00460497 0.00168153 0.00748207
internal_weight=68959.3 67133.5 65492.9 6715.3 5066.3 58777.6 46372.3 35831.3 32985.1 32663.4 32239.7 28053.8 14683.6 6604.52
internal_count=211839 193555 178876 41003 26728 137873 104741 87331 80356 79363 78006 61017 33054 13013
cat_boundaries=0 1 2
cat_threshold=2560 16
is_linear=0
shrinkage=0.06


Tree=46
num_leaves=15
num_cat=3
split_feature=5 8 0 5 8 4 2 6 5 0 8 5 2 0
split_gain=445.878 409.014 325.67 127.126 171.797 90.138 99.967 103.193 94.662 71.3507 72.2628 136.746 124.072 181.617
threshold=21.458333015441898 1.2500000000000002 0 11.125000000000002 7.9500000476837167 0.72029411792755138 0.3888887763023377 364.50000000000006 12.041666507720949 1 4.9500000476837167 19.791666984558109 0.074395883828401579 2
decision_type=2 2 9 2 2 2 2 2 2 9 2 2 2 9
left_child=1 -1 3 -3 -5 6 7 9 -8 -4 11 12 -11 -14
right_child=-2 2 5 4 -6 -7 8 -9 -10 10 -12 -13 13 -15
leaf_value=-0.02934319726758226 -0.029795117990610021 -0.025874073053992658 0.018861501070680117 -0.018640690881738187 0.0036232058052290779 -0.0017053674114783216 -0.0022832473993021503 -0.0094673910898467363 0.010172202061050158 0.012492023449193822 0.0048922988713665438 0.013640363580062103 0.0080525345618527536 -0.013610192586806553
leaf_weight=1593.1994721367955 1772.1760914623737 1606.7146113216877 992.49362231791019 2286.0877779424191 2746.9959307387471 12383.520323224366 2656.0898041278124 2547.8500330746174 12698.8748902753 1281.3824268355966 17540.539202943444 1777.3948089852929 1900.236029624939 5173.5858033522964
leaf_count=14679 18284 14275 2708 15265 11463 33132 6491 6456 20502 4515 35884 6135 5549 16501
internal_value=-8.85791e-05 0.000695007 0.00142462 -0.0111633 -0.00648933 0.00284382 0.00405415 0.00210437 0.00801767 0.00313288 0.00256104 -0.00147208 -0.00468694 -0.00779881
internal_weight=68957.1 67185 65591.8 6639.8 5033.08 58952 46568.4 31213.5 15355 28665.6 27673.1 10132.6 8355.2 7073.82
internal_count=211839 193555 178876 41003 26728 137873 104741 77748 26993 71292 68584 32700 26565 22050
cat_boundaries=0 1 2 3
cat_threshold=2560 4195328 28672
is_linear=0
shrinkage=0.06


Tree=47
num_leaves=15
num_cat=2
split_feature=5 8 0 5 8 7 5 8 3 0 6 2 8 6
split_gain=432.477 395.945 308.811 125.07 165.305 90.0943 206.853 109.893 176.273 107.487 109.657 122.507 103.4 94.6574
threshold=21.458333015441898 1.2500000000000002 0 11.125000000000002 7.9500000476837167 1.5000000000000002 19.041666984558109 8.4499998092651385 47.399999618530281 1 29.500000000000004 0.11860045790672304 5.0166666507720956 368.50000000000006
decision_type=2 2 9 2 2 2 2 2 2 9 2 2 2 2
left_child=1 -1 3 -3 -5 6 7 8 -4 10 -10 -12 -13 -7
right_child=-2 2 5 4 -6 13 -8 -9 9 -11 11 12 -14 -15
leaf_value=-0.029329738994834879 -0.029795118082807354 -0.025771295748211048 -0.0095342768526699793 -0.018430814161804893 0.0035023437310601016 -4.9533413486362793e-05 0.01006338665965594 0.0051459466452622223 0.027181334353789298 0.011571027878089682 0.008485835569176722 -0.019120184180808887 -0.00034984105467606049 -0.018369817346916555
leaf_weight=1547.1291411295533 1720.1527039706707 1565.6755386069417 6695.9706981778145 2243.868243470788 2756.9668973386288 12450.385541819036 14112.722000457346 14537.450490444899 450.39658910781145 3460.9047043249011 2073.6160358414054 2022.3075997307897 2212.3072324097157 1105.441343948245
leaf_count=14679 18284 14275 19559 15265 11463 31794 27023 30381 906 8902 6199 6263 3674 3172
internal_value=-8.77838e-05 0.000672253 0.00137888 -0.0109557 -0.00633904 0.00275024 0.00402824 0.00132031 -0.00196751 0.00299034 -0.00141862 -0.00346285 -0.00931392 -0.0015435
internal_weight=68955.3 67235.1 65688 6566.51 5000.84 59121.5 45565.7 31453 16915.5 10219.5 6758.63 6308.23 4234.61 13555.8
internal_count=211839 193555 178876 41003 26728 137873 102907 75884 45503 25944 17042 16136 9937 34966
cat_boundaries=0 1 2
cat_threshold=2560 2098192
is_linear=0
shrinkage=0.06


Tree=48
num_leaves=15
num_cat=2
split_feature=5 8 0 5 8 8 7 5 8 1 3 8 5 5
split_gain=419.486 383.311 292.798 122.991 159.019 86.1419 107.003 188.305 92.4281 82.1609 78.7491 141.622 77.3053 76.5905
threshold=21.458333015441898 1.2500000000000002 0 11.125000000000002 7.9500000476837167 2.6833333969116215 1.5000000000000002 19.041666984558109 11.683333396911623 1 67.349998474121108 8.5500001907348651 19.708333015441898 11.791666507720949
decision_type=2 2 9 2 2 2 2 2 2 1 2 2 2 2
left_child=1 -1 3 -3 -5 -4 7 10 -8 -9 11 -7 -11 -13
right_child=-2 2 5 4 -6 6 8 9 -10 12 -12 13 -14 -15
leaf_value=-0.029315888666856811 -0.029795117322061485 -0.025666250443701518 -0.0047322330430058807 -0.018219418877154121 0.0033859286208614715 -0.0047819036585755289 0.0020872050613223851 0.017566249228012417 -0.0089528238977375305 0.012824761248560803 0.0088286749282610773 -0.0028225138780875497 0.0015953584152446749 0.0073963289909511646
leaf_weight=1502.4112383574247 1669.6566111668944 1525.8415313661098 5178.89298953861 2202.8907152339816 2766.6396451294422 10020.703234225512 8342.74207329005 4302.9656618982553 4057.9026122614741 4599.121430054307 5120.3153044134378 3613.2217322140932 4243.1340440511703 9807.2548123151064
leaf_count=14679 18284 14275 21216 15265 11463 27656 20111 6996 10226 6173 7812 10222 9256 18205
internal_value=-8.7094e-05 0.000650112 0.00133452 -0.0107496 -0.00619128 0.00265981 0.00336784 0.00482276 -0.00152546 0.0107655 0.00208767 0.000615211 0.00742771 0.00464509
internal_weight=68953.7 67284 65781.6 6495.37 4969.53 59286.3 54107.4 41706.7 12400.6 13145.2 28561.5 23441.2 8842.26 13420.5
internal_count=211839 193555 178876 41003 26728 137873 116657 86320 30337 22425 63895 56083 15429 28427
cat_boundaries=0 1 2
cat_threshold=2560 16
is_linear=0
shrinkage=0.06


Tree=49
num_leaves=15
num_cat=1
split_feature=5 8 0 5 8 4 7 5 8 2 3 6 8 2
split_gain=406.9 371.105 277.602 120.89 152.935 86.0534 85.1542 102.405 90.3453 84.7131 67.8549 134.784 65.7992 100.98
threshold=21.458333015441898 1.2500000000000002 0 11.125000000000002 7.9500000476837167 0.56330129504203807 1.5000000000000002 18.541666984558109 7.3166668415069589 0.0083173098973929899 49.649999618530281 206.50000000000003 2.9500000476837163 0.033703841269016273
decision_type=2 2 9 2 2 2 2 2 2 2 2 2 2 2
left_child=1 -1 3 -3 -5 9 7 8 -7 -4 -6 -12 13 -11
right_child=-2 2 5 4 10 6 -8 -9 -10 12 11 -13 -14 -15
leaf_value=-0.029301632445758324 -0.029795118611560811 -0.025558904112391801 -0.02520506292392799 -0.018006583484528396 0.00018985104596418024 -0.011258289831775108 -0.0069538206032394604 0.0061241828047350743 0.00098177275972250442 0.034181394801258161 0.0096935419135434023 0.11284377260028548 0.0059431430388936788 -0.0043517993546838317
leaf_weight=1459.0060124322772 1620.6427946090698 1487.1772549152374 339.86518137156963 2163.1187068969011 2505.2552005201578 2952.9323428943753 5105.2266022562981 9902.6982631608844 8197.3191979005933 260.62689597904682 212.71929560601711 58.048685193061829 28647.448489181697 4039.5673230662942
leaf_count=14679 18284 14275 1048 15265 10525 10246 15060 18998 20045 1075 772 166 55296 16105
internal_value=-8.62145e-05 0.000628872 0.00129181 -0.0105453 -0.00604605 0.00257279 -1.98634e-06 0.0016838 -0.00225978 0.00459688 0.00327377 0.0318074 0.0049043 -0.00201637
internal_weight=68951.7 67331 65872 6426.32 4939.14 59445.7 26158.2 21052.9 11150.3 33287.5 2776.02 270.768 32947.6 4300.19
internal_count=211839 193555 178876 41003 26728 137873 64349 49289 30291 73524 11463 938 72476 17180
cat_boundaries=0 1
cat_threshold=2560
is_linear=0
shrinkage=0.06


Tree=50
num_leaves=15
num_cat=1
split_feature=5 8 0 5 8 4 2 3 6 2 6 2 8 5
split_gain=394.7 359.306 263.244 118.751 147.18 80.5016 85.1137 75.9613 98.1577 69.3099 69.7779 75.5796 80.6777 59.7108
threshold=21.458333015441898 1.2500000000000002 0 11.125000000000002 8.9499998092651385 0.72029411792755138 0.42930126190185552 49.649999618530281 206.50000000000003 0.0083173098973929899 434.50000000000006 0.027779543772339824 2.9500000476837163 20.041666984558109
decision_type=2 2 9 2 2 2 2 2 2 2 2 2 2 2
left_child=1 -1 3 -3 -5 6 9 -6 -9 -4 11 -11 13 -13
right_child=-2 2 5 4 7 -7 -8 8 -10 10 -12 12 -14 -15
leaf_value=-0.029286958355736675 -0.029795118360359901 -0.025449236356993834 -0.025087900043865755 -0.016234555946415874 0.0010525251926876615 -0.0018065736866711723 0.008275122168284868 0.014563366407712424 0.10351341356862519 0.02669020882507853 -0.012722513260023655 -0.0081102204554716738 0.0037142894024248486 0.010956817330057045
leaf_weight=1416.875040076673 1573.0678132921457 1449.6482772603631 331.40591419488192 2468.9242070317268 2201.7889362573624 12428.298944815993 10883.461587317288 179.89793966710567 59.411050647497177 475.66335152089596 1055.374968662858 3650.9279189482331 30069.287095934153 705.53704057633877
leaf_count=14679 18284 14275 1048 16791 9168 33132 17410 621 148 1421 2623 14704 64382 3153
internal_value=-8.53174e-05 0.00060833 0.00125051 -0.0103439 -0.00590521 0.00248902 0.0036213 0.00454189 0.0366462 0.00222554 0.00247728 0.00293691 0.00260871 -0.00502228
internal_weight=68949.6 67376.5 65959.6 6359.67 4910.02 59600 47171.7 2441.1 239.309 36288.2 35956.8 34901.4 34425.8 4356.46
internal_count=211839 193555 178876 41003 26728 137873 104741 9937 769 87331 86283 83660 82239 17857
cat_boundaries=0 1
cat_threshold=2560
is_linear=0
shrinkage=0.06


Tree=51
num_leaves=15
num_cat=2
split_feature=5 8 0 5 8 4 7 5 8 2 1 5 8 2
split_gain=382.877 347.902 249.606 116.6 142.75 78.2823 80.1084 95.6199 85.5491 77.8014 63.6386 63.5305 71.5678 119.86
threshold=21.458333015441898 1.2500000000000002 0 11.125000000000002 6.9500000476837167 0.56330129504203807 1.5000000000000002 18.541666984558109 7.3166668415069589 0.0083173098973929899 1 20.958333015441898 3.9500000476837163 0.033703841269016273
decision_type=2 2 9 2 2 2 2 2 2 2 1 2 2 2
left_child=1 -1 3 -3 -5 9 7 8 -7 -4 -9 12 13 -11
right_child=-2 2 5 4 -6 6 -8 10 -10 11 -12 -13 -14 -15
leaf_value=-0.029271854872116573 -0.029795118216895893 -0.025337217954926099 -0.024968311772336039 -0.019294273736448857 0.0020152742620028366 -0.011061592281744168 -0.0068178638119082736 0.013032566077026662 0.00089087076636414216 0.034160599972521619 0.0026405575998676976 -0.0060375499444764577 0.006857122240032887 -0.0015951978748040185
leaf_weight=1375.9808297008276 1526.8894242793322 1413.2213025614619 323.19506245106459 1782.7137564942241 3098.9872120693326 2921.9272642806172 5075.0188614949584 3060.3026235923171 8221.6023268327117 354.43273258954287 6920.6387357488275 1900.9521187618375 23903.913863658905 7067.4667808711529
leaf_count=14679 18284 14275 1048 13508 13220 10246 15060 5593 20045 1234 13405 6225 41439 23578
internal_value=-8.43146e-05 0.000588555 0.00121067 -0.0101441 -0.00576661 0.00240826 -4.89665e-05 0.00157722 -0.00224317 0.00432784 0.0058426 0.00461281 0.0052591 0.00011232
internal_weight=68947.2 67420.4 66044.4 6294.92 4881.7 59749.5 26199.5 21124.5 11143.5 33550 9980.94 33226.8 31325.8 7421.9
internal_count=211839 193555 178876 41003 26728 137873 64349 49289 30291 73524 18998 72476 66251 24812
cat_boundaries=0 1 2
cat_threshold=2560 16
is_linear=0
shrinkage=0.06


Tree=52
num_leaves=15
num_cat=2
split_feature=5 8 0 8 5 8 8 4 0 2 2 6 5 5
split_gain=371.417 336.876 236.601 114.637 106.171 95.3601 92.9755 73.1831 78.3976 74.4697 73.0065 71.0214 60.4854 59.5713
threshold=21.458333015441898 1.2500000000000002 0 18.166666984558109 11.291666507720949 6.9500000476837167 35.500000000000007 0.56330129504203807 1 0.0083173098973929899 0.3888887763023377 151.50000000000003 17.791666984558109 20.958333015441898
decision_type=2 2 9 2 2 2 2 2 9 2 2 2 2 2
left_child=1 -1 3 4 -3 -6 -5 9 10 -4 -9 -7 -12 -11
right_child=-2 2 7 6 5 11 -8 8 -10 13 12 -13 -14 -15
leaf_value=-0.029256311650677009 -0.029795117396262481 -0.027546264757775094 -0.024846277379724491 0.038545805484414518 -0.018965097730564741 -0.0081087697087465216 -0.0064133918458606004 -0.0020220906797092614 -0.0072140337766949799 0.0050748486267548458 -0.0005095480620550992 0.013059766383293585 0.0086362629456755192 -0.0058936785647915957
leaf_weight=1336.2871399447322 1482.0666774809361 1334.0129380524158 315.22533898800611 296.74752594530582 1728.5286720246077 1615.7630236372352 374.65154630690813 10851.319670043886 4533.5351504385471 31491.340508684516 4365.7678434848785 882.04648441076279 6448.0118025615811 1889.5096085295081
leaf_count=14679 18284 13691 1048 1230 13311 7024 1881 27570 13596 66251 10753 3866 12430 6225
internal_value=-8.32678e-05 0.000569462 0.00117218 -0.00994524 -0.012789 -0.00813097 0.0134578 0.00233017 -4.79953e-05 0.00417988 0.00145419 -0.000633567 0.00494389 0.00445398
internal_weight=68944.8 67462.7 66126.5 6231.75 5560.35 4226.34 671.399 59894.7 26198.6 33696.1 21665.1 2497.81 10813.8 33380.9
internal_count=211839 193555 178876 41003 37892 24201 3111 137873 64349 73524 50753 10890 23183 72476
cat_boundaries=0 1 2
cat_threshold=2560 2097424
is_linear=0
shrinkage=0.06


Tree=53
num_leaves=15
num_cat=1
split_feature=5 8 0 5 8 8 7 5 5 8 3 8 5 3
split_gain=360.307 326.476 223.888 112.487 132.943 73.7434 90.6361 163.074 88.0799 75.9322 66.7208 126.533 69.9513 63.6141
threshold=21.458333015441898 1.0166666507720949 0 11.125000000000002 7.9500000476837167 2.6833333969116215 1.5000000000000002 19.041666984558109 20.458333015441898 15.700000286102297 67.349998474121108 8.5500001907348651 11.791666507720949 47.399999618530281
decision_type=2 2 9 2 2 2 2 2 2 2 2 2 2 2
left_child=1 -1 3 -3 -5 -4 7 10 13 -9 11 -7 -13 -8
right_child=-2 2 5 4 -6 6 8 9 -10 -11 -12 12 -14 -15
leaf_value=-0.029795117656779228 -0.029795118331558814 -0.025110772144826172 -0.0045999316171367105 -0.017201672950972587 0.0029779963086573741 -0.0048069668340961083 -0.0016380072408085015 0.011324310565484684 -0.0090509123980733325 -0.0024257332105602123 0.007777622750942583 -0.0030484498325109169 0.0066614154117703344 0.0096067407527070815
leaf_weight=1252.6063646748662 1438.5596889033914 1344.9050341621041 5180.2752195224166 2024.8628787696362 2801.0764506533742 10030.754019878805 5901.7418240457773 11870.738834902644 3925.2406434416771 1646.3650872707367 5263.5499741882086 3643.7435447201133 10004.955603942275 2613.0746745616198
leaf_count=14144 18284 14275 21751 15265 11463 27656 14390 19748 11029 2677 7812 10222 18205 4918
internal_value=-8.22489e-05 0.000550955 0.00112471 -0.00974964 -0.00548897 0.00224286 0.00288894 0.00420852 -0.00161502 0.00964957 0.00166741 0.000309209 0.00406921 0.00181284
internal_weight=68942.4 67503.9 66251.3 6170.84 4825.94 60080.4 54900.2 42460.1 12440.1 13517.1 28943 23679.5 13648.7 8514.82
internal_count=211839 193555 179411 41003 26728 138408 116657 86320 30337 22425 63895 56083 28427 19308
cat_boundaries=0 1
cat_threshold=2560
is_linear=0
shrinkage=0.06


Tree=54
num_leaves=15
num_cat=1
split_feature=5 8 0 5 8 8 7 5 8 6 8 3 8 5
split_gain=349.533 316.337 212.185 110.317 128.474 69.367 84.8415 151.087 84.9293 70.3375 70.1433 64.8375 151.034 73.7205
threshold=21.458333015441898 1.0166666507720949 0 11.125000000000002 6.9500000476837167 2.6833333969116215 1.5000000000000002 19.041666984558109 11.683333396911623 368.50000000000006 15.700000286102297 47.399999618530281 8.5500001907348651 11.791666507720949
decision_type=2 2 9 2 2 2 2 2 2 2 2 2 2 2
left_child=1 -1 3 -3 -5 -4 7 11 9 -8 -9 12 -7 -14
right_child=-2 2 5 4 -6 6 8 10 -10 -11 -12 -13 13 -15
leaf_value=-0.029795117601153304 -0.02979511833441293 -0.024991656306852007 -0.0044837685801371102 -0.018694342436124969 0.0018681000780344228 -0.0078449312576563453 0.0035145190009996763 0.010861287953700751 -0.0087450586807316256 -0.016362570093765252 -0.0023592620024807586 0.0056347989417125099 -0.004381908775387567 0.0060394289158114166
leaf_weight=1215.8353382870555 1396.3298606872559 1311.553888887167 5156.5010004788637 1686.3685570955276 3113.3916535973549 6496.0721901357174 7703.3561676815152 12005.930844292045 4017.850885361433 699.04829969257116 1642.3762939870358 9639.6499774083495 3281.0495597273111 9575.005870193243
leaf_count=14144 18284 14275 21751 13508 13220 18491 18098 19748 10226 2013 2677 18978 9151 17275
internal_value=-8.13312e-05 0.000532939 0.00108887 -0.0095547 -0.0053564 0.0021703 0.00279386 0.00406499 -0.00157009 0.00186082 0.00927039 0.00161448 -0.000388119 0.00337975
internal_weight=68940.3 67544 66328.2 6111.31 4799.76 60216.8 55060.3 42640.1 12420.3 8402.4 13648.3 28991.8 19352.1 12856.1
internal_count=211839 193555 179411 41003 26728 138408 116657 86320 30337 20111 22425 63895 44917 26426
cat_boundaries=0 1
cat_threshold=2560
is_linear=0
shrinkage=0.06


Tree=55
num_leaves=15
num_cat=2
split_feature=5 8 0 5 8 4 2 3 8 6 2 2 0 5
split_gain=339.088 306.53 201.076 108.14 123.959 67.75 71.8725 66.0895 80.8428 63.9248 61.0272 56.6162 55.9683 63.8025
threshold=21.458333015441898 1.0166666507720949 0 11.125000000000002 8.9499998092651385 0.72029411792755138 0.42930126190185552 49.649999618530281 35.500000000000007 368.50000000000006 1.0000000180025095e-35 0.65518623590469371 1 19.521871566772464
decision_type=2 2 9 2 2 2 2 2 2 2 2 2 9 2
left_child=1 -1 3 -3 11 6 9 -6 -9 10 -4 -5 -12 -14
right_child=-2 2 5 4 7 -7 -8 8 -10 -11 12 -13 13 -15
leaf_value=-0.029795118693552197 -0.029795118481970934 -0.024870096420241742 -0.029795118197005806 -0.01836642841831744 0.00079322994140946428 -0.0018428928423247744 0.0073432657897182256 0.056697732357418117 -0.015855899430946802 -0.0068051009263258759 0.015989905289920395 0.013149781628820157 0.00072747089302231378 0.0067527423464708121
leaf_weight=1180.1436855345964 1355.3396978825331 1279.1822001338005 208.46087144315243 2073.7284845635295 2220.4533331617713 12448.740473017097 11156.543566122651 170.64994287490845 81.783638656139374 2838.1883914992213 1105.1670759320259 227.73367772251368 24000.323091894388 8591.7477932274342
leaf_count=14144 18284 14275 746 15288 9168 33152 17416 519 250 6996 2962 1503 56564 20572
internal_value=-8.04112e-05 0.000515502 0.0010542 -0.00936182 -0.00522632 0.00210022 0.00312542 0.00410049 0.0331917 0.00184476 0.00256882 -0.0152478 0.00276903 0.00231511
internal_weight=68938.2 67582.8 66402.7 6053.53 4774.35 60349.2 47900.4 2472.89 252.434 36743.9 33905.7 2301.46 33697.2 32592.1
internal_count=211839 193555 179411 41003 26728 138408 105256 9937 769 87840 80844 16791 80098 77136
cat_boundaries=0 1 2
cat_threshold=2560 4195328
is_linear=0
shrinkage=0.06


Tree=56
num_leaves=15
num_cat=3
split_feature=5 8 0 5 8 4 0 2 2 5 8 0 2 5
split_gain=328.966 297.048 190.601 105.968 120.235 65.3412 71.5628 68.4215 64.1375 52.3466 66.0749 107.262 140.633 131.723
threshold=21.458333015441898 1.0166666507720949 0 11.291666507720949 6.9500000476837167 0.56330129504203807 1 0.0083173098973929899 0.3888887763023377 20.958333015441898 7.3666667938232431 2 0.033703841269016273 19.291666984558109
decision_type=2 2 9 2 2 2 9 2 2 2 2 9 2 2
left_child=1 -1 3 -3 -5 7 8 -4 -7 10 11 12 -9 -14
right_child=-2 2 5 4 -6 6 -8 9 -10 -11 -12 -13 13 -15
leaf_value=-0.029795117356075044 -0.029795117039952627 -0.024089161797204075 -0.024494740794142607 -0.018177647707036015 0.0020829241397719643 -0.0020555342385776593 -0.0070851534054525746 0.036209889709078 0.0044469932956230371 -0.0056912141604015497 0.0076311948552002891 0.0084938488711097295 -0.0061754373906597257 0.0090602054322020224
leaf_weight=1145.4998931959271 1315.5528883114457 1335.4466304704547 305.63860595226288 1611.3662568032742 3051.0028757601976 10870.891196578741 4507.7503388077021 348.88261820375919 10972.454196482897 1886.0844992399216 14274.128438636661 6196.9564616009593 8416.1170803830028 2697.6998253017664
leaf_count=14144 18284 15059 1090 13311 12633 27607 13596 1104 23203 6280 21967 15804 21476 6281
internal_value=-7.92412e-05 0.000498884 0.00102092 -0.00917232 -0.00491935 0.00203302 -0.000210997 0.0037664 0.00121029 0.00402181 0.00459548 0.00214174 -0.0012986 -0.00247723
internal_weight=68935.5 67619.9 66474.4 5997.82 4662.37 60476.6 26351.1 34125.5 21843.3 33819.9 31933.8 17659.7 11462.7 11113.8
internal_count=211839 193555 179411 41003 25944 138408 64406 74002 50810 72912 66632 44665 28861 27757
cat_boundaries=0 1 2 3
cat_threshold=2560 2097424 2098192
is_linear=0
shrinkage=0.06


Tree=57
num_leaves=15
num_cat=2
split_feature=5 8 0 8 5 8 8 6 8 7 5 5 1 5
split_gain=319.148 287.869 180.59 104.46 100.278 80.0555 79.8385 66.5063 65.3425 80.2844 136.976 81.8929 66.6414 67.6722
threshold=21.458333015441898 1.0166666507720949 0 18.166666984558109 11.291666507720949 6.9500000476837167 35.500000000000007 151.50000000000003 2.6833333969116215 1.5000000000000002 19.041666984558109 20.458333015441898 1 19.208333015441898
decision_type=2 2 9 2 2 2 2 2 2 2 2 2 1 2
left_child=1 -1 3 4 -3 -6 -5 -7 -4 10 -10 -11 -12 -14
right_child=-2 2 8 6 5 7 -8 -9 9 11 12 -13 13 -15
leaf_value=-0.029795118712101009 -0.029795119705434761 -0.027253076634322713 -0.0044913775683231337 0.035609794048464358 -0.01796453864118 -0.0080220558848491646 -0.0057954025445980974 0.012370196731806088 0.0014632734500022917 0.001607530069361872 0.014622555539981718 -0.0088855574057054819 0.019522242472597026 0.0038530234592686155
leaf_weight=1111.8729972615838 1276.9339879378676 1180.1534875035286 5158.0515958741307 310.06845404207706 1582.3400196284056 1609.3280007690191 365.00433053821325 896.47141899168491 29132.017091065645 8570.4873209893703 4588.7989525049925 3894.1994559764862 1130.2307919561863 8127.2839090004563
leaf_count=14144 18284 13691 21751 1230 13311 7024 1881 3866 63895 19308 6996 11029 1340 14089
internal_value=-7.828e-05 0.000482591 0.000988493 -0.00898371 -0.0118462 -0.00739862 0.0132225 -0.000726551 0.00196766 0.00256892 0.00379851 -0.00167071 0.00871174 0.00575982
internal_weight=68933.2 67656.3 66544.4 5943.37 5268.29 4088.14 675.073 2505.8 60601.1 55443 42978.3 12464.7 13846.3 9257.51
internal_count=211839 193555 179411 41003 37892 24201 3111 10890 138408 116657 86320 30337 22425 15429
cat_boundaries=0 1 2
cat_threshold=2560 16
is_linear=0
shrinkage=0.06


Tree=58
num_leaves=15
num_cat=2
split_feature=5 8 0 5 8 4 0 2 3 8 2 2 5 8
split_gain=309.63 278.99 171.152 101.834 111.569 62.6474 68.036 65.2838 57.8722 67.7125 55.2947 55.2806 52.4084 52.0758
threshold=21.458333015441898 1.0166666507720949 0 11.125000000000002 8.9499998092651385 0.56330129504203807 1 1.0000000180025095e-35 49.649999618530281 35.500000000000007 0.3888887763023377 0.65518623590469371 12.041666507720949 16.500000000000004
decision_type=2 2 9 2 2 2 9 2 2 2 2 2 2 2
left_child=1 -1 3 -3 11 7 10 -4 -6 -10 13 -5 -12 -7
right_child=-2 2 5 4 8 6 -8 -9 9 -11 12 -13 -14 -15
leaf_value=-0.029795117863288246 -0.029795118118658936 -0.024498126389903993 -0.029795118311986064 -0.017856342091277597 0.00071374875321453301 -0.00053117777194144694 -0.0053855199907389588 0.0038018657137515281 0.050491157508475798 -0.015580445227159219 -0.0058686116366912953 0.013453442539998152 0.0067167092130576899 -0.019683728759079661
leaf_weight=1079.2332877218723 1239.4488273337483 1189.3544307500124 209.49215912818909 1985.1281218677759 2226.2380087673664 9546.0144943892956 6943.7379868105054 34089.488570377231 183.84213054180145 80.198822975158691 1399.7864710092545 226.13469184935093 7992.697700381279 539.98513919115067
leaf_count=14144 18284 14275 782 15288 9168 23078 22979 73220 519 250 4314 1503 12867 1168
internal_value=-7.7219e-05 0.000466925 0.000957223 -0.00879865 -0.00484586 0.00190483 -0.000290635 0.00359666 0.00386376 0.0304228 0.00152758 -0.0146544 0.00484109 -0.00155657
internal_weight=68930.8 67691.3 66612.1 5890.9 4701.54 60721.2 26422.2 34299 2490.28 264.041 19478.5 2211.26 9392.48 10086
internal_count=211839 193555 179411 41003 26728 138408 64406 74002 9937 769 41427 16791 17181 24246
cat_boundaries=0 1 2
cat_threshold=2560 2097168
is_linear=0
shrinkage=0.06


Tree=59
num_leaves=15
num_cat=2
split_feature=5 8 0 5 8 8 7 5 5 2 5 0 8 3
split_gain=300.401 270.399 162.187 99.6318 108.347 62.3458 90.9218 113.115 77.8211 69.075 89.7813 179.55 66.6829 58.512
threshold=21.458333015441898 1.0166666507720949 0 11.125000000000002 6.9500000476837167 3.6833333969116215 1.5000000000000002 19.041666984558109 20.458333015441898 0.074395883828401579 20.041666984558109 1 16.500000000000004 47.399999618530281
decision_type=2 2 9 2 2 2 2 2 2 2 2 9 2 2
left_child=1 -1 3 -3 -5 9 7 13 -8 -4 11 -11 -9 -7
right_child=-2 2 5 4 -6 6 8 12 -10 10 -12 -13 -14 -15
leaf_value=-0.029795119852435537 -0.029795117885779904 -0.02436675699835756 0.0099677408623134577 -0.017707955981954071 0.001694134672092347 -2.5044861000683546e-06 0.0013204698084893724 0.010223947078917531 -0.0093561926429019428 0.0038186863128141305 0.0085662615256330756 -0.015741620945347718 -0.0029500859619891913 0.0061868744090592424
leaf_weight=1047.5516927465796 1203.0640545934439 1160.5714856758714 1368.9156437441707 1548.7506634518504 3130.5918964594603 18839.837512627244 7824.6311848014593 11437.148666873574 3583.1628962159157 2926.2326731234789 1534.6684777364135 3984.7317272946239 1573.4754882454872 7764.8840588331223
leaf_count=14144 18284 14275 4997 13508 13220 42431 17223 17366 10131 8417 5916 15351 2527 14049
internal_value=-7.6114e-05 0.000451812 0.000927012 -0.00861567 -0.00472749 0.00184414 0.00268685 0.00404601 -0.00203305 -0.00253497 -0.00456149 -0.00747667 0.00863071 0.00180393
internal_weight=68928.2 67725.2 66677.6 5839.91 4679.34 60837.7 51023.1 39615.3 11407.8 9814.55 8445.63 6910.96 13010.6 26604.7
internal_count=211839 193555 179411 41003 26728 138408 103727 76373 27354 34681 29684 23768 19893 56480
cat_boundaries=0 1 2
cat_threshold=2560 4222976
is_linear=0
shrinkage=0.06


Tree=60
num_leaves=15
num_cat=2
split_feature=5 8 0 5 8 8 7 5 8 6 1 5 3 8
split_gain=291.448 262.081 153.621 97.451 104.174 59.7908 69.8484 118.771 79.4378 63.9476 60.3013 60.717 56.6031 136.534
threshold=21.458333015441898 1.0166666507720949 0 11.125000000000002 6.9500000476837167 2.6833333969116215 1.5000000000000002 19.041666984558109 11.683333396911623 368.50000000000006 1 19.208333015441898 47.399999618530281 9.0500001907348651
decision_type=2 2 9 2 2 2 2 2 2 2 1 2 2 2
left_child=1 -1 3 -3 -5 -4 7 12 9 -8 -9 -12 13 -7
right_child=-2 2 5 4 -6 6 8 10 -10 -11 11 -13 -14 -15
leaf_value=-0.029795117343293553 -0.029795117262081078 -0.024232862019831231 -0.0044065037483348116 -0.017492010474047581 0.0016408328609932863 -0.0070024706212354973 0.0032294752561873759 0.01356220634629067 -0.0085878088655225709 -0.015969280853092804 0.018048012855622842 0.0034138802191672809 0.0050302593522202777 0.0033595922154313869
leaf_weight=1016.8002050071955 1167.747365526855 1132.6338606029749 5140.8083244115114 1521.5668529719114 3135.9000413268805 7362.3741934671998 7769.8458448126912 4701.2674350440502 3988.0589341968298 679.16321090608835 1165.0575344413519 8234.7560318112373 9806.9862491339445 12103.257564172149
leaf_count=14144 18284 14275 21751 13508 13220 20327 18098 6996 10226 2013 1340 14089 18978 24590
internal_value=-7.52541e-05 0.000436937 0.000897518 -0.00843377 -0.00460975 0.00178504 0.00235567 0.00349229 -0.00160825 0.00168621 0.00801603 0.00522215 0.00131313 -0.000559591
internal_weight=68926.2 67758.5 66741.7 5790.1 4657.47 60951.6 55810.8 43373.7 12437.1 8449.01 14101.1 9399.81 29272.6 19465.6
internal_count=211839 193555 179411 41003 26728 138408 116657 86320 30337 20111 22425 15429 63895 44917
cat_boundaries=0 1 2
cat_threshold=2560 16
is_linear=0
shrinkage=0.06


Tree=61
num_leaves=15
num_cat=3
split_feature=5 8 0 8 5 8 2 0 8 4 2 2 6 0
split_gain=282.769 254.033 145.499 96.2921 108.619 73.3755 69.1533 85.908 71.0475 58.2209 60.2014 53.3733 61.1716 50.813
threshold=21.458333015441898 1.0166666507720949 0 12.700000286102297 14.74995279312134 5.9500000476837167 0.2777783870697022 1 35.500000000000007 0.72029411792755138 1.0000000180025095e-35 0.42930126190185552 423.50000000000006 2
decision_type=2 2 9 2 2 2 2 9 2 2 2 2 2 9
left_child=1 -1 3 4 -3 -6 8 -8 -5 10 -4 12 13 -12
right_child=-2 2 9 6 5 -7 7 -9 -10 -11 11 -13 -14 -15
leaf_value=-0.029795118857931135 -0.029795118250412953 -0.023446624132068033 -0.029795118231680233 0.04015676359693951 -0.015761174998320918 0.00820022876172255 0.011939529721148876 -0.017216081196307492 -0.0094208291273456084 -0.0019259208944514548 0.014542078937708557 0.0063835837980291679 -0.011671248629545702 0.0017273154092679009
leaf_weight=986.95136711001396 1133.467384878546 1994.1737469658256 204.78660359233618 301.06409471482038 880.72182930260897 963.27584971487522 671.39909202605486 772.09097345918417 159.02394872903824 12485.827818490565 1141.5827423259616 11452.483882918954 1192.7916318923235 34584.154780045152
leaf_count=14144 18284 17541 782 878 8130 4806 2848 6286 514 33152 2970 17416 2953 81135
internal_value=-7.42072e-05 0.000422732 0.00086917 -0.0082542 -0.0137406 -0.00324411 0.00276462 -0.00369172 0.0230209 0.00172813 0.00266771 0.00280515 0.00169509 0.00214135
internal_weight=68923.8 67790.3 66803.4 5741.75 3838.17 1844 1903.58 1443.49 460.088 61061.6 48575.8 48371 36918.5 35725.7
internal_count=211839 193555 179411 41003 30477 12936 10526 9134 1392 138408 105256 104474 87058 84105
cat_boundaries=0 1 2 3
cat_threshold=2560 2048 4195328
is_linear=0
shrinkage=0.06


Tree=62
num_leaves=15
num_cat=2
split_feature=5 8 0 5 8 8 7 5 5 2 5 0 8 5
split_gain=274.355 246.244 137.883 93.8618 97.3469 56.5429 79.8243 97.4993 73.0857 65.9159 85.4056 170.981 60.9803 56.1775
threshold=21.458333015441898 1.0166666507720949 0 11.125000000000002 6.9500000476837167 3.6833333969116215 1.5000000000000002 19.041666984558109 20.458333015441898 0.074395883828401579 20.041666984558109 1 15.700000286102297 18.541666984558109
decision_type=2 2 9 2 2 2 2 2 2 2 2 9 2 2
left_child=1 -1 3 -3 13 9 7 -7 -8 -4 11 -11 -9 -5
right_child=-2 2 5 4 -6 6 8 12 -10 10 -12 -13 -14 -15
leaf_value=-0.029795117923893031 -0.029795118417965196 -0.023982176303713205 0.0096541589910433961 -0.022056171140072682 0.0016120722061529692 0.0016469779280919629 0.0012692334776007797 0.009486546509725708 -0.0091163821126274414 0.0035711766160654427 0.0082398746140789226 -0.015535708672010476 -0.0027835690042713498 0.01053713218632993
leaf_weight=957.97885002940893 1100.1937621571124 1083.7885552942753 1379.7971396520734 1248.2318554446101 3138.7716895416379 26737.530365131795 7837.5368281528354 11580.059129998088 3541.609083533287 2948.0135280415416 1547.8378121852875 3927.0460239201784 1668.1753399372101 224.63413240015507
leaf_count=14144 18284 14275 4997 11545 13220 56480 17223 17216 10131 8417 5916 15351 2677 1963
internal_value=-7.30896e-05 0.000409062 0.000841812 -0.00807931 -0.00435947 0.00167352 0.00247072 0.00373251 -0.00196315 -0.00250201 -0.00449337 -0.00736011 0.00794153 -0.0170852
internal_weight=68921.2 67821 66863 5695.43 4611.64 61167.6 51364.9 39985.8 11379.1 9802.69 8422.9 6875.06 13248.2 1472.87
internal_count=211839 193555 179411 41003 26728 138408 103727 76373 27354 34681 29684 23768 19893 13508
cat_boundaries=0 1 2
cat_threshold=2560 4222976
is_linear=0
shrinkage=0.06


Tree=63
num_leaves=15
num_cat=2
split_feature=5 8 0 8 5 8 6 8 4 0 2 2 8 8
split_gain=266.19 238.701 130.577 91.8278 93.3396 67.6505 67.6329 63.5064 57.3921 63.5137 61.0725 52.0178 46.1322 46.1229
threshold=21.458333015441898 1.0166666507720949 0 18.166666984558109 11.291666507720949 5.9500000476837167 151.50000000000003 35.500000000000007 0.56330129504203807 1 0.0083173098973929899 0.3888887763023377 16.500000000000004 51.500000000000007
decision_type=2 2 9 2 2 2 2 2 2 9 2 2 2 2
left_child=1 -1 3 4 -3 -6 -7 -5 10 11 -4 12 -10 -9
right_child=-2 2 8 7 5 6 -8 13 9 -11 -12 -13 -14 -15
leaf_value=-0.029795119365252792 -0.029795118341155349 -0.02687222577941677 -0.02420365598180042 0.031617605886966764 -0.018819346697006099 -0.0089925088674713896 0.01014743838243304 -0.0094320432432748718 -0.0012271451765937297 -0.0069771526207531324 0.0034594603115464203 0.0037145458092751149 -0.019429302357892166 0.10077839670794095
leaf_weight=929.85673621296883 1067.8968945667148 1026.3805235847831 289.72743384540081 330.2247279509902 1147.9830641150475 1701.7095832675695 1090.5661409795284 338.84863070398569 10364.5435090065 4486.3671717122197 34391.775524817407 11212.287881158292 526.73131513595581 14.244849026203154
leaf_count=14144 18284 13691 1090 1230 11106 7955 5140 1772 26439 13596 72912 23203 1168 109
internal_value=-7.22012e-05 0.000395602 0.000815095 -0.00790486 -0.0107561 -0.00655807 -0.00151711 0.0127034 0.0016202 -0.000476726 0.00322836 0.000845442 -0.00210745 -0.00498582
internal_weight=68919.1 67851.2 66921.4 5649.96 4966.64 3940.26 2792.28 683.318 61271.4 26589.9 34681.5 22103.6 10891.3 353.093
internal_count=211839 193555 179411 41003 37892 24201 13095 3111 138408 64406 74002 50810 27607 1881
cat_boundaries=0 1 2
cat_threshold=2560 2097424
is_linear=0
shrinkage=0.06


Tree=64
num_leaves=15
num_cat=3
split_feature=5 8 0 5 8 8 3 5 0 2 5 5 8 0
split_gain=258.275 231.401 123.7 89.6494 91.3847 54.7364 64.4772 73.9856 74.5594 69.4549 55.6656 54.1764 51.0323 75.0908
threshold=21.458333015441898 1.0166666507720949 0 11.125000000000002 8.9499998092651385 2.6833333969116215 45.399999618530281 11.541666507720949 1 0.3888887763023377 20.958333015441898 17.541666984558109 7.0166666507720956 2
decision_type=2 2 9 2 2 2 2 2 9 2 2 2 2 9
left_child=1 -1 3 -3 11 -4 7 -7 9 -9 12 -5 13 -8
right_child=-2 2 5 4 -6 6 10 8 -10 -11 -12 -13 -14 -15
leaf_value=-0.029795117881071906 -0.029795118305952377 -0.02370248535299543 -0.0043625008630438613 -0.019260494993211252 0.0035316786945822566 -0.0067431161992234168 0.0097075930311483396 -0.00031498562064260409 -0.0038167281061805758 0.0063862694190126726 -0.006394275839910377 0.0029952899940052292 0.0088015005399827827 -0.00053174908001151736
leaf_weight=902.56025621667504 1036.5481167584658 1034.0357492417097 5131.9138455539942 1526.395371556282 2515.0931741297245 4457.3135108575225 3817.5335193425417 10465.149653553963 7068.8817324414849 11898.382763445377 1540.2009692564607 530.64298611134291 9087.5318027958274 7904.4663861244917
leaf_count=14144 18284 14275 21751 12495 9937 14017 7333 21844 20682 17310 4912 4296 14089 16470
internal_value=-7.11255e-05 0.000382768 0.000789432 -0.00773417 -0.00413969 0.00156905 0.00211059 0.000460776 0.00155175 0.00324892 0.00461227 -0.0135193 0.00542691 0.00281075
internal_weight=68916.6 67880.1 66977.5 5606.17 4572.13 61371.4 56239.5 33889.7 29432.4 22363.5 22349.7 2057.04 20809.5 11722
internal_count=211839 193555 179411 41003 26728 138408 116657 73853 59836 39154 42804 16791 37892 23803
cat_boundaries=0 1 2 3
cat_threshold=2560 6291472 4215040
is_linear=0
shrinkage=0.06


Tree=65
num_leaves=15
num_cat=3
split_feature=5 8 0 8 5 8 2 0 8 2 4 1 5 5
split_gain=250.6 224.333 117.129 87.8141 105.845 64.7585 58.8961 77.662 59.6211 53.4327 56.9181 58.3175 79.2527 65.7248
threshold=21.458333015441898 1.0166666507720949 0 12.700000286102297 14.74995279312134 5.9500000476837167 0.2777783870697022 1 35.500000000000007 1.0000000180025095e-35 0.56330129504203807 2 18.541666984558109 20.208333015441898
decision_type=2 2 9 2 2 2 2 9 2 2 2 1 2 2
left_child=1 -1 3 4 -3 -6 8 -8 -5 -4 -11 12 -12 -13
right_child=-2 2 9 6 5 -7 7 -9 -10 10 11 13 -14 -15
leaf_value=-0.029795118085974126 -0.02979511811862514 -0.023011415493998315 -0.029795118375276926 0.035999210368852674 -0.014920040534253639 0.0078979888209836577 0.011304562626615436 -0.016611420402473768 -0.0091484010327530629 0.0032204380087677009 -0.0037259464944713926 -0.00070457471849911862 0.0097862761205943973 -0.010685660052631076
leaf_weight=876.06503768265247 1006.1196087487042 1866.2373389676213 195.5358155220747 320.08837745338678 830.92000941187143 970.99980437010527 681.92633102834225 736.22088433802128 156.92567387223244 34689.828986369073 2581.6700643748045 17289.329796418548 3958.9813024699688 2753.2962719276547
leaf_count=14144 18284 17541 782 878 8130 4806 2848 6286 514 73220 7198 41478 7341 8389
internal_value=-7.00452e-05 0.000370359 0.000764603 -0.00756457 -0.0129965 -0.0026241 0.00290922 -0.00322524 0.0211468 0.00151943 0.00161961 -0.000469389 0.00444605 -0.00207466
internal_weight=68914.1 67908 67032 5563.32 3668.16 1801.92 1895.16 1418.15 477.014 61468.6 61273.1 26583.3 6540.65 20042.6
internal_count=211839 193555 179411 41003 30477 12936 10526 9134 1392 138408 137626 64406 14539 49867
cat_boundaries=0 1 2 3
cat_threshold=2560 2048 16
is_linear=0
shrinkage=0.06


Tree=66
num_leaves=15
num_cat=1
split_feature=5 8 0 5 8 5 8 7 5 8 6 8 3 8
split_gain=243.154 217.489 110.956 86.0713 85.7067 55.1104 51.8286 59.3971 102.819 73.8474 58.7888 52.2513 50.3094 99.2104
threshold=21.458333015441898 1.0166666507720949 0 11.125000000000002 6.9500000476837167 18.541666984558109 2.6833333969116215 1.5000000000000002 19.041666984558109 11.683333396911623 368.50000000000006 16.500000000000004 68.299999237060561 8.5500001907348651
decision_type=2 2 9 2 2 2 2 2 2 2 2 2 2 2
left_child=1 -1 3 -3 5 -5 -4 8 12 10 -9 -10 13 -8
right_child=-2 2 6 4 -6 -7 7 9 11 -11 -12 -13 -14 -15
leaf_value=-0.029795118423295068 -0.029795118722929219 -0.02343484471901934 -0.0043078437357699437 -0.021523628241821281 0.0015758955733218207 0.011125547197981594 -0.0045346801919459185 0.002943430820236465 0.0084547307434398849 -0.0084298309361228868 -0.015651703843501175 -0.0031008470455956508 0.0065280314644630246 0.0031707023354956712
leaf_weight=850.3475848659873 976.58432491496205 990.52348434925079 5120.9085071757436 1167.866975709796 3142.3912548497319 221.40402340888977 10459.43857922405 7837.7327926903963 12835.031034275889 3958.570689484477 663.91322998702526 1582.3619877696037 4946.4322495311499 14158.300687894225
leaf_count=14144 18284 14275 21751 11545 13220 1963 28429 18098 19898 10226 2013 2527 6922 28544
internal_value=-6.90368e-05 0.000358282 0.000740498 -0.00739928 -0.00391058 -0.0163204 0.0014716 0.00199622 0.00303223 -0.00166062 0.00149129 0.00718646 0.00100635 -0.000103115
internal_weight=68911.8 67935.2 67084.9 5522.19 4531.66 1389.27 61562.7 56441.8 43981.6 12460.2 8501.65 14417.4 29564.2 24617.7
internal_count=211839 193555 179411 41003 26728 13508 138408 116657 86320 30337 20111 22425 63895 56973
cat_boundaries=0 1
cat_threshold=2560
is_linear=0
shrinkage=0.06


Tree=67
num_leaves=15
num_cat=3
split_feature=5 8 0 5 8 2 4 0 6 8 8 1 5 5
split_gain=235.933 210.861 105.041 83.9323 82.9582 51.5184 53.9701 57.2987 46.0528 54.2787 45.7778 45.6351 65.9441 59.3809
threshold=21.458333015441898 1.0166666507720949 0 11.125000000000002 5.9500000476837167 1.0000000180025095e-35 0.56330129504203807 1 149.50000000000003 12.700000286102297 49.500000000000007 2 18.958333015441898 20.208333015441898
decision_type=2 2 9 2 2 2 2 9 2 2 2 1 2 2
left_child=1 -1 3 10 -5 -4 -7 11 9 -6 -3 12 -8 -13
right_child=-2 2 5 4 8 6 7 -9 -10 -11 -12 13 -14 -15
leaf_value=-0.029795119111848064 -0.02979511878736265 -0.024363322060044646 -0.029795118113534077 -0.018230839064922226 -0.015352956089599608 0.0030758187662140606 -0.0022448648701052626 -0.0067276867403960727 0.0089806008670527751 0.004466748173274567 0.13452515130276066 0.0005784511231963945 0.011216563819328789 -0.0099906085387839651
leaf_weight=825.38510193675756 947.9160805568099 961.0080728456378 189.69135036319494 1089.5620656609535 963.84456735104322 34842.450586743653 2262.1207726895809 4437.7405676022172 1432.8554410561919 1027.9650063291192 6.5725306421518317 14607.305305384099 3112.8203810080886 2202.2256860435009
leaf_count=14144 18284 14196 782 11266 5437 73220 5560 13596 6099 3926 79 32663 5693 6894
internal_value=-6.80257e-05 0.000346603 0.000717171 -0.00723461 -0.0038106 0.00142512 0.00152171 -0.000512278 0.000777215 -0.00512409 -0.023284 0.000733743 0.00554082 -0.000805728
internal_weight=68909.5 67961.5 67136.2 5481.81 4514.23 61654.4 61464.7 26622.2 3424.67 1991.81 967.581 22184.5 5374.94 16809.5
internal_count=211839 193555 179411 41003 26728 138408 137626 64406 15462 9363 14275 50810 11253 39557
cat_boundaries=0 1 2 3
cat_threshold=2560 2097424 16
is_linear=0
shrinkage=0.06


Tree=68
num_leaves=15
num_cat=3
split_feature=5 8 0 5 8 8 5 1 5 2 5 0 2 4
split_gain=228.929 204.444 99.4549 81.937 82.386 50.2667 76.7935 114.027 84.5746 79.1255 68.8864 162.628 180.089 59.084
threshold=21.458333015441898 1.0166666507720949 0 11.791666507720949 7.9500000476837167 4.9500000476837167 20.208333015441898 1 18.541666984558109 0.22222281992435458 19.791666984558109 2 0.069445088505744948 0.51564025878906261
decision_type=2 2 9 2 2 2 2 1 2 2 2 9 2 2
left_child=1 -1 3 -3 -5 10 8 -8 9 -7 11 13 -13 -4
right_child=-2 2 5 4 -6 6 7 -9 -10 -11 -12 12 -14 -15
leaf_value=-0.029795117814858756 -0.029795117593247752 -0.019813386339997793 0.0083471356256568357 -0.01361486311736093 0.0039139310701139353 0.0081233500926294333 0.0097641717558667844 -0.008201929450322892 0.0068073456048810517 -0.00052911254880211658 0.0061559394748075683 0.013957172297390286 -0.013386827023870914 -0.0076532461229989477
leaf_weight=801.15541614219546 920.08945973217487 1364.4926329627633 3745.4524765536189 1568.5784688219428 2509.7118108719587 4717.9120756387711 1700.949594669044 4956.471260972321 15558.952557101846 19660.62630020082 3226.2193996608257 1010.8270815759897 6097.8927335515618 1067.6603980734944
leaf_count=14144 18284 17146 9291 14425 9432 8863 3257 13660 21217 43896 10467 3465 20290 4002
internal_value=-6.69593e-05 0.000335362 0.000694652 -0.00707315 -0.00282794 0.00138032 0.00235668 -0.0036093 0.00335118 0.00114537 -0.00162199 -0.00372681 -0.00948529 0.00478793
internal_weight=68907 67986.9 67185.7 5442.78 4078.29 61743 46594.9 6657.42 39937.5 24378.5 15148.1 11921.8 7108.72 4813.11
internal_count=211839 193555 179411 41003 23857 138408 90893 16917 73976 52759 47515 37048 23755 13293
cat_boundaries=0 1 2 3
cat_threshold=2560 16 4222976
is_linear=0
shrinkage=0.06


Tree=69
num_leaves=15
num_cat=4
split_feature=5 8 5 0 1 5 8 0 2 3 8 5 6 0
split_gain=222.133 198.225 96.1086 132.944 93.9048 129.738 76.8059 77.4682 79.8922 69.4413 105.655 67.4781 52.994 50.8344
threshold=21.458333015441898 1.0166666507720949 15.541666507720949 0 1 20.208333015441898 3.6333333253860478 2 0.069445088505744948 67.349998474121108 12.583333492279055 19.291666984558109 423.50000000000006 3
decision_type=2 2 2 9 1 2 2 9 2 2 2 2 2 9
left_child=1 -1 3 -3 11 6 7 -6 -9 10 13 -4 -7 -5
right_child=-2 2 4 9 5 12 -8 8 -10 -11 -12 -13 -14 -15
leaf_value=-0.029795118609514649 -0.029795118051993183 -0.017227611377172686 0.0022200992951827881 -0.016164996270245386 0.0067539396864217029 -0.0048736521037981359 0.0041101877352639656 0.016640074038997973 -0.016474445103239845 0.0044396165623600461 0.0066548058736828246 0.011710255104385845 -0.022541932970138113 -0.0040739041996845863
leaf_weight=777.63700037822127 893.07962693274021 1961.5884785652161 5097.3884336054325 1389.6904184371233 1208.0327882766724 5972.4415780603886 21247.470789395273 302.61530718952417 1967.9185794442892 6193.7094118669629 3292.1879065409303 5728.3185509517789 680.80432470142841 12192.299292303622
leaf_count=14144 18284 16462 11120 12325 3643 17781 39956 1199 10485 10777 9689 11243 2220 32511
internal_value=-6.61788e-05 0.000324197 0.000672559 -0.00227317 0.00241951 0.000755625 0.00275713 -0.00550753 -0.0120081 -0.00099361 -0.00298848 0.00723504 -0.00668159 -0.00532595
internal_weight=68905.2 68012.1 67234.5 25029.5 42205 31379.3 24726 3478.57 2270.53 23067.9 16874.2 10825.7 6653.25 13582
internal_count=211839 193555 179411 81764 97647 75284 55283 15327 11684 65302 54525 22363 20001 44836
cat_boundaries=0 1 2 3 4
cat_threshold=768 16 4222976 3072
is_linear=0
shrinkage=0.06


Tree=70
num_leaves=15
num_cat=4
split_feature=5 8 5 0 1 5 8 0 2 3 8 5 6 0
split_gain=215.539 192.201 90.4108 127.815 87.4628 122.524 72.2306 73.7467 76.2393 65.3472 99.6262 62.1572 51.6499 49.1357
threshold=21.458333015441898 1.0166666507720949 15.541666507720949 0 1 20.208333015441898 3.6333333253860478 2 0.059561572968959815 67.349998474121108 12.583333492279055 19.291666984558109 423.50000000000006 3
decision_type=2 2 2 9 1 2 2 9 2 2 2 2 2 9
left_child=1 -1 3 -3 11 6 7 -6 -9 10 13 -4 -7 -5
right_child=-2 2 4 9 5 12 -8 8 -10 -11 -12 -13 -14 -15
leaf_value=-0.029795118273659861 -0.029795117879233075 -0.017010354362363388 0.0021491012202728313 -0.015944487573347772 0.0065099275558878995 -0.0047518971856589324 0.0039711166342633643 0.019085125987824098 -0.015802001982737568 0.0042879642822222386 0.0064130441485466209 0.011227051273370465 -0.022376575175363643 -0.0039689911526268979
leaf_weight=754.80898619815707 866.86274933069944 1928.0844358950853 5108.7177094966173 1367.4066720530391 1216.2193839848042 5943.4047932401299 21334.981629103422 254.33588100224733 1989.1209031119943 6221.2682674452662 3314.1698300093412 5795.7929386720061 665.6293642744422 12142.7300446257
leaf_count=14144 18284 16462 11120 12325 3643 17781 39956 997 10687 10777 9689 11243 2220 32511
internal_value=-6.54673e-05 0.000313321 0.000651096 -0.00221166 0.00234092 0.000731887 0.00266704 -0.00537491 -0.0117944 -0.000965737 -0.00290902 0.00696768 -0.00652697 -0.00519581
internal_weight=68903.5 68036.7 67281.9 24973.7 42308.2 31403.7 24794.7 3459.68 2243.46 23045.6 16824.3 10904.5 6609.03 13510.1
internal_count=211839 193555 179411 81764 97647 75284 55283 15327 11684 65302 54525 22363 20001 44836
cat_boundaries=0 1 2 3 4
cat_threshold=768 16 4222976 3072
is_linear=0
shrinkage=0.06


Tree=71
num_leaves=15
num_cat=4
split_feature=5 8 5 0 1 5 8 0 3 8 2 5 0 6
split_gain=209.144 186.367 85.0549 122.847 81.4938 115.707 67.9863 75.2677 61.4973 97.0984 61.2715 57.3042 56.1165 50.3175
threshold=21.458333015441898 1.0166666507720949 15.541666507720949 0 1 20.208333015441898 3.3666666746139531 2 67.349998474121108 7.4166667461395273 0.069445088505744948 19.291666984558109 3 423.50000000000006
decision_type=2 2 2 9 1 2 2 9 2 2 2 2 9 2
left_child=1 -1 3 -3 11 6 7 -6 9 12 -9 -4 -5 -7
right_child=-2 2 4 8 5 13 -8 10 -10 -11 -12 -13 -14 -15
leaf_value=-0.029795117600624695 -0.029795119087330041 -0.016792172305686057 0.0020805235625565559 -0.0031350291684816697 0.0064875600438340734 -0.0046326111756377067 0.0038150237404060931 0.012843593760475936 0.0041421302259908397 0.00047818461367545977 -0.016401207393217522 0.010769069028104695 -0.01498690762354352 -0.022208702561186015
leaf_weight=732.651122469455 841.41542793810368 1895.5643872506917 5119.7086692750454 2873.1093141064048 1216.9753263071179 5915.2293402552605 21526.716541178524 300.57193171232939 6248.0020672231913 10995.628813698888 1816.9450602009892 5861.2292363643646 2907.1621103473008 650.90026386082172
leaf_count=14144 18284 16462 11120 8940 3614 17781 40230 1177 10777 30510 10262 11243 15075 2220
internal_value=-6.47235e-05 0.000302827 0.000630348 -0.00215167 0.00226509 0.000708926 0.00258014 -0.005392 -0.000938612 -0.00283144 -0.0121925 0.00671204 -0.00912723 -0.00637493
internal_weight=68901.8 68060.4 67327.7 24919.5 42408.3 31427.3 24861.2 3334.49 23023.9 16775.9 2117.52 10980.9 5780.27 6566.13
internal_count=211839 193555 179411 81764 97647 75284 55283 15053 65302 54525 11439 22363 24015 20001
cat_boundaries=0 1 2 3 4
cat_threshold=768 16 4222976 4214800
is_linear=0
shrinkage=0.06


Tree=72
num_leaves=15
num_cat=3
split_feature=5 8 0 3 8 5 2 0 8 8 2 6 8 0
split_gain=202.941 180.716 80.0606 126.531 81.5565 99.3335 114.979 162.162 62.3742 60.8382 58.5289 56.8186 104.493 62.4404
threshold=21.458333015441898 1.0166666507720949 0 65.750000000000014 6.1499998569488534 19.791666984558109 0.11860045790672304 1 3.6333333253860478 16.500000000000004 0.48610912263393408 171.50000000000003 12.449999809265138 2
decision_type=2 2 9 2 2 2 2 9 2 2 2 2 2 9
left_child=1 -1 4 11 5 6 -3 -8 -9 -6 -11 12 -4 -14
right_child=-2 2 3 -5 9 -7 7 8 -10 10 -12 -13 13 -15
leaf_value=-0.029795117450026682 -0.029795118350901914 0.0068871341776740721 -0.015326723164593671 0.0096001672640611494 0.0044470153864916099 0.0083354893172785573 0.0045300942920181043 -0.020727755558664213 -0.00826577729790361 -0.010546317882989291 0.0060428022926214374 -0.0020506276858943298 0.016006710857149404 -0.0062579178833044704
leaf_weight=711.14369593933225 816.71517027169466 2844.2637378945947 3808.1625383011997 2554.1127323321998 29601.426439210773 2962.8166830390692 3204.4870619624853 1991.0971067324281 5280.3288452774286 2004.2807550728321 1238.9111766219139 9930.6202392056584 697.35059478878975 1254.2944287844002
leaf_count=14144 18284 8449 27410 5553 50299 7967 7623 8407 11839 3563 1562 34996 2897 8846
internal_value=-6.39474e-05 0.000292702 0.000610293 -0.00278288 0.0018706 -0.00160104 -0.00381123 -0.00671589 -0.0116621 0.00359227 -0.00420921 -0.00480039 -0.00954132 0.0017475
internal_weight=68900 68083.3 67372.2 18244.5 49127.6 16283 13320.2 10475.9 7271.43 32844.6 3243.19 15690.4 5759.81 1951.65
internal_count=211839 193555 179411 79702 99709 44285 36318 27869 20246 55424 5125 74149 39153 11743
cat_boundaries=0 1 2 3
cat_threshold=6307856 4210688 2304
is_linear=0
shrinkage=0.06


Tree=73
num_leaves=15
num_cat=3
split_feature=5 8 5 0 1 5 8 0 3 8 5 5 2 5
split_gain=196.926 175.243 78.9633 114.48 76.0897 110.792 62.2738 69.6672 59.1333 111.003 58.6941 64.7068 57.1571 52.4063
threshold=21.458333015441898 1.0166666507720949 15.541666507720949 0 1 20.208333015441898 3.3666666746139531 2 47.399999618530281 7.4166667461395273 12.041666507720949 14.208333492279055 0.069445088505744948 19.291666984558109
decision_type=2 2 2 9 1 2 2 9 2 2 2 2 2 2
left_child=1 -1 3 -3 13 6 7 -6 9 -5 -11 -12 -9 -4
right_child=-2 2 4 8 5 -7 -8 12 -10 10 11 -13 -14 -15
leaf_value=-0.029795118242248456 -0.029795118913449666 -0.016435364814905696 0.0020046753412340758 -0.013564796651942554 0.0061214409886842808 -0.0062933249232076079 0.0036509744230210622 0.012005653867313578 0.0024635444450762062 -0.0045169745122350061 0.012075212725550594 -0.0029643249467769493 -0.016053479574992435 0.01028518685792488
leaf_weight=690.26760571822524 792.73998219147325 1844.6712898425758 5131.9201040267944 3088.2936991639435 1229.4826365932822 6543.3304651901126 21632.302668772638 306.59720569103956 10223.486441913992 5582.9258020743728 2164.1099607646465 1964.9810432642698 1770.9678180068731 5931.9907769411802
leaf_count=14144 18284 16462 11120 15637 3614 20001 40230 1177 22155 17747 5540 4223 10262 11243
internal_value=-6.31087e-05 0.000282969 0.000590941 -0.00209498 0.00216086 0.000655321 0.0024787 -0.00518949 -0.00093848 -0.00365638 -0.00050563 0.00491809 -0.0118556 0.00643851
internal_weight=68898.1 68105.3 67415.1 24868.5 42546.6 31482.7 24939.4 3307.05 23023.8 12800.3 9712.02 4129.09 2077.57 11063.9
internal_count=211839 193555 179411 81764 97647 75284 55283 15053 65302 43147 27510 9763 11439 22363
cat_boundaries=0 1 2 3
cat_threshold=768 16 4222976
is_linear=0
shrinkage=0.06


Tree=74
num_leaves=15
num_cat=3
split_feature=5 8 5 0 1 5 8 0 3 8 5 8 5 2
split_gain=191.09 169.94 74.2982 109.951 70.9518 104.623 58.5864 66.3292 55.8002 106.389 55.5272 62.3034 65.7133 54.6822
threshold=21.458333015441898 1.0166666507720949 15.541666507720949 0 1 20.208333015441898 3.3666666746139531 2 47.399999618530281 7.4166667461395273 11.791666507720949 11.633333683013918 13.958333492279055 0.069445088505744948
decision_type=2 2 2 9 1 2 2 9 2 2 2 2 2 2
left_child=1 -1 3 -3 -4 6 7 -6 9 -5 -11 -12 -13 -9
right_child=-2 2 4 8 5 -7 -8 13 -10 10 11 12 -14 -15
leaf_value=-0.029795118896487074 -0.029795117556786418 -0.01621519146057928 0.0062056599557692204 -0.013343135686886951 0.0059040088439521309 -0.0061449541136337164 0.00352908623444403 0.011506809137011766 0.0023841715762254645 -0.0049975591128073133 -0.0022045106085113626 0.01953345946693574 -0.0018039924685741828 -0.015831098136206329
leaf_weight=670.00438258051872 769.46861945465207 1814.6012335270643 11135.53550196439 3046.6844666451216 1237.031916692853 6502.2804622873664 21711.426033511758 310.30029065161943 10248.703487575054 4887.8197883367538 2607.6265126913786 1377.6192899346352 834.26440823078156 1742.7646158412099
leaf_count=14144 18284 16462 22363 15637 3614 20001 40230 1177 22155 16190 6303 3306 1711 10262
internal_value=-6.2273e-05 0.00027355 0.000572203 -0.00203789 0.00209135 0.000634911 0.00239844 -0.00506272 -0.000912048 -0.0035615 -0.000491489 0.00407845 0.0114855 -0.0116425
internal_weight=68896.1 68126.7 67456.7 24817.3 42639.3 31503.8 25001.5 3290.1 23002.7 12754 9707.33 4819.51 2211.88 2053.06
internal_count=211839 193555 179411 81764 97647 75284 55283 15053 65302 43147 27510 11320 5017 11439
cat_boundaries=0 1 2 3
cat_threshold=768 16 4222976
is_linear=0
shrinkage=0.06


Tree=75
num_leaves=15
num_cat=2
split_feature=5 8 0 3 8 5 2 0 8 8 6 5 2 5
split_gain=185.43 164.803 72.2672 115.95 73.3319 94.7437 106.148 153.353 58.8806 58.5345 55.6519 60.5779 55.1657 51.3113
threshold=21.458333015441898 1.0166666507720949 0 65.450000762939467 6.1499998569488534 19.791666984558109 0.11860045790672304 1 3.6333333253860478 16.500000000000004 29.500000000000004 19.291666984558109 0.4000802487134934 10.791666507720949
decision_type=2 2 9 2 2 2 2 9 2 2 2 2 2 2
left_child=1 -1 4 -4 5 6 -3 -8 -9 13 -10 -12 -11 -6
right_child=-2 2 3 -5 9 -7 7 8 10 12 11 -13 -14 -15
leaf_value=-0.029795118534820177 -0.029795118376019711 0.0064774762638880748 -0.0047939993158459086 0.0081872469130171016 -0.0021302082814254855 0.0081144178912898428 0.0043261900041772442 -0.020413795322811991 0.02359492895360352 -0.01568953059238876 -0.012178425324034604 0.0058787229047431088 0.0010752010948431585 0.0051803511384676607
leaf_weight=650.33597766235471 746.88037867471576 2876.3864640817046 15216.038969624788 2958.7414896115661 3990.3979610204697 2980.0944945216179 3223.6963753551245 1924.4620707631111 191.60874484479427 1037.8865675628185 4266.1809190809727 793.18624380230904 2213.7768875062466 25824.442608475685
leaf_count=14144 18284 8449 72489 7213 9001 7967 7623 8407 390 2199 10181 1268 2926 41298
internal_value=-6.14035e-05 0.000264472 0.000554098 -0.00267926 0.00174575 -0.00155355 -0.00372382 -0.00654549 -0.0114199 0.00336823 -0.00814543 -0.0093475 -0.00427587 0.00420191
internal_weight=68894.1 68147.2 67496.9 18174.8 49322.1 16255.6 13275.5 10399.1 7175.44 33066.5 5250.98 5059.37 3251.66 29814.8
internal_count=211839 193555 179411 79702 99709 44285 36318 27869 20246 55424 11839 11449 5125 50299
cat_boundaries=0 1 2
cat_threshold=6307856 4210688
is_linear=0
shrinkage=0.06


Tree=76
num_leaves=15
num_cat=3
split_feature=5 8 6 8 0 0 4 5 5 0 2 8 6 8
split_gain=179.939 159.826 70.8855 60.9622 100.164 84.4329 68.3068 68.0749 62.9755 145.939 177.737 60.7906 46.0247 45.7855
threshold=21.458333015441898 1.0166666507720949 1.0000000180025095e-35 6.1499998569488534 0 1 0.48528139293193823 18.541666984558109 19.521871566772464 2 0.11860045790672304 5.0166666507720956 364.50000000000006 2.1166666746139531
decision_type=2 2 2 2 9 9 2 2 2 9 2 2 2 2
left_child=1 -1 -3 4 7 -5 -7 -4 9 -6 13 -12 -10 -11
right_child=-2 2 3 5 8 6 -8 -9 12 10 11 -13 -14 -15
leaf_value=-0.029795118235731756 -0.029795117937223906 -0.028231339621138062 -0.021847387912442354 0.0032575352533248622 0.0040846547946715543 0.0092455459631383043 -0.0058129091545464882 0.01339108426320151 0.0072482743238334148 -0.011824114980474171 -0.016496942002286751 -0.0046288682208432399 -0.006555289792337925 0.0098564498345027583
leaf_weight=631.24497782438993 724.95526965707541 306.94876984506845 1321.1318639367819 35559.729712329805 6717.8476402461529 1283.7384089119732 6985.1780280694366 232.01854838430882 4639.855802051723 421.67929437756538 4558.3694687634706 2357.204570710659 1070.1455917060375 2082.1370742470026
leaf_count=14144 18284 3829 15246 67380 17333 3443 25677 2056 12938 2731 15586 5076 3346 4770
internal_value=-6.057e-05 0.000255656 0.000536534 0.00066788 -0.00180482 0.00198807 -0.00347091 -0.0164772 -0.00075385 -0.0026704 -0.00748446 -0.0124517 0.00466127 0.00620513
internal_weight=68892.2 68167.2 67536 67229 23400.4 43828.6 8268.92 1553.15 21847.2 16137.2 9419.39 6915.57 5710 2503.82
internal_count=211839 193555 179411 175582 79082 96500 29120 17302 61780 45496 28163 20662 16284 7501
cat_boundaries=0 1 2 3
cat_threshold=3584 2100240 4222976
is_linear=0
shrinkage=0.06


Tree=77
num_leaves=15
num_cat=4
split_feature=5 8 5 0 1 5 8 0 3 8 5 5 0 2
split_gain=174.612 155.003 68.8612 101.413 65.5623 100.823 52.3079 59.4886 52.1938 98.5243 67.7233 61.9595 50.6293 50.3454
threshold=21.458333015441898 1.0166666507720949 15.541666507720949 0 1 20.208333015441898 3.3666666746139531 2 47.399999618530281 9.1333336830139178 11.791666507720949 14.208333492279055 3 0.069445088505744948
decision_type=2 2 2 9 1 2 2 9 2 2 2 2 9 2
left_child=1 -1 3 -3 -4 6 7 -6 9 -5 -11 -12 -10 -9
right_child=-2 2 4 8 5 -7 -8 13 12 10 11 -13 -14 -15
leaf_value=-0.029795117737543356 -0.029795119159828441 -0.015823003411469937 0.0059126795446083277 -0.010412120000478102 0.0054507856985358347 -0.0060915649137842027 0.0033583937275688484 0.010731828200646245 0.0053276149523074825 -0.0047451196362745625 0.012548717630109009 -0.0029733536213979238 -0.0034878797504678343 -0.015357543025300104
leaf_weight=612.71439176797867 703.67372211068869 1763.3858765885234 11226.983969219029 4689.367418859154 1253.0673748552799 6487.6349027529359 21823.208346992731 316.2340402379632 6692.0966286733747 4189.7008155472577 2292.9429549872875 1552.6942805498838 3601.0195165500045 1685.6016339212656
leaf_count=14144 18284 16462 22363 21024 3614 20001 40230 1177 12367 13548 5458 3117 9788 10262
internal_value=-5.97675e-05 0.000247096 0.000519498 -0.00199744 0.00197705 0.000575215 0.00230012 -0.0047953 -0.000930992 -0.00350107 0.000532168 0.00628161 0.00224532 -0.0111803
internal_weight=68890.3 68186.7 67573.9 24781.2 42792.7 31565.7 25078.1 3254.9 23017.8 12724.7 8035.34 3845.64 10293.1 2001.84
internal_count=211839 193555 179411 81764 97647 75284 55283 15053 65302 43147 22123 8575 22155 11439
cat_boundaries=0 1 2 3 4
cat_threshold=768 16 4222976 4211728
is_linear=0
shrinkage=0.06


Tree=78
num_leaves=15
num_cat=3
split_feature=5 8 6 8 0 3 5 2 0 8 0 5 8 2
split_gain=169.445 150.33 67.7828 57.0174 60.3096 56.1859 66.8521 55.0457 50.7484 48.7381 53.2602 43.8657 40.8841 39.3811
threshold=21.458333015441898 1.0166666507720949 1.0000000180025095e-35 3.3666666746139531 0 45.399999618530281 11.791666507720949 0.34722022712230688 1 16.716666221618656 2 20.958333015441898 35.500000000000007 0.2556127011775971
decision_type=2 2 2 2 9 2 2 2 9 2 9 2 2 2
left_child=1 -1 -3 4 -4 6 -5 -8 -9 10 13 -12 -11 -7
right_child=-2 2 3 5 -6 9 7 8 -10 12 11 -13 -14 -15
leaf_value=-0.029795118349353472 -0.029795118551023774 -0.028170722248815529 -0.022561399641161318 -0.0063770206872474158 -0.0025401714734644525 2.8488411178939715e-05 -0.0029066367510648767 -0.0019846867563771331 0.0043839723557968883 0.029396385978863234 0.0047841923649701293 -0.0063508167742979136 -0.0050405998017312341 -0.021298163861242874
leaf_weight=594.72777228057384 683.01695189252496 295.49452185630798 570.33099940419197 5266.4397356510162 8283.1716236174107 772.54237624257803 9446.349765598774 6300.5080452635884 15766.954314641654 462.22849474474788 18385.907298669219 1368.4348849654198 169.66599540039897 522.54018073901534
leaf_count=14144 18284 3829 7691 22889 30520 3790 23981 20561 24495 1545 29832 4393 694 5191
internal_value=-5.88987e-05 0.000238884 0.000503074 0.000628944 -0.00385826 0.00130849 -0.000119628 0.000926078 0.00256674 0.00373116 0.00323828 0.00401081 0.0201499 -0.00851068
internal_weight=68888.3 68205.3 67610.6 67315.1 8853.5 58461.6 36780.3 31513.8 22067.5 21681.3 21049.4 19754.3 631.894 1295.08
internal_count=211839 193555 179411 175582 38211 137371 91926 69037 45056 45445 43206 34225 2239 8981
cat_boundaries=0 1 2 3
cat_threshold=3584 7424 10752
is_linear=0
shrinkage=0.06


Tree=79
num_leaves=15
num_cat=2
split_feature=5 8 6 8 5 0 0 2 4 8 4 6 2 8
split_gain=164.432 145.802 65.6059 54.8682 92.5609 191.437 75.4976 72.9118 62.7162 59.3691 52.7613 42.7918 41.8045 59.1851
threshold=21.458333015441898 1.0166666507720949 1.0000000180025095e-35 6.1499998569488534 19.521871566772464 0 1 0.11111287772655488 0.48528139293193823 4.3166668415069589 0.51925924420356762 364.50000000000006 0.43940553069114691 11.449999809265138
decision_type=2 2 2 2 2 9 9 2 2 2 2 2 2 2
left_child=1 -1 -3 4 5 10 -5 -7 -8 -9 -4 -6 -10 -14
right_child=-2 2 3 6 11 7 8 9 12 -11 -12 -13 13 -15
leaf_value=-0.029795118617766729 -0.029795118796904 -0.028124311495477412 0.0033778012459556978 0.0030473507118841761 0.0072522460565100219 0.0026691306918036348 0.008763831439044965 -0.021032268611232346 -0.0097397216123608146 -0.0089127151618139701 -0.0070530513846369259 -0.0060426838848830176 0.0085601821772162742 -0.0081840028907164668
leaf_weight=577.26916491240263 662.96657085046172 287.28638319298625 8331.2534410133958 35787.36809368059 4752.7267651408911 1084.8857236132026 1299.7760715149343 2601.8933436609805 3871.2772041969001 3301.3442184217274 2208.5064010471106 1067.2590274810791 1428.2250265106559 1624.1642019674182
leaf_count=14144 18284 3829 18809 67380 13688 4114 3443 18370 17254 12644 8015 3442 3819 4604
internal_value=-5.79873e-05 0.000230986 0.00048722 0.000609249 -0.00174185 -0.00391875 0.00185651 -0.0116105 -0.00332552 -0.0142545 0.00119099 0.00481424 -0.00559985 -0.000349332
internal_weight=68886.2 68223.2 67646 67358.7 23347.9 17527.9 44010.8 6988.12 8223.44 5903.24 10539.8 5819.99 6923.67 3052.39
internal_count=211839 193555 179411 175582 79082 61952 96500 35128 29120 31014 26824 17130 25677 8423
cat_boundaries=0 1 2
cat_threshold=4222992 2100240
is_linear=0
shrinkage=0.06


Tree=80
num_leaves=15
num_cat=2
split_feature=5 8 6 2 3 0 8 0 2 5 2 8 6 5
split_gain=159.569 141.414 63.4979 54.8282 49.6596 71.3616 62.2319 90.1655 100.893 66.573 82.9005 82.2844 68.1521 57.4392
threshold=21.458333015441898 1.0166666507720949 1.0000000180025095e-35 1.0000000180025095e-35 45.399999618530281 0 7.0166666507720956 1 0.033703841269016273 19.291666984558109 0.1388906612992287 3.2500000000000004 29.500000000000004 18.541666984558109
decision_type=2 2 2 2 2 9 2 9 2 2 2 2 2 2
left_child=1 -1 -3 -4 5 13 7 -6 -9 10 11 -10 -12 -5
right_child=-2 2 3 4 6 -7 -8 8 9 -11 12 -13 -14 -15
leaf_value=-0.029795118267554536 -0.029795118082303489 -0.028076654048877138 -0.029795118119700176 -0.002047778912113515 0.0060245768056503566 -0.0053632834557682564 0.0061155651615825016 0.025148071782981202 -0.01191712789453591 0.0041470303353576985 0.014437725328486131 0.0085086900258297942 -0.013877278517830828 0.0032125583482636756
leaf_weight=560.32307466864586 643.50478874891996 279.31921220570803 213.11156303063035 14243.527794592083 6321.6550082564354 9056.7751189135015 11053.590834401548 439.87253160774708 1140.3966420963407 2585.8115574941039 328.80545184016228 1881.275080345571 4415.8002238981426 15720.524836845696
leaf_count=14144 18284 3829 960 33823 14982 42064 21426 1295 5161 6793 1158 3597 15263 29060
internal_value=-5.71636e-05 0.000223263 0.000471783 0.000590092 0.00068647 -0.000699426 0.00260639 0.000339833 -0.00299295 -0.00419159 -0.00696797 0.000799866 -0.011915 0.000711799
internal_weight=68884.3 68240.8 67680.5 67401.1 67188 39020.8 28167.2 17113.6 10792 10352.1 7766.28 3021.67 4744.61 29964.1
internal_count=211839 193555 179411 175582 174622 104947 69675 48249 33267 31972 25179 8758 16421 62883
cat_boundaries=0 1 2
cat_threshold=2097424 4223232
is_linear=0
shrinkage=0.06


Tree=81
num_leaves=15
num_cat=2
split_feature=5 8 6 2 8 3 5 2 0 2 5 0 6 8
split_gain=154.85 137.16 61.4566 53.1487 48.1368 58.6546 90.0091 71.2365 60.2381 57.9611 52.1836 91.3455 45.8983 55.0332
threshold=21.458333015441898 1.0166666507720949 1.0000000180025095e-35 1.0000000180025095e-35 2.6833333969116215 46.550001144409187 11.791666507720949 0.34722022712230688 0 0.039975097402930267 20.041666984558109 1 364.50000000000006 16.716666221618656
decision_type=2 2 2 2 2 2 2 2 9 2 2 9 2 2
left_child=1 -1 -3 -4 9 6 -6 -8 -9 -5 11 -11 13 -7
right_child=-2 2 3 4 5 12 7 8 -10 10 -12 -13 -14 -15
leaf_value=-0.029795116782839012 -0.029795117727307276 -0.028027721620479056 -0.029795118345476497 0.017597583705241931 -0.0067319296746264235 0.0041046108050642521 -0.0030289360590277804 0.0046500896576832131 -0.0018063299105204539 0.001094554648093808 0.0062678747110727724 -0.017332380462437166 -0.0071882008585932621 0.025588517737367283
leaf_weight=543.87445788830519 624.61431071907282 271.58593548461795 206.85554045066237 384.36297550797462 6307.4539668783545 17809.87684078142 10857.357199326158 17959.697067908943 7319.2901778668165 1677.876450560987 920.88862421363592 2292.0584824755788 1266.7804100215435 439.84111039340496
leaf_count=14144 18284 3829 960 1429 28321 35585 29481 26887 24741 5270 4298 14380 2922 1308
internal_value=-5.63519e-05 0.000215782 0.000456828 0.000571533 0.000664959 0.0011334 -0.000118415 0.00103595 0.00278182 -0.00483714 -0.00660025 -0.00958522 0.0038558 0.0046224
internal_weight=68882.4 68257.8 67713.9 67442.3 67235.5 61960.3 42443.8 36136.3 25279 5275.19 4890.82 3969.93 19516.5 18249.7
internal_count=211839 193555 179411 175582 174622 149245 109430 81109 51628 25377 23948 19650 39815 36893
cat_boundaries=0 1 2
cat_threshold=2105872 4222976
is_linear=0
shrinkage=0.06


Tree=82
num_leaves=15
num_cat=2
split_feature=5 8 6 2 5 0 7 6 8 8 5 0 2 8
split_gain=150.272 133.038 59.4801 51.5227 46.5611 78.8609 59.9147 71.7957 57.7626 53.7894 53.3787 80.8895 59.182 50.8315
threshold=21.458333015441898 1.0166666507720949 1.0000000180025095e-35 1.0000000180025095e-35 15.541666507720949 0 1.5000000000000002 368.50000000000006 49.500000000000007 3.6333333253860478 20.041666984558109 1 0.059561572968959815 12.583333492279055
decision_type=2 2 2 2 2 9 2 2 2 2 2 9 2 2
left_child=1 -1 -3 -4 5 8 9 -8 -5 10 11 -6 -13 -7
right_child=-2 2 3 4 6 13 7 -9 -10 -11 -12 12 -14 -15
leaf_value=-0.02979511761431999 -0.029795118334825749 -0.027977485025016291 -0.029795118120138131 -0.014740626643613768 0.0053685212512418635 -0.0017243263879028732 -0.00040932000644833022 -0.017021772165791448 0.38516668364910406 0.0041367857787677582 0.010826256366479117 0.012418575791188243 -0.017386255901802442 0.006301253882798152
leaf_weight=527.90869110822678 606.27836164459586 264.0796797350049 200.78316856175661 1590.2230983488262 1315.743069536984 19369.599609285593 10218.609616540372 1031.0532522946596 1.3013246133923519 27479.27143985033 803.22245102375746 275.17136909067631 1867.8585907630622 3329.4204638376832
leaf_count=14144 18284 3829 960 14432 3688 53488 27537 3436 17 48143 3000 1020 10563 9298
internal_value=-5.55362e-05 0.000208553 0.000442354 0.00055357 0.000644137 -0.0014557 0.00183058 -0.00193188 -0.0143236 0.00316406 -0.00310762 -0.00634345 -0.0134963 -0.000546919
internal_weight=68880.5 68274.2 67746.3 67482.3 67281.5 24290.5 42990.9 11249.7 1591.52 31741.3 4262 3458.77 2143.03 22699
internal_count=211839 193555 179411 175582 174622 77235 97387 30973 14449 66414 18271 15271 11583 62786
cat_boundaries=0 1 2
cat_threshold=768 4222976
is_linear=0
shrinkage=0.06


Tree=83
num_leaves=15
num_cat=2
split_feature=5 8 6 2 3 0 8 0 2 5 2 8 6 5
split_gain=145.832 129.043 57.5665 49.9487 46.0832 64.6294 56.0191 81.8326 89.4401 62.6651 80.8851 73.8551 65.035 51.7407
threshold=21.458333015441898 1.0166666507720949 1.0000000180025095e-35 1.0000000180025095e-35 45.399999618530281 0 7.0166666507720956 1 0.033703841269016273 19.291666984558109 0.1388906612992287 3.2500000000000004 29.500000000000004 18.541666984558109
decision_type=2 2 2 2 2 9 2 9 2 2 2 2 2 2
left_child=1 -1 -3 -4 5 13 7 -6 -9 10 11 -10 -12 -5
right_child=-2 2 3 4 6 -7 -8 8 9 -11 12 -13 -14 -15
leaf_value=-0.029795117574318859 -0.029795117260615636 -0.027925913915637313 -0.029795118261489877 -0.0020031556518653191 0.0056898420715933056 -0.0051733136626672845 0.0057761415693678205 0.023088076309334262 -0.011396135169054206 0.0040242810402522818 0.013862175463250378 0.0080904091516821111 -0.013643872100530089 0.0029832885461692632
leaf_weight=512.41159478574991 588.48070557415485 256.79379251599312 194.88905343785882 14220.658189922571 6381.3824123442173 8986.8203191906214 11159.064989510924 457.00718762725592 1108.1047236137092 2595.1968962699175 333.14020790159702 1902.0455737113953 4351.986184604466 15830.482639677823
leaf_count=14144 18284 3829 960 33823 14982 42064 21426 1295 5161 6793 1158 3597 15263 29060
internal_value=-5.46469e-05 0.000201638 0.000428419 0.000536256 0.000624057 -0.000712196 0.00246811 0.000313009 -0.00288213 -0.00403829 -0.00675735 0.000916969 -0.011688 0.00062342
internal_weight=68878.5 68290 67777.6 67520.8 67325.9 39038 28287.9 17128.9 10747.5 10290.5 7695.28 3010.15 4685.13 30051.1
internal_count=211839 193555 179411 175582 174622 104947 69675 48249 33267 31972 25179 8758 16421 62883
cat_boundaries=0 1 2
cat_threshold=2097424 4223232
is_linear=0
shrinkage=0.06


Tree=84
num_leaves=15
num_cat=3
split_feature=5 8 6 8 0 5 2 5 2 0 8 0 6 8
split_gain=141.523 125.171 55.7129 48.6123 71.8725 54.6868 75.1004 76.814 63.6691 49.597 68.2634 42.2449 39.7445 43.0281
threshold=21.458333015441898 1.0166666507720949 1.0000000180025095e-35 4.5499999523162851 0 20.958333015441898 0.24893803149461749 12.541666507720949 0.34722022712230688 1 18.166666984558109 2 420.50000000000006 8.4499998092651385
decision_type=2 2 2 2 9 2 2 2 2 9 2 9 2 2
left_child=1 -1 -3 4 -4 6 12 9 -9 -8 -11 -10 13 -5
right_child=-2 2 3 5 -6 -7 7 8 11 10 -12 -13 -14 -15
leaf_value=-0.029795118171285415 -0.029795118447044175 -0.027872979835118199 -0.019586386141159734 0.0039176319211188457 -0.0015054529062132772 -0.0081240427437504724 -0.017548571304945172 -0.0028936475044316736 -0.0038607226269130757 -0.0034213078491396997 0.046494735228612159 0.0042920419997962188 -0.013732358386649674 0.01214068024102145
leaf_weight=497.36942470818758 571.20546232163906 249.72179366648197 830.25627285987139 5838.7998315654695 13734.522840306163 2100.5879528746009 906.00931557640433 7404.3535211309791 2546.3715519607067 7868.9425682798028 99.882220648229122 22118.74134696275 339.91667890548706 3769.9055498614907
leaf_count=14144 18284 3829 11166 11390 44283 7378 9655 15998 4622 22993 635 39625 670 7167
internal_value=-5.38359e-05 0.000194876 0.000414852 0.000519415 -0.00255063 0.00136319 0.00175477 0.000618639 0.00198577 -0.00432152 -0.00279215 0.00345054 0.0064306 0.00714389
internal_weight=68876.6 68305.4 67808 67558.3 14564.8 52993.5 50892.9 40944.3 32069.5 8874.83 7968.82 24665.1 9948.62 9608.71
internal_count=211839 193555 179411 175582 55449 120133 112755 93528 60245 33283 23628 44247 19227 18557
cat_boundaries=0 1 2 3
cat_threshold=3584 1536 4096
is_linear=0
shrinkage=0.06


Tree=85
num_leaves=15
num_cat=2
split_feature=5 8 6 2 8 3 5 2 0 0 8 6 5 2
split_gain=137.341 121.416 53.9173 48.447 43.2715 47.883 79.84 64.4687 52.1321 46.7547 40.9529 55.2505 49.9521 42.151
threshold=21.458333015441898 1.0166666507720949 1.0000000180025095e-35 1.0000000180025095e-35 2.3666666746139531 46.550001144409187 11.791666507720949 0.34722022712230688 0 1 7.0166666507720956 37.500000000000007 20.958333015441898 0.074395883828401579
decision_type=2 2 2 2 2 2 2 2 9 9 2 2 2 2
left_child=1 -1 -3 -4 -5 6 -6 -8 -9 -7 11 -11 -12 -13
right_child=-2 2 3 4 5 9 7 8 -10 10 12 13 -14 -15
leaf_value=-0.029795118282072819 -0.029795118014766916 -0.027818650027192495 -0.029795118257550542 -0.0053275173044781028 -0.0064409912195345521 0.017178393281027157 -0.0029314555252122881 0.0042714788735987736 -0.0017261547347195063 0.016306450040824077 0.007857655662684912 0.010542728520918076 -0.0079294002586419339 -0.0017177123199410746
leaf_weight=482.76884077489376 554.43738264031708 242.85741227865219 189.46070403978229 4175.6443618051708 6228.8776618167758 836.81664596498013 11007.806458428502 18269.664098568261 7298.3550480008125 752.77265510335565 6850.6506396569312 1122.1223618909717 806.46791788190603 10056.27087353915
leaf_count=14144 18284 3829 960 21550 28351 2099 30263 27170 24741 1485 11188 2341 2699 22735
internal_value=-5.31393e-05 0.000188224 0.000401601 0.000502992 0.000588153 0.000978819 -0.000161739 0.00090762 0.00256046 0.00336907 0.00276895 0.000572576 0.00619492 -0.000486971
internal_weight=68875 68320.5 67837.8 67594.9 67405.4 63229.8 42804.7 36575.8 25568 20425.1 19588.3 11931.2 7657.12 11178.4
internal_count=211839 193555 179411 175582 174622 153072 110525 82174 51911 42547 40448 26561 13887 25076
cat_boundaries=0 1 2
cat_threshold=2105872 4197376
is_linear=0
shrinkage=0.06


Tree=86
num_leaves=15
num_cat=2
split_feature=5 8 6 2 5 0 1 5 8 8 3 8 2 6
split_gain=133.286 117.779 52.1794 46.9724 41.1973 72.3161 58.8826 91.1355 50.2796 48.8125 75.0658 55.1833 49.0751 47.3143
threshold=21.458333015441898 1.0166666507720949 1.0000000180025095e-35 1.0000000180025095e-35 15.541666507720949 0 1 20.208333015441898 13.949999809265138 12.583333492279055 47.399999618530281 5.4500000476837167 0.32184261083602911 423.50000000000006
decision_type=2 2 2 2 2 9 1 2 2 2 2 2 2 2
left_child=1 -1 -3 -4 5 8 -6 -8 -5 10 11 -7 -11 -9
right_child=-2 2 3 4 6 9 7 13 -10 12 -12 -13 -14 -15
leaf_value=-0.029795118447103894 -0.029795117982987306 -0.027762895415788639 -0.029795118308910126 -0.022476262042070014 0.0053790328486865028 -0.016529440322170848 0.0019764308415463217 -0.0043368180976130098 -0.00022074687756072295 0.024473228502112039 0.0018666803121429876 -0.0036452437305780987 0.0032616181525527352 -0.021799353011505266
leaf_weight=468.59687032550573 538.16152709722519 236.19455479457974 183.89896775409579 959.16625037044287 11397.466530874372 1412.5173337049782 25333.608942702413 5846.5018841251731 590.37603425234556 454.40853774547577 10111.112284168601 7833.5366607382894 2889.5774517208338 617.57690834999084
leaf_count=14144 18284 3829 960 9349 22313 8834 55145 17712 5100 1225 20668 23986 8073 2217
internal_value=-5.2158e-05 0.00018208 0.000389064 0.000487384 0.000569953 -0.00140913 0.00168105 0.000353755 -0.0139072 -0.000549665 -0.0017063 -0.00561356 0.00614403 -0.00600519
internal_weight=68872.7 68334.5 67865.9 67629.7 67445.8 24250.7 43195.2 31797.7 1549.54 22701.2 19357.2 9246.05 3343.99 6464.08
internal_count=211839 193555 179411 175582 174622 77235 97387 75074 14449 62786 53488 32820 9298 19929
cat_boundaries=0 1 2
cat_threshold=768 16
is_linear=0
shrinkage=0.06


Tree=87
num_leaves=15
num_cat=2
split_feature=5 8 6 2 8 3 5 2 8 0 6 0 5 8
split_gain=129.351 114.252 50.4955 45.5439 40.8986 44.6874 50.2174 47.6832 44.8881 41.1888 39.2907 39.2353 53.983 39.1
threshold=21.458333015441898 1.0166666507720949 1.0000000180025095e-35 1.0000000180025095e-35 2.3666666746139531 45.399999618530281 11.791666507720949 0.3888887763023377 16.716666221618656 0 386.50000000000006 1 19.041666984558109 35.500000000000007
decision_type=2 2 2 2 2 2 2 2 2 9 2 9 2 2
left_child=1 -1 -3 -4 -5 6 -6 10 11 -9 -8 12 -7 -10
right_child=-2 2 3 4 5 8 7 9 13 -11 -12 -13 -14 -15
leaf_value=-0.029795118194774584 -0.029795118709057749 -0.027705684513442998 -0.029795118192257431 -0.0052134784058334395 -0.0058370841278562501 -0.013465428657791828 -0.0013281654572771127 -0.0032948587235733504 0.027258970083356301 0.003769046612272895 -0.013946582700772335 0.0029537617120774812 0.044900186041031721 -0.0058482852243832879
leaf_weight=454.84091844409704 522.36346142366529 229.72729996591806 178.50049974024296 4156.2727674171329 5212.8650727495551 870.8065159805119 12698.724827036262 3664.603670142591 479.54494974762201 15587.466899894178 955.16711819171906 23623.417468078434 61.048014402389526 175.38853614777327
leaf_count=14144 18284 3829 960 21550 23688 8457 32577 11655 1463 28128 2252 43920 238 694
internal_value=-5.13104e-05 0.000176011 0.000376798 0.000472141 0.000552199 0.0009306 -0.000365567 0.000501215 0.00289045 0.00242469 -0.0022109 0.00247697 -0.00953939 0.018393
internal_weight=68870.7 68348.4 67893.5 67663.8 67485.3 63329 38118.8 32906 25210.2 19252.1 13653.9 24555.3 931.855 654.933
internal_count=211839 193555 179411 175582 174622 153072 98300 74612 54772 39783 34829 52615 8695 2157
cat_boundaries=0 1 2
cat_threshold=22528 3584
is_linear=0
shrinkage=0.06


Tree=88
num_leaves=15
num_cat=2
split_feature=5 8 6 2 8 0 2 0 5 2 4 5 2 5
split_gain=125.534 110.833 48.8649 44.1606 39.4653 67.971 51.443 64.7708 132.896 57.2693 49.7252 49.1201 72.0071 63.9969
threshold=21.458333015441898 1.0166666507720949 1.0000000180025095e-35 1.0000000180025095e-35 4.5499999523162851 0 0.033703841269016273 1 19.791666984558109 0.11860045790672304 0.51564025878906261 20.958333015441898 0.24893803149461749 12.291666507720949
decision_type=2 2 2 2 2 9 2 9 2 2 2 2 2 2
left_child=1 -1 -3 -4 5 -5 -7 8 9 -8 -9 12 -6 -14
right_child=-2 2 3 4 11 6 7 10 -10 -11 -12 -13 13 -15
leaf_value=-0.029795118170489424 -0.029795119332994089 -0.027646986268909723 -0.029795118216347484 -0.019167850480072246 0.0062214795916135067 0.016451985146030766 -0.0020705190189942982 0.0061868817664200177 0.0077855460180283591 -0.015347260903372578 -0.0057867735257773664 -0.0077761593934889154 -0.0041085881444424344 0.0017512606703391261
leaf_weight=441.48877647146583 507.02914994582534 223.44990852847695 173.26050715520978 797.16430621594191 10006.386547759175 566.69495014846325 1773.2988499253988 4172.0860407873988 1879.1578420624137 3435.6651548743248 1781.8804552257061 2067.4002030044794 8448.5525376796722 32595.056436240673
leaf_count=14144 18284 3829 960 11020 18920 1666 5701 10125 5754 13046 7506 7356 32140 61388
internal_value=-5.03747e-05 0.000170238 0.000365017 0.000457478 0.000535104 -0.00225025 -0.00124426 -0.00201414 -0.00588457 -0.0108274 0.00259909 0.00129052 0.0016577 0.00054505
internal_weight=68868.6 68361.5 67920.1 67696.6 67523.3 14405.9 13608.8 13042.1 7088.12 5208.96 5953.97 53117.4 51050 41043.6
internal_count=211839 193555 179411 175582 174622 54818 43798 42132 24501 18747 17631 119804 112448 93528
cat_boundaries=0 1 2
cat_threshold=3584 2097168
is_linear=0
shrinkage=0.06


Tree=89
num_leaves=15
num_cat=2
split_feature=5 8 6 2 8 3 0 5 8 8 8 7 0 5
split_gain=121.827 107.517 47.2844 42.9497 39.0902 42.4018 48.2103 47.2896 90.5275 51.3418 41.0354 37.3315 36.8007 49.6591
threshold=21.458333015441898 1.0166666507720949 1.0000000180025095e-35 0.0083173098973929899 2.3666666746139531 45.399999618530281 0 18.541666984558109 7.3166668415069589 16.166666984558109 16.716666221618656 1.5000000000000002 1 19.041666984558109
decision_type=2 2 2 2 2 2 9 2 2 2 2 2 9 2
left_child=1 -1 -3 -4 -5 6 7 8 -6 11 12 -9 13 -7
right_child=-2 2 3 4 5 10 -8 9 -10 -11 -12 -13 -14 -15
leaf_value=-0.029795118669371155 -0.02979511821345027 -0.027586767642298865 -0.023676155177030634 -0.0051320874144036325 -0.010541942447306767 -0.013199824927813844 -0.0054226711348726794 0.0060511110249810863 0.00052260605400244889 -0.0059221648437777002 0.01749241498029008 -0.0011976250571422654 0.0028725446792876386 0.041665639995305474
leaf_weight=428.52859611622989 492.14500735327601 217.35680958256125 264.75073947384953 4110.9302731975913 3325.165710773319 856.86946262046695 5735.7485136725008 10227.686671681702 13348.627245474607 2060.9096630960703 667.40635110065341 3410.6486069113016 23656.460411809385 63.811245918273926
leaf_count=14144 18284 3829 1268 21410 16436 8457 21687 15534 32811 3056 2152 8776 43757 238
internal_value=-4.97154e-05 0.000164384 0.000353335 0.000443001 0.000537652 0.000905555 -0.000357812 0.000541071 -0.00168394 0.00290454 0.00281272 0.00423836 0.00241408 -0.0092962
internal_weight=68867 68374.9 67946.4 67729 67464.3 63353.3 38108.8 32373 16673.8 15699.2 25244.5 13638.3 24577.1 920.681
internal_count=211839 193555 179411 175582 174314 152904 98300 76613 49247 27366 54604 24310 52452 8695
cat_boundaries=0 1 2
cat_threshold=2107664 3584
is_linear=0
shrinkage=0.06


Tree=90
num_leaves=15
num_cat=2
split_feature=5 8 2 6 8 2 5 0 3 5 2 0 6 8
split_gain=118.233 104.303 45.9422 41.6164 36.4643 48.336 46.8939 84.105 42.5532 65.5818 53.3119 43.0813 40.3729 39.9869
threshold=21.458333015441898 1.0166666507720949 1.0000000180025095e-35 1.0000000180025095e-35 2.6833333969116215 0.039975097402930267 20.041666984558109 0 46.550001144409187 11.791666507720949 0.34722022712230688 1 364.50000000000006 8.4499998092651385
decision_type=2 2 2 2 2 2 2 9 2 2 2 9 2 2
left_child=1 -1 -3 -4 5 -5 7 -7 9 -6 -11 -12 13 -10
right_child=-2 2 3 4 8 6 -8 -9 12 10 11 -13 -14 -15
leaf_value=-0.029795118489273829 -0.029795118225488144 -0.029795118311201425 -0.027321795002159741 0.015680187885086575 -0.0059286083858469665 0.0012285698326217598 0.0061106475448046496 -0.016669805846118053 0.00209311884431039 -0.0027524152581851532 0.0037855686083407727 -0.0017305808333211239 -0.0071752040885179041 0.0081774672361403546
leaf_weight=415.94887970946729 477.69778776727617 181.61107330396771 194.0708987377584 400.56904516369104 6095.151756413281 1670.5852043032646 924.92109070718288 2175.8490195907652 13115.118262253702 10746.336988776922 18667.103116706014 7006.6113279759884 1266.0525545552373 5527.4613904543221
leaf_count=14144 18284 1193 3596 1429 28321 5270 4298 14380 26853 29481 27640 23988 2922 10040
internal_value=-4.88702e-05 0.000158912 0.000342215 0.000422954 0.000502611 -0.00433883 -0.00601948 -0.00893632 0.000903732 -0.000168258 0.000795778 0.00228096 0.00319298 0.00389711
internal_weight=68865.1 68387.4 67971.4 67789.8 67595.8 5171.92 4771.36 3846.43 62423.8 42515.2 36420.1 25673.7 19908.6 18642.6
internal_count=211839 193555 179411 178218 174622 25377 23948 19650 149245 109430 81109 51628 39815 36893
cat_boundaries=0 1 2
cat_threshold=4222976 6300176
is_linear=0
shrinkage=0.06


Tree=91
num_leaves=15
num_cat=3
split_feature=5 8 2 5 0 1 5 8 8 8 0 8 5 5
split_gain=114.744 101.187 44.5579 40.3064 75.9395 53.9163 85.6967 45.7456 67.1917 45.5794 71.0684 47.2177 47.7271 45.4472
threshold=21.458333015441898 1.0166666507720949 1.0000000180025095e-35 15.541666507720949 0 1 20.208333015441898 18.166666984558109 35.500000000000007 12.583333492279055 2 8.6333336830139178 12.041666507720949 11.041666507720949
decision_type=2 2 2 2 9 1 2 2 2 2 9 2 2 2
left_child=1 -1 -3 4 7 -5 -7 -4 -9 10 13 -12 -13 -6
right_child=-2 2 3 5 9 6 -8 8 -10 -11 11 12 -14 -15
leaf_value=-0.029795118064282283 -0.029795117936212923 -0.029795118256048182 -0.018490328920197932 0.0050233225095609136 -0.0013760424057469647 0.0017991387672997433 -0.0059441694295244559 0.051853383811000457 -0.015202129313856177 0.0057676855082367789 -0.010790286834819991 -0.011947827944268768 0.0035407006502484587 0.0066327668945859244
leaf_weight=403.73844120651484 463.67466601729393 176.27976808324456 1353.4086870253086 11514.006893724203 8329.9682788997889 25475.769181467593 6447.5422468557954 87.448021557182074 139.79315731301904 3384.4350736178458 4028.4493111260235 1029.736147750169 2352.4245829284191 3676.6339605227113
leaf_count=14144 18284 1193 14809 22313 19486 55145 19929 445 1022 9587 18950 4316 5311 6905
internal_value=-4.81013e-05 0.000153551 0.000331377 0.000409683 -0.00154265 0.00150557 0.000235151 -0.0142179 0.0106025 -0.000657461 -0.00177771 -0.00639328 -0.00117495 0.0010755
internal_weight=68863.3 68399.6 67995.9 67819.6 24382.3 43437.3 31923.3 1580.65 227.241 22801.6 19417.2 7410.61 3382.16 12006.6
internal_count=211839 193555 179411 178218 80831 97387 75074 16276 1467 64555 54968 28577 9627 26391
cat_boundaries=0 1 2 3
cat_threshold=768 16 4214800
is_linear=0
shrinkage=0.06


Tree=92
num_leaves=15
num_cat=2
split_feature=5 8 6 2 3 8 5 0 0 5 8 2 8 5
split_gain=111.36 98.1652 43.6431 39.2897 35.3834 64.3654 72.6388 55.6574 55.504 45.1278 66.3977 116.547 66.0422 56.2804
threshold=21.458333015441898 1.0166666507720949 1.0000000180025095e-35 1.0000000180025095e-35 69.299999237060561 3.3666666746139531 19.791666984558109 0 1 18.541666984558109 9.3666663169860858 0.20028601586818698 16.500000000000004 20.958333015441898
decision_type=2 2 2 2 2 2 2 9 9 2 2 2 2 2
left_child=1 -1 -3 -4 5 6 7 -5 -7 10 11 -10 13 -11
right_child=-2 2 3 4 -6 8 -8 -9 9 12 -12 -13 -14 -15
leaf_value=-0.029795118537593944 -0.02979511879395394 -0.027434534909647861 -0.029795118071654522 -0.0035501007598994039 0.0038408211140694573 -0.0044588483753637345 0.0043891082636744669 -0.018242287245620246 0.0077868947318845971 0.0055688698051392475 0.0024151921790484779 -0.0069932642384758952 -0.0055209055901618851 -0.0073730580214202276
leaf_weight=391.8864486515522 450.06321052275598 203.33955404907465 154.73821847885847 1872.3363856226206 9632.732314683497 6912.0115108340979 1584.9415186494589 1864.687786642462 2449.0439098700881 16945.373910665512 13563.669376589358 8901.6445751003921 2632.4231801331043 1302.6456825211644
leaf_count=14144 18284 3829 960 6952 17741 27085 6684 14928 5480 26171 31448 29228 4034 4871
internal_value=-4.73363e-05 0.000148367 0.000320883 0.000404105 0.000473169 -8.5859e-05 -0.00637445 -0.0109395 0.000549119 0.00130568 -0.000418323 -0.00380427 0.00336337 0.004645
internal_weight=68861.5 68411.5 68019.6 67816.2 67661.5 58028.8 5321.97 3737.02 52706.8 45794.8 24914.4 11350.7 20880.4 18248
internal_count=211839 193555 179411 175582 174622 156881 28564 21880 128317 101232 66156 34708 35076 31042
cat_boundaries=0 1 2
cat_threshold=4222992 12800
is_linear=0
shrinkage=0.06


Tree=93
num_leaves=15
num_cat=1
split_feature=5 8 6 2 8 5 5 3 8 5 8 5 5 1
split_gain=108.074 95.2342 42.2263 38.1013 33.9923 37.6689 55.8739 57.4568 125.627 53.1247 65.795 49.4723 49.3304 40.649
threshold=21.458333015441898 1.0166666507720949 1.0000000180025095e-35 1.0000000180025095e-35 2.3666666746139531 20.958333015441898 19.041666984558109 47.399999618530281 7.0166666507720956 19.208333015441898 11.683333396911623 19.291666984558109 12.041666507720949 0
decision_type=2 2 2 2 2 2 2 2 2 2 2 2 2 1
left_child=1 -1 -3 -4 -5 6 7 8 -6 -8 11 -11 -10 -7
right_child=-2 2 3 4 5 13 9 -9 12 10 -12 -13 -14 -15
leaf_value=-0.029795118375637499 -0.029795118030019954 -0.027368876584160932 -0.029795118303249799 -0.0048409529065415171 -0.0097938335715849461 0.0067776242336684183 0.012395417195911133 0.0029232538518990684 -0.0043161967122378837 -0.0071133928401014368 -0.002446296331859785 0.006181211721597483 0.0021801200091946535 -0.010831073027316175
leaf_weight=380.38237753510475 436.85132726281881 197.83685888722539 150.19578205794096 4094.2262961752713 5658.8365434259176 625.17115665227175 2203.2903500646353 13641.693403154612 5915.4780023917556 1102.826161198318 6329.7790755629539 11677.010983161628 14579.281506404281 1867.3395062759519
leaf_count=14144 18284 3829 960 21550 28298 1766 2489 27196 24375 1594 9990 20990 29308 7066
internal_value=-4.67582e-05 0.000143171 0.000310536 0.000391249 0.000458224 0.000799353 0.00109426 -0.000233479 -0.00188003 0.00357339 0.00255624 0.00503396 0.000305064 -0.00643072
internal_weight=68860.2 68423.3 68043 67845.1 67694.9 63600.7 61108.2 39795.3 26153.6 21312.9 19109.6 12779.8 20494.8 2492.51
internal_count=211839 193555 179411 175582 174622 153072 144240 109177 81981 35063 32574 22584 53683 8832
cat_boundaries=0 1
cat_threshold=16
is_linear=0
shrinkage=0.06


Tree=94
num_leaves=15
num_cat=2
split_feature=5 8 6 2 3 8 0 8 0 2 5 6 2 8
split_gain=104.887 92.3931 40.8542 36.9502 33.1614 46.9881 41.9952 40.9162 71.1057 76.8538 66.0398 69.1103 60.7216 67.9926
threshold=21.458333015441898 1.0166666507720949 1.0000000180025095e-35 1.0000000180025095e-35 45.399999618530281 2.3666666746139531 0 7.0166666507720956 1 0.055557321757078178 19.291666984558109 31.500000000000004 0.15625650435686114 4.2500000000000009
decision_type=2 2 2 2 2 2 9 2 9 2 2 2 2 2
left_child=1 -1 -3 -4 5 -5 -7 8 -6 -10 11 -11 13 -13
right_child=-2 2 3 4 7 6 -8 -9 9 10 -12 12 -14 -15
leaf_value=-0.02979511796464469 -0.029795118996635978 -0.027301556448562754 -0.02979511835003185 -0.014412149804015907 0.0050954901922100806 -0.0053999685437029731 0.00041033473627766806 0.0047654532511672036 0.011979510326637448 0.014730770289692986 0.0037993733237492414 -0.010521676195294712 -0.013757285002053714 0.0089195938619998673
leaf_weight=369.21601824276149 424.02727807126939 192.49570808187127 145.78669150546193 878.76407555863261 6490.257844991982 5172.0936843156815 32964.110680822283 11485.400369018316 1125.1805585697293 468.53641026839614 2497.7309094071388 1482.7657589018345 4012.3874270506203 1149.7954571843147
leaf_count=14144 18284 3829 960 6647 14982 19980 78320 21426 3219 1495 6461 5870 14266 1956
internal_value=-4.60452e-05 0.000138283 0.000300655 0.000378938 0.00044389 -0.000695056 -0.000378976 0.00199153 0.000142094 -0.00285437 -0.00459394 -0.00754105 -0.00911144 -0.00203052
internal_weight=68858.5 68434.5 68065.3 67872.8 67727 39015 38136.2 28712.1 17226.7 10736.4 9611.22 7113.49 6644.95 2632.56
internal_count=211839 193555 179411 175582 174622 104947 98300 69675 48249 33267 30048 23587 22092 7826
cat_boundaries=0 1 2
cat_threshold=22016 4223232
is_linear=0
shrinkage=0.06


Tree=95
num_leaves=15
num_cat=2
split_feature=5 8 6 2 7 5 8 0 5 8 2 2 1 5
split_gain=101.794 89.6382 39.5248 36.0172 32.869 49.3221 63.877 156.772 67.9576 80.011 79.9372 64.0417 60.539 58.3239
threshold=21.458333015441898 1.0166666507720949 1.0000000180025095e-35 0.0083173098973929899 2.5000000000000004 19.041666984558109 8.0166668891906756 0 12.541666507720949 5.3166668415069589 0.11111287772655488 0.2777783870697022 1 19.708333015441898
decision_type=2 2 2 2 2 2 2 9 2 2 2 2 1 2
left_child=1 -1 -3 -4 5 6 7 -5 -9 10 -10 -8 -7 -14
right_child=-2 2 3 4 -6 12 11 8 9 -11 -12 -13 13 -15
leaf_value=-0.029795118121590622 -0.029795117441703822 -0.027232540226952328 -0.022967985806275508 0.0015897650057390092 -0.0043705548671013061 0.007601599785055993 0.0086350208153922539 -0.024379849474112245 0.0025200273990713231 -0.0012291766737990608 -0.01888557061615798 0.00024857649816206929 0.0051093221238649499 -0.0024036309650900672
leaf_weight=358.37745685875416 411.57970283180475 187.31136873364449 237.28849836066365 11783.319357361645 4737.7804747857153 7201.4871473908424 4087.5730349123478 941.78151648119092 822.52453155070543 3797.5292986556888 2656.3887843899429 16550.893816113472 6665.3410713747144 8417.7247486710548
leaf_count=14144 18284 3829 1268 28313 14293 11712 7759 7546 3227 11646 17387 42012 9133 21286
internal_value=-4.53331e-05 0.00013356 0.000291091 0.000367019 0.000448853 0.000811721 -0.000432183 -0.0028485 -0.00920283 -0.00725114 -0.0138246 0.00190956 0.00308021 0.000915803
internal_weight=68856.9 68445.3 68086.9 67899.6 67662.3 62924.6 40640 20001.5 8218.22 7276.44 3478.91 20638.5 22284.6 15083.1
internal_count=211839 193555 179411 175582 174314 160021 117890 68119 39806 32260 20614 49771 42131 30419
cat_boundaries=0 1 2
cat_threshold=4222992 16
is_linear=0
shrinkage=0.06


Tree=96
num_leaves=15
num_cat=2
split_feature=5 8 5 0 6 8 0 5 8 3 7 5 2 8
split_gain=98.7927 86.9663 38.8515 58.2042 59.3021 42.1502 35.7641 53.9382 81.0393 70.328 58.587 60.9925 50.7751 57.4819
threshold=21.458333015441898 1.0166666507720949 10.791666507720949 0 37.500000000000007 49.500000000000007 1 18.541666984558109 9.2500000000000018 68.299999237060561 1.5000000000000002 19.958333015441898 0.16295880824327472 8.4499998092651385
decision_type=2 2 2 9 2 2 9 2 2 2 2 2 2 2
left_child=1 -1 3 5 -5 -3 12 8 9 -8 -9 -12 -4 -14
right_child=-2 2 6 4 -6 -7 7 10 -10 -11 11 -13 13 -15
leaf_value=-0.029795118370000723 -0.029795119555535415 -0.019842427126147429 0.012612570474966377 0.0043783671279068103 -0.0065589822259095511 0.13112083362960514 -0.007992548279605903 0.003677008882855323 0.0014366992868304858 0.0047801573480735398 0.0045285494110685253 -0.0070833470876997791 -0.0012697922396773746 0.0085298674028962441
leaf_weight=347.85706296563148 399.49751957505941 837.96432198211551 1957.0036093518138 3125.0543716177344 4160.6745625287294 6.7115782015025607 8985.1793044023216 18999.091350954026 11525.361868143082 1875.9069551341236 2595.876438844949 4369.5403333865106 6428.3927642032504 3241.3319289386272
leaf_count=14144 18284 13959 4417 8279 10441 75 39802 31868 27454 4659 5620 13985 13463 5389
internal_value=-4.47037e-05 0.000128915 0.00028175 -0.00361044 -0.00186509 -0.0184248 0.000809364 9.04767e-05 -0.00206772 -0.00578647 0.00195129 -0.00275582 0.00379559 0.00201509
internal_weight=68855.4 68455.9 68108.1 8130.4 7285.73 844.676 59977.7 48351 22386.4 10861.1 25964.5 6965.42 11626.7 9669.72
internal_count=211839 193555 179411 32754 18720 14034 146657 123388 71915 44461 51473 19605 23269 18852
cat_boundaries=0 1 2
cat_threshold=6294016 4210704
is_linear=0
shrinkage=0.06


Tree=97
num_leaves=15
num_cat=3
split_feature=5 8 2 5 6 0 8 2 8 5 0 0 7 6
split_gain=95.8804 84.3755 38.4997 34.6118 52.5923 54.9713 41.3956 37.9844 57.8458 76.6676 151.779 54.3097 41.4277 61.7699
threshold=21.458333015441898 1.0166666507720949 1.0000000180025095e-35 10.541666507720949 37.500000000000007 0 18.166666984558109 0.074395883828401579 3.9500000476837163 19.791666984558109 1 2 1.5000000000000002 368.50000000000006
decision_type=2 2 2 2 2 9 2 2 2 2 9 9 2 2
left_child=1 -1 -3 4 5 6 -4 11 9 10 -9 -5 -10 -14
right_child=-2 2 3 7 -6 -7 -8 8 12 -11 -12 -13 13 -15
leaf_value=-0.029795119155481005 -0.029795118581079263 -0.029795118327856487 -0.02687890092238069 0.020422775730389194 -0.0094631290238139324 0.0042245935806489244 0.033339559958124071 0.0021319094579124844 0.0021678700733323299 0.0055406380958149164 -0.017005404260467063 0.00061432586790303328 -0.00071331615951619645 -0.017973995623455773
leaf_weight=337.64549688063562 387.77001737058163 152.96034150198102 349.76813359186053 839.09875105321407 3105.6479139775038 2942.1693768203259 46.567117962986231 2906.5869048386812 39706.112168200314 2136.928928039968 3057.9303135387599 1219.1560159027576 10864.113558158278 801.44672391563654
leaf_count=14144 18284 1193 8009 2242 11222 7794 765 7769 80522 7887 18438 3340 27624 2606
internal_value=-4.40374e-05 0.000124463 0.000272745 0.000340404 -0.00384322 0.00138471 -0.0193162 0.000778553 0.000501225 -0.0042108 -0.00770448 0.00879194 0.00124432 -0.00189916
internal_weight=68853.9 68466.1 68128.5 67975.5 6444.15 3338.5 396.335 61531.4 59473.1 8101.45 5964.52 2058.25 51371.7 11665.6
internal_count=211839 193555 179411 178218 27790 16568 8774 150428 144846 34094 26207 5582 110752 30230
cat_boundaries=0 1 2 3
cat_threshold=2560 4222976 4203280
is_linear=0
shrinkage=0.06


Tree=98
num_leaves=15
num_cat=3
split_feature=5 8 2 6 3 0 8 5 8 0 2 8 5 1
split_gain=93.0545 81.8632 37.3454 33.7101 32.0605 43.7045 42.1442 144.121 38.9087 36.3305 35.5526 49.6293 34.9568 46.7691
threshold=21.458333015441898 1.0166666507720949 1.0000000180025095e-35 1.0000000180025095e-35 45.399999618530281 0 5.6333332061767587 19.521871566772464 16.716666221618656 1 0.2556127011775971 8.9499998092651385 20.208333015441898 2
decision_type=2 2 2 2 2 9 2 2 2 9 2 2 2 1
left_child=1 -1 -3 -4 5 6 7 -5 9 10 11 -6 -8 -14
right_child=-2 2 3 4 8 -7 12 -9 -10 -11 -12 -13 13 -15
leaf_value=-0.029795117403286761 -0.029795118491771109 -0.029795118261794505 -0.026863289707107101 -0.015857776287239604 -0.011382389507037323 -0.0051988718146113687 0.0017028057605584248 0.006077755938629097 0.015999541990985723 0.0019638159814472037 -0.022061518492450836 0.03219711975184926 0.0068894606169692179 -0.010582081219780859
leaf_weight=327.73371804505587 376.38679242134094 148.47009576298296 163.7203650586307 2249.3528582975268 312.82707092911005 6532.378385655582 25542.635835081339 2071.1471145376563 689.1633192487061 27187.321707807481 457.74284483864903 134.53297217190266 771.5804904922843 1887.3549571707845
leaf_count=14144 18284 1193 3596 13373 3379 26365 51426 6482 2157 57653 6059 427 1472 5829
internal_value=-4.33662e-05 0.000120168 0.000264035 0.000329665 0.000395295 -0.000724474 0.000175797 -0.00534239 0.00191474 0.00156921 -0.010193 0.00172312 0.00102125 -0.00552601
internal_weight=68852.3 68476 68148.2 67999.8 67836 39054.4 32522.1 4320.5 28781.6 28092.4 905.103 447.36 28201.6 2658.94
internal_count=211839 193555 179411 178218 174622 104947 78582 19855 69675 67518 9865 3806 58727 7301
cat_boundaries=0 1 2 3
cat_threshold=2099472 2560 16
is_linear=0
shrinkage=0.06


Tree=99
num_leaves=15
num_cat=2
split_feature=5 8 2 5 0 7 6 8 8 0 5 8 5 6
split_gain=90.3124 79.4268 36.2265 33.1472 65.9427 45.5938 62.4219 44.5062 40.3273 58.8981 39.8635 39.027 38.1296 39.6931
threshold=21.458333015441898 1.0166666507720949 1.0000000180025095e-35 15.541666507720949 0 1.5000000000000002 368.50000000000006 13.949999809265138 12.583333492279055 1 20.958333015441898 9.4499998092651385 11.041666507720949 37.500000000000007
decision_type=2 2 2 2 9 2 2 2 2 9 2 2 2 2
left_child=1 -1 -3 4 7 -5 10 -4 9 12 -7 -11 13 -6
right_child=-2 2 3 5 8 6 -8 -9 -10 11 -12 -13 -14 -15
leaf_value=-0.029795118400609971 -0.02979511888866802 -0.029795118144356519 -0.022051101137780884 0.0024489499211218292 0.0041401468675791014 0.00084464395077818465 -0.01641544970844671 -0.0010658042578116577 0.0053540276461842388 -0.009235167456388858 -0.010261402170741812 -5.2172937513511838e-05 0.005880924413250342 -0.0044941412211493498
leaf_weight=318.11287965998054 365.33772961981595 144.11166449636221 906.50626811385155 32445.223528426141 2986.6276223249733 8947.7848579026759 984.32932721823454 607.74162486195564 3424.2652908302844 4696.4120013453066 1337.3799363151193 2582.1249144338071 3754.1159353666008 5350.7024899795651
leaf_count=14144 18284 1193 10275 66414 6853 22295 3436 6001 9587 21199 5242 7378 6905 12633
internal_value=-4.26867e-05 0.000116029 0.000255613 0.000319278 -0.00145688 0.00130695 -0.00198091 -0.0135393 -0.000648007 -0.00170939 -0.000599475 -0.00596922 0.000859066 -0.00140114
internal_weight=68850.8 68485.4 68167.3 68023.2 24308.5 43714.7 11269.5 1514.25 22794.2 19370 10285.2 7278.54 12091.4 8337.33
internal_count=211839 193555 179411 178218 80831 97387 30973 16276 64555 54968 27537 28577 26391 19486
cat_boundaries=0 1 2
cat_threshold=768 4214800
is_linear=0
shrinkage=0.06


Tree=100
num_leaves=15
num_cat=1
split_feature=5 8 6 8 5 5 8 3 8 5 5 5 5 1
split_gain=87.6518 77.0641 35.558 32.4845 33.2468 46.3774 49.1788 47.278 104.212 44.4552 39.7959 64.1284 74.0377 43.7183
threshold=21.458333015441898 1.0166666507720949 1.0000000180025095e-35 2.3666666746139531 20.958333015441898 19.041666984558109 16.500000000000004 47.399999618530281 7.0166666507720956 12.041666507720949 19.208333015441898 19.291666984558109 19.458333015441898 0
decision_type=2 2 2 2 2 2 2 2 2 2 2 2 2 1
left_child=1 -1 -3 -4 5 7 10 8 -5 -10 -7 -12 -13 -14
right_child=-2 2 3 4 -6 6 -8 -9 9 -11 11 12 13 -15
leaf_value=-0.029795118613528449 -0.029795118645280453 -0.027003464648192383 -0.0048623442872117546 -0.0091454679190267098 -0.0061822171890798762 0.012419331533174422 -0.0048819347627794361 0.0025499211971825361 -0.004236762580001001 0.0019300712961647568 -0.0070658835461495269 0.01529258604200737 0.0079928087472863184 0.0006035604859245963
leaf_weight=308.77448488026857 354.61301380209625 171.94112390652299 4097.738990822807 5481.1581952720881 2466.2789102569222 1902.1448973044753 2427.6303341686726 13799.148422889411 5897.093001909554 14694.191154614091 1918.8503543958068 2013.4092295095325 4212.7230734080076 9103.4208040460944
leaf_count=14144 18284 3829 21937 28298 8857 2095 4104 27677 24375 29308 2282 2304 6305 18040
internal_value=-4.19693e-05 0.00011207 0.000247503 0.000316394 0.00064841 0.000922556 0.00316318 -0.00029005 -0.00179314 0.000163965 0.00418302 0.00327473 0.00456909 0.00294769
internal_weight=68849.1 68494.5 68185.7 68013.8 63916 61449.8 21578.2 39871.6 26072.4 20591.3 19150.5 17248.4 15329.6 13316.1
internal_count=211839 193555 179411 175582 153645 144788 35130 109658 81981 53683 31026 28931 26649 24345
cat_boundaries=0 1
cat_threshold=16
is_linear=0
shrinkage=0.06


Tree=101
num_leaves=15
num_cat=2
split_feature=5 8 2 6 4 8 0 5 5 0 2 8 5 2
split_gain=85.0697 74.7726 35.0438 31.2891 30.5235 26.8218 69.9478 51.2862 45.642 87.5904 111.056 95.4684 40.801 51.0043
threshold=21.458333015441898 1.0166666507720949 1.0000000180025095e-35 1.0000000180025095e-35 0.73557159304618847 7.0166666507720956 0 18.541666984558109 19.521871566772464 1 0.11493354663252832 5.0166666507720956 20.458333015441898 0.2777783870697022
decision_type=2 2 2 2 2 2 9 2 2 9 2 2 2 2
left_child=1 -1 -3 -4 5 6 7 -5 9 -8 -11 -12 13 -7
right_child=-2 2 3 4 -6 12 8 -9 -10 10 11 -13 -14 -15
leaf_value=-0.029795118166141884 -0.02979511693410497 -0.029795118266055746 -0.026684775202278195 -0.019920437925601619 -0.0021512452937007382 0.0075227059928227981 0.0044117755397978789 0.016049782719770238 0.0047560507527580308 0.0060194045941693048 -0.0148841981661571 -0.0018267811636449283 -0.0041230406968736383 0.0014672470968755235
leaf_weight=299.71022173203528 344.20314089208841 139.56482839398086 154.32381324656308 1008.6402422823012 13844.297501947731 6657.6228587031364 6055.3841388076544 166.21259636804461 5962.9820366874337 2660.7083478420973 3888.2912442833185 4185.8763189837337 3277.4129696190357 20202.310166686773
leaf_count=14144 18284 1193 3596 14236 40720 11296 13856 1543 15360 7449 14298 8074 8757 39033
internal_value=-4.12884e-05 0.000108213 0.000239619 0.000301205 0.00036253 0.00100622 -0.00049358 -0.0147064 0.000246646 -0.0013547 -0.0046073 -0.00811486 0.00219702 0.00296818
internal_weight=68847.5 68503.3 68203.6 68064.1 67909.7 54065.4 23928.1 1174.85 22753.2 16790.3 10734.9 8074.17 30137.3 26859.9
internal_count=211839 193555 179411 178218 174622 133902 74816 15779 59037 43677 29821 22372 59086 50329
cat_boundaries=0 1 2
cat_threshold=3584 4222976
is_linear=0
shrinkage=0.06


Tree=102
num_leaves=15
num_cat=3
split_feature=5 8 2 5 0 6 8 2 0 8 5 0 8 5
split_gain=82.5636 72.5497 33.9955 30.8751 50.5849 51.651 36.0736 34.522 68.9244 53.6698 71.9759 139.743 35.0107 34.7369
threshold=21.458333015441898 1.0166666507720949 1.0000000180025095e-35 10.791666507720949 0 37.500000000000007 18.166666984558109 0.074395883828401579 1 3.9500000476837163 19.791666984558109 2 3.0166666507720952 20.958333015441898
decision_type=2 2 2 2 9 2 2 2 9 2 2 9 2 2
left_child=1 -1 -3 4 6 -6 -4 8 12 10 11 -9 -5 -11
right_child=-2 2 3 7 5 -7 -8 9 -10 13 -12 -13 -14 -15
leaf_value=-0.029795117153045357 -0.029795118154945999 -0.029795118429737321 -0.021947563934857164 0.011890698899298377 0.0041539405937715233 -0.0060794875611062385 0.022053770164571194 0.0023813128622182374 0.00043114240826838197 0.0015409183692781535 0.0051504760368077567 -0.016624012883822831 0.040274153320392039 -0.0063878291452243241
leaf_weight=290.91204368509352 334.09883590787649 135.46781591139734 711.04955982230604 334.21438962966204 3145.7131319530308 4076.5519236065447 74.061375733464956 2617.3252777159214 1226.6052036136389 48401.653966728598 2160.7874080687761 2969.0932733900845 294.13749527931213 2074.482009999454
leaf_count=14144 18284 1193 12594 1181 8104 10285 1152 7008 3340 100104 7887 18353 593 7617
internal_value=-4.06891e-05 0.000104408 0.000231907 0.000291651 -0.00320813 -0.00162 -0.017573 0.00075811 0.00881602 0.000501391 -0.00414845 -0.00774521 0.0247829 0.00121506
internal_weight=68846.2 68512.1 68221.1 68085.7 8007.38 7222.27 785.111 60078.3 1854.96 58223.3 7747.21 5586.42 628.352 50476.1
internal_count=211839 193555 179411 178218 32135 18389 13746 146083 5114 140969 33248 25361 1774 107721
cat_boundaries=0 1 2 3
cat_threshold=6294016 4203280 4222976
is_linear=0
shrinkage=0.06


Tree=103
num_leaves=15
num_cat=3
split_feature=5 8 2 3 0 8 5 8 0 2 8 5 1 8
split_gain=80.1312 70.3935 33.0446 30.7458 42.2987 36.2104 130.935 32.6963 35.9029 36.4438 44.1426 31.345 43.2181 31.1409
threshold=21.458333015441898 1.0166666507720949 0.0083173098973929899 45.399999618530281 0 5.6333332061767587 19.521871566772464 16.716666221618656 1 0.2556127011775971 8.9499998092651385 20.208333015441898 2 35.500000000000007
decision_type=2 2 2 2 9 2 2 2 9 2 2 2 1 2
left_child=1 -1 -3 4 5 6 -4 8 9 10 -5 -7 -13 -9
right_child=-2 2 3 7 -6 11 -8 13 -10 -11 -12 12 -14 -15
leaf_value=-0.029795117515368966 -0.029795118846908844 -0.022647509654397963 -0.015377540014140592 -0.010880811412187269 -0.0051976804288429079 0.001503935085300494 0.0056357990679443675 0.021800260815744602 0.0018560392568363544 -0.022132687574765338 0.02983927916250393 0.0064601103457558352 -0.010301713740459274 -0.0067719423600919081
leaf_weight=282.37213542126119 324.29115158319473 226.64923270791769 2174.4289903473109 304.53138282522559 6532.0615139175206 25710.681771546602 2096.9821176975965 532.60583655536175 27232.540855083615 461.99439383670688 139.85217261314392 780.83630614727736 1860.0659070014954 185.0309428833425
leaf_count=14144 18284 1501 13621 3379 27621 52160 6482 1692 57483 7010 427 1472 5829 734
internal_value=-4.0158e-05 0.000100665 0.000224375 0.000300595 -0.000794573 8.86221e-05 -0.00506137 0.00178661 0.00146408 -0.0102203 0.00193423 0.000864544 -0.00536029 0.0144334
internal_weight=68844.9 68520.6 68238.3 68011.6 39155.1 32623 4271.41 28856.6 28138.9 906.378 444.384 28351.6 2640.9 717.637
internal_count=211839 193555 179411 177910 107185 79564 20103 70725 68299 10816 3806 59461 7301 2426
cat_boundaries=0 1 2 3
cat_threshold=2099472 2560 16
is_linear=0
shrinkage=0.06


Tree=104
num_leaves=15
num_cat=2
split_feature=5 8 6 8 7 5 1 5 6 3 8 5 0 4
split_gain=77.7715 68.3027 32.5438 30.1179 31.2321 39.8017 48.5576 57.9453 49.4756 38.9496 89.1802 36.3427 34.6135 45.301
threshold=21.458333015441898 1.0166666507720949 1.0000000180025095e-35 2.3666666746139531 2.5000000000000004 19.041666984558109 0 19.958333015441898 443.50000000000006 47.399999618530281 7.4166667461395273 12.041666507720949 1 0.196574941277504
decision_type=2 2 2 2 2 2 1 2 2 2 2 2 9 2
left_child=1 -1 -3 -4 5 9 -7 -8 -9 10 -5 -12 13 -11
right_child=-2 2 3 4 -6 6 7 8 -10 12 11 -13 -14 -15
leaf_value=-0.029795118758808373 -0.029795118477721309 -0.026797980124283749 -0.004721001062739069 -0.0082601353685243292 -0.0042672433568796669 0.0071268769015879682 0.0042094639118348751 -0.0018432727561869641 -0.021538077126483684 0.15664944698400937 -0.0038010112522488052 0.0019690806949147397 0.0016707713431937279 0.013508016599497472
leaf_weight=274.08292180858552 314.77138945274055 160.15278054401278 4074.6399667840451 5606.5983787365258 4420.1094166915864 6993.7371956333518 8538.0846208631992 5455.4537312015891 501.39026131480932 8.0452869236469251 5483.8583076633513 13865.421280145645 12401.660885209218 745.44256468862295
leaf_count=14144 18284 3829 21937 28266 12822 10028 11100 13871 1639 17 22455 27246 24676 1525
internal_value=-3.95202e-05 9.71556e-05 0.000217191 0.000280729 0.000599071 0.000959973 0.00302488 0.00104005 -0.00350099 -0.000204312 -0.00159695 0.000333755 0.00243758 0.0148395
internal_weight=68843.4 68528.7 68254.6 68094.4 64019.8 59599.7 21488.7 14494.9 5956.84 38111 24955.9 19349.3 13155.1 753.488
internal_count=211839 193555 179411 175582 153645 140823 36638 26610 15510 104185 77967 49701 26218 1542
cat_boundaries=0 1 2
cat_threshold=16 4195584
is_linear=0
shrinkage=0.06


Tree=105
num_leaves=15
num_cat=2
split_feature=5 8 2 6 4 5 0 8 8 4 0 8 2 5
split_gain=75.4818 66.275 32.1123 28.6939 28.1644 24.8539 45.2142 45.1623 37.3185 74.9262 35.3454 68.0084 37.2488 36.9416
threshold=21.458333015441898 1.0166666507720949 1.0000000180025095e-35 1.0000000180025095e-35 0.73557159304618847 16.002066612243656 0 14.716666698455812 16.716666221618656 0.55753466486930858 1 8.6333336830139178 0.069445088505744948 11.791666507720949
decision_type=2 2 2 2 2 2 9 2 2 2 9 2 2 2
left_child=1 -1 -3 -4 5 6 7 -5 10 -10 -8 12 -12 -13
right_child=-2 2 3 4 -6 -7 8 -9 9 -11 11 13 -14 -15
leaf_value=-0.029795117706644218 -0.029795118810431429 -0.029795118287143239 -0.026467059991187678 -0.019935952859153762 -0.0020947534332348165 0.0020125411969076643 0.0018121111072606512 0.0034895725148531903 0.046556187445238498 -0.0059421405893518566 0.010706312823246461 -0.0060990291320012161 -0.010848502070260443 0.0053708142722836754
leaf_weight=266.03705310821533 305.53107484988868 128.16197904013097 144.22825689986348 827.65625618025661 13816.063529066741 31936.64727190882 12059.325869567692 461.47341739758849 182.31515319645405 211.2943757250905 314.06297465413809 1492.1449714750051 3562.6414181515574 3134.2834428548813
leaf_count=14144 18284 1193 3596 9375 40720 67039 23474 3974 758 904 1183 4882 16559 5754
internal_value=-3.88364e-05 9.38154e-05 0.000210287 0.000266721 0.000323426 0.000940048 -0.000599694 -0.0114613 7.39037e-05 0.0183744 -0.000276372 -0.00323663 -0.00910228 0.00167149
internal_weight=68841.9 68536.3 68270.3 68142.1 67997.9 54181.8 22245.2 1289.13 20956.1 393.61 20562.5 8503.13 3876.7 4626.43
internal_count=211839 193555 179411 178218 174622 133902 66863 13349 53514 1662 51852 28378 17742 10636
cat_boundaries=0 1 2
cat_threshold=768 4214800
is_linear=0
shrinkage=0.06


Tree=106
num_leaves=15
num_cat=3
split_feature=5 8 2 5 0 6 8 2 0 8 5 0 7 6
split_gain=73.2597 64.3081 31.154 28.1256 46.0223 48.72 34.896 31.2529 61.7921 49.3754 66.7099 133.046 32.8563 56.7496
threshold=21.458333015441898 1.0166666507720949 1.0000000180025095e-35 10.791666507720949 0 37.500000000000007 49.500000000000007 0.074395883828401579 1 3.9500000476837163 19.791666984558109 2 1.5000000000000002 368.50000000000006
decision_type=2 2 2 2 9 2 2 2 9 2 2 9 2 2
left_child=1 -1 -3 4 6 -6 -4 8 -5 10 11 -9 -11 -14
right_child=-2 2 3 7 5 -7 -8 9 -10 12 -12 -13 13 -15
leaf_value=-0.029795119070842094 -0.029795118262978659 -0.02979511826269042 -0.018630201416526965 0.023136476333780458 0.0039797226260899201 -0.0059559923920858735 0.10916778374805411 0.0022901232971956334 0.00032416310941389757 0.001960311045461652 0.0048776667121325891 -0.016335134076326589 -0.00056219146257247877 -0.017455570261840234
leaf_weight=258.22736147977412 296.56202838942409 124.3997045494616 746.98272802121937 648.20709642022848 3161.9394061751664 4055.4339351765811 7.7718583904206744 2624.7924096137285 1230.997446604073 39245.950352415442 2177.7887182310224 2905.1558247022331 10588.334246516228 767.7752869874239
leaf_count=14144 18284 1193 13671 1774 8104 10285 75 7008 3340 78445 7887 18353 26670 2606
internal_value=-3.8167e-05 9.05797e-05 0.000203595 0.000258345 -0.00309058 -0.00160093 -0.0170878 0.000701915 0.00831782 0.000456471 -0.00401712 -0.00752005 0.00113789 -0.00170434
internal_weight=68840.3 68543.8 68285.5 68161.1 7972.13 7217.37 754.755 60189 1879.2 58309.8 7707.74 5529.95 50602.1 11356.1
internal_count=211839 193555 179411 178218 32135 18389 13746 146083 5114 140969 33248 25361 107721 29276
cat_boundaries=0 1 2 3
cat_threshold=6294016 4203280 4222976
is_linear=0
shrinkage=0.06


Tree=107
num_leaves=15
num_cat=3
split_feature=5 8 2 3 0 5 8 2 8 0 8 1 5 8
split_gain=71.1029 62.4 30.2246 27.8351 52.7418 43.0336 73.0747 97.4012 54.1988 50.4538 46.9603 37.768 48.9758 36.4628
threshold=21.458333015441898 1.0166666507720949 1.0000000180025095e-35 69.299999237060561 0 18.541666984558109 7.0166666507720956 0.16295880824327472 16.500000000000004 1 5.0166666507720956 2 19.958333015441898 2.6333333253860478
decision_type=2 2 2 2 9 2 2 2 2 9 2 1 2 2
left_child=1 -1 -3 4 -4 6 7 -6 11 -9 -11 -7 13 -13
right_child=-2 2 3 -5 5 8 -8 9 -10 10 -12 12 -14 -15
leaf_value=-0.029795118560055449 -0.029795118615643407 -0.029795118201851139 -0.0047893708766694526 0.0032059314371872603 0.0060429676510235604 0.0073463005080042125 0.00093009243333083908 0.00022140638765933408 -0.0057138172380994303 -0.019109921995400625 -0.0072722060456993382 -0.019129008337201436 -0.0027682741935263558 0.0050360862186370706
leaf_weight=250.64694000035524 287.85626233834773 120.74787420220673 7939.290563961491 9818.0513471923769 1924.3215235807002 6118.9514229595661 18706.983195947483 1531.0828548818827 2653.5111334249377 2095.6096221413463 2843.238006696105 230.63703959062696 5452.3569169342518 8865.6710216850042
leaf_count=14144 18284 1193 34971 17741 6498 10010 43356 4638 4034 15988 10500 1678 16250 12554
internal_value=-3.75779e-05 8.73784e-05 0.00019704 0.000250157 -0.000247086 0.000468979 -0.00115694 -0.00580799 0.00235864 -0.00933277 -0.0122702 0.00339507 0.001727 0.00442338
internal_weight=68839 68551.1 68300.5 68179.7 58361.7 50422.4 27101.2 8394.25 23321.1 6469.93 4938.85 20667.6 14548.7 9096.31
internal_count=211839 193555 179411 178218 160477 125506 80980 37624 44526 31126 26488 40492 30482 14232
cat_boundaries=0 1 2 3
cat_threshold=12800 4210688 16
is_linear=0
shrinkage=0.06


Tree=108
num_leaves=15
num_cat=1
split_feature=5 8 6 8 5 5 8 3 8 5 5 5 5 1
split_gain=69.0097 60.549 29.7886 27.8498 29.4667 36.6292 43.6467 39.6242 80.5416 38.7179 34.9419 60.901 66.0847 35.1036
threshold=21.458333015441898 1.0166666507720949 1.0000000180025095e-35 2.6333333253860478 20.958333015441898 19.041666984558109 16.500000000000004 47.399999618530281 7.4166667461395273 12.041666507720949 19.208333015441898 19.291666984558109 19.458333015441898 0
decision_type=2 2 2 2 2 2 2 2 2 2 2 2 2 1
left_child=1 -1 -3 -4 5 7 10 8 -5 -10 -7 -12 -13 -14
right_child=-2 2 3 4 -6 6 -8 -9 9 -11 11 12 13 -15
leaf_value=-0.029795118683360503 -0.029795118869318696 -0.026580234819461718 -0.004347630779219713 -0.0079265217828669767 -0.0059220693165798225 0.011371222829562192 -0.0047924383466380468 0.0023543878831858104 -0.0040208310216311282 0.0017978582336974558 -0.0071567998208948427 0.01415708110403658 0.0070789560117408574 0.00049637512462849271
leaf_weight=243.28904057852924 279.40606494713575 149.30558931082487 4435.722787110135 5716.6906098388135 2421.8104685395956 1950.574137263 2418.9406898468733 13659.307787680998 5757.1330156885087 14449.35079908371 1926.5565234348178 2061.330298140645 4291.9914254024625 9076.2456844598055
leaf_count=14144 18284 3829 23230 29307 8812 2091 4104 26785 24080 28509 2274 2287 6237 17866
internal_value=-3.70156e-05 8.42622e-05 0.000190671 0.000249308 0.000569264 0.000825686 0.00280526 -0.000260841 -0.00163884 0.000140026 0.00375718 0.00290147 0.00415736 0.00261544
internal_weight=68837.7 68558.2 68315 68165.7 63729.9 61308.1 21725.6 39582.5 25923.2 20206.5 19306.7 17356.1 15429.6 13368.2
internal_count=211839 193555 179411 175582 152352 143540 34859 108681 81896 52589 30755 28664 26390 24103
cat_boundaries=0 1
cat_threshold=16
is_linear=0
shrinkage=0.06


Tree=109
num_leaves=15
num_cat=2
split_feature=5 8 2 3 8 0 2 5 8 0 2 8 8 6
split_gain=66.9787 58.7538 29.2453 26.4294 38.5166 33.695 32.7654 32.2675 29.3528 29.9467 34.6589 40.3969 27.4774 25.4675
threshold=21.458333015441898 1.0166666507720949 1.0000000180025095e-35 45.399999618530281 2.3666666746139531 0 0.66230916976928722 19.791666984558109 16.716666221618656 1 0.2556127011775971 8.9499998092651385 35.500000000000007 235.50000000000003
decision_type=2 2 2 2 2 9 2 2 2 9 2 2 2 2
left_child=1 -1 -3 4 7 6 -6 -4 9 10 11 -5 13 -10
right_child=-2 2 3 8 5 -7 -8 -9 12 -11 -12 -13 -14 -15
leaf_value=-0.029795116982623319 -0.029795118427029199 -0.029795118196482312 -0.02409611675075372 -0.010421641790446008 -0.0072510407278650723 0.00019331897890503217 0.0054697062769121013 -0.0003141774190540836 0.032531004128212235 0.001648815130384843 -0.021668923930008809 0.028346796292489877 -0.0066265829298159037 0.0066854964538151018
leaf_weight=236.14715394005179 271.20392467826605 116.93937853723764 463.23905239999294 297.31370269879699 4215.7413630392402 33208.735072201118 881.33148274198174 368.98415394872427 286.87810688465834 27463.596922647208 435.62826669402421 143.44212889671326 183.87006097659469 263.15346126258373
leaf_count=14144 18284 1193 4774 3379 17876 79204 3261 2070 1247 57786 7010 427 734 450
internal_value=-3.63885e-05 8.132e-05 0.000184574 0.00023597 -0.000781957 -0.000504521 -0.00504161 -0.0135519 0.00160626 0.00129947 -0.0095579 0.00219538 0.0134532 0.0201657
internal_weight=68836.2 68565 68328.9 68211.9 39138 38305.8 5097.07 832.223 29073.9 28340 876.384 440.756 733.902 550.032
internal_count=211839 193555 179411 178218 107185 100341 21137 6844 71033 68602 10816 3806 2431 1697
cat_boundaries=0 1 2
cat_threshold=22016 2560
is_linear=0
shrinkage=0.06


Tree=110
num_leaves=15
num_cat=3
split_feature=5 8 6 7 5 1 5 8 0 5 8 2 2 0
split_gain=65.008 57.0127 28.619 27.257 33.2334 42.3599 46.819 42.3257 108.396 77.4102 83.0532 70.6936 44.0468 39.843
threshold=21.458333015441898 1.0166666507720949 1.0000000180025095e-35 2.5000000000000004 19.041666984558109 0 19.208333015441898 9.4499998092651385 1 12.541666507720949 5.3166668415069589 0.11111287772655488 0.2777783870697022 2
decision_type=2 2 2 2 2 1 2 2 9 2 2 2 2 9
left_child=1 -1 -3 4 7 -6 -7 8 -4 -10 11 -11 -9 -14
right_child=-2 2 3 -5 5 6 -8 12 9 10 -12 -13 13 -15
leaf_value=-0.029795117416381415 -0.029795118525105899 -0.02647764213547887 0.0013906716515427193 -0.0041676304325754367 0.0060839674259544263 0.010439932075494866 -0.00054032318035397535 0.0085118580810277598 -0.020897037607433104 0.002608797024028615 -0.0003702624195899806 -0.017725346474591289 0.0016168343286489509 -0.0078282673449888342
leaf_weight=229.21490588225424 263.2425668714568 144.68829944171011 13364.487288739532 4711.9718051552773 7508.1946921534836 1556.8515380844474 13699.087610654533 2907.9820638075471 1242.7399160936475 827.67776126414537 5452.5330927073956 2401.0396037213504 12694.016126491129 1830.8624616600573
leaf_count=14144 18284 3829 31513 14512 11745 1785 28743 5701 9147 3311 15155 17387 25584 10999
internal_value=-3.56905e-05 7.85547e-05 0.000178749 0.000235303 0.000562095 0.00239816 0.00057982 -0.000464304 -0.00213792 -0.00688429 -0.00488626 -0.0125127 0.00177147 0.000422002
internal_weight=68834.6 68571.3 68342.1 68197.4 63485.5 22764.1 15255.9 40721.3 23288.5 9923.99 8681.25 3228.72 17432.9 14524.9
internal_count=211839 193555 179411 175582 161070 42273 30528 118797 76513 45000 35853 20698 42284 36583
cat_boundaries=0 1 2 3
cat_threshold=16 4222992 2099216
is_linear=0
shrinkage=0.06


Tree=111
num_leaves=15
num_cat=2
split_feature=5 8 2 5 6 2 2 8 5 0 0 7 6 8
split_gain=63.0946 55.3229 28.3187 25.984 46.2744 40.6031 27.8655 42.924 51.2189 125.805 40.8068 28.6786 55.339 44.3933
threshold=21.458333015441898 1.0166666507720949 1.0000000180025095e-35 10.541666507720949 37.500000000000007 0.28787949681282049 0.074395883828401579 3.6333333253860478 20.041666984558109 0 1 1.5000000000000002 372.50000000000006 11.683333396911623
decision_type=2 2 2 2 2 2 2 2 2 9 9 2 2 2
left_child=1 -1 -3 4 5 -4 10 8 9 -8 -5 -9 13 -13
right_child=-2 2 3 6 -6 -7 7 11 -10 -11 -12 12 -14 -15
leaf_value=-0.029795117902164044 -0.029795117980288569 -0.029795118213824582 0.0086401465679691643 0.01693448554232032 -0.0088254868178637685 -0.0046515331764300279 0.0016030803246307381 0.0016938842086791264 0.0058341891586964831 -0.016563185451245965 0.00017708926419473601 0.0021715195018779921 -0.018003892451878438 -0.0057677673593019198
leaf_weight=222.48615822196007 255.51492064259946 113.328628199175 1526.5668170563877 902.48261752724648 3011.2117257677019 1806.4249831866473 3001.5724949389696 40945.723881807178 1485.6308995112777 2520.5411985106766 1237.0870285332203 7185.1785495430231 701.70821437984705 3918.0349285975099
leaf_count=14144 18284 1193 3089 2242 11222 13479 7923 82664 5811 17709 3340 17608 2416 10715
internal_value=-3.52164e-05 7.56662e-05 0.000172891 0.000222658 -0.00343436 0.00143628 0.000597483 0.000356598 -0.00405531 -0.00671591 0.00732543 0.000942705 -0.00166278 -0.000630048
internal_weight=68833.5 68578 68355.5 68242.2 6344.2 3332.99 61898 59758.4 7007.74 5522.11 2139.57 52750.6 11804.9 11103.2
internal_count=211839 193555 179411 178218 27790 16568 150428 144846 31443 25632 5582 113403 30739 28323
cat_boundaries=0 1 2
cat_threshold=4222976 4203280
is_linear=0
shrinkage=0.06


Tree=112
num_leaves=15
num_cat=1
split_feature=5 8 2 3 8 5 5 2 2 0 8 2 2 2
split_gain=61.2379 53.6839 27.6938 25.8729 35.8214 31.0847 30.8699 30.8127 45.2633 34.0407 41.1369 33.8742 52.4022 32.1208
threshold=21.458333015441898 1.0166666507720949 0.0083173098973929899 45.399999618530281 2.3666666746139531 11.541666507720949 19.791666984558109 0.41920110583305364 0.44697886705398565 0 16.500000000000004 0.40542611479759222 0.3888887763023377 0.45833398401737219
decision_type=2 2 2 2 2 2 2 2 2 9 2 2 2 2
left_child=1 -1 -3 4 6 -6 -4 9 -9 10 11 12 -7 -10
right_child=-2 2 3 -5 5 7 -8 8 13 -11 -12 -13 -14 -15
leaf_value=-0.029795117908727235 -0.029795117906388401 -0.021875929746628955 -0.023864589305377801 0.0015903670390503355 -0.0051981716124053457 -3.6794012769791918e-05 -0.00041727666676567111 0.0085349545591505635 -0.0061960939581632412 -0.0075305127867158162 -0.011903140765364128 -0.0066892300041654345 0.010870021730156823 0.0019098060210736524
leaf_weight=215.95494012162089 248.01412007026374 204.56641510315239 445.15422973781824 29036.98928473331 4492.0209536589682 10940.535429604352 370.27907253056765 3148.8591475300491 2148.3939125090837 2851.8495551049709 1049.6324401646852 2093.2326677702367 1854.6597922556102 9732.115994900465
leaf_count=14144 18284 1501 4774 70725 23797 25953 2070 4971 2950 10202 2131 3513 3135 23689
internal_value=-3.46823e-05 7.29373e-05 0.000167281 0.000233435 -0.00077358 -0.00050872 -0.0132174 0.000114153 0.00213916 -0.00150557 -0.000422521 0.000386578 0.00154415 0.000443988
internal_weight=68832.3 68584.2 68368.3 68163.7 39126.7 38311.3 815.433 33819.3 15029.4 18789.9 15938.1 14888.4 12795.2 11880.5
internal_count=211839 193555 179411 177910 107185 100341 6844 76544 31610 44934 34732 32601 29088 26639
cat_boundaries=0 1
cat_threshold=6301712
is_linear=0
shrinkage=0.06


Tree=113
num_leaves=15
num_cat=2
split_feature=5 8 5 0 8 8 0 8 8 2 8 5 5 8
split_gain=59.7626 51.1693 30.7348 52.4019 43.1313 35.3499 47.237 30.949 30.8333 29.1888 29.0956 32.0606 28.7411 26.6855
threshold=21.208333015441898 1.0166666507720949 15.541666507720949 0 13.949999809265138 12.583333492279055 1 9.4499998092651385 16.500000000000004 0.059561572968959815 12.449999809265138 10.791666507720949 11.791666507720949 2.6333333253860478
decision_type=2 2 2 9 2 2 9 2 2 2 2 2 2 2
left_child=1 -1 3 4 -3 6 10 9 13 -8 -5 -12 -9 -4
right_child=-2 2 8 5 -6 -7 7 12 -10 -11 11 -13 -14 -15
leaf_value=-0.029795118822597329 -0.012292987252767496 -0.021384201894943243 -0.0039182757188204022 0.0015506574581107158 -0.00018630334373450789 0.0048795459179408925 0.011332171638067632 -0.012721513191083462 -0.0035875853231040304 -0.0097207296228093275 -0.013009891955759805 0.011599715655027152 0.002847188101571215 0.0022401340479503125
leaf_weight=203.84114049188793 1402.4577976195142 834.6296351775527 2724.6755427606404 10987.509242918342 589.68925542756915 3471.1222967430949 250.92827695980668 537.67203959263861 4230.8446365445852 4295.9216366931796 980.50510296225548 236.55125710368156 2071.5448020026088 36013.014347050339
leaf_count=13745 23958 10461 14573 23799 6001 9711 1154 2793 7152 20286 2539 430 4590 70647
internal_value=-3.40982e-05 0.000220877 0.000311893 -0.00139563 -0.0125201 -0.000695867 -0.00169583 -0.00556203 0.0012758 -0.00855888 0.000575176 -0.00822668 -0.000360999 0.00180697
internal_weight=68830.9 67428.4 67224.6 24256.1 1424.32 22831.8 19360.6 7156.07 42968.5 4546.85 12204.6 1217.06 2609.22 38737.7
internal_count=211839 187881 174136 81764 16462 65302 55591 28823 92372 21440 26768 2969 7383 85220
cat_boundaries=0 1 2
cat_threshold=768 4214800
is_linear=0
shrinkage=0.06


Tree=114
num_leaves=15
num_cat=2
split_feature=5 8 6 7 5 8 0 5 8 2 2 6 1 5
split_gain=58.7099 50.5827 27.0853 25.0828 30.3724 39.4425 104.988 63.8943 62.7806 68.3981 43.8786 39.6941 39.0516 42.7914
threshold=21.458333015441898 1.0166666507720949 1.0000000180025095e-35 2.5000000000000004 19.041666984558109 8.0166668891906756 0 12.541666507720949 5.3166668415069589 0.11111287772655488 0.2777783870697022 26.500000000000004 1 19.208333015441898
decision_type=2 2 2 2 2 2 9 2 2 2 2 2 1 2
left_child=1 -1 -3 4 5 6 11 -8 9 -9 -7 -4 -6 -14
right_child=-2 2 3 -5 12 10 7 8 -10 -11 -12 -13 13 -15
leaf_value=-0.029795117827664839 -0.029795118200516602 -0.026333254775181791 0.015009881744002031 -0.0040240865412113956 0.005796382385766353 0.0067579355895339074 -0.02361967368598189 0.0026714783077579772 -0.00068019018648790878 -0.017410839275483352 -3.982830272077353e-05 0.0002720884771985627 0.0098815673500231554 -0.00054998942526821959
leaf_weight=203.5610133158043 237.79229454603046 138.65364200249314 698.62738606333733 4685.7262647133321 7568.9429134689271 4297.4795091561973 825.85148216225207 826.07980535924435 3725.9236853346229 2340.0635410062969 16711.314216576517 11287.114323917776 1578.7609144859016 13703.615496769547
leaf_count=14144 18284 3829 1595 14512 11745 7882 7646 3311 11668 17387 42012 27296 1785 28743
internal_value=-3.34927e-05 6.96843e-05 0.000158578 0.000212399 0.000524699 -0.000457904 -0.0023863 -0.00783863 -0.00595902 -0.0121712 0.0013507 0.00113019 0.00227533 0.000527308
internal_weight=68829.5 68591.7 68388.2 68249.5 63563.8 40712.5 19703.7 7717.92 6892.07 3166.14 21008.8 11985.7 22851.3 15282.4
internal_count=211839 193555 179411 175582 161070 118797 68903 40012 32366 20698 49894 28891 42273 30528
cat_boundaries=0 1 2
cat_threshold=4222992 16
is_linear=0
shrinkage=0.06


Tree=115
num_leaves=15
num_cat=1
split_feature=5 8 2 4 6 8 8 6 0 5 8 5 5 8
split_gain=56.9825 49.0851 26.8362 25.15 23.4103 23.7358 57.8823 62.1286 29.3199 60.4226 45.42 38.4661 27.1539 33.4922
threshold=21.458333015441898 1.0166666507720949 1.0000000180025095e-35 0.73557159304618847 1.0000000180025095e-35 18.166666984558109 35.500000000000007 215.50000000000003 0 12.291666507720949 6.9500000476837167 18.291666984558109 9.4583334922790545 49.500000000000007
decision_type=2 2 2 2 2 2 2 2 9 2 2 2 2 2
left_child=1 -1 -3 4 -4 8 7 -7 9 -6 11 -11 13 -8
right_child=-2 2 3 -5 5 6 12 -9 -10 10 -12 -13 -14 -15
leaf_value=-0.029795117268131291 -0.029795119114927545 -0.029795118126003963 -0.026588759072234371 -0.0020858248366354562 -0.020208108117200717 0.038562023347060985 0.018926222336879552 0.0037632707889070616 0.00095691393002568048 -0.019904263046858557 0.0085145878522799989 0.013476420418206278 -0.011940879046307584 0.19304463768159788
leaf_weight=197.58535861689597 230.81174832582474 107.54496250860393 112.2768877800554 13815.942348284647 732.24079864472151 335.29781142249703 22.166877582669262 411.22355488687754 50774.479624561965 503.49539088085294 1005.489309951663 165.00453251227736 409.98666648194194 4.8465319275856009
leaf_count=14144 18284 1193 3392 40924 12488 1162 343 806 103441 7631 4474 1822 1698 37
internal_value=-3.30109e-05 6.71303e-05 0.000153393 0.000200555 0.00078041 0.000836935 0.00924093 0.019393 0.000649906 -0.00580818 0.000455972 -0.011665 -0.00810176 0.0501652
internal_weight=68828.4 68597.6 68400 68292.5 54476.5 54364.2 1183.52 746.521 53180.7 2406.23 1673.99 668.5 437 27.0134
internal_count=211839 193555 179411 178218 137294 133902 4046 1968 129856 26415 13927 9453 2078 380
cat_boundaries=0 1
cat_threshold=2560
is_linear=0
shrinkage=0.06


Tree=116
num_leaves=15
num_cat=3
split_feature=5 8 2 5 0 6 8 2 0 8 5 0 8 5
split_gain=55.3063 47.6325 26.0386 24.0122 37.5508 43.2718 32.9652 26.0245 52.053 39.3328 49.3649 117.224 34.0979 27.5002
threshold=21.458333015441898 1.0166666507720949 1.0000000180025095e-35 10.791666507720949 0 37.500000000000007 18.166666984558109 0.074395883828401579 1 3.6333333253860478 20.041666984558109 2 3.0166666507720952 20.708333015441898
decision_type=2 2 2 2 9 2 2 2 9 2 2 9 2 2
left_child=1 -1 -3 4 6 -6 -4 8 12 10 11 -9 -5 -11
right_child=-2 2 3 7 5 -7 -8 9 -10 13 -12 -13 -14 -15
leaf_value=-0.02979511908416238 -0.029795117806619344 -0.029795118253782862 -0.020848665488021882 0.0072732470385324273 0.0035944574464072229 -0.0057564071963967624 0.021165790847530598 0.0018889173393216272 0.0012788442820702275 0.0013216144718497613 0.0056365625297921957 -0.016207176435321026 0.037796862912631665 -0.0039878482032481774
leaf_weight=191.78511160146445 224.03613465745002 104.38791332766414 623.71088082529604 244.7369857057929 3198.4233926348388 4021.7630459852517 75.351874703541398 2703.6047959327698 1391.7507802397013 48025.093603502959 1493.9172743856907 2454.2401087526232 285.38888228684664 3788.9323352500796
leaf_count=14144 18284 1193 12594 723 8104 10285 1152 7162 3951 98649 5811 17624 440 11723
internal_value=-3.24621e-05 6.47334e-05 0.000148443 0.000194203 -0.00291227 -0.0016119 -0.0160898 0.000601586 0.00747158 0.000375757 -0.00396768 -0.00674945 0.0232665 0.000933357
internal_weight=68827.1 68603.1 68411.3 68306.9 7919.25 7220.19 699.063 60387.7 1921.88 58465.8 6651.76 5157.84 530.126 51814
internal_count=211839 193555 179411 178218 32135 18389 13746 146083 5114 140969 30597 24786 1163 110372
cat_boundaries=0 1 2 3
cat_threshold=6294016 4195088 4222976
is_linear=0
shrinkage=0.06


Tree=117
num_leaves=15
num_cat=2
split_feature=5 8 2 4 6 5 5 6 5 0 8 0 5 8
split_gain=53.6792 46.2229 25.2648 23.9534 22.3078 22.2138 30.6002 47.0031 45.3463 44.7656 41.4917 97.966 64.8809 62.7509
threshold=21.458333015441898 1.0166666507720949 1.0000000180025095e-35 0.73557159304618847 1.0000000180025095e-35 21.208333015441898 19.291666984558109 423.50000000000006 19.958333015441898 0 8.4499998092651385 1 12.541666507720949 5.3166668415069589
decision_type=2 2 2 2 2 2 2 2 2 9 2 9 2 2
left_child=1 -1 -3 4 -4 6 10 9 -9 -8 11 -6 -13 -14
right_child=-2 2 3 -5 5 -7 7 8 -10 -11 -12 12 13 -15
leaf_value=-0.029795118345014238 -0.029795117898782648 -0.02979511820887127 -0.026467092582909711 -0.0020455385978137845 0.0015630638146249449 -0.0078756627647565136 0.033490063679591231 0.0056971631869089032 -0.020151332707400917 0.0037386866270415525 0.0021221834643335687 -0.023493640993370243 -0.01123668042918699 0.00014300255466568798
leaf_weight=186.15514292009175 217.45941141713411 101.32354149222374 108.17224261537194 13795.884649354964 11990.056340936571 1040.4455492943525 174.84502677991986 420.93659299984574 582.3439382687211 14086.102524947375 18345.723752591759 780.7693048287183 3320.3225663416088 3675.581411421299
leaf_count=14144 18284 1193 3392 40924 26167 4375 744 595 1811 26041 37260 7559 19892 9458
internal_value=-3.20292e-05 6.23068e-05 0.000143539 0.000187939 0.00075305 0.000807159 0.000976409 0.00324645 -0.00930633 0.00412956 6.72469e-05 -0.00183996 -0.00707965 -0.0052579
internal_weight=68826.1 68608.7 68422.5 68321.2 54525.3 54417.1 53376.7 15264.2 1003.28 14260.9 38112.5 19766.7 7776.67 6995.9
internal_count=211839 193555 179411 178218 137294 133902 129527 29191 2406 26785 100336 63076 36909 29350
cat_boundaries=0 1 2
cat_threshold=3584 4222992
is_linear=0
shrinkage=0.06


Tree=118
num_leaves=15
num_cat=3
split_feature=5 8 2 3 8 0 2 5 8 0 5 8 0 2
split_gain=52.1008 44.856 24.5686 24.4447 32.2921 29.2971 30.7918 29.2759 25.3457 23.4939 30.5691 23.2203 24.2489 21.9754
threshold=21.458333015441898 1.0166666507720949 0.0083173098973929899 45.399999618530281 2.3666666746139531 0 0.66230916976928722 19.791666984558109 16.716666221618656 1 18.708333015441898 35.500000000000007 2 0.41920110583305364
decision_type=2 2 2 2 2 9 2 2 2 9 2 2 9 2
left_child=1 -1 -3 4 7 6 -6 -4 9 10 -5 -10 -13 -7
right_child=-2 2 3 8 5 13 -8 -9 11 -11 -12 12 -14 -15
leaf_value=-0.029795117904874945 -0.029795117930999974 -0.021329577009101659 -0.023551396330715166 -0.012733077210987445 -0.0069575517413315571 -0.001192057298840563 0.005374206949821156 -0.0004527425778375885 0.018325039825148114 0.0015407464199533587 0.019646478097445609 0.031042776027794521 -0.017583943336484133 0.0019331208527734139
leaf_weight=180.69044605642557 211.07575517240912 191.36401903629303 422.82472575083375 777.16376119852066 4161.5642307363451 19380.023779161274 883.72465931251645 370.72662838175893 571.07044189982116 27454.949827060103 121.35530452802777 39.27769498899579 142.15171803534031 13916.687867326662
leaf_count=14144 18284 1501 4774 10430 17876 49023 3261 2070 1692 57156 713 136 598 30181
internal_value=-3.1393e-05 6.01691e-05 0.000138999 0.000199202 -0.000780119 -0.000532169 -0.00478805 -0.0127603 0.00151599 0.00122754 -0.00826783 0.0123843 -0.00631491 0.000114107
internal_weight=68824.7 68613.6 68432.9 68241.5 39135.6 38342 5045.29 793.551 29106 28353.5 898.519 752.5 181.429 33296.7
internal_count=211839 193555 179411 177910 107185 100341 21137 6844 70725 68299 11143 2426 734 79204
cat_boundaries=0 1 2 3
cat_threshold=22016 3584 6144
is_linear=0
shrinkage=0.06


Tree=119
num_leaves=15
num_cat=2
split_feature=5 8 6 7 5 1 5 6 8 0 5 8 2 2
split_gain=50.5691 43.53 24.1395 23.9764 27.2251 36.0464 40.2956 40.9695 34.8431 88.4014 71.2401 67.8925 68.5251 36.3269
threshold=21.458333015441898 1.0166666507720949 1.0000000180025095e-35 2.5000000000000004 19.041666984558109 0 19.708333015441898 423.50000000000006 9.4499998092651385 1 12.291666507720949 5.3166668415069589 0.11111287772655488 0.2777783870697022
decision_type=2 2 2 2 2 1 2 2 2 9 2 2 2 2
left_child=1 -1 -3 4 8 -6 -7 -8 9 -4 -11 12 -12 -10
right_child=-2 2 3 -5 5 6 7 -9 13 10 11 -13 -14 -15
leaf_value=-0.029795117975655882 -0.029795118732416977 -0.026012007715710193 0.0011753585155057132 -0.0039641054019252317 0.0055061215838743509 0.0038506850745836782 -0.00094684260042280114 -0.015000245005466444 0.0076109434146763378 -0.024406695831401707 0.0029037598587007517 -0.0010501032392598089 -0.017278246921156568 0.00033820556884710576
leaf_weight=175.38616311829537 204.87949415296316 126.87972048483789 13457.469466995448 4674.8457333743572 7631.259986564517 6918.2476785667241 7569.811202339828 828.53024749085307 2978.0200044475496 727.11449495516717 820.21163707599044 5829.8804217875004 2315.2750778459013 14565.270090039819
leaf_count=14144 18284 3829 31513 14512 11745 9144 18790 2594 5701 7779 3323 16081 17817 36583
internal_value=-3.07142e-05 5.8156e-05 0.000134656 0.000183217 0.000487864 0.00214042 0.000459621 -0.00233327 -0.000444052 -0.00197242 -0.00633762 -0.00487924 -0.0119988 0.00157277
internal_weight=68823.1 68618.2 68442.8 68315.9 63641.1 22947.8 15316.6 8398.34 40693.2 23150 9692.48 8965.37 3135.49 17543.3
internal_count=211839 193555 179411 175582 161070 42273 30528 21384 118797 76513 45000 37221 21140 42284
cat_boundaries=0 1 2
cat_threshold=16 4222992
is_linear=0
shrinkage=0.06


Tree=120
num_leaves=15
num_cat=4
split_feature=5 8 5 0 8 8 0 8 8 5 0 8 0 5
split_gain=49.1688 41.4423 26.5806 45.6681 40.851 31.5501 38.8522 30.0867 29.5731 29.9651 24.604 22.4581 22.4052 24.6723
threshold=21.208333015441898 1.0166666507720949 15.541666507720949 0 13.949999809265138 12.583333492279055 1 16.500000000000004 12.449999809265138 10.791666507720949 2 2.6333333253860478 3 14.74995279312134
decision_type=2 2 2 9 2 2 9 2 2 2 9 2 9 2
left_child=1 -1 3 4 -3 6 8 10 -5 -10 -4 -12 -8 -14
right_child=-2 2 7 5 -6 -7 12 -9 9 -11 11 -13 13 -15
leaf_value=-0.029795117344426188 -0.011427005252118972 -0.020899216367506357 0.0098798737451359694 0.0018180226358893896 1.6349884787954148e-05 0.004558389685767817 -0.0034664640871081291 -0.0036378970753012819 -0.012828362678991236 0.010803571337211557 -0.0041428394605896677 0.0017941052015349776 -0.017763614369683735 0.0026420126454334216
leaf_weight=165.4675623299554 1336.3376083206385 789.12741043418646 1266.3191277943552 9753.9185169115663 585.6806482616812 3503.5723426546901 7216.2695208601654 4238.9823976308107 970.01456619799137 241.19005110859871 2453.817084595561 35167.246297813952 849.27039730548859 284.8587320111692
leaf_count=13745 23958 10461 5513 20926 6001 9711 19039 7152 2539 430 13228 66479 10462 2195
internal_value=-3.02778e-05 0.000195398 0.000269112 -0.00132265 -0.0119024 -0.000679729 -0.0016302 0.00116209 0.000719341 -0.00812248 0.00168532 0.0014065 -0.00471067 -0.0125279
internal_weight=68822.1 67485.7 67320.3 24193.9 1374.81 22819.1 19315.5 43126.4 10965.1 1211.2 38887.4 37621.1 8350.4 1134.13
internal_count=211839 187881 174136 81764 16462 65302 55591 92372 23895 2969 85220 79707 31696 12657
cat_boundaries=0 1 2 3 4
cat_threshold=768 4210704 4195840 2109440
is_linear=0
shrinkage=0.06


Tree=121
num_leaves=15
num_cat=2
split_feature=5 8 2 5 6 2 5 2 8 5 0 0 7 6
split_gain=48.5244 41.0199 23.9202 22.6152 42.787 31.1255 27.7594 23.7533 34.542 44.9028 110.277 33.6575 25.5376 51.3063
threshold=21.458333015441898 1.0166666507720949 1.0000000180025095e-35 10.541666507720949 37.500000000000007 0.28787949681282049 9.4583334922790545 0.074395883828401579 3.6333333253860478 20.041666984558109 0 1 1.5000000000000002 372.50000000000006
decision_type=2 2 2 2 2 2 2 2 2 2 9 9 2 2
left_child=1 -1 -3 4 5 -4 -6 11 9 10 -9 -5 -10 -14
right_child=-2 2 3 7 6 -7 -8 8 12 -11 -12 -13 13 -15
leaf_value=-0.029795119241039957 -0.029795117833144931 -0.029795118205426747 0.0075484134813314629 0.015165286950442112 0.011370633684424324 -0.0040619467996882517 -0.010195689800347402 0.0013938494248736525 0.0015192868859706047 0.0054891843715931072 -0.01583946896875775 0.00011964222319197814 -0.00066799035428155356 -0.017638336300832152
leaf_weight=165.32599268760532 196.60563690774143 96.040263194590807 1571.1957933865488 938.38894354552031 233.20356122590601 1765.0370085109025 2731.9163939896971 3021.775597050786 41174.021879002452 1500.1571812406182 2389.3115940093994 1239.4818849489093 11117.676996501163 680.60774976015091
leaf_count=14144 18284 1193 3089 2242 1371 13479 9851 7923 82664 5811 17709 3340 28323 2416
internal_value=-2.97044e-05 5.55724e-05 0.000127661 0.000169698 -0.0032551 0.00140594 -0.00849952 0.000517433 0.000293578 -0.00369591 -0.00624237 0.00667261 0.000814083 -0.00164696
internal_weight=68820.7 68624.1 68458.8 68362.8 6301.35 3336.23 2965.12 62061.4 59883.6 6911.24 5411.09 2177.87 52972.3 11798.3
internal_count=211839 193555 179411 178218 27790 16568 11222 150428 144846 31443 25632 5582 113403 30739
cat_boundaries=0 1 2
cat_threshold=4222976 4203280
is_linear=0
shrinkage=0.06


Tree=122
num_leaves=15
num_cat=1
split_feature=5 8 2 3 0 2 8 2 2 2 2 8 2 2
split_gain=47.0974 39.8075 23.2105 22.7352 30.2349 29.8164 23.205 21.8811 50.764 34.534 45.6026 46.7514 26.1737 41.1017
threshold=21.458333015441898 1.0166666507720949 1.0000000180025095e-35 45.399999618530281 0 0.66230916976928722 16.716666221618656 0.41920110583305364 0.44846384227275854 0.45833398401737219 0.49479767680168157 30.166666984558109 0.40542611479759222 0.3888887763023377
decision_type=2 2 2 2 9 2 2 2 2 2 2 2 2 2
left_child=1 -1 -3 4 5 -4 -5 12 -9 -10 -11 -12 13 -6
right_child=-2 2 3 6 7 -7 -8 8 9 10 11 -13 -14 -15
leaf_value=-0.029795117389481728 -0.029795118033320564 -0.029795118281232658 -0.0071419725173164821 0.0011532082958683313 -0.0017424899364436532 0.0048040439187214921 0.011749265226699711 0.0080256338630279502 -0.007175894753145954 0.0062726168617905495 -0.0029489781895572107 0.094186081915642456 -0.0068513384671248121 0.0066316393435750173
leaf_weight=160.47275228984654 190.83415256999433 93.220941660925746 4288.1461631823331 28473.914391908795 14670.710927804932 912.16081507876515 764.00218923203647 3433.9877592734993 2140.6570474263281 3768.9086821563542 4697.8820733204484 17.905940555036068 2742.4426403921098 2464.4521232526749
leaf_count=14144 18284 1193 18964 68602 42368 3529 2431 6899 3203 7123 13750 78 5866 5405
internal_value=-2.92512e-05 5.35179e-05 0.000123476 0.000164266 -0.000781381 -0.00503689 0.00143009 -0.000127769 0.00168374 -0.000365886 0.00135225 -0.00258015 -0.0014091 -0.000538087
internal_weight=68819.7 68628.9 68468.4 68375.2 39137.3 5200.31 29237.9 33936.9 14059.3 10625.4 8484.7 4715.79 19877.6 17135.2
internal_count=211839 193555 179411 178218 107185 22493 71033 84692 31053 24154 20951 13828 53639 47773
cat_boundaries=0 1
cat_threshold=22016
is_linear=0
shrinkage=0.06


Tree=123
num_leaves=15
num_cat=2
split_feature=5 8 6 6 7 5 5 1 8 0 2 8 6 2
split_gain=45.7126 38.6312 22.9052 22.1829 22.9005 29.5457 47.7899 44.5671 42.6607 96.9121 106.74 85.1967 38.2573 33.5045
threshold=21.458333015441898 1.0166666507720949 1.0000000180025095e-35 568.50000000000011 2.5000000000000004 19.291666984558109 19.458333015441898 0 7.4166667461395273 1 0.15625650435686114 5.0166666507720956 29.500000000000004 0.2777783870697022
decision_type=2 2 2 2 2 2 2 1 2 9 2 2 2 2
left_child=1 -1 -3 4 5 8 -7 -8 9 -4 -11 -12 -13 -10
right_child=-2 2 3 -5 -6 6 7 -9 13 10 11 12 -14 -15
leaf_value=-0.029795118898056978 -0.029795117881095352 -0.025859429821374524 0.0034610146341061561 -0.018154650887498961 -0.0038341137320129812 0.010651346664048314 0.0058060936532851708 -0.00088001218386278253 0.0053132414522816165 0.0026186797205114873 -0.017012531424597688 0.016209536652271778 -0.0058932369258685759 0.00012955410185341835
leaf_weight=155.76197179406881 185.23210220132023 121.9608756788075 6380.3386473581195 237.10388051345944 4651.4378901105374 2299.3356861546636 5434.4200298972428 10528.64201784879 5704.1115478463471 3811.3398495279253 3287.5974783841521 300.10006416216493 4653.2738870456815 21067.899863060564
leaf_count=14144 18284 3829 16162 696 14512 2678 9263 24362 10030 11718 22958 1052 13853 48298
internal_value=-2.87569e-05 5.15785e-05 0.000119469 0.000165821 0.00022959 0.000527415 0.00256416 0.00139927 -0.000295417 -0.00251678 -0.00567951 -0.00952421 -0.00455414 0.001234
internal_weight=68818.6 68633.3 68477.6 68355.6 68118.5 63467.1 18262.4 15963.1 45204.7 18432.6 12052.3 8240.97 4953.37 26772
internal_count=211839 193555 179411 175582 174886 160374 36303 33625 124071 65743 49581 37863 14905 58328
cat_boundaries=0 1 2
cat_threshold=16 4222976
is_linear=0
shrinkage=0.06


Tree=124
num_leaves=15
num_cat=2
split_feature=5 8 5 0 6 8 8 4 5 1 5 5 8 3
split_gain=44.3682 37.4896 22.8535 32.841 38.2017 30.3746 23.9589 25.3122 22.7394 43.6925 25.2372 40.26 29.5904 27.3236
threshold=21.458333015441898 1.0166666507720949 10.791666507720949 0 37.500000000000007 18.166666984558109 11.949999809265138 0.30628703534603124 20.958333015441898 1 20.791666984558109 20.708333015441898 2.6333333253860478 45.649999618530281
decision_type=2 2 2 9 2 2 2 2 2 1 2 2 2 2
left_child=1 -1 3 5 6 -3 7 -5 10 -10 11 12 -4 -14
right_child=-2 2 8 4 -6 -7 -8 -9 9 -11 -12 -13 13 -15
leaf_value=-0.029795119121872403 -0.029795117298278301 -0.020380993722795754 -0.0045851413662288598 0.014765043937629606 -0.00564942134890189 0.019455608933166259 -0.0072550919131180221 0.0018214404924026043 0.0079730470633207467 -0.0096403013409202976 0.010342713861641661 -0.011142315081851423 0.00021125188327361465 0.0031298912792882359
leaf_weight=151.18948262371123 179.79449674021453 592.72638163529336 3434.5925927851349 774.3688140809536 4003.9432405047119 77.968391735106707 643.6549751535058 1827.5233795717359 682.91030994057655 1902.2947836630046 972.2498197555542 1033.1959164440632 35405.082208277658 17136.21371364221
leaf_count=14144 18284 12830 18350 1086 10441 1204 2199 4994 2003 7964 2487 2612 79611 33630
internal_value=-2.83904e-05 4.95825e-05 0.000115467 -0.00291544 -0.00172566 -0.0155186 0.00310966 0.00567368 0.000511814 -0.00499399 0.0007573 0.000593828 0.000810452 0.00116316
internal_weight=68817.7 68637.9 68486.7 7920.19 7249.49 670.695 3245.55 2601.89 60566.5 2585.21 57981.3 57009.1 55975.9 52541.3
internal_count=211839 193555 179411 32754 18720 14034 8279 6080 146657 9967 136690 134203 131591 113241
cat_boundaries=0 1 2
cat_threshold=6294016 16
is_linear=0
shrinkage=0.06


Tree=125
num_leaves=15
num_cat=3
split_feature=5 8 2 4 5 0 2 0 8 5 8 8 0 8
split_gain=43.0639 36.3824 22.5005 21.5725 19.6121 35.444 29.0855 28.4973 26.8919 26.0325 24.7302 24.5648 35.8594 39.8768
threshold=21.458333015441898 1.0166666507720949 1.0000000180025095e-35 0.73557159304618847 16.002066612243656 0 0.27762332558631903 1 9.4499998092651385 12.875000000000002 42.500000000000007 13.500000000000002 2 5.3166668415069589
decision_type=2 2 2 2 2 9 2 9 2 2 2 2 9 2
left_child=1 -1 -3 4 5 6 8 -6 9 -4 -8 12 -7 -14
right_child=-2 2 3 -5 7 11 10 -9 -10 -11 -12 -13 13 -15
leaf_value=-0.029795118184733689 -0.029795118068480286 -0.02979511822508436 0.0044596641445397546 -0.0019721434016385085 0.010457754618018244 0.0012928982925608367 -0.017045595201883278 0.0012700022299399875 0.010000132595820924 -0.020082966486731149 0.082398374589998699 0.0066792490082502858 -0.013672064674279045 -0.0018391709792758724
leaf_weight=146.75121910590678 174.51651800051332 90.444188321009278 274.99809788912535 13759.491998953745 1255.4488392472267 12266.690288864076 922.38744446076453 31069.485185097903 431.20723295211792 358.3140041269362 9.0914364196360093 1840.7447540946305 1295.0400441307575 4921.9580689463764
leaf_count=14144 18284 1193 1206 40924 4347 23513 12418 62692 1593 3240 118 4652 9431 14084
internal_value=-2.78976e-05 4.7783e-05 0.000111721 0.000151264 0.00068593 -0.000681971 -0.00829064 0.00163047 -0.00155702 -0.00942601 -0.016075 6.92968e-05 -0.000588934 -0.00429713
internal_weight=68816.6 68642.1 68495.3 68404.9 54645.4 22320.4 1996 32324.9 1064.52 633.312 931.479 20324.4 18483.7 6217
internal_count=211839 193555 179411 178218 137294 70255 18575 67039 6039 4446 12536 51680 47028 23515
cat_boundaries=0 1 2 3
cat_threshold=8960 4212224 4214800
is_linear=0
shrinkage=0.06


Tree=126
num_leaves=15
num_cat=3
split_feature=5 8 5 0 8 8 8 0 8 5 2 0 2 2
split_gain=42.0391 34.603 23.7345 40.8097 39.319 28.631 28.3131 35.1467 26.8433 27.7418 22.0808 21.5999 21.4444 28.4572
threshold=21.208333015441898 1.0166666507720949 15.541666507720949 0 13.949999809265138 16.500000000000004 12.583333492279055 1 12.449999809265138 10.791666507720949 0.6264714002609254 2 0.32184261083602911 0.17320635169744494
decision_type=2 2 2 9 2 2 2 9 2 2 2 9 2 2
left_child=1 -1 3 4 -3 11 7 8 -5 -10 -6 -4 13 -8
right_child=-2 2 5 6 10 -7 12 -9 9 -11 -12 -13 -14 -15
leaf_value=-0.02979511891774185 -0.010759037576423708 -0.02051530508218485 0.0091992986889758589 0.0016901046505962368 -0.00048123974552145583 -0.0036056805029006126 -0.0069520928269747508 -0.0045198508621937718 -0.012475868004287105 0.01016638707878244 0.19117053431877942 0.0013264946847071364 0.0022563325214859579 0.023513266350013329
leaf_weight=138.38012446742505 1289.4460964566097 756.48075313586742 1288.594902228564 9793.5466602966189 579.24781113117933 4233.7678629755974 152.34409411996603 8287.27922318317 950.27207966148853 245.03581382334232 2.1722832843661299 37717.798794003204 2980.208311535418 400.68743605166674
leaf_count=13745 23958 10461 5513 20926 5980 7152 480 31696 2539 430 21 79707 8266 965
internal_value=-2.73323e-05 0.000177596 0.000239145 -0.00126768 -0.0114125 0.00108062 -0.000667327 -0.00157265 0.000653502 -0.00783425 0.000234804 0.00158928 0.00426993 0.0151209
internal_weight=68815.3 67525.8 67387.4 24147.3 1337.9 43240.2 22809.4 19276.1 10988.9 1195.31 581.42 39006.4 3533.24 553.032
internal_count=211839 187881 174136 81764 16462 92372 65302 55591 23895 2969 6001 85220 9711 1445
cat_boundaries=0 1 2 3
cat_threshold=768 4210704 4195840
is_linear=0
shrinkage=0.06


Tree=127
num_leaves=15
num_cat=0
split_feature=5 8 2 6 3 5 2 2 2 2 2 2 6 2
split_gain=41.3512 34.2878 21.7985 21.0966 21.3803 37.9691 30.3289 40.1432 46.0664 40.0311 32.8795 54.4722 32.0053 28.6075
threshold=21.458333015441898 1.0166666507720949 0.0083173098973929899 568.50000000000011 46.550001144409187 11.791666507720949 0.3888887763023377 0.40277843177318579 0.41920110583305364 0.44444504380226141 0.45833398401737219 0.49479767680168157 386.50000000000006 0.3735675066709519
decision_type=2 2 2 2 2 2 2 2 2 2 2 2 2 2
left_child=1 -1 -3 4 5 -4 12 -8 -9 -10 -11 -12 13 -7
right_child=-2 2 3 -5 -6 6 7 8 9 10 11 -13 -14 -15
leaf_value=-0.029795119162635761 -0.029795116785093202 -0.020772544776574385 -0.0050358619396845628 -0.017900180213848753 0.0016537836376406365 -0.00023616272696456693 0.0086139514922772796 -0.0062591315626838737 0.0073838116744097734 -0.0058147817352413129 0.0070959731993711023 -0.0016469260832665017 -0.01232968423132345 -0.0085890049670181885
leaf_weight=138.33753244113177 167.58073706552386 179.54965829756111 5921.4217858873308 232.0314722135663 24212.991709677503 12751.668424187228 2555.0215160287917 2976.5482544153929 3667.3998016491532 2554.5929995961487 4199.5504763126373 6593.1765157580376 994.87936970964074 1669.3299496509135
leaf_count=14144 18284 1501 32469 693 56182 37389 4656 5515 5615 3654 7162 18601 2545 3429
internal_value=-2.68209e-05 4.58498e-05 0.000106107 0.000160971 0.000222512 -0.000567199 0.000129833 0.00153217 0.000627064 0.00183173 0.000306205 0.00175502 -0.00192113 -0.00120306
internal_weight=68814.1 68646.5 68508.2 68328.6 68096.6 43883.6 37962.2 22546.3 19991.3 17014.7 13347.3 10792.7 15415.9 14421
internal_count=211839 193555 179411 177910 177217 121035 88566 45203 40547 35032 29417 25763 43363 40818
is_linear=0
shrinkage=0.06


Tree=128
num_leaves=15
num_cat=1
split_feature=5 8 2 6 7 5 5 8 8 0 2 8 2 6
split_gain=40.1356 33.2754 21.3387 20.2487 20.6316 27.8378 41.8855 41.0287 38.9635 92.1395 105.632 98.6287 40.3705 33.4182
threshold=21.458333015441898 1.0166666507720949 1.0000000180025095e-35 568.50000000000011 2.5000000000000004 19.291666984558109 19.458333015441898 11.683333396911623 7.4166667461395273 0 0.11860045790672304 5.0166666507720956 0.19698152691125873 20.500000000000004
decision_type=2 2 2 2 2 2 2 2 2 9 2 2 2 2
left_child=1 -1 -3 4 5 8 -7 -8 9 -4 -11 -12 13 -13
right_child=-2 2 3 -5 -6 6 7 -9 -10 10 11 12 -14 -15
leaf_value=-0.029795117972361177 -0.02979511678826002 -0.029795118441282558 0.0033658876967755337 -0.017701821027725623 -0.0036705184487701176 0.0099519354530653841 0.0031952137356103692 -0.0036692075468889819 0.0011385709147033888 0.0051026166695432558 -0.015716395338343542 0.055374294364999119 -0.0062450917854737385 0.0039430717558026594
leaf_weight=134.27654758188874 162.66130101121962 85.831989393569529 6398.6702212616801 228.22560308128595 4622.310035513714 2339.7960730008781 11703.610630854964 4281.2670308277011 26870.12195892632 2618.3361231386662 3964.7062015440315 47.129595756530762 4055.7916139643639 1300.3661419898272
leaf_count=14144 18284 1193 15961 694 14345 2676 25411 8134 60607 7414 26845 50 13813 2268
internal_value=-2.63973e-05 4.41371e-05 0.000102615 0.000140116 0.000199821 0.000481198 0.00245419 0.0013567 -0.000317703 -0.00244608 -0.00554687 -0.00852931 -0.00325572 0.00574191
internal_weight=68813.1 68650.4 68516.2 68430.3 68202.1 63579.8 18324.7 15984.9 45255.1 18385 11986.3 9367.99 5403.29 1347.5
internal_count=211839 193555 179411 178218 177524 163179 36221 33545 126958 66351 50390 42976 16131 2318
cat_boundaries=0 1
cat_threshold=4222976
is_linear=0
shrinkage=0.06


Tree=129
num_leaves=15
num_cat=3
split_feature=5 8 6 7 4 8 8 6 0 5 0 0 8 8
split_gain=38.9555 32.2929 21.2077 20.2331 20.4606 21.2669 42.6037 46.2302 24.0933 23.6737 57.3997 27.5464 23.6212 22.9144
threshold=21.458333015441898 1.0166666507720949 1.0000000180025095e-35 3.5000000000000004 0.74217987060546886 18.166666984558109 35.500000000000007 215.50000000000003 0 16.002066612243656 1 2 47.500000000000007 16.500000000000004
decision_type=2 2 2 2 2 2 2 2 9 2 9 9 2 2
left_child=1 -1 -3 4 5 9 7 -7 12 10 -4 13 -8 -11
right_child=-2 2 3 -5 -6 6 8 -9 -10 11 -12 -13 -14 -15
leaf_value=-0.029795118609104908 -0.029795119687216123 -0.025627123862539788 0.00024575699546538831 -0.0097030253041792431 -0.0018639378156898134 0.032186531927353143 0.044108711856736517 0.0030048789953284198 -0.016804529874730686 0.0017102382681895394 -0.0089836123065516593 0.009457388994068788 -0.005596890040977724 -0.004476260960752783
leaf_weight=130.33477943111211 157.88627063855529 115.16330665815622 18780.329720100388 743.27746777608991 13248.634471066296 373.65897823870182 56.018747687339783 409.75613284111023 276.20345117896795 27788.798388499767 2775.7643395941705 1530.7411026097834 89.262733839452267 2336.5983397364616
leaf_count=14144 18284 3829 38908 2771 38378 1256 219 799 1427 54148 25944 8105 344 3283
internal_value=-2.61063e-05 4.23541e-05 9.91058e-05 0.000142415 0.000250562 0.000765368 0.0086479 0.0169234 -0.0067338 0.000586881 -0.000946756 0.0016312 0.0126951 0.00122999
internal_weight=68812.4 68654.5 68524.2 68409 67665.8 54417.1 1204.9 783.415 421.485 53212.2 21556.1 31656.1 145.281 30125.4
internal_count=211839 193555 179411 175582 172811 134433 4045 2055 1990 130388 64852 65536 563 57431
cat_boundaries=0 1 2 3
cat_threshold=6144 6311952 2109712
is_linear=0
shrinkage=0.06


Tree=130
num_leaves=15
num_cat=3
split_feature=5 8 5 0 8 5 6 2 0 8 8 5 0 2
split_gain=37.9385 30.6861 22.1235 30.0565 34.1807 30.0169 28.5168 24.78 45.3333 37.0529 34.2841 31.5256 59.975 27.9571
threshold=21.208333015441898 1.0166666507720949 11.041666507720949 0 18.166666984558109 11.208333492279055 37.500000000000007 0.074395883828401579 1 2.6333333253860478 3.3666666746139531 20.041666984558109 2 0.17003886401653293
decision_type=2 2 2 9 2 2 2 2 9 2 2 2 9 2
left_child=1 -1 3 4 -3 -4 -5 8 10 11 -7 12 13 -9
right_child=-2 2 5 6 -6 7 -8 9 -10 -11 -12 -13 -14 -15
leaf_value=-0.029795118838535434 -0.010335534550815262 -0.024328206172974692 0.01116896298460476 0.0026995135127345104 0.017520858210076602 0.0080330151933734033 -0.0042172578448856279 0.014827397616494455 0.0012169728344019446 0.00061379361283550192 0.038547278002672852 0.0048944409269795494 -0.02132817580397928 -0.0065388032897119343
leaf_weight=122.83278519008309 1261.383620407898 406.07933372911066 963.33175041899085 3412.6252280399203 84.96073217317462 283.12261395528913 5780.7024481389672 302.53784774243832 1301.6803748104721 52240.935375951231 249.24499125778675 652.9342136234045 936.49882600642741 812.68249407410622
leaf_count=13745 23958 12796 2372 8727 1282 774 14659 971 3997 113287 353 3124 9340 2454
internal_value=-2.57275e-05 0.00016679 0.000221372 -0.00243246 -0.0167464 0.000666461 -0.00164791 0.000488274 0.00734895 0.000259269 0.0219077 -0.00658845 -0.0102427 -0.000735964
internal_weight=68811.6 67550.2 67427.3 9684.37 491.04 57743 9193.33 56779.6 1834.05 54945.6 532.368 2704.65 2051.72 1115.22
internal_count=211839 187881 174136 37464 14078 136672 23386 134300 5124 129176 1127 15889 12765 3425
cat_boundaries=0 1 2 3
cat_threshold=2560 4195088 4222976
is_linear=0
shrinkage=0.06


Tree=131
num_leaves=15
num_cat=3
split_feature=5 8 2 6 3 0 2 0 6 5 8 2 8 0
split_gain=37.4215 30.4347 20.7137 19.3906 19.254 38.9029 29.9018 29.4265 30.2363 29.3647 48.1463 80.6022 41.0739 37.1822
threshold=21.458333015441898 1.0166666507720949 1.0000000180025095e-35 568.50000000000011 69.299999237060561 0 0.63452148437500011 1 37.500000000000007 18.541666984558109 7.0166666507720956 0.16295880824327472 16.500000000000004 2
decision_type=2 2 2 2 2 9 2 9 2 2 2 2 2 9
left_child=1 -1 -3 4 5 6 -4 -6 -9 10 11 -7 -11 -13
right_child=-2 2 3 -5 7 9 -8 8 -10 12 -12 13 -14 -15
leaf_value=-0.029795118589355105 -0.029795118803312055 -0.029795118052958702 -0.0056102133443089201 -0.017485540111003683 0.007062394481802921 0.0058206843767420356 0.0055857031658722005 0.010973719644774067 -0.0013222141761560452 0.0028048957770417412 0.00068521647660884754 -0.00015079071483972185 -0.0052172509613517219 -0.010924050076691921
leaf_weight=122.865089812316 151.67564669344574 83.3702103048563 6767.8579029664397 224.21564474701881 3483.3977361172438 1936.3314859643579 983.58372459933162 824.3060564622283 5687.5125742033124 20971.831491410732 18857.273229936138 1550.43179500103 2580.3703427612782 4585.8156728614122
leaf_count=14144 18284 1193 31205 694 5878 6498 3633 983 10795 40104 43356 4638 3946 26488
internal_value=-2.54186e-05 4.0346e-05 9.3832e-05 0.000130234 0.000188124 -0.000229454 -0.00418416 0.00262099 0.000233922 0.000378539 -0.000974685 -0.00485216 0.00192599 -0.00822004
internal_weight=68810.8 68659.2 68536.3 68452.9 68228.7 58233.5 7751.44 9995.22 6511.82 50482.1 26929.9 8072.58 23552.2 6136.25
internal_count=211839 193555 179411 178218 177524 159868 34838 17656 11778 125030 80980 37624 44050 31126
cat_boundaries=0 1 2 3
cat_threshold=12800 4206848 4210688
is_linear=0
shrinkage=0.06


Tree=132
num_leaves=15
num_cat=0
split_feature=5 8 2 4 8 6 8 8 6 5 2 2 2 8
split_gain=36.3214 29.5366 20.1007 18.8811 18.4805 17.9712 17.7615 47.2073 42.7743 22.4306 22.1942 18.9924 41.2821 41.2679
threshold=21.458333015441898 1.0166666507720949 1.0000000180025095e-35 0.73557159304618847 3.2500000000000004 1.0000000180025095e-35 18.166666984558109 35.500000000000007 240.50000000000003 9.4583334922790545 0.38270519673824316 0.46093830466270452 0.4999998807907105 16.500000000000004
decision_type=2 2 2 2 2 2 2 2 2 2 2 2 2 2
left_child=1 -1 -3 5 -5 -4 11 8 -8 10 -9 13 -13 -7
right_child=-2 2 3 4 -6 6 7 9 -10 -11 -12 12 -14 -15
leaf_value=-0.029795117385457138 -0.029795117754076072 -0.029795118073325522 -0.025879661522119769 -0.012282207805624149 -0.0013995486917646944 0.00038289769762351434 0.029224323086918927 0.12744465740166558 0.0012303964276685299 -0.011762823713975612 0.010896897633224321 0.00687167090647993 -0.0022574549218645303 -0.0096164722862194952
leaf_weight=119.25831167865545 147.22311525885016 80.922826114110649 91.943296831101179 586.88131937757134 13120.074927376583 44405.702579094097 433.07763591781259 8.0132396779954451 359.70394306629896 405.93835725262761 22.117360770702362 4565.9301963038743 2925.9563266783953 1537.2686604186893
leaf_count=14144 18284 1193 3392 3661 37263 112522 1272 81 696 1698 299 7208 5885 4241
internal_value=-2.5061e-05 3.87704e-05 9.06781e-05 0.000126003 -0.0018655 0.000624536 0.000669116 0.00780099 0.0165228 -0.00805544 0.0418928 0.000505103 0.00330629 4.83151e-05
internal_weight=68810 68662.8 68543.5 68462.6 13707 54755.7 54663.7 1228.85 792.782 436.069 30.1306 53434.9 7491.89 45943
internal_count=211839 193555 179411 178218 40924 137294 133902 4046 1968 2078 380 129856 13093 116763
is_linear=0
shrinkage=0.06


Tree=133
num_leaves=15
num_cat=2
split_feature=5 8 5 6 4 5 8 0 8 5 1 5 5 8
split_gain=35.254 28.6653 19.5913 28.5486 29.4996 20.8813 20.431 37.4923 20.1891 19.9531 41.0708 22.7811 38.3923 27.5904
threshold=21.458333015441898 1.0166666507720949 10.791666507720949 41.500000000000007 0.30628703534603124 9.4583334922790545 18.166666984558109 0 12.449999809265138 20.958333015441898 1 20.791666984558109 20.708333015441898 2.6333333253860478
decision_type=2 2 2 2 2 2 2 9 2 2 1 2 2 2
left_child=1 -1 3 4 8 -5 7 -6 -3 11 -11 12 13 -4
right_child=-2 2 9 5 6 -7 -8 -9 -10 10 -12 -13 -14 -15
leaf_value=-0.029795118162792407 -0.029795117811603457 0.012311048610088563 -0.0044862291337085212 0.014343789085678363 -0.023800432357058268 -0.007389730301310655 0.017577352412944922 -0.0010385490085061033 -0.020150591789021885 0.0077671383664539764 -0.0093113119843453804 0.0097157429741895219 -0.010985051302372864 0.001074131246325783
leaf_weight=115.75740809924901 142.90129205118865 906.42304803058505 3421.1695272792131 166.3838189188391 279.91531544551253 3659.1198514904827 178.58473287150264 2600.7408966105431 74.653743669390678 686.7087047919631 1871.5815151333809 987.6777866370976 1024.5577558726072 52692.826286677271
leaf_count=14144 18284 1261 18350 980 9152 12373 1587 7329 72 2003 7964 2487 2612 113241
internal_value=-2.46238e-05 3.73317e-05 8.77082e-05 -0.00272967 0.000787625 -0.00644447 -0.0021157 -0.00333656 0.00984092 0.000452892 -0.00473307 0.000681139 0.00052497 0.000735126
internal_weight=68809 68666.1 68550.3 7865.82 4040.32 3825.5 3059.24 2880.66 981.077 60684.5 2558.29 58126.2 57138.6 56114
internal_count=211839 193555 179411 32754 19401 13353 18068 16481 1333 146657 9967 136690 134203 131591
cat_boundaries=0 1 2
cat_threshold=3584 16
is_linear=0
shrinkage=0.06


Tree=134
num_leaves=15
num_cat=2
split_feature=5 8 2 7 3 0 2 8 8 5 5 5 5 0
split_gain=34.2178 27.8197 19.4653 18.6071 19.079 26.1074 26.3692 21.0398 18.7794 27.8957 17.4448 26.2526 23.1458 20.0537
threshold=21.458333015441898 1.0166666507720949 1.0000000180025095e-35 3.5000000000000004 45.399999618530281 0 0.66230916976928722 16.716666221618656 2.3666666746139531 19.875000000000004 10.00009059906006 10.169160366058351 10.541666507720949 1
decision_type=2 2 2 2 2 9 2 2 2 2 2 2 2 9
left_child=1 -1 -3 4 5 6 -4 10 9 -7 -6 -12 -13 -14
right_child=-2 2 3 -5 7 8 -8 -9 -10 -11 11 12 13 -15
leaf_value=-0.02979511781950037 -0.029795118034639214 -0.029795118135903718 -0.0066888337463138865 -0.0093954553450275053 -0.0052158686951332047 -0.023148592673991462 0.0046760928468520552 0.011278496283867338 0.00014078537210390258 0.0033284097747982937 0.014268925379022742 -0.0060475246561449382 0.0033471576217215964 -7.1265064051561733e-05
leaf_weight=112.35927852522582 138.70633304631338 78.398780607618392 4154.7138407733291 732.07091877236962 1481.7376673007384 306.92727822158486 892.91901978850365 753.76857946440578 33115.552896464244 268.63080501556396 564.95041925646365 1497.2464444898069 12325.663155674934 12384.622880682349
leaf_count=14144 18284 1193 18576 2718 5724 3849 3360 2272 78367 1595 1094 3381 23305 33977
internal_value=-2.43065e-05 3.58278e-05 8.47181e-05 0.000118926 0.000221739 -0.000649568 -0.00466914 0.00138533 -4.59521e-05 -0.010791 0.0011214 0.00147213 0.00119628 0.00163519
internal_weight=68808.3 68669.6 68557.2 68478.8 67746.7 38738.7 5047.63 29008 33691.1 575.558 28254.2 26772.5 26207.5 24710.3
internal_count=211839 193555 179411 178218 175500 105747 21936 69753 83811 5444 67481 61757 60663 57282
cat_boundaries=0 1 2
cat_threshold=22016 4215056
is_linear=0
shrinkage=0.06


Tree=135
num_leaves=15
num_cat=2
split_feature=5 8 6 7 8 8 2 5 0 8 2 4 0 2
split_gain=33.2124 26.9994 19.075 18.8178 23.6609 21.9037 32.3829 37.2838 88.5279 31.1757 31.4274 30.4254 23.1508 21.6823
threshold=21.458333015441898 1.0166666507720949 1.0000000180025095e-35 2.5000000000000004 11.683333396911623 3.6333333253860478 0.039975097402930267 20.041666984558109 0 2.3166666030883794 0.11493354663252832 0.50862327218055736 1 0.24893803149461749
decision_type=2 2 2 2 2 2 2 2 9 2 2 2 9 2
left_child=1 -1 -3 5 -5 6 12 8 11 -10 -11 -8 -4 -7
right_child=-2 2 3 4 -6 13 7 -9 9 10 -12 -13 -14 -15
leaf_value=-0.029795117967666634 -0.029795118142167107 -0.025288829932699933 0.017310846600375553 -0.00066718113845549412 -0.009925503773988131 0.0029675261280464266 0.0045947695199143662 0.0056727364090655603 -0.021908771235011129 0.00049922713011452352 -0.014040844047599418 -0.010390813626935586 -0.010777405703778407 0.00016421255511942277
leaf_weight=109.06090065930039 134.63452323386446 106.51781457290053 454.22892038337886 3156.3512278534472 1450.3552684467286 12950.053592246026 2552.4945147633553 1314.2604870721698 902.31889384798706 840.35484753549099 1473.5048865433782 602.95899352431297 131.86517891939729 42628.188474448398
leaf_count=14144 18284 3829 1508 9557 4955 26285 5969 4843 9693 2400 9312 2426 538 98096
internal_value=-2.3822e-05 3.45455e-05 8.19942e-05 0.000121471 -0.00358203 0.000388673 -0.00249188 -0.00352855 -0.00542648 -0.0124105 -0.00876014 0.00172578 0.0111028 0.000817401
internal_weight=68807.1 68672.5 68563.5 68456.9 4606.71 63850.2 8271.99 7685.89 6371.63 3216.18 2313.86 3155.45 586.094 55578.2
internal_count=211839 193555 179411 175582 14512 161070 36689 34643 29800 21405 11712 8395 2046 124381
cat_boundaries=0 1 2
cat_threshold=4222976 2105360
is_linear=0
shrinkage=0.06


Tree=136
num_leaves=15
num_cat=4
split_feature=5 8 5 0 8 2 8 0 1 0 8 6 2 8
split_gain=32.746 25.631 20.1428 35.1686 43.8971 37.3928 32.4365 26.5435 26.5433 23.9936 26.9227 26.7781 21.646 21.5129
threshold=21.208333015441898 1.0166666507720949 15.541666507720949 0 12.700000286102297 0.27762332558631903 19.166666984558109 1 2 3 16.500000000000004 206.50000000000003 0.48276023566722875 41.500000000000007
decision_type=2 2 2 9 2 2 2 9 1 9 2 2 2 2
left_child=1 -1 3 4 -3 8 -5 -7 -6 11 -11 -4 -12 -13
right_child=-2 2 9 6 5 7 -8 -9 -10 10 12 13 -14 -15
leaf_value=-0.029795119092449272 -0.0097479407665420851 -0.020019766109183219 -0.0010457686276726906 -0.00082433617065371485 0.028018118001363144 0.04658656902643999 0.019097174056944471 -0.011059857080668584 -0.012825164132567993 0.0011771835048353331 -0.0075889285803017997 0.01691504371157054 0.0016676575241333954 -0.019940159031204833
leaf_weight=102.72476680250838 1224.4117746949196 779.5115658165887 672.01520499959588 22085.699920516461 204.79425885900855 20.608792193233967 298.20651298388839 620.78656679950655 74.735124215483665 37900.056962938979 2399.3310326039791 897.87742671370506 1464.5878812223673 60.88305227458477
leaf_count=13745 23958 10750 2460 61674 660 86 1164 7172 258 79707 4359 3692 1941 213
internal_value=-2.3425e-05 0.000152759 0.000198349 -0.00119313 -0.00948571 -0.000672217 -0.000558685 -0.00865371 0.0176418 0.00097063 0.000690607 0.00808815 -0.00408029 0.0145747
internal_weight=68806.2 67581.8 67479.1 24084.3 1700.44 920.925 22383.9 641.395 279.529 43394.8 41764 1630.78 3863.92 958.76
internal_count=211839 187881 174136 81764 18926 8176 62838 7258 918 92372 86007 6365 6300 3905
cat_boundaries=0 1 2 3 4
cat_threshold=1792 256 7 4195840
is_linear=0
shrinkage=0.06


Tree=137
num_leaves=15
num_cat=2
split_feature=2 5 8 5 2 2 6 6 8 2 8 0 6 0
split_gain=32.2589 25.618 22.2501 27.0382 24.8442 47.6376 42.6907 30.5485 30.1485 29.5034 27.9493 26.7874 26.0801 28.7965
threshold=1.0000000180025095e-35 21.208333015441898 1.5500000119209292 20.541666984558109 0.24893803149461749 0.34550170600414282 423.50000000000006 75.500000000000014 6.9500000476837167 0.32411664724349981 49.500000000000007 0 29.500000000000004 1
decision_type=2 2 2 2 2 2 2 2 2 2 2 9 2 9
left_child=-1 2 3 -2 6 9 8 10 12 -6 11 -7 -4 -14
right_child=1 -3 4 -5 5 7 -8 -9 -10 -11 -12 -13 13 -15
leaf_value=-0.029795118095082503 -0.018972904195783184 -0.0087767842945526212 0.014890243536016338 0.027882925496038748 -0.0018116654532626944 -0.019763694400336377 -0.015010851112681738 0.001494252660736655 0.0059452877754477785 -0.0081899197119442591 0.089586888835499423 -0.002579972425891352 0.0082940313317677108 -0.0009397525761031324
leaf_weight=130.76794822327793 377.00234197126701 1167.8375667529181 454.37698728591204 50.244422046467662 10700.680938566104 342.6868434920907 507.29602581635118 29600.595102095976 6385.2100567668676 3453.3355371728539 11.559530947357414 4589.9368150467053 1380.8935154061764 9652.3953449893743
leaf_count=8984 14366 17697 828 1372 30338 8254 1349 57352 11134 10703 70 17673 4657 27062
internal_value=-2.28141e-05 3.38778e-05 0.0001863 -0.0134626 0.000273234 -0.000436158 0.00215279 0.000765043 0.00263995 -0.00336785 -0.0036007 -0.00381908 0.000802742 0.000222586
internal_weight=68804.8 68674.1 67506.2 427.247 67079 48698.8 18380.2 34544.8 17872.9 14154 4944.18 4932.62 11487.7 11033.3
internal_count=211839 202855 185158 15738 169420 124390 45030 83349 43681 41041 25997 25927 32547 31719
cat_boundaries=0 1 2
cat_threshold=1536 4212992
is_linear=0
shrinkage=0.06


Tree=138
num_leaves=15
num_cat=3
split_feature=5 8 2 6 5 6 5 2 8 5 0 0 0 8
split_gain=31.4229 25.0362 18.4087 18.1282 17.7085 35.3842 25.9706 25.2426 29.0575 42.0889 92.4001 25.1526 21.529 31.194
threshold=21.458333015441898 1.0166666507720949 0.0083173098973929899 568.50000000000011 10.541666507720949 37.500000000000007 9.4583334922790545 0.074395883828401579 3.6333333253860478 20.041666984558109 0 1 2 18.166666984558109
decision_type=2 2 2 2 2 2 2 2 2 2 9 9 9 2
left_child=1 -1 -3 4 5 12 -7 11 9 10 -9 -6 13 -4
right_child=-2 2 3 -5 7 6 -8 8 -10 -11 -12 -13 -14 -15
leaf_value=-0.029795117751917354 -0.029795118458340666 -0.01995879468503203 -0.025120538967549368 -0.017143508169642392 0.01421349303358687 0.011443253426664298 -0.0094641655849317264 0.0008797644787030272 0.00073323805340238537 0.005451445762625887 -0.015077932872677873 0.0010421583429997814 0.0027567093065368723 0.026504124106797023
leaf_weight=101.1552879717201 127.38281780853868 164.6956821680069 218.20145789533854 218.15405454859138 934.35952360928059 232.79289612732828 2633.6198256090283 3072.585572719574 53022.179921921343 1501.7634043991566 2265.1599761098623 1184.5915916934609 3075.2937811166048 52.220951769500971
leaf_count=14144 18284 1501 8009 693 2080 1371 9851 7918 112867 5750 17688 3125 7793 765
internal_value=-2.25275e-05 3.26952e-05 7.66939e-05 0.000124928 0.000180171 -0.00287391 -0.00776619 0.000486273 0.000258461 -0.00342217 -0.00591875 0.0069221 0.0013175 -0.0146111
internal_weight=68804.2 68676.8 68575.6 68410.9 68192.8 6212.13 2866.41 61980.6 59861.7 6839.51 5337.75 2118.95 3345.72 270.422
internal_count=211839 193555 179411 177910 177217 27789 11222 149428 144223 31356 25606 5205 16567 8774
cat_boundaries=0 1 2 3
cat_threshold=4222976 4203280 2560
is_linear=0
shrinkage=0.06


Tree=139
num_leaves=15
num_cat=1
split_feature=2 5 8 2 2 6 2 2 6 2 2 2 0 5
split_gain=30.5658 24.1694 21.428 22.1108 42.474 40.1418 28.6278 37.7597 28.9547 35.8012 47.5785 31.7055 32.7598 28.4208
threshold=1.0000000180025095e-35 21.208333015441898 2.3166666030883794 0.24893803149461749 0.34550170600414282 423.50000000000006 0.36274383962154394 0.38636907935142523 79.500000000000014 0.40277843177318579 0.41920110583305364 0.4999998807907105 0 13.875000000000002
decision_type=2 2 2 2 2 2 2 2 2 2 2 2 9 2
left_child=-1 2 -2 5 -5 -4 -6 -8 -9 -10 -11 12 -12 -14
right_child=1 -3 3 4 6 -7 7 8 9 10 11 -13 13 -15
leaf_value=-0.029795118062473099 -0.0043646156206878037 -0.0085692663657139997 0.0028167344343714654 -0.0030894411519101976 0.0065413700638258339 -0.015024446070522716 -0.0061362781579443488 -0.0038141087022395066 0.0081384914548724378 -0.0058288982250324717 0.013686599392834146 -0.0012786863445073268 0.017814690884722369 0.0023054292302215713
leaf_weight=123.91160575114191 3540.9445607652888 1156.4200156405568 16133.214068125933 13408.160337099805 2955.2112702466547 467.14190910756588 2917.2182545047253 3828.2577113490552 2833.7930629625916 3165.2050286605954 1121.324931807816 6367.0658667162061 443.60606351494789 10341.879687774926
leaf_count=8984 31728 17697 35728 37269 7646 1164 9354 17877 4815 5590 1953 16576 711 14747
internal_value=-2.21803e-05 3.15361e-05 0.000178836 0.000430283 -0.00022992 0.00231468 0.000898631 0.000361031 0.00103553 0.0018004 0.000962636 0.00213899 0.00396657 0.0029406
internal_weight=68803.4 68679.4 67523 63982.1 47381.7 16600.4 33973.6 31018.4 28101.1 24272.9 21439.1 18273.9 11906.8 10785.5
internal_count=211839 202855 185158 153430 116538 36892 79269 71623 62269 44392 39577 33987 17411 15458
cat_boundaries=0 1
cat_threshold=1040
is_linear=0
shrinkage=0.06


Tree=140
num_leaves=15
num_cat=2
split_feature=5 8 6 7 8 5 5 1 8 0 5 8 2 8
split_gain=30.0277 24.1242 17.7758 17.5249 22.4157 20.7045 38.5731 41.8162 34.9268 70.5738 59.5811 57.8167 59.5435 29.5907
threshold=21.458333015441898 1.0166666507720949 1.0000000180025095e-35 2.5000000000000004 11.683333396911623 19.291666984558109 19.458333015441898 0 8.4499998092651385 1 12.541666507720949 5.3166668415069589 0.11111287772655488 11.683333396911623
decision_type=2 2 2 2 2 2 2 1 2 9 2 2 2 2
left_child=1 -1 -3 5 -5 8 -7 -8 9 -4 -11 12 -12 -9
right_child=-2 2 3 4 -6 6 7 13 -10 10 11 -13 -14 -15
leaf_value=-0.029795118392385744 -0.029795118502669995 -0.025052706727846503 0.00076870314089351357 -0.00064393846065177458 -0.0096925897713557741 0.009161783173976137 0.0052393940824124376 0.00082320176803089037 0.0012487304585458413 -0.022653836625786874 0.0028308775285034813 -0.00037780165767119781 -0.015445268299657259 -0.0061336270014988306
leaf_weight=97.48697361536324 121.7311976775527 101.21433141548187 12656.673652883619 3153.8346171518788 1433.5510142799467 2393.414173565805 5522.4860659893602 7630.5296958945692 23919.714553900063 730.96123548969626 864.34143985621631 4591.1733593307436 2492.0121246241033 3093.3806807361543
leaf_count=14144 18284 3829 29764 9557 4955 2691 9283 18427 51485 7669 3452 12944 18764 6591
internal_value=-2.18128e-05 3.0958e-05 7.3354e-05 0.000110489 -0.00347163 0.000367671 0.00205059 0.00100297 -0.000325498 -0.00209043 -0.00625386 -0.00475337 -0.0107387 -0.00118244
internal_weight=68802.5 68680.8 68583.3 68482.1 4587.39 63894.7 18639.8 16246.4 45254.9 21335.2 8678.49 7947.53 3356.35 10723.9
internal_count=211839 193555 179411 175582 14512 161070 36992 34301 124078 72593 42829 35160 22216 25018
cat_boundaries=0 1 2
cat_threshold=16 4222992
is_linear=0
shrinkage=0.06


Tree=141
num_leaves=15
num_cat=1
split_feature=2 5 8 2 2 6 8 0 2 5 2 8 2 2
split_gain=29.2716 22.5878 20.491 20.1246 41.8536 37.8626 30.6734 29.6035 30.3929 37.3644 38.6361 39.7911 28.5539 27.5513
threshold=1.0000000180025095e-35 21.208333015441898 1.0166666507720949 0.24893803149461749 0.34550170600414282 423.50000000000006 6.1499998569488534 0 0.027779543772339824 19.521871566772464 0.11860045790672304 1.9499999880790713 0.32411664724349981 0.20833397656679156
decision_type=2 2 2 2 2 2 2 9 2 2 2 2 2 2
left_child=-1 2 -2 5 12 6 7 -4 -9 10 11 -10 -5 -11
right_child=1 -3 3 4 -6 -7 -8 8 9 13 -12 -13 -14 -15
leaf_value=-0.029795118406610473 -0.029795119146142492 -0.0083318929995789322 0.0067891026346076537 -0.0016614790001024337 0.00068708884193516447 -0.014503104191154968 0.0051943191034635912 0.012917200422634648 -0.022286932321192981 0.0022709061259498778 -0.0078908265316785589 0.004307738570413667 -0.0079597473577523292 0.022767678950875725
leaf_weight=118.66920312168077 82.046835987363011 1143.6305427900515 1985.8864667247981 10671.282075505704 34652.805697777309 494.37568896636367 7725.7029720321298 506.83270511031151 223.75578102096915 1341.4198022596538 4010.9947930462658 2135.5395660400391 3422.4287052024156 286.51443203911185
leaf_count=8984 12200 17697 7026 30671 83513 1379 13238 1230 1902 3471 14195 4930 10793 610
internal_value=-2.15446e-05 2.98975e-05 0.000171486 0.000207933 -0.000434128 0.00188065 0.00232528 0.000212478 -0.00132955 -0.002234 -0.00430711 0.0017855 -0.00319091 0.00587831
internal_weight=68801.9 68683.2 67539.6 67457.5 48746.5 18711 18216.6 10490.9 8505.06 7998.22 6370.29 2359.3 14093.7 1627.93
internal_count=211839 202855 185158 172958 124977 47981 46602 33364 26338 25108 21027 6832 41464 4081
cat_boundaries=0 1
cat_threshold=4221184
is_linear=0
shrinkage=0.06


Tree=142
num_leaves=15
num_cat=1
split_feature=5 8 6 4 2 8 5 7 6 5 8 0 5 8
split_gain=28.7019 22.7388 17.1607 16.938 16.6972 16.4634 15.1342 38.3841 39.0301 31.64 36.5111 52.5353 62.5813 45.0917
threshold=21.458333015441898 1.0166666507720949 1.0000000180025095e-35 0.73557159304618847 0.0083173098973929899 3.2500000000000004 19.291666984558109 1.5000000000000002 368.50000000000006 19.208333015441898 9.4499998092651385 0 12.291666507720949 5.3166668415069589
decision_type=2 2 2 2 2 2 2 2 2 2 2 9 2 2
left_child=1 -1 -3 4 -4 -5 9 -8 -9 10 11 12 -6 -14
right_child=-2 2 3 5 6 -7 7 8 -10 -11 -12 -13 13 -15
leaf_value=-0.029795117660099856 -0.029795117924883624 -0.02493170970183459 -0.019212192034317819 -0.011766204026401392 -0.024214242059181993 -0.0013503245659933476 0.0044121529264591281 0.00013213167544647968 -0.014882516529752497 -0.0078276951644658706 0.0026451348687076925 0.0010794220849269147 -0.0096211438641533951 -1.2987986677607721e-05
leaf_weight=91.906748409382999 116.36056604376063 98.696212984621525 153.07675471995026 570.08424701355398 569.8030030336231 13093.151773648337 10240.980585504323 5551.2618264816701 702.09076944366097 1783.2769861966372 14864.125706065446 13442.376829177141 2801.6294103134423 4722.2948358878493
leaf_count=14144 18284 3829 1268 3653 7494 37067 16902 13877 2724 2062 31378 29060 18705 11392
internal_value=-2.12118e-05 2.9229e-05 6.91902e-05 0.000105215 0.000576214 -0.00178492 0.000631614 0.0021504 -0.00155363 -2.44634e-05 0.000357823 -0.00122087 -0.00503639 -0.00359071
internal_weight=68801.1 68684.8 68592.8 68494.2 54830.9 13663.2 54677.8 16494.3 6253.35 38183.5 36400.2 21536.1 8093.73 7523.92
internal_count=211839 193555 179411 175582 134862 40720 133594 33503 16601 100091 98029 66651 37591 30097
cat_boundaries=0 1
cat_threshold=2100736
is_linear=0
shrinkage=0.06


Tree=143
num_leaves=15
num_cat=1
split_feature=5 8 7 6 5 6 5 6 3 8 0 2 5 2
split_gain=27.8585 22.0687 16.7013 16.8122 17.3047 33.0026 25.0794 20.0616 18.3486 28.0619 43.0713 57.2404 46.9356 48.6321
threshold=21.458333015441898 1.0166666507720949 3.5000000000000004 568.50000000000011 10.541666507720949 37.500000000000007 9.4583334922790545 4.5000000000000009 45.649999618530281 7.3166668415069589 0 0.059561572968959815 19.521871566772464 0.15625650435686114
decision_type=2 2 2 2 2 2 2 2 2 2 9 2 2 2
left_child=1 -1 3 4 5 7 -7 -3 -6 10 -10 -12 13 -13
right_child=-2 2 -4 -5 8 6 -8 -9 9 -11 11 12 -14 -15
leaf_value=-0.029795118651215122 -0.02979511854734565 -0.010741131002130005 -0.0090287564049892684 -0.016734173609229745 -0.00029148040757913255 0.011224784909026932 -0.009283827476576129 0.0030125275204518232 0.00401154847273987 0.0045677123075660037 0.010135369529726325 -0.00037454513352869938 0.003502794166827861 -0.011994556986945456
leaf_weight=89.208767957985401 112.94472721312195 439.27813885640353 719.14378427155316 211.31702705100179 38110.351184684783 234.03273120522499 2592.9133668523282 2917.734499768354 6297.5710264593363 8603.5985840260983 1114.1862378539518 2162.3644072115421 1957.2398189753294 3238.5495762135834
leaf_count=14144 18284 5865 2771 696 92804 1370 9745 11088 13822 13967 3115 6877 5030 12261
internal_value=-2.09165e-05 2.80421e-05 6.68256e-05 0.000163189 0.000215957 -0.00280949 -0.00758599 0.00121281 0.000520252 0.00184378 0.00025706 -0.00253543 -0.00445751 -0.00734225
internal_weight=68800.4 68687.5 68598.3 67879.1 67667.8 6183.96 2826.95 3357.01 61483.9 23373.5 14769.9 8472.34 7358.15 5400.91
internal_count=211839 193555 179411 176640 175944 28068 11115 16953 147876 55072 41105 27283 24168 19138
cat_boundaries=0 1
cat_threshold=4223232
is_linear=0
shrinkage=0.06


Tree=144
num_leaves=15
num_cat=1
split_feature=2 5 8 2 2 6 2 2 6 2 2 2 0 2
split_gain=27.474 21.0804 19.88 20.4174 36.6276 36.2983 26.8825 35.4424 29.08 33.652 46.0846 28.745 31.2381 28.7935
threshold=1.0000000180025095e-35 21.208333015441898 2.3166666030883794 0.24893803149461749 0.34550170600414282 423.50000000000006 0.36274383962154394 0.38426627218723303 75.500000000000014 0.40277843177318579 0.41920110583305364 0.4999998807907105 0 0.4683911800384522
decision_type=2 2 2 2 2 2 2 2 2 2 2 2 9 2
left_child=-1 2 -2 5 -5 -4 -6 -8 -9 -10 -11 12 -12 -14
right_child=1 -3 3 4 6 -7 7 8 9 10 11 -13 13 -15
leaf_value=-0.029795118724841786 -0.0042252644517836403 -0.0080954166190740327 0.0026803849719026726 -0.0028987322894623935 0.0062580836985105907 -0.014548038584054896 -0.006260296273765076 -0.0040097660914760348 0.0076580036367859946 -0.0058212548325762619 0.011414152314757384 -0.0012443435504700953 0.00014890359287112509 0.0067285324626782817
leaf_weight=111.38621077127755 3521.6470508542843 1131.1676237243228 16200.949881859124 13313.0897670798 2978.4317091424018 452.54567822813988 2713.3411101950333 3743.2880288362503 2967.8700847141445 3184.2176823355258 1633.6095583960414 6432.9602868855 6684.4728496596217 3730.7333093583584
leaf_count=8984 31728 17697 35728 37269 7646 1164 8375 18001 5157 5669 4820 16868 8258 4475
internal_value=-2.06035e-05 2.76793e-05 0.000163691 0.000405063 -0.000230103 0.00221222 0.000812716 0.000291056 0.000917478 0.00166621 0.000845433 0.00199403 0.00372303 0.00250333
internal_weight=68799.7 68688.3 67557.2 64035.5 47382 16653.5 34068.9 31090.5 28377.2 24633.9 21666 18481.8 12048.8 10415.2
internal_count=211839 202855 185158 153430 116538 36892 79269 71623 63248 45247 40090 34421 17553 12733
cat_boundaries=0 1
cat_threshold=11280
is_linear=0
shrinkage=0.06


Tree=145
num_leaves=15
num_cat=3
split_feature=2 8 5 1 3 0 2 5 8 8 2 0 8 6
split_gain=26.6668 20.5071 19.2363 19.0051 18.2289 31.7196 25.6142 22.8719 81.7193 36.4772 29.7246 22.5781 26.1276 30.282
threshold=1.0000000180025095e-35 1.0166666507720949 21.208333015441898 0 46.550001144409187 1 0.66230916976928722 18.541666984558109 6.1499998569488534 15.700000286102297 0.48276023566722875 2 7.2500000000000009 41.500000000000007
decision_type=2 2 2 1 2 9 2 2 2 2 2 9 2 2
left_child=-1 -2 4 -4 5 7 -7 8 -3 -9 -11 -6 13 -13
right_child=1 2 3 -5 11 6 -8 9 -10 10 -12 12 -14 -15
leaf_value=-0.029795117630422703 -0.029795118565632037 -0.013200684049912375 0.0055299630778393172 -0.012288819502925008 0.0082066273837017884 -0.0058781496675036947 0.004746717628518961 0.0025803691451898032 -2.4556860203986067e-06 -0.011020568870090904 0.0030654805593728451 0.0086363313895853559 0.0038571019939975574 -0.0013143498570119449
leaf_weight=108.11640199646354 82.911977684590966 1884.1257063457742 287.01138009177521 826.83886516699567 1684.0787847749889 5694.7016287604347 953.6262090280652 16670.019306071103 16296.630045833066 1383.788218960166 883.73314064741135 1201.047591784969 7627.0747714694589 13215.233347529545
leaf_count=8984 13433 16422 3350 13114 4622 27335 3459 28550 40601 2349 934 2537 11918 34231
internal_value=-2.02688e-05 2.65955e-05 6.26347e-05 -0.00775804 0.000191699 -0.000534328 -0.0043476 0.000149804 -0.00137023 0.00160917 -0.00553074 0.0015309 0.0010167 -0.00048534
internal_weight=68798.9 68690.8 68607.9 1113.85 67494.1 43766.6 6648.33 37118.3 18180.8 18937.5 2267.52 23727.4 22043.4 14416.3
internal_count=211839 202855 189422 16464 172958 119650 30794 88856 57023 31833 3283 53308 48686 36768
cat_boundaries=0 1 2 3
cat_threshold=16 2099472 4197632
is_linear=0
shrinkage=0.06


Tree=146
num_leaves=15
num_cat=2
split_feature=5 8 6 7 8 5 5 1 5 5 8 8 0 5
split_gain=26.2022 20.6436 16.1545 15.9706 21.2868 18.1685 35.025 38.2838 30.7889 42.2517 27.6632 25.1356 59.5141 63.9874
threshold=21.458333015441898 1.0166666507720949 1.0000000180025095e-35 2.5000000000000004 11.683333396911623 19.291666984558109 19.458333015441898 0 19.208333015441898 19.041666984558109 9.5500001907348651 9.4499998092651385 1 12.541666507720949
decision_type=2 2 2 2 2 2 2 1 2 2 2 2 9 2
left_child=1 -1 -3 5 -5 8 -7 -8 9 11 -9 12 -4 -14
right_child=-2 2 3 4 -6 6 7 10 -10 -11 -12 -13 13 -15
leaf_value=-0.029795118109187495 -0.029795118479497493 -0.024719322473913761 0.00079597373136590952 -0.00058413289372487428 -0.0094424398977606457 0.0086392957156425677 0.0049423967415377339 0.0015775912936614016 -0.0073678015635143951 0.0076969557553610906 -0.0045460152407241243 0.0012753195690619193 -0.019331028992997681 -0.0036519953715639149
leaf_weight=83.466082931030542 106.23345384001732 94.56645134370774 13624.490419223905 3147.3775656279176 1415.9315829575062 2425.9508741237223 5569.7874831166118 5884.7323951665312 2120.4498365707695 2445.7969543784857 4840.0927406735718 17711.240597907454 1056.757031689398 8271.3913320824504
leaf_count=14144 18284 3829 31513 9557 4955 2691 9283 15065 2674 2607 9953 42284 9147 35853
internal_value=-1.99778e-05 2.607e-05 6.23491e-05 9.6554e-05 -0.00333274 0.000341257 0.00191322 0.000911841 -0.000309373 3.78127e-05 -0.00118488 -0.000422859 -0.00173325 -0.00542241
internal_weight=68798.3 68692 68608.6 68514 4563.31 63950.7 18720.6 16294.6 45230.1 43109.7 10724.8 40663.9 22952.6 9328.15
internal_count=211839 193555 179411 175582 14512 161070 36992 34301 124078 121404 25018 118797 76513 45000
cat_boundaries=0 1 2
cat_threshold=16 4222992
is_linear=0
shrinkage=0.06


Tree=147
num_leaves=15
num_cat=2
split_feature=2 8 5 1 2 2 6 2 8 0 2 5 2 8
split_gain=25.551 19.3176 17.9905 17.9157 17.8291 36.1197 34.2626 27.4593 25.4355 25.6118 26.6945 32.176 36.7904 37.9426
threshold=1.0000000180025095e-35 1.0166666507720949 21.208333015441898 0 0.24893803149461749 0.34550170600414282 438.50000000000006 0.32411664724349981 6.1499998569488534 1 0.027779543772339824 19.521871566772464 0.11860045790672304 1.9499999880790713
decision_type=2 2 2 1 2 2 2 2 2 9 2 2 2 2
left_child=-1 -2 4 -4 6 7 8 -6 9 -3 -11 12 13 -12
right_child=1 2 3 -5 5 -7 -8 -9 -10 10 11 -13 -14 -15
leaf_value=-0.029795118344227229 -0.029795117095943832 0.0062687351047387655 0.0052776224673163202 -0.012013310544425133 -0.0014950604382028478 0.00061467909354437236 -0.015420875323936926 -0.0077032538540972636 0.0047217165145994663 0.011958305777433158 -0.022047649593910316 0.0053188846558922939 -0.007584418595382292 0.0042861250081688311
leaf_weight=103.59539553010836 78.115564468316734 2018.0126649942249 289.14831196144223 813.87299570674077 10608.52958711423 34735.318640986457 409.0650233104825 3382.6932148039341 7847.1274094358087 518.47244966030121 216.84501973167062 1669.248595379293 3958.3624803777784 2149.217362396419
leaf_count=8984 13433 7051 3350 13114 30671 83513 1209 10793 13299 1236 1902 4129 14212 4943
internal_value=-1.97007e-05 2.52027e-05 5.91515e-05 -0.0075417 0.000183334 -0.000422092 0.00175364 -0.00299603 0.00213593 0.000208988 -0.00123354 -0.00209071 -0.00404637 0.00187269
internal_weight=68797.6 68694 68615.9 1103.02 67512.9 48726.5 18786.4 13991.2 18377.3 10530.2 8512.15 7993.67 6324.42 2366.06
internal_count=211839 202855 189422 16464 172958 124977 47981 41464 46772 33473 26422 25186 21057 6845
cat_boundaries=0 1 2
cat_threshold=16 4221184
is_linear=0
shrinkage=0.06


Tree=148
num_leaves=15
num_cat=2
split_feature=5 8 3 5 5 5 5 2 0 6 8 0 8 5
split_gain=25.0246 19.8969 18.6112 23.2382 18.0465 29.336 22.3748 20.8312 43.7539 20.1745 19.583 19.3329 18.2788 16.8216
threshold=21.458333015441898 2.3166666030883794 46.550001144409187 19.791666984558109 11.041666507720949 11.208333492279055 11.291666507720949 0.074395883828401579 0 37.500000000000007 8.7333331108093279 1 18.166666984558109 19.958333015441898
decision_type=2 2 2 2 2 2 2 2 9 2 2 9 2 2
left_child=1 2 3 -1 9 -6 -7 8 -8 10 11 -3 -12 -10
right_child=-2 4 -4 -5 5 6 7 -9 13 -11 12 -13 -14 -15
leaf_value=-0.022691415571504937 -0.02979511814606035 0.0073330613346978442 -0.0020554490342608906 -0.0019277282852649211 0.011539443836505773 -0.0091999575223840335 0.024603403488949464 0.00045514595348579678 0.0060235001942177306 -0.0045429912781305894 -0.0048686346836643675 -0.020109130829792161 0.015495585663933324 -0.011459986539364829
leaf_weight=396.97607812937349 101.46223673550412 1643.1365601606667 2828.0798656200059 379.58344866149127 879.21579912584275 844.2760017439723 391.55413239449263 52976.066250601783 688.4687658213079 5412.6133749596775 1713.5991142243147 88.900725187733769 174.87032320536673 278.15453307330608
leaf_count=8547 18284 3288 22765 3333 2055 1928 566 118026 1610 17374 8957 2941 1504 661
internal_value=-1.94118e-05 2.45665e-05 -0.00431462 -0.0125421 0.000264865 0.000665905 0.000492646 0.000643255 0.00798051 -0.00222391 0.00124308 0.00585077 -0.00298293 0.000982308
internal_weight=68797 68695.5 3604.64 776.56 65090.9 56057.7 55178.5 54334.2 1358.18 9033.12 3620.51 1732.04 1888.47 966.623
internal_count=211839 193555 34645 11880 158910 124846 122791 120863 2837 34064 16690 6229 10461 2271
cat_boundaries=0 1 2
cat_threshold=528 28688
is_linear=0
shrinkage=0.06


Tree=149
num_leaves=15
num_cat=1
split_feature=2 8 5 1 5 5 6 5 5 5 5 5 5 5
split_gain=24.5753 18.5855 16.882 36.0371 20.8415 34.6917 25.1295 23.2661 22.3134 25.6715 29.9349 29.6114 39.5278 27.5524
threshold=1.0000000180025095e-35 1.0166666507720949 20.958333015441898 0 20.791666984558109 20.708333015441898 238.50000000000003 20.541666984558109 20.458333015441898 19.291666984558109 19.458333015441898 19.208333015441898 19.041666984558109 19.521871566772464
decision_type=2 2 2 1 2 2 2 2 2 2 2 2 2 2
left_child=-1 -2 4 -4 5 7 -6 8 9 11 -11 12 -3 -12
right_child=1 2 3 -5 6 -7 -8 -9 -10 10 13 -13 -14 -15
leaf_value=-0.029795118285025082 -0.029795118252962997 -0.00048879149356994818 0.0067734517647658598 -0.009095289580414884 0.03419253846431148 -0.010876383132018684 0.0052678032699957408 0.0084751268763763026 -0.0077844247100920735 0.0084270965738765212 -0.0054876011600267921 -0.0071930742450774833 0.0072513458714680411 0.0024925015959709044
leaf_weight=99.640539159532636 75.163685126230121 42541.257756034844 705.64053896814585 1851.9454176262952 123.11749483644962 1018.6727539747953 888.28878778219223 1224.4499552957714 1258.5700638666749 2535.1749188452959 1847.8234472870827 2195.1111997142434 2515.7056669220328 9915.5032806582749
leaf_count=8984 13433 127654 4270 16873 248 2612 2217 2733 2874 2856 2802 2866 2720 18697
internal_value=-1.90259e-05 2.41628e-05 5.6825e-05 -0.00472617 0.000241994 0.000109112 0.00878878 0.000283873 0.000124187 0.0002859 0.00251344 -0.000388155 -5.66295e-05 0.00123896
internal_weight=68796.1 68696.4 68621.3 2557.59 66063.7 65052.3 1011.41 64033.6 62809.1 61550.6 14298.5 47252.1 45057 11763.3
internal_count=211839 202855 189422 21143 168279 165814 2465 163202 160469 157595 24355 133240 130374 21499
cat_boundaries=0 1
cat_threshold=16
is_linear=0
shrinkage=0.06


Tree=150
num_leaves=15
num_cat=1
split_feature=5 8 6 6 8 8 8 8 2 5 0 8 5 8
split_gain=23.9438 18.7454 15.489 15.2998 15.7614 16.3111 23.9374 24.4855 29.4772 23.6867 45.5182 24.3396 20.902 22.3606
threshold=21.458333015441898 1.0166666507720949 1.0000000180025095e-35 568.50000000000011 51.500000000000007 41.500000000000007 18.166666984558109 16.500000000000004 0.44192463159561163 15.541666507720949 0 14.716666698455812 14.208333492279055 12.583333492279055
decision_type=2 2 2 2 2 2 2 2 2 2 9 2 2 2
left_child=1 -1 -3 4 5 6 7 9 -9 10 11 -4 13 -12
right_child=-2 2 3 -5 -6 -7 -8 8 -10 -11 12 -13 -14 -15
leaf_value=-0.029795118805348776 -0.029795117777017894 -0.024568340950989628 -0.017432475196576445 -0.016298108685159723 0.035183242426254278 -0.014932460821998832 0.0078784242560489808 -0.010757362454487399 -0.00026383353732017245 0.0011693941904977643 -0.00065298638800318843 0.014067475822213439 -0.005201366255525309 0.0060381379999686806
leaf_weight=75.813744543120265 97.082066226750612 91.834792726673186 854.18627082742751 204.48974377289414 46.169216580688953 258.36563796922565 1420.6256296895444 1629.3937272056937 2358.8543737158179 40190.460050165653 16292.493711739779 98.489386912435293 3156.1674689110368 2021.0276036895812
leaf_count=14144 18284 3829 10794 696 152 1251 4408 5210 3674 89476 44812 1120 9123 4866
internal_value=-1.8761e-05 2.33179e-05 5.62611e-05 8.92594e-05 0.000138304 0.000114608 0.000171761 7.37476e-06 -0.00455095 0.000297726 -0.00126467 -0.0140287 -0.00069144 8.54269e-05
internal_weight=68795.5 68698.4 68622.6 68530.7 68326.2 68280.1 68021.7 66601.1 3988.25 62612.8 22422.4 952.676 21469.7 18313.5
internal_count=211839 193555 179411 175582 174886 174734 173483 169075 8884 160191 70715 11914 58801 49678
cat_boundaries=0 1
cat_threshold=1792
is_linear=0
shrinkage=0.06


Tree=151
num_leaves=15
num_cat=1
split_feature=2 8 3 5 5 1 2 2 6 2 2 7 6 6
split_gain=23.5626 17.6656 18.8639 21.9418 18.2813 25.6127 20.4036 28.6012 27.7433 25.2336 40.0806 26.6294 39.6875 21.9084
threshold=1.0000000180025095e-35 2.3166666030883794 46.550001144409187 19.791666984558109 20.958333015441898 0 0.24893803149461749 0.34550170600414282 386.50000000000006 0.36869816482067114 0.38426627218723303 1.0000000180025095e-35 374.50000000000006 443.50000000000006
decision_type=2 2 2 2 2 1 2 2 2 2 2 2 2 2
left_child=-1 2 3 -2 6 -6 13 8 -8 -9 -11 12 -12 -3
right_child=1 4 -4 -5 5 -7 7 9 -10 10 11 -13 -14 -15
leaf_value=-0.029795118428732361 -0.022495926022277794 0.0026022773190740359 -0.001799203214887664 -0.0022424395955954746 0.0049950402714418118 -0.008808116162574672 -0.0020006472040065503 0.0056749230796504513 -0.015427112599166034 -0.007348221873917868 0.0016779071404416292 -0.0010649646909555799 0.013209838192611059 -0.013843395222816296
leaf_weight=95.536828872747719 386.34411960327998 15664.03690925613 2802.1945246425457 383.91911478200927 669.78854304272681 1700.6755421543494 12171.62936738506 3336.9569171164185 580.4563447535038 2350.3471989836544 13249.822502103634 13936.716322290711 1169.1675610169768 297.14658431708813
leaf_count=8984 8469 33906 21877 4156 3870 15198 34392 9329 1405 6641 31076 30563 1259 714
internal_value=-1.84515e-05 2.29576e-05 -0.00408509 -0.0124011 0.0002483 -0.00492404 0.000443672 -0.00018817 -0.0026118 0.000719692 0.000181186 0.000805283 0.00261298 0.00229611
internal_weight=68794.7 68699.2 3572.46 770.263 65126.7 2370.46 62756.3 46795.1 12752.1 34043 30706.1 28355.7 14419 15961.2
internal_count=211839 202855 34502 12625 168353 19068 149285 114665 35797 78868 69539 62898 32335 34620
cat_boundaries=0 1
cat_threshold=16
is_linear=0
shrinkage=0.06


Tree=152
num_leaves=15
num_cat=1
split_feature=5 8 5 4 6 8 0 8 7 6 2 7 2 2
split_gain=22.9488 18.0255 15.0195 23.473 18.6457 18.6966 17.2817 18.7297 16.79 15.7273 57.6886 44.2666 23.7874 20.3465
threshold=21.458333015441898 1.0166666507720949 10.791666507720949 0.21103239059448245 43.500000000000007 49.500000000000007 0 18.166666984558109 1.0000000180025095e-35 364.50000000000006 0.3888887763023377 1.0000000180025095e-35 0.71215054392814647 0.2417097017168999
decision_type=2 2 2 2 2 2 9 2 2 2 2 2 2 2
left_child=1 -1 3 -3 5 6 7 -5 -8 13 -11 12 -12 -4
right_child=-2 2 9 4 -6 -7 8 -9 -10 10 11 -13 -14 -15
leaf_value=-0.029795118213637811 -0.029795117588994235 0.0048869407399976901 0.0025892181637063817 -0.02325984143146502 -0.0075222960746081889 0.08643230880846782 0.0021238700959798564 0.015566676481220822 -0.0085959585051071704 -0.0085094595460090856 0.01019177833909018 -0.0060713478663876686 0.1068870427727229 -1.8365942903723451e-05
leaf_weight=72.911242871079594 93.049620303791016 1312.551828966476 14606.13534643501 229.523561373353 2868.1592022627592 8.7758976407349092 2648.3922042176127 55.553357860073447 656.34676992893219 2856.0074607599527 1414.9635203741491 919.33110489323735 9.2184671461582166 41043.226885240525
leaf_count=14144 18284 2184 40352 9127 11210 53 7283 893 2004 7770 1593 1945 38 94959
internal_value=-1.81953e-05 2.2135e-05 5.38131e-05 -0.00242866 -0.0039135 -0.0010372 -0.00125104 -0.0151618 -5.15534e-06 0.000371187 -0.00278455 0.00419232 0.0108177 0.000666039
internal_weight=68794.1 68701.1 68628.2 7779.3 6466.75 3598.59 3589.82 285.077 3304.74 60848.9 5199.52 2343.51 1424.18 55649.4
internal_count=211839 193555 179411 32754 30570 19360 19307 10020 9287 146657 11346 3576 1631 135311
cat_boundaries=0 1
cat_threshold=2560
is_linear=0
shrinkage=0.06


Tree=153
num_leaves=15
num_cat=2
split_feature=2 8 7 3 0 0 2 3 6 8 5 8 2 8
split_gain=22.6185 16.8797 15.413 15.6674 33.9188 27.1163 25.2419 24.8878 21.4148 21.5201 21.1526 36.2714 77.5071 32.3444
threshold=1.0000000180025095e-35 1.0166666507720949 3.5000000000000004 69.299999237060561 0 1 0.63452148437500011 81.000000000000014 37.500000000000007 12.449999809265138 18.541666984558109 9.3666663169860858 0.20028601586818698 16.500000000000004
decision_type=2 2 2 2 9 9 2 2 2 2 2 2 2 2
left_child=-1 -2 3 4 6 7 -3 -5 9 -7 11 12 -6 -12
right_child=1 2 -4 5 10 8 -8 -9 -10 -11 13 -13 -14 -15
leaf_value=-0.029795118279891585 -0.029795118174963553 -0.0053028682977562689 -0.0087461415132771905 0.0063469604896718703 0.0044774754307177617 0.01158243497098641 0.0050383972111812843 0.10054066536691651 -0.0013329212692761877 -0.022989423311799251 0.0023974274230322591 0.0012768764369356887 -0.0060417974611439258 -0.0047630426851320929
leaf_weight=91.710370018146932 68.282587551977485 6616.7869584555738 709.48817385314032 3472.9601746732369 3474.7297249343246 800.57899854332209 974.9231298416853 10.127686746418474 5570.9684068723582 70.529166579246521 21223.111949159764 13973.676437799819 9192.4831100758165 2543.1370924506336
leaf_count=8984 13433 31212 3741 6293 10597 926 4830 22 12087 57 45707 31633 38029 4288
internal_value=-1.79128e-05 2.18369e-05 5.15014e-05 0.000143396 -0.000233566 0.00234621 -0.00396962 0.00660189 3.49604e-05 0.00878333 0.000329835 -0.000830995 -0.00315627 0.00163121
internal_weight=68793.5 68701.8 68633.5 67924 57998.8 9925.16 7591.71 3483.09 6442.08 871.108 50407.1 26640.9 12667.2 23766.2
internal_count=211839 202855 189422 185681 166296 19385 36042 6315 13070 983 130254 80259 48626 49995
cat_boundaries=0 1 2
cat_threshold=12800 4206848
is_linear=0
shrinkage=0.06


Tree=154
num_leaves=15
num_cat=2
split_feature=5 8 3 5 5 5 5 2 0 6 8 0 5 5
split_gain=22.0601 17.4963 16.7601 21.943 16.0072 26.9448 21.3044 19.1183 39.1299 18.2801 17.9063 17.3731 16.9903 16.9224
threshold=21.458333015441898 2.3166666030883794 46.550001144409187 19.791666984558109 11.041666507720949 11.208333492279055 11.291666507720949 0.074395883828401579 0 37.500000000000007 8.7333331108093279 1 9.3750000000000018 10.541666507720949
decision_type=2 2 2 2 2 2 2 2 9 2 2 9 2 2
left_child=1 2 3 -1 9 -6 -7 8 -8 10 11 -3 -11 -14
right_child=-2 4 -4 -5 5 6 7 -9 -10 12 -12 -13 13 -15
leaf_value=-0.022287158840964875 -0.029795117927946469 0.0069194907927805352 -0.0019421802857948847 -0.001810281510383178 0.010969611866183974 -0.0090403871791200768 0.023019266622534718 0.00042006050301023539 0.00091857697385305478 0.013681854528466392 -0.0028762513699640653 -0.019655664247432231 -0.0085356349920836568 -0.0016740325264770135
leaf_weight=375.60139393806458 89.447841064073145 1661.7582695148885 2816.5789928208105 377.99041362805292 891.50596455577761 837.78488501906395 403.598513700068 53037.58133578673 968.64978393726051 182.16539511457086 1880.9855664819479 84.477590430993587 2483.8797521693632 2700.9625733885914
leaf_count=8547 18284 3288 22765 3333 2055 1928 566 118026 2271 1054 10461 2941 9238 7082
internal_value=-1.76853e-05 2.10831e-05 -0.00406862 -0.0120163 0.000245253 0.000621746 0.000454767 0.00060097 0.00759316 -0.0021047 0.00118562 0.00556093 -0.00432841 -0.00496119
internal_weight=68793 68703.5 3570.17 753.592 65133.3 56139.1 55247.6 54409.8 1372.25 8994.23 3627.22 1746.24 5367.01 5184.84
internal_count=211839 193555 34645 11880 158910 124846 122791 120863 2837 34064 16690 6229 17374 16320
cat_boundaries=0 1 2
cat_threshold=528 28688
is_linear=0
shrinkage=0.06


Tree=155
num_leaves=15
num_cat=2
split_feature=2 8 5 3 0 2 8 8 0 5 2 8 2 2
split_gain=21.7544 16.2459 15.2294 15.8202 20.7301 24.5308 18.7913 23.8716 19.1286 16.2007 25.3186 22.2104 45.5092 25.6599
threshold=1.0000000180025095e-35 1.0166666507720949 21.208333015441898 45.250000000000007 0 0.66230916976928722 16.716666221618656 35.500000000000007 1 19.291666984558109 0.17983373999595645 1.9499999880790713 0.020957368426024917 0.11860045790672304
decision_type=2 2 2 2 9 2 2 2 9 2 2 2 2 2
left_child=-1 -2 3 4 5 -3 9 -8 -9 11 -11 12 -5 -13
right_child=1 2 -4 6 -6 -7 7 8 -10 10 -12 13 -14 -15
leaf_value=-0.029795118402539483 -0.029795118218814899 -0.0062341607467961682 -0.0070257733867520617 0.045784944125552535 -9.8121487627532758e-05 0.0047911120907487741 0.016205669435618207 0.025698467316266176 -0.017707925968544657 -0.0016879761897746215 0.0063329969383457384 0.0049380226578512451 -0.019974499434745878 -0.00050874151005920369
leaf_weight=88.207785414066166 65.724947484675795 4061.8043654365465 1078.0283828750253 42.074588090181351 33767.690029384568 884.74516294896603 599.98972774669528 38.617351744323969 148.67632024362683 2134.4752861261368 4213.1730183139443 3787.6217458844185 380.62774751335382 17500.696823183447
leaf_count=8984 13433 18651 16464 253 83272 3122 1607 123 614 5058 7515 8009 3658 41076
internal_value=-1.73325e-05 2.08987e-05 4.94492e-05 0.000162345 -0.00063019 -0.00425357 0.00122601 0.0103683 -0.0083315 0.000969491 0.00363585 0.00018993 -0.013429 0.000460348
internal_weight=68792.2 68703.9 68638.2 67560.2 38714.2 4946.55 28846 787.283 187.294 28058.7 6347.65 21711 422.702 21288.3
internal_count=211839 202855 189422 172958 105045 21773 67913 2344 737 65569 12573 52996 3911 49085
cat_boundaries=0 1 2
cat_threshold=22016 6144
is_linear=0
shrinkage=0.06


Tree=156
num_leaves=15
num_cat=2
split_feature=2 8 7 4 8 8 8 6 0 8 5 0 8 6
split_gain=21.1154 15.7676 14.5452 14.7357 14.5439 14.3874 33.8701 30.3869 18.4673 17.7961 16.0559 33.4612 28.1987 25.3048
threshold=1.0000000180025095e-35 1.0166666507720949 3.5000000000000004 0.73557159304618847 3.2500000000000004 18.166666984558109 35.500000000000007 240.50000000000003 0 47.500000000000007 10.541666507720949 1 11.949999809265138 37.500000000000007
decision_type=2 2 2 2 2 2 2 2 9 2 2 9 2 2
left_child=-1 -2 3 5 -5 10 7 -7 9 -8 11 -3 13 -13
right_child=1 2 -4 4 -6 6 8 -9 -10 -11 -12 12 -14 -15
leaf_value=-0.02979511825500001 -0.029795118190488641 -0.022941788387944494 -0.0085406347078753105 -0.011220515823037682 -0.0012318065464076017 0.024223810818231172 0.03576928863494501 0.00083562194967717147 -0.016202569581118376 -0.0063358206721654611 0.00076905903188997449 0.0047160832690262139 -0.012974571011757001 -0.0046361457020957838
leaf_weight=85.618391811847687 63.795551352202892 269.85683061741292 702.62822217307985 546.87576901353896 12980.007510501426 462.06025346368551 59.483493990730494 352.58697260171175 263.52862816257402 92.074367450084537 48063.914396673441 2178.2492871843278 674.88886108994484 1995.8684675432742
leaf_count=8984 13433 10634 3741 3829 38464 1304 265 818 1473 393 117299 4294 1841 5067
internal_value=-1.70225e-05 2.00858e-05 4.77959e-05 0.000136617 -0.00163564 0.000577198 0.00699333 0.0141012 -0.0069565 0.0095589 0.000428839 -0.00276568 -0.00159224 0.000244283
internal_weight=68791.4 68705.8 68642 67939.4 13526.9 54412.5 1229.73 814.647 415.086 151.558 53182.8 5118.86 4849.01 4174.12
internal_count=211839 202855 189422 185681 42293 143388 4253 2122 2131 658 139135 21836 11202 9361
cat_boundaries=0 1 2
cat_threshold=6144 2560
is_linear=0
shrinkage=0.06


Tree=157
num_leaves=15
num_cat=4
split_feature=5 8 2 0 5 2 0 7 8 0 6 5 0 2
split_gain=20.8806 15.9282 17.5225 21.4593 60.5946 21.6711 21.3767 16.8682 40.9031 33.9142 31.7434 30.9543 26.8172 26.0552
threshold=21.458333015441898 2.6333333253860478 0.033703841269016273 0 20.041666984558109 0.16295880824327472 1 1.5000000000000002 11.683333396911623 2 318.50000000000006 19.291666984558109 3 0.47064860165119177
decision_type=2 2 2 9 2 2 9 2 2 9 2 2 9 2
left_child=1 2 6 5 -5 -4 -1 11 10 -10 12 13 -9 -3
right_child=-2 7 3 4 -6 -7 -8 8 9 -11 -12 -13 -14 -15
leaf_value=-0.016584474465278082 -0.029795118431056821 -0.00095245286862448658 0.010032679748234258 -0.016254708781042491 0.0057532538282763753 -0.0042369688990332756 0.01541296539241397 0.0047264614344619156 -0.021983734581770831 -0.004584946642628116 -0.0068217477886373295 0.0033026681405949254 -0.0028998037779541857 0.0028118627283204908
leaf_weight=89.764343943446875 84.667100545018911 29364.831185337622 542.33477735100314 1370.1210489259101 670.91679978230968 1305.2588256285526 317.2412799349986 5164.2693286743015 442.92247046902776 3911.1931134387851 1683.7755711078644 12860.074555628002 2437.859508543741 8545.9613489173353
leaf_count=2528 18284 79387 4533 17175 5178 6477 1803 11904 2021 11225 4993 19699 7247 19385
internal_value=-1.69161e-05 1.97796e-05 -0.00351776 -0.00475752 -0.00897641 -4.80568e-05 0.00832721 0.000255702 -0.00161759 -0.00641586 0.00063229 0.000758979 0.00228326 -0.00010389
internal_weight=68791.2 68706.5 4295.64 3888.63 2041.04 1847.59 407.006 64410.9 13640 4354.12 9285.9 50770.9 7602.13 37910.8
internal_count=211839 193555 37694 33363 22353 11010 4331 155861 37390 13246 24144 118471 19151 98772
cat_boundaries=0 1 2 3 4
cat_threshold=4222976 4217344 256 2097936
is_linear=0
shrinkage=0.06


Tree=158
num_leaves=15
num_cat=2
split_feature=2 8 5 5 1 2 2 6 2 8 5 0 2 2
split_gain=20.2937 16.6367 21.2789 16.0696 28.5999 19.6067 28.3305 26.5392 23.9786 23.909 35.8912 27.4333 22.1847 39.4008
threshold=0.0083173098973929899 1.5500000119209292 20.541666984558109 20.958333015441898 0 0.24893803149461749 0.34550170600414282 386.50000000000006 0.32411664724349981 10.250000000000002 19.791666984558109 1 0.36869816482067114 0.3888887763023377
decision_type=2 2 2 2 1 2 2 2 2 2 2 9 2 2
left_child=-1 2 -2 5 -5 -3 7 8 9 10 -7 -11 -8 -14
right_child=1 3 -4 4 -6 6 12 -9 -10 11 -12 -13 13 -15
leaf_value=-0.020483265119284885 -0.018758535617455843 0.001989615403806108 0.01864743674307354 0.0055719338737901126 -0.008637533492118479 -0.0049244339041050848 0.0051095442449413178 -0.015076924487903721 -0.0068172509366075506 0.0070187712160032275 0.005461854904026597 -0.0069945811120748509 -0.0068110699425588733 0.00071610056679517037
leaf_weight=173.97181785758585 320.75146106537431 17732.663921076804 66.016336238011718 706.20193548873067 1786.1384287700057 5344.8469045814127 3471.7997906170785 595.18172816559672 2989.572485730052 2244.3108666315675 1543.6946240514517 639.89482950419188 2745.2082921601832 28430.722669986077
leaf_count=9564 14093 42232 2858 4197 16485 17449 10033 1559 9714 4302 3482 2980 8569 64322
internal_value=-1.6823e-05 3.50677e-05 -0.0123738 0.000105408 -0.0046236 0.000284701 -0.000345078 -0.00269259 -0.00211504 -0.000676592 -0.00259691 0.00390983 0.000559943 5.32927e-05
internal_weight=68791 68617 386.768 68230.2 2492.34 65737.9 48005.2 13357.5 12762.3 9772.75 6888.54 2884.21 34647.7 31175.9
internal_count=211839 202275 16951 185324 20682 164642 122410 39486 37927 28213 20931 7282 82924 72891
cat_boundaries=0 1 2
cat_threshold=16 2099216
is_linear=0
shrinkage=0.06


Tree=159
num_leaves=15
num_cat=0
split_feature=5 8 6 6 7 8 5 5 5 5 8 5 5 6
split_gain=20.0982 15.5884 14.2442 14.004 14.0448 19.3049 17.0586 28.1932 34.1273 27.0208 31.2332 29.4428 37.4412 34.9805
threshold=21.458333015441898 1.0166666507720949 1.0000000180025095e-35 568.50000000000011 2.5000000000000004 11.683333396911623 19.291666984558109 19.208333015441898 19.041666984558109 19.458333015441898 11.683333396911623 19.521871566772464 19.708333015441898 374.50000000000006
decision_type=2 2 2 2 2 2 2 2 2 2 2 2 2 2
left_child=1 -1 -3 4 6 -6 7 8 -4 -8 11 -11 -13 -14
right_child=-2 2 3 -5 5 -7 9 -9 -10 10 -12 12 13 -15
leaf_value=-0.029795118679081276 -0.029795118032017641 -0.024258655857665009 -0.00036693834447415621 -0.015856446630153884 -0.00050284259799328844 -0.0090046609545884077 0.0077105229258906411 -0.0070781195462542466 0.0068580033372546119 -0.0062519976151178694 -0.003436877777290175 0.012979923116778442 0.0036818653907471953 -0.0070073388655811598
leaf_weight=63.076621489832178 81.496533825062215 86.697957395110279 40586.60795882903 198.01026120409369 3138.6431406736374 1386.1166936904192 2479.626991070807 2093.4103478752077 2498.5047921091318 1225.8358002603054 4243.530601311475 1331.4306275062263 8101.8051957320422 1275.6837592683733
leaf_count=14144 18284 3829 118797 696 9557 4955 2678 2669 2605 1953 8148 2002 17775 3747
internal_value=-1.6607e-05 1.87136e-05 4.61087e-05 7.68437e-05 0.000122995 -0.00310729 0.000351959 -0.00027835 5.20359e-05 0.0018782 0.000984286 0.00255628 0.00356455 0.00222774
internal_weight=68790.5 68709 68645.9 68559.2 68361.2 4524.76 63836.4 45178.5 43085.1 18657.9 16178.3 11934.8 10708.9 9377.49
internal_count=211839 193555 179411 175582 174886 14512 160374 124071 121402 36303 33625 25477 23524 21522
is_linear=0
shrinkage=0.06


Tree=160
num_leaves=15
num_cat=4
split_feature=2 8 3 0 6 0 8 0 2 6 0 8 6 8
split_gain=19.621 14.5957 14.302 30.8646 23.8663 33.9028 28.751 25.3369 23.8103 26.0255 23.6484 22.9958 21.5718 20.4078
threshold=1.0000000180025095e-35 1.0166666507720949 69.299999237060561 0 183.50000000000003 1 11.949999809265138 2 0.65518623590469371 372.50000000000006 3 35.500000000000007 26.500000000000004 14.166666507720949
decision_type=2 2 2 9 2 9 2 9 2 2 9 2 2 2
left_child=-1 -2 3 -3 13 11 7 8 9 -7 12 -6 -4 -5
right_child=1 2 10 4 5 6 -8 -9 -10 -11 -12 -13 -14 -15
leaf_value=-0.029795118354493496 -0.029795118437610544 0.00038398555495694752 0.01078639679136892 -0.0099644420524188544 0.013421741299958023 0.0047953211588050784 -0.0082784739484760665 -0.0040607847574624691 0.026102838526679439 -0.016599869178946704 0.0052204868886732191 -0.01317454768877644 -0.0018422813181270747 0.00036519205245869637
leaf_weight=79.56231574784033 59.065667831106111 46482.167580794077 540.83737138658762 2566.6295802462846 796.91121205408126 2052.0120968595147 2281.0248380773701 2848.3585185660049 167.44798213243484 227.35455853305757 4724.4020048882812 137.17940627969801 4886.0157026355155 940.97175161726773
leaf_count=8984 13433 110862 552 18708 5864 9449 7166 6761 536 1650 8425 557 11378 7514
internal_value=-1.63747e-05 1.81072e-05 4.37577e-05 -0.000316993 -0.003026 -0.00131195 -0.00264345 -0.000221014 0.00424813 0.00266127 0.00212271 0.00941505 -0.00058264 -0.00719335
internal_weight=68789.9 68710.4 68651.3 58500.1 12017.9 8510.29 7576.2 5295.17 2446.81 2279.37 10151.3 934.091 5426.85 3507.6
internal_count=211839 202855 189422 169067 58205 31983 25562 18396 11635 11099 20355 6421 11930 26222
cat_boundaries=0 1 2 3 4
cat_threshold=6309904 1536 256 2097168
is_linear=0
shrinkage=0.06


Tree=161
num_leaves=15
num_cat=2
split_feature=5 8 3 5 5 5 5 2 0 4 5 0 8 5
split_gain=19.3336 15.0366 15.6796 20.8715 14.3225 25.1083 20.0423 17.6525 34.2397 17.2555 15.3774 15.2051 16.7318 70.3719
threshold=21.458333015441898 2.3166666030883794 46.550001144409187 19.791666984558109 11.041666507720949 11.208333492279055 11.291666507720949 0.074395883828401579 0 0.20942982286214831 19.958333015441898 1 4.5499999523162851 19.521871566772464
decision_type=2 2 2 2 2 2 2 2 9 2 2 9 2 2
left_child=1 2 3 -1 9 -6 -7 8 -8 -3 -10 -9 13 -13
right_child=-2 4 -4 -5 5 6 7 11 10 -11 -12 12 -14 -15
leaf_value=-0.021940340406044284 -0.029795118624041599 0.0040948502253858174 -0.0017443066792486204 -0.0017245955000274632 0.010511493450789038 -0.0088375687798121043 0.021381207702560148 0.0066640256454491079 0.0056789096855142307 -0.003139965096821685 -0.011123215072067238 -0.0079502151134056235 0.0006211643343931731 0.0049655898822889488
leaf_weight=359.0171581946779 78.397081398405135 1408.027275131084 2796.7105262966361 376.83658802555874 901.63867576327175 829.67715478781611 416.83703393489122 1342.6908735781908 695.15647053904831 7553.3612090013921 273.13766175694764 3722.5159384906292 45470.250932548195 2565.1376145817339
leaf_count=8547 18284 1795 22765 3333 2055 1928 566 2418 1610 32269 661 18146 90714 6748
internal_value=-1.61373e-05 1.78396e-05 -0.00379474 -0.0115877 0.000224475 0.000579585 0.000417696 0.00055863 0.00724542 -0.00200322 0.000929743 0.000384204 0.000219965 -0.00268103
internal_weight=68789.4 68711 3532.56 735.854 65178.4 56217 55315.4 54485.7 1385.13 8961.39 968.294 53100.6 51757.9 6287.65
internal_count=211839 193555 34645 11880 158910 124846 122791 120863 2837 34064 2271 118026 115608 24894
cat_boundaries=0 1 2
cat_threshold=528 4210688
is_linear=0
shrinkage=0.06


Tree=162
num_leaves=15
num_cat=2
split_feature=2 8 4 8 6 8 8 6 0 8 1 8 2 2
split_gain=18.8865 14.0531 13.5014 13.4128 12.4091 13.0239 35.6883 27.5172 18.8093 17.0915 13.501 13.1379 12.5707 34.6101
threshold=1.0000000180025095e-35 1.0166666507720949 0.73557159304618847 3.2500000000000004 1.0000000180025095e-35 18.166666984558109 35.500000000000007 240.50000000000003 0 47.500000000000007 1 42.500000000000007 0.46093830466270452 0.45787276327610021
decision_type=2 2 2 2 2 2 2 2 9 2 1 2 2 2
left_child=-1 -2 4 -4 -3 12 7 10 9 -8 -7 -10 13 -6
right_child=1 2 3 -5 5 6 8 -9 11 -11 -12 -13 -14 -15
leaf_value=-0.029795118028856971 -0.029795117781771706 -0.024690853736187377 -0.010885707326648963 -0.0012662357689505249 0.00032389368348949819 0.029212312343233533 0.03436420134539956 0.0011015849947806464 -0.020691496475764317 -0.0065537737988357412 0.00575670035022672 0.033795331355212233 0.0026019454716957871 -0.0078047423287695523
leaf_weight=76.584426628891379 56.874560077209026 70.529258282855153 543.5388782187365 13058.765986904036 44084.314689883031 340.76855428004637 60.786180115770549 361.20358553156257 257.04055382404476 92.937824540305883 143.52101212227717 16.983682423830032 7654.76780379517 1969.9526881333441
leaf_count=8984 13433 3392 3886 39172 122615 912 243 861 1378 392 402 126 14054 1989
internal_value=-1.57812e-05 1.741e-05 4.2107e-05 -0.00165062 0.000460342 0.000492605 0.00649022 0.0136352 -0.00763255 0.00903823 0.0229832 -0.0167049 0.000350424 -2.38054e-05
internal_weight=68788.6 68712 68655.1 13602.3 55052.8 54982.3 1273.24 845.493 427.748 153.724 484.29 274.024 53709 46054.3
internal_count=211839 202855 189422 43058 146364 142972 4314 2175 2139 635 1314 1504 138658 124604
cat_boundaries=0 1 2
cat_threshold=6144 25
is_linear=0
shrinkage=0.06


Tree=163
num_leaves=15
num_cat=4
split_feature=5 8 0 7 6 8 0 5 0 8 2 0 8 5
split_gain=18.5897 14.2118 22.5487 17.5904 40.6409 35.9958 33.2601 25.6178 23.8994 31.1944 50.236 36.6422 53.1449 32.9313
threshold=21.458333015441898 3.2500000000000004 0 1.5000000000000002 372.50000000000006 11.683333396911623 1 19.291666984558109 2 9.4499998092651385 0.20028601586818698 3 5.0166666507720956 10.169160366058351
decision_type=2 2 9 2 2 2 9 2 9 2 2 9 2 2
left_child=1 2 -1 7 5 -5 -7 8 -3 10 13 -12 -13 -10
right_child=-2 3 -4 4 -6 6 -8 -9 9 -11 11 12 -14 -15
leaf_value=-0.017474937491709253 -0.029795118448031916 0.00831044240481346 -0.0016879858013048319 0.0014955123932973082 -0.015997412279278176 -0.021406792569696499 -0.0035744177979888719 0.0032299191723846842 0.01887430017608327 0.0014098757518892962 0.0052050444323444994 -0.015968308910484282 -0.003777998622825518 0.001360353939649399
leaf_weight=330.73779356526211 75.38009659643285 1207.0914304740727 7612.0493717000354 7961.4886199757457 673.59023346565664 411.77084633708 3668.542126622051 12195.111085470766 423.59248471818864 18793.722575778142 1251.6498855277896 1525.7316130371764 8244.1101554743946 4413.028932441026
leaf_count=12730 18284 2490 38539 19376 2586 1911 10421 17583 726 41005 3039 10008 23941 9200
internal_value=-1.53602e-05 1.73094e-05 -0.00236948 0.000329272 -0.00165521 -0.000852937 -0.00543522 0.000854377 4.64885e-05 -0.000243713 -0.00220356 -0.00444066 -0.00567592 0.00289423
internal_weight=68787.6 68712.2 7942.79 60769.4 12715.4 12041.8 4080.31 48054 35858.9 34651.8 15858.1 11021.5 9769.84 4836.62
internal_count=211839 193555 51269 142286 34294 31708 12332 107992 90409 87919 46914 36988 33949 9926
cat_boundaries=0 1 2 3 4
cat_threshold=3584 256 4210688 12288
is_linear=0
shrinkage=0.06


Tree=164
num_leaves=15
num_cat=3
split_feature=2 5 1 3 0 2 2 2 2 0 8 2 2 2
split_gain=18.1638 13.6707 14.6524 13.8028 18.1688 17.1577 29.248 33.7408 28.1725 24.3915 40.8642 22.9271 25.6092 29.5061
threshold=1.0000000180025095e-35 21.208333015441898 0 45.250000000000007 1 0.41920110583305364 0.45030166208744055 0.47064860165119177 0.49479767680168157 2 30.166666984558109 0.40801042318344122 0.3888887763023377 0.36869816482067114
decision_type=2 2 1 2 9 2 2 2 2 9 2 2 2 2
left_child=-1 3 -3 4 -2 11 -7 -8 -9 -10 -11 12 13 -6
right_child=1 2 -4 -5 5 6 7 8 9 10 -12 -13 -14 -15
leaf_value=-0.029795118481024195 -0.0045082028019961815 0.0046448600614306824 -0.0110034687245957 0.0011135749864648501 -0.00044695010865595922 0.006021208854512284 -0.0061706801470747096 0.0058835622542725294 0.012427206937752344 -0.0028390214552443736 0.084296339785066524 -0.0065503796912873185 0.0049110389579004972 -0.0082604388175362472
leaf_weight=73.654931687749922 3878.8867835486308 294.64453540975228 769.59899990563281 28950.884261877043 12880.258758601034 3663.0221690491308 2580.886789361015 3404.3859975535888 423.37147148163058 4574.1043581587728 19.458073645830154 2624.3358200599905 2638.4943543681875 2011.6389436000027
leaf_count=8984 10966 3731 13966 76858 44197 8031 4838 5498 2295 13219 67 6156 6475 6558
internal_value=-1.53728e-05 1.65483e-05 -0.00673085 0.000122696 -0.000618587 -0.000183943 0.00137739 -0.000168698 0.00167073 -0.001188 -0.00246456 -0.00132011 -0.00053713 -0.00150242
internal_weight=68787.6 68714 1064.24 67649.7 38698.8 34820 14665.2 11002.2 8421.32 5016.93 4593.56 20154.7 17530.4 14891.9
internal_count=211839 202855 17697 185158 108300 97334 33948 25917 21079 15581 13286 63386 57230 50755
cat_boundaries=0 1 2 3
cat_threshold=16 21504 8704
is_linear=0
shrinkage=0.06


Tree=165
num_leaves=15
num_cat=1
split_feature=5 8 6 8 8 8 8 2 5 0 8 5 5 8
split_gain=17.8025 14.0371 13.1484 13.4378 14.8876 19.7951 22.837 26.6038 21.0344 41.926 22.6894 27.3358 19.0442 21.2938
threshold=21.458333015441898 1.0166666507720949 568.50000000000011 51.500000000000007 41.500000000000007 18.166666984558109 16.500000000000004 0.44192463159561163 15.541666507720949 0 12.700000286102297 13.041666507720949 14.208333492279055 12.583333492279055
decision_type=2 2 2 2 2 2 2 2 2 9 2 2 2 2
left_child=1 -1 3 4 5 6 8 -8 9 10 -3 -12 13 -11
right_child=-2 2 -4 -5 -6 -7 7 -9 -10 12 11 -13 -14 -15
leaf_value=-0.029795118373412307 -0.029795118270837851 -0.01902927298031944 -0.015561229594910771 0.031516968698341349 -0.014514517254802718 0.0070318515136710705 -0.010422046677524117 -0.00041140052963635677 0.0010633139670540215 -0.00066955653448541879 -0.006068139507425351 0.052102899205689002 -0.0050104787439877556 0.0058437911886392753
leaf_weight=56.814545321743935 72.190283404197544 707.79394035181031 193.90344232320786 48.929993402212858 251.29901720583439 1458.1704780459404 1601.191623208113 2370.7007042113692 40328.620431562886 16312.063074786216 187.12875540181994 34.433067694306374 3131.8591483030468 2032.0487070698291
leaf_count=14144 18284 10750 696 169 1342 4681 5503 3861 89476 46353 2468 112 9123 4877
internal_value=-1.51654e-05 1.61207e-05 4.07895e-05 8.49773e-05 6.24974e-05 0.000116238 -3.49351e-05 -0.004447 0.000244407 -0.00122959 -0.0136373 0.00297226 -0.000685987 5.19524e-05
internal_weight=68787.1 68715 68658.1 68464.2 68415.3 68164 66705.8 3971.89 62733.9 22405.3 929.356 221.562 21476 18344.1
internal_count=211839 193555 179411 178715 178546 177204 172523 9364 163159 73683 13330 2580 60353 51230
cat_boundaries=0 1
cat_threshold=1792
is_linear=0
shrinkage=0.06


Tree=166
num_leaves=15
num_cat=2
split_feature=2 7 8 0 2 0 5 4 5 8 2 6 2 6
split_gain=17.4512 13.2283 13.0103 21.1861 18.709 21.1539 69.6152 22.1705 18.0261 15.3405 14.8067 32.5263 27.1013 24.3289
threshold=1.0000000180025095e-35 3.5000000000000004 3.2500000000000004 0 0.05154122784733773 1 20.041666984558109 0.50862327218055736 18.541666984558109 2.1166666746139531 0.24893803149461749 364.50000000000006 0.34722022712230688 386.50000000000006
decision_type=2 2 2 9 2 9 2 2 2 2 2 2 2 2
left_child=-1 2 3 8 -5 6 9 -7 -2 -6 11 -4 13 -12
right_child=1 -3 10 4 5 7 -8 -9 -10 -11 12 -13 -14 -15
leaf_value=-0.029795118149469991 -0.027559072224402494 -0.00823419407891934 0.0028115588776755655 0.0071190872873239108 -0.021748991954931466 0.0028851573020410456 0.0079411575419969672 -0.0075262080008623071 0.0033197442750181726 -0.0096270262512238771 -0.0019471460553864754 -0.0080865430216110895 0.00075695376930574019 -0.014512244450703564
leaf_weight=70.76614897348918 214.66463784035295 692.64192094700411 13872.802757750498 800.50483718165196 507.07630906347185 2930.2078512231819 833.15057738823816 983.43384392792359 99.653138691093773 1452.0957164019346 11755.685400834307 1061.3317473880015 32930.401566258632 582.2203399152495
leaf_count=8984 9406 4149 32234 4634 5349 12213 3679 6203 3003 6165 32727 4268 77255 1570
internal_value=-1.49444e-05 1.57243e-05 9.97285e-05 -0.0022025 -0.00154862 -0.00258561 -0.00656298 0.000268267 -0.0172212 -0.0127645 0.000398807 0.00203706 -0.000141657 -0.00254009
internal_weight=68786.6 68715.9 68023.2 7820.79 7506.47 6705.96 2792.32 3913.64 314.318 1959.17 60202.4 14934.1 45268.3 12337.9
internal_count=211839 202855 198706 50652 38243 33609 15193 18416 12409 11514 148054 36502 111552 34297
cat_boundaries=0 1 2
cat_threshold=3584 2097168
is_linear=0
shrinkage=0.06


Tree=167
num_leaves=15
num_cat=0
split_feature=5 8 5 6 8 8 8 5 2 8 8 8 2 5
split_gain=17.1475 13.522 13.0915 12.3905 12.8041 13.8665 23.8879 31.4296 13.326 11.79 20.4618 21.4721 25.3238 19.4882
threshold=21.458333015441898 1.0166666507720949 7.6250000000000009 568.50000000000011 51.500000000000007 47.500000000000007 44.500000000000007 16.095914840698246 0.23246168345212939 41.500000000000007 18.166666984558109 16.500000000000004 0.44192463159561163 15.541666507720949
decision_type=2 2 2 2 2 2 2 2 2 2 2 2 2 2
left_child=1 -1 -3 4 5 6 9 -8 -6 10 11 13 -13 -4
right_child=-2 2 3 -5 8 -7 7 -9 -10 -11 -12 12 -14 -15
leaf_value=-0.029795118406007445 -0.029795117927212698 -0.029795118129596322 -0.0011706825260030785 -0.015249112548604286 0.18350989464660158 -0.020837676483047355 0.21686902302720279 0.021598713627185673 0.024233732141687014 -0.018974572613613357 0.0071789328863595386 -0.01018800721076569 -0.00038418831339903452 0.0010374698955173665
leaf_weight=54.734095284016803 69.535011417465284 52.908820969052613 22359.218068286311 189.74281100742519 1.9690114259719838 113.87179930880666 4.1351775303483 10.507097527384756 47.752265512943268 116.4451457336545 1452.3699305066839 1582.0790763450786 2368.5072289258242 40362.424158129841
leaf_count=14144 18284 2420 71864 696 3 557 26 38 152 640 4418 5428 3693 89476
internal_value=-1.47552e-05 1.53798e-05 3.91434e-05 6.21505e-05 0.000104612 8.24774e-05 0.000117379 0.0767457 0.0305412 0.000100937 0.000133543 -1.99323e-05 -0.00431029 0.0002503
internal_weight=68786.2 68716.7 68661.9 68609 68419.3 68369.6 68255.7 14.6423 49.7213 68241 68124.6 66672.2 3950.59 62721.6
internal_count=211839 193555 179411 176991 176295 176140 175583 64 155 175519 174879 170461 9121 161340
is_linear=0
shrinkage=0.06


Tree=168
num_leaves=15
num_cat=2
split_feature=2 5 1 5 5 8 6 5 5 6 0 5 5 5
split_gain=16.7562 12.903 29.0712 17.9355 33.7115 22.4515 21.8779 19.0499 21.3547 20.8978 19.7815 18.9631 27.1301 29.4293
threshold=1.0000000180025095e-35 20.958333015441898 0 20.791666984558109 20.708333015441898 1.6333333253860476 238.50000000000003 20.541666984558109 20.458333015441898 191.50000000000003 1 19.291666984558109 19.208333015441898 19.041666984558109
decision_type=2 2 1 2 2 2 2 2 2 2 9 2 2 2
left_child=-1 3 -3 4 5 -2 -5 8 11 -9 -11 12 13 -7
right_child=1 2 -4 6 -6 7 -8 9 -10 10 -12 -13 -14 -15
leaf_value=-0.029795118383858434 -0.015214021823781135 0.0059060737353160021 -0.0083001295573337467 0.031098372005711139 -0.010800693483760228 -0.00033202063948106737 0.0047155393631016125 0.057888519765673371 -0.0076314472559319384 -0.004449713742848257 0.011812221958786097 0.0022205297416974458 -0.0068383214821085853 0.0062656698131346904
leaf_weight=67.948764434782788 337.42318186792545 723.02738111489452 1783.0668245635461 129.37343567563221 1014.6135102300905 42209.003850168549 902.50381057662889 29.150250300765038 1241.7618034556508 399.46086323261261 803.84561143815517 14403.081910520792 2158.576414283365 2582.8054433763027
leaf_count=8984 14742 4783 17984 284 2824 124982 2367 42 2796 1093 1512 23896 2848 2702
internal_value=-1.45142e-05 1.49332e-05 -0.00421108 0.000174887 5.06362e-05 0.000222223 0.00802333 0.000303827 0.000158378 0.00769099 0.00647494 0.00031604 -0.000268204 4.84184e-05
internal_weight=68785.6 68717.7 2506.09 66211.6 65179.7 64165.1 1031.88 63827.7 62595.2 1232.46 1203.31 61353.5 46950.4 44791.8
internal_count=211839 202855 22767 180088 177437 174613 2651 159871 157224 2647 2605 154428 130532 127684
cat_boundaries=0 1 2
cat_threshold=16 4352
is_linear=0
shrinkage=0.06


Tree=169
num_leaves=15
num_cat=2
split_feature=5 6 8 3 5 7 6 8 0 5 8 0 2 8
split_gain=16.455 13.0191 12.5861 13.9442 19.7163 13.4244 36.7515 32.9549 32.1521 25.5046 23.7364 47.7679 55.7901 49.3815
threshold=21.458333015441898 1.0000000180025095e-35 2.3166666030883794 46.550001144409187 19.791666984558109 1.5000000000000002 456.50000000000006 11.683333396911623 0 19.291666984558109 9.4499998092651385 1 0.20028601586818698 4.9500000476837167
decision_type=2 2 2 2 2 2 2 2 9 2 2 9 2 2
left_child=1 -1 3 4 -3 9 7 -7 -9 10 11 -4 -13 -14
right_child=-2 2 5 -5 -6 6 -8 8 -10 -11 -12 12 13 -15
leaf_value=-0.023920817307577429 -0.029795118240413483 -0.021456333098406413 0.0048832100736064463 -0.0015480582854271513 -0.0014551648454475903 0.00095606466210732943 -0.024894137870380077 -0.021298174754295709 -0.0036835812572057216 0.0029575051595689171 0.0014162569413044078 0.001794141125349796 -0.015252920194994853 -0.0037978622707604665
leaf_weight=81.711849307874218 66.727673789020628 338.17875735135749 3398.4097211323678 2777.2801916431636 373.25396579434164 9333.1043734112754 236.27926172688603 406.37927252054214 3759.7494084946811 13135.924861844629 18774.501172279939 5760.6288972422481 1603.3339570425451 8739.6916192397475
leaf_count=4312 18284 7995 6576 22514 3333 24018 1129 1943 10647 20121 39019 13742 11185 27021
internal_value=-1.43029e-05 1.46152e-05 4.31103e-05 -0.00346793 -0.0109627 0.000231129 -0.0014352 -0.00102459 -0.00546174 0.00067631 -0.000106561 -0.00157257 -0.00293616 -0.00557358
internal_weight=68785.2 68718.4 68636.7 3488.71 711.433 65148 13735.5 13499.2 4166.13 51412.5 38276.6 19502.1 16103.7 10343
internal_count=211839 193555 189243 33842 11328 155401 37737 36608 12590 117664 97543 58524 51948 38206
cat_boundaries=0 1 2
cat_threshold=256 4214784
is_linear=0
shrinkage=0.06


Tree=170
num_leaves=15
num_cat=2
split_feature=2 8 5 3 0 0 2 2 2 2 2 6 8 8
split_gain=16.1585 12.9625 20.642 13.9846 31.0615 27.9964 21.7468 38.2057 34.8834 35.854 29.2556 30.7753 20.4303 32.1143
threshold=0.0083173098973929899 1.5500000119209292 20.541666984558109 65.750000000000014 0 1 0.4999998807907105 0.47064860165119177 0.452834963798523 0.42930126190185552 0.40277843177318579 389.50000000000006 16.716666221618656 16.166666984558109
decision_type=2 2 2 2 9 9 2 2 2 2 2 2 2 2
left_child=-1 2 -2 5 -5 6 7 8 9 10 11 12 13 -3
right_child=1 3 -4 4 -6 -7 -8 -9 -10 -11 -12 -13 -14 -15
leaf_value=-0.019354623730258615 -0.017940448870610737 0.0014591473417018593 0.019354854608392719 0.020851198353833096 0.0014381121920671609 -0.0028893819769662539 -0.0036632639515503584 0.0061423735335786678 -0.0060326635728050835 0.0060352167622968935 -0.0052060024005340716 -0.0078032143547752579 0.017612906345306562 -0.010785603441276973
leaf_weight=155.16506535327062 298.61651398474351 22419.275805854239 65.066159917041659 294.42393925925717 12016.163993385388 11934.514292246429 4307.6162396846339 4333.8583747614175 2985.0451546059921 4038.198356456589 3426.394039347535 1441.3486076737754 270.84022322110832 798.54746930254623
leaf_count=9564 14093 59970 2858 1037 23312 55876 13241 6515 4718 6478 7850 3551 943 1833
internal_value=-1.42679e-05 2.94586e-05 -0.011268 8.96448e-05 0.00192051 -0.000313156 0.00038585 0.000825143 0.000173805 0.000745708 -7.56351e-06 0.000706913 0.00122912 0.001038
internal_weight=68785.1 68629.9 363.683 68266.2 12310.6 55955.6 44021.1 39713.5 35379.6 32394.6 28356.4 24930 23488.7 23217.8
internal_count=211839 202275 16951 185324 24349 160975 105099 91858 85343 80625 74147 66297 62746 61803
cat_boundaries=0 1 2
cat_threshold=8448 6294544
is_linear=0
shrinkage=0.06


Tree=171
num_leaves=15
num_cat=4
split_feature=5 8 5 7 4 8 8 6 0 8 1 5 0 0
split_gain=15.8959 12.6728 12.3881 11.9464 12.3633 13.2648 26.2023 24.7546 19.0402 17.2714 15.022 14.5317 40.3841 25.0445
threshold=21.458333015441898 1.0166666507720949 7.6250000000000009 3.5000000000000004 0.74217987060546886 18.166666984558109 35.500000000000007 215.50000000000003 0 47.500000000000007 1 16.002066612243656 2 3
decision_type=2 2 2 2 2 2 2 2 9 2 1 2 9 9
left_child=1 -1 -3 4 5 11 7 10 9 -8 -7 12 -4 -13
right_child=-2 2 3 -5 -6 6 8 -9 -10 -11 -12 13 -14 -15
leaf_value=-0.029795118224313286 -0.029795118412085465 -0.029795118195981136 0.00015294635233010454 -0.0078519014341791003 -0.0015195232250060592 0.02931676110658693 0.035081802847486861 0.0020512597529848001 -0.015604720772842378 -0.00574346411014674 0.0042318221245032728 0.00081520410199902081 -0.0077795026809063328 0.0085720424414744995
leaf_weight=51.304538839962333 64.46134837041609 50.078050410374999 18844.572380337864 680.57478073518723 13091.501659017056 308.68300284910947 63.813139535486698 422.02601607888937 256.23293439298868 89.806712921708822 138.0577195212245 30533.747362184338 2623.4013299369253 1566.2946781553328
leaf_count=14144 18284 2420 38947 2771 38447 912 217 799 1437 350 354 57431 27221 8105
internal_value=-1.40434e-05 1.38921e-05 3.61633e-05 5.79342e-05 0.000137172 0.000532613 0.00657223 0.0124717 -0.00593289 0.0105298 0.0223156 0.000388453 -0.000819957 0.00119662
internal_weight=68784.6 68720.1 68668.8 68618.7 67938.1 54846.6 1278.62 868.767 409.853 153.62 446.741 53568 21468 32100
internal_count=211839 193555 179411 176991 174220 135773 4069 2065 2004 567 1266 131704 66168 65536
cat_boundaries=0 1 2 3 4
cat_threshold=6144 25 6311952 2109712
is_linear=0
shrinkage=0.06


Tree=172
num_leaves=15
num_cat=2
split_feature=2 5 1 8 5 5 6 8 2 5 5 6 0 5
split_gain=15.6635 11.9605 27.338 17.5313 16.7461 31.8981 20.266 20.0557 17.9752 17.5805 20.0509 18.1935 17.8957 17.1329
threshold=1.0000000180025095e-35 20.958333015441898 0 24.166666984558109 20.791666984558109 20.708333015441898 423.50000000000006 1.6333333253860476 0.013899074401706459 20.541666984558109 20.458333015441898 191.50000000000003 1 19.291666984558109
decision_type=2 2 1 2 2 2 2 2 2 2 2 2 9 2
left_child=-1 4 3 -3 5 7 -6 8 -2 10 13 -11 -13 -9
right_child=1 2 -4 -5 6 -7 -8 9 -10 11 -12 12 -14 -15
leaf_value=-0.029795118220081497 0.035395254371833162 0.0045847687713931875 -0.0080761923861963104 0.079000241119953019 0.009858304630756343 -0.010572776853022934 -0.025082249077471329 -0.00025621551201242753 -0.018633736987545828 0.052773930595467852 -0.0074344141313904873 -0.0042722841409297057 0.011193623563126238 0.0021062497019321124
leaf_weight=63.518342444207519 23.929913838626817 715.8836772814393 1764.5790668993723 11.581376222893594 976.56134501029737 1002.5833830600604 63.6554941595532 46931.330251093023 301.0380111259874 30.955909490585327 1230.8199200406671 396.6143731996417 816.12809567898512 14454.677955947816
leaf_count=8984 593 4738 17984 45 2403 2824 248 130532 14149 42 2796 1093 1512 23896
internal_value=-1.3741e-05 1.3786e-05 -0.00406684 0.00569124 0.000167332 4.68109e-05 0.00772014 0.00021269 -0.0146552 0.000288348 0.000148046 0.00735215 0.00619274 0.000300079
internal_weight=68783.9 68720.3 2492.04 727.465 66228.3 65188.1 1040.22 64185.5 324.968 63860.5 62616.8 1243.7 1212.74 61386
internal_count=211839 202855 22767 4783 180088 177437 2651 174613 14742 159871 157224 2647 2605 154428
cat_boundaries=0 1 2
cat_threshold=16 4352
is_linear=0
shrinkage=0.06


Tree=173
num_leaves=15
num_cat=3
split_feature=5 5 8 0 5 2 0 5 4 7 6 8 0 3
split_gain=15.2574 12.1957 12.2208 19.4268 16.923 16.1063 19.2119 66.0759 19.1884 15.2692 36.6237 31.3888 31.2627 21.7279
threshold=21.458333015441898 7.6250000000000009 3.2500000000000004 0 18.541666984558109 0.05154122784733773 1 19.791666984558109 0.50862327218055736 1.5000000000000002 372.50000000000006 11.683333396911623 2 81.149997711181655
decision_type=2 2 2 9 2 2 9 2 2 2 2 2 9 2
left_child=1 -1 3 4 -3 -5 7 -7 -8 -4 11 -11 -13 -12
right_child=-2 2 9 5 -6 6 8 -9 -10 10 13 12 -14 -15
leaf_value=-0.029795118219949495 -0.029795118555823234 -0.027173317229941495 0.00081084289586481689 0.0063251267142851184 0.0025207729891065763 -0.01371935697200833 0.0025308709596385103 0.0052651824296333239 -0.0071509982507626168 0.0013954002084211473 -0.016513080249237717 -0.020993420333507838 -0.0033210646821186553 0.096621378405079297
leaf_weight=49.376432129414752 61.872323449933901 205.96528364927508 48122.390048044734 828.06747398129664 103.97361399978399 1706.0467270982917 2992.0198044569697 1076.4311574795283 977.73726774263196 7987.0426120888442 641.01608746498823 391.96234683692455 3633.3389800656587 6.1700808852910987
leaf_count=2710 18284 9604 106022 5547 2569 10565 12022 4306 6059 19369 2560 1911 10285 26
internal_value=-1.35475e-05 1.32659e-05 3.46986e-05 -0.00218684 -0.016674 -0.00157043 -0.00254103 -0.00635216 0.000145893 0.000323081 -0.00153104 -0.000781963 -0.00510231 -0.0154345
internal_weight=68783.4 68721.5 68672.2 7890.24 309.939 7580.3 6752.23 2782.48 3969.76 60781.9 12659.5 12012.3 4025.3 647.186
internal_count=211839 193555 190845 50672 12173 38499 32952 14871 18081 140173 34151 31565 12196 2586
cat_boundaries=0 1 2 3
cat_threshold=3584 2097168 256
is_linear=0
shrinkage=0.06


Tree=174
num_leaves=15
num_cat=3
split_feature=2 8 3 0 2 0 5 5 5 8 5 2 0 8
split_gain=15.0876 11.6846 11.8313 26.2661 22.5112 21.3304 16.948 20.3461 15.4479 14.3752 66.3936 69.3605 30.8112 26.8631
threshold=1.0000000180025095e-35 1.0166666507720949 69.299999237060561 0 0.63452148437500011 1 11.041666507720949 11.208333492279055 11.291666507720949 6.1499998569488534 19.521871566772464 0.14213906228542331 2 4.0166666507720956
decision_type=2 2 2 9 2 9 2 2 2 2 2 2 9 2
left_child=-1 -2 3 4 -3 -4 -5 -8 -9 10 11 13 -13 -10
right_child=1 2 5 6 -6 -7 7 8 9 -11 -12 12 -14 -15
leaf_value=-0.029795118045881683 -0.029795118380163015 -0.0048749081111206707 0.017998708647907001 -0.0028642023352003247 0.0047586356885207081 0.0014467808729767893 0.012107087568716413 -0.010308114061451079 0.0014141108218819764 0.001178296159061958 0.0042144166055698559 0.0021483643484124194 -0.010531442438727584 0.02048454000468565
leaf_weight=61.184111278736964 47.309370308881626 6568.162912675878 278.69735021656379 5777.6720508988947 1007.1264650167432 9938.3053439003415 545.26962465979159 475.70164589397609 844.75011930242181 33316.959718851373 4502.0903896468226 827.66543218493462 4204.3540963996202 388.06946244835854
leaf_count=8984 13433 31746 862 22065 5179 19493 1404 1293 3654 62335 15373 2176 23058 784
internal_value=-1.35076e-05 1.30073e-05 3.35419e-05 -0.000295696 -0.0035894 0.00191731 0.000195332 0.000587284 0.000446317 0.000562367 -0.00134355 -0.00533767 -0.00846253 0.00741714
internal_weight=68783.3 68722.1 68674.8 58457.8 7575.29 10217 50882.5 45104.9 44559.6 44083.9 10766.9 6264.84 5032.02 1232.82
internal_count=211839 202855 189422 169067 36925 20355 132142 110077 108673 107380 45045 29672 25234 4438
cat_boundaries=0 1 2 3
cat_threshold=12800 8448 4210688
is_linear=0
shrinkage=0.06


Tree=175
num_leaves=15
num_cat=3
split_feature=5 5 8 0 5 2 0 5 4 8 7 5 1 2
split_gain=14.7043 11.7753 11.6396 18.3108 16.6073 15.1312 18.2027 62.1924 17.8504 14.9115 14.7843 16.8861 16.903 16.0982
threshold=21.458333015441898 7.6250000000000009 3.2500000000000004 0 18.541666984558109 0.05154122784733773 1 20.041666984558109 0.50862327218055736 2.1166666746139531 2.5000000000000004 20.708333015441898 2 0.2777783870697022
decision_type=2 2 2 9 2 2 9 2 2 2 2 2 1 2
left_child=1 -1 3 4 -3 -5 7 9 -8 -7 -4 12 13 -12
right_child=-2 2 10 5 -6 6 8 -9 -10 -11 11 -13 -14 -15
leaf_value=-0.029795118136618576 -0.029795118081766284 -0.027077618859851892 0.00055862934423753089 0.0060784169618905782 0.0025163344231696342 -0.021368855947769307 0.0024044042553054549 0.0071720665518892873 -0.0069590969161831768 -0.0091796546830765022 0.01540951689923661 -0.010490632129334057 -0.0042466153572414279 -0.00051805169511958109
leaf_weight=47.678021930390969 59.630616708891466 198.71210123598576 56919.034301734529 833.76226702821441 103.9878968403209 484.20044818404131 3003.7712493878789 858.59932799451053 969.52090311935171 1423.494546867907 363.01587137579918 896.37195694819093 2004.9106820505112 616.25026430003345
leaf_count=2710 18284 9604 128397 5547 2569 5362 12022 3339 6059 6170 910 3636 5225 2005
internal_value=-1.33441e-05 1.24973e-05 3.31912e-05 -0.00213709 -0.0163703 -0.00154454 -0.00248988 -0.0062155 0.000119321 -0.0122734 0.000314332 -0.00326897 -0.00109977 0.00533188
internal_weight=68782.9 68723.3 68675.6 7876.05 302.7 7573.35 6739.59 2766.29 3973.29 1907.69 60799.6 3880.55 2984.18 979.266
internal_count=211839 193555 190845 50672 12173 38499 32952 14871 18081 11532 140173 11776 8140 2915
cat_boundaries=0 1 2 3
cat_threshold=3584 2097168 1
is_linear=0
shrinkage=0.06


Tree=176
num_leaves=15
num_cat=2
split_feature=2 6 8 8 8 6 5 8 0 6 5 8 4 0
split_gain=14.5465 11.3178 11.4968 13.4124 19.1231 18.949 11.3411 23.3057 34.9465 23.5113 19.9291 19.7995 12.5095 12.1267
threshold=1.0000000180025095e-35 568.50000000000011 51.500000000000007 47.500000000000007 44.500000000000007 261.50000000000006 10.791666507720949 11.949999809265138 0 37.500000000000007 9.4583334922790545 18.166666984558109 0.30628703534603124 1
decision_type=2 2 2 2 2 2 2 2 9 2 2 2 2 9
left_child=-1 2 3 4 6 -6 7 8 -2 12 -11 -9 -10 -8
right_child=1 -3 -4 -5 5 -7 13 11 9 10 -12 -13 -14 -15
leaf_value=-0.029795118255725176 -0.02733649211375748 -0.014830681536871053 0.028369115511026451 -0.020700706180814748 0.14939652105490256 0.015921680878352027 0.0018035062984277711 -0.011877056491415985 0.010376109316991979 0.015999111129609236 -0.0042830617368931657 0.0073651443025458622 0.001614969917296531 -0.00016216151620876266
leaf_weight=58.990520412800834 159.99379461724311 184.43728241906501 51.578088434413075 112.15678246645257 6.0270668920129564 10.499422654509543 14997.803586096503 1246.6750229857862 858.97300048149191 184.73943293886259 3118.0551830832846 227.66254637017846 1850.9976684176363 45713.954080558149
leaf_count=8984 8256 925 177 615 39 37 49244 7916 1031 607 8349 1776 5087 118796
internal_value=-1.31722e-05 1.23919e-05 5.23343e-05 3.10089e-05 6.50153e-05 0.0645988 4.94135e-05 -0.00212815 -0.000509349 0.000249544 -0.00314859 -0.00890574 0.00439197 0.000323694
internal_weight=68782.5 68723.6 68539.1 68487.5 68375.4 16.5265 68358.9 7647.1 6172.76 6012.77 3302.79 1474.34 2709.97 60711.8
internal_count=211839 202855 201930 201753 201138 76 201062 33022 23330 15074 8956 9692 6118 168040
cat_boundaries=0 1 2
cat_threshold=2560 4213776
is_linear=0
shrinkage=0.06


Tree=177
num_leaves=15
num_cat=1
split_feature=5 8 5 4 2 0 6 8 2 2 2 2 6 2
split_gain=14.1723 11.5972 11.1672 11.2607 11.2884 14.739 12.9776 14.7057 11.1419 14.5256 31.7244 21.0191 19.7088 28.9862
threshold=21.458333015441898 1.0166666507720949 7.6250000000000009 0.73557159304618847 0.41920110583305364 0 212.50000000000003 48.500000000000007 0.65518623590469371 0.4999998807907105 0.47064860165119177 0.45787276327610021 434.50000000000006 0.34722022712230688
decision_type=2 2 2 2 2 9 2 2 2 2 2 2 2 2
left_child=1 -1 -3 8 5 -5 7 -6 9 10 11 12 -4 -14
right_child=-2 2 3 4 6 -7 -8 -9 -10 -11 -12 -13 13 -15
leaf_value=-0.029795118128081607 -0.029795117895268213 -0.02979511850607049 0.00065108423154719669 -0.010477562734651901 -0.0029754406156136935 -0.0021586230811436314 0.002393937595400456 0.080502352431893728 0.013180557057326679 -0.0037986215475821271 0.005544462393907169 -0.005164337078151217 -0.015254928151557432 0.0053483657503128829
leaf_weight=46.959377181716263 57.47391298180446 45.157976838527247 44135.55356448004 884.41705776751041 3096.0103764757514 5520.6561198122799 4020.8075950555503 7.6157684922218314 245.7203968744725 2845.5372557342052 4292.7504196278751 2528.2998404484242 665.60340446792543 389.77353423833847
leaf_count=14144 18284 2420 117362 3682 12543 14512 10057 17 1172 5302 6069 3370 2304 601
internal_value=-1.30826e-05 1.18238e-05 3.22047e-05 5.183e-05 -0.00149919 -0.00332704 0.000144103 -0.0027706 0.000432651 0.00037555 0.000603916 0.000159472 0.000457324 -0.00764569
internal_weight=68782.3 68724.9 68677.9 68632.7 13529.5 6405.07 7124.43 3103.63 55103.2 54857.5 52012 47719.2 45190.9 1055.38
internal_count=211839 193555 179411 176991 40811 18194 22617 12560 136180 135008 129706 123637 120267 2905
cat_boundaries=0 1
cat_threshold=4864
is_linear=0
shrinkage=0.06


Tree=178
num_leaves=15
num_cat=2
split_feature=2 7 4 8 8 0 2 8 0 3 5 6 8 8
split_gain=14.0397 11.2505 11.9592 17.3891 16.8871 23.272 35.0315 41.5386 18.2205 17.5086 18.7675 41.6138 15.5021 14.3947
threshold=0.0083173098973929899 3.5000000000000004 0.5604878067970277 2.3166666030883794 16.716666221618656 0 0.2777783870697022 10.949999809265138 1 45.399999618530281 12.791666507720949 109.50000000000001 16.166666984558109 35.500000000000007
decision_type=2 2 2 2 2 9 2 2 9 2 2 2 2 2
left_child=-1 2 4 -4 5 6 7 -2 -6 10 -9 -12 -5 -10
right_child=1 -3 3 12 8 -7 -8 9 13 -11 11 -13 -14 -15
leaf_value=-0.01864480797720152 -0.0059603994040878768 -0.0076931542368388695 -0.012532655609094145 -0.00011149260638073199 0.021927124599588978 0.0008754129432243092 -0.018259898961140299 -0.029795118353785611 0.0076479774868731887 0.028270147562853946 0.33379850920615484 0.040947656796411804 -0.004373990632489908 -0.012604857625817057
leaf_weight=145.2874376794789 377.60042842221446 672.97186664235778 445.93869129661471 26921.10492336005 255.61012176051736 35008.237692352151 572.16077497601509 2.4789942204952222 645.77993889991194 103.33199922740459 2.9703490436077118 4.2407156825065613 3467.1947385128587 157.06568178068846
leaf_count=9564 5514 4132 7692 73697 826 82320 14324 15 2447 268 13 22 10139 866
internal_value=-1.29257e-05 2.65135e-05 0.000102953 -0.000770435 0.00082826 0.000609067 -0.00809647 0.00359104 0.00829811 0.0355019 0.112619 0.161577 -0.000597828 0.00364045
internal_weight=68782 68636.7 67963.7 30834.2 37129.5 36071 1062.78 490.622 1058.46 113.022 9.69006 7.21106 30388.3 802.846
internal_count=211839 202275 198143 91528 106615 102476 20156 5832 4139 318 50 35 83836 3313
cat_boundaries=0 1 2
cat_threshold=2560 3072
is_linear=0
shrinkage=0.06


Tree=179
num_leaves=15
num_cat=3
split_feature=2 5 1 3 8 0 2 5 8 4 5 0 2 8
split_gain=13.7248 11.0574 12.4794 11.3962 16.8045 28.3346 38.5901 57.9938 37.1307 21.9534 18.3117 20.8454 28.8082 24.0158
threshold=1.0000000180025095e-35 21.208333015441898 0 45.250000000000007 7.0166666507720956 1 0.11493354663252832 19.521871566772464 5.1333332061767587 0.54261502623558056 10.791666507720949 2 0.24893803149461749 32.166666030883796
decision_type=2 2 1 2 2 9 2 2 2 2 2 9 2 2
left_child=-1 3 -3 -2 5 -5 -7 8 -8 -9 -6 12 13 -12
right_child=1 2 -4 4 10 6 7 9 -10 -11 11 -13 -14 -15
leaf_value=-0.029795118355322541 -0.00056948550905396966 0.0042205506864588325 -0.010236702902117922 0.0027626718909225792 -0.0026864334929847795 0.0032021026793290865 -0.012799198771011402 0.0030442080195290438 -0.0028014943955124824 0.027535752360637704 0.01614003838571685 0.0019784887112500446 0.0018808620975303612 -0.0099914077397777294
leaf_weight=55.658966379007325 38633.825680890819 298.44465252291411 739.03569453116506 6906.2541486069094 1891.4971523173153 3234.4541950675193 2640.6338336337358 1468.9704523717519 2709.5287459474057 144.73877520626411 1383.2542367130518 7109.618214301765 1426.1279194019735 139.36782076954842
leaf_count=8984 108300 3731 13966 20885 5741 9553 15792 3644 6051 305 1812 9721 3015 339
internal_value=-1.26816e-05 1.14383e-05 -0.00613587 0.00010566 0.0010034 -0.000202694 -0.00221136 -0.00472889 -0.00773598 0.00524093 0.00272977 0.00374829 0.00798163 0.0137482
internal_weight=68781.4 68725.8 1037.48 67688.3 29054.4 17104.6 10198.3 6963.87 5350.16 1613.71 11949.9 10058.4 2948.75 1522.62
internal_count=211839 202855 17697 185158 76858 56230 35345 25792 21843 3949 20628 14887 5166 2151
cat_boundaries=0 1 2 3
cat_threshold=16 4223232 3600
is_linear=0
shrinkage=0.06


Tree=180
num_leaves=15
num_cat=2
split_feature=5 8 5 7 5 1 2 8 2 5 0 8 2 5
split_gain=13.5191 11.1652 10.7534 10.6453 16.9422 16.3664 16.7543 12.7208 22.226 26.3435 64.4172 25.0613 23.8536 18.7099
threshold=21.458333015441898 1.0166666507720949 7.6250000000000009 2.5000000000000004 20.708333015441898 0 0.2777783870697022 3.6333333253860478 0.039975097402930267 20.041666984558109 1 2.3166666030883794 0.11860045790672304 19.521871566772464
decision_type=2 2 2 2 2 1 2 2 2 2 9 2 2 2
left_child=1 -1 -3 7 5 6 -5 8 -4 10 -10 -12 -13 -14
right_child=-2 2 3 4 -6 -7 -8 -9 9 -11 11 12 13 -15
leaf_value=-0.029795118040475535 -0.029795118300436813 -0.029795118358741803 0.008959026907297751 0.01357908981566573 -0.0096208764595045668 -0.0037010472073598787 -0.0010675591525645257 0.00056842249583634351 0.0013835384549931412 0.0047122252490785915 -0.020369860734957081 0.0001027595587437291 -0.016391579758225687 0.00087007489472151463
leaf_weight=45.213295755442232 54.825092288665473 43.48972877021879 618.51447960361838 483.46703921165317 1009.4059638511389 2305.3899970129132 671.89836430177093 56049.787323241122 3190.2004519067705 1350.8428989388049 754.99263679748401 859.5258863158524 1055.9898057058454 287.62251584976912
leaf_count=14144 18284 2420 2090 1426 4312 6492 2286 125616 8396 4843 9765 2445 8320 1000
internal_value=-1.25755e-05 1.11829e-05 3.08046e-05 4.97027e-05 -0.00278133 -0.000786423 0.00501795 0.000246924 -0.00197291 -0.00287455 -0.00454144 -0.0108991 -0.007703 -0.0126964
internal_weight=68781.2 68726.3 68681.1 68637.6 4470.16 3460.76 1155.37 64167.5 8117.69 7499.17 6148.33 2958.13 2203.14 1343.61
internal_count=211839 193555 179411 176991 14516 10204 3712 162475 36859 34769 29926 21530 11765 9320
cat_boundaries=0 1 2
cat_threshold=1 4222976
is_linear=0
shrinkage=0.06


Tree=181
num_leaves=15
num_cat=2
split_feature=2 6 8 7 3 0 0 2 3 6 5 2 2 2
split_gain=13.2321 10.5592 10.5724 10.4719 10.6806 23.1786 21.0118 20.2797 19.5277 17.4755 16.2324 15.4435 35.351 28.9015
threshold=1.0000000180025095e-35 568.50000000000011 1.0166666507720949 3.5000000000000004 69.299999237060561 0 1 0.63452148437500011 81.000000000000014 26.500000000000004 11.291666507720949 0.4999998807907105 0.47064860165119177 0.45787276327610021
decision_type=2 2 2 2 2 9 9 2 2 2 2 2 2 2
left_child=-1 2 -2 4 5 7 8 -4 10 -8 -6 12 13 -7
right_child=1 -3 3 -5 6 11 9 -9 -10 -11 -12 -13 -14 -15
leaf_value=-0.029795118336339483 -0.029795118320116016 -0.014489286120487029 -0.0045402473492512667 -0.0074124944433250914 -0.0010260073937018676 0.00052838939625974516 0.010030564432415802 0.0047093146048549162 0.083033583344860384 -0.0010580710901495595 0.0079425379307066554 -0.0027326224147749723 0.0055849464926269491 -0.00567398544130783
leaf_weight=53.661792055005208 42.706134589854628 180.32342128967866 6416.9799460370559 667.2140010795556 1015.6726851761341 37346.866788003361 560.14105569571257 984.22136555006728 11.69915099442005 5910.8369418843649 2551.8277999325655 5435.8622764751781 4687.0462580509484 2915.7834588699043
leaf_count=8984 13419 925 31079 3741 1533 100453 565 4809 22 12405 4695 17445 7355 4409
internal_value=-1.24359e-05 1.08183e-05 4.89631e-05 6.75682e-05 0.000141139 -0.000172831 0.00194641 -0.00330576 0.00562725 -9.80646e-05 0.00538918 0.000287968 0.000653319 7.92192e-05
internal_weight=68780.8 68727.2 68546.9 68504.2 67836.9 57786.8 10050.2 7401.2 3579.2 6470.98 3567.5 50385.6 44949.7 40262.7
internal_count=211839 202855 201930 188511 184770 165550 19220 35888 6250 12970 6228 129662 112217 104862
cat_boundaries=0 1 2
cat_threshold=12800 4206848
is_linear=0
shrinkage=0.06


Tree=182
num_leaves=15
num_cat=4
split_feature=5 8 0 5 2 5 0 0 1 2 5 8 2 7
split_gain=13.0132 10.6527 16.6362 16.5492 13.9563 17.1421 50.8691 19.4546 19.054 16.3165 14.1468 14.3502 16.7752 13.4303
threshold=21.458333015441898 3.3166666030883794 0 18.541666984558109 0.05154122784733773 20.291666984558109 1 2 3 0.30217660963535314 19.791666984558109 2.1166666746139531 0.097232408821582808 1.5000000000000002
decision_type=2 2 9 2 2 2 9 9 1 2 2 2 2 2
left_child=1 2 3 -1 -4 6 9 8 -7 -6 11 -8 -13 -3
right_child=-2 13 4 -5 5 7 10 -9 -10 -11 -12 12 -14 -15
leaf_value=-0.026942217019290452 -0.029795118102552531 0.00073596750392983311 0.0057430370100124218 0.002993273516367855 0.0045995041904959427 0.02144993495675019 -0.023268185884611447 -0.011084367107746074 0.0023109220713707452 -0.0037363718838038708 -0.0022193643082998649 -0.0011046160551045744 -0.015288921692768425 -0.0014629755791947167
leaf_weight=189.28099886560813 52.773982511600479 48208.374025592115 848.38393331412226 102.47529120510444 1901.460043003317 272.25068055023439 404.47792000416666 220.7738028280437 583.46936156484298 1521.9458176754415 535.90556520130485 460.29169951379299 862.80369939282537 12615.77721230872
leaf_count=10161 18284 107932 5592 2569 8726 1275 5282 858 3340 4736 2562 1435 4833 34254
internal_value=-1.22631e-05 1.06063e-05 -0.00206165 -0.0158834 -0.00150902 -0.00242093 -0.00373516 0.00452185 0.00857751 0.000891016 -0.0106887 -0.0133779 -0.0103543 0.000279876
internal_weight=68780.4 68727.7 7903.52 291.756 7611.76 6763.38 5686.88 1076.49 855.72 3423.41 2263.48 1727.57 1323.1 60824.2
internal_count=211839 193555 51369 12730 38639 33047 27574 5473 4615 13462 14112 11550 6268 142186
cat_boundaries=0 1 2 3 4
cat_threshold=3584 4222976 2097424 16
is_linear=0
shrinkage=0.06


Tree=183
num_leaves=15
num_cat=1
split_feature=2 8 5 7 5 6 8 5 0 8 5 5 5 5
split_gain=12.8053 10.344 12.64 26.7471 19.0688 16.4303 17.8856 16.1501 25.3344 27.8055 22.3127 25.86 21.5154 22.5785
threshold=0.0083173098973929899 2.3166666030883794 20.708333015441898 1.5000000000000002 20.791666984558109 323.50000000000006 10.949999809265138 19.291666984558109 0 16.166666984558109 19.208333015441898 19.041666984558109 19.458333015441898 19.521871566772464
decision_type=2 2 2 2 2 2 2 2 9 2 2 2 2 2
left_child=-1 -2 7 4 -4 6 -5 10 -9 12 11 -3 -10 -14
right_child=1 2 3 5 -6 -7 -8 8 9 -11 -12 -13 13 -15
leaf_value=-0.018176572661596578 -0.0031901760542585155 -0.00025651260709350153 -0.0090680764321524974 0.00095455970106530889 0.0057070238758597219 -0.014263113507461882 -0.012503105350694205 0.021253734721299603 0.007745422205754267 -0.0061847809476002144 -0.0062226218250160843 0.0059151776387621757 -0.0051164033751483025 0.0025110250241436698
leaf_weight=139.4322548477212 3422.9730477989651 40017.257901910692 403.2413355410099 1035.9132873811759 1428.2518431285862 790.36802990129218 541.2903672864195 233.25622387230396 2378.2289454117417 1451.0593222677708 2094.5596546754241 2603.1148170903325 1608.5116395354271 10632.466929316521
leaf_count=9564 34114 113711 790 4980 8768 5293 3635 641 2267 2748 2619 2511 2145 18053
internal_value=-1.20386e-05 2.48597e-05 0.000193602 -0.00299058 0.00245398 -0.00720235 -0.00366406 0.000412726 0.00202929 0.00173595 -0.00017669 0.000120434 0.00252332 0.00150875
internal_weight=68779.9 68640.5 65217.5 4199.06 1831.49 2367.57 1577.2 61018.5 16303.5 16070.3 44714.9 42620.4 14619.2 12241
internal_count=211839 202275 168161 23466 9558 13908 8615 144695 25854 25213 118841 116222 22465 20198
cat_boundaries=0 1
cat_threshold=3584
is_linear=0
shrinkage=0.06


Tree=184
num_leaves=15
num_cat=3
split_feature=5 5 8 4 5 8 1 8 8 6 0 8 5 0
split_gain=12.5639 10.5306 10.2893 10.1424 11.159 13.3486 11.0743 10.7694 26.8005 20.4334 18.3034 15.3042 12.6558 36.5912
threshold=21.458333015441898 7.6250000000000009 1.0166666507720949 0.74217987060546886 20.208333015441898 3.9500000476837163 0 18.166666984558109 35.500000000000007 240.50000000000003 1 47.500000000000007 16.002066612243656 2
decision_type=2 2 2 2 2 2 1 2 2 2 9 2 2 9
left_child=1 -1 -3 7 5 -5 -6 12 9 -9 11 -10 13 -4
right_child=-2 2 3 4 6 -7 -8 8 10 -11 -12 -13 -14 -15
leaf_value=-0.029795118295783841 -0.029795118075567673 -0.029795118420084376 6.1088776094256076e-05 -0.011327286415514714 0.00024168901634654538 -0.00042024397681810621 -0.010227413703351193 0.018919688576481158 0.031496229010016009 0.00067000004630899854 -0.015958146681324028 -0.0061652974444790084 0.0010182557189221397 -0.0075025011358607653
leaf_weight=42.64764023758471 50.951840444118716 41.619308011722751 19041.246228305623 419.10713183134794 595.58870346844196 11167.503114422783 946.26705284044147 543.16134601272643 67.5462391898036 372.22898397222161 267.3693045899272 91.409918520599604 32523.215445129201 2609.5197699149139
leaf_count=2710 18284 13854 39261 3032 1395 30753 3759 1486 223 725 1573 379 66896 27509
internal_value=-1.18032e-05 1.02766e-05 2.87831e-05 4.68655e-05 -0.00145289 -0.00081477 -0.00624817 0.00040153 0.00571166 0.0114987 -0.00671416 0.00925614 0.000270016 -0.000853971
internal_weight=68779.4 68728.4 68685.8 68644.2 13128.5 11586.6 1541.86 55515.7 1341.72 915.39 426.325 158.956 54174 21650.8
internal_count=211839 193555 190845 176991 38939 33785 5154 138052 4386 2211 2175 602 133666 66770
cat_boundaries=0 1 2 3
cat_threshold=16 6144 6311952
is_linear=0
shrinkage=0.06


Tree=185
num_leaves=15
num_cat=2
split_feature=2 6 8 8 8 6 8 8 8 2 0 5 0 8
split_gain=12.4266 10.0257 10.772 12.7102 16.351 14.2235 10.763 16.1503 18.5001 23.1577 20.3206 15.7299 35.2062 22.558
threshold=1.0000000180025095e-35 568.50000000000011 51.500000000000007 47.500000000000007 44.500000000000007 261.50000000000006 41.500000000000007 18.166666984558109 16.500000000000004 0.48610912263393408 0 15.541666507720949 1 14.716666698455812
decision_type=2 2 2 2 2 2 2 2 2 2 9 2 9 2
left_child=-1 2 3 4 6 -6 7 8 11 10 -10 12 13 -2
right_child=1 -3 -4 -5 5 -7 -8 -9 9 -11 -12 -13 -14 -15
leaf_value=-0.029795118389435531 -0.016318200442464025 -0.014235793372718034 0.027173043937283436 -0.020441619785357454 0.12394997969218809 0.014391826884882443 -0.018542794867426948 0.0062529950240270615 -0.0088801561999027872 0.0012957382388472214 0.028041861428092608 0.00088934794844303881 -0.00060733064227083905 0.014183812215031805
leaf_weight=50.395251092151739 783.56195001909509 177.38558808784001 52.660993190482259 109.05010659177788 7.0246142121031907 10.862936809659002 111.97687447303906 1489.6757415812463 2201.7157623136882 1665.441415876383 45.984098538756371 40557.264126467751 21418.069837152492 98.228855569846928
leaf_count=8984 12717 925 177 615 39 37 706 4881 6875 3090 133 108117 63106 1437
internal_value=-1.17669e-05 1.00716e-05 4.69346e-05 2.60804e-05 5.87169e-05 0.0574164 4.37109e-05 7.42011e-05 -6.36507e-05 -0.00406643 -0.00803954 0.00018554 -0.00109449 -0.0127755
internal_weight=68779.3 68728.9 68551.5 68498.9 68389.8 17.8876 68371.9 68259.9 66770.3 3913.14 2247.7 62857.1 22299.9 881.791
internal_count=211839 202855 201930 201753 201138 76 201062 200356 195475 10098 7008 185377 77260 14154
cat_boundaries=0 1 2
cat_threshold=2101760 1792
is_linear=0
shrinkage=0.06


Tree=186
num_leaves=15
num_cat=1
split_feature=5 5 8 4 7 8 5 6 8 8 0 8 2 4
split_gain=12.1203 10.2098 9.95814 9.78542 17.0225 18.2783 19.3026 16.8612 15.4472 14.4796 21.1054 32.8778 29.6587 25.8071
threshold=21.458333015441898 7.6250000000000009 1.0166666507720949 0.56330129504203807 1.5000000000000002 3.2500000000000004 20.125000000000004 372.50000000000006 49.500000000000007 16.716666221618656 0 14.716666698455812 0.27307273447513586 0.51298922300338756
decision_type=2 2 2 2 2 2 2 2 2 2 9 2 2 2
left_child=1 -1 -3 9 5 6 -5 -6 -7 10 11 12 -4 -13
right_child=-2 2 3 4 7 8 -8 -9 -10 -11 -12 13 -14 -15
leaf_value=-0.029795118222431565 -0.029795118364497785 -0.029795118196821881 0.0005802264121408748 -0.01458374308868976 -0.0031504346994933523 0.00014097155089222703 0.0044700082646358013 -0.019016872032268407 0.044532795489707289 0.0073377986361353046 0.00071074936294454757 0.10311401191191169 -0.020171749004304008 0.013477888354949241
leaf_weight=41.350723669631407 49.153022891958244 40.283580832649022 452.34054631413892 607.44014931470156 4809.7399929184467 23549.769023662433 279.46781289950013 253.84463886544108 28.253181174397469 1137.5352008612826 36900.340172000229 13.994523908942936 548.6643894482404 66.554192502051592
leaf_count=2710 18284 13854 4822 5908 17192 56333 1089 1288 88 4291 72662 40 12275 1003
internal_value=-1.15214e-05 9.7788e-06 2.77215e-05 4.5222e-05 -0.000779301 -0.000123912 -0.00857984 -0.00394584 0.000194166 0.000667596 0.000467828 -0.00775502 -0.0107942 0.0290513
internal_weight=68778.7 68729.6 68688.2 68647.9 29528.5 24464.9 886.908 5063.58 23578 39119.4 37981.9 1081.55 1001 80.5487
internal_count=211839 193555 190845 176991 81898 63418 6997 18480 56421 95093 90802 18140 17097 1043
cat_boundaries=0 1
cat_threshold=2560
is_linear=0
shrinkage=0.06


Tree=187
num_leaves=15
num_cat=2
split_feature=2 5 1 5 5 6 5 5 8 2 0 6 6 5
split_gain=11.9632 9.93812 23.9072 15.9385 29.0333 19.0528 16.6765 19.2523 19.0417 17.6903 16.2999 30.2959 15.3652 14.7894
threshold=1.0000000180025095e-35 20.958333015441898 0 20.791666984558109 20.708333015441898 238.50000000000003 20.541666984558109 20.458333015441898 1.6333333253860476 0.013899074401706459 1 185.50000000000003 423.50000000000006 19.291666984558109
decision_type=2 2 1 2 2 2 2 2 2 2 9 2 2 2
left_child=-1 3 -3 4 6 -5 7 8 9 -2 -8 -12 -7 -10
right_child=1 2 -4 5 -6 12 10 -9 13 -11 11 -13 -14 -15
leaf_value=-0.029795118205820568 0.033010900202382808 0.0052927060953564149 -0.0075737646055811245 0.028523389984277631 -0.010200013830734154 0.0064552247155653837 -0.0062050468793721269 -0.0073671190620402038 -0.00024822772442509262 -0.020010380123694611 0.12626028107942763 0.0095683728374314301 -0.024836977717044229 0.001942484403992824
leaf_weight=48.51606396457646 24.838383783586323 735.84137659380212 1724.4555948481429 135.0857598700095 983.51096608652733 850.91608719271608 264.60498471325263 1235.1525342417881 46918.642762306612 257.54394148988649 8.0740559399127942 1001.4355645449832 60.506555813597515 14529.263757806271
leaf_count=8984 584 4783 17984 284 2824 2119 615 3092 130532 13563 13 2318 248 23896
internal_value=-1.1373e-05 9.65123e-06 -0.00373485 0.000148668 3.08021e-05 0.0074946 0.000187436 4.99199e-05 0.000198326 -0.0153466 0.00698336 0.0103987 0.00437783 0.000269763
internal_weight=68778.4 68729.9 2460.3 66269.6 65223.1 1046.51 64239.6 62965.4 61730.3 282.382 1274.11 1009.51 911.423 61447.9
internal_count=211839 202855 22767 180088 177437 2651 174613 171667 168575 14147 2946 2331 2367 154428
cat_boundaries=0 1 2
cat_threshold=16 4096
is_linear=0
shrinkage=0.06


Tree=188
num_leaves=15
num_cat=4
split_feature=5 5 8 3 0 0 5 8 2 0 8 0 8 2
split_gain=11.6482 9.89377 9.50992 9.47646 25.4362 22.7265 18.0083 33.1912 48.2464 30.1886 29.3938 23.7374 27.8243 25.3303
threshold=21.458333015441898 7.6250000000000009 1.0166666507720949 65.750000000000014 0 1 18.541666984558109 7.0166666507720956 0.1944462135434151 2 4.3166668415069589 3 15.700000286102297 0.48610912263393408
decision_type=2 2 2 2 9 9 2 2 2 9 2 9 2 2
left_child=1 -1 -3 5 -5 -4 7 8 -7 -10 -11 -8 -13 -14
right_child=-2 2 3 4 -6 6 11 -9 9 10 -12 12 13 -15
leaf_value=-0.029795118349946744 -0.029795118226206681 -0.029795118435443347 -0.0038726095788158793 0.018038934366908056 0.0010879414736148865 0.0030312502088474602 0.012882761721631277 0.00030311039694047825 -0.00011442745649927493 -0.02230413835138496 -0.0081636429949867809 0.001709210883146505 -0.0099961767541474015 0.0024384520759541946
leaf_weight=40.073073571315035 47.239162377431057 38.474329186836258 5716.2185988035053 317.33900430239737 12284.635126893409 2107.2693442264572 611.35118374414742 19461.078822663985 1326.1532453596592 651.18316933931783 2825.3274148721248 20891.985909160227 1478.866932824254 980.96486300230026
leaf_count=2710 18284 13854 15645 1012 22410 9120 3225 53063 4248 11407 15670 37406 2792 993
internal_value=-1.12742e-05 9.19646e-06 2.65838e-05 4.32965e-05 0.00152997 -0.000290957 0.00011654 -0.00096528 -0.00453757 -0.00785854 -0.0107813 0.00130711 0.000998117 -0.00503733
internal_weight=68778.2 68730.9 68690.8 68652.4 12602 56050.4 50334.2 26371 6909.93 4802.66 3476.51 23963.2 23351.8 2459.83
internal_count=211839 193555 190845 176991 23422 153569 137924 93508 40445 31325 27077 44416 41191 3785
cat_boundaries=0 1 2 3 4
cat_threshold=8448 12288 4210688 3584
is_linear=0
shrinkage=0.06


Tree=189
num_leaves=15
num_cat=2
split_feature=2 7 4 8 8 0 5 8 3 6 0 7 6 8
split_gain=11.5161 9.67871 9.75816 14.9824 13.7328 18.5214 32.1535 47.0721 21.1221 21.6944 14.6365 13.485 15.38 13.335
threshold=1.0000000180025095e-35 3.5000000000000004 0.5604878067970277 2.3166666030883794 16.716666221618656 0 12.541666507720949 10.949999809265138 45.149999618530281 127.50000000000001 1 1.5000000000000002 359.50000000000006 49.500000000000007
decision_type=2 2 2 2 2 9 2 2 2 2 9 2 2 2
left_child=-1 2 4 -4 5 6 -2 -8 9 -9 -6 13 -13 -5
right_child=1 -3 3 11 10 -7 7 8 -10 -11 -12 12 -14 -15
leaf_value=-0.02979511813668621 -0.022234327813387217 -0.0072142465391431551 -0.011847119459599841 -3.899825142082144e-05 0.019214291190193262 0.00076530894948603702 -0.0078697093789314998 0.19729036087349502 0.023539323124005414 0.041977961243615511 0.0031821643268651009 -0.0025310111418501533 -0.01614399619650193 0.039900046975302472
leaf_weight=46.703155463328585 349.1698403689079 661.35622053523548 428.90575705165975 25300.476003316464 270.31252191169187 35185.448803718202 539.10055294353515 5.2843536809086791 125.99738263338804 8.359680347144602 814.14162035891786 4693.2033984414302 319.09464751789346 30.13121484592557
leaf_count=8984 11568 4149 7701 65501 827 82850 8194 17 356 29 3322 16645 1594 102
internal_value=-1.10684e-05 9.17001e-06 7.93518e-05 -0.000711552 0.000731871 0.000532639 -0.00736744 0.000172087 0.0312183 0.102131 0.00738488 -0.000554148 -0.00339765 8.50996e-06
internal_weight=68777.7 68731 68069.6 30771.8 37297.8 36213.4 1027.91 678.742 139.641 13.644 1084.45 30342.9 5012.3 25330.6
internal_count=211839 202855 198706 91543 107163 103014 20164 8596 402 46 4149 83842 18239 65603
cat_boundaries=0 1 2
cat_threshold=2560 3072
is_linear=0
shrinkage=0.06


Tree=190
num_leaves=15
num_cat=3
split_feature=5 5 5 5 4 1 6 2 0 6 2 8 5 0
split_gain=11.2241 9.55387 19.4095 20.7272 15.8417 13.6627 13.5443 29.9929 31.7297 23.8225 22.0796 21.4553 30.307 33.1217
threshold=21.458333015441898 11.041666507720949 11.208333492279055 11.291666507720949 0.20942982286214831 0 289.50000000000006 0.38426627218723303 1 438.50000000000006 0.069445088505744948 2.9500000476837163 20.458333015441898 2
decision_type=2 2 2 2 2 1 2 2 9 2 2 2 2 9
left_child=1 4 -3 -4 5 -1 10 9 -9 -8 -5 12 13 -12
right_child=-2 2 3 6 -6 -7 7 8 -10 -11 11 -13 -14 -15
leaf_value=-0.0080446124289462566 -0.029795118120656185 0.0084484438542222259 -0.0087797164518617701 0.0082356462397960295 -0.0028668329341435574 0.0062814612089648388 -0.0024884468757944453 0.0036807090526566823 -0.0048283294007744806 -0.013238033579368785 0.00023850408084353763 0.00098830856500467783 0.014031403148151907 -0.015248934160962803
leaf_weight=285.07135434285738 45.518914844258688 1031.8599469580222 921.60979469842277 1426.3715376734035 7863.5530426080804 1304.3139390703291 8538.5727490984136 6220.1059657530859 2103.7660747438204 812.82424882182386 992.80781130841933 35971.628734407946 264.49737814953551 994.65876053529792
leaf_count=459 18284 2847 2504 6335 37042 2304 22994 8775 4408 2773 5762 83003 1746 12603
internal_value=-1.08411e-05 8.88411e-06 0.00029137 0.000146865 -0.00176256 0.00370085 0.000290376 -0.00109094 0.00152877 -0.0034228 0.000906145 0.000632634 -0.00504872 -0.00758795
internal_weight=68777.2 68731.6 59278.7 58246.8 9452.94 1589.39 57325.2 17675.3 8323.87 9351.4 39650 38223.6 2251.96 1987.47
internal_count=211839 193555 153750 150903 39805 2763 148399 38950 13183 25767 109449 103114 20111 18365
cat_boundaries=0 1 2 3
cat_threshold=16 2098944 4222976
is_linear=0
shrinkage=0.06


Tree=191
num_leaves=15
num_cat=1
split_feature=2 5 5 7 2 6 2 2 2 0 2 2 2 7
split_gain=11.2025 9.18823 10.9294 12.876 10.6604 24.755 23.3502 25.2078 21.6336 26.9719 22.0641 20.7369 36.1917 22.8284
threshold=0.0083173098973929899 21.208333015441898 21.291666984558109 1.0000000180025095e-35 0.24893803149461749 423.50000000000006 0.34550170600414282 0.32411664724349981 0.30508534610271459 0 0.28282913565635687 0.36869816482067114 0.38270519673824316 1.0000000180025095e-35
decision_type=2 2 2 2 2 2 2 2 2 9 2 2 2 2
left_child=-1 4 -3 -4 5 -2 7 8 10 -10 -6 -8 -13 -14
right_child=1 2 3 -5 6 -7 11 -9 9 -11 -12 12 13 -15
leaf_value=-0.017493701024971491 0.0016464158583355676 -0.012120482167160589 0.025163014936682035 -0.0031964856757155657 -0.0004667663436610809 -0.012752001272434851 0.0048402546963125749 -0.0070444089463110099 0.0070007839316215403 -0.0066835368802477613 -0.007380965842196479 -0.0073092393288972943 0.0021910254328298051 -0.0011688210771471049
leaf_weight=131.69214251986705 18560.353893358726 487.47821354144253 65.831930339569226 462.880937326001 5273.6683044210076 440.06035102694295 3502.25765327923 3284.7327606829349 2047.2929763314314 685.66642577666789 2425.7887999981176 2278.7634910293855 14836.736952224979 14293.919947544811
leaf_count=9564 53819 2828 2281 12528 15162 1445 10461 11216 4690 4213 8449 6865 34924 33394
internal_value=-1.08258e-05 2.27141e-05 -0.00564021 0.000334657 0.000107805 0.00131294 -0.00036307 -0.00246058 -0.00101732 0.00356871 -0.00264515 0.000461061 -2.72337e-05 0.000542406
internal_weight=68777.1 68645.4 1016.19 528.713 67629.2 19000.4 48628.8 13717.1 10432.4 2732.96 7699.46 34911.7 31409.4 29130.7
internal_count=211839 202275 17637 14809 184638 55264 129374 43730 32514 8903 23611 85644 75183 68318
cat_boundaries=0 1
cat_threshold=6291472
is_linear=0
shrinkage=0.06


Tree=192
num_leaves=15
num_cat=2
split_feature=2 5 7 4 5 2 6 5 8 0 2 0 6 8
split_gain=10.9493 9.16442 9.1213 9.41609 14.607 30.9462 19.6152 20.9507 18.8663 43.284 31.4402 44.9848 41.9518 33.9196
threshold=1.0000000180025095e-35 7.6250000000000009 3.5000000000000004 0.56330129504203807 19.291666984558109 0.17983373999595645 318.50000000000006 19.958333015441898 9.4499998092651385 0 0.1388906612992287 1 26.500000000000004 5.1333332061767587
decision_type=2 2 2 2 2 2 2 2 2 9 2 9 2 2
left_child=-1 -2 3 4 8 -6 -7 -8 9 -3 -11 -12 -13 -14
right_child=1 2 -4 -5 5 6 7 -9 -10 10 11 12 13 -15
leaf_value=-0.029795118410482262 -0.029795118347421864 -0.016370525460233518 -0.0070183301123543981 -0.00071803252715756517 -0.0029267765686545729 0.0065730339242292754 0.0066338184577956561 -0.0042371787010912479 0.0021440106224022361 0.003518161723221063 0.0026683482024561903 0.0094453823062450783 -0.012532027263071155 -0.0035758616495672538
leaf_weight=44.404838462360203 37.122259128256701 637.91173328412697 655.6675130862277 29344.550155315781 2724.1725969852414 5334.1175798710901 1085.8949947173242 1548.0121129674371 9594.6261068172753 4883.6379993783776 4542.130985527765 687.45300520211458 2096.1483691278845 5561.0272329002619
leaf_count=8984 2417 15094 4149 87309 14715 9141 1289 4434 18846 15608 10204 1011 9462 9176
internal_value=-1.07187e-05 8.52363e-06 2.46292e-05 9.2499e-05 0.000707168 0.00259373 0.00448113 0.000244666 -1.31691e-05 -0.00113752 -0.000581151 -0.0021351 -0.00474721 -0.00602761
internal_weight=68776.9 68732.5 68695.4 68039.7 38695.1 10692.2 7968.02 2633.91 28002.9 18408.3 17770.4 12886.8 8344.63 7657.18
internal_count=211839 202855 200438 196289 108980 29579 14864 5723 79401 60555 45461 29853 19649 18638
cat_boundaries=0 1 2
cat_threshold=3584 4214784
is_linear=0
shrinkage=0.06


Tree=193
num_leaves=15
num_cat=3
split_feature=5 5 5 5 4 7 0 1 6 2 0 6 2 5
split_gain=10.7854 9.33151 17.819 19.7229 14.7669 12.8841 21.6894 12.6175 12.5968 27.3742 29.3906 22.2599 20.0883 20.6698
threshold=21.458333015441898 11.041666507720949 11.208333492279055 11.291666507720949 0.21103239059448245 1.0000000180025095e-35 0 1 289.50000000000006 0.38426627218723303 2 438.50000000000006 0.069445088505744948 19.791666984558109
decision_type=2 2 2 2 2 2 9 1 2 2 9 2 2 2
left_child=1 4 -3 -4 7 6 -6 -1 12 11 -11 -10 -5 -14
right_child=-2 2 3 8 5 -7 -8 -9 9 10 -12 -13 13 -15
leaf_value=-0.0079491880352921575 -0.02979511794352098 0.0080628151900580657 -0.0085977117535474979 0.0078334674264041188 -0.021227602472845324 -0.0059150198128869839 -0.00010045303407585426 0.0057809842246890116 -0.0023866922914277848 0.0035063785137822608 -0.0046940059500343943 -0.01288117209530203 2.9743494531001954e-05 0.0039233991817906964
leaf_weight=283.78246111469343 43.740568936453201 1042.370683529065 913.69668589765206 1441.6167652313598 171.84398047789 3005.0127401552163 4617.4288759868359 1368.3396099573001 8506.8730666766642 6252.7200535754673 2092.4546886386815 795.6747589840088 32458.691988620209 5782.6385946406517
leaf_count=460 18284 2847 2504 6335 9136 14439 13343 2427 22994 8775 4408 2773 89404 13710
internal_value=-1.07221e-05 8.23214e-06 0.000287293 0.000148138 -0.00174318 -0.00283537 -0.00090305 0.00340945 0.000287523 -0.00104614 0.00144881 -0.00328432 0.000880627 0.00061852
internal_weight=68776.9 68733.1 59286.7 58244.4 9446.41 7794.29 4789.27 1652.12 57330.7 17647.7 8345.17 9302.55 39682.9 38241.3
internal_count=211839 193555 153750 150903 39805 36918 22479 2887 148399 38950 13183 25767 109449 103114
cat_boundaries=0 1 2 3
cat_threshold=2560 16 2098944
is_linear=0
shrinkage=0.06


Tree=194
num_leaves=15
num_cat=1
split_feature=2 8 5 7 5 1 2 5 8 5 2 3 6 8
split_gain=10.5874 9.05457 8.73351 8.71176 15.7624 15.9624 15.3897 10.8793 12.826 16.1193 16.2688 11.4633 10.5833 16.9502
threshold=1.0000000180025095e-35 1.0166666507720949 7.6250000000000009 2.5000000000000004 20.708333015441898 0 0.2777783870697022 11.125000000000002 10.366666316986086 13.541666507720949 0.27166467905044561 65.549999237060561 95.500000000000014 27.166666984558109
decision_type=2 2 2 2 2 1 2 2 2 2 2 2 2 2
left_child=-1 -2 -3 -4 5 6 7 -5 -9 10 12 -11 -10 -14
right_child=1 2 3 4 -6 -7 -8 8 9 11 -12 -13 13 -15
leaf_value=-0.02979511821649462 -0.029795118197972134 -0.029795118335754097 0.00021664513290774344 -0.0075382659369871968 -0.0092091998501589046 -0.0035092621685931078 -0.00076985933919502918 0.0097950594793941963 0.026467127597952861 0.0094785508895403724 0.16779184348316775 0.06446113021358596 0.18346766744514556 0.034707346082278691
leaf_weight=42.938129548449069 36.679027731646784 35.341385860461742 64232.213785166154 76.291111182421446 989.21989673143253 2288.4966170713305 665.00698666088283 277.64462441764772 22.395124450325966 77.914797902107239 4.8586202263832083 16.550627052783966 4.7828316390514356 6.5113791227340698
leaf_count=8984 13433 2252 169914 191 7214 6457 2286 798 43 196 16 30 10 15
internal_value=-1.07046e-05 7.90178e-06 2.38143e-05 3.91626e-05 -0.00253441 -0.000615237 0.0051201 0.0132689 0.0171344 0.0324543 0.0651516 0.0191117 0.0503489 0.0977038
internal_weight=68776.8 68733.9 68697.2 68661.9 4429.67 3440.45 1151.96 486.949 410.658 133.013 38.548 94.4654 33.6893 11.2942
internal_count=211839 202855 189422 187170 17256 10042 3585 1299 1108 310 84 226 68 25
cat_boundaries=0 1
cat_threshold=1
is_linear=0
shrinkage=0.06


Tree=195
num_leaves=15
num_cat=2
split_feature=5 8 0 5 5 5 6 5 5 8 8 2 0 5
split_gain=10.3757 9.16911 10.6293 10.5684 18.2486 16.8744 16.2054 16.1783 15.4468 15.1831 13.4728 13.0092 25.965 13.0815
threshold=21.458333015441898 2.3166666030883794 0 11.041666507720949 11.208333492279055 11.291666507720949 37.500000000000007 9.4583334922790545 10.541666507720949 8.7333331108093279 18.166666984558109 0.074395883828401579 1 19.958333015441898
decision_type=2 2 9 2 2 2 2 2 2 2 2 2 9 2
left_child=1 2 -1 6 -5 -6 9 -8 -9 -3 -11 12 -7 -14
right_child=-2 3 -4 4 5 11 7 8 -10 10 -12 -13 13 -15
leaf_value=-0.019362788279205147 -0.029795118395089241 0.0053352500519736647 -0.0023176601140316587 0.0087462027510147745 -0.0082781833557071388 0.017878180221408847 0.011685351109801677 -0.0081248686949382306 -0.0014705606612876758 -0.0041586174783571324 0.012884918636659881 0.00030426668644096524 0.0047909440119694099 -0.010759697445773552
leaf_weight=127.83605365210678 42.079419025219977 1757.4538169880398 3302.0221950097475 942.93602607771754 808.1076645529829 448.20096067339182 229.98775410931557 2362.0401791590266 2681.5599804185331 1666.1400228696875 185.56685024313629 53241.619538037106 713.0039801504463 267.92157943546772
leaf_count=8791 18284 6229 25854 2055 1928 566 1312 8980 7082 8957 1504 118026 1610 661
internal_value=-1.05448e-05 7.68941e-06 -0.00301617 0.000166505 0.00046936 0.000328684 -0.00175718 -0.00387728 -0.00458693 0.00134065 -0.00245062 0.000455905 0.00610513 0.00053809
internal_weight=68776.5 68734.4 3429.86 65304.5 56421.8 55478.9 8882.75 5273.59 5043.6 3609.16 1851.71 54670.7 1429.13 980.926
internal_count=211839 193555 34645 158910 124846 122791 34064 17374 16062 16690 10461 120863 2837 2271
cat_boundaries=0 1 2
cat_threshold=2560 528
is_linear=0
shrinkage=0.06


Tree=196
num_leaves=15
num_cat=2
split_feature=2 8 3 0 0 2 2 2 2 2 6 2 8 6
split_gain=10.2163 8.71628 8.76156 23.7316 20.8036 18.2103 29.3026 30.6067 28.8053 29.4323 25.0059 17.8757 36.9176 19.7023
threshold=1.0000000180025095e-35 1.0166666507720949 65.750000000000014 0 1 0.4999998807907105 0.47064860165119177 0.452834963798523 0.42425052821636206 0.40277843177318579 389.50000000000006 0.63452148437500011 11.949999809265138 372.50000000000006
decision_type=2 2 2 9 9 2 2 2 2 2 2 2 2 2
left_child=-1 -2 4 -4 5 6 7 8 9 10 -3 13 -13 -6
right_child=1 2 3 -5 11 -7 -8 -9 -10 -11 -12 12 -14 -15
leaf_value=-0.029795118104203891 -0.029795118350309648 0.0011209065550285367 0.017263655145993335 0.0010208626630398535 -0.0028028353995402126 -0.0034270142276800804 0.0052898599716338264 -0.0057332564166877268 0.0052542703071176795 -0.005389292146315971 -0.0071035585352656446 0.011432519503112684 -0.0073953940048558471 -0.014237689081603371
leaf_weight=41.433270264649764 35.31019903824199 23672.383657738101 322.7318154736422 12311.397529456764 9681.2115377553273 4269.0213995054364 4442.5850557014346 2947.9015484829433 4254.8531195030082 3275.119618504541 1410.127832811093 889.2093248963356 648.22226581256837 574.64507353585213
leaf_count=8984 13433 64460 1077 25235 45850 13241 6523 4720 7074 7311 3648 4297 2934 3052
internal_value=-1.0405e-05 7.54918e-06 2.28672e-05 0.00145025 -0.000298788 0.000297926 0.000695517 0.000121543 0.000650768 -3.9953e-05 0.000658531 -0.00253696 0.00349417 -0.00344354
internal_weight=68776.2 68734.7 68699.4 12634.1 56065.3 44272 40003 35560.4 32612.5 28357.6 25082.5 11793.3 1537.43 10255.9
internal_count=211839 202855 189422 26312 163110 106977 93736 87213 82493 75419 68108 56133 7231 48902
cat_boundaries=0 1 2
cat_threshold=8448 6294544
is_linear=0
shrinkage=0.06


Tree=197
num_leaves=15
num_cat=4
split_feature=5 8 0 5 2 5 0 0 1 2 5 8 2 6
split_gain=9.98898 8.94376 13.6356 15.8903 11.7456 16.4728 47.7891 18.0634 16.0089 14.6312 13.7768 13.7879 15.2937 16.1618
threshold=21.458333015441898 3.3166666030883794 0 18.541666984558109 0.05154122784733773 20.291666984558109 1 2 3 0.30217660963535314 19.791666984558109 2.1166666746139531 0.11111100018024446 26.500000000000004
decision_type=2 2 9 2 2 2 9 9 1 2 2 2 2 2
left_child=1 2 3 -1 -4 6 9 8 -7 -6 11 -8 13 -13
right_child=-2 -3 4 -5 5 7 10 -9 -10 -11 -12 12 -14 -15
leaf_value=-0.026621014148720448 -0.029795118213168225 0.0002531784762429207 0.0051796091433117608 0.0034034337336676028 0.004395174964798145 0.019969920741598524 -0.022992509660531815 -0.010694512909852237 0.002551957908196473 -0.0035073168519924387 -0.0019905418639045115 0.093298993716167636 -0.01525456351960059 -0.0031318849067917195
leaf_weight=170.12674496567342 40.511341773439199 60878.192731871037 862.05103592050727 101.20923361601308 1912.8236116215121 280.64482654514723 388.08641809038818 216.06357773649506 579.04709410155192 1508.6845605548006 531.49524075770751 6.3366151452064505 802.99549505487084 497.53905826807022
leaf_count=10161 18284 142186 5592 2569 8726 1275 5282 858 3340 4736 2562 16 4687 1565
internal_value=-1.02554e-05 7.29931e-06 -0.00189781 -0.0148736 -0.00141221 -0.00225945 -0.00355556 0.0045454 0.00840226 0.000907986 -0.0103724 -0.013062 -0.010113 -0.00191919
internal_weight=68775.8 68735.3 7857.1 271.336 7585.77 6723.72 5647.96 1075.76 859.692 3421.51 2226.45 1694.96 1306.87 503.876
internal_count=211839 193555 51369 12730 38639 33047 27574 5473 4615 13462 14112 11550 6268 1581
cat_boundaries=0 1 2 3 4
cat_threshold=3584 4222976 2097424 16
is_linear=0
shrinkage=0.06


Tree=198
num_leaves=15
num_cat=0
split_feature=2 5 8 5 7 5 6 8 3 5 5 5 5 5
split_gain=9.92269 8.56176 8.5847 10.1853 24.0055 17.3819 14.6246 17.0296 14.8004 14.0445 18.3205 16.2064 21.122 21.5259
threshold=0.0083173098973929899 7.6250000000000009 2.3166666030883794 20.708333015441898 1.5000000000000002 20.791666984558109 323.50000000000006 11.366666316986086 81.149997711181655 20.541666984558109 20.458333015441898 19.291666984558109 19.208333015441898 19.041666984558109
decision_type=2 2 2 2 2 2 2 2 2 2 2 2 2 2
left_child=-1 -2 -3 9 5 -5 7 -6 -8 10 11 12 13 -4
right_child=1 2 3 4 6 -7 8 -9 -10 -11 -12 -13 -14 -15
leaf_value=-0.016874088338217463 -0.029795118140156094 -0.0029093164071177444 -0.00021547112830620153 -0.0086834988956873381 0.00068625197745490394 0.0055163581890273327 -0.014566563382026325 -0.012966383832270641 0.058035139879418898 0.0067824464439101718 -0.0072459591081999418 0.0021806192907147088 -0.0060603818546084744 0.0053754735214671034
leaf_weight=125.37700311094522 34.653914231457748 3387.2153334527975 39961.734329123981 395.8957332521677 1092.2737311664969 1435.9637479269877 747.01770126610063 470.623626683373 10.247038116911424 1210.578133918345 1149.7546262815595 14030.763157732785 2080.2421872839332 2643.0604429095984
leaf_count=9564 2417 33771 111637 790 5341 8768 5139 3274 154 2389 2505 20960 2619 2511
internal_value=-1.00791e-05 2.072e-05 3.57783e-05 0.000188713 -0.00268688 0.00244753 -0.00674069 -0.00342486 -0.0135841 0.000384199 0.000254816 0.000401694 -0.000156875 0.000131373
internal_weight=68775.4 68650 68615.4 65228.2 4152.02 1831.86 2320.16 1562.9 757.265 61076.1 59865.6 58715.8 44685 42604.8
internal_count=211839 202275 199858 166087 23466 9558 13908 8615 5293 142621 140232 137727 116767 114148
is_linear=0
shrinkage=0.06


Tree=199
num_leaves=15
num_cat=1
split_feature=2 6 8 8 8 7 8 8 8 2 5 0 8 5
split_gain=9.70287 8.4487 8.95741 12.1694 14.296 12.0816 10.3853 14.3082 17.1484 20.781 14.0292 30.7034 21.7864 21.5192
threshold=1.0000000180025095e-35 568.50000000000011 51.500000000000007 47.500000000000007 44.500000000000007 1.5000000000000002 41.500000000000007 18.166666984558109 16.500000000000004 0.44192463159561163 15.541666507720949 0 12.700000286102297 13.041666507720949
decision_type=2 2 2 2 2 2 2 2 2 2 2 9 2 2
left_child=-1 2 3 4 6 -6 7 8 10 -10 11 12 -2 -14
right_child=1 -3 -4 -5 5 -7 -8 -9 9 -11 -12 -13 13 -15
leaf_value=-0.029795118276036755 -0.017841153658148343 -0.013412735165629953 0.024099005413260183 -0.020231267112601405 0.12910878594080669 0.022421900968424946 -0.018364320857734796 0.0058497635041131306 -0.0094016929733337883 -0.0004164581908097728 0.00083943092907686758 -0.00058736407976790707 -0.0044750753648735526 0.045675259495622865
leaf_weight=39.350845315144397 637.44542237755377 168.4736589489039 55.664695536717772 106.65159378945827 5.2862136438488987 13.78860784228891 110.22853135713376 1506.527651545126 1521.0784664882813 2371.1088204931002 40623.349588713027 21403.421504293685 175.3551535801962 37.365653723478317
leaf_count=8984 11574 925 177 615 17 59 706 4881 5892 4206 108117 63106 2468 112
internal_value=-9.94734e-06 7.10451e-06 4.00778e-05 2.05303e-05 5.21053e-05 0.0519881 3.76188e-05 6.73281e-05 -6.31424e-05 -0.00392791 0.000176093 -0.00103481 -0.0121497 0.00433412
internal_weight=68775.1 68735.7 68567.3 68511.6 68405 19.0748 68385.9 68275.7 66769.1 3892.19 62876.9 22253.6 850.166 212.721
internal_count=211839 202855 201930 201753 201138 76 201062 200356 195475 10098 185377 77260 14154 2580
cat_boundaries=0 1
cat_threshold=1792
is_linear=0
shrinkage=0.06


Tree=200
num_leaves=15
num_cat=1
split_feature=5 5 8 4 5 8 1 2 8 2 2 2 6 2
split_gain=9.60639 8.60188 8.45693 8.51457 10.1273 11.4049 9.79555 8.63917 16.5954 12.2376 24.1133 28.9485 14.8673 25.2385
threshold=21.458333015441898 7.6250000000000009 1.0166666507720949 0.74217987060546886 20.208333015441898 3.9500000476837163 0 0.65518623590469371 11.949999809265138 0.4999998807907105 0.46093830466270452 0.45787276327610021 434.50000000000006 0.34722022712230688
decision_type=2 2 2 2 2 2 1 2 2 2 2 2 2 2
left_child=1 -1 -3 7 5 -5 -6 9 -9 10 11 12 -4 -14
right_child=-2 2 3 4 6 -7 -8 8 -10 -11 -12 -13 13 -15
leaf_value=-0.029795118331206693 -0.029795118336258874 -0.029795118260766491 0.00056106695049849115 -0.010637523392602991 0.00012107210225972977 -0.00037569532837082386 -0.0097605143152427586 0.022419953060144892 -0.0019097105314724023 -0.0034470194541752269 0.0044815246913756249 -0.0071401024139173099 -0.014278647164602259 0.0051496758340457876
leaf_weight=34.848134107887745 38.959433609968983 34.226486307801679 44302.009348457213 404.01731269061565 598.03033204376698 11150.592629172839 923.98158694803715 183.85496326349676 223.77295214310288 2973.8008986525238 4978.8423123918474 1912.1593357268721 623.72429743688554 391.98972151428461
leaf_count=2710 18284 13854 117561 3032 1395 30753 3759 1086 925 6131 7441 2003 2304 601
internal_value=-9.82319e-06 7.0591e-06 2.21761e-05 3.70383e-05 -0.00134052 -0.000734509 -0.00594117 0.000361085 0.00906385 0.000296799 0.000510046 9.13841e-05 0.000396513 -0.00678077
internal_weight=68774.8 68735.9 68701 68666.8 13076.6 11554.6 1522.01 55590.2 407.628 55182.5 52208.7 47229.9 45317.7 1015.71
internal_count=211839 193555 190845 176991 38939 33785 5154 138052 2011 136041 129910 122469 120466 2905
cat_boundaries=0 1
cat_threshold=16
is_linear=0
shrinkage=0.06


Tree=201
num_leaves=15
num_cat=2
split_feature=2 7 4 8 8 2 8 8 0 5 8 1 3 7
split_gain=9.3429 8.33369 8.66779 13.0505 12.7526 12.6845 15.1486 12.5917 15.0186 31.0659 38.6585 14.5578 25.0183 16.4181
threshold=1.0000000180025095e-35 3.5000000000000004 0.5604878067970277 2.3166666030883794 16.166666984558109 0.39646527171134954 21.166666984558109 16.716666221618656 0 11.791666507720949 10.949999809265138 1 57.799999237060554 2.5000000000000004
decision_type=2 2 2 2 2 2 2 2 9 2 2 1 2 2
left_child=-1 2 7 -4 -5 6 -6 8 9 -2 -11 12 13 -12
right_child=1 -3 3 4 5 -7 -8 -9 -10 10 11 -13 -14 -15
leaf_value=-0.029795118003646443 -0.025749234845079245 -0.0067632954641140327 -0.011243662353994859 -9.2122838443203873e-05 -0.014455587022090155 -0.001852908711474162 0.0047432382563904491 0.0070240297840286894 0.00069998378290404709 -0.0087775335129486928 0.022239347907999151 -0.00048680934178261539 0.11646387705216529 0.13737766222612086
leaf_weight=37.891174448886886 237.27821810729802 648.40721279371064 414.95395443227608 26903.549265582347 676.6830026442185 2548.8320793381426 189.35469546727836 1095.0823741212953 35260.842858662596 568.09572477638721 100.31812369823456 75.912537880241871 12.717166528105734 4.6658313423395148
leaf_count=8984 10439 4149 7701 73699 2663 6667 813 4149 82850 9014 428 236 33 14
internal_value=-9.72552e-06 6.69371e-06 7.11646e-05 -0.000675178 -0.000530532 -0.00398447 -0.0102579 0.00068521 0.000493771 -0.00672452 -0.000886455 0.0222673 0.034088 0.0273565
internal_weight=68774.6 68736.7 68088.3 30733.4 30318.4 3414.87 866.038 37354.9 36259.8 998.988 761.709 193.614 117.701 104.984
internal_count=211839 202855 198706 91543 83842 10143 3476 107163 103014 20164 9725 711 475 442
cat_boundaries=0 1 2
cat_threshold=2560 7
is_linear=0
shrinkage=0.06


Tree=202
num_leaves=15
num_cat=4
split_feature=5 5 8 3 0 0 5 8 2 0 8 0 8 2
split_gain=9.26738 8.29046 8.16438 7.87445 21.5612 20.1117 15.8854 29.717 44.0669 28.4892 27.6138 21.9298 24.5513 22.6574
threshold=21.458333015441898 7.6250000000000009 1.0166666507720949 65.750000000000014 0 1 18.541666984558109 7.0166666507720956 0.1944462135434151 2 4.3166668415069589 3 15.700000286102297 0.48610912263393408
decision_type=2 2 2 2 9 9 2 2 2 9 2 9 2 2
left_child=1 -1 -3 5 -5 -4 7 8 -7 -10 -11 -8 -13 -14
right_child=-2 2 3 4 -6 6 11 -9 9 10 -12 12 13 -15
leaf_value=-0.029795118043766812 -0.029795118223722553 -0.029795118196853581 -0.0036547845529266904 0.016301275290580834 0.00097424618489929261 0.0028903857165248881 0.012271951373853019 0.00028930395249032184 -6.6523749650988578e-06 -0.02190913689360174 -0.0078974102257672145 0.0015915752912537967 -0.0095565857854614036 0.0022332105520163586
leaf_weight=33.588010918814689 37.584824907360598 33.045144383795559 5668.5025385422632 329.67844487261027 12330.064807042014 2116.3510272689164 620.37315021082759 19470.009986134712 1321.3190219178796 618.56600996525958 2790.9770289184526 20970.287934951484 1446.7452178001404 987.25101053714752
leaf_count=2710 18284 13854 15645 1012 22410 9120 3225 53063 4248 11407 15670 37406 2792 993
internal_value=-9.62154e-06 6.66498e-06 2.12347e-05 3.55828e-05 0.00138703 -0.000269878 0.000111966 -0.000906356 -0.00430621 -0.0075256 -0.0104089 0.00122751 0.000929116 -0.00477454
internal_weight=68774.3 68736.8 68703.2 68670.1 12659.7 56010.4 50341.9 26317.2 6847.21 4730.86 3409.54 24024.7 23404.3 2434
internal_count=211839 193555 190845 176991 23422 153569 137924 93508 40445 31325 27077 44416 41191 3785
cat_boundaries=0 1 2 3 4
cat_threshold=8448 12288 4210688 3584
is_linear=0
shrinkage=0.06


Tree=203
num_leaves=15
num_cat=1
split_feature=2 5 5 7 2 2 2 6 2 0 2 2 2 7
split_gain=9.00182 8.03337 10.93 11.6135 8.74463 20.7062 23.8715 20.5349 20.4113 24.407 21.0118 19.8064 33.8988 21.104
threshold=1.0000000180025095e-35 21.208333015441898 21.291666984558109 1.0000000180025095e-35 0.24893803149461749 0.34550170600414282 0.32411664724349981 423.50000000000006 0.30508534610271459 0 0.28282913565635687 0.36869816482067114 0.38270519673824316 1.0000000180025095e-35
decision_type=2 2 2 2 2 2 2 2 2 9 2 2 2 2
left_child=-1 4 -3 -4 7 6 8 -2 10 -10 -6 -7 -13 -14
right_child=1 2 3 -5 5 11 -8 -9 9 -11 -12 12 13 -15
leaf_value=-0.029795118313406563 0.0014669248841795712 -0.011857595372989665 0.023938360523722956 -0.0027588272777796029 -0.00038635056856582527 0.0047020343918609403 -0.006811438317235529 -0.011907192480593142 0.0067532728603608705 -0.0063288978856504427 -0.0071593573416957913 -0.0071250761147681049 0.0020829898388066755 -0.0011454625230230488
leaf_weight=36.507935647387058 18716.818914708798 480.33388284593821 67.332324216957204 455.38790707127191 5259.2479123425437 3516.2902044524672 3251.437553144875 422.63144854782149 2061.225265622139 675.15299491363112 2402.0398655686295 2260.2516540704528 14887.018984300201 14282.265877611819
leaf_count=8984 54329 2837 2289 12571 15162 10461 11216 1455 4690 4213 8449 6865 34924 33394
internal_value=-9.44769e-06 6.37212e-06 -0.00532386 0.000680075 8.53056e-05 -0.00034254 -0.0023243 0.0011716 -0.000921138 0.00352703 -0.00250989 0.000431495 -4.62863e-05 0.000502231
internal_weight=68773.9 68737.4 1003.05 522.72 67734.4 48594.9 13649.1 19139.5 10397.7 2736.38 7661.29 34945.8 31429.5 29169.3
internal_count=211839 202855 17697 14860 185158 129374 43730 55784 32514 8903 23611 85644 75183 68318
cat_boundaries=0 1
cat_threshold=6291472
is_linear=0
shrinkage=0.06


Tree=204
num_leaves=15
num_cat=3
split_feature=5 5 8 0 8 6 5 0 8 2 8 2 0 5
split_gain=8.9632 8.1762 19.879 28.5439 20.4746 19.8452 17.5584 10.4487 41.0243 36.8475 31.8432 26.2817 23.5178 44.5189
threshold=21.458333015441898 10.791666507720949 11.949999809265138 0 18.166666984558109 37.500000000000007 9.4583334922790545 1 8.4499998092651385 0.16604599356651309 5.4500000476837167 0.24893803149461749 2 19.791666984558109
decision_type=2 2 2 9 2 2 2 9 2 2 2 2 9 2
left_child=1 2 3 -1 -4 -5 -7 8 9 10 -3 -10 -11 -14
right_child=-2 7 4 5 -6 6 -8 -9 11 12 -12 -13 13 -15
leaf_value=-0.026865721530742886 -0.02979511823325914 0.0024574290408553618 -0.011392712657088844 0.0040578902763113251 0.0069911910268248018 0.014861216454621219 -0.0039586170988618573 -0.00021362433090126265 0.015384302799591408 0.0019031512732311229 0.02040048230560108 0.003965769232871218 -0.0094369246913103954 0.0024158306956527887
leaf_weight=132.67483022785746 36.351203755359165 1749.4432091444032 1213.8630376355723 2736.7139305238379 265.85977796185762 189.44680642802268 3078.8998720690142 45941.565405199886 862.29524733033031 2596.3867981233634 447.05112919583917 4579.678192500025 3157.3528240289306 1786.1628388739191
leaf_count=8920 18284 7160 7916 6319 2143 607 8505 111571 1235 6329 604 11241 16944 4061
internal_value=-9.3621e-06 6.38986e-06 -0.00184721 -0.000342236 -0.0080897 0.000288029 -0.00286774 0.000237407 0.00160166 -0.000729335 0.00610937 0.00577507 -0.00272156 -0.00514395
internal_weight=68773.7 68737.4 7617.46 6137.74 1479.72 6005.06 3268.35 61119.9 15178.4 9736.4 2196.49 5441.97 7539.9 4943.52
internal_count=211839 193555 34410 24351 10059 15431 9112 159145 47574 35098 7764 12476 27334 21005
cat_boundaries=0 1 2 3
cat_threshold=2560 4213776 4210688
is_linear=0
shrinkage=0.06


Tree=205
num_leaves=15
num_cat=2
split_feature=2 8 2 0 0 5 2 2 5 5 8 5 7 5
split_gain=8.73817 8.04248 9.72208 19.0953 15.1284 36.8173 19.3663 17.9943 13.6181 11.7483 11.4049 9.36214 22.6731 16.4594
threshold=0.0083173098973929899 2.3166666030883794 0.020957368426024917 0 1 20.125000000000004 0.033703841269016273 0.16295880824327472 17.958333015441898 17.284559249877933 1.9499999880790713 20.708333015441898 1.5000000000000002 20.791666984558109
decision_type=2 2 2 9 9 2 2 2 2 2 2 2 2 2
left_child=-1 2 3 -2 7 6 -6 8 9 -4 -7 -3 13 -13
right_child=1 11 4 -5 5 10 -8 -9 -10 -11 -12 12 -14 -15
leaf_value=-0.016227033652087344 0.041238609420390628 0.00035341761175910889 0.0091060451847790203 -0.0096463123306594675 0.0056566186955068895 0.013951898059298496 -0.018889228247656122 -0.0037772635154657433 -0.014771817884264005 0.037202096409853024 -0.0041767490915904908 -0.0085125210896748425 -0.0065614162424448364 0.0053418156590757087
leaf_weight=119.39783967926633 41.495976556092501 61138.491401401348 445.7450219807215 52.433039060677402 135.90307244891301 253.18298117432278 779.02858280693181 1286.8086294620298 75.882128729135729 60.898053973214701 246.61991430609487 392.71522852033377 2302.2590193914948 1443.0968912739772
leaf_count=9564 246 144695 3694 632 515 4149 14794 6748 637 625 2074 790 13908 8768
internal_value=-9.45422e-06 1.87499e-05 -0.00283595 0.0161971 -0.00338032 -0.0080325 -0.0152432 0.000182499 0.00893282 0.0124832 0.0050066 0.000166478 -0.00259549 0.00237811
internal_weight=68774 68654.6 3378 93.929 3284.07 1414.73 914.932 1869.33 582.525 506.643 499.803 65276.6 4138.07 1835.81
internal_count=211839 202275 34114 878 33236 21532 15309 11704 4956 4319 6223 168161 23466 9558
cat_boundaries=0 1 2
cat_threshold=2097152 4224000
is_linear=0
shrinkage=0.06


Tree=206
num_leaves=15
num_cat=2
split_feature=5 5 8 2 5 0 5 2 0 2 6 6 2 4
split_gain=8.67801 7.98725 7.91988 11.7332 19.8402 53.9308 17.9034 17.5515 16.7562 15.4664 14.1697 13.2472 12.9965 12.6929
threshold=21.458333015441898 7.6250000000000009 3.3166666030883794 0.05154122784733773 20.291666984558109 0 19.521871566772464 0.11111100018024446 1 0.18055619299411776 23.500000000000004 327.50000000000006 0.30217660963535314 0.76026272773742687
decision_type=2 2 2 2 2 9 2 2 9 2 2 2 2 2
left_child=1 -1 3 -3 5 12 7 10 -6 -10 -7 13 -5 -11
right_child=-2 2 -4 4 8 6 -8 -9 9 11 -12 -13 -14 -15
leaf_value=-0.029795118307363009 -0.029795118200891025 0.0047838838644867704 0.00025100306118754599 0.0041274711257918047 -0.010276343682892933 0.08898851292397543 -0.0033296471007344857 -0.019179826785086659 -0.003399691324635367 0.025169908633233658 -0.00726111316895439 0.0014013486716808899 -0.003322269314997614 -0.001571410883795168
leaf_weight=32.361523225088604 35.194783675135113 871.91642818285618 60882.600538602564 1927.9188679789659 208.14644016092643 5.5563211068511 773.76291179063264 1032.0960157719674 275.72958115465008 329.11836937745102 612.67404356924817 208.8698063606862 1498.1387235906441 79.295039868913591
leaf_count=2710 18284 6175 140073 8726 826 22 4439 17331 1987 1697 3295 1192 4736 346
internal_value=-9.2037e-06 6.04705e-06 2.00839e-05 -0.001777 -0.00259994 -0.00399064 -0.0108156 -0.0143909 0.00478844 0.00832167 -0.00639607 0.0136922 0.000867334 0.019978
internal_weight=68773.4 68738.2 68705.8 7823.22 6951.31 5850.15 2424.09 1650.33 1101.16 893.013 618.23 617.283 3426.06 408.413
internal_count=211839 193555 190845 50772 44597 38549 25087 20648 6048 5222 3317 3235 13462 2043
cat_boundaries=0 1 2
cat_threshold=4222976 4096
is_linear=0
shrinkage=0.06


Tree=207
num_leaves=15
num_cat=2
split_feature=2 8 7 4 0 5 8 2 5 8 0 5 2 8
split_gain=8.52914 7.8183 7.74143 8.25867 13.2321 9.81642 23.7046 32.4739 21.4233 20.3453 33.2891 53.1526 34.2556 39.4141
threshold=1.0000000180025095e-35 1.0166666507720949 3.5000000000000004 0.76516544818878185 0 19.291666984558109 11.683333396911623 0.17648978531360629 19.208333015441898 8.4499998092651385 1 12.541666507720949 0.020957368426024917 5.3166668415069589
decision_type=2 2 2 2 9 2 2 2 2 2 9 2 2 2
left_child=-1 -2 3 5 -5 8 7 -7 9 10 -3 -12 -13 -14
right_child=1 2 -4 4 -6 6 -8 -9 -10 -11 11 12 13 -15
leaf_value=-0.029795118203811286 -0.029795118161585012 0.00062635440304092971 -0.0065375961947495053 -0.0070415843872682462 -0.00064731143786836052 -0.0033330562083705665 -0.0022016630450552199 0.0042750741901277957 -0.0066066363811157804 0.0015423937695713966 -0.021334564006115324 0.04046929291045543 -0.008877381147491599 0.00066106459810023671
leaf_weight=34.591210429905914 31.677762135979719 12739.019610267133 642.11483725020662 1340.0299045860302 8554.2104381676763 2493.9099575262517 4540.6419401486637 10621.014263895806 1774.7604296468198 18916.243258695118 616.98085865518078 64.897718898952007 2687.6712281107903 3715.5017338320613
leaf_count=8984 13433 28459 3741 5311 21589 11799 11455 22034 2316 43045 8858 221 19889 10705
internal_value=-9.15423e-06 5.83489e-06 1.95748e-05 8.14343e-05 -0.00152109 0.000354008 0.00153472 0.00282833 -0.000160519 0.000134789 -0.00120836 -0.00450172 -0.00290302 -0.00334261
internal_weight=68773.3 68738.7 68707 68064.9 9894.24 58170.6 17655.6 13114.9 40515.1 38740.3 19824.1 7085.05 6468.07 6403.17
internal_count=211839 202855 189422 185681 26900 158781 45288 33833 113493 111177 68132 39673 30815 30594
cat_boundaries=0 1 2
cat_threshold=4864 4222992
is_linear=0
shrinkage=0.06


Tree=208
num_leaves=15
num_cat=2
split_feature=5 5 5 5 4 1 7 0 2 6 6 2 7 6
split_gain=8.35575 7.89124 14.6798 18.1515 13.6425 12.1676 11.8992 18.5776 11.7242 16.8879 11.3236 24.1294 27.0999 19.1758
threshold=21.458333015441898 11.041666507720949 11.208333492279055 11.291666507720949 0.20942982286214831 0 1.0000000180025095e-35 1 0.70593902468681347 70.500000000000014 289.50000000000006 0.38426627218723303 1.0000000180025095e-35 389.50000000000006
decision_type=2 2 2 2 2 1 2 9 2 2 2 2 2 2
left_child=1 4 -3 -4 5 -1 7 8 -6 -10 -5 13 -13 -12
right_child=-2 2 3 10 6 -7 -8 -9 9 -11 11 12 -14 -15
leaf_value=-0.0077497942332555988 -0.029795118265204066 0.0072404863273063565 -0.0083134134275302529 0.00082775543354811061 -0.023238339347331511 0.0058276273253028118 -0.0055993161032515271 -7.5413298888996416e-05 0.41370012346092738 -0.029795119175349605 -0.0018131363608131948 0.0047478873341623984 -0.0020776971457909677 -0.0088576722418814494
leaf_weight=281.12528363871388 33.888366172614042 1065.5152080625994 901.60441773361526 39751.462029234157 155.564189838944 1321.0582972532138 3012.9193372657755 4629.6810235283338 0.54115575551986583 0.72082522511482239 7536.992953125271 4185.3914472125471 4190.8660861515673 1705.9387286166893
leaf_count=459 18284 2847 2504 109449 9114 2304 14517 13389 13 9 20274 4838 8345 5493
internal_value=-9.15605e-06 5.52836e-06 0.00026142 0.000133807 -0.00160952 0.00343328 -0.00264543 -0.000786074 -0.0204563 0.160382 0.000266559 -0.000999582 0.00133286 -0.00311332
internal_weight=68773.3 68739.4 59337.8 58272.3 9401.61 1602.18 7799.43 4786.51 156.826 1.26198 57370.7 17619.2 8376.26 9242.93
internal_count=211839 193555 153750 150903 39805 2763 37042 22525 9136 22 148399 38950 13183 25767
cat_boundaries=0 1 2
cat_threshold=16 2560
is_linear=0
shrinkage=0.06


Tree=209
num_leaves=15
num_cat=3
split_feature=2 2 2 2 2 2 6 2 0 0 5 7 8 0
split_gain=8.23129 7.8008 28.9144 18.1868 21.2891 25.7152 28.6135 18.1821 16.1804 15.8092 15.5786 30.2874 28.3316 39.8741
threshold=1.0000000180025095e-35 0.4999998807907105 0.47064860165119177 0.45787276327610021 0.42930126190185552 0.41176496446132665 368.50000000000006 0.3888887763023377 0 1 19.791666984558109 1.5000000000000002 7.3166668415069589 2
decision_type=2 2 2 2 2 2 2 2 9 9 2 2 2 9
left_child=-1 2 3 4 5 6 10 -8 -3 -5 12 -12 13 -2
right_child=1 8 -4 9 -6 -7 7 -9 -10 -11 11 -13 -14 -15
leaf_value=-0.029795118252052808 0.002567500682738178 0.0086729774720814765 0.0043537719194042153 0.0071497020921012355 0.0036778216643104608 -0.0050395803824245097 -0.0073368357324961261 0.0083807817934195492 -0.0026314283126840734 -0.0061485198978772655 0.0060584817734292192 -0.0010341600207244704 0.0017303372659371865 -0.0037879478440909923
leaf_weight=33.383640865504276 5127.3453974908916 479.70324126502965 5551.8056263719918 356.97840299375821 5317.4295656112954 3829.9309235992841 2565.2896603177069 295.47437038458884 6693.947515963926 2773.9078740309924 4639.5341082522646 4067.8060567792272 15503.090800826903 11537.42889844405
leaf_count=8984 17054 4464 8683 978 10964 9771 9951 513 21533 3926 12224 17037 36463 49294
internal_value=-9.06368e-06 5.40201e-06 0.000223583 -0.000185778 7.72821e-05 -0.000325225 8.7608e-05 -0.00571344 -0.00186708 -0.00462908 0.00049361 0.00274501 -0.00011581 -0.00183326
internal_weight=68773.1 68739.7 61566 56014.2 52883.3 47565.9 43736 2860.76 7173.65 3130.89 40875.2 8707.34 32167.9 16664.8
internal_count=211839 202855 176858 168175 163271 152307 142536 10464 25997 4904 132072 29261 102811 66348
cat_boundaries=0 1 2 3
cat_threshold=8704 23552 4222976
is_linear=0
shrinkage=0.06


Tree=210
num_leaves=15
num_cat=4
split_feature=8 5 3 0 0 5 8 2 8 5 5 0 8 0
split_gain=8.1868 7.59271 7.68095 18.868 18.7387 15.1167 25.1897 51.1573 23.1269 22.2396 61.2277 26.205 21.1792 20.7947
threshold=1.0166666507720949 21.458333015441898 65.750000000000014 0 1 18.541666984558109 9.3666663169860858 0.1944462135434151 3.1333333253860478 11.791666507720949 13.958333492279055 2 35.500000000000007 3
decision_type=2 2 2 9 9 2 2 2 2 2 2 9 2 9
left_child=-1 2 3 -2 -4 6 7 8 -5 -8 -11 -12 -13 -9
right_child=1 -3 4 5 -6 -7 9 13 -10 10 11 12 -14 -15
leaf_value=-0.029795118411431492 -0.003567696606518957 -0.029795118223846357 0.015063786861113176 -0.0055172949118464185 0.00096277155882865714 0.0011728352997644009 -0.0027748344819873644 -0.0014548814503585309 0.0075495788512073194 0.0098918831625234571 0.0087099000626159936 -0.0012979247341016529 -0.021602643447232985 -0.007483506782234247
leaf_weight=33.203144268365577 5649.6471140999347 30.765075400762726 339.04889327846467 647.25736768613569 12334.668436122825 24067.073077142239 4553.6901466252748 3324.6210847031325 1976.9875174609479 2768.9166810810566 953.717270642519 6421.6849968526512 190.41865031421185 5481.2192974369973
leaf_count=15437 15738 16991 1085 4501 22428 44416 21327 10291 5558 7098 1390 11322 674 33583
internal_value=-9.00419e-06 5.38331e-06 1.87268e-05 -0.000282972 0.00135265 8.60295e-05 -0.000907772 -0.00302629 0.0043267 0.000718648 0.00225795 -0.000535901 -0.00187983 -0.00521757
internal_weight=68772.9 68739.7 68709 56035.2 12673.7 50385.6 26318.5 11430.1 2624.24 14888.4 10334.7 7565.82 6612.1 8805.84
internal_count=211839 196402 179411 155898 23513 140160 95744 53933 10059 41811 20484 13386 11996 43874
cat_boundaries=0 1 2 3 4
cat_threshold=12288 8448 16 4210704
is_linear=0
shrinkage=0.06


Tree=211
num_leaves=15
num_cat=2
split_feature=2 3 7 0 8 6 8 5 5 8 0 2 5 8
split_gain=7.94646 7.7411 11.9342 20.1999 15.8856 12.6669 12.2363 16.7209 12.1694 11.5188 19.8297 30.3205 49.3223 31.5461
threshold=0.0083173098973929899 45.250000000000007 1.5000000000000002 0 15.500000000000002 345.50000000000006 2.3666666746139531 20.041666984558109 9.4583334922790545 7.0166666507720956 1 0.11860045790672304 19.521871566772464 5.1333332061767587
decision_type=2 2 2 9 2 2 2 2 2 2 9 2 2 2
left_child=-1 2 6 4 5 -4 7 -2 -6 10 -3 -12 13 -13
right_child=1 9 3 -5 8 -7 -8 -9 -10 -11 11 12 -14 -15
leaf_value=-0.015746393651648084 -0.020038748558794259 0.0021858580238309738 0.0018985849707448305 -0.0072856238114971071 0.043814696387881089 -0.010514259822979434 9.8453201825029576e-05 0.0039097975063318415 -0.0099605771423904432 0.0021336958430524283 0.0027348941212010434 -0.012052865040693889 0.0043220274861920155 -0.0026656614287166374
leaf_weight=115.31295821850654 252.14296752226073 7107.9175213644048 3773.1785106272437 2359.5757074780995 15.487065331079064 321.14752476010472 31112.374815725721 179.79573270922992 695.75595159921795 12482.83130294783 3380.5090161935659 2482.2100853128359 1814.0438997044694 2680.4812292922288
leaf_count=9564 6390 22876 12082 10524 226 1260 79792 1731 2726 26480 11574 15687 4898 6029
internal_value=-8.93733e-06 1.74944e-05 -0.000542888 -0.00275338 -0.000511777 0.000924956 -4.07855e-05 -0.0100701 -0.00878964 0.00074182 -0.000252993 -0.00192696 -0.00418859 -0.00717901
internal_weight=68772.8 68657.5 38709.5 7165.14 4805.57 4094.33 31544.3 431.939 711.243 29948 17465.2 10357.2 6976.74 5162.69
internal_count=211839 202275 114731 26818 16294 13342 87913 8121 2952 87544 61064 38188 26614 21716
cat_boundaries=0 1 2
cat_threshold=2107920 4223232
is_linear=0
shrinkage=0.06


Tree=212
num_leaves=15
num_cat=1
split_feature=8 5 8 8 8 8 2 8 8 2 0 5 6 8
split_gain=7.92082 7.54358 7.74878 11.4453 13.2195 14.0009 13.521 12.7796 14.8085 18.1738 17.8572 13.0594 16.7306 14.021
threshold=1.0166666507720949 7.6250000000000009 51.500000000000007 47.500000000000007 42.500000000000007 41.500000000000007 0.60406550765037548 18.166666984558109 16.500000000000004 0.48610912263393408 0 13.541666507720949 103.50000000000001 20.166666984558109
decision_type=2 2 2 2 2 2 2 2 2 2 9 2 2 2
left_child=-1 -2 3 4 5 7 -6 8 -3 10 -10 12 13 -9
right_child=1 2 -4 -5 6 -7 -8 11 9 -11 -12 -13 -14 -15
leaf_value=-0.029795118186789035 -0.029795118130247603 0.00014173032439179428 0.021942698373501664 -0.019938815443332834 0.027879649754019169 -0.022907136221346578 0.17903505564949246 0.045117558565039746 -0.0081051800231619498 0.0010142089617306959 0.025853712543255983 0.0018157632533491363 0.049033031195005815 0.0067264503081936973
leaf_weight=32.124665503157303 30.566831934265792 63025.271239412716 57.984664947667625 103.48707969789393 29.128855870978445 95.81906239176169 2.2985183820128432 37.643829047679901 2144.8217799591366 1680.6598710059188 48.185430772602558 1061.027039489476 44.146666318178177 379.50177321163937
leaf_count=15437 2420 177223 180 581 145 583 12 111 7105 3075 133 2757 105 1972
internal_value=-8.8953e-06 5.02476e-06 1.82819e-05 -2.35868e-07 2.98652e-05 1.20204e-05 0.0389348 4.4117e-05 -7.95794e-05 -0.00368033 -0.00727809 0.00548 0.0139082 0.0101909
internal_weight=68772.7 68740.5 68710 68652 68548.5 68517.1 31.4274 68421.3 66898.9 3873.67 2193.01 1522.32 461.292 417.146
internal_count=211839 196402 193982 193802 193221 193064 157 192481 187536 10313 7238 4945 2188 2083
cat_boundaries=0 1
cat_threshold=2101760
is_linear=0
shrinkage=0.06


Tree=213
num_leaves=15
num_cat=0
split_feature=5 8 5 5 5 6 5 5 8 2 5 6 8 2
split_gain=7.80941 7.43908 9.17329 14.9678 15.4079 14.7587 14.3492 14.1266 13.9977 12.1848 21.6006 12.1452 11.9761 11.6607
threshold=21.458333015441898 2.3166666030883794 11.041666507720949 11.208333492279055 11.291666507720949 37.500000000000007 9.4583334922790545 10.541666507720949 8.7333331108093279 0.20372091233730319 10.169160366058351 26.500000000000004 18.166666984558109 0.074395883828401579
decision_type=2 2 2 2 2 2 2 2 2 2 2 2 2 2
left_child=1 -1 5 -4 -5 8 -7 -8 9 10 11 -3 -10 -6
right_child=-2 2 3 4 13 6 7 -9 12 -11 -12 -13 -14 -15
leaf_value=-0.0027337424608992306 -0.029795118332700769 0.03350218082794551 0.0078339387719653358 -0.0079818704206934023 0.0057410224007730685 0.010805524621575125 -0.0077859108128628942 -0.0013917706347124747 -0.0039925940017363042 0.001360360851069887 0.0023553153149359143 0.0062494969038139076 0.011916858006019798 0.00027628739764402291
leaf_weight=3394.0624750723946 31.672625435399823 181.80870480346493 965.7961931345053 797.13026044052094 1443.7696106368676 234.97164818737656 2325.6630250113085 2674.1214133081958 1655.4194315373898 1127.7631116309203 371.93899684399366 87.058773896191269 189.87352499412373 53291.157034071162
leaf_count=34645 18284 405 2055 1928 2837 1312 8980 7082 8957 5105 573 146 1504 118026
internal_value=-8.69587e-06 5.02841e-06 0.000147279 0.000428614 0.000299823 -0.00164903 -0.00368502 -0.00436602 0.00130014 0.00511445 0.0117213 0.0246778 -0.00235557 0.000420433
internal_weight=68772.2 68740.5 65346.5 56497.9 55532.1 8848.62 5234.76 4999.78 3613.86 1768.57 640.806 268.867 1845.29 54734.9
internal_count=211839 193555 158910 124846 122791 34064 17374 16062 16690 6229 1124 551 10461 120863
is_linear=0
shrinkage=0.06


Tree=214
num_leaves=15
num_cat=1
split_feature=2 6 7 8 8 8 8 8 8 8 8 2 5 0
split_gain=7.78025 7.3931 8.89858 23.5255 29.4127 7.59389 11.1823 11.5497 13.711 11.8951 14.0649 17.5594 12.9647 27.6429
threshold=1.0000000180025095e-35 568.50000000000011 1.0000000180025095e-35 11.633333683013918 12.583333492279055 51.500000000000007 47.500000000000007 42.500000000000007 41.500000000000007 18.166666984558109 16.500000000000004 0.44192463159561163 15.541666507720949 0
decision_type=2 2 2 2 2 2 2 2 2 2 2 2 2 9
left_child=-1 5 3 -3 -5 6 7 8 9 10 12 -12 13 -2
right_child=1 2 -4 4 -6 -7 -8 -9 -10 -11 11 -13 -14 -15
leaf_value=-0.029795118202433104 -0.011695366049804595 -0.018575390410151542 -0.025702071629515315 0.16767719216400306 0.010844448988054568 0.021685453820272822 -0.019814907853021629 0.03548726061458661 -0.022810310779349668 0.0052909260529483805 -0.008728749509843722 -0.00038498474891145477 0.00079300123554145461 -0.00058936465303597533
leaf_weight=31.554151823278517 828.57232131366618 53.477232802193612 87.954040305106901 6.0768014152999994 14.763936523464507 58.274410668760538 102.2022556894226 33.087029753718525 94.490789921721444 1530.5230640780646 1472.4891765237553 2368.5713574723341 40685.011714894557 21404.888303579646
leaf_count=8984 14154 211 642 13 59 177 615 162 620 4881 5892 4206 108117 63106
internal_value=-8.57884e-06 5.09418e-06 -0.0127866 0.00249855 0.0565742 3.53624e-05 1.69496e-05 4.65744e-05 2.94269e-05 6.10295e-05 -5.88706e-05 -0.00358361 0.000156308 -0.00100878
internal_weight=68771.9 68740.4 162.272 74.318 20.8407 68578.1 68519.8 68417.6 68384.5 68290.1 66759.5 3841.06 62918.5 22233.5
internal_count=211839 202855 925 283 72 201930 201753 201138 200976 200356 195475 10098 185377 77260
cat_boundaries=0 1
cat_threshold=1792
is_linear=0
shrinkage=0.06


Tree=215
num_leaves=15
num_cat=1
split_feature=5 5 7 4 2 2 2 2 0 2 2 2 7 6
split_gain=7.67722 10.3264 8.87879 15.5858 8.1252 18.9044 22.4416 19.2227 22.2113 20.1217 18.9277 31.433 18.65 28.3589
threshold=21.208333015441898 21.291666984558109 1.0000000180025095e-35 0.19204425811767581 0.24893803149461749 0.34550170600414282 0.32411664724349981 0.30508534610271459 0 0.28282913565635687 0.36869816482067114 0.38270519673824316 1.0000000180025095e-35 374.50000000000006
decision_type=2 2 2 2 2 2 2 2 9 2 2 2 2 2
left_child=4 -2 3 -3 -1 6 7 9 -9 -6 -7 -12 13 -13
right_child=1 2 -4 -5 5 10 -8 8 -10 -11 11 12 -14 -15
leaf_value=0.0011143176116391138 -0.011641941387238302 0.53167125968413698 -0.002555619452001666 0.018540844075763889 -0.00035671387615768887 0.0045591805083378765 -0.0066147833659586097 0.0064650881176342477 -0.0060573483275783912 -0.0070015967843952464 -0.0069231091873914697 0.0011386668777640767 -0.0011011110926559048 0.010540137814827813
leaf_weight=19174.921290297003 474.62766744033433 0.21372606710065056 451.99069649906596 72.368477630720008 5253.9532375470735 3530.9118339538109 3223.8533439638559 2077.686716262484 667.31515126896556 2385.4146409165114 2240.29292306758 13696.674961917684 14260.190218538162 1261.4274660218507
leaf_count=58507 2837 42 14164 6915 15162 10461 11216 4690 4213 8449 6865 33541 33394 1383
internal_value=-8.53802e-06 -0.00522948 0.000572444 0.0200518 6.84365e-05 -0.000344231 -0.00224178 -0.000884168 0.00342235 -0.0024316 0.000393769 -7.37565e-05 0.000451413 0.0019315
internal_weight=68771.8 999.201 524.573 72.5822 67772.6 48597.7 13608.2 10384.4 2745 7639.37 34989.5 31458.6 29218.3 14958.1
internal_count=211839 23958 21121 6957 187881 129374 43730 32514 8903 23611 85644 75183 68318 34924
cat_boundaries=0 1
cat_threshold=6291472
is_linear=0
shrinkage=0.06


Tree=216
num_leaves=15
num_cat=1
split_feature=8 5 7 8 0 2 8 8 4 4 5 5 8 2
split_gain=7.63875 7.36202 7.32557 14.3927 13.9528 16.7041 12.4924 9.79891 12.8323 14.369 12.2722 10.7321 8.66045 15.8005
threshold=1.0166666507720949 7.6250000000000009 2.5000000000000004 11.683333396911623 0 0.54874089360237133 45.500000000000007 7.0166666507720956 0.48528139293193823 0.48435972630977636 11.041666507720949 20.708333015441898 3.6333333253860478 0.033703841269016273
decision_type=2 2 2 2 9 2 2 2 2 2 2 2 2 2
left_child=-1 -2 12 7 5 6 -5 -4 9 10 -9 -12 13 -3
right_child=1 2 3 4 -6 -7 -8 8 -10 -11 11 -13 -14 -15
leaf_value=-0.029795118348042677 -0.029795118032290062 0.0077726484711142562 -0.0027043241969725205 0.02827956270223975 -0.0099424028802869036 -0.026518217252031028 -0.021585291887158967 -0.014550112700770728 0.00043665918604836768 0.11647518613538937 0.028477940037595191 0.0032505071187511878 0.00044290150644589362 -0.0024144326300813627
leaf_weight=30.980354526313022 29.831622058758512 591.73067564069061 1956.9747535474598 103.31524739228189 1139.2609827416018 36.61996912653558 21.924946486949921 48.409297406673431 835.34618718503043 4.9223935129120937 152.28306643664837 100.95133522211108 56282.455491409346 7436.7020159028471
leaf_count=15437 2420 3134 7796 365 5214 391 126 49 2495 36 202 773 137295 36106
internal_value=-8.47996e-06 4.94441e-06 1.78824e-05 -0.00235062 -0.00764653 0.00859628 0.0195501 -0.000127047 0.00428981 0.0147891 0.0131297 0.0184211 0.00017993 -0.0016636
internal_weight=68771.7 68740.7 68710.9 4400.01 1301.12 161.86 125.24 3098.89 1141.91 306.566 301.644 253.234 64310.9 8028.43
internal_count=211839 196402 193982 17447 6096 882 491 11351 3555 1060 1024 975 176535 39240
cat_boundaries=0 1
cat_threshold=3072
is_linear=0
shrinkage=0.06


Tree=217
num_leaves=15
num_cat=2
split_feature=2 2 2 2 2 2 6 2 2 5 0 0 2 2
split_gain=7.57986 7.25941 26.6608 17.4694 19.6049 24.3542 27.5991 18.4285 28.3565 18.3944 15.6785 15.0629 14.6236 35.9918
threshold=1.0000000180025095e-35 0.4999998807907105 0.47064860165119177 0.45787276327610021 0.42930126190185552 0.41176496446132665 423.50000000000006 0.3888887763023377 0.37499952316284185 11.625000000000002 0 1 0.34722022712230688 0.32411664724349981
decision_type=2 2 2 2 2 2 2 2 2 2 9 9 2 2
left_child=-1 2 3 4 5 6 7 8 12 -9 -3 -5 13 -2
right_child=1 10 -4 11 -6 -7 -8 9 -10 -11 -12 -13 -14 -15
leaf_value=-0.029795118350063099 0.00059443496182261973 0.0085530562835316442 0.004169361252540014 0.006911860678616084 0.0035247731390453032 -0.0049097229102553807 -0.00952421072274557 -0.0049867869319195944 -0.0066024489072983167 0.0062175294524670788 -0.0025592210391765925 -0.0060358382784691557 0.0039129875232272468 -0.0060609664121089217
leaf_weight=30.741433428192977 29709.420018951641 481.23462647316046 5581.9492244450375 359.35622579825576 5341.8541543083265 3809.9455016395077 1048.6950291794492 634.14180581353139 2247.0893324712524 3136.564717950183 6676.1741169760935 2760.7048060928937 3708.9595256878529 3244.6914750604192
leaf_count=8984 97562 4464 8683 978 10964 9771 4490 4397 6902 5794 21533 3926 11935 11456
internal_value=-8.39925e-06 4.92161e-06 0.000215126 -0.000179013 7.8394e-05 -0.000308864 9.19866e-05 0.000328262 -5.98514e-05 0.00433323 -0.0018037 -0.00454177 0.000341146 -6.08618e-05
internal_weight=68771.5 68740.8 61583.4 56001.4 52881.4 47539.5 43729.6 42680.9 38910.2 3770.71 7157.41 3120.06 36663.1 32954.1
internal_count=211839 202855 176858 168175 163271 152307 142536 138046 127855 10191 25997 4904 120953 109018
cat_boundaries=0 1 2
cat_threshold=8704 23552
is_linear=0
shrinkage=0.06


Tree=218
num_leaves=15
num_cat=4
split_feature=5 5 4 0 8 7 5 0 8 0 0 5 5 8
split_gain=7.53059 7.22747 7.07534 11.4119 8.25735 7.89806 8.09806 23.9804 21.2638 47.764 17.7782 17.5033 42.9466 15.4167
threshold=21.458333015441898 7.6250000000000009 0.79698821902275097 0 5.6333332061767587 3.5000000000000004 16.002066612243656 1 12.583333492279055 2 3 13.958333492279055 11.791666507720949 11.949999809265138
decision_type=2 2 2 9 2 2 2 9 2 9 9 2 2 2
left_child=1 -1 5 4 -4 6 8 13 9 -3 -11 12 -10 -8
right_child=-2 2 3 -5 -6 -7 7 -9 11 10 -12 -13 -14 -15
leaf_value=-0.029795118249751489 -0.02979511823418746 -0.0003187987703528719 -0.0073199589897700043 -0.0079792053867786122 1.4819496194863936e-05 -0.0065955356985699974 0.0012783061215079531 0.0061451063344766989 -0.00069848292988335613 -0.0057599520140225752 -0.017221705106112147 -0.0044724636705920423 0.013676580413410184 -0.0014229550621328996
leaf_weight=29.286729597253725 30.541559280187357 18203.059174604015 624.15575347247068 933.25418901653029 4816.1120436638594 607.51093273016158 23354.555055725621 2817.9720661761239 1709.4760079295374 1517.676187757228 735.6965796748409 781.90854621678591 1330.5208153538406 11279.647522877902
leaf_count=2710 18284 43019 2952 3570 11137 2984 52378 17145 9264 15751 11677 1490 3105 16373
internal_value=-8.3348e-06 4.89948e-06 1.76011e-05 -0.00188653 -0.000825175 0.000212282 0.00027928 0.000832583 -0.000574254 -0.00134177 -0.00956162 0.00353381 0.00559308 0.000398446
internal_weight=68771.4 68740.8 68711.5 6373.52 5440.27 62338 61730.5 37452.2 24278.3 20456.4 2253.37 3821.91 3040 34634.2
internal_count=211839 193555 190845 17659 14089 173186 170202 85896 84306 70447 27428 13859 12369 68751
cat_boundaries=0 1 2 3 4
cat_threshold=6301712 2101520 6311952 10240
is_linear=0
shrinkage=0.06


Tree=219
num_leaves=15
num_cat=0
split_feature=8 5 5 7 4 2 6 2 2 2 2 7 6 8
split_gain=7.39087 6.95331 10.1198 8.42609 8.18382 7.73809 17.9587 17.2727 20.168 16.9041 28.6633 17.3011 26.4381 16.3503
threshold=1.0166666507720949 21.208333015441898 21.291666984558109 1.0000000180025095e-35 0.19204425811767581 0.24893803149461749 438.50000000000006 0.34550170600414282 0.33217521011829382 0.36869816482067114 0.38270519673824316 1.0000000180025095e-35 374.50000000000006 6.1499998569488534
decision_type=2 2 2 2 2 2 2 2 2 2 2 2 2 2
left_child=-1 5 -3 4 -4 6 13 8 -7 -9 -11 12 -12 -2
right_child=1 2 3 -5 -6 7 -8 9 -10 10 11 -13 -14 -15
leaf_value=-0.029795118162259337 -0.0002012154276448129 -0.011391696799223179 0.30610915651476306 -0.0023213467173093167 0.018230973869910971 -0.00098581389103571926 -0.012549517744982266 0.0042986681405144146 -0.0067684014316850907 -0.0066475652836815698 0.0010882684962255701 -0.0010639280477426074 0.010121939259991079 0.0033652248261127689
leaf_weight=29.975258455378935 10676.118051339407 468.17381344735622 0.35724463569931586 448.1365069138119 72.835407362144906 10845.037982407026 340.95652156509459 3557.8917106445879 2714.8464332837611 2213.6249288911931 13719.026457807049 14241.735110951588 1274.6430528685451 8168.1302056233399
leaf_count=15437 34303 2619 42 13161 6444 32857 1212 10084 8607 6632 32758 32671 1368 13644
internal_value=-8.38483e-06 4.6039e-06 -0.00498872 0.000761392 0.0196361 7.75304e-05 0.00109775 -0.000325484 -0.00214356 0.000378743 -6.47255e-05 0.000433709 0.00185624 0.00134468
internal_weight=68771.5 68741.5 989.503 521.329 73.1927 67752 19185.2 48566.8 13559.9 35006.9 31449 29235.4 14993.7 18844.2
internal_count=211839 196402 22266 19647 6486 174136 49159 124977 41464 83513 73429 66797 34126 47947
is_linear=0
shrinkage=0.06


Tree=220
num_leaves=15
num_cat=3
split_feature=2 2 2 2 2 2 6 2 2 8 0 0 0 5
split_gain=7.32715 6.90943 24.9313 16.6361 18.2743 23.1106 26.1089 16.0868 14.7236 17.8174 21.1099 14.3733 14.3682 14.1243
threshold=1.0000000180025095e-35 0.4999998807907105 0.47064860165119177 0.45787276327610021 0.42930126190185552 0.41176496446132665 368.50000000000006 0.3888887763023377 0.63452148437500011 11.949999809265138 0 1 2 19.791666984558109
decision_type=2 2 2 2 2 2 2 2 2 2 9 9 9 2
left_child=-1 2 3 4 5 6 13 -8 -3 10 -10 -11 -5 -2
right_child=1 8 -4 12 -6 -7 7 -9 9 11 -12 -13 -14 -15
leaf_value=-0.029795118156794993 -0.00010234416871521745 -0.0035450257426253885 0.0040243579493109546 0.0067095961868979927 0.0033985874657855414 -0.0047899335760016679 -0.0070373086182169264 0.0076254675109272358 0.01624772231639179 0.00079261467047231913 -0.00052779545406629364 -0.015498828142904523 -0.0059092318363927277 0.0026176118106086168
leaf_weight=29.716763878881466 32153.277365850983 5001.3538044685265 5605.8822021512315 361.40274588798638 5362.1611846716842 3791.6936507152859 2531.5265814400045 301.43835950235371 528.14992432598956 821.63898499752395 549.5985450487351 245.86716413870454 2746.0187627534615 8741.5654252964305
leaf_count=8984 102811 13983 8683 978 10964 9771 9951 513 3440 3747 3541 1286 3926 29261
internal_value=-8.29939e-06 4.57735e-06 0.000209476 -0.000172487 7.82239e-05 -0.00029645 9.31855e-05 -0.00547713 -0.0017614 0.00239686 0.00783889 -0.00309738 -0.00443905 0.000479066
internal_weight=68771.3 68741.6 61595 55989.1 52881.7 47519.5 43727.8 2832.96 7146.61 2145.25 1077.75 1067.51 3107.42 40894.8
internal_count=211839 202855 176858 168175 163271 152307 142536 10464 25997 12014 6981 5033 4904 132072
cat_boundaries=0 1 2 3
cat_threshold=768 6656 23552
is_linear=0
shrinkage=0.06


Tree=221
num_leaves=15
num_cat=2
split_feature=5 5 8 3 0 8 8 5 2 8 6 8 1 8
split_gain=7.3004 7.01759 6.84294 8.52734 7.66766 14.4432 21.0175 15.0215 9.63977 8.77997 8.75947 20.9378 13.7943 12.9713
threshold=21.458333015441898 7.6250000000000009 2.3166666030883794 36.250000000000007 0 35.500000000000007 30.166666984558109 19.291666984558109 0.20652232319116595 51.500000000000007 149.50000000000003 19.166666984558109 1 29.166666984558109
decision_type=2 2 2 2 9 2 2 2 2 2 2 2 1 2
left_child=1 -1 3 -3 10 6 -6 9 -9 -7 11 12 -4 -12
right_child=-2 2 4 -5 5 7 -8 8 -10 -11 13 -13 -14 -15
leaf_value=-0.029795118288417476 -0.029795118243150526 -0.011155070306871032 0.0026255669591012227 -0.0015519845231856504 -1.2296105095524077e-05 -0.017816359511136623 0.024120248609089193 0.071592885650914651 0.0050618971298840342 0.068934356547750847 0.0066097583043719585 0.017553259116552193 -0.0056988066760351062 -0.015492248905392105
leaf_weight=28.437175329658203 29.608175127825234 374.35525952733587 1640.734736566199 3004.9781644104514 59664.930043616798 330.58517155237496 130.20406608469784 8.8767898082733137 67.13139346241951 4.2540487609803668 1892.0542125301436 236.96693762298673 1257.3288654433563 100.67910018563271
leaf_count=2710 18284 5803 7782 28330 130785 1902 303 21 211 15 8575 838 6006 274
internal_value=-8.22694e-06 4.6028e-06 1.69355e-05 -0.00261579 0.000153111 -3.67733e-05 4.02526e-05 -0.0112481 0.0128319 -0.0167142 0.00237801 0.000405545 -0.000996578 0.0054931
internal_weight=68771.1 68741.5 68713.1 3379.33 65333.7 60206 59795.1 410.847 76.0082 334.839 5127.76 3135.03 2898.06 1992.73
internal_count=211839 193555 190845 34133 156712 133237 131088 2149 232 1917 23475 14626 13788 8849
cat_boundaries=0 1 2
cat_threshold=4212736 13
is_linear=0
shrinkage=0.06


Tree=222
num_leaves=15
num_cat=1
split_feature=8 5 7 8 0 2 8 8 4 5 5 8 5 8
split_gain=7.13043 6.74138 6.73927 13.554 13.0155 15.2298 11.2228 9.16535 11.7195 12.7012 12.1383 10.6057 8.07773 23.0347
threshold=1.0166666507720949 7.6250000000000009 2.5000000000000004 11.683333396911623 0 0.54874089360237133 45.500000000000007 7.0166666507720956 0.48528139293193823 11.041666507720949 20.708333015441898 10.550000190734865 15.541666507720949 13.500000000000002
decision_type=2 2 2 2 9 2 2 2 2 2 2 2 2 2
left_child=-1 -2 12 7 5 6 -5 -4 9 -9 11 -11 13 -3
right_child=1 2 3 4 -6 -7 -8 8 -10 10 -12 -13 -14 -15
leaf_value=-0.029795118214902782 -0.029795118364947599 -0.0015072197362719984 -0.0026107436433035203 0.026114134514230853 -0.0096868155156040903 -0.026378871580352695 -0.021410037951305933 -0.014365503249101096 0.00044430271217884269 0.021459044145894033 0.0029978552239271899 0.05896954959693064 0.00066783179380470125 0.0040179193792044977
leaf_weight=28.918926927144639 27.318681267439388 19541.854610482464 1950.2379872183083 107.3167628981173 1124.6532596332254 35.12626961839851 21.466699656099081 47.830098863691092 835.13503963500261 127.48232963681221 101.72910955594853 34.473176032304764 41632.343515322893 3154.9960426092148
leaf_count=15437 2420 63659 7796 365 5214 391 126 52 2495 159 793 56 100875 12001
internal_value=-8.12227e-06 4.40876e-06 1.62561e-05 -0.00225952 -0.00743067 0.00814382 0.0181924 -0.000107894 0.00414899 0.0140808 0.0192407 0.0294434 0.0001714 -0.000739193
internal_weight=68770.9 68742 68714.6 4385.45 1288.56 163.91 128.783 3096.89 1146.65 311.515 263.685 161.956 64329.2 22696.9
internal_count=211839 196402 193982 17447 6096 882 491 11351 3555 1060 1008 215 176535 75660
cat_boundaries=0 1
cat_threshold=3072
is_linear=0
shrinkage=0.06


Tree=223
num_leaves=15
num_cat=4
split_feature=5 3 0 0 8 2 5 0 6 5 5 8 2 0
split_gain=7.07219 6.75684 17.32 17.0164 16.3676 16.4036 14.842 14.3509 17.9801 17.0384 13.5867 23.6559 39.067 25.4766
threshold=21.458333015441898 65.750000000000014 0 1 5.9500000476837167 0.11860045790672304 11.541666507720949 2 29.500000000000004 19.791666984558109 18.541666984558109 7.0166666507720956 0.1944462135434151 3
decision_type=2 2 9 9 2 2 2 9 2 2 2 2 2 9
left_child=1 2 -1 6 5 -5 -3 -7 -9 -10 11 12 -4 -14
right_child=-2 3 10 4 -6 7 -8 8 9 -11 -12 -13 13 -15
leaf_value=-0.0034349166772271187 -0.029795118202473828 -0.00072438119218362412 0.0028088314484740005 0.0015933849735271135 0.0031112806793613754 0.00057856085578937067 0.0072394364275601602 0.0078746340449563686 -0.012602024129425548 0.0024727229137033141 0.0011018854057677243 0.00018786378718181501 6.6634824525845697e-05 -0.0098193677104335408
leaf_weight=5621.1387000053655 28.682659043057356 1256.9340766597888 2121.6447854211438 2361.1192747856257 3369.1927256435156 1094.1780972990673 2554.9112454992719 229.68030132725835 1520.1452323647682 328.19053479353897 24122.339158429531 19535.882053130772 1318.0516736493446 3308.6213050815277
leaf_count=16946 18284 3196 10630 7147 3722 2144 7685 375 4185 976 47121 54560 4494 30374
internal_value=-8.04832e-06 4.38035e-06 -0.000278992 0.0012531 -0.000185495 -0.00219321 0.00460134 -0.00501164 -0.00791983 -0.00992535 7.3611e-05 -0.00087006 -0.00393267 -0.00702411
internal_weight=68770.7 68742 56027.7 12714.4 8902.51 5533.31 3811.85 3172.19 2078.02 1848.34 50406.5 26284.2 6748.32 4626.67
internal_count=211839 193555 164125 29430 18549 14827 10881 7680 5536 5161 147179 100058 45498 34868
cat_boundaries=0 1 2 3 4
cat_threshold=12288 4208896 16384 4210688
is_linear=0
shrinkage=0.06


Tree=224
num_leaves=15
num_cat=2
split_feature=2 8 6 2 0 6 5 5 8 2 2 5 8 0
split_gain=7.06908 7.08841 6.96742 20.57 24.0777 16.4097 17.7216 16.1092 19.5946 27.0941 17.6076 21.7648 21.2261 36.3866
threshold=0.0083173098973929899 1.6833333373069765 289.50000000000006 0.38426627218723303 0 438.50000000000006 19.791666984558109 19.791666984558109 1.9499999880790713 0.020957368426024917 0.1388906612992287 11.291666507720949 5.0166666507720956 1
decision_type=2 2 2 2 9 2 2 2 2 2 2 2 2 9
left_child=1 -1 7 5 -5 6 -4 8 9 -2 11 -10 -13 -14
right_child=2 -3 3 4 -6 -7 -8 -9 10 -11 -12 12 13 -15
leaf_value=0.023911513869364985 0.035986417650157712 -0.0210598137526548 -0.0056241027609088903 0.0029572906053225633 -0.0044736139047587666 -0.011573679910648529 -5.4306530368537091e-06 0.0032649171778710547 -0.0020734930217959297 -0.018270282547506851 -0.00034013048714843526 0.0028684734186512945 0.026667537966388412 0.0043208581802145754
leaf_weight=14.523345908615736 36.484402193687856 96.161502387782093 3343.922400160227 6357.7133575868793 2074.1554438761668 735.28772932640277 5107.6064345876221 6099.2675204250263 1769.3767823316157 360.78605470177718 39269.002932535252 2375.6726040989161 417.99883741140366 712.76844222843647
leaf_count=2657 482 6907 8189 9882 5196 3589 19494 18724 3335 12670 112533 6427 429 1325
internal_value=-8.05525e-06 -0.015159 1.63691e-05 -0.00101238 0.00112756 -0.00297647 -0.00222851 0.000371478 -2.12025e-05 -0.0132875 9.71119e-05 0.0033516 0.00608914 0.0128556
internal_weight=68770.7 110.685 68660 17618.7 8431.87 9186.82 8451.53 51041.4 44942.1 397.27 44544.8 5275.82 3506.44 1130.77
internal_count=211839 9564 202275 46350 15078 31272 27683 155925 137201 13152 124049 11516 8181 1754
cat_boundaries=0 1 2
cat_threshold=2098944 16
is_linear=0
shrinkage=0.06


Tree=225
num_leaves=15
num_cat=2
split_feature=5 1 5 5 6 8 5 5 8 6 0 2 6 5
split_gain=7.02953 19.8283 14.002 24.96 15.6201 13.9512 13.1122 16.6388 15.2612 13.2841 14.9553 12.8713 12.7271 11.3591
threshold=20.958333015441898 0 20.791666984558109 20.708333015441898 231.50000000000003 24.166666984558109 20.541666984558109 20.458333015441898 1.6333333253860476 191.50000000000003 1 0.026450422592461113 423.50000000000006 19.291666984558109
decision_type=2 1 2 2 2 2 2 2 2 2 9 2 2 2
left_child=2 5 3 6 -4 -2 7 8 11 -8 -11 -1 -6 -10
right_child=1 -3 4 -5 12 -7 9 -9 13 10 -12 -13 -14 -15
leaf_value=0.017301860445903157 0.0038957013534823481 -0.0068039107910120977 0.028291291512662534 -0.0096288923029636733 0.0061453626726701294 0.066357139307587576 0.042321501823453088 -0.0069449674946084391 -0.00024119795309266955 0.00015277958962687656 0.01368818676514514 -0.019856376262522957 -0.024128063365490955 0.0016725286257204899
leaf_weight=39.492978838563431 730.52541507483693 1666.3778612065362 110.52499238587916 955.65724454284646 898.81935968599282 13.104216560255734 35.44259289978072 1212.3333613028517 46907.482560000964 818.17002074210905 452.19925626693293 223.36831270315452 52.937550335889682 14653.907927839085
leaf_count=2583 5504 23501 215 2824 2216 45 53 3092 131530 1908 1015 13166 248 23939
internal_value=-7.88887e-06 -0.00319105 0.000107714 -3.44952e-06 0.00694089 0.0049301 0.000139514 1.62365e-05 0.000152741 0.0060906 0.00507978 -0.0142736 0.00446153 0.00021434
internal_weight=68770.3 2410.01 66360.3 65298.1 1062.28 743.63 64342.4 63036.6 61824.3 1305.81 1270.37 262.861 951.757 61561.4
internal_count=211839 29050 182789 180110 2679 5549 177286 174310 171218 2976 2923 15749 2464 155469
cat_boundaries=0 1 2
cat_threshold=16 4368
is_linear=0
shrinkage=0.06


Tree=226
num_leaves=15
num_cat=2
split_feature=2 7 4 8 8 2 8 5 8 0 5 8 1 3
split_gain=6.9283 6.61738 7.16929 10.3729 11.1345 10.8179 13.4312 9.96821 9.94773 11.0156 28.6505 32.785 13.2466 19.8073
threshold=1.0000000180025095e-35 3.5000000000000004 0.5604878067970277 16.166666984558109 2.3166666030883794 0.39646527171134954 21.166666984558109 20.375000000000004 16.716666221618656 0 11.791666507720949 10.949999809265138 1 57.799999237060554
decision_type=2 2 2 2 2 2 2 2 2 9 2 2 1 2
left_child=-1 2 8 4 7 6 -5 -4 9 10 -2 -12 13 -13
right_child=1 -3 3 5 -6 -7 -8 -9 -10 -11 11 12 -14 -15
leaf_value=-0.029795118292498059 -0.025300030752204234 -0.0061136116243184673 -0.017098100314838473 -0.013782764303819599 -8.3814203278133022e-05 -0.0018028457096276116 0.0042887929246639015 0.0030539503107016538 0.0061861519544698955 0.00061942349463340858 -0.0079936880127165905 0.025125549641713475 -0.0010263151596274457 0.10020101786759324
leaf_weight=28.098839280079119 213.56647918664385 630.61866190691944 259.90354759583715 648.24947037640959 26896.025809190585 2544.2735999959987 191.87938767625019 133.88507484016009 1120.5830121356994 35354.266227569315 547.67049191507977 109.24848928302526 77.523669004440308 14.30811747908592
leaf_count=8984 10439 4149 5601 2663 73699 6667 813 2100 4149 82850 9014 442 236 33
internal_value=-7.78371e-06 4.3921e-06 6.10365e-05 -0.000619019 -0.000230461 -0.00375212 -0.00965535 -0.0102466 0.000618241 0.000446438 -0.00585442 -0.000386133 0.0203341 0.0312872
internal_weight=68770.1 68742 68111.4 30674.2 27289.8 3384.4 840.129 393.789 37437.2 36316.6 962.317 748.751 201.08 123.557
internal_count=211839 202855 198706 91543 81400 10143 3476 7701 107163 103014 20164 9725 711 475
cat_boundaries=0 1 2
cat_threshold=2560 7
is_linear=0
shrinkage=0.06


Tree=227
num_leaves=15
num_cat=0
split_feature=5 5 6 7 8 3 3 8 8 2 8 5 8 8
split_gain=6.79042 6.54957 6.42566 8.69593 21.1271 28.4631 43.6106 6.64298 10.3618 13.4259 10.5481 9.44164 8.84762 10.8915
threshold=21.458333015441898 7.6250000000000009 568.50000000000011 1.0000000180025095e-35 11.633333683013918 45.399999618530281 64.649997711181655 51.500000000000007 47.500000000000007 0.095840491354465498 44.500000000000007 16.095914840698246 41.500000000000007 18.166666984558109
decision_type=2 2 2 2 2 2 2 2 2 2 2 2 2 2
left_child=1 -1 7 4 -4 -6 -7 8 10 -10 12 -12 13 -3
right_child=-2 2 3 -5 5 6 -8 -9 9 -11 11 -13 -14 -15
leaf_value=-0.029795118269149858 -0.029795118117274037 -4.8058903599790071e-05 -0.018129555621543048 -0.025452576325027482 0.0086286111914566626 0.32163889115250094 0.0068815499505647673 0.019947702183861112 0.2573685174443483 -0.021204269024666798 0.091669324216191811 0.0105199906152542 -0.017544182335967818 0.0050541866032179916
leaf_weight=26.542030253564008 27.539708441239782 66735.268785922148 51.433438669890165 82.90075371763669 15.615350171923639 3.073123186826705 3.2718348354101181 60.31021086871624 0.62682032585143943 97.778456769883633 8.3975192904472369 13.394482314586638 102.84928502328694 1540.9202628559433
leaf_count=2710 18284 184305 159 502 22 8 15 155 2 555 26 38 640 4418
internal_value=-7.70626e-06 4.22723e-06 1.57375e-05 -0.0121361 0.00290522 0.0521709 0.159331 4.344e-05 2.59153e-05 -0.0194298 5.39054e-05 0.0417908 4.06041e-05 6.70933e-05
internal_weight=68769.9 68742.4 68715.8 156.295 73.3937 21.9603 6.34496 68559.5 68499.2 98.4053 68400.8 21.792 68379 68276.2
internal_count=211839 193555 190845 706 204 45 23 190139 189984 557 189427 64 189363 188723
is_linear=0
shrinkage=0.06


Tree=228
num_leaves=15
num_cat=3
split_feature=8 5 1 5 5 6 5 5 0 6 8 2 0 5
split_gain=6.74098 6.48423 18.7148 13.0971 23.7142 14.1447 12.2536 15.7752 12.7559 21.6197 12.2731 22.377 37.5813 28.5543
threshold=1.0166666507720949 20.958333015441898 0 20.791666984558109 20.708333015441898 238.50000000000003 20.541666984558109 20.458333015441898 1 185.50000000000003 3.6333333253860478 0.074395883828401579 2 19.791666984558109
decision_type=2 2 1 2 2 2 2 2 9 2 2 2 9 2
left_child=-1 3 -3 4 6 -5 7 10 -8 -10 11 -2 -13 -14
right_child=1 2 -4 5 -6 -7 8 -9 9 -11 -12 12 13 -15
leaf_value=-0.029795118261334869 0.0045126011282668873 0.004798350829143698 -0.0066016549219626011 0.024030648920667787 -0.0094234183032928919 0.0039535774348818551 -0.0059071411310408625 -0.0067771972884817641 0.096914786062063996 0.0080237396503418396 0.0004740844290507145 0.00056719859178713642 -0.012616405827641539 0.0012869890629690305
leaf_weight=27.33917834435124 1478.15129998466 746.49976544181118 1651.7592042029719 146.36112870648503 946.01825617998838 922.88010872714221 261.18039913289249 1203.4970500767231 9.9439741149544698 1042.3371346183121 54261.488742677029 3335.527018962428 2014.237099086633 722.53788325563073
leaf_count=15437 4906 4947 22011 249 2612 2238 594 2874 13 2144 122930 8627 19375 2882
internal_value=-7.63531e-06 4.21131e-06 -0.00306072 0.000115005 7.10954e-06 0.00670179 0.000145795 2.62403e-05 0.0058816 0.00878031 0.000158705 -0.00210777 -0.00371934 -0.00891319
internal_weight=68769.8 68742.4 2398.26 66344.2 65274.9 1069.24 64328.9 63015.4 1313.46 1052.28 61811.9 7550.45 6072.3 2736.77
internal_count=211839 196402 26958 169444 166957 2487 164345 161594 2751 2157 158720 35790 30884 22257
cat_boundaries=0 1 2 3
cat_threshold=16 4096 4222976
is_linear=0
shrinkage=0.06


Tree=229
num_leaves=15
num_cat=4
split_feature=2 3 0 0 8 2 8 0 6 0 2 2 2 2
split_gain=6.68426 6.5476 16.2725 16.2239 15.8308 37.6167 35.9698 22.9223 18.3092 16.4177 15.4135 18.3658 24.8506 20.3102
threshold=1.0000000180025095e-35 65.750000000000014 0 1 11.449999809265138 0.6264714002609254 12.449999809265138 2 370.50000000000006 3 0.4999998807907105 0.47064860165119177 0.45030166208744055 0.42425052821636206
decision_type=2 2 9 9 2 2 2 9 2 9 2 2 2 2
left_child=-1 2 10 -3 5 7 -6 8 -4 -8 11 12 13 -2
right_child=1 3 4 -5 6 -7 9 -9 -10 -11 -12 -13 -14 -15
leaf_value=-0.029795118290981297 4.5554385377694964e-05 0.013806174007655807 0.0031418491996474756 0.00086624990625105481 -0.013437478550871405 0.010474035504671419 0.040926178187671539 -0.0051485741087233536 -0.014932948760331462 -0.0016621821387147963 -0.0031939933952848704 0.0041863617516302142 -0.0051211028058512189 0.0044726391604153516
leaf_weight=27.109217725403141 28276.373347448884 349.11667662195396 2706.9887415952981 12373.529314062092 1324.1519186694641 944.64364140410908 23.058658346533775 4126.7240187897696 218.00316723994911 2333.799131843145 4231.625565918861 4586.8514327446464 2950.1481004697853 4297.625859966618
leaf_count=8984 78432 1728 13014 29730 6968 4787 86 22297 1800 11746 13639 6590 5017 7021
internal_value=-7.63121e-06 4.11573e-06 -0.000274943 0.00123286 -0.0022666 -0.00076966 -0.0055246 -0.00227586 0.0017886 -0.00107892 0.000250002 0.000613399 0.000152061 0.000629638
internal_weight=68769.7 68742.6 56020 12722.6 11677.4 7996.36 3681.01 7051.72 2924.99 2356.86 44342.6 40111 35524.1 32574
internal_count=211839 202855 171397 31458 60698 41898 18800 37111 14814 11832 110699 97060 90470 85453
cat_boundaries=0 1 2 3 4
cat_threshold=6294544 8448 16640 256
is_linear=0
shrinkage=0.06


Tree=230
num_leaves=15
num_cat=5
split_feature=8 4 0 8 7 5 0 8 0 0 5 5 8 0
split_gain=6.53533 6.37213 10.5203 7.53592 6.98927 7.25975 21.9581 17.7186 44.5245 16.9774 16.0183 40.9082 14.5383 35.7022
threshold=1.0166666507720949 0.79698821902275097 0 5.6333332061767587 3.5000000000000004 16.002066612243656 1 12.583333492279055 2 3 13.958333492279055 11.791666507720949 11.949999809265138 4
decision_type=2 2 9 2 2 2 9 2 9 9 2 2 2 9
left_child=-1 4 3 -3 5 7 12 8 -2 -10 11 -9 -7 -14
right_child=1 2 -4 -5 -6 6 -8 10 9 -11 -12 -13 13 -15
leaf_value=-0.029795118277108682 -0.00028102766027724395 -0.0070390013285968481 -0.0076982928113575036 6.5974533459778601e-06 -0.0062620604672255515 0.0012101696012750461 0.0058340945298111513 -0.0010055008609122791 -0.0055572356786354376 -0.016874085350161012 -0.004497663174183362 0.012923152463268108 -0.015143994699174858 -0.00058114060619370185
leaf_weight=26.50501659483416 18179.750742501579 616.44963457004633 921.26278676220682 4817.4407593486831 598.90219767356757 23405.878492868913 2842.657781662012 1727.7061834994238 1504.8992939546006 715.6348065425409 782.68742838129401 1353.9873939529061 632.81426490674494 10642.638800993736
leaf_count=15437 39679 2877 3643 11199 3672 58158 15655 10060 15299 11307 1490 3105 3784 16474
internal_value=-7.40025e-06 4.08495e-06 -0.00180586 -0.000791237 0.000188457 0.00025098 0.000773966 -0.00055779 -0.00126346 -0.00926373 0.00316747 0.00511426 0.000357427 -0.0014124
internal_weight=68769.2 68742.7 6355.15 5433.89 62387.6 61788.7 37524 24264.7 20400.3 2220.53 3864.38 3081.69 34681.3 11275.5
internal_count=211839 196402 17719 14076 178683 175011 94071 80940 66285 26606 14655 13165 78416 20258
cat_boundaries=0 1 2 3 4 5
cat_threshold=6301712 2101520 6311952 10240 256
is_linear=0
shrinkage=0.06


Tree=231
num_leaves=15
num_cat=0
split_feature=5 5 6 7 6 2 5 5 7 6 2 8 2 6
split_gain=6.51287 6.30896 6.19039 19.2619 38.0426 20.745 26.5862 15.1279 16.4536 19.3608 21.7499 15.5406 27.5288 14.8732
threshold=21.458333015441898 7.6250000000000009 289.50000000000006 1.0000000180025095e-35 466.50000000000006 0.38270519673824316 19.791666984558109 19.791666984558109 2.5000000000000004 286.50000000000006 0.27166467905044561 1.9499999880790713 0.020957368426024917 374.50000000000006
decision_type=2 2 2 2 2 2 2 2 2 2 2 2 2 2
left_child=1 -1 7 5 -5 6 -4 11 -9 -10 -11 12 -3 -7
right_child=-2 2 3 4 -6 13 -8 8 9 10 -12 -13 -14 -15
leaf_value=-0.029795118083504643 -0.029795118216289194 0.028857939589384183 -0.0066457202513731132 -0.0019111210006517063 -0.020921351248183319 0.0017538273100598516 0.0047939491578548052 0.0044131899292038394 -0.0058434115667188443 0.12757137516721803 -0.00078954819652104797 7.4052072692844503e-05 -0.017872667214846205 0.0094509964581317423
leaf_weight=25.567910326062702 26.414225493324921 52.171193005517125 1945.4501594700851 9807.3456891298993 394.19561180425808 2975.5669611688936 1171.9309915529448 5252.5836443121079 850.96232523676008 8.388062580139378 10.963411286473272 44601.30582702742 348.75379212258849 1297.9628790043062
leaf_count=2710 18284 2137 4926 24737 1714 3436 2721 11322 3118 42 32 122739 12505 1416
internal_value=-7.5506e-06 3.89513e-06 1.49825e-05 -0.000955819 -0.00264569 0.00137668 -0.00234515 0.000349041 0.00314713 -0.0044939 0.0548496 -3.16604e-05 -0.0117918 0.00409162
internal_weight=68769.6 68743.1 68717.6 17592.5 10201.5 7390.91 3117.38 51125.1 6122.9 870.314 19.3515 45002.2 400.925 4273.53
internal_count=211839 193555 190845 38950 26451 12499 7647 151895 14514 3192 74 137381 14642 4852
is_linear=0
shrinkage=0.06


Tree=232
num_leaves=15
num_cat=1
split_feature=2 8 4 7 6 8 5 8 0 5 5 2 8 2
split_gain=6.51005 6.52206 6.4754 11.2147 13.7639 12.518 15.9469 11.4239 12.1096 17.297 11.1543 23.7037 15.711 23.515
threshold=0.0083173098973929899 1.6833333373069765 0.56330129504203807 1.5000000000000002 372.50000000000006 3.2500000000000004 20.125000000000004 11.683333396911623 0 10.708333492279055 19.291666984558109 0.17983373999595645 1.9499999880790713 0.020957368426024917
decision_type=2 2 2 2 2 2 2 2 9 2 2 2 2 2
left_child=1 -1 10 5 7 6 -4 -5 9 -9 12 -12 13 -2
right_child=2 -3 3 4 -6 -7 -8 8 -10 -11 11 -13 -14 -15
leaf_value=0.021781023655360797 0.02945101459271628 -0.020718790147148496 -0.013213057085826459 -0.00033294739897188916 -0.017714851884583036 0.00012401436744291614 0.0043248121514439545 0.1624644917495762 -0.0042796344042762627 -0.020583723471652972 -0.0026592825555856758 0.0037574980476592465 5.0756361661130561e-05 -0.018013205766608857
leaf_weight=15.123271631367968 42.534421445336193 92.548438911151607 557.22868064336944 2991.0219579132972 226.48507046117447 23633.305463124416 280.65707866149023 1.872468166053294 1467.1403693010798 247.51951813651249 2770.2850512505975 8227.3166874040617 27894.10634160717 322.35853320051683
leaf_count=2657 511 6907 7117 12349 1559 58734 1929 14 5664 1553 15782 15437 70388 11238
internal_value=-7.5249e-06 -0.0147494 1.55925e-05 -0.000657649 -0.00326716 -0.000131503 -0.0073386 -0.00257207 -0.00647368 -0.0184688 0.000519885 0.00214112 -0.000111052 -0.0124805
internal_weight=68769.5 107.672 68661.8 29405.2 4934.04 24471.2 837.886 4707.55 1716.53 249.392 39256.6 10997.6 28259 364.893
internal_count=211839 9564 202275 88919 21139 67780 9046 19580 7231 1567 113356 31219 82137 11749
cat_boundaries=0 1
cat_threshold=256
is_linear=0
shrinkage=0.06


Tree=233
num_leaves=15
num_cat=3
split_feature=2 3 0 8 2 0 0 6 5 5 4 5 5 8
split_gain=6.35562 6.2639 15.4126 14.7968 15.8255 14.7436 13.3909 17.2901 16.2281 13.2134 13.1027 11.8881 23.5967 50.2735
threshold=1.0000000180025095e-35 65.750000000000014 0 5.9500000476837167 0.11860045790672304 1 2 29.500000000000004 19.791666984558109 11.541666507720949 0.19264507293701175 12.541666507720949 13.958333492279055 8.6333336830139178
decision_type=2 2 9 2 2 9 9 2 2 2 2 2 2 2
left_child=-1 5 9 4 -4 -2 -6 -8 -9 -3 -11 -7 13 -13
right_child=1 2 3 -5 6 11 7 8 -10 10 -12 12 -14 -15
leaf_value=-0.02979511823053059 -0.0031957418987476152 -0.00066332685322937073 0.0016319879664359012 0.0029538714850475883 0.00051808209688404766 -0.0018118547429286491 0.0077490880214547758 -0.012343037077340187 0.0023691645918379909 0.050321116224450797 0.0064227870160336624 -0.0044572969552785424 0.00015053934792672916 0.01349063734384911
leaf_weight=25.776575417316053 5570.5049508287339 1254.2997986408882 2358.2190410000039 3385.386874373653 1096.381073597353 9880.4058360644849 230.44833869859576 1497.5864351646742 329.24719818611629 24.714092030772008 2557.8508564024232 932.99260582157876 38213.219967836514 1412.3352872431278
leaf_count=8984 17031 2809 7599 5191 2144 46425 375 4185 1127 86 7942 5465 98860 3616
internal_value=-7.46666e-06 3.70272e-06 0.00120487 -0.000168085 -0.00208589 -0.000269391 -0.00486601 -0.00770043 -0.00969148 0.00437763 0.00684288 5.44196e-05 0.000509073 0.00635079
internal_weight=68769.4 68743.6 12734.1 8897.27 5511.88 56009.5 3153.66 2057.28 1826.83 3836.86 2582.56 50439 40558.5 2345.33
internal_count=211839 202855 31458 20621 15430 171397 7831 5687 5312 10837 8028 154366 107941 9081
cat_boundaries=0 1 2 3
cat_threshold=4208896 12288 16384
is_linear=0
shrinkage=0.06


Tree=234
num_leaves=15
num_cat=0
split_feature=5 5 7 5 5 5 5 6 8 7 6 5 5 7
split_gain=6.34101 9.91677 7.70403 7.45912 18.7085 12.0624 22.6722 13.7298 11.4219 10.937 10.8748 10.4098 14.8587 11.4097
threshold=21.208333015441898 21.291666984558109 1.0000000180025095e-35 21.041666984558109 20.958333015441898 20.791666984558109 20.708333015441898 423.50000000000006 1.6333333253860476 1.5000000000000002 231.50000000000003 20.541666984558109 20.458333015441898 1.5000000000000002
decision_type=2 2 2 2 2 2 2 2 2 2 2 2 2 2
left_child=3 -2 -3 4 5 6 8 10 -1 -5 -7 12 -10 -13
right_child=1 2 -4 9 -6 7 -8 -9 11 -11 -12 13 -14 -15
leaf_value=-0.012027795798878745 -0.011179935996294041 0.018752306272010799 -0.0020935909516688321 0.013955240568645937 -0.0097289834700202589 0.025135417149299542 -0.0092615426685950727 -0.023933970442111575 0.00020175491341496691 -0.00098433823620246879 0.0056938357212879664 0.011405235963428373 -0.0065798082570873691 0.00018713166870787127
leaf_weight=276.91285503632389 462.84800879855175 74.525065610127058 444.45202997478191 339.56292835169006 704.47050189459696 116.87488506780937 938.56035607284866 51.184513534186408 61587.219136087107 367.15423842216842 910.25506252364721 617.76167975738645 1185.5107696540654 692.00943992100656
leaf_count=16356 2837 6957 14164 970 2574 215 2824 248 155469 1548 2216 967 2796 1698
internal_value=-7.43745e-06 -0.00479474 0.000899878 6.19012e-05 -2.7005e-06 0.000100527 -3.41301e-06 0.0063947 0.000131599 0.00619382 0.00790605 0.000184142 7.36799e-05 0.00547822
internal_weight=68769.3 981.825 518.977 67787.5 67080.8 66376.3 65298 1078.31 64359.4 706.717 1027.13 64082.5 62772.7 1309.77
internal_count=211839 23958 21121 187881 185363 182789 180110 2679 177286 2518 2431 160930 158265 2665
is_linear=0
shrinkage=0.06


Tree=235
num_leaves=15
num_cat=4
split_feature=5 5 4 0 6 5 8 2 5 0 1 8 2 0
split_gain=6.29845 6.10338 6.01381 10.5965 7.11677 7.00426 20.2128 28.0224 18.6205 16.0304 16.3371 15.8397 27.4319 46.386
threshold=21.458333015441898 7.6250000000000009 0.76516544818878185 0 377.50000000000006 19.291666984558109 11.683333396911623 0.17648978531360629 19.208333015441898 1 2 8.4499998092651385 0.1388906612992287 3
decision_type=2 2 2 9 2 2 2 2 2 9 1 2 2 9
left_child=1 -1 5 4 -4 8 7 -7 11 -8 -11 12 -3 -14
right_child=-2 2 3 -5 -6 6 9 -9 -10 10 -12 -13 13 -15
leaf_value=-0.029795117997529624 -0.029795118249578693 0.0027787222219637464 -0.0051469329343231318 -0.00058273831001088498 -0.021897582426581894 -0.0032599340583618977 -0.012298631611625447 0.0037299632077408226 -0.0062493904182442913 0.005153246628420852 -0.0032966209229330261 0.0013103726412910341 0.001764142746513203 -0.0050726682724139549
leaf_weight=24.735325825400651 25.544567457516678 4922.8459848455968 1209.8253765683621 8574.3040504473029 98.764984786510468 2548.0885869500344 494.66995784454048 10884.805767632322 1747.8329990856582 1129.9088761936873 2962.9214580636472 19186.580340617802 5885.5103972344659 9072.7547998099471
leaf_count=2710 18284 18860 4763 21727 443 9242 1755 22081 2469 1334 5898 42501 16158 43614
internal_value=-7.34736e-06 3.72154e-06 1.44476e-05 -0.00135507 -0.00636256 0.000244491 0.00122973 0.00240405 -0.000190501 -0.00220885 -0.000956989 8.05656e-05 -0.00110628 -0.00238485
internal_weight=68769.1 68743.5 68718.8 9882.89 1308.59 58835.9 18020.4 13432.9 40815.5 4587.5 4092.83 39067.7 19881.1 14958.3
internal_count=211839 193555 190845 26933 5206 163912 40310 31323 123602 8987 7232 121133 78632 59772
cat_boundaries=0 1 2 3 4
cat_threshold=4864 272 16 4222976
is_linear=0
shrinkage=0.06


Tree=236
num_leaves=15
num_cat=2
split_feature=8 2 6 8 0 2 5 8 0 6 2 2 2 2
split_gain=6.16711 5.97007 17.8725 15.1718 18.7009 20.6088 19.3848 20.3554 16.4914 14.8871 14.7772 18.6185 16.8734 26.001
threshold=1.0166666507720949 0.24893803149461749 364.50000000000006 4.3166668415069589 0 0.033703841269016273 20.041666984558109 1.9499999880790713 1 130.50000000000003 0.34722022712230688 0.33217521011829382 0.36869816482067114 0.38270519673824316
decision_type=2 2 2 2 9 2 2 2 9 2 2 2 2 2
left_child=-1 2 3 4 -2 -6 7 -7 9 -5 11 -3 -12 -14
right_child=1 10 -4 8 5 6 -8 -9 -10 -11 12 -13 13 -15
leaf_value=-0.029795118262692682 0.0043121679166896109 -0.00090353447763332883 -0.006158090664381461 0.0017443422186364842 0.0081385436930388466 -0.021939601145455678 0.0050579919927567253 -0.0047405765284173288 0.0030328776110367778 -0.020889342803168322 0.0042672321392925889 -0.0063819962621162844 -0.0064370860602668677 0.00033436571904705837
leaf_weight=25.012151866045315 1764.927240510995 10981.537135359715 1219.1888309359783 216.87118043750525 542.20971428675693 267.32803928479552 676.38152970175724 3378.7886023689061 11609.958553805831 202.1160326898098 3478.385924825212 2803.2997988560237 2193.6779441507533 29409.464877475053
leaf_count=15437 7316 33916 7414 1059 2335 3723 2453 12237 28723 650 9869 9069 6632 71006
internal_value=-7.37078e-06 3.46732e-06 0.000880154 0.00134005 -0.000964572 -0.00288193 -0.00427099 -0.00600158 0.00261022 -0.00896011 -0.00035315 -0.00201764 0.000300891 -0.000135663
internal_weight=68769.1 68744.1 19877.8 18658.6 6629.64 4864.71 4322.5 3646.12 12028.9 418.987 48866.4 13784.8 35081.5 31603.1
internal_count=211839 196402 65910 58496 28064 20748 18413 15960 30432 1709 130492 42985 87507 77638
cat_boundaries=0 1 2
cat_threshold=4221184 8192
is_linear=0
shrinkage=0.06


Tree=237
num_leaves=15
num_cat=2
split_feature=2 8 3 8 6 0 2 5 8 2 2 8 5 0
split_gain=6.16557 6.30215 6.21437 11.5568 19.9289 18.6857 32.3318 39.5769 23.9503 17.2773 15.571 17.7235 15.0292 26.1874
threshold=0.0083173098973929899 1.6833333373069765 46.550001144409187 7.2500000000000009 41.500000000000007 0 0.11860045790672304 19.521871566772464 5.1333332061767587 0.16295880824327472 0.027779543772339824 3.3166666030883794 10.791666507720949 1
decision_type=2 2 2 2 2 9 2 2 2 2 2 2 2 9
left_child=1 -1 -2 4 -4 6 10 8 -8 -10 -6 -12 -5 -14
right_child=2 -3 3 12 5 -7 7 -9 9 -11 11 -13 13 -15
leaf_value=0.02109724977867938 -0.00041623756122245004 -0.020509269862528118 0.0070257441045472923 -0.0031013907667836278 0.012049117286197192 0.0016658721488154494 -0.013336228458786459 0.0029772253705306409 0.0074262568047342567 -0.0066462275942101448 -0.0054837240938955837 0.0044774373196124501 0.0090501908326217698 0.0012172419680460504
leaf_weight=15.326462989032732 43713.237910908356 90.46023256360786 1279.6549864126719 1412.0171141829342 491.53723923966754 6464.6197950515198 1915.3175201632548 1484.7885308199329 385.58489446341991 1693.5584771605209 1083.689393225126 1581.3819276696304 2229.9088349100202 4927.9005691912025
leaf_count=2657 130445 6907 2904 2980 1462 21806 10178 4120 589 3274 5926 3308 3974 11309
internal_value=-7.29989e-06 -0.0144813 1.49996e-05 0.000770543 -0.00016349 -0.000772725 -0.00259713 -0.00538667 -0.00849562 -0.00403643 0.00223673 0.000426962 0.00255583 0.00367182
internal_weight=68769 105.787 68663.2 24950 16380.1 15100.5 8635.86 5479.25 3994.46 2079.14 3156.61 2665.07 8569.83 7157.81
internal_count=211839 9564 202275 71830 53567 50663 28857 18161 14041 3863 10696 9234 18263 15283
cat_boundaries=0 1 2
cat_threshold=2098704 3600
is_linear=0
shrinkage=0.06


Tree=238
num_leaves=15
num_cat=0
split_feature=5 6 5 8 5 6 8 2 2 4 7 2 5 5
split_gain=6.10267 5.98847 9.42207 12.2756 9.86138 29.6577 14.4967 11.8723 13.7316 15.3543 15.8966 10.122 11.7308 9.66925
threshold=21.458333015441898 4.5000000000000009 9.4583334922790545 49.500000000000007 10.541666507720949 29.500000000000004 7.9500000476837167 0.21429177373647693 0.15972399711608889 0.19707640260457995 1.5000000000000002 0.20028601586818698 10.169160366058351 9.9166703224182147
decision_type=2 2 2 2 2 2 2 2 2 2 2 2 2 2
left_child=1 -1 3 -3 5 6 11 8 -7 10 -10 12 -4 -8
right_child=-2 2 4 -5 -6 7 13 -9 9 -11 -12 -13 -14 -15
leaf_value=-0.0075459002898742335 -0.029795118170075213 0.005836839400368752 0.028512408789783589 0.076061159245992535 0.00017104763127457503 -0.005791838602335995 0.0033422283483826344 -0.009563453918815119 0.021481111367927515 0.001213701161393414 0.10379863157205307 0.0038976786461027038 0.0056810217809580765 -0.0084650135418250332
leaf_weight=376.1929991421639 24.750663379556499 755.05253471527249 166.49651299242396 9.0689000338315946 62778.80223093956 871.63089027430397 606.38530462700874 1742.3183503472246 72.080182261765003 253.86326096579432 9.5663158111274225 520.348611813155 157.79619806283154 424.47048878949136
leaf_count=6486 18284 6113 269 29 163983 2201 2080 8990 128 582 12 1558 303 821
internal_value=-7.23038e-06 3.49447e-06 4.50349e-05 0.00667029 -2.985e-05 -0.00264378 0.00325532 -0.00639489 -0.00182158 0.00849289 0.031126 0.00908292 0.017403 -0.00151958
internal_weight=68768.8 68744.1 68367.9 764.121 67603.8 4824.96 1875.5 2949.46 1207.14 335.51 81.6465 844.641 324.293 1030.86
internal_count=211839 193555 187069 6142 180927 16944 5031 11913 2923 722 140 2130 572 2901
is_linear=0
shrinkage=0.06


Tree=239
num_leaves=15
num_cat=0
split_feature=5 5 7 5 5 5 5 6 8 7 7 4 8 3
split_gain=6.04997 9.56415 7.21885 6.94204 17.6768 10.8473 21.8455 12.896 10.622 10.112 10.0007 12.3738 13.4706 10.0531
threshold=21.208333015441898 21.291666984558109 1.0000000180025095e-35 21.041666984558109 20.958333015441898 20.791666984558109 20.708333015441898 423.50000000000006 1.6333333253860476 1.5000000000000002 1.5000000000000002 0.55150309205055248 12.583333492279055 65.549999237060561
decision_type=2 2 2 2 2 2 2 2 2 2 2 2 2 2
left_child=3 -2 -3 4 5 6 8 10 -1 -5 11 12 -7 -14
right_child=1 2 -4 9 -6 7 -8 -9 -10 -11 -12 -13 13 -15
leaf_value=-0.01170251446233191 -0.011007123419125726 0.018010666526934452 -0.0020386192653553304 0.013340655569647135 -0.0095086923496897 0.018934200489692417 -0.0091206880421559732 -0.023776326547550752 0.00018092995698359003 -0.00097322406863319133 0.0020870189570377532 0.0049646465767981358 0.034956496128258553 0.11141959486726019
leaf_weight=271.93432595598279 458.5907168838894 75.681217907404061 443.57179110459401 344.40091555251274 696.82062878611032 191.21958351269132 932.16595923888963 49.84389224066399 64089.368555391382 367.01265888288617 566.27320394554408 255.8130070718471 15.75250291824341 10.197237789630888
leaf_count=16356 2837 6957 14164 970 2574 350 2824 248 160930 1548 1542 500 28 11
internal_value=-7.15361e-06 -0.00469295 0.000883568 6.04363e-05 -2.09189e-06 9.76993e-05 -1.35731e-06 0.00603632 0.000130721 0.00595624 0.00746617 0.0139063 0.0244391 0.0650035
internal_weight=68768.6 977.844 519.253 67790.8 67079.4 66382.6 65293.5 1089.1 64361.3 711.414 1039.26 472.982 217.169 25.9497
internal_count=211839 23958 21121 187881 185363 182789 180110 2679 177286 2518 2431 889 389 39
is_linear=0
shrinkage=0.06


Tree=240
num_leaves=15
num_cat=0
split_feature=2 7 6 5 7 6 2 5 5 5 5 6 5 8
split_gain=6.04957 5.78196 6.0259 19.4993 17.6258 37.1418 19.5356 24.0772 15.4713 15.5474 14.6886 14.1474 12.5395 12.1339
threshold=1.0000000180025095e-35 3.5000000000000004 288.50000000000006 16.002066612243656 1.0000000180025095e-35 466.50000000000006 0.3888887763023377 19.791666984558109 19.791666984558109 19.708333015441898 20.208333015441898 374.50000000000006 19.625000000000004 10.949999809265138
decision_type=2 2 2 2 2 2 2 2 2 2 2 2 2 2
left_child=-1 2 8 -4 6 10 7 -5 9 12 -6 -8 -2 -10
right_child=1 -3 3 4 5 -7 11 -9 13 -11 -12 -13 -14 -15
leaf_value=-0.029795118229892014 4.8811334241669733e-05 -0.0057583555259592837 -0.017256918949122978 -0.006259208081960164 0.00035770591577964791 -0.020633197587629149 0.0019378756562158351 0.0046203575468892893 0.0050035812253853345 -0.0085747447955212656 -0.0043907902261978264 0.0094671561215644816 0.010041988457220088 -0.00096944447130664006
leaf_weight=24.535102202877169 43263.471628271393 621.29830776242306 258.41031347564422 1890.5578672564588 5818.3604746932397 381.79767662694212 2952.6366254584864 1195.2762227855856 4211.8815415333956 747.30070165777579 3928.6219236518955 1291.3159214864718 456.81028260919265 1726.169538019225
leaf_count=8984 133715 4149 506 4791 10850 2231 3694 3595 12292 1390 18411 1486 693 5052
internal_value=-7.06608e-06 3.56545e-06 5.61159e-05 -0.000895719 -0.000653551 -0.00227532 0.00158751 -0.00204508 0.000390674 6.54676e-06 -0.00155622 0.00422882 0.000153225 0.00326724
internal_weight=68768.4 68743.9 68122.6 17717 17458.6 10128.8 7329.79 3085.83 50405.6 44467.6 9746.98 4243.95 43720.3 5938.05
internal_count=211839 202855 198706 45564 45058 31492 13566 8386 153142 135798 29261 5180 134408 17344
is_linear=0
shrinkage=0.06


Tree=241
num_leaves=15
num_cat=4
split_feature=8 5 2 6 8 0 2 5 0 8 0 0 6 2
split_gain=5.92039 5.8213 5.72567 16.4249 14.0094 17.1362 18.7982 24.3882 16.2723 15.7137 15.5084 15.1792 14.8634 13.8889
threshold=1.0166666507720949 7.6250000000000009 0.24893803149461749 364.50000000000006 4.3166668415069589 0 0.069445088505744948 20.041666984558109 1 2.1166666746139531 2 3 130.50000000000003 0.34722022712230688
decision_type=2 2 2 2 2 9 2 2 9 2 9 9 2 2
left_child=-1 -2 3 4 5 -3 10 8 -8 -10 -7 12 -6 -4
right_child=1 2 13 -5 11 6 7 -9 9 -11 -12 -13 -14 -15
leaf_value=-0.029795118197640434 -0.029795118384576321 0.0041218198822470017 -0.0019519924630882048 -0.005912529012292311 0.0020736671808232773 0.0056005997925195772 0.0028533260714617729 0.0057999498523375465 -0.023875182228195475 -0.007790246771341317 -0.013598059668770162 0.0029288542761247336 -0.020713746845575663 0.00029763779277174155
leaf_weight=24.011327260814141 23.593084755993914 1774.8884513693629 13752.33523946593 1206.6530847733084 214.63008062541485 1194.8336228482658 467.75480729341507 610.02833132294472 243.24587428383529 2161.9758106674999 163.97919424780412 11646.896209307102 198.20795352756977 35085.320858047227
leaf_count=15437 2420 7266 42933 7414 985 4249 922 2027 3759 9053 712 28569 650 85443
internal_value=-7.02701e-06 3.37751e-06 1.36079e-05 0.000871941 0.00131027 -0.000908237 -0.00275495 -0.00509576 -0.00740928 -0.00937797 0.00322488 0.00252748 -0.00865712 -0.000335842
internal_weight=68768.4 68744.3 68720.7 19883.1 18676.4 6616.71 4841.82 3483 2872.98 2405.22 1358.81 12059.7 412.838 48837.7
internal_count=211839 196402 193982 65606 58192 27988 20722 15761 13734 12812 4961 30204 1635 128376
cat_boundaries=0 1 2 3 4
cat_threshold=4221184 4096 2097168 8192
is_linear=0
shrinkage=0.06


Tree=242
num_leaves=15
num_cat=3
split_feature=5 5 5 8 0 5 5 5 5 0 0 7 8 8
split_gain=5.9075 5.85114 22.1707 22.9582 49.4245 35.4744 18.1473 17.0829 15.4536 15.2934 15.0138 14.7451 13.68 17.832
threshold=21.458333015441898 15.541666507720949 14.208333492279055 12.583333492279055 0 11.791666507720949 15.708333492279055 15.759388446807863 12.458333492279055 1 2 1.5000000000000002 17.166666984558109 18.166666984558109
decision_type=2 2 2 2 9 2 2 2 2 9 9 2 2 2
left_child=1 2 3 4 8 -5 -3 -8 -1 -4 -9 -12 -7 -14
right_child=-2 6 9 5 -6 12 7 10 -10 -11 11 -13 13 -15
leaf_value=-0.024057334172585917 -0.029795118262951364 0.010226248265247555 -0.020940163728093208 -0.0010878329458801491 -0.00016117582081750351 0.014417154674102482 -0.0091141721449298913 7.0546293601719026e-05 -0.007986116148697299 -0.0041506277082082555 0.0067280178082033005 -0.0014999140597313414 -0.015656803117220452 0.009825332423217108
leaf_weight=376.45195071771741 23.958946947212098 667.29355731315445 199.82052190031391 1960.477954440983 15781.214827158838 1154.8829464316368 689.33016359608155 40046.498663918406 503.46182622702327 3271.7946271226974 2467.4770479274448 1149.3113710028119 140.04497428238392 336.19001784175634
leaf_count=14335 18284 1728 1330 11283 40573 2284 1937 81361 5292 10685 14646 6719 498 884
internal_value=-6.96441e-06 3.41744e-06 -0.000759115 2.80389e-07 -0.000937649 0.00435126 0.000405253 0.000257494 -0.0146948 -0.00518928 0.000405448 0.00410208 0.0108886 0.00233188
internal_weight=68768.2 68744.3 23724.3 20252.7 16661.1 3591.6 45019.9 44352.6 879.914 3471.62 43663.3 3616.79 1631.12 476.235
internal_count=211839 193555 87164 75149 60200 14949 106391 104663 19627 12015 102726 21365 3666 1382
cat_boundaries=0 1 2 3
cat_threshold=3840 9472 2101520
is_linear=0
shrinkage=0.06


Tree=243
num_leaves=15
num_cat=1
split_feature=2 2 2 2 2 2 6 7 2 2 5 2 8 0
split_gain=5.83241 5.77101 20.5104 15.2634 14.4482 25.0401 21.1284 16.2033 15.8419 24.098 15.8534 13.5508 15.2694 17.9955
threshold=1.0000000180025095e-35 0.4999998807907105 0.47064860165119177 0.45787276327610021 0.42425052821636206 0.41176496446132665 434.50000000000006 1.0000000180025095e-35 0.3888887763023377 0.37499952316284185 11.625000000000002 0.63452148437500011 11.949999809265138 0
decision_type=2 2 2 2 2 2 2 2 2 2 2 2 2 9
left_child=-1 2 3 4 5 6 8 -8 9 -2 -10 -3 13 -13
right_child=1 11 -4 -5 -6 -7 7 -9 10 -11 -12 12 -14 -15
leaf_value=-0.029795118215811375 0.00031748395810928968 -0.0033385679703986926 0.0036277553661330114 -0.0042604802590123364 0.0029340045886456956 -0.0051480772679285561 -0.0014776573034829487 -0.01803324053212348 -0.0047244278729393335 -0.0061362473314153163 0.0057050652526213054 0.014930765958448304 -0.0027814917902641168 -0.00045724506987182063
leaf_weight=23.654689404647797 36785.528935582959 4962.3249692785321 5672.4027383651119 3085.6908971256344 5700.4277598772314 3498.6755663376534 455.54931801802013 399.42601727828151 627.50565693515819 2207.8822020183434 3202.1242945760023 543.99578173912596 1055.0231031262083 548.252847162541
leaf_count=8984 121376 13983 8683 4904 12240 8495 1293 2722 4397 6924 5824 3440 5033 3541
internal_value=-7.07504e-06 3.17485e-06 0.000189884 -0.00015858 8.07904e-05 -0.000263968 0.000127257 -0.00921207 0.00031372 -4.79388e-05 0.00399614 -0.00161546 0.00236662 0.00733928
internal_weight=68768.5 68744.8 61635.2 55962.8 52877.1 47176.7 43678 854.975 42823 38993.4 3829.63 7109.6 2147.27 1092.25
internal_count=211839 202855 176858 168175 163271 151031 142536 4015 138521 128300 10221 25997 12014 6981
cat_boundaries=0 1
cat_threshold=768
is_linear=0
shrinkage=0.06


Tree=244
num_leaves=15
num_cat=1
split_feature=8 2 2 8 2 2 2 6 5 5 6 6 0 8
split_gain=5.72599 5.67606 9.28585 11.6856 11.6526 19.249 14.4233 13.8056 16.6323 22.2065 16.8861 14.6825 13.5982 12.4004
threshold=1.0166666507720949 0.74913629889488231 0.69218558073043834 11.949999809265138 0.4999998807907105 0.47064860165119177 0.45787276327610021 327.50000000000006 18.791666984558109 20.208333015441898 443.50000000000006 339.50000000000006 0 24.166666984558109
decision_type=2 2 2 2 2 2 2 2 2 2 2 2 9 2
left_child=-1 2 4 -4 5 6 7 -2 -9 11 13 -10 -8 -11
right_child=1 -3 3 -5 -6 -7 12 8 9 10 -12 -13 -14 -15
leaf_value=-0.02979511827372467 0.00045477846941531502 -0.012218027939948353 0.011361929009284497 -0.0012659394235406654 -0.0026081853404396156 0.0035074823566214899 0.0066772675476305648 -0.0097220071935817561 -0.0060209073793856729 -0.0044620408886097218 -0.019286007567916937 0.0035558094019189209 -0.0055999466763238092 0.033653568146313866
leaf_weight=23.223072723776568 45930.008091742522 136.54137092456222 577.30088894884102 485.81839877564926 5897.1712919725105 5692.8887445237488 361.7319517172873 965.47067173197865 716.74303544312716 2004.6518341799383 292.88872302116943 2941.8072331920266 2710.7887746002525 31.206319909979356
leaf_count=15437 135479 628 4283 2885 17330 8591 949 2182 1052 11199 3078 4672 3916 158
internal_value=-6.97783e-06 3.08504e-06 2.74069e-05 0.00559132 -6.01653e-05 0.000183574 -0.0001546 7.7595e-05 -0.00241408 -0.00123565 -0.0058157 0.00167964 -0.00415103 -0.00387779
internal_weight=68768.2 68745 68608.5 1063.12 67545.4 61648.2 55955.3 52882.8 6952.77 5987.3 2328.75 3658.55 3072.52 2035.86
internal_count=211839 196402 195774 7168 188606 171276 162685 157820 22341 20159 14435 5724 4865 11357
cat_boundaries=0 1
cat_threshold=23552
is_linear=0
shrinkage=0.06


Tree=245
num_leaves=15
num_cat=3
split_feature=8 0 5 0 8 8 5 5 8 8 0 5 8 2
split_gain=5.70469 9.45155 14.0408 9.34738 14.5194 16.9973 14.3544 9.69513 17.3359 9.36436 43.4378 33.4954 33.4166 26.3593
threshold=3.2500000000000004 0 18.541666984558109 1 35.500000000000007 30.166666984558109 19.291666984558109 10.541666507720949 12.700000286102297 11.949999809265138 2 10.791666507720949 13.949999809265138 0.6264714002609254
decision_type=2 9 2 9 2 2 2 2 2 2 9 2 2 2
left_child=1 2 -1 7 5 9 -6 8 -2 13 12 -12 -11 -5
right_child=3 -3 -4 4 6 -7 -8 -9 -10 10 11 -13 -14 -15
leaf_value=-0.025916496613170904 -0.014622258720534704 -0.0011567100376390902 0.0034682584260346521 0.00031679466982478946 -0.016657282559919041 0.021108025597130382 0.012008880248865404 0.0037395301820120882 0.026066021765882838 -0.017000514694172023 -0.0097083339027009222 0.00028208680651869094 0.054656049621725239 0.011128360157372378
leaf_weight=139.22471744281938 229.35689924063627 7470.6514953343722 101.0119942210149 37380.355184648011 333.38824620936066 137.90896781784249 77.504547806543997 3825.2972969006514 45.11186104407534 778.4531964827911 1306.2319805575535 16089.593420605175 24.15597128123045 829.8414816892473
leaf_count=10161 4262 41624 3438 85726 2058 356 333 16809 474 5079 8173 29942 84 3320
internal_value=-6.9115e-06 -0.00154468 -0.0130192 0.000187292 -1.21376e-05 6.95206e-05 -0.0112501 0.00295077 -0.00793471 1.80852e-05 -0.0011021 -0.000467813 -0.0146612 0.000551598
internal_weight=68768.1 7710.89 240.237 61057.2 56957.4 56546.5 410.893 4099.77 274.469 56408.6 18198.4 17395.8 802.609 38210.2
internal_count=211839 55223 13599 156616 135071 132680 2391 21545 4736 132324 43278 38115 5163 89046
cat_boundaries=0 1 2 3
cat_threshold=3584 4212736 256
is_linear=0
shrinkage=0.06


Tree=246
num_leaves=15
num_cat=4
split_feature=5 5 4 0 8 5 5 6 8 0 0 0 5 5
split_gain=5.70068 5.62076 5.52383 9.37343 7.0592 6.33717 19.2191 15.8999 16.5636 41.4549 16.633 14.887 14.0031 31.2444
threshold=21.458333015441898 7.6250000000000009 0.79698821902275097 0 5.6333332061767587 16.002066612243656 16.208333015441898 275.50000000000006 12.583333492279055 1 2 3 11.791666507720949 13.958333492279055
decision_type=2 2 2 9 2 2 2 2 2 9 9 9 2 2
left_child=1 -1 5 4 -4 7 -7 8 9 -3 -11 -8 -10 -14
right_child=-2 2 3 -5 -6 6 11 -9 12 10 -12 -13 13 -15
leaf_value=-0.029795117960270741 -0.029795118267633629 -0.00014378158704555548 -0.0068050240275518053 -0.0072952943300848665 4.5594081090784211e-05 0.011413225813671914 0.0049595098428445823 -0.014651219106250283 -0.00080070653583142457 -0.0051884906148806477 -0.016470201906032489 0.00017813534537724102 0.011703166597731633 -0.0035616193228202265
leaf_weight=22.780993899796158 23.120342366601108 18103.650572604209 610.17583557323087 904.58276662440039 4811.1452022120357 590.12320444616489 2503.5631154804723 285.26338998833671 1744.4740917966701 1487.074354075361 702.64621453674044 34842.003921906464 1401.021758377552 736.46295066922903
leaf_count=2710 18284 42919 2952 3570 11137 2007 16064 584 9604 15856 11812 69790 3118 1432
internal_value=-6.91213e-06 3.10625e-06 1.29842e-05 -0.00167645 -0.000724115 0.000184263 0.000669808 -0.000568763 -0.000402593 -0.00108949 -0.00886703 0.000500044 0.00318823 0.00644374
internal_weight=68768.1 68745 68722.2 6325.9 5421.32 62396.3 37935.7 24460.6 24175.3 20293.4 2189.72 37345.6 3881.96 2137.48
internal_count=211839 193555 190845 17659 14089 173186 87861 85325 84741 70587 27668 85854 14154 4550
cat_boundaries=0 1 2 3 4
cat_threshold=6301712 6311952 10240 4206080
is_linear=0
shrinkage=0.06


Tree=247
num_leaves=15
num_cat=2
split_feature=2 2 6 8 0 2 5 8 0 2 6 2 2 2
split_gain=5.62105 5.53016 14.4581 13.4219 15.3164 19.1976 17.1199 19.7513 14.6839 14.3403 14.2232 13.064 17.6613 17.5231
threshold=1.0000000180025095e-35 0.24893803149461749 364.50000000000006 4.2500000000000009 0 0.033703841269016273 20.041666984558109 1.9499999880790713 1 0.059561572968959815 130.50000000000003 0.34722022712230688 0.32411664724349981 0.30508534610271459
decision_type=2 2 2 2 9 2 2 2 9 2 2 2 2 2
left_child=-1 2 3 4 -2 -6 7 -7 10 -9 -5 12 13 -3
right_child=1 11 -4 8 5 6 -8 9 -10 -11 -12 -13 -14 -15
leaf_value=-0.029795118222838923 0.0037992546239186782 -0.0021754185408168324 -0.0055681550618558503 0.0017918092998123519 0.0079059044563224035 -0.021678538818849076 0.0046456029008274634 0.0048394583388263867 0.0028324299138121627 -0.006138302936504845 -0.020553958531992961 0.00027303148465464196 -0.0057804569824389165 0.0034001252322393653
leaf_weight=22.797605328756617 1792.0265351950075 7739.2586672320031 1189.5011285537039 216.54527765884995 545.55549329397036 258.72967711160891 684.48044116329402 505.33315774798393 11699.735266460688 2813.2273556776345 194.78074990212917 35114.032926913293 3241.7696537679876 2750.4542965201545
leaf_count=8984 11832 24629 6305 1059 1774 5839 3002 985 24957 11216 650 89942 11698 8967
internal_value=-6.97257e-06 2.90588e-06 0.000846018 0.00125379 -0.000923196 -0.0026859 -0.00404807 -0.00571153 0.00244004 -0.00446667 -0.00858126 -0.000340582 -0.00190971 -0.000713484
internal_weight=68768.2 68745.4 19899.9 18710.4 6599.35 4807.33 4261.77 3577.29 12111.1 3318.56 411.326 48845.5 13731.5 10489.7
internal_count=211839 202855 67619 61314 34648 22816 21042 18040 26666 12201 1709 135236 45294 33596
cat_boundaries=0 1 2
cat_threshold=4221184 8192
is_linear=0
shrinkage=0.06


Tree=248
num_leaves=15
num_cat=1
split_feature=5 2 2 2 2 2 2 2 6 2 2 5 0 7
split_gain=5.51621 5.50848 8.64237 11.146 18.0241 13.7518 13.389 23.785 19.053 14.3466 22.586 14.6038 12.8779 12.1382
threshold=21.458333015441898 0.74913629889488231 0.69218558073043834 0.4999998807907105 0.47064860165119177 0.45787276327610021 0.42425052821636206 0.41176496446132665 423.50000000000006 0.3888887763023377 0.37499952316284185 11.625000000000002 0 1.0000000180025095e-35
decision_type=2 2 2 2 2 2 2 2 2 2 2 2 9 2
left_child=1 2 3 4 5 6 7 8 9 10 -1 -11 -7 -10
right_child=-2 -3 -4 -5 -6 12 -8 -9 13 11 -12 -13 -14 -15
leaf_value=0.00032439343182234163 -0.029795118210714368 -0.012082850727997807 0.0053778696864165351 -0.0025528643892059381 0.0033902564330038332 0.0064388042802969317 0.0028198500919454548 -0.0050266446983938742 -0.0018458571791205517 -0.0045777055002691703 -0.0059536072888371743 0.0054562250653887624 -0.0054783624411546021 -0.015213018019394266
leaf_weight=36683.46327178122 22.372407250280958 135.49930768366903 1069.5707749840803 5885.1958855160046 5712.9986334838904 364.17840084352065 5720.3796179968049 3481.5225871090661 519.51283893140499 623.85464068659348 2185.9352878063801 3204.303423236357 2697.1847809967585 462.07335837947903
leaf_count=115985 18284 644 4437 17741 8683 978 12097 8447 1236 4397 6902 5794 3926 2288
internal_value=-6.89328e-06 2.80092e-06 2.66691e-05 -5.80724e-05 0.000180063 -0.000147771 7.85728e-05 -0.000253932 0.000126485 0.000316488 -2.86685e-05 0.00382105 -0.00405756 -0.00813833
internal_weight=68768 68745.7 68610.2 67540.6 61655.4 55942.4 52881 47160.7 43679.1 42697.6 38869.4 3828.16 3061.36 981.586
internal_count=211839 193555 192911 188474 170733 162050 157146 145049 136602 133078 122887 10191 4904 3524
cat_boundaries=0 1
cat_threshold=23552
is_linear=0
shrinkage=0.06


Tree=249
num_leaves=15
num_cat=3
split_feature=8 7 4 8 2 8 0 2 2 2 2 0 0 8
split_gain=5.50204 5.43623 5.7267 10.3184 10.1316 12.0678 9.84177 9.81774 10.4089 11.9393 17.377 16.5839 15.0796 11.2969
threshold=1.0166666507720949 3.5000000000000004 0.5604878067970277 16.166666984558109 0.39646527171134954 21.166666984558109 0 0.69218558073043834 0.4999998807907105 0.41920110583305364 0.40542611479759222 1 2 5.6333332061767587
decision_type=2 2 2 2 2 2 9 2 2 2 2 9 9 2
left_child=-1 2 -2 6 5 -5 -4 8 9 10 11 13 -11 -8
right_child=1 -3 3 4 -6 -7 7 -9 -10 12 -12 -13 -14 -15
leaf_value=-0.02979511822981323 0.00055046293871977101 -0.0056024216369355614 -0.0041243320614698462 -0.013452052056070331 -0.0018058590979651637 0.0035806246912940764 -0.0030493715995586214 0.0070517898905242751 -0.003633299192938508 0.00077127360664353429 -0.0060056139585829846 -0.0060634058473898866 0.0071932781189065357 0.0017865642453250635
leaf_weight=22.314881608879659 37520.784112422465 617.29373297048733 2079.4549510478973 635.13173950277269 2544.5475225417176 195.95069368739496 2115.70089161332 722.99146250786725 2597.525807866361 4964.0235122404993 1847.2011634176597 1352.6471921333577 1785.4806823120452 9766.8640770195052
leaf_count=15437 102922 3800 5521 2663 6667 818 11085 5426 9964 6171 4201 10578 6278 20308
internal_value=-6.83575e-06 2.83355e-06 5.36214e-05 -0.000555441 -0.00368444 -0.00943613 -0.000167575 0.000161122 -4.27415e-05 0.000384457 -0.000554174 0.000206668 0.00248192 0.000924743
internal_weight=68767.9 68745.6 68128.3 30607.5 3375.63 831.082 27231.9 25152.4 24429.4 21831.9 15082.4 13235.2 6749.5 11882.6
internal_count=211839 196402 192602 89680 10148 3481 79532 74011 68585 58621 46172 41971 12449 31393
cat_boundaries=0 1 2 3
cat_threshold=20480 6293520 6291456
is_linear=0
shrinkage=0.06


Tree=250
num_leaves=15
num_cat=2
split_feature=2 8 2 6 8 0 0 2 5 8 6 2 2 5
split_gain=5.48678 6.18829 5.42525 13.2949 12.9116 13.8964 13.819 20.1201 16.2345 19.1839 13.8109 13.5494 12.4346 18.1871
threshold=0.0083173098973929899 1.6833333373069765 0.24893803149461749 364.50000000000006 4.2500000000000009 0 1 0.033703841269016273 20.041666984558109 1.9499999880790713 130.50000000000003 0.059561572968959815 0.23525891453027728 10.00009059906006
decision_type=2 2 2 2 2 9 9 2 2 2 2 2 2 2
left_child=1 -1 3 4 6 10 -2 -8 9 -9 -6 -11 13 -7
right_child=2 -3 -4 -5 5 12 7 8 -10 11 -12 -13 -14 -15
leaf_value=0.021324220636262672 0.0035790957324176682 -0.020110944337958698 -0.00032612161830730278 -0.0053376611257955472 0.001786860309636529 -0.0068210191290190925 0.0085753904351190628 -0.02150343962714427 0.0044809979177369971 0.0046430291870464806 -0.02035580882345801 -0.0060065564319353821 0.0087377030163872833 0.0028320220045151574
leaf_weight=15.258413418720009 1789.5315570643288 86.739459259493742 48821.546874213207 1175.8376957593719 216.57921195402741 756.85231454670429 517.27226656582206 253.26597014296567 687.76753808039939 508.21549153327942 190.69191356003284 2797.6470536636189 1139.4961104206741 9811.0345393177122
leaf_count=2657 11621 6907 135236 6263 1058 1082 1540 5839 3002 985 650 11216 2095 21688
internal_value=-6.75953e-06 -0.0139124 1.38963e-05 0.000850423 0.00124018 0.00240077 -0.000905178 -0.00259165 -0.0039579 -0.00558863 -0.00837511 -0.00436938 0.00278041 0.00214069
internal_weight=68767.7 101.998 68665.7 19844.2 18668.4 12114.7 6553.7 4764.17 4246.9 3559.13 407.271 3305.86 11707.4 10567.9
internal_count=211839 9564 202275 67039 60776 26573 34203 22582 21042 18040 1708 12201 24865 22770
cat_boundaries=0 1 2
cat_threshold=8192 4221184
is_linear=0
shrinkage=0.06


Tree=251
num_leaves=15
num_cat=2
split_feature=5 0 5 2 7 5 5 5 5 6 5 5 0 8
split_gain=5.47535 9.17851 9.02421 8.56823 8.46809 6.6271 16.4284 10.0018 20.0978 11.2234 9.76482 13.4037 11.2949 11.1101
threshold=21.208333015441898 0 21.291666984558109 0.19302040338516238 1.0000000180025095e-35 21.041666984558109 20.958333015441898 20.791666984558109 20.708333015441898 423.50000000000006 20.541666984558109 20.458333015441898 1 1.6333333253860476
decision_type=2 9 2 2 2 2 2 2 2 2 2 2 9 2
left_child=5 3 -3 -2 -4 6 7 8 10 -9 11 13 -12 -1
right_child=1 2 4 -5 -6 -7 -8 9 -10 -11 12 -13 -14 -15
leaf_value=-0.012761865736397331 -0.017129180532959414 -0.014625829075066618 0.018084104854594982 0.013036091129973683 -0.0053213445237783796 0.0058055813153048037 -0.0092316450212595134 0.0070411297291077873 -0.0088158997444421159 -0.023262213224328272 0.0010149740125427089 -0.0063201892343975764 0.012505782215560646 0.00018520962265612052
leaf_weight=239.53146902850131 42.634032131696586 352.02704222430475 66.417118060868233 165.44011005293578 343.22455175436335 714.42416418081848 687.43250773404725 1051.2471301262267 918.6233520207461 45.921376889105886 864.32231592445169 1180.0674655179027 475.04762160545215 61621.20736151532
leaf_count=15749 2361 2397 6209 680 12311 2518 2574 2431 2824 248 1951 3092 1025 155469
internal_value=-6.68641e-06 -0.00448325 -0.0074825 0.00654092 -0.00152651 5.73439e-05 -3.87358e-06 9.16664e-05 -3.78957e-06 0.0057728 0.000121948 1.42403e-05 0.00519148 0.000135077
internal_weight=68767.6 969.743 761.669 208.074 409.642 67797.8 67083.4 66396 65298.8 1097.17 64380.2 63040.8 1339.37 61860.7
internal_count=211839 23958 20917 3041 18520 187881 185363 182789 180110 2679 177286 174310 2976 171218
cat_boundaries=0 1 2
cat_threshold=16 4368
is_linear=0
shrinkage=0.06


Tree=252
num_leaves=15
num_cat=4
split_feature=5 5 8 0 5 5 5 5 0 8 0 0 7 6
split_gain=5.51514 20.5535 20.9542 44.6061 30.6354 16.3993 15.9445 15.4618 14.3204 13.9588 39.1619 18.0983 17.9715 17.2536
threshold=15.541666507720949 14.208333492279055 12.583333492279055 0 11.791666507720949 15.708333492279055 15.759388446807863 12.458333492279055 1 11.949999809265138 2 3 1.5000000000000002 227.50000000000003
decision_type=2 2 2 9 2 2 2 2 9 2 9 9 2 2
left_child=1 2 3 7 -4 -2 -7 -1 -3 11 -11 13 -13 -8
right_child=5 8 4 -5 -6 6 9 -9 -10 10 -12 12 -14 -15
leaf_value=-0.023807270193706011 0.0096510376264985365 -0.020587467044289525 -0.00097508222034746895 -0.00019159017530207605 0.010106002969893587 -0.0088669737615915435 0.003369426950110195 -0.0074492335314743962 -0.0040371526697965685 -0.015118272049993926 -0.00045971376776481981 0.0066041578801506601 -0.0006474177105331865 -0.00045562490551489306
leaf_weight=360.73059670912335 677.02414530515671 191.78340271755587 1952.8081086513121 15797.438571661245 1663.1111627984792 681.18795774166938 5479.948507676454 491.36564371909481 3257.3368837749586 680.74452986981487 13132.479486381053 3720.4036576547951 1838.2239088904753 18842.656681498396
leaf_count=14335 1728 1330 11283 40573 3666 1937 12870 5292 10685 4399 23056 24377 13249 43059
internal_value=-6.54589e-06 -0.000747159 -1.84353e-05 -0.000917555 0.00412157 0.000383294 0.000241899 -0.0142076 -0.0050288 0.000383904 -0.0011934 0.00111304 0.00419853 0.000406003
internal_weight=68767.2 23714.6 20265.5 16649.5 3615.92 45052.7 44375.6 852.096 3449.12 43694.5 13813.2 29881.2 5558.63 24322.6
internal_count=211839 87164 75149 60200 14949 124675 122947 19627 12015 121010 27455 93555 37626 55929
cat_boundaries=0 1 2 3 4
cat_threshold=3840 9472 256 2101264
is_linear=0
shrinkage=0.06


Tree=253
num_leaves=15
num_cat=0
split_feature=5 5 8 8 8 8 8 2 8 6 8 6 5 8
split_gain=5.40993 5.34341 5.30387 12.421 9.4926 12.309 8.95581 16.5905 16.4638 17.4561 14.2823 14.3746 13.2185 12.5637
threshold=7.6250000000000009 21.458333015441898 49.500000000000007 47.500000000000007 42.500000000000007 41.500000000000007 36.500000000000007 0.13542187958955768 35.500000000000007 290.50000000000006 18.166666984558109 243.50000000000003 15.150661468505861 16.500000000000004
decision_type=2 2 2 2 2 2 2 2 2 2 2 2 2 2
left_child=-1 2 3 4 5 6 8 -8 10 -10 13 -12 -9 -2
right_child=1 -3 -4 -5 -6 -7 7 12 9 -11 11 -13 -14 -15
leaf_value=-0.029795118302844443 0.00013664039410519045 -0.029795118238162124 0.015991886055366618 -0.022808870665624963 0.03103869734197668 -0.022344378939839194 0.17613458786908479 0.048828862478197115 -0.022552823955541566 0.092267248087782264 0.011173929975195084 -0.0017955533491995992 0.00019783259267666585 -0.0034014733508355029
leaf_weight=21.941279695136473 63035.988726315903 21.657764744828455 74.693683885037899 85.88301383331418 35.506567675620317 88.581815654411912 2.3308925032615653 28.235660333186388 157.40868267416954 4.9155199378728858 812.80872851610184 495.0076908422634 70.016451925039291 3832.7408174620941
leaf_count=2710 175707 18284 213 511 144 560 5 127 926 15 2149 1065 191 9232
internal_value=-6.75125e-06 2.75617e-06 1.21467e-05 -5.23999e-06 2.33239e-05 7.25389e-06 3.61838e-05 0.0179267 9.85212e-06 -0.0190758 5.5294e-05 0.00626499 0.0141734 -6.6155e-05
internal_weight=68767.7 68745.8 68724.1 68649.4 68563.5 68528 68439.5 100.583 68338.9 162.324 68176.5 1307.82 98.2521 66868.7
internal_count=211839 209129 190845 190632 190121 189977 189417 323 189094 941 188153 3214 318 184939
is_linear=0
shrinkage=0.06


Tree=254
num_leaves=15
num_cat=4
split_feature=2 5 5 8 0 5 5 5 5 0 8 0 0 7
split_gain=5.32536 5.17022 19.5578 19.5908 42.5587 28.5974 15.2305 15.1726 15.1693 13.8992 12.9566 37.5889 17.0596 16.7413
threshold=1.0000000180025095e-35 15.541666507720949 14.208333492279055 12.583333492279055 0 11.791666507720949 15.708333492279055 12.458333492279055 15.759388446807863 1 11.949999809265138 2 3 1.5000000000000002
decision_type=2 2 2 2 9 2 2 2 2 9 2 9 9 2
left_child=-1 2 3 4 7 -5 -3 -2 -8 -4 12 -12 -10 -14
right_child=1 6 9 5 -6 -7 8 -9 10 -11 11 -13 13 -15
leaf_value=-0.029795118174086331 -0.023642549055339742 0.0092670969986863375 -0.020396302786126697 -0.00095196193138545723 -0.00017289116536480127 0.0097287990908571688 -0.0086815292419739117 -0.0072852282303670574 0.00039510529203165735 -0.0039322445077408542 -0.014892473309312631 -0.00042640894781512231 0.0063805494765217753 -0.00061401290086033971
leaf_weight=21.598281720129307 351.07285188353853 683.67858351639006 187.67929141386412 1951.2427681228146 15787.460113093606 1678.9833722561598 675.2049605648499 487.78559217083966 24331.388209771307 3244.0835192257655 670.27864860929549 13117.5756013887 3743.4001526174252 1836.1196211606148
leaf_count=8984 13518 1727 1330 11205 39603 3635 1935 5292 53204 10661 3767 21931 22151 12896
internal_value=-6.67946e-06 2.67933e-06 -0.000714949 -5.33875e-06 -0.000877231 0.0039879 0.00037996 -0.0139645 0.000243034 -0.00490354 0.000380931 -0.00114077 0.00108238 0.00407147
internal_weight=68767.6 68746 23688.3 20256.5 16626.3 3630.23 45057.6 838.858 44374 3431.76 43698.8 13787.9 29910.9 5579.52
internal_count=211839 202855 85244 73253 58413 14840 117611 18810 115884 11991 113949 25698 88251 35047
cat_boundaries=0 1 2 3 4
cat_threshold=3840 9472 256 2101264
is_linear=0
shrinkage=0.06


Tree=255
num_leaves=15
num_cat=3
split_feature=8 5 0 2 0 5 2 6 4 2 8 2 6 0
split_gain=5.46897 9.36762 18.4711 43.2039 17.4101 16.9552 16.9355 10.9963 10.7209 10.4666 11.899 8.63916 18.1975 8.54433
threshold=3.2500000000000004 20.291666984558109 0 0.059561572968959815 1 19.521871566772464 0.18055619299411776 327.50000000000006 0.50862327218055736 0.020957368426024917 1.7333333492279055 0.11493354663252832 29.500000000000004 2
decision_type=2 2 9 2 9 2 2 2 2 2 2 2 2 9
left_child=1 2 8 9 -3 11 -6 -8 -1 -4 -11 12 -5 -2
right_child=13 4 3 5 6 -7 7 -9 -10 10 -12 -13 -14 -15
leaf_value=0.0018075432411817009 0.0026354725444756957 -0.010604016486700958 0.02424716064461763 0.064364955073175023 -0.0044279194143686867 -0.0033461507844059516 0.018698035890039454 0.0014052633776726537 -0.0069829172925801857 -0.011806069863211992 0.0072196552190205007 -0.018410498767252353 -0.010166417579500426 -2.2222018931131126e-05
leaf_weight=3126.9518289291882 4709.554830864683 240.00915739842458 96.591041549778311 12.10704246163368 294.00171683909139 726.6068153756205 410.53217409789795 195.38222579966532 594.41875145962695 150.09131893422455 559.39826356619596 841.13483368844027 455.14983948890585 56356.029644328839
leaf_count=13391 24727 2221 1259 52 4745 4305 2210 1236 3157 1331 1096 17163 3057 131889
internal_value=-6.85616e-06 -0.00151345 -0.00238554 -0.00601747 0.00350706 -0.0106954 0.00730715 0.0131218 0.000402352 0.00571746 0.0031948 -0.0147767 -0.00823524 0.000183175
internal_weight=68768 7702.38 6562.45 2841.08 1139.93 2035 899.916 605.914 3721.37 806.081 709.49 1308.39 467.257 61065.6
internal_count=211839 55223 44811 28263 10412 24577 8191 3446 16548 3686 2427 20272 3109 156616
cat_boundaries=0 1 2 3
cat_threshold=4222976 14336 4213760
is_linear=0
shrinkage=0.06


Tree=256
num_leaves=15
num_cat=2
split_feature=8 0 5 7 5 6 3 8 5 4 5 8 2 0
split_gain=5.36301 7.25535 6.88821 17.2251 11.6533 11.0659 14.553 14.1721 9.9385 14.9062 13.6739 13.7748 22.9567 35.8181
threshold=2.3166666030883794 0 20.708333015441898 1.5000000000000002 20.791666984558109 323.50000000000006 81.149997711181655 10.949999809265138 19.291666984558109 0.62678572535514843 19.208333015441898 9.4499998092651385 0.1388906612992287 1
decision_type=2 9 2 2 2 2 2 2 2 2 2 2 2 9
left_child=1 -1 8 4 -4 7 -7 -5 10 -10 11 12 -2 -14
right_child=2 -3 3 5 -6 6 -8 -9 9 -11 -12 -13 13 -15
leaf_value=-0.017220862446153562 0.0029812311280582723 -0.0018122178832895705 -0.0074628946335289796 0.001032495032459567 0.0043850303576639322 -0.013165240326533949 0.059435799368276858 -0.011233623442574074 0.0034430637794306065 -0.00016347820416472831 -0.0050450919941485081 0.0011416154288603334 0.002095384937130503 -0.00374142518600128
leaf_weight=104.35676236954168 4192.5962718781666 3242.1986640036339 374.25740118324757 1035.2407015475037 1483.4926702843513 684.06996648418135 10.08619005550281 504.26973057311261 7767.5728442333639 8799.0404800102115 1997.3312099054456 20779.957148084301 5451.7498576231301 12341.721136059379
leaf_count=9530 9297 27937 792 5237 13508 5308 175 3822 10167 15756 2621 48747 13144 45798
internal_value=-6.84817e-06 -0.00234958 0.000112992 -0.00227067 0.00199818 -0.00582108 -0.0121103 -0.0029853 0.000272009 0.00152752 -0.000192646 3.39813e-05 -0.00101289 -0.00195401
internal_weight=68767.9 3346.56 65421.4 4091.42 1857.75 2233.67 694.156 1539.51 61330 16566.6 44763.4 42766 21986.1 17793.5
internal_count=211839 37467 174372 28842 14300 14542 5483 9059 145530 25923 119607 116986 68239 58942
cat_boundaries=0 1 2
cat_threshold=2560 4223232
is_linear=0
shrinkage=0.06


Tree=257
num_leaves=15
num_cat=1
split_feature=8 5 7 8 0 2 8 8 4 5 4 5 5 2
split_gain=5.23121 5.17557 5.13478 11.5421 10.8823 13.0273 9.41545 8.50272 10.2625 11.7824 10.2699 8.01309 9.41395 8.18969
threshold=1.0166666507720949 7.6250000000000009 2.5000000000000004 11.683333396911623 0 0.54874089360237133 45.500000000000007 7.0166666507720956 0.48528139293193823 11.041666507720949 0.48435972630977636 20.541666984558109 20.458333015441898 0.08217142149806024
decision_type=2 2 2 2 9 2 2 2 2 2 2 2 2 2
left_child=-1 -2 -3 7 5 6 -5 -4 9 -9 11 12 13 -11
right_child=1 2 3 4 -6 -7 -8 8 -10 10 -12 -13 -14 -15
leaf_value=-0.029795118231023255 -0.02979511817087779 0.00014608654487933785 -0.002437859096285314 0.022599908217568018 -0.0089916624678910602 -0.026166320860443366 -0.021185859645697004 -0.014280788467644669 0.00057260073062887992 0.076967688315655203 0.098385854549226159 0.0043557916405686766 0.08304844876860551 0.017792165803472693
leaf_weight=21.216874383564573 20.978328595345374 64383.58156915399 1937.9134333435504 114.51468571415171 1086.7385121504776 33.068806610419415 20.907724194228649 47.568925812840462 831.60674804693554 8.9918954670429212 5.6170583991333833 113.49624445353402 9.5707716047763807 132.26222291588783
leaf_count=15437 2420 176535 7796 365 5214 391 126 52 2495 11 33 792 15 157
internal_value=-6.88834e-06 2.305e-06 1.14006e-05 -0.00198562 -0.00683677 0.00717001 0.0158399 -1.30687e-05 0.0040762 0.0132527 0.0181047 0.0163987 0.025461 0.0215591
internal_weight=68768 68746.8 68725.8 4342.26 1255.23 168.491 135.422 3087.03 1149.11 317.507 269.938 264.321 150.825 141.254
internal_count=211839 196402 193982 17447 6096 882 491 11351 3555 1060 1008 975 183 168
cat_boundaries=0 1
cat_threshold=3072
is_linear=0
shrinkage=0.06


Tree=258
num_leaves=15
num_cat=1
split_feature=2 8 2 6 2 2 2 2 0 3 2 2 7 6
split_gain=5.20364 5.87461 5.10375 12.4329 12.3457 16.6126 16.4708 19.1656 19.0074 15.6576 15.3126 22.1015 14.7994 20.1194
threshold=0.0083173098973929899 1.6833333373069765 0.24893803149461749 364.50000000000006 0.34722022712230688 0.32411664724349981 0.30508534610271459 0.28282913565635687 0 48.95000076293946 0.36869816482067114 0.38270519673824316 1.0000000180025095e-35 374.50000000000006
decision_type=2 2 2 2 2 2 2 2 9 2 2 2 2 2
left_child=1 -1 3 -2 5 6 7 -4 -8 -9 -6 -12 13 -13
right_child=2 -3 4 -5 10 -7 8 9 -10 -11 11 12 -14 -15
leaf_value=0.020164259610484233 0.0011993087391115023 -0.019886335447988158 -0.00012847647441398301 -0.0051806481290676953 0.0040440901788514425 -0.0056141571766383088 0.0060650868545719947 -0.008440330309801564 -0.0055627291223354471 0.0065462995221368305 -0.0060049930341198061 0.00092162736244287427 -0.0010922436879920491 0.0086626757551608886
leaf_weight=15.612684469408121 18692.973431849387 84.773279063316295 5366.4314734598156 1168.3371557394275 3501.3230386323412 3219.4750111792819 2100.9737388693029 2068.4822582140914 658.44218836771324 285.62451959156897 2153.8348218872561 13816.89340654813 14310.134655993083 1324.568953068112
leaf_count=2657 60776 6907 16026 6263 10227 11698 4690 7947 4277 656 6865 34272 37059 1519
internal_value=-6.822e-06 -0.0136574 1.3134e-05 0.000824009 -0.000316846 -0.00184446 -0.000686403 -0.00210845 0.00329232 -0.006622 0.000279265 -0.000137811 0.000291264 0.00159881
internal_weight=68767.9 100.386 68667.5 19861.3 48806.2 13699.4 10480 7720.54 2759.42 2354.11 35106.8 31605.4 29451.6 15141.5
internal_count=211839 9564 202275 67039 135236 45294 33596 24629 8967 8603 89942 79715 72850 35791
cat_boundaries=0 1
cat_threshold=6291472
is_linear=0
shrinkage=0.06


Tree=259
num_leaves=15
num_cat=2
split_feature=8 5 0 2 0 2 5 2 8 6 4 6 2 2
split_gain=5.17604 8.98961 17.4776 40.8797 16.3744 15.6788 11.8708 19.8557 13.5175 11.1753 10.0853 9.94796 8.29159 9.99738
threshold=3.2500000000000004 20.291666984558109 0 0.033703841269016273 1 0.18055619299411776 19.521871566772464 0.11111100018024446 2.1166666746139531 23.500000000000004 0.50862327218055736 327.50000000000006 0.17003886401653293 0.027779543772339824
decision_type=2 2 9 2 9 2 2 2 2 2 2 2 2 2
left_child=1 2 10 -4 -3 -6 7 8 -5 -10 12 -7 13 -1
right_child=-2 4 3 6 5 11 -8 -9 9 -11 -12 -13 -14 -15
leaf_value=-0.010128591901605997 0.00017795362442209027 -0.010361283529924003 0.011950353444363035 -0.019085486801015458 -0.0042742931970943931 0.017836498629903993 -0.0027560525209574032 -0.017703470056850856 0.088836834050663283 -0.00075183201558675305 -0.0068189338755089059 0.0014312318365809617 -0.0003965912211716273 0.008388371559440954
leaf_weight=118.98389850358944 61076.222304482188 236.88648758854833 396.9771901720087 173.67544536665082 292.23193203151459 417.95767797401641 786.19580451399088 901.11785072623752 5.0576592981815329 561.50670325011015 590.17632274329662 195.219740989618 2124.5962431936059 890.96099199738819
leaf_count=2141 156616 2221 1983 2182 4745 2210 4566 17706 10 1816 3157 1236 6219 5031
internal_value=-6.77245e-06 -0.00147363 -0.00233029 -0.00587865 0.00343795 0.0070845 -0.00881844 -0.0117223 -0.00444117 4.79164e-05 0.00037529 0.0126135 0.00173103 0.00620685
internal_weight=68767.8 7691.54 6549.25 2824.53 1142.3 905.409 2427.55 1641.36 740.24 566.564 3724.72 613.177 3134.54 1009.94
internal_count=211839 55223 44811 28263 10412 8191 26280 21714 4008 1826 16548 3446 13391 7172
cat_boundaries=0 1 2
cat_threshold=4222976 14336
is_linear=0
shrinkage=0.06


Tree=260
num_leaves=15
num_cat=3
split_feature=5 5 8 0 5 5 8 0 0 4 6 5 8 5
split_gain=5.17327 26.8909 18.253 43.7377 24.5754 13.8969 13.171 36.9521 16.6111 15.8637 15.448 15.7705 14.9168 29.5848
threshold=15.254844665527346 14.458333492279055 12.583333492279055 0 11.791666507720949 12.458333492279055 11.949999809265138 1 2 0.196574941277504 229.50000000000003 18.791666984558109 6.9500000476837167 20.208333015441898
decision_type=2 2 2 9 2 2 2 9 9 2 2 2 2 2
left_child=1 2 3 5 -4 -1 8 -8 10 -10 -2 -12 -11 -14
right_child=6 -3 4 -5 -6 -7 7 -9 9 12 11 -13 13 -15
leaf_value=-0.023481127228866479 0.0026825174981114025 -0.007115607219491081 -0.00094121790055501212 -0.00019837448861502967 0.008799779134280393 -0.0080085679151382441 -0.014808958455363634 -0.00047592111224395401 0.055392935015256828 0.0012190437426911869 -0.0036154572023807978 0.000479871655120766 0.012973926981989171 -0.0033283929954568241
leaf_weight=342.09741712154937 8026.3231588836934 2160.0994793209247 1950.5161982870195 15978.040950602852 1786.2464905511588 537.02857390098507 670.49128613088396 13418.674393984489 21.834047446376644 2662.0097023608396 4379.2774776148144 14910.921578597045 1355.1857367921621 569.01637342752656
leaf_count=14335 19834 7673 11283 41106 3832 6001 4481 23644 87 24808 11228 34071 4325 5131
internal_value=-6.77098e-06 -0.000746812 -7.87887e-05 -0.000919804 0.00371517 -0.0138717 0.000359183 -0.00116887 0.00103355 0.00436174 0.000470349 -0.000449853 0.0041283 0.00815308
internal_weight=68767.8 22754 20593.9 16857.2 3736.76 879.126 46013.7 14089.2 31924.6 4608.05 27316.5 19290.2 4586.21 1924.2
internal_count=211839 84230 76557 61442 15115 20336 127609 28125 99484 34351 65133 45299 34264 9456
cat_boundaries=0 1 2 3
cat_threshold=3840 256 2125840
is_linear=0
shrinkage=0.06


Tree=261
num_leaves=15
num_cat=0
split_feature=5 5 2 2 2 2 2 2 2 6 7 2 2 5
split_gain=5.12776 5.02205 5.02171 7.69536 9.66934 16.2987 12.8179 12.2272 19.11 17.3785 14.9398 13.5502 20.5291 13.2221
threshold=21.458333015441898 7.6250000000000009 0.74913629889488231 0.69218558073043834 0.4999998807907105 0.47064860165119177 0.45787276327610021 0.42930126190185552 0.41176496446132665 434.50000000000006 1.0000000180025095e-35 0.3888887763023377 0.37499952316284185 11.625000000000002
decision_type=2 2 2 2 2 2 2 2 2 2 2 2 2 2
left_child=1 -1 3 4 5 6 7 8 9 11 -11 12 -3 -13
right_child=-2 2 -4 -5 -6 -7 -8 -9 -10 10 -12 13 -14 -15
leaf_value=-0.029795118226118592 -0.029795118224618881 0.00028612019482448137 -0.011664182244005655 0.0050597563016507472 -0.0023785919689846913 0.0032182422779942718 -0.0039233675991810534 0.0027667412976920039 -0.0043542982926918416 -0.0011161716000856834 -0.017315952583222102 -0.0043636728515652262 -0.0057196750001611962 0.0052072833646136492
leaf_weight=20.356447097467026 20.797377891169162 36823.88282032439 132.37044192792382 1079.3325325469486 5847.7867981946911 5742.7658745363588 3045.4839094817289 5466.2111684082774 3726.7666806327761 449.80731788882986 376.46747564140242 618.60424139030511 2169.6796802608878 3247.6628683656454
leaf_count=2710 18284 115824 644 4437 17639 8683 4904 8939 9617 1085 2048 4362 6839 5824
internal_value=-6.86315e-06 2.14839e-06 1.09741e-05 3.35043e-05 -4.6848e-05 0.000174267 -0.000138312 7.96816e-05 -0.000230108 0.000121717 -0.00849712 0.000287876 -4.80542e-05 0.00367593
internal_weight=68768 68747.2 68726.8 68594.5 67515.1 61667.3 55924.6 52879.1 47412.9 43686.1 826.275 42859.8 38993.6 3866.27
internal_count=211839 193555 190845 190201 185764 168125 159442 154538 145599 135982 3133 132849 122663 10186
is_linear=0
shrinkage=0.06


Tree=262
num_leaves=15
num_cat=2
split_feature=2 7 4 0 5 2 8 5 8 2 0 8 5 5
split_gain=5.07226 4.97794 5.23448 9.72618 7.17099 18.0687 22.8622 14.7406 14.5238 25.1322 42.3588 52.4043 20.746 43.0315
threshold=1.0000000180025095e-35 3.5000000000000004 0.76516544818878185 0 19.291666984558109 0.18055619299411776 9.5500001907348651 19.208333015441898 8.4499998092651385 0.16604599356651309 1 5.1333332061767587 10.169160366058351 12.625000000000002
decision_type=2 2 2 9 2 2 2 2 2 2 9 2 2 2
left_child=-1 2 4 -4 7 -6 -7 8 9 -2 -11 -12 -13 -14
right_child=1 -3 3 -5 5 6 -8 -9 -10 10 11 12 13 -15
leaf_value=-0.029795118273769568 0.0022532566403975114 -0.005385836824093832 -0.0082254759212595525 -0.00072002544844120941 -0.0027686184835853511 0.0042873348896405074 -0.00050317883863212388 -0.0056375846213095092 0.0012442734265007938 0.0016039459861321244 -0.013041266260057926 0.0050218022434313425 -0.014550462894898366 -0.0010476535497962053
leaf_weight=20.572265857335879 5772.2739568218822 611.81645370658953 657.50996404857142 9136.9338788349414 3258.8015761307324 8130.5767252241494 6416.8506377134472 1703.5679402658134 19097.925843677949 5569.7188679684186 2225.3986712995393 1136.344036814291 1082.7401294102892 3946.7828260734677
leaf_count=8984 20042 4149 2699 24517 17801 19100 12143 2449 43045 14738 23932 4138 3225 10877
internal_value=-6.79304e-06 2.12096e-06 5.05017e-05 -0.00123301 0.000265981 0.00126963 0.00217425 -0.000174905 6.47488e-05 -0.0010768 -0.00245364 -0.00514265 -0.0023002 -0.0039545
internal_weight=68767.8 68747.2 68135.4 9794.44 58341 17806.2 14547.4 40534.8 38831.2 19733.3 13961 8391.27 6165.87 5029.52
internal_count=211839 202855 198706 27216 171490 49044 31243 122446 119997 76952 56910 42172 18240 14102
cat_boundaries=0 1 2
cat_threshold=4608 4222976
is_linear=0
shrinkage=0.06


Tree=263
num_leaves=15
num_cat=1
split_feature=8 3 5 6 5 5 5 8 1 8 8 2 5 6
split_gain=5.16725 6.96685 6.52846 13.1806 13.252 13.128 13.8558 12.1956 11.8933 10.6681 10.3645 9.12844 18.9287 9.93124
threshold=2.3166666030883794 36.250000000000007 11.041666507720949 37.500000000000007 9.4583334922790545 11.208333492279055 11.291666507720949 8.7333331108093279 0 18.166666984558109 11.633333683013918 0.20372091233730319 10.169160366058351 20.500000000000004
decision_type=2 2 2 2 2 2 2 2 1 2 2 2 2 2
left_child=1 -1 3 7 -5 -4 -7 11 -6 10 -9 12 13 -2
right_child=2 -3 5 4 8 6 -8 9 -10 -11 -12 -13 -14 -15
leaf_value=-0.010233185648365783 0.034963578779103201 -0.0013611408075249875 0.0072246527182412163 0.010514765456338251 -0.0022766788896118237 -0.00768278844561417 0.00033858963121073584 5.2609557942716697e-05 -0.0090475468768433879 0.01127444482583928 -0.0098206147342799251 0.0016065846740247361 0.0017532224657995316 0.012257823747905752
leaf_weight=356.71322200624854 124.33851177315228 2984.8092911998974 981.69164911960252 236.66652179975063 3679.52431276883 786.34861775231548 54883.587729468418 1021.3842825799948 1253.0852418541908 192.84354110294953 612.18042277684435 1118.9202087046579 379.03736753389239 156.80234684608877
leaf_count=6804 321 30663 2055 1312 11937 1928 136325 4146 4125 1504 4811 5105 573 230
internal_value=-6.84481e-06 -0.00230825 0.000110695 -0.00141219 -0.00335428 0.000346575 0.000225286 0.00137221 -0.00401972 -0.00207185 -0.00364739 0.00490785 0.0105031 0.0222998
internal_weight=68767.9 3341.52 65426.4 8774.78 5169.28 56651.6 55669.9 3605.51 4932.61 1826.41 1633.56 1779.1 660.178 281.141
internal_count=211839 37467 174372 34064 17374 140308 138253 16690 16062 10461 8957 6229 1124 551
cat_boundaries=0 1
cat_threshold=7
is_linear=0
shrinkage=0.06


Tree=264
num_leaves=15
num_cat=0
split_feature=8 5 8 8 8 8 2 8 8 6 8 6 8 2
split_gain=5.03625 4.86864 4.84359 11.9575 8.48868 11.9659 11.536 8.02615 15.988 15.5564 12.8386 12.6011 12.2096 14.6382
threshold=1.0166666507720949 7.6250000000000009 49.500000000000007 47.500000000000007 42.500000000000007 41.500000000000007 0.61111328005790722 36.500000000000007 35.500000000000007 290.50000000000006 18.166666984558109 243.50000000000003 16.500000000000004 0.48610912263393408
decision_type=2 2 2 2 2 2 2 2 2 2 2 2 2 2
left_child=-1 -2 3 4 5 7 -6 8 10 -10 12 -12 -3 -14
right_child=1 2 -4 -5 6 -7 -8 -9 9 -11 11 -13 13 -15
leaf_value=-0.029795118233311321 -0.029795118176440698 0.0001375932275930465 0.015137999942589388 -0.022643631177392789 0.020385240256723815 -0.022218108499899695 0.16258188914470548 0.016762680170895428 -0.022426311238097386 0.081056394428599451 0.010434544257105098 -0.0016822948527601661 -0.006657495838906396 0.00081544717675735101
leaf_weight=20.426274430326885 19.734930047183298 63033.982113604521 76.113124256080482 83.898634409648366 34.674921827128856 87.105602051364258 2.1832130551338187 103.09765881299973 154.70618795603514 5.4126461115665725 827.74743644680711 493.01344990998041 2134.1864436628239 1691.5728102786234
leaf_count=15437 2420 177223 226 535 151 583 6 351 952 28 2224 1390 7238 3075
internal_value=-6.8111e-06 2.03962e-06 1.05958e-05 -6.17578e-06 2.15232e-05 6.04086e-06 0.028808 3.43247e-05 9.0885e-06 -0.0189282 5.35618e-05 0.00591157 -6.21585e-05 -0.00335331
internal_weight=68767.9 68747.4 68727.7 68651.6 68567.7 68530.8 36.8581 68443.7 68340.6 160.119 68180.5 1320.76 66859.7 3825.76
internal_count=211839 196402 193982 193756 193221 193064 157 192481 192130 980 191150 3614 187536 10313
is_linear=0
shrinkage=0.06


Tree=265
num_leaves=15
num_cat=2
split_feature=5 8 5 0 2 5 0 2 4 2 8 3 2 6
split_gain=4.94388 4.84717 9.07617 16.311 38.996 15.5845 14.9311 14.3968 9.42125 9.25067 10.7007 8.46559 8.42534 15.2949
threshold=21.458333015441898 3.3166666030883794 20.291666984558109 0 0.059561572968959815 19.521871566772464 1 0.18055619299411776 0.50862327218055736 0.020957368426024917 1.7333333492279055 20.550000190734867 0.11493354663252832 29.500000000000004
decision_type=2 2 2 9 2 2 9 2 2 2 2 2 2 2
left_child=1 2 3 8 9 12 -4 -8 -1 -5 -11 -9 13 -6
right_child=-2 -3 6 4 5 -7 7 11 -10 10 -12 -13 -14 -15
leaf_value=0.001634922210768378 -0.029795118191983421 0.00018119353713054792 -0.010468561926776192 0.022344097050646942 0.055385504973968158 -0.0032417927138785278 -0.0040539627759471793 -0.0046068983163512559 -0.0066520065555350158 -0.011521483564398716 0.0065715393148989788 0.014706117275724481 -0.017950029041698391 -0.0096944806902522669
leaf_weight=3144.1257650572225 20.051618029392557 61024.385306675045 216.5251570524415 100.11658137396444 13.383325491100548 728.27036249521188 301.38507200707681 95.997256136499345 585.91948057542322 147.75385602156166 578.11197090893984 548.88363555434626 808.43629605174647 454.31394797854591
leaf_count=13391 18284 142186 967 1259 52 4316 2299 411 3157 1331 1106 2824 17185 3071
internal_value=-6.72627e-06 1.96211e-06 -0.00141422 -0.00228016 -0.00570405 -0.0102452 0.00347139 0.00670095 0.000332312 0.00524679 0.00288861 0.0118312 -0.0142419 -0.00783219
internal_weight=68767.7 68747.6 7723.22 6560.43 2830.39 2004.4 1162.79 946.266 3730.05 825.982 725.866 644.881 1276.13 467.697
internal_count=211839 193555 51369 44868 28320 24624 6501 5534 16548 3696 2437 3235 20308 3123
cat_boundaries=0 1 2
cat_threshold=4222976 4096
is_linear=0
shrinkage=0.06


Tree=266
num_leaves=15
num_cat=0
split_feature=2 8 2 2 2 7 6 8 8 5 6 8 5 5
split_gain=4.92459 5.44625 5.03528 11.5507 24.4601 12.9567 19.3372 16.3799 21.0477 14.8883 12.581 13.14 22.665 20.3956
threshold=0.0083173098973929899 1.5500000119209292 0.24893803149461749 0.33333393931388861 0.33217521011829382 1.0000000180025095e-35 466.50000000000006 11.949999809265138 12.366666316986086 11.041666507720949 438.50000000000006 10.449999809265138 15.759388446807863 20.208333015441898
decision_type=2 2 2 2 2 2 2 2 2 2 2 2 2 2
left_child=1 -1 -2 4 10 6 -5 9 -9 -7 11 12 -4 -13
right_child=2 -3 3 5 -6 7 -8 8 -10 -11 -12 13 -14 -15
leaf_value=0.031714857047184179 0.00081785122753827173 -0.017794595998280909 -0.0063248697347912716 0.0010389808440521122 -0.008139725891905758 -0.0061750857681751392 0.013453913686155559 -0.011525914285963126 -0.0018872617738232979 0.0012774959995092985 -0.017403668864778073 0.0051724342982358597 0.00054141449376343383 -0.0066794594564790078
leaf_weight=8.7790638629812729 19865.305793831707 89.99608233734034 2671.2116010752507 17875.210117438546 1902.3437345931306 1071.7174089167383 463.3629737048177 945.85401973815169 5922.2033121978166 9692.6508208978921 161.24021798325703 2523.1963201966137 4915.2617802549503 659.29334814555477
leaf_count=2496 67039 7068 11577 44639 5409 5728 565 4075 14077 24808 703 6847 14813 1995
internal_value=-6.71197e-06 -0.0133942 1.2545e-05 -0.000315252 -0.00186068 0.000236075 0.00135267 -0.000925239 -0.00321468 0.000535505 -0.000767845 -0.000518762 -0.00187622 0.00271716
internal_weight=68767.6 98.7751 68668.9 48803.5 12832.5 35971 18338.6 17632.4 6868.06 10764.4 10930.2 10769 7586.47 3182.49
internal_count=211839 9564 202275 135236 41344 93892 45204 48688 18152 30536 35935 35232 26390 8842
is_linear=0
shrinkage=0.06


Tree=267
num_leaves=15
num_cat=1
split_feature=8 6 5 8 5 6 1 8 3 7 2 6 5 7
split_gain=4.88733 4.79538 8.82173 9.63038 8.50371 26.6814 13.7074 14.8362 10.9244 9.94797 6.81949 6.40596 17.9345 15.446
threshold=1.0166666507720949 4.5000000000000009 9.4583334922790545 49.500000000000007 10.541666507720949 29.500000000000004 0 11.949999809265138 78.850002288818374 1.0000000180025095e-35 0.11860045790672304 288.50000000000006 16.002066612243656 1.0000000180025095e-35
decision_type=2 2 2 2 2 2 1 2 2 2 2 2 2 2
left_child=-1 -2 3 -3 5 6 -4 -8 9 10 -7 -6 -13 -14
right_child=1 2 4 -5 11 8 7 -9 -10 -11 -12 12 13 -15
leaf_value=-0.02979511826789881 -0.0068579323910310753 0.005649513154232004 -0.007973399825306475 0.064348484720753857 0.00053224619242413218 0.0033952995338215664 0.0074453334252537777 -0.011719202976727188 0.0010986325853567479 -0.014448863766350288 -0.0071912527576293893 -0.016794970896654236 0.0015104581492984923 -0.0020998206592519968
leaf_weight=19.822258124564542 364.90963042958174 759.04301621485502 325.3517362549901 10.19718776643276 45050.205492255627 258.86989561375231 1397.1903580902144 162.31543060950935 605.55936144664884 620.86810315097682 1424.0927038318478 249.22794454544783 7347.8283004218829 10172.051748897065
leaf_count=15437 5865 5800 819 29 119843 660 3233 863 1161 3842 5946 485 15950 31906
internal_value=-6.67149e-06 1.91751e-06 3.85236e-05 0.00642764 -3.41654e-05 -0.00246987 0.00309119 0.00541593 -0.00607262 -0.00795758 -0.00556285 0.000151723 -0.000813022 -0.000585672
internal_weight=68767.5 68747.7 68382.8 769.24 67613.6 4794.25 1884.86 1559.51 2909.39 2303.83 1682.96 62819.3 17769.1 17519.9
internal_count=211839 196402 190537 5829 184708 16524 4915 4096 11609 10448 6606 168184 48341 47856
cat_boundaries=0 1
cat_threshold=16
is_linear=0
shrinkage=0.06


Tree=268
num_leaves=15
num_cat=1
split_feature=2 2 2 2 2 0 2 2 2 2 6 2 2 2
split_gain=4.84059 4.73866 6.86262 9.32941 14.9894 12.1945 13.7418 11.5062 18.323 16.1842 21.2807 17.1271 15.2192 23.4738
threshold=1.0000000180025095e-35 0.74913629889488231 0.69218558073043834 0.4999998807907105 0.47064860165119177 0 0.45787276327610021 0.42930126190185552 0.41176496446132665 0.3888887763023377 368.50000000000006 0.36869816482067114 0.34722022712230688 0.33217521011829382
decision_type=2 2 2 2 2 9 2 2 2 2 2 2 2 2
left_child=-1 2 3 4 5 -2 7 8 9 10 11 12 13 -7
right_child=1 -3 -4 -5 -6 6 -8 -9 -10 -11 -12 -13 -14 -15
leaf_value=-0.029795118283288059 0.0035497359256968859 -0.011416754424563693 0.0047485534079182157 -0.0023445624117027991 0.0030767023045579307 0.00035127367745487658 -0.0043770234639512306 0.0025561403287639988 -0.0045378294665685314 0.0036655470972401464 -0.005988034983855031 -0.0051573281298483648 0.0043329681067048155 -0.0058860568151827379
leaf_weight=19.632713025232079 3045.2825557150645 130.58833962841891 1089.0562072899775 5840.5374700067332 5767.4931548962486 27465.177330764011 2882.6708070223685 5195.7793180739973 3589.9340100669651 3793.9472776479088 2339.3037886533421 2237.0512844495533 3012.2989858326036 2358.6873119948432
leaf_count=8984 23284 645 7402 17950 8683 84545 4161 8216 8114 8193 9627 6804 7801 7430
internal_value=-6.63137e-06 1.8755e-06 2.36068e-05 -5.25945e-05 0.000164407 -0.000135961 -0.000348841 -0.000116636 -0.000426642 -6.84729e-05 -0.000447134 -7.75688e-05 0.000268503 -0.00014202
internal_weight=68767.4 68747.8 68617.2 67528.2 61687.6 55920.1 52874.9 49992.2 44796.4 41206.5 37412.5 35073.2 32836.2 29823.9
internal_count=211839 202855 202210 194808 176858 168175 144891 140730 132514 124400 116207 106580 99776 91975
cat_boundaries=0 1
cat_threshold=4197376
is_linear=0
shrinkage=0.06


Tree=269
num_leaves=15
num_cat=1
split_feature=8 3 6 5 5 7 5 6 3 8 2 3 5 0
split_gain=4.84669 6.4956 6.44638 15.8609 6.03425 16.0329 11.0124 10.2709 13.343 12.9615 9.05727 12.3812 9.0395 14.3469
threshold=2.3166666030883794 36.250000000000007 14.500000000000002 9.7235345840454119 20.708333015441898 1.5000000000000002 20.791666984558109 323.50000000000006 81.149997711181655 10.949999809265138 0.17983373999595645 70.350002288818374 19.291666984558109 0
decision_type=2 2 2 2 2 2 2 2 2 2 2 2 2 9
left_child=1 2 3 -1 12 6 -6 9 -9 10 -7 -12 -2 -14
right_child=4 -3 -4 -5 5 7 -8 8 -10 -11 11 -13 13 -15
leaf_value=-0.029795117682099668 -0.00018807797831603209 -0.0013287545761479383 -0.010263431659493092 0.67712099879327936 -0.0072702854669790661 -0.0066869726717172567 0.0042833786689566262 -0.012782605607563627 0.055036936677770841 -0.010857265383704207 0.0023173920960004387 0.029137559512417869 0.014988342082193963 0.0012196505000521833
leaf_weight=0.34952687722397868 44756.449415712152 2981.4134665437741 351.12175039644353 0.169751399429515 371.05713837593794 363.50818111185799 1487.9177363580093 668.68429437765735 10.60919741343241 494.24821600446012 605.55838594050147 69.027917012572289 267.28878086805344 16339.886576420628
leaf_count=54 119607 30663 6746 4 792 2779 13508 5308 175 3822 2262 196 641 25282
internal_value=-6.56631e-06 -0.00223841 -0.00995102 0.201295 0.000107118 -0.00212998 0.00197723 -0.00558228 -0.0117234 -0.00285989 0.000947748 0.0050618 0.000255519 0.00145101
internal_weight=68767.3 3333.05 351.641 0.519278 65434.2 4070.61 1858.97 2211.64 679.293 1532.34 1038.09 674.586 61363.6 16607.2
internal_count=211839 37467 6804 58 174372 28842 14300 14542 5483 9059 5237 2458 145530 25923
cat_boundaries=0 1
cat_threshold=3584
is_linear=0
shrinkage=0.06


Tree=270
num_leaves=15
num_cat=2
split_feature=5 5 7 4 0 5 2 8 6 5 8 2 0 8
split_gain=4.76415 4.72817 4.58625 4.90389 9.18954 6.92431 16.2214 20.7018 13.909 13.5371 13.6725 22.8947 38.5489 55.6521
threshold=21.458333015441898 7.6250000000000009 3.5000000000000004 0.76516544818878185 0 19.291666984558109 0.18055619299411776 9.5500001907348651 216.50000000000003 19.208333015441898 8.4499998092651385 0.1388906612992287 1 5.1333332061767587
decision_type=2 2 2 2 9 2 2 2 2 2 2 2 9 2
left_child=1 -1 3 5 -5 9 -7 8 -8 10 11 -3 -13 -14
right_child=-2 2 -4 4 -6 6 7 -9 -10 -11 -12 12 13 -15
leaf_value=-0.029795118382571279 -0.029795118221547345 0.0024887292289536302 -0.0051830101563012012 -0.0080182867157807102 -0.00069005430523284578 -0.0025911136549317186 0.013223061114542802 -0.0004502341738423564 0.0034334095831914145 -0.0054271270779057265 0.0012032310096229629 0.0015376222807900076 -0.01245707494392331 -0.0018115311043970614
leaf_weight=19.1658165527042 19.322488416510168 4937.3297316136304 606.77451800100971 651.15913860069122 9127.514767449291 3237.5380482662003 560.97213568934239 6405.2732152547687 7613.2774029063294 1688.8548525650403 19123.211866284022 5884.0886765521718 2434.1847179866163 6458.2856733426452
leaf_count=2710 18284 18652 3104 2565 24173 10781 1023 10460 16507 2449 41768 15965 24937 18461
internal_value=-6.42019e-06 1.95234e-06 1.02616e-05 5.65192e-05 -0.00118694 0.000264932 0.00125074 0.00210387 0.00410524 -0.000168476 6.02e-05 -0.00104858 -0.00223051 -0.00472029
internal_weight=68767 68747.6 68728.5 68121.7 9778.67 58343 17817.1 14579.5 8174.25 40526 38837.1 19713.9 14776.6 8892.47
internal_count=211839 193555 190845 187741 26738 161003 38771 27990 17530 122232 119783 78015 59363 43398
cat_boundaries=0 1 2
cat_threshold=4608 4222976
is_linear=0
shrinkage=0.06


Tree=271
num_leaves=15
num_cat=2
split_feature=8 5 5 8 5 0 2 6 2 5 5 0 8 5
split_gain=4.71739 4.6674 25.5805 16.2433 41.8653 39.4332 25.2529 19.8495 18.2216 14.5293 13.5995 20.6578 26.0362 17.6967
threshold=1.0166666507720949 15.254844665527346 14.458333492279055 9.4499998092651385 12.041666507720949 0 0.68401089310646068 37.500000000000007 0.36869816482067114 9.2083334922790545 10.625000000000002 1 11.633333683013918 9.9166703224182147
decision_type=2 2 2 2 2 9 2 2 2 2 2 9 2 2
left_child=-1 2 3 5 8 6 -2 -7 10 -9 13 -12 -13 -5
right_child=1 -3 -4 4 -6 7 -8 9 -10 -11 11 12 -14 -15
leaf_value=-0.029795118168868963 -0.019979051586832317 0.0003491766117960268 -0.0069395970530884169 0.0039226723531245169 0.0080653552495553761 0.0046460978560319104 0.24276011229572692 0.046049662775940033 -0.0043852447733376239 -0.0020904054020668894 0.011163014726737057 -0.014900586783146812 0.0054414511298596377 -0.010777063032726438
leaf_weight=19.132886718027294 446.20723732147599 46029.008364763169 2143.4645812660456 630.64630227710586 2731.3446012344211 1977.1078870140482 1.3208331912755955 22.625155940651894 2840.8642053152435 9287.5894855130464 1016.9987431354821 326.29425612092018 740.70775050716475 553.68437426630408
leaf_count=15437 12802 117484 7404 2390 6587 4176 42 66 14092 23369 1667 1068 3173 2082
internal_value=-6.43909e-06 1.85125e-06 -0.000701839 -5.20138e-05 0.00189028 -0.00151525 -0.0187839 -0.000813211 -0.000870525 -0.00197342 0.0021845 0.00510218 -0.000772005 -0.00294958
internal_weight=68767 68747.9 22718.9 20575.4 8840.54 11734.9 447.528 11287.3 6109.2 9310.21 3268.33 2084 1067 1184.33
internal_count=211839 196402 78918 71514 31059 40455 12844 27611 24472 23435 10380 5908 4241 4472
cat_boundaries=0 1 2
cat_threshold=3840 9232
is_linear=0
shrinkage=0.06


Tree=272
num_leaves=15
num_cat=1
split_feature=2 2 2 5 5 5 0 5 6 8 5 6 6 5
split_gain=4.67326 4.70811 11.0865 15.2305 23.8004 14.1487 17.4475 13.2889 12.9853 20.2426 24.9096 21.5507 18.616 16.4558
threshold=1.0000000180025095e-35 0.24893803149461749 0.23525891453027728 10.00009059906006 10.169160366058351 18.541666984558109 0 10.263038635253908 244.50000000000003 8.4499998092651385 10.625000000000002 118.50000000000001 208.50000000000003 16.002066612243656
decision_type=2 2 2 2 2 2 9 2 2 2 2 2 2 2
left_child=-1 2 3 -2 -5 6 -4 -6 9 13 -11 -12 -13 -9
right_child=1 -3 5 4 7 -7 -8 8 -10 10 11 12 -14 -15
leaf_value=-0.02979511809024445 -0.0072228450022842365 -0.00031562284951670481 0.010956378651894867 0.012653660210079879 -0.010308217871856385 0.012465540611091614 -0.0055731492919609766 -0.0013688648553450216 -0.0015874393164047981 -0.014863485356952514 0.014981908304468208 -0.0041233023721619477 0.012019154459031461 0.0043998766050079548
leaf_weight=18.953956742450828 905.89015132270288 48804.159685757884 368.04626380896661 585.03450217237696 411.35326073132455 641.73159509099787 576.98577585094608 5474.5870782065904 6095.148793247412 173.9930253252387 1021.0593142360449 604.39822718629148 447.69402317667846 2637.9299161861418
leaf_count=8984 1845 135236 1278 965 870 1354 1503 17339 26952 243 1392 1359 967 11552
internal_value=-6.42562e-06 1.78718e-06 0.000778514 0.000362606 0.000756366 0.00559011 0.000921301 0.000343686 0.000609972 0.00190283 0.00694217 0.00877225 0.00274575 0.000506945
internal_weight=68767 68748 19943.9 18357.1 17451.2 1586.76 945.032 16866.2 16454.8 10359.7 2247.14 2073.15 1052.09 8112.52
internal_count=211839 202855 67619 63484 61639 4135 2781 60674 59804 32852 3961 3718 2326 28891
cat_boundaries=0 1
cat_threshold=3600
is_linear=0
shrinkage=0.06


Tree=273
num_leaves=15
num_cat=3
split_feature=5 8 0 8 8 2 0 8 6 6 4 5 5 0
split_gain=4.60226 4.5728 18.6785 11.2963 11.5573 13.6895 15.1979 12.2313 10.7416 9.74078 8.58688 8.03223 21.1981 17.3328
threshold=21.458333015441898 35.500000000000007 0 18.166666984558109 16.500000000000004 0.48610912263393408 1 17.166666984558109 243.50000000000003 329.50000000000006 0.76417112350463878 15.254844665527346 14.208333492279055 2
decision_type=2 2 9 2 2 2 9 2 2 2 2 2 2 9
left_child=1 3 10 4 11 6 -6 -7 -5 -9 -3 12 13 -1
right_child=-2 2 -4 8 5 7 -8 9 -10 -11 -12 -13 -14 -15
leaf_value=0.00054842051506143034 -0.029795118215599655 0.00487836008827642 -0.014025798932341875 0.0096088252226383484 -0.0072987869183960335 0.0025542530093417095 0.023329029087189156 -0.016298174830475635 -0.0015517292373695844 0.055762994552009906 0.046491532910200917 0.00061163031233827107 -0.006328720779088623 -0.0047761056736367368
leaf_weight=16366.400757448515 18.665998260839842 193.80807358026505 336.11203408474103 845.09307918441482 2067.5810318980366 1506.0570941455662 50.950647749006748 182.26348920818418 490.73431002022699 7.0127773806452742 19.662679861299694 41900.303737203823 2249.5144428191707 2532.7043171238329
leaf_count=40721 18284 704 2147 2311 6596 1912 133 802 1065 32 37 101584 8599 26912
internal_value=-6.38182e-06 1.70619e-06 -0.00544938 4.56341e-05 -6.35134e-05 -0.00327084 -0.00648652 0.000747547 0.00550884 -0.0136283 0.00832151 0.0001305 -0.000822731 -0.000167366
internal_weight=68766.9 68748.2 549.583 68198.6 66862.8 3813.87 2118.53 1695.33 1335.83 189.276 213.471 63048.9 21148.6 18899.1
internal_count=211839 193555 2888 190667 187291 9475 6729 2746 3376 834 741 177816 76232 67633
cat_boundaries=0 1 2 3
cat_threshold=6144 2101760 6316048
is_linear=0
shrinkage=0.06


Tree=274
num_leaves=15
num_cat=0
split_feature=8 3 5 7 5 6 8 3 2 3 2 8 6 6
split_gain=4.60194 6.1965 5.73303 15.0743 10.476 9.80911 12.2614 12.2179 8.13127 11.1994 9.63431 10.7767 14.7483 10.1009
threshold=2.3166666030883794 36.250000000000007 20.708333015441898 1.5000000000000002 20.791666984558109 323.50000000000006 11.366666316986086 81.149997711181655 0.17983373999595645 70.350002288818374 0.20372091233730319 9.2500000000000018 238.50000000000003 286.50000000000006
decision_type=2 2 2 2 2 2 2 2 2 2 2 2 2 2
left_child=1 -1 -2 4 -4 6 8 -7 -5 10 11 -10 -13 -14
right_child=2 -3 3 5 -6 7 -8 -9 9 -11 -12 12 13 -15
leaf_value=-0.0097565815832763424 0.00024882279771113895 -0.0012978645479421787 -0.0071591964700425991 -0.0066259496474921258 0.0041266079837744465 -0.012546578444724203 -0.011377219916950605 0.050706055379454613 0.0066268278316261439 0.025630397363716931 -0.002130165516287814 0.1563625917955494 -0.0068983371715912534 0.065877613622724235
leaf_weight=348.22902236427763 61377.300596623798 2978.1817139923223 369.23612293601036 372.90936651706579 1494.7942087718111 659.53409190278035 430.01649019838078 11.179961294314124 105.92514667892829 78.808468341827393 509.23636644543149 3.867688313592228 13.102278501726689 14.424172492465003
leaf_count=6804 145530 30663 792 2871 13508 5308 3447 175 245 208 2212 8 26 42
internal_value=-6.33037e-06 -0.00218337 0.000104331 -0.00207839 0.00189106 -0.00544318 -0.00278846 -0.0114922 0.000574367 0.00427605 0.00167317 0.0157775 0.0466523 0.0312371
internal_weight=68766.7 3326.41 65440.3 4063.03 1864.03 2199 1528.29 670.714 1098.27 725.364 646.556 137.319 31.3941 27.5265
internal_count=211839 37467 174372 28842 14300 14542 9059 5483 5612 2741 2533 321 76 68
is_linear=0
shrinkage=0.06


Tree=275
num_leaves=15
num_cat=1
split_feature=8 5 2 2 2 2 0 2 2 6 5 6 8 8
split_gain=4.55369 4.52494 4.46698 6.59116 8.85907 13.9465 11.9033 12.5599 10.9799 11.6854 10.9606 11.6308 9.90611 15.0226
threshold=1.0166666507720949 7.6250000000000009 0.74913629889488231 0.69218558073043834 0.4999998807907105 0.47064860165119177 0 0.45787276327610021 0.43940553069114691 368.50000000000006 18.541666984558109 466.50000000000006 42.500000000000007 35.500000000000007
decision_type=2 2 2 2 2 2 9 2 2 2 2 2 2 2
left_child=-1 -2 3 4 5 6 10 8 9 12 -3 -12 13 -8
right_child=1 2 -4 -5 -6 -7 7 -9 -10 -11 11 -13 -14 -15
leaf_value=-0.029795118229279612 -0.029795118440514582 0.0024236520857321073 -0.011155448803330956 0.0046548140086151131 -0.0022804134205755963 0.0029712797340520933 -4.8541927420606533e-05 -0.0041989412460021547 0.0032484027523632724 -0.0039045489892190078 0.018793244406932967 -0.029795117908357583 0.03685379718191753 -0.018335987214468368
leaf_weight=18.4689041954407 18.342488504655194 2785.9536265210481 128.75764920678921 1092.0195632030373 5826.9205979020335 5786.0494764577597 43421.803786969685 2862.6150042228401 3270.5957709060749 3104.219121995091 243.26812732956023 19.130396649881732 26.106951308902353 162.31597359105945
leaf_count=15437 2420 17116 628 7168 17228 8591 119869 4143 4653 11936 1375 163 121 991
internal_value=-6.25314e-06 1.74952e-06 9.70166e-06 3.06576e-05 -4.41424e-05 0.000167112 -0.000123161 -0.000333692 -0.000112398 -0.000347696 0.00351627 0.0152509 -9.45159e-05 -0.000116648
internal_weight=68766.6 68748.1 68729.8 68601 67509 61682.1 55896 52847.7 49985 46714.4 3048.35 262.399 43610.2 43584.1
internal_count=211839 196402 193982 193354 186186 168958 160367 141713 137570 132917 18654 1538 120981 120860
cat_boundaries=0 1
cat_threshold=4197376
is_linear=0
shrinkage=0.06


Tree=276
num_leaves=15
num_cat=2
split_feature=2 2 2 2 7 6 8 8 0 2 0 2 3 2
split_gain=4.51199 4.43146 10.6699 22.3091 12.0617 17.8642 15.0305 20.1466 14.0266 11.7593 18.0601 18.0019 14.8126 14.706
threshold=1.0000000180025095e-35 0.24893803149461749 0.33333393931388861 0.33217521011829382 1.0000000180025095e-35 466.50000000000006 11.949999809265138 12.366666316986086 0 0.30508534610271459 1 0.28282913565635687 48.95000076293946 0.26314276456832891
decision_type=2 2 2 2 2 2 2 2 9 2 9 2 2 2
left_child=-1 -2 3 9 5 -4 8 -8 -6 11 -11 13 -13 -3
right_child=1 2 4 -5 6 -7 7 -9 -10 10 -12 12 -14 -15
leaf_value=-0.029795118261841644 0.00075490681034332614 -0.0029340571694174296 0.00099537371619787414 -0.0078382069733771986 0.0027580198240111879 0.012845827085100766 -0.01128869072356282 -0.0018040511811005773 -0.0015715425674103524 0.0046645591066991768 -0.0061062832306135635 -0.0082188781749641757 0.0063284914345744401 0.0033862801735313457
leaf_weight=18.299724341719411 19959.263498229964 2972.8535258484189 17900.525937020371 1876.2201815334265 5147.0435624550737 469.97081875998992 933.72964500944363 5904.5980534247938 5630.9560895941686 2515.1528173060506 711.77256716636475 2047.2519720003475 287.34669887344353 2391.4001128642703
leaf_count=8984 67619 7737 44639 5409 13626 565 4075 14077 16910 5720 5586 7947 656 8289
internal_value=-6.17421e-06 1.75516e-06 -0.000306355 -0.00179402 0.000222868 0.00129854 -0.000898857 -0.00309912 0.000497145 -0.000756087 0.00228433 -0.00203046 -0.00642836 -0.000116432
internal_weight=68766.4 68748.1 48788.8 12802 35986.8 18370.5 17616.3 6838.33 10778 10925.8 3226.93 7698.85 2334.6 5364.25
internal_count=211839 202855 135236 41344 93892 45204 48688 18152 30536 35935 11306 24629 8603 16026
cat_boundaries=0 1 2
cat_threshold=2106112 6307856
is_linear=0
shrinkage=0.06


Tree=277
num_leaves=15
num_cat=2
split_feature=8 5 0 2 0 2 8 2 5 5 4 2 2 4
split_gain=4.46391 8.57111 15.2859 37.0016 14.4964 12.7593 10.9415 10.1991 12.1459 10.1346 8.71465 7.69224 9.1243 7.60802
threshold=3.3166666030883794 20.291666984558109 0 0.033703841269016273 1 0.18055619299411776 2.3166666030883794 0.069445088505744948 19.521871566772464 19.875000000000004 0.50862327218055736 0.17003886401653293 0.027779543772339824 0.80993431806564342
decision_type=2 2 9 2 9 2 2 2 2 2 2 2 2 2
left_child=1 2 10 -4 -3 -6 9 -8 -9 -5 11 12 -1 -7
right_child=-2 4 3 6 5 13 7 8 -10 -11 -12 -13 -14 -15
leaf_value=-0.0098843976507253985 0.00016564159947409722 -0.0098597748618723721 0.011061714849330148 -0.018579843199111476 -0.0037969051363302901 0.013225239794963031 0.0036305017703230835 -0.012186207866844547 6.8427396858748433e-05 -0.0029126912286100235 -0.0064419185810331145 -0.00049359583889618743 0.0078885965131790005 -0.011723399201537405
leaf_weight=117.52462697034935 61056.061638309155 230.67562235161313 411.48563695582561 554.2441012414638 286.86586929435725 601.25022601097589 337.82469569146633 866.15240183495916 438.59494154900312 203.10666179319378 580.64848619053373 2131.6298536338145 902.7772383086849 47.477497987798415
leaf_count=2141 156514 2221 1988 14087 4751 3279 721 8234 1513 1777 3157 6219 5031 206
internal_value=-6.14576e-06 -0.0013665 -0.00221102 -0.005542 0.00337218 0.0066687 -0.00841193 -0.00566102 -0.00806677 -0.0143782 0.000311905 0.00155708 0.00584139 0.0113994
internal_weight=68766.3 7710.26 6543.99 2811.41 1166.27 935.594 2399.92 1642.57 1304.75 757.351 3732.58 3151.93 1020.3 648.728
internal_count=211839 55325 44868 28320 10457 8236 26332 10468 9747 15864 16548 13391 7172 3485
cat_boundaries=0 1 2
cat_threshold=4222976 14336
is_linear=0
shrinkage=0.06


Tree=278
num_leaves=15
num_cat=0
split_feature=5 5 5 5 5 5 6 8 6 4 7 8 6 8
split_gain=4.46062 8.96635 6.78964 14.2151 9.07785 16.9233 10.0723 8.35985 8.29809 7.93768 12.9506 11.4862 7.98309 7.76659
threshold=21.208333015441898 21.291666984558109 21.041666984558109 20.958333015441898 20.791666984558109 20.708333015441898 423.50000000000006 58.500000000000007 231.50000000000003 0.55036231875419628 1.5000000000000002 13.949999809265138 257.50000000000006 5.7500000000000009
decision_type=2 2 2 2 2 2 2 2 2 2 2 2 2 2
left_child=2 -2 3 4 5 -1 8 -5 -6 10 11 -10 -12 -4
right_child=1 -3 13 7 6 -7 -8 -9 9 -11 12 -13 -14 -15
leaf_value=9.943659123102982e-05 -0.010332116491057943 0.0013290406567289764 0.014254087011314703 -0.0091508246826927271 0.021063063918787223 -0.0082168355586399178 -0.022877637817552914 0.091962070167054683 0.018045242791938147 -0.00097630635643049192 -0.019399061670804723 0.0764244251278106 0.0066326279182465199 0.0011952945817047581
leaf_weight=64428.656357905857 442.68608473986387 511.82105914654676 255.5324200092582 667.30304864502978 126.23337462486234 893.12019400193822 43.368391489144415 2.9567043334245673 183.48523778910749 457.61775492352899 51.942772776936181 12.991959244012831 231.08758832752937 457.49632683210075
leaf_count=177286 2837 21121 1015 2568 215 2824 248 6 325 1202 100 17 572 1503
internal_value=-6.13698e-06 -0.00407923 5.11952e-05 -1.06945e-05 7.70284e-05 -1.42687e-05 0.00546561 -0.00870479 0.00662157 0.00467626 0.0100708 0.0219055 0.0018552 0.00587525
internal_weight=68766.3 954.507 67811.8 67098.8 66428.5 65321.8 1106.73 670.26 1063.36 937.125 479.508 196.477 283.03 713.029
internal_count=211839 23958 187881 185363 182789 180110 2679 2574 2431 2216 1014 342 672 2518
is_linear=0
shrinkage=0.06


Tree=279
num_leaves=15
num_cat=1
split_feature=5 5 6 7 8 2 8 5 5 6 8 0 2 8
split_gain=4.4484 4.41826 4.34 7.39296 18.4856 25.1373 7.82156 6.07132 4.45163 16.3758 14.4562 27.728 19.9513 13.3785
threshold=21.458333015441898 7.6250000000000009 568.50000000000011 1.0000000180025095e-35 11.633333683013918 0.24893803149461749 12.583333492279055 19.521871566772464 15.541666507720949 237.50000000000003 13.500000000000002 0 0.27166467905044561 7.9500000476837167
decision_type=2 2 2 2 2 2 2 2 2 2 2 9 2 2
left_child=1 -1 8 4 -4 -6 -7 -5 9 10 11 12 13 -3
right_child=-2 2 3 7 5 6 -8 -9 -10 -11 -12 -13 -14 -15
leaf_value=-0.029795118293345392 -0.02979511821763561 -0.022194970922982518 -0.017831613880271512 0.036141204766617821 0.17667456567263773 0.063992914662962405 -0.014178506725505961 -0.029795118153852159 0.00038163975368317384 -0.016412692298100467 0.0031228807573068741 -0.00073719941823134746 -0.024850265899368021 0.011875518354666697
leaf_weight=17.910131444659783 18.041765685833525 63.156670069671236 50.152530278079212 5.4598130583763114 4.358993515372279 7.6768855154514339 11.526188075542448 63.464272954501212 44963.677041604242 234.48663171788212 3426.6967459982261 19475.220350601536 303.34575947537087 120.94847664609551
leaf_count=2710 18284 2209 159 8 19 6 20 494 105685 571 13232 59962 7668 812
internal_value=-6.06029e-06 1.75734e-06 9.52199e-06 -0.0104455 0.00276288 0.0465989 0.0170724 -0.024572 3.12649e-05 -0.000635609 -0.000477439 -0.00109545 -0.0150842 0.000187748
internal_weight=68766.1 68748.1 68730.2 142.639 73.7146 23.5621 19.2031 68.9241 68587.5 23623.9 23389.4 19962.7 487.451 184.105
internal_count=211839 193555 190845 706 204 45 26 502 190139 84454 83883 70651 10689 3021
cat_boundaries=0 1
cat_threshold=768
is_linear=0
shrinkage=0.06


Tree=280
num_leaves=15
num_cat=2
split_feature=8 3 0 0 8 6 2 6 5 5 8 2 5 6
split_gain=4.39218 4.4308 12.5558 12.4392 11.8206 13.6319 14.8794 11.1752 10.247 19.3385 40.1025 18.9811 17.9764 17.0784
threshold=1.0166666507720949 65.750000000000014 0 1 5.9500000476837167 41.500000000000007 0.064378146082162871 81.500000000000014 12.541666507720949 13.958333492279055 6.6333332061767587 0.57017904520034801 15.254844665527346 185.50000000000003
decision_type=2 2 9 9 2 2 2 2 2 2 2 2 2 2
left_child=-1 3 7 -2 5 -4 -7 -3 13 10 -10 -12 -11 -5
right_child=1 2 4 8 -6 6 -8 -9 9 12 11 -13 -14 -15
leaf_value=-0.029795118235032888 -0.0029314043667495408 -0.00081035808926350171 0.006762063123488528 -0.0017118580318218146 0.0025273228127600245 0.0036937434364471174 -0.0046203728843495131 0.0060663411288719949 -0.0086973031874119939 -0.0047624008239092776 0.012676092637054307 -0.0034970700754059655 0.00050509289774526946 0.15011060617031127
leaf_weight=17.81375155315618 5515.5930715034192 1254.4523355296114 576.90443450910971 9828.1324071740382 3430.0627221172617 964.2609032705659 3946.3358438964351 2643.5064778765372 537.49641571752727 2495.3743146266788 1534.0744633749127 314.85226364433765 35704.503687167191 2.6680640541017047
leaf_count=15437 16282 2107 1043 45206 6218 3428 10400 5876 3821 9063 3635 1427 87890 6
internal_value=-6.02083e-06 1.698e-06 0.001008 -0.000228869 -0.000235436 -0.00196278 -0.00298779 0.0038434 6.73546e-05 0.000488351 0.00572834 0.00992198 0.000160998 -0.00167065
internal_weight=68766 68748.2 12815.5 55932.7 8917.56 5487.5 4910.6 3897.96 50417.1 40586.3 2386.42 1848.93 38199.9 9830.8
internal_count=211839 196402 29072 167330 21089 14871 13828 7983 151048 105836 8883 5062 96953 45212
cat_boundaries=0 1 2
cat_threshold=4208896 12288
is_linear=0
shrinkage=0.06


Tree=281
num_leaves=15
num_cat=0
split_feature=2 8 6 6 2 6 2 6 3 3 5 2 2 2
split_gain=4.38309 5.3833 5.39952 5.05615 7.78018 4.63995 4.49778 10.5986 13.7349 10.7091 31.3626 52.7328 9.94851 21.1664
threshold=0.0083173098973929899 1.6833333373069765 274.50000000000006 41.500000000000007 1.0000000180025095e-35 302.50000000000006 0.24893803149461749 443.50000000000006 51.45000076293946 51.600000381469734 20.041666984558109 0.20833134651184085 0.33333393931388861 0.33217521011829382
decision_type=2 2 2 2 2 2 2 2 2 2 2 2 2 2
left_child=1 2 3 4 -1 -4 7 -2 -9 10 -10 -12 13 -8
right_child=6 -3 5 -5 -6 -7 12 8 9 -11 11 -13 -14 -15
leaf_value=-0.029795117970808409 0.00094771478055870025 -0.019236420372808455 0.2490977001312891 0.0032909957775036631 0.42219896760974196 -0.02979511833229807 -0.00072843263749710924 -0.022362850910880333 -0.012683383043065771 -0.0016025116711292692 -0.029795118250350996 0.43190204845774477 0.00021220418672548099 -0.007652157550781088
leaf_weight=0.2834862007293858 19580.368529052881 79.555264582071686 0.64540922611195206 14.507596829746033 0.26549019548110664 0.32184445166785736 10915.382798442559 161.4581346832565 7.0127312391996366 142.59057649155147 1.7444850644096734 1.8193743824958799 35999.613170300319 1860.4558164836781
leaf_count=429 64799 6907 205 1574 5 444 35935 1082 11 1127 13 7 93892 5409
internal_value=-6.01805e-06 -0.0128458 0.0188824 0.0100546 0.188794 0.156299 1.1853e-05 0.000772169 -0.0101527 0.00271838 0.0609714 0.205904 -0.000298272 -0.00173669
internal_weight=68766 95.5791 16.0238 15.0566 0.548976 0.967254 68670.4 19895 314.625 153.167 10.5766 3.56386 48775.5 12775.8
internal_count=211839 9564 2657 2008 434 649 202275 67039 2240 1158 31 20 135236 41344
is_linear=0
shrinkage=0.06


Tree=282
num_leaves=15
num_cat=1
split_feature=7 5 5 1 5 3 8 5 8 6 6 2 8 2
split_gain=4.36345 10.2344 15.2245 13.8369 15.9126 12.7203 8.34246 8.44436 8.16483 7.66264 12.6043 19.3661 8.40944 7.59435
threshold=2.5000000000000004 19.958333015441898 11.041666507720949 0 19.875000000000004 65.750000000000014 4.0166666507720956 19.521871566772464 11.683333396911623 318.50000000000006 316.50000000000006 0.14213906228542331 5.9500000476837167 0.29040791094303137
decision_type=2 2 2 1 2 2 2 2 2 2 2 2 2 2
left_child=-1 2 -2 4 -4 -5 7 -7 9 10 -3 12 -12 -13
right_child=1 8 3 5 -6 6 -8 -9 -10 -11 11 13 -14 -15
leaf_value=0.00011776697512294343 -0.0097649810574212768 -0.0013641155871431678 0.0086752865579098788 -0.0035041798409037616 0.063026756509874104 -0.0025817821966957867 0.021555004422157437 0.048879295688868479 -0.011804798430542156 -0.009750530943454138 0.31417455087467605 0.044442942111726315 0.054602319919167516 -0.012034340855094795
leaf_weight=64444.53571732041 410.980709983618 974.78095515281893 601.08543291315436 1078.5465131229721 20.038380195968784 149.92649178818101 134.72217200696468 12.430979102500713 490.26365894055925 409.78643504536012 1.2210378794698034 23.438112549949437 0.71092203771695484 13.512922023655845
leaf_count=192744 1935 4781 1904 3563 44 421 160 39 3383 2712 29 58 7 59
internal_value=-5.99888e-06 -0.00185169 0.000751488 0.00291604 0.0102635 -0.00047267 0.0105173 0.00135836 -0.00512686 -0.00282684 -2.78567e-05 0.0334716 0.218657 0.0237893
internal_weight=68766 4321.44 2407.73 1996.75 621.124 1375.63 297.08 162.357 1913.71 1423.45 1013.66 38.883 1.93196 36.951
internal_count=211839 19095 8066 6131 1948 4183 620 460 11029 7646 4934 153 36 117
cat_boundaries=0 1
cat_threshold=1
is_linear=0
shrinkage=0.06


Tree=283
num_leaves=15
num_cat=2
split_feature=8 0 8 8 2 0 8 6 6 4 7 7 5 5
split_gain=4.33217 17.4037 10.5737 11.0259 12.7271 14.1083 11.6131 9.68092 8.89588 7.68381 7.50044 13.4026 7.11331 19.1966
threshold=35.500000000000007 0 18.166666984558109 16.500000000000004 0.48610912263393408 1 17.166666984558109 243.50000000000003 329.50000000000006 0.76417112350463878 1.5000000000000002 2.5000000000000004 15.254844665527346 14.208333492279055
decision_type=2 9 2 2 2 9 2 2 2 2 2 2 2 2
left_child=2 9 3 12 5 -5 -6 -4 -8 -2 -10 -12 13 -1
right_child=1 -3 7 4 6 -7 8 -9 10 -11 11 -13 -14 -15
leaf_value=-0.00015754249974587426 0.0044992425483192013 -0.013753908511262687 0.0091574207246606573 -0.0071240233189886091 0.0023977674190654597 0.022045782734409155 -0.016106971897148312 -0.0014299354937675629 0.007132642536665978 0.043021907526243602 0.24874444355745354 -0.02979511778378106 0.00057208550803212793 -0.0060517494766865873
leaf_weight=18892.840787890367 195.950584002916 330.24560828163521 854.88650554016931 2051.5656764435698 1513.3778498412576 52.459392346441746 179.71754037996288 488.62720407402958 4.8743816536152726 20.599577984772623 1.5078648030757906 1.0584268779493866 41954.867174738145 2223.2733894907869
leaf_count=67633 769 2222 2386 7332 1989 133 1018 1390 42 37 5 37 118247 8599
internal_value=-5.94322e-06 -0.00532529 3.66929e-05 -6.91837e-05 -0.00320598 -0.00632582 0.000654104 0.00530687 -0.0134453 0.0078034 0.0508427 0.133865 0.000120034 -0.000778132
internal_weight=68765.9 546.796 68219.1 66875.5 3804.56 2104.03 1700.54 1343.51 187.158 216.55 7.44067 2.56629 63071 21116.1
internal_count=211839 3028 208811 205035 10556 7465 3091 3776 1102 806 84 42 194479 76232
cat_boundaries=0 1 2
cat_threshold=6144 2101760
is_linear=0
shrinkage=0.06


Tree=284
num_leaves=15
num_cat=3
split_feature=8 0 5 5 1 3 7 0 5 5 5 6 8 2
split_gain=4.32192 5.88234 6.50528 5.39643 12.2517 14.5371 11.9334 11.7405 11.6397 13.2042 8.91179 8.76811 7.35726 12.3885
threshold=2.3166666030883794 0 19.625000000000004 11.041666507720949 1 79.049999237060561 1.0000000180025095e-35 2 11.208333492279055 11.291666507720949 9.4583334922790545 37.500000000000007 7.9500000476837167 0.48853498697280889
decision_type=2 9 2 2 1 2 2 9 2 2 2 2 2 2
left_child=1 2 -1 4 10 6 7 -6 -5 -10 12 -9 13 -2
right_child=3 -3 -4 8 5 -7 -8 11 9 -11 -12 -13 -14 -15
leaf_value=-0.024807968232910392 0.025215570726276813 -0.0013736342566877295 -0.0043094780402109581 0.0067491355874006592 -0.01815835482421611 0.0057275336242700288 -0.0049813995553776719 0.0038633149401375538 -0.0075441871164756719 0.00031039271294349514 -0.0086010167723227626 -0.001822828306749299 0.0016292792565456215 0.18311189049368637
leaf_weight=84.216437297407538 19.196269174804915 3069.5700589502667 164.79868472889939 994.46550989849493 108.41361081070499 1187.9180702958256 2274.8706367067643 1953.3886096344795 781.45044333743863 54934.991891572732 1115.9708750657737 1951.7172224232927 122.77085028635338 1.9726922214031208
leaf_count=8206 241 24065 5196 2055 6659 1475 10382 5104 1928 136325 3357 5624 1217 5
internal_value=-5.88252e-06 -0.00211826 -0.010808 0.000101229 -0.0012869 -0.000359254 -0.00150966 0.00045813 0.000315068 0.000200228 -0.00673527 0.00101885 0.00726204 0.0399296
internal_weight=68765.7 3318.59 249.015 65447.1 8736.22 7476.31 6288.39 4013.52 56710.9 55716.4 1259.91 3905.11 143.94 21.169
internal_count=211839 37467 13402 174372 34064 29244 27769 17387 140308 138253 4820 10728 1463 246
cat_boundaries=0 1 2 3
cat_threshold=2816 16 2560
is_linear=0
shrinkage=0.06


Tree=285
num_leaves=15
num_cat=0
split_feature=6 5 8 5 6 8 2 2 4 7 5 4 2 5
split_gain=4.30804 8.12893 8.2913 7.46227 23.9174 12.2292 9.99327 12.6096 13.348 12.6935 9.24594 9.6026 7.60884 9.08378
threshold=4.5000000000000009 9.4583334922790545 49.500000000000007 10.541666507720949 29.500000000000004 7.9500000476837167 0.21429177373647693 0.15972399711608889 0.19707640260457995 1.5000000000000002 9.9166703224182147 0.19204425811767581 0.20028601586818698 10.169160366058351
decision_type=2 2 2 2 2 2 2 2 2 2 2 2 2 2
left_child=-1 2 -2 4 5 12 7 -6 9 -9 11 -7 13 -3
right_child=1 3 -4 -5 6 10 -8 8 -10 -11 -12 -13 -14 -15
leaf_value=-0.0065513749969222908 0.0053948387864085779 0.024457909258607007 0.058020181244961604 0.00013213101511891714 -0.0054539362599384817 0.11035828945801299 -0.0087702157909864114 0.020020660996405974 0.0013202570567338718 0.090021351437124933 -0.0083386826794809733 0.0026883288041252974 0.0036274869954986337 0.0048351955002520139
leaf_weight=360.09690459928242 764.53631248508464 178.93932170502376 10.932035803794859 62860.438117721307 859.5309793597844 2.9967162609100333 1676.5832865990524 74.193358596414328 252.99389508366585 10.666313160210846 421.97129903454334 605.66232337988913 524.55516024871031 161.65028320054989
leaf_count=6486 6113 269 29 182267 2201 2 8990 128 582 12 821 2078 1558 303
internal_value=-5.89745e-06 2.85589e-05 0.00613672 -4.14791e-05 -0.00232949 0.0029018 -0.00578024 -0.00159365 0.00822727 0.0288193 -0.0015134 0.00321844 0.00816154 0.0151446
internal_weight=68765.7 68405.6 775.468 67630.2 4769.74 1895.78 2873.97 1197.38 337.854 84.8597 1030.63 608.659 865.145 340.59
internal_count=211839 205353 6142 199211 16944 5031 11913 2923 722 140 2901 2080 2130 572
is_linear=0
shrinkage=0.06


Tree=286
num_leaves=15
num_cat=1
split_feature=5 5 7 4 0 8 5 5 8 2 6 5 5 8
split_gain=4.30761 4.2345 4.17576 4.45413 8.31776 6.27823 5.25645 5.04538 13.7658 19.2673 12.0568 13.4992 12.0224 12.8055
threshold=21.458333015441898 7.6250000000000009 3.5000000000000004 0.79698821902275097 0 5.6333332061767587 20.541666984558109 19.291666984558109 11.683333396911623 0.17648978531360629 216.50000000000003 20.041666984558109 19.208333015441898 9.4499998092651385
decision_type=2 2 2 2 9 2 2 2 2 2 2 2 2 2
left_child=1 -1 3 7 5 6 -5 12 9 -9 11 -11 13 -3
right_child=-2 2 -4 4 -6 -7 -8 8 -10 10 -12 -13 -14 -15
leaf_value=-0.029795118164599531 -0.029795118235721865 -0.00088504815802989336 -0.0049680269809950755 -0.0091894105238580163 -0.0068573166749542839 0.00014248045352636425 0.0049244389197916679 -0.0028731894813520354 -0.0017157580756936553 0.003928077454282251 0.0024464038850750668 0.01971347613345973 -0.0049400739545569679 0.0012523739274194873
leaf_weight=17.165471476240782 17.470629918563645 22906.827901756362 601.52032628376037 478.11995180480881 876.65651398868067 4777.5374744907022 118.54989909380674 2451.3102553204517 4925.753268958535 509.91608602495398 10923.429684001894 315.82395371142775 1810.256272893108 18035.273092214018
leaf_count=2710 18284 86110 3104 2594 3534 11074 337 8760 9562 707 21923 630 2689 39821
internal_value=-5.83874e-06 1.73146e-06 9.17319e-06 5.31173e-05 -0.00147327 -0.000581171 -0.00638519 0.00020731 0.00101733 0.00196536 0.00297486 0.00996558 -0.000155068 5.65008e-05
internal_weight=68765.6 68748.1 68731 68129.5 6250.86 5374.21 596.67 61878.6 19126.2 14200.5 11749.2 825.74 42752.4 40942.1
internal_count=211839 193555 190845 187741 17539 14005 2931 170202 41582 32020 23260 1337 128620 125931
cat_boundaries=0 1
cat_threshold=6301712
is_linear=0
shrinkage=0.06


Tree=287
num_leaves=15
num_cat=3
split_feature=2 3 8 6 0 2 5 0 8 5 0 8 6 5
split_gain=4.26607 4.28139 9.76574 15.6441 14.3002 21.0866 28.0205 22.3224 15.017 14.0262 20.3281 13.3404 11.7085 14.158
threshold=1.0000000180025095e-35 46.550001144409187 7.2500000000000009 41.500000000000007 0 0.15277841687202456 19.521871566772464 1 5.1333332061767587 10.791666507720949 2 32.166666030883796 62.500000000000007 18.208333015441898
decision_type=2 2 2 2 9 2 2 9 2 2 9 2 2 2
left_child=-1 -2 3 -3 -5 12 7 -7 -9 -4 11 -11 -6 -14
right_child=1 2 9 4 5 6 -8 8 -10 10 -12 -13 13 -15
leaf_value=-0.029795118212273309 -0.00035760288448507556 0.0060368029063568819 -0.003201291316924071 0.0019404076916278291 -0.0062961135706820631 -0.00055352147792962845 0.003507195127859112 -0.014643503108447939 -0.0060345304519371767 0.009258313941639007 0.0011489205696386473 -0.0088380064815042937 0.0049012360411986051 -0.0024440805789876837
leaf_weight=17.302142378364806 43626.16833067371 1318.321723219211 1417.3214006682392 4767.5465130277444 689.901563126361 1438.551240657689 1230.0046435783734 1273.1316002404783 1708.0385479768738 2135.8430038296501 4946.5589129472501 157.46444561239332 2532.7156690981355 1506.6338816961506
leaf_count=8984 130465 2924 2991 17817 1673 2832 3089 7356 3352 3561 11351 417 8437 6590
internal_value=-5.7923e-06 1.7049e-06 0.000625668 -0.000232132 -0.000777767 -0.00202627 -0.00450256 -0.00673167 -0.00967859 0.00225709 0.00332566 0.00798097 0.000927716 0.00216151
internal_weight=68765.5 68748.2 25122 16464.8 15146.5 10379 5649.73 4419.72 2981.17 8657.19 7239.87 2293.31 4729.25 4039.35
internal_count=211839 202855 72390 54070 51146 33329 16629 13540 10708 18320 15329 3978 16700 15027
cat_boundaries=0 1 2 3
cat_threshold=4208896 16384 3600
is_linear=0
shrinkage=0.06


Tree=288
num_leaves=15
num_cat=1
split_feature=8 6 7 8 3 3 6 8 5 6 7 5 5 1
split_gain=4.23533 4.19683 7.00979 16.1847 18.3612 60.0435 8.91383 14.702 5.82111 5.2293 4.18121 9.80468 14.0849 12.7708
threshold=1.0166666507720949 568.50000000000011 1.0000000180025095e-35 11.633333683013918 51.45000076293946 64.649997711181655 587.50000000000011 15.500000000000002 19.521871566772464 625.50000000000011 2.5000000000000004 19.958333015441898 11.041666507720949 0
decision_type=2 2 2 2 2 2 2 2 2 2 2 2 2 1
left_child=-1 10 3 -3 6 -6 -5 -8 -4 -7 -2 12 -12 -14
right_child=1 2 8 4 5 9 7 -9 -10 -11 11 -13 13 -15
leaf_value=-0.029795118233894372 0.00014426766530505625 -0.017658776188200657 0.033794202223284477 -0.012220492122057071 0.43928281866256691 -0.029795118264886795 0.17048297176345448 -0.01205152654859378 -0.029795118233147969 0.16035616559209429 -0.0094511016637212758 -0.0050029823033101899 0.0098293874213023057 -0.00044802257907969995
leaf_weight=17.177457239609794 64295.306721970876 49.438291211525211 5.6613279879093161 13.65605107491138 1.6628366708755482 2.9755198452621703 2.9958344931364982 3.38150256825611 61.275773566841963 0.63107646341086354 404.63985855295323 1904.1521876183979 628.03827097965404 1374.4624252803624
leaf_count=15437 177873 288 8 38 2 45 15 22 628 20 1840 9996 1803 3824
internal_value=-5.77131e-06 1.67186e-06 -0.0103144 0.00231572 0.0413432 0.141001 0.0151299 0.0736964 -0.0244169 0.00347725 2.29753e-05 -0.00178589 0.000758976 0.0028221
internal_weight=68765.5 68748.3 141.678 74.7411 25.3028 5.26943 20.0334 6.37734 66.9371 3.6066 68606.6 4311.29 2407.14 2002.5
internal_count=211839 196402 1066 430 142 67 75 37 636 65 195336 17463 7467 5627
cat_boundaries=0 1
cat_threshold=1
is_linear=0
shrinkage=0.06


Tree=289
num_leaves=15
num_cat=3
split_feature=5 8 0 8 8 2 6 6 0 4 8 1 5 5
split_gain=4.16044 4.10485 16.442 9.90491 10.4231 12.0394 8.80299 8.39036 7.92573 6.8081 6.91302 8.04722 6.65525 18.3404
threshold=21.458333015441898 35.500000000000007 0 18.166666984558109 16.500000000000004 0.44192463159561163 243.50000000000003 294.50000000000006 1 0.76417112350463878 47.500000000000007 2 15.254844665527346 14.208333492279055
decision_type=2 2 9 2 2 2 2 2 9 2 2 1 2 2
left_child=1 3 9 4 12 8 -5 -7 -6 10 -3 -12 13 -1
right_child=-2 2 -4 6 5 7 -8 -9 -10 -11 11 -13 -14 -15
leaf_value=-0.00014014946610738804 -0.02979511827385074 0.016447791184661182 -0.013508048182618658 0.0087679850416692972 -0.0082196630630928923 -0.0029150241090178399 -0.0013217885914830869 0.0047691629141905501 0.017750985493721897 0.039811332830792454 0.012698168761967997 -0.018270896412533256 0.00056089265679077867 -0.0059162802104038405
leaf_weight=18881.759876454162 16.873733203028678 90.824735196307302 325.1094559612684 863.51971752766985 1377.5930281071924 1633.9228499117307 486.77131226146594 744.69941202551126 35.386498786509037 21.549726897850633 43.607319444417953 62.712170407176018 41970.336765109503 2210.660332180385
leaf_count=67633 18284 274 2147 2311 5522 2952 1065 915 86 37 102 328 101584 8599
internal_value=-5.71577e-06 1.59579e-06 -0.00519064 4.29941e-05 -5.97646e-05 -0.0031151 0.00513069 -0.000509258 -0.0075018 0.00745095 0.0042916 -0.00609297 0.000123935 -0.000745536
internal_weight=68765.3 68748.5 543.803 68204.6 66854.4 3791.6 1350.29 2378.62 1412.98 218.694 197.144 106.319 63062.8 21092.4
internal_count=211839 193555 2888 190667 187291 9475 3376 3867 5608 741 704 430 177816 76232
cat_boundaries=0 1 2 3
cat_threshold=6144 2101760 20
is_linear=0
shrinkage=0.06


Tree=290
num_leaves=15
num_cat=4
split_feature=8 5 0 2 0 2 8 5 2 5 3 1 2 0
split_gain=4.14683 8.0165 14.3482 34.3441 13.6785 11.722 10.4078 9.80794 9.48157 11.4337 8.39748 8.11718 8.02079 7.72051
threshold=3.3166666030883794 20.291666984558109 0 0.033703841269016273 1 0.21202572435140613 2.3166666030883794 19.875000000000004 0.069445088505744948 19.521871566772464 20.550000190734867 2 0.30217660963535314 3
decision_type=2 2 9 2 9 2 2 2 2 2 2 1 2 9
left_child=1 2 12 -4 -3 11 7 -5 -8 -10 -7 -6 -1 -2
right_child=13 4 3 6 5 10 8 -9 9 -11 -12 -13 -14 -15
leaf_value=0.0025635130748318485 0.0024849469073631031 -0.0096769760150396088 0.010469443136541688 -0.018295294703680614 0.01268544814100314 -0.0042095332136016586 0.0034023873164232658 -0.0028085962898281476 -0.011908584635224465 4.3783206917582544e-06 0.015425230855287665 -0.0065373022552873633 -0.0031173023821481241 -3.5990772050863249e-05
leaf_weight=2247.3138392477122 4731.5626551605528 228.4887804951868 417.53838565252954 540.53003384140902 97.718695618255879 94.506340746534988 340.14603899419308 202.32321998849511 852.70853906008415 439.5376273021102 460.54487475351198 289.16614592864062 1486.6284475626308 56336.542831896513
leaf_count=11812 24727 2221 1988 14087 1174 411 721 1777 8234 1513 2488 4163 4736 131787
internal_value=-5.68525e-06 -0.00131809 -0.00213807 -0.00538084 0.00325442 0.00642575 -0.00818977 -0.0140773 -0.00551051 -0.00785657 0.0120821 -0.00152314 0.000300952 0.000159733
internal_weight=68765.3 7697.15 6526.73 2792.78 1170.42 941.936 2375.25 742.853 1632.39 1292.25 555.051 386.885 3733.94 61068.1
internal_count=211839 55325 44868 28320 10457 8236 26332 15864 10468 9747 2899 5337 16548 156514
cat_boundaries=0 1 2 3 4
cat_threshold=4222976 14336 16 4213760
is_linear=0
shrinkage=0.06


Tree=291
num_leaves=15
num_cat=1
split_feature=2 2 2 8 2 2 2 6 5 5 6 1 5 8
split_gain=4.13413 4.11102 6.29668 8.49114 8.45318 12.8905 15.883 10.9913 19.3347 12.687 17.929 12.314 10.8037 14.6155
threshold=1.0000000180025095e-35 0.74913629889488231 0.69218558073043834 11.949999809265138 0.4999998807907105 0.46093830466270452 0.45787276327610021 291.50000000000006 18.791666984558109 20.208333015441898 443.50000000000006 0 19.791666984558109 7.4166667461395273
decision_type=2 2 2 2 2 2 2 2 2 2 2 1 2 2
left_child=-1 2 4 -4 5 6 7 12 -9 -10 11 -11 13 -2
right_child=1 -3 3 -5 -6 -7 -8 8 9 10 -12 -13 -14 -15
leaf_value=-0.029795118286594962 -0.0011259782071702952 -0.01080877506121054 0.0092610888121566759 -0.0013665288987177173 -0.0022379940221509981 0.0026736655715734171 -0.0050599900848120188 -0.0070654782350612405 0.001123181771404859 0.0060516721886274792 -0.018192181893545125 -0.0034632711881762705 0.0030511934161476613 0.0013370448676742253
leaf_weight=16.766987420502119 16535.340748275543 126.40664836973883 608.3540060048108 487.53738118516048 5817.9510621948866 6537.417643114808 2268.7572025562986 1892.4188846853212 6691.7650769891916 565.55923129618168 265.27767684252467 3313.2743224719306 5397.1356657703291 18241.199562639464
leaf_count=8984 67316 645 4517 2885 17950 10662 2925 4788 11213 1611 2578 16417 15533 43815
internal_value=-5.64436e-06 1.62097e-06 2.15345e-05 0.0045331 -5.16844e-05 0.000154445 -0.000144069 6.67558e-05 -0.00146972 -0.000492458 -0.00310134 -0.00206926 0.000553561 0.000165941
internal_weight=68765.2 68748.4 68622 1095.89 67526.1 61708.1 55170.7 52902 12728.3 10835.9 4144.11 3878.83 40173.7 34776.5
internal_count=211839 202855 202210 7402 194808 176858 166196 163271 36607 31819 20606 18028 126664 111131
cat_boundaries=0 1
cat_threshold=16
is_linear=0
shrinkage=0.06


Tree=292
num_leaves=15
num_cat=3
split_feature=5 4 7 6 5 2 8 0 2 0 6 8 0 6
split_gain=4.10675 4.08185 9.57399 11.2901 9.23557 15.5682 10.949 31.5607 20.5511 26.8929 25.9389 21.5788 26.0257 13.6333
threshold=7.6250000000000009 0.63762626051902782 1.5000000000000002 359.50000000000006 19.291666984558109 0.17983373999595645 9.4499998092651385 0 0.1388906612992287 1 26.500000000000004 5.1333332061767587 2 11.500000000000002
decision_type=2 2 2 2 2 2 2 9 2 9 2 2 9 2
left_child=-1 4 -3 -4 6 -6 7 -2 13 -10 -11 12 -12 -9
right_child=1 2 3 -5 5 -7 -8 8 9 10 11 -13 -14 -15
leaf_value=-0.02979511826479184 -0.014282983476246713 -6.3952108705293478e-05 -0.0023200955509753321 -0.015103024636039127 -0.0020259111552048603 0.0030978577838316579 0.0014001201805055017 0.064775078189606428 0.0017879222527604625 0.006877940130037335 0.0043383184379953603 -0.0030439114693371523 -0.013554981017968289 0.0025045348147567609
leaf_weight=16.65589996156632 616.47413424722617 23709.261752399325 4352.0983179027389 263.81536365085049 2836.7392610897659 8627.617025226471 10200.402889048913 12.688987040892242 4705.123969565786 735.5808632504195 357.32167642144486 5674.7346445173025 1604.7616776287323 5051.7570559759624
leaf_count=2710 18220 64092 18031 1773 22099 16107 20491 85 10348 1023 1530 9594 8483 17253
internal_value=-5.58866e-06 1.62855e-06 -0.000550674 -0.00305068 0.000388636 0.00183003 -0.000181991 -0.00104231 -0.000584185 -0.0018412 -0.0038782 -0.00491931 -0.0103433 0.00266055
internal_weight=68765 68748.4 28325.2 4615.91 40423.2 11464.4 28958.8 18758.4 18142 13077.5 8372.4 7636.82 1962.08 5064.45
internal_count=211839 209129 83896 19804 125233 38206 87027 66536 48316 30978 20630 19607 10013 17338
cat_boundaries=0 1 2 3
cat_threshold=3584 4214784 8192
is_linear=0
shrinkage=0.06


Tree=293
num_leaves=15
num_cat=1
split_feature=6 5 8 5 8 6 2 2 7 2 1 2 3 2
split_gain=4.09939 7.40473 7.19201 6.84793 22.4038 19.4786 9.38785 15.0044 9.47038 11.2288 8.94686 8.32848 9.22269 6.78028
threshold=4.5000000000000009 9.4583334922790545 49.500000000000007 10.541666507720949 11.949999809265138 20.500000000000004 0.21429177373647693 0.15972399711608889 1.5000000000000002 0.1666684374213219 0 0.20372091233730319 71.200000762939467 0.64864397048950206
decision_type=2 2 2 2 2 2 2 2 2 2 1 2 2 2
left_child=-1 2 -2 4 5 10 7 -7 -9 -10 -3 12 -12 -6
right_child=1 3 -4 -5 13 6 -8 8 9 -11 11 -13 -14 -15
leaf_value=-0.0064101618677044241 0.0051250886066902318 -0.0052684006813945574 0.052628487364791851 0.00012669911458547829 -0.013238760024374433 -0.0035593192497369065 -0.0061281714955731649 0.0081081686555177102 0.11490547498107624 0.011383214736204126 0.0097482248772090673 0.006300861194745609 0.039608007113160502 0.068733244682569153
leaf_weight=357.92241072389879 770.44217027886771 190.51403795438819 11.647148936986921 62871.8495720356 627.3118690229021 990.2500013592944 1644.0650496516901 420.59676669165492 6.634388953447341 8.7424617633223516 93.467059896356659 706.28364753807546 61.899229370057583 3.6537702083587638
leaf_count=6486 6113 419 29 182267 3911 2381 7300 775 12 19 156 1884 65 22
internal_value=-5.69527e-06 2.78143e-05 0.00583253 -3.93174e-05 -0.00223516 -0.000623649 -0.00303803 0.00052411 0.00979902 0.0560482 0.00642167 0.0089635 0.0216446 -0.0127641
internal_weight=68765.3 68407.4 782.089 67625.3 4753.42 4122.45 3070.29 1426.22 435.974 15.3769 1052.16 861.65 155.366 630.966
internal_count=211839 205353 6142 199211 16944 13011 10487 3187 806 31 2524 2105 221 3933
cat_boundaries=0 1
cat_threshold=16
is_linear=0
shrinkage=0.06


Tree=294
num_leaves=15
num_cat=0
split_feature=8 2 2 5 5 5 5 6 8 5 6 6 5 2
split_gain=4.08556 4.11566 9.93254 14.7223 19.6619 12.5714 12.1943 11.4404 16.7387 21.9738 19.1841 16.6004 15.3162 17.579
threshold=1.0166666507720949 0.24893803149461749 0.23525891453027728 10.00009059906006 10.169160366058351 20.541666984558109 10.263038635253908 244.50000000000003 8.4499998092651385 10.625000000000002 118.50000000000001 208.50000000000003 16.002066612243656 0.15972399711608889
decision_type=2 2 2 2 2 2 2 2 2 2 2 2 2 2
left_child=-1 2 3 -2 -5 -4 -6 8 12 -10 -11 -12 13 -8
right_child=1 -3 5 4 6 -7 7 -9 9 10 11 -13 -14 -15
leaf_value=-0.029795118251871672 -0.0071404403885324055 -0.00029560189523971915 0.0027355441030006483 0.011359786132593091 -0.0099597041792274209 0.016458152979279231 0.0012498162636601375 -0.0014792965391836135 -0.014458549463152726 0.013756565961398987 -0.0041928796234599296 0.010926991660292725 0.0042648942789594753 -0.0058488277483275406
leaf_weight=16.570083440194139 902.59505000841455 48771.036932270566 1307.320445000194 603.42747274402063 404.12566946004517 294.46565907314653 3502.600393313216 6071.8704125420772 169.39903704728931 1049.7871854160912 606.04075327079045 459.7011325842177 2648.3842261439713 1957.8815361438319
leaf_count=15437 2245 130492 3109 969 875 665 8949 28919 247 1440 1493 1187 9511 6301
internal_value=-5.66336e-06 1.51661e-06 0.000726868 0.000331876 0.000717865 0.00525825 0.000337206 0.000589929 0.00179873 0.00633468 0.00799968 0.00232898 0.000520587 -0.00129544
internal_weight=68765.2 68748.6 19977.6 18375.8 17473.2 1601.79 16869.8 16465.7 10393.8 2284.93 2115.53 1065.74 8108.87 5460.48
internal_count=211839 196402 65910 62136 59891 3774 58922 58047 29128 4367 4120 2680 24761 15250
is_linear=0
shrinkage=0.06


Tree=295
num_leaves=15
num_cat=4
split_feature=2 8 3 0 2 8 6 0 2 5 0 8 5 0
split_gain=4.04398 5.09926 4.22894 9.0276 17.0856 8.48503 14.4403 12.9992 20.5956 24.2727 21.327 13.922 12.586 18.1826
threshold=0.0083173098973929899 1.5500000119209292 46.550001144409187 0 0.5403851866722108 7.2500000000000009 41.500000000000007 1 0.15277841687202456 19.521871566772464 2 5.1333332061767587 10.791666507720949 3
decision_type=2 2 2 9 2 2 2 9 2 2 9 2 2 9
left_child=1 -1 3 4 -2 6 -4 -8 -9 10 11 -10 -7 -14
right_child=2 -3 5 -5 -6 12 7 8 9 -11 -12 -13 13 -15
leaf_value=0.030629092459886098 -0.0051128784632895946 -0.017027433732251452 0.0058409382265080731 -3.2957059836157862e-05 0.0023904029073110395 -0.00304115723774634 0.0021721800180587122 0.0010234765287445227 -0.014168115783660576 0.0032641918045985909 -0.00084987097029304466 -0.0057836833297654358 0.00752286303058591 0.0010885369689217048
leaf_weight=8.9368151205999293 3447.0129449557571 84.588556871487526 1322.2001742129214 38561.928442631994 1599.4769738173927 1408.8381156336982 4117.2787661288748 5064.9940792946727 1234.401800016145 1239.045821979933 1718.710441091971 1687.6958833839744 2321.5824768224848 4948.4788486072794
leaf_count=2496 19889 7068 2904 102703 7853 2980 14632 18395 7326 3089 3875 3346 3974 11309
internal_value=-5.64784e-06 -0.0124736 1.13325e-05 -0.000345621 -0.00272932 0.000632409 -0.000171076 -0.000698829 -0.00177922 -0.00419652 -0.00618845 -0.00929377 0.00214925 0.00315509
internal_weight=68765.2 93.5254 68671.6 43608.4 5046.49 25063.2 16384.3 15062.1 10944.8 5879.85 4640.81 2922.1 8678.9 7270.06
internal_count=211839 9564 202275 130445 27742 71830 53567 50663 36031 17636 14547 10672 18263 15283
cat_boundaries=0 1 2 3 4
cat_threshold=4215296 4200704 2097680 3600
is_linear=0
shrinkage=0.06


Tree=296
num_leaves=15
num_cat=0
split_feature=5 5 5 5 5 5 6 8 2 7 6 4 7 6
split_gain=4.1513 8.6457 6.44897 13.3093 8.11757 16.354 9.11599 7.60171 7.57069 7.16572 7.11687 9.81166 10.8966 8.938
threshold=21.208333015441898 21.291666984558109 21.041666984558109 20.958333015441898 20.791666984558109 20.708333015441898 423.50000000000006 1.6333333253860476 0.026450422592461113 1.5000000000000002 238.50000000000003 0.55198147892951976 1.5000000000000002 402.50000000000006
decision_type=2 2 2 2 2 2 2 2 2 2 2 2 2 2
left_child=2 -2 3 4 5 7 10 8 -1 -4 -6 12 13 -12
right_child=1 -3 9 -5 6 -7 -8 -9 -10 -11 11 -13 -14 -15
leaf_value=0.012242058885168322 -0.010130615990881685 0.0013539940622102778 0.011718572663317986 -0.0084704794465130778 0.017626943935385064 -0.0080989114729698337 -0.022526501820649379 0.00013914949314903068 -0.015088450481101258 -0.00028374293658415959 0.017870137938942564 -0.0024958439663666371 0.0023941337784243156 0.077476600062952081
leaf_weight=44.246548495313618 438.14991604420356 511.41104209973128 357.85784621024504 662.89516610186547 166.12520911695901 888.26587277487852 41.27332961873617 64178.820629645488 208.0688879803929 358.438056789455 190.45318731846055 427.48389166174456 282.01960157311987 9.5085639861645159
leaf_count=2608 2837 21121 970 2574 287 2824 248 160930 13748 1548 310 1145 669 20
internal_value=-5.58184e-06 -0.00394528 4.95823e-05 -1.0871e-05 7.35383e-05 -1.3186e-05 0.00514558 9.82861e-05 -0.0102957 0.00571255 0.00620743 0.00412152 0.00999065 0.0207045
internal_weight=68765 949.561 67815.5 67099.2 66436.3 65319.4 1116.86 64431.1 252.315 716.296 1075.59 909.465 481.981 199.962
internal_count=211839 23958 187881 185363 182789 180110 2679 177286 16356 2518 2431 2144 999 330
is_linear=0
shrinkage=0.06


Tree=297
num_leaves=15
num_cat=3
split_feature=5 8 0 8 8 2 0 8 6 1 5 8 6 5
split_gain=4.02078 3.98478 15.5906 9.10717 9.82463 11.5245 12.5676 10.8793 8.22762 8.21977 7.5931 11.7529 12.9282 16.3234
threshold=21.458333015441898 35.500000000000007 0 18.166666984558109 16.500000000000004 0.48610912263393408 1 17.166666984558109 329.50000000000006 2 13.958333492279055 23.166666984558109 103.50000000000001 13.291666507720949
decision_type=2 2 9 2 2 2 9 2 2 1 2 2 2 2
left_child=1 3 -3 4 -1 6 -6 -7 -9 10 11 -5 -13 -14
right_child=-2 2 -4 9 5 7 -8 8 -10 -11 -12 12 13 -15
leaf_value=0.00012148528662028264 -0.029795118247714959 0.007079112801228327 -0.013319672124974771 0.037575804005898897 -0.0068041171400378192 0.0023025518598704803 0.020277004247128756 -0.015822431040364127 0.047165184314611981 -0.00097583345804202885 0.0047787330983529797 0.002359500501482883 0.11423044994208732 0.017161543730461745
leaf_weight=63067.921410253766 16.307246610725997 221.00010422058403 321.27790053840727 73.028538504615426 2022.8802085467614 1517.867181006819 54.665746789425611 176.05776049289852 7.7962271049618712 531.23311012424529 565.74547643586993 158.60862795403227 8.7484465837478655 21.722157299518585
leaf_count=177816 18284 741 2147 254 6596 1912 133 802 32 1367 1019 688 15 33
internal_value=-5.51355e-06 1.55258e-06 -0.00512143 4.22831e-05 -5.65751e-05 -0.00302802 -0.00602669 0.000632898 -0.0131515 0.00490466 0.00858625 0.0171321 0.00923614 0.0450311
internal_weight=68764.9 68748.6 542.278 68206.3 66847.2 3779.27 2077.55 1701.72 183.854 1359.09 827.853 262.108 189.079 30.4706
internal_count=211839 193555 2888 190667 187291 9475 6729 2746 834 3376 2009 990 736 48
cat_boundaries=0 1 2 3
cat_threshold=6144 2101760 17
is_linear=0
shrinkage=0.06


Tree=298
num_leaves=15
num_cat=4
split_feature=7 0 5 8 5 0 2 5 0 2 0 2 5 6
split_gain=3.99707 4.01699 3.95342 3.93795 8.30228 13.1034 32.1546 13.7207 12.4148 9.91989 8.16674 13.5336 8.41975 9.40206
threshold=3.5000000000000004 0 7.6250000000000009 3.3166666030883794 20.291666984558109 1 0.059561572968959815 19.521871566772464 2 0.21202572435140613 3 0.4999998807907105 19.291666984558109 292.50000000000006
decision_type=2 9 2 2 2 9 2 2 9 2 9 2 2 2
left_child=2 -2 -1 4 5 -4 -7 -8 -6 -10 11 12 13 -5
right_child=1 -3 3 10 8 6 7 -9 9 -11 -12 -13 -14 -15
leaf_value=-0.029795118316683879 -0.013110032317929843 -0.0018525674200245033 0.00026601698888983959 0.0048695134668616724 -0.0095962647463315367 0.0045803890722255023 -0.013407242895299385 -0.002936541086336039 -0.0010268163551950635 0.011511332936495205 4.6845006662983363e-06 -0.002235818400736651 0.019937198216011854 -0.011136837304607534
leaf_weight=15.98789862327976 148.10234270757064 451.37345394177828 3692.3868344891816 2963.2508681071922 206.74255884703598 840.24941622160259 1203.8168237522768 719.9934643592569 382.29576533306681 559.81570236431435 55885.334820683012 1430.3701580712805 126.67819366697222 138.27640463225543
leaf_count=2710 1660 2569 16312 13873 1186 3469 19780 4257 5523 3166 128006 8527 427 374
internal_value=-5.43321e-06 -0.00488335 3.74654e-05 4.44642e-05 -0.0012424 -0.00207863 -0.00519293 -0.00948854 0.00345715 0.00635606 0.000206115 0.0026169 0.00477517 0.0041559
internal_weight=68764.7 599.476 68165.2 68149.2 7605.3 6456.45 2764.06 1923.81 1148.85 942.111 60543.9 4658.58 3228.21 3101.53
internal_count=211839 4229 207610 204900 53693 43818 27506 24037 9875 8689 151207 23201 14674 14247
cat_boundaries=0 1 2 3 4
cat_threshold=4204800 4222976 4096 4213760
is_linear=0
shrinkage=0.06


Tree=299
num_leaves=15
num_cat=1
split_feature=2 2 2 2 6 2 0 2 2 3 7 6 8 8
split_gain=3.96156 3.93713 9.32551 19.828 11.2685 11.1505 16.864 16.7793 14.1323 13.487 11.1396 16.2601 13.5538 19.0156
threshold=1.0000000180025095e-35 0.24893803149461749 0.33333393931388861 0.33217521011829382 533.50000000000011 0.30508534610271459 0 0.28282913565635687 0.26314276456832891 48.95000076293946 1.0000000180025095e-35 466.50000000000006 11.949999809265138 12.366666316986086
decision_type=2 2 2 2 2 2 9 2 2 2 2 2 2 2
left_child=-1 -2 3 4 5 7 -7 8 -3 -9 11 -4 -12 -14
right_child=1 2 10 -5 -6 6 -8 9 -10 -11 12 -13 13 -15
leaf_value=-0.02979511822630999 0.00071065195580924834 -0.0027590386745860113 0.00094544697848752057 -0.0074400777846602038 -0.029795118450455425 0.0052341617764843848 -0.0041835478983737592 -0.0078539852475499466 0.0034490190843458821 0.0059834205610529261 0.00044730725012308449 0.012162501607716317 -0.010997255482659059 -0.001718328913603948
leaf_weight=16.067072736477712 19988.218494371133 2953.6087127996143 17929.59875872673 1842.8058820309816 47.747978172439616 2241.1439328620327 976.19299173669424 2013.205057323823 2386.8870233687921 290.11805318284314 10795.761077523028 477.62480441224761 919.25344014406437 5886.5705152646406
leaf_count=8984 67619 7683 44639 5409 224 5127 6127 7891 8227 656 30536 565 4075 14077
internal_value=-5.48914e-06 1.47291e-06 -0.000289238 -0.00168359 -0.000711169 -0.00058331 0.00237994 -0.00183056 1.55975e-05 -0.00611108 0.000204541 0.0012365 -0.000874655 -0.00297162
internal_weight=68764.8 68748.7 48760.5 12751.7 10908.9 10861.2 3217.34 7643.82 5340.5 2303.32 36008.8 18407.2 17601.6 6805.82
internal_count=211839 202855 135236 41344 35935 35711 11254 24457 15910 8547 93892 45204 48688 18152
cat_boundaries=0 1
cat_threshold=2097168
is_linear=0
shrinkage=0.06


end of trees

feature_importances:
hour=1137
remaining=1019
frac_left=695
sku=512
footfall=334
discount_pct=156
n_competing=140
price_ratio=120
weather=87

parameters:
[boosting: gbdt]
[objective: poisson]
[metric: poisson]
[tree_learner: serial]
[device_type: cpu]
[data_sample_strategy: bagging]
[data: ]
[valid: ]
[num_iterations: 300]
[learning_rate: 0.06]
[num_leaves: 15]
[num_threads: 4]
[seed: 0]
[deterministic: 0]
[force_col_wise: 0]
[force_row_wise: 0]
[histogram_pool_size: -1]
[max_depth: -1]
[min_data_in_leaf: 10]
[min_sum_hessian_in_leaf: 0.001]
[bagging_fraction: 1]
[pos_bagging_fraction: 1]
[neg_bagging_fraction: 1]
[bagging_freq: 0]
[bagging_seed: 7719]
[bagging_by_query: 0]
[feature_fraction: 1]
[feature_fraction_bynode: 1]
[feature_fraction_seed: 2437]
[extra_trees: 0]
[extra_seed: 11797]
[early_stopping_round: 0]
[early_stopping_min_delta: 0]
[first_metric_only: 0]
[max_delta_step: 0]
[lambda_l1: 0]
[lambda_l2: 0]
[linear_lambda: 0]
[min_gain_to_split: 0]
[drop_rate: 0.1]
[max_drop: 50]
[skip_drop: 0.5]
[xgboost_dart_mode: 0]
[uniform_drop: 0]
[drop_seed: 21238]
[top_rate: 0.2]
[other_rate: 0.1]
[min_data_per_group: 100]
[max_cat_threshold: 32]
[cat_l2: 10]
[cat_smooth: 10]
[max_cat_to_onehot: 4]
[top_k: 20]
[monotone_constraints: ]
[monotone_constraints_method: basic]
[monotone_penalty: 0]
[feature_contri: ]
[forcedsplits_filename: ]
[refit_decay_rate: 0.9]
[cegb_tradeoff: 1]
[cegb_penalty_split: 0]
[cegb_penalty_feature_lazy: ]
[cegb_penalty_feature_coupled: ]
[path_smooth: 0]
[interaction_constraints: ]
[verbosity: -1]
[saved_feature_importance_type: 0]
[use_quantized_grad: 0]
[num_grad_quant_bins: 4]
[quant_train_renew_leaf: 0]
[stochastic_rounding: 1]
[linear_tree: 0]
[max_bin: 255]
[max_bin_by_feature: ]
[min_data_in_bin: 3]
[bin_construct_sample_cnt: 200000]
[data_random_seed: 38]
[is_enable_sparse: 1]
[enable_bundle: 1]
[use_missing: 1]
[zero_as_missing: 0]
[feature_pre_filter: 1]
[pre_partition: 0]
[two_round: 0]
[header: 0]
[label_column: ]
[weight_column: ]
[group_column: ]
[ignore_column: ]
[categorical_feature: 0,1]
[forcedbins_filename: ]
[precise_float_parser: 0]
[parser_config_file: ]
[objective_seed: 8855]
[num_class: 1]
[is_unbalance: 0]
[scale_pos_weight: 1]
[sigmoid: 1]
[boost_from_average: 1]
[reg_sqrt: 0]
[alpha: 0.9]
[fair_c: 1]
[poisson_max_delta_step: 0.7]
[tweedie_variance_power: 1.5]
[lambdarank_truncation_level: 30]
[lambdarank_norm: 1]
[label_gain: ]
[lambdarank_position_bias_regularization: 0]
[eval_at: ]
[multi_error_top_k: 1]
[auc_mu_weights: ]
[num_machines: 1]
[local_listen_port: 12400]
[time_out: 120]
[machine_list_filename: ]
[machines: ]
[gpu_platform_id: -1]
[gpu_device_id: -1]
[gpu_device_id_list: ]
[gpu_use_dp: 0]
[num_gpu: 1]

end of parameters

pandas_categorical:null
