tree
version=v4
num_class=1
num_tree_per_iteration=1
label_index=0
max_feature_idx=3
objective=quantile
feature_names=platform eta_pred_s rain hour
feature_infos=-1:1:0 [540:842.4000244140625] [0:6] [11:22]
tree_sizes=2551 2701 2655 2725 2727 2684 2659 2689 2731 2729 2724 2713 2736 2715 2722 2752 2742 2712 2726 2686 2703 2705 2728 2693 2697 2190 2716 2733 2747 2718 2744 2733 2744 2768 2751 2756 2720 2740 2750 2548 2757 2806 2767

Tree=0
num_leaves=31
num_cat=9
split_feature=1 1 2 3 3 3 3 0 0 3 3 3 3 0 3 3 3 3 3 0 2 3 3 0 3 3 0 0 0 0
split_gain=38.304 10.9895 2.27568 2.25343 1.89523 1.2971 0.528205 0.448028 0.380884 0.29567 0.255018 0.235812 1.63281 0.6349 0.206219 0.776053 0.194548 0.154995 0.0645274 0.057519 0.0538686 0.293232 0.0448514 0.0425115 0.0824916 0.0415312 0.0206089 0.0162744 0.0131868 0.0118529
threshold=772.20001220703136 594.00000000000011 3.4000000059604649 12.500000000000002 11.500000000000002 20.500000000000004 19.500000000000004 0 1 13.500000000000002 13.500000000000002 13.500000000000002 15.500000000000002 2 17.000000000000004 18.500000000000004 18.500000000000004 20.500000000000004 17.000000000000004 3 3.4000000059604649 12.500000000000002 19.500000000000004 4 12.500000000000002 19.500000000000004 5 6 7 8
decision_type=2 2 2 2 2 2 2 1 1 2 2 2 2 1 2 2 2 2 2 1 2 2 2 1 2 2 1 1 1 1
left_child=1 4 3 26 -1 11 16 -7 9 -6 -10 27 19 22 -11 -16 20 -8 -12 -13 23 -22 -14 -2 -25 -15 -3 -5 -23 -19
right_child=6 2 -4 5 8 7 17 -9 10 14 18 12 13 25 15 -17 -18 29 -20 -21 21 28 -24 24 -26 -27 -28 -29 -30 -31
leaf_value=610.93400634765624 632.89385253906255 620.3826916503906 631.78392578124999 621.96421752929689 615.65110717773439 623.29414550781246 633.08701782226558 624.61012634277347 617.23102172851566 619.81306152343745 614.55621337890625 624.38514648437501 622.45013183593755 621.31098510742186 614.44980438232426 619.37020263671877 627.41317993164057 642.74561889648442 614.15326324462887 625.6884692382813 631.68498474121088 635.65449707031246 622.9464135742187 632.82940307617184 633.82977783203125 621.87527221679693 621.18501220703126 622.26726257324219 637.34307739257815 634.51641235351565
leaf_weight=31 123 205 42 389 49 175 60 160 33 78 59 102 271 220 22 41 31 27 62 91 22 35 403 27 72 349 217 292 30 26
leaf_count=31 123 205 42 389 49 175 60 160 33 78 59 102 271 220 22 41 31 27 62 91 22 35 403 27 72 349 217 292 30 26
internal_value=622.762 622.76 622.761 622.761 622.751 622.762 622.779 622.765 622.752 622.754 622.75 622.761 622.762 622.761 622.755 622.752 622.778 622.782 622.748 622.767 622.778 622.779 622.762 622.778 622.779 622.76 622.757 622.76 622.781 622.78
internal_weight=3744 3291 2916 2874 375 2452 453 335 344 190 154 2117 1436 1243 141 63 340 113 121 193 309 87 674 222 99 569 422 681 65 53
internal_count=3744 3291 2916 2874 375 2452 453 335 344 190 154 2117 1436 1243 141 63 340 113 121 193 309 87 674 222 99 569 422 681 65 53
cat_boundaries=0 1 2 3 4 5 6 7 8 9
cat_threshold=2 2 2 2 2 2 2 2 2
is_linear=0
shrinkage=1


Tree=1
num_leaves=31
num_cat=7
split_feature=1 1 3 3 2 3 0 3 0 3 3 3 2 3 0 3 3 2 3 3 3 3 0 3 1 0 3 3 0 0
split_gain=32.7672 10.0836 2.02544 1.97709 1.14311 1.14933 0.3748 0.317307 0.298032 0.34412 0.610167 0.466788 0.192765 0.255279 0.192252 0.524751 1.01248 0.434473 0.335315 0.25522 0.177096 0.154066 0.128231 0.0877534 0.0798685 0.0692106 0.132234 0.0668387 0.0595855 0.0582571
threshold=772.20001220703136 594.00000000000011 11.500000000000002 12.500000000000002 3.4000000059604649 20.500000000000004 0 19.500000000000004 1 18.500000000000004 17.000000000000004 13.500000000000002 3.4000000059604649 12.500000000000002 2 15.500000000000002 13.500000000000002 1.0000000180025095e-35 13.500000000000002 14.500000000000002 13.500000000000002 12.500000000000002 3 18.500000000000004 675.00000000000011 4 20.500000000000004 17.000000000000004 5 6
decision_type=2 2 2 2 2 2 1 2 1 2 2 2 2 2 1 2 2 2 2 2 2 2 1 2 2 1 2 2 1 1
left_child=1 2 -1 24 5 14 -7 12 9 10 11 -4 21 -14 17 16 -16 18 -5 -20 -10 22 -2 -23 28 -9 -27 -22 -3 -15
right_child=7 3 8 4 -6 6 -8 25 20 -11 -12 -13 13 29 15 -17 -18 -19 19 -21 27 23 -24 -25 -26 26 -28 -29 -30 -31
leaf_value=-11.118738134765623 9.5087736328124972 -2.1202350585937482 -6.6846633544921881 -0.84115993652343823 9.4863378662109383 0.49979267578125242 1.7368146606445294 8.9818680908203099 -5.1995436767578145 -3.1887136230468762 -7.8138879821777367 -2.7724262695312474 8.3871815551757845 12.415987133789065 -0.46547728271484401 -1.0200895751953158 2.7504569824218721 3.072458532714843 1.380804785156249 -0.23499404296874671 -7.7138635253906251 10.081087353515624 9.4629347900390641 4.2210038818359408 -0.20729677734374943 12.075469848632816 11.048723510742185 -8.0926366516113255 -1.4827926269531257 13.82493537597656
leaf_weight=31 44 200 49 387 34 175 160 57 33 41 22 78 22 36 292 569 91 24 85 669 59 151 27 29 23 30 26 62 207 31
leaf_count=31 44 200 49 387 34 175 160 57 33 41 22 78 22 36 292 569 91 24 85 669 59 151 27 29 23 30 26 62 207 31
internal_value=-9.61538e-05 -0.00217867 -0.01144 -0.000987654 -0.000337892 -0.000489396 0.00277612 0.0150331 -0.0101163 -0.00852632 -0.00986577 -0.00826772 0.0141176 0.0165169 -0.00100614 -0.00163866 7.8329e-05 -0.00048927 -0.000657318 7.95756e-05 -0.0120779 0.0132669 0.0156338 0.0123333 -0.00474419 0.0177876 0.0192857 -0.0131405 -0.00493857 0.0183582
internal_weight=3744 3291 375 2916 2486 2452 335 453 344 190 149 127 340 89 2117 952 383 1165 1141 754 154 251 71 180 430 113 56 121 407 67
internal_count=3744 3291 375 2916 2486 2452 335 453 344 190 149 127 340 89 2117 952 383 1165 1141 754 154 251 71 180 430 113 56 121 407 67
cat_boundaries=0 1 2 3 4 5 6 7
cat_threshold=2 2 2 2 2 2 2
is_linear=0
shrinkage=0.06


Tree=2
num_leaves=31
num_cat=10
split_feature=1 1 3 3 3 3 0 3 0 3 3 0 3 0 3 2 3 3 0 0 3 0 3 0 3 1 3 0 2 0
split_gain=29.7626 8.70946 2.25206 1.41823 1.47124 0.884108 0.514846 0.403443 0.294835 0.226047 1.27059 0.319142 0.170149 0.23755 0.139112 0.144604 0.19759 0.186757 0.128231 0.125782 0.257234 0.0723214 0.0941058 0.0652292 0.0517706 0.0507559 0.0473323 0.0461962 0.10474 0.0208493
threshold=772.20001220703136 594.00000000000011 11.500000000000002 13.500000000000002 15.500000000000002 20.500000000000004 0 12.500000000000002 1 17.000000000000004 18.500000000000004 2 13.500000000000002 3 19.500000000000004 3.4000000059604649 12.500000000000002 12.500000000000002 4 5 20.500000000000004 6 13.500000000000002 7 19.500000000000004 675.00000000000011 19.500000000000004 8 1.0000000180025095e-35 9
decision_type=2 2 2 2 2 2 1 2 1 2 2 1 2 1 2 2 2 2 1 1 2 1 2 1 2 2 2 1 2 1
left_child=1 2 -1 7 27 6 24 25 -7 12 -11 -12 23 -14 15 17 -17 18 -2 -16 -21 22 -19 -4 -6 -3 -8 28 -5 -9
right_child=14 3 9 4 5 8 26 29 -10 10 11 -13 13 -15 19 16 -18 21 -20 20 -22 -23 -24 -25 -26 -27 -28 -29 -30 -31
leaf_value=-10.451613846679686 8.9382472148437504 -1.8103604326171876 -6.2835835532226589 1.2979564980468763 -0.27948053320312738 0.46980511523437823 -1.303172726074215 -0.74528018408203023 1.6326057810058567 -8.3883666877441385 -2.997390805664065 -4.9200688699951156 -2.6060806933593721 -7.2510317138671887 8.4429560053710926 7.8839506618652395 12.50932319384766 10.314924626953122 8.8951587026367189 11.350941657714847 10.385800100097653 9.6367122246093757 4.6534206247558592 -4.8875710561523462 0.25728919335937916 -0.19485897070312147 -0.77274284326171938 2.7741343974609367 4.8584805886230491 -0.39304852368164345
leaf_weight=31 44 407 49 89 271 179 220 392 164 34 41 50 78 59 57 22 67 62 27 30 26 84 34 33 404 23 349 99 24 295
leaf_count=31 44 407 49 89 271 179 220 392 164 34 41 50 78 59 57 22 67 62 27 30 26 84 34 33 404 23 349 99 24 295
internal_value=-4.80769e-05 -0.00203282 -0.01064 -0.000925926 0.000116732 -0.000510397 -0.00125402 -0.00260519 0.00218659 -0.00924419 -0.01128 -0.00758242 -0.00808219 -0.00678832 0.0143709 0.0137647 0.0158427 0.0130279 0.0156338 0.0161947 0.0182143 0.012 0.013125 -0.0102439 -0.000133333 -0.00404651 -0.00258348 0.00481132 0.0039823 -0.00170306
internal_weight=3744 3291 375 2916 1799 1587 1244 1117 343 344 125 91 219 137 453 340 89 251 71 113 56 180 96 82 675 430 569 212 113 687
internal_count=3744 3291 375 2916 1799 1587 1244 1117 343 344 125 91 219 137 453 340 89 251 71 113 56 180 96 82 675 430 569 212 113 687
cat_boundaries=0 1 2 3 4 5 6 7 8 9 10
cat_threshold=2 2 2 2 2 2 2 2 2 2
is_linear=0
shrinkage=0.06


Tree=3
num_leaves=31
num_cat=5
split_feature=1 1 3 3 2 3 0 0 3 3 3 3 2 3 0 3 3 3 3 3 3 2 3 1 0 3 3 0 3 3
split_gain=26.8857 8.10946 2.34608 1.22793 0.820707 0.741268 0.243081 0.204299 0.223209 0.780436 0.280516 0.182252 0.293479 0.19759 0.171746 0.399061 0.836657 0.20724 0.213515 0.122555 0.122475 0.0906081 0.0473323 0.0457219 0.04375 0.136168 0.0416775 0.0163831 0.0128626 0.00644564
threshold=772.20001220703136 594.00000000000011 11.500000000000002 12.500000000000002 3.4000000059604649 20.500000000000004 0 1 18.500000000000004 17.000000000000004 13.500000000000002 19.500000000000004 3.4000000059604649 12.500000000000002 2 15.500000000000002 13.500000000000002 13.500000000000002 18.500000000000004 12.500000000000002 17.000000000000004 3.4000000059604649 19.500000000000004 675.00000000000011 3 13.500000000000002 19.500000000000004 4 13.500000000000002 20.500000000000004
decision_type=2 2 2 2 2 2 1 1 2 2 2 2 2 2 1 2 2 2 2 2 2 2 2 2 1 2 2 1 2 2
left_child=1 2 -1 23 5 14 -7 8 9 10 -4 12 19 -14 17 16 -16 -5 -19 -2 28 29 -17 -3 25 -21 -20 -15 -9 -13
right_child=11 3 7 4 -6 6 -8 20 -10 -11 -12 21 13 27 15 22 -18 18 26 24 -22 -23 -24 -25 -26 -27 -28 -29 -30 -31
leaf_value=-9.8245170158789019 8.3872087296093767 -1.7017388066601598 -5.9065685400292978 -0.65515321678710736 8.6256487589208977 0.4416168083203138 1.5346494341455059 -4.5943167927832089 -2.817547357324222 -6.8417527019824229 -2.4497158517578121 7.192635417275393 7.4109136221533252 10.920468514130864 -0.4139657343310591 -1.2249823625097633 2.4189814996289076 1.5091367253515613 -0.36288137894531475 9.6960291493359332 -7.2078253857824697 9.096239002382811 -0.72637827266601329 -0.18316743246093664 9.0585094911328135 4.3742153872705067 0.17158694917969114 12.244879861787108 -6.8159698110351581 13.764839594091795
leaf_weight=31 71 407 49 389 34 175 160 33 41 22 78 46 22 36 292 220 91 103 270 62 62 20 349 23 84 34 403 31 59 47
leaf_count=31 71 407 49 389 34 175 160 33 41 22 78 46 22 36 292 220 91 103 270 62 62 20 349 23 84 34 403 31 59 47
internal_value=-0.000128205 -0.00201459 -0.01032 -0.000946502 -0.000434433 -0.000562806 0.0020597 -0.00889535 -0.00757895 -0.00865772 -0.00685039 0.0135762 0.0128824 0.0158427 -0.000977799 -0.00157563 -7.8329e-05 -0.00048927 7.73196e-05 0.0118327 -0.0105195 0.0156637 -0.00258348 -0.00390698 0.011 0.011875 -0.000312036 0.0174627 -0.00913043 0.0164516
internal_weight=3744 3291 375 2916 2486 2452 335 344 190 149 127 453 340 89 2117 952 383 1165 776 251 154 113 569 430 180 96 673 67 92 93
internal_count=3744 3291 375 2916 2486 2452 335 344 190 149 127 453 340 89 2117 952 383 1165 776 251 154 113 569 430 180 96 673 67 92 93
cat_boundaries=0 1 2 3 4 5
cat_threshold=2 2 2 2 2
is_linear=0
shrinkage=0.06


Tree=4
num_leaves=31
num_cat=5
split_feature=1 1 3 3 2 3 0 0 0 3 3 2 3 3 3 2 3 3 0 3 3 3 3 3 3 0 3 1 3 3
split_gain=23.858 7.70339 2.44202 1.18092 0.807919 0.70035 0.301483 0.243081 0.224073 0.399061 0.836657 0.193722 0.157084 0.905574 0.238157 0.130003 0.188406 0.184352 0.135813 0.136168 0.123371 0.162429 0.122475 0.103578 0.0892434 0.0674183 0.0473323 0.0409507 0.015649 0.0128626
threshold=772.20001220703136 594.00000000000011 11.500000000000002 12.500000000000002 3.4000000059604649 20.500000000000004 0 1 2 15.500000000000002 13.500000000000002 1.0000000180025095e-35 18.500000000000004 17.000000000000004 13.500000000000002 3.4000000059604649 19.500000000000004 12.500000000000002 3 13.500000000000002 13.500000000000002 14.500000000000002 17.000000000000004 12.500000000000002 19.500000000000004 4 19.500000000000004 675.00000000000011 19.500000000000004 13.500000000000002
decision_type=2 2 2 2 2 2 1 1 1 2 2 2 2 2 2 2 2 2 1 2 2 2 2 2 2 1 2 2 2 2
left_child=1 2 -1 27 5 8 12 -7 11 10 -10 20 13 14 -4 16 17 -2 19 -19 -5 -22 29 -17 25 -25 -11 -3 -23 -8
right_child=15 3 6 4 -6 7 22 -9 9 26 -12 -13 -14 -15 -16 23 -18 18 -20 -21 21 28 -24 24 -26 -27 -28 -29 -30 -31
leaf_value=-9.2350459949261694 7.8839762058328136 -1.5996344782605501 -5.5521744276275395 -0.70666433627988223 8.1081098333856438 0.41511979982109548 -4.3186577852162191 1.4425704680967737 -0.3891277902711931 -1.1514834207591775 2.2738426096511737 2.7390955033587909 -2.6484945158847699 -6.4312475398634792 -2.3027329006523449 6.9662588048241263 8.4433144528212889 9.1142674003757786 8.5149989216648461 4.1117624640342765 1.1295309046429656 -0.22928415538828403 -6.7753558626355206 10.265240403283009 8.5504646622398397 11.51018707007988 -0.6827955763060527 -0.17217738651328318 -0.018777847849212322 -6.4070116223730471
leaf_weight=31 71 407 49 387 34 175 33 160 292 220 91 24 41 22 78 22 93 62 84 34 85 270 62 36 20 31 349 23 399 59
leaf_count=31 71 407 49 387 34 175 33 160 292 220 91 24 41 22 78 22 93 62 84 34 85 270 62 36 20 31 349 23 399 59
internal_value=-0.000128205 -0.0019052 -0.01 -0.000864198 -0.000362027 -0.000489396 -0.00854651 0.0020597 -0.000892773 -0.00157563 -7.8329e-05 -0.000334764 -0.00694737 -0.00785235 -0.00590551 0.0127815 0.0122093 0.0113546 0.0103333 0.011875 -0.000446976 0 -0.0105195 0.0145872 0.0155172 0.0165672 -0.00258348 -0.00376744 -0.000313901 -0.00913043
internal_weight=3744 3291 375 2916 2486 2452 344 335 2117 952 383 1165 190 149 127 453 344 251 180 96 1141 754 154 109 87 67 569 430 669 92
internal_count=3744 3291 375 2916 2486 2452 344 335 2117 952 383 1165 190 149 127 453 344 251 180 96 1141 754 154 109 87 67 569 430 669 92
cat_boundaries=0 1 2 3 4 5
cat_threshold=2 2 2 2 2
is_linear=0
shrinkage=0.06


Tree=5
num_leaves=31
num_cat=8
split_feature=1 1 3 3 3 2 3 3 0 0 2 3 3 3 3 0 3 3 2 3 0 2 0 3 3 0 1 3 0 0
split_gain=20.7746 7.50427 2.49071 1.10224 0.610157 0.723032 0.321504 1.39683 0.236757 0.220901 0.189902 0.172606 0.150685 0.200514 0.147279 0.14561 0.30464 0.631441 0.197481 0.117211 0.214797 0.109697 0.556559 0.108921 0.0905141 0.0674183 0.0364424 0.0318303 0.347826 0.206151
threshold=772.20001220703136 594.00000000000011 11.500000000000002 12.500000000000002 20.500000000000004 3.4000000059604649 17.000000000000004 18.500000000000004 0 1 3.4000000059604649 19.500000000000004 19.500000000000004 12.500000000000002 12.500000000000002 2 15.500000000000002 13.500000000000002 1.0000000180025095e-35 13.500000000000002 3 1.0000000180025095e-35 4 13.500000000000002 14.500000000000002 5 675.00000000000011 20.500000000000004 6 7
decision_type=2 2 2 2 2 2 2 2 1 1 2 2 2 2 2 1 2 2 2 2 1 2 1 2 2 1 2 2 1 1
left_child=1 2 -1 26 5 15 19 -8 -6 -9 12 14 13 -2 -12 18 17 -17 23 -4 -21 -15 -23 -5 -25 -16 -3 28 -14 -29
right_child=10 3 6 4 8 -7 7 9 -10 -11 11 -13 27 21 25 16 -18 -19 -20 20 -22 22 -24 24 -26 -27 -28 29 -30 -31
leaf_value=-8.6809432352305986 7.4109376334828445 -1.5036564095649168 -4.522297731833441 -0.66426447610308736 0.39021261183182787 7.6216232433825031 -7.0673792417715759 -2.4895848449316849 1.3560162400109697 -3.7858738628903299 6.5482832765346757 8.0374367825054485 0.85837858643678366 9.0567961299196416 9.6493259790860311 -0.36578012285491923 -0.76851485344644055 2.137412053072103 2.5747497731572606 -2.1645689266132035 -6.0225909250306655 6.4683836463922963 4.2014653193727662 1.0617590503643897 -0.1895499332134227 10.819575845875089 -0.16184674332248961 19.733177732312168 8.346278947296156 7.9367155856520135
leaf_weight=31 71 407 82 387 179 26 34 41 164 50 22 20 23 31 36 292 569 91 24 78 59 83 66 85 669 31 23 22 23 25
leaf_count=31 71 407 82 387 179 26 34 41 164 50 22 20 23 31 36 292 569 91 24 78 59 83 66 85 669 31 23 22 23 25
internal_value=-0.000192308 -0.0018505 -0.00984 -0.000823045 -0.000337892 -0.000713952 -0.00837209 -0.0108 0.00201166 -0.00692308 0.0118543 0.0140367 0.0111628 0.0103984 0.0151685 -0.000836089 -0.00138655 -7.8329e-05 -0.000386266 -0.0069863 -0.00591241 0.00933333 0.00865772 -0.000499562 -7.95756e-05 0.0165672 -0.00362791 0.0132258 0.0143478 0.0121277
internal_weight=3744 3291 375 2916 2486 2143 344 125 343 91 453 109 344 251 89 2117 952 383 1165 219 137 180 149 1141 754 67 430 93 46 47
internal_count=3744 3291 375 2916 2486 2143 344 125 343 91 453 109 344 251 89 2117 952 383 1165 219 137 180 149 1141 754 67 430 93 46 47
cat_boundaries=0 1 2 3 4 5 6 7 8
cat_threshold=2 2 2 2 2 2 2 2
is_linear=0
shrinkage=0.06


Tree=6
num_leaves=31
num_cat=9
split_feature=1 1 3 3 3 2 3 3 0 0 2 0 3 3 2 3 3 3 0 3 3 0 3 0 3 3 0 0 3 0
split_gain=19.32 6.79159 2.63966 0.82554 0.534352 0.723032 0.333062 1.07236 0.220901 0.185044 0.164191 0.14561 0.236048 0.494351 0.197481 0.136939 0.129714 0.21838 0.150893 0.108921 0.104348 0.153119 0.0944312 0.133392 0.0905141 0.0789591 0.34913 0.347826 0.0474581 0.0435615
threshold=772.20001220703136 594.00000000000011 11.500000000000002 12.500000000000002 20.500000000000004 3.4000000059604649 17.000000000000004 18.500000000000004 0 1 3.4000000059604649 2 15.500000000000002 13.500000000000002 1.0000000180025095e-35 19.500000000000004 12.500000000000002 19.500000000000004 3 13.500000000000002 12.500000000000002 4 13.500000000000002 5 14.500000000000002 20.500000000000004 6 7 13.500000000000002 8
decision_type=2 2 2 2 2 2 2 2 1 1 2 1 2 2 2 2 2 2 1 2 2 1 2 1 2 2 1 1 2 1
left_child=1 2 -1 -3 5 11 22 -8 -9 -6 16 14 13 -13 19 20 -2 18 28 -5 -12 -22 29 -24 -21 27 -27 -19 -18 -4
right_child=10 3 6 4 9 -7 7 8 -10 -11 15 12 -14 -15 -16 -17 17 25 -20 24 21 -23 23 -25 -26 26 -28 -29 -30 -31
leaf_value=-8.1600866411167612 6.9662813754738746 -1.3446333140535238 -4.9477060980598839 -0.6244086075369023 0.36679985512192159 7.1643258487795531 -6.6433364872652794 -2.3402097542357865 -3.5587214311169122 1.2746552656103132 6.1553862799425954 -0.34383331548362095 -0.72240396223965719 2.0091673298877755 2.4202647867678264 7.5551905755551223 8.1016559630638731 0.80687587125057914 7.6063511428861794 0.99805350734252896 9.0703664203408696 10.170401295122586 -2.0346947910164088 -5.6612354695288287 -0.17817693722061448 18.549187068373442 7.4605126505128938 7.8455022104583891 3.3993013229028564 -3.7882004541932384
leaf_weight=31 71 430 49 387 179 26 34 41 50 164 22 292 569 91 24 20 62 23 84 85 36 31 78 59 669 22 25 23 34 33
leaf_count=31 71 430 49 387 179 26 34 41 50 164 22 292 569 91 24 20 62 23 84 85 36 31 78 59 669 22 25 23 34 33
internal_value=-0.000160256 -0.00175934 -0.00936 -0.000781893 -0.000362027 -0.000713952 -0.00784884 -0.01032 -0.00692308 0.00183673 0.011457 -0.000836089 -0.00138655 -0.000234987 -0.000386266 0.0134862 0.010814 0.0102198 0.009 -0.000499562 0.0144944 0.0156716 -0.00643836 -0.00547445 -7.95756e-05 0.0125806 0.0108511 0.0143478 0.010625 -0.00804878
internal_weight=3744 3291 375 2916 2486 2143 344 125 91 343 453 2117 952 383 1165 109 344 273 180 1141 89 67 219 137 754 93 47 46 96 82
internal_count=3744 3291 375 2916 2486 2143 344 125 91 343 453 2117 952 383 1165 109 344 273 180 1141 89 67 219 137 754 93 47 46 96 82
cat_boundaries=0 1 2 3 4 5 6 7 8 9
cat_threshold=2 2 2 2 2 2 2 2 2
is_linear=0
shrinkage=0.06


Tree=7
num_leaves=31
num_cat=8
split_feature=1 1 3 3 2 3 3 3 0 0 0 3 3 2 2 3 3 3 2 0 3 3 0 3 0 3 0 0 3 1
split_gain=17.1801 6.66912 2.69027 0.787072 0.517068 0.556419 0.381737 1.07236 0.220901 0.190003 0.157482 0.210917 0.33994 0.19 0.100878 0.09605 0.095782 0.181963 0.159361 0.584989 0.0828717 0.0779765 0.0994793 0.0483793 0.133392 0.0310396 0.34913 0.195652 0.0246176 0.0210376
threshold=772.20001220703136 594.00000000000011 11.500000000000002 12.500000000000002 3.4000000059604649 20.500000000000004 17.000000000000004 18.500000000000004 0 1 2 15.500000000000002 13.500000000000002 1.0000000180025095e-35 3.4000000059604649 13.500000000000002 19.500000000000004 12.500000000000002 1.0000000180025095e-35 3 14.500000000000002 19.500000000000004 4 13.500000000000002 5 20.500000000000004 6 7 19.500000000000004 675.00000000000011
decision_type=2 2 2 2 2 2 2 2 1 1 1 2 2 2 2 2 2 2 2 1 2 2 1 2 1 2 1 1 2 2
left_child=1 2 -1 29 5 10 23 -8 -9 -7 13 12 -12 15 16 -5 17 -2 -19 -20 -17 22 -16 -4 -25 27 -27 -18 -22 -3
right_child=14 3 6 4 -6 9 7 8 -10 -11 11 -13 -14 -15 21 20 25 18 19 -21 28 -23 -24 24 -26 26 -28 -29 -30 -31
leaf_value=-7.6704814426497547 6.5483044929454444 -1.3327590261478099 -3.9888826713558418 -0.58694409108468792 6.7344662978527818 0.34479186381460519 -6.2447362980293617 -2.1997971689816356 -3.3451981452498942 1.1981759496736912 -0.32320331655460449 -0.67905972450527541 1.8886172900945097 2.2750488995617579 9.0940240737922924 0.93817029690197606 0.75846331897554586 8.0570072935512886 5.5941812698249231 3.4929963316372277 -0.19346349383893766 7.1018791410218158 7.3727699908527295 -1.912613103555427 -5.3215613413570981 17.436235844271032 7.0128818914821203 7.3747720778308894 0.004412435247791109 -0.071457939879926463
leaf_weight=31 71 407 82 387 34 175 34 41 50 160 292 569 91 24 48 85 23 31 83 66 270 20 41 78 59 22 25 23 399 23
leaf_count=31 71 407 82 387 34 175 34 41 50 160 292 569 91 24 48 85 23 31 83 66 270 20 41 78 59 22 25 23 399 23
internal_value=-0.000160256 -0.00166819 -0.0092 -0.000699588 -0.000289622 -0.000391517 -0.00767442 -0.01032 -0.00692308 0.0018806 -0.000751063 -0.00132353 -0.000234987 -0.000283262 0.0107947 -0.000394391 0.0102907 0.00968127 0.00866667 0.00785235 0 0.0123853 0.0131461 -0.00616438 -0.00547445 0.0119355 0.0108511 0.0130435 -0.000224215 -0.00306977
internal_weight=3744 3291 375 2916 2486 2452 344 125 91 335 2117 952 383 1165 453 1141 344 251 180 149 754 109 89 219 137 93 47 46 669 430
internal_count=3744 3291 375 2916 2486 2452 344 125 91 335 2117 952 383 1165 453 1141 344 251 180 149 754 109 89 219 137 93 47 46 669 430
cat_boundaries=0 1 2 3 4 5 6 7 8
cat_threshold=2 2 2 2 2 2 2 2
is_linear=0
shrinkage=0.06


Tree=8
num_leaves=31
num_cat=6
split_feature=1 1 3 3 2 3 3 3 0 0 2 0 2 3 3 3 3 0 3 3 2 3 3 3 0 3 3 1 3 0
split_gain=16.2124 6.27001 2.79294 0.828603 0.506929 0.521046 0.344824 0.790715 0.220901 0.190003 0.137276 0.172979 0.637334 0.185709 0.164091 0.163919 0.215543 0.105437 0.198542 0.307491 0.19 0.09605 0.0828717 0.0779765 0.0994793 0.0369769 0.0246176 0.0210376 0.0175852 0.133392
threshold=772.20001220703136 594.00000000000011 11.500000000000002 12.500000000000002 3.4000000059604649 20.500000000000004 17.000000000000004 18.500000000000004 0 1 3.4000000059604649 2 1.0000000180025095e-35 20.500000000000004 13.500000000000002 19.500000000000004 12.500000000000002 3 15.500000000000002 13.500000000000002 1.0000000180025095e-35 13.500000000000002 14.500000000000002 19.500000000000004 4 19.500000000000004 19.500000000000004 675.00000000000011 13.500000000000002 5
decision_type=2 2 2 2 2 2 2 2 1 1 2 1 2 2 2 2 2 1 2 2 2 2 2 2 1 2 2 2 2 1
left_child=1 2 -1 27 5 17 28 -8 -9 -7 11 13 -13 14 -2 16 -14 20 19 -19 21 -5 -23 24 -12 -20 -24 -3 -4 -30
right_child=10 3 6 4 -6 9 7 8 -10 -11 23 12 15 -15 -16 -17 -18 18 25 -21 -22 22 26 -25 -26 -27 -28 -29 29 -31
leaf_value=-7.2102525560907722 6.1895437021125872 -1.2527934845789446 -3.7495497110744882 -0.55172744561960829 6.3303983199816134 0.32410435198572712 -5.8700521201476006 -2.0678093388427397 -3.1444862565348988 1.1262853926932712 8.5483826293647542 8.9367521391413405 6.1296466742378533 16.390061693614772 2.4023489183586841 6.7621973655771122 3.2834165517389966 -0.30381111756133122 -0.95219570310214741 1.7753002526888371 2.1385459655880537 0.88188007908785948 -0.18185568420859907 6.6757663925605035 6.9304037914015675 -0.51162912931621118 0.0041476891329239153 -0.067170463487132112 -1.7978563173421047 -5.0022676608756731
leaf_weight=31 106 407 82 387 34 175 34 41 50 160 48 24 27 22 57 42 66 292 220 91 24 85 270 20 41 349 399 23 78 59
leaf_count=31 106 407 82 387 34 175 34 41 50 160 48 24 27 22 57 42 66 292 220 91 24 85 270 20 41 349 399 23 78 59
internal_value=-0.000112179 -0.00157703 -0.00888 -0.00063786 -0.000217216 -0.000318108 -0.00732558 -0.00984 -0.00692308 0.0018806 0.0105298 0.00994186 0.00849057 0.0111892 0.0104908 0.00688889 0.00548387 -0.000666037 -0.00113445 -7.8329e-05 -0.000283262 -0.000394391 0 0.0123853 0.0131461 -0.00184534 -0.000224215 -0.00306977 -0.00589041 -0.00547445
internal_weight=3744 3291 375 2916 2486 2452 344 125 91 335 453 344 159 185 163 135 93 2117 952 383 1165 1141 754 109 89 569 669 430 219 137
internal_count=3744 3291 375 2916 2486 2452 344 125 91 335 453 344 159 185 163 135 93 2117 952 383 1165 1141 754 109 89 569 669 430 219 137
cat_boundaries=0 1 2 3 4 5 6
cat_threshold=2 2 2 2 2 2
is_linear=0
shrinkage=0.06


Tree=9
num_leaves=31
num_cat=7
split_feature=1 3 1 3 2 3 0 3 3 0 2 0 2 3 3 3 3 1 3 3 3 0 0 3 0 3 0 3 3 3
split_gain=14.9429 5.4263 3.05566 0.672192 0.490253 0.464671 0.231354 0.339379 0.23115 0.190003 0.0982747 0.133899 0.637334 0.209718 0.262035 0.163919 0.215543 0.0885176 0.0546799 0.0537965 0.480278 0.147147 0.080965 0.0576947 0.0472789 0.0359454 0.0250689 0.0250609 0.0167009 0.00311238
threshold=772.20001220703136 11.500000000000002 594.00000000000011 12.500000000000002 3.4000000059604649 20.500000000000004 0 17.000000000000004 14.500000000000002 1 3.4000000059604649 2 1.0000000180025095e-35 20.500000000000004 13.500000000000002 19.500000000000004 12.500000000000002 675.00000000000011 19.500000000000004 18.500000000000004 13.500000000000002 3 4 19.500000000000004 5 13.500000000000002 6 13.500000000000002 19.500000000000004 12.500000000000002
decision_type=2 2 2 2 2 2 1 2 2 1 2 1 2 2 2 2 2 2 2 2 2 1 1 2 1 2 1 2 2 2
left_child=1 -1 6 26 5 17 8 27 25 -7 11 13 -13 14 29 16 -14 19 24 20 -5 23 -22 -21 -12 -3 -4 -8 -23 -2
right_child=10 2 3 4 -6 9 7 -9 -10 -11 18 12 15 -15 -16 -17 -18 -19 -20 21 22 28 -24 -25 -26 -27 -28 -29 -30 -31
leaf_value=-6.777637402725329 5.7987772535857101 -4.1865377892304672 -1.3602863979651418 -0.30865190851546687 5.9505744207827131 0.3046580908665828 -3.0966024839958255 -5.1790409955872105 -2.1028505380188642 1.0587082691316754 8.0354796716028716 8.4005470107928559 5.7618678737835829 15.406657991997882 2.2582079832571615 6.3564655236424867 3.0864115586346541 0.69954550700824025 6.2752204090068746 -0.28276868397639643 0.69280638567071262 -1.0266105917753952 2.0616716418243843 0.097104840575630069 6.5145795639174748 -3.0243001238484566 -0.67569561476201667 -4.702131601223134 -0.48093138155723636 6.8346483262519993
leaf_weight=35 44 49 210 681 34 175 33 62 74 160 48 24 27 22 57 42 66 39 20 260 88 214 83 403 41 67 216 59 349 62
leaf_count=35 44 49 210 681 34 175 33 62 74 160 48 24 27 22 57 42 66 39 20 260 88 214 83 403 41 67 216 59 349 62
internal_value=4.80769e-05 -0.00135825 -0.00110565 -0.000473901 -9.65406e-05 -0.000195759 -0.00645349 -0.00818182 -0.00505263 0.0018806 0.0102649 0.00976744 0.00849057 0.0108649 0.0101227 0.00688889 0.00548387 -0.000524327 0.0118349 -0.000577478 -0.000211268 -0.000831974 0.00263158 -0.000226244 0.0124719 -0.00672414 -0.00267606 -0.00586957 -0.00154529 0.0118868
internal_weight=3744 3291 3256 2912 2486 2452 344 154 190 335 453 344 159 185 163 135 93 2117 109 2078 852 1226 171 663 89 116 426 92 563 106
internal_count=3744 3291 3256 2912 2486 2452 344 154 190 335 453 344 159 185 163 135 93 2117 109 2078 852 1226 171 663 89 116 426 92 563 106
cat_boundaries=0 1 2 3 4 5 6 7
cat_threshold=2 2 2 2 2 2 2
is_linear=0
shrinkage=0.06


Tree=10
num_leaves=31
num_cat=7
split_feature=1 3 1 3 2 3 0 0 3 3 2 3 2 0 3 0 2 2 3 3 3 3 3 3 0 0 3 0 3 3
split_gain=13.9387 5.4263 2.48696 0.634985 0.500225 0.498108 0.190003 0.167901 0.190446 0.149182 0.0800413 0.098399 0.12502 0.285109 0.288721 0.0765218 0.19 0.177694 0.128264 0.399913 0.0612005 0.0905141 0.0607028 0.0355066 0.11031 0.0250689 0.0250609 0.0240077 0.015649 0.0132638
threshold=772.20001220703136 11.500000000000002 594.00000000000011 12.500000000000002 3.4000000059604649 20.500000000000004 0 1 13.500000000000002 17.000000000000004 3.4000000059604649 12.500000000000002 1.0000000180025095e-35 2 19.500000000000004 3 1.0000000180025095e-35 1.0000000180025095e-35 18.500000000000004 13.500000000000002 13.500000000000002 14.500000000000002 14.500000000000002 19.500000000000004 4 5 13.500000000000002 6 19.500000000000004 19.500000000000004
decision_type=2 2 2 2 2 2 1 1 2 2 2 2 2 1 2 1 2 2 2 2 2 2 2 2 1 1 2 1 2 2
left_child=1 -1 7 25 5 15 -7 8 -3 26 11 27 -13 -14 -15 16 20 18 19 -17 -5 -22 -10 24 -12 -4 -9 -2 -23 -20
right_child=10 2 3 4 -6 6 -8 9 22 -11 23 12 13 14 -16 17 -18 -19 29 -21 21 28 -24 -25 -26 -27 -28 -29 -30 -31
leaf_value=-6.370979158561811 5.4508506183705663 -3.9353455218766404 -1.2786692140872309 -0.50010468437150624 5.5935399555357526 0.28637860541458621 0.9951857729837752 -2.9108063349560735 -2.8428421164175504 -4.8682985358519772 7.5533508913067022 5.5269421150796223 5.9204839709744306 2.9012268651165778 5.9750775922239399 -0.27200901470766436 1.9985063996979886 -0.40765731879445638 -0.89313041134699911 2.566112822807106 0.78739889120234685 -0.15397822211749826 -1.9766795057377327 5.8987071844664589 6.1237047900824289 -0.63515387787629374 -4.4200037051497425 5.4161558013565694 -0.0019274626495871415 -0.43763580139818031
leaf_weight=35 44 49 210 387 34 175 160 33 67 62 48 40 125 66 42 286 24 25 215 80 85 270 74 20 41 216 59 27 399 346
leaf_count=35 44 49 210 387 34 175 160 33 67 62 48 40 125 66 42 286 24 25 215 80 85 270 74 20 41 216 59 27 399 346
internal_value=0 -0.00135825 -0.00110565 -0.000535714 -0.000168946 -0.000269168 0.0018806 -0.00593023 -0.00473684 -0.0074026 0.00986755 0.0094186 0.0089011 0.0083691 0.00611111 -0.000609353 -0.000283262 -0.0010084 -0.000873786 0 -0.000394391 -7.95756e-05 -0.00361702 0.0112844 0.0117978 -0.00267606 -0.00586957 0.0114085 -0.000313901 -0.00144385
internal_weight=3744 3291 3256 2912 2486 2452 335 344 190 154 453 344 273 233 108 2117 1165 952 927 366 1141 754 141 109 89 426 92 71 669 561
internal_count=3744 3291 3256 2912 2486 2452 335 344 190 154 453 344 273 233 108 2117 1165 952 927 366 1141 754 141 109 89 426 92 71 669 561
cat_boundaries=0 1 2 3 4 5 6 7
cat_threshold=2 2 2 2 2 2 2
is_linear=0
shrinkage=0.06


Tree=11
num_leaves=31
num_cat=8
split_feature=1 3 1 2 3 3 0 3 0 1 3 2 3 3 2 0 3 3 3 0 0 3 0 3 3 3 0 3 0 3
split_gain=11.3497 5.44315 2.17572 0.697938 0.587521 0.429027 0.158731 0.229602 0.143454 0.0939126 0.0829903 0.0754414 0.229117 0.17122 0.110818 0.242292 0.477273 0.0586611 0.390191 0.109535 0.0423544 0.0408389 0.183077 0.037877 0.14254 0.0316158 0.0285663 0.0250609 0.0240077 0.0167009
threshold=772.20001220703136 11.500000000000002 594.00000000000011 3.4000000059604649 12.500000000000002 20.500000000000004 0 13.500000000000002 1 675.00000000000011 17.000000000000004 3.4000000059604649 12.500000000000002 12.500000000000002 1.0000000180025095e-35 2 19.500000000000004 18.500000000000004 13.500000000000002 3 4 19.500000000000004 5 17.000000000000004 18.500000000000004 19.500000000000004 6 13.500000000000002 7 19.500000000000004
decision_type=2 2 2 2 2 2 1 2 1 2 2 2 2 2 2 1 2 2 2 1 1 2 1 2 2 2 1 2 1 2
left_child=1 -1 6 4 26 9 7 -3 -7 17 27 12 28 -13 -14 -16 -17 18 -6 25 -20 22 -15 -9 -25 -19 -4 -8 -2 -21
right_child=11 2 3 -5 5 8 10 23 -10 -11 -12 13 14 21 15 16 -18 19 20 29 -22 -23 -24 24 -26 -27 -28 -29 -30 -31
leaf_value=-5.9887204090481028 5.1237995812683357 -3.6992247905640396 -1.2019490612419963 5.1553736699564556 -0.27381225312207785 0.26919588908971037 -2.7361579548587085 -1.3379564038856255 0.93547462660475045 0.53766239260586413 -4.5762006237008581 3.9808822410764195 5.195325588174847 6.5322701991564278 5.5652549327159608 2.7271532532095852 5.6165729366905062 -0.25656386961075894 0.60399406905833297 -0.91142613158805486 1.7840045739464927 5.5447847533984689 7.9436897292399813 -4.2510706360134396 -1.6989689758867825 -0.0018118148906091846 -0.65350155438340374 -4.1548034828407596 5.0911864532751743 -0.4258173505799141
leaf_weight=35 44 49 204 42 681 175 33 78 160 39 62 22 40 36 125 66 42 260 88 214 83 20 31 22 41 403 214 59 27 349
leaf_count=35 44 49 204 42 681 175 33 78 160 39 62 22 40 36 125 66 42 260 88 214 83 20 31 22 41 403 214 59 27 349
internal_value=-9.61538e-05 -0.00132179 -0.0010688 -0.000535714 -0.000648084 -0.000293638 -0.0055814 -0.00442105 0.00170149 -0.000609353 -0.00701299 0.00880795 0.00837209 0.0101835 0.00758242 0.00708155 0.005 -0.0006641 -0.00028169 -0.000929853 0.0022807 0.0113793 0.0120896 -0.00319149 -0.00428571 -0.00040724 -0.00272727 -0.00586957 0.0114085 -0.00154529
internal_weight=3744 3291 3256 2912 2870 2452 344 190 335 2117 154 453 344 109 273 233 108 2078 852 1226 171 87 67 141 63 663 418 92 71 563
internal_count=3744 3291 3256 2912 2870 2452 344 190 335 2117 154 453 344 109 273 233 108 2078 852 1226 171 87 67 141 63 663 418 92 71 563
cat_boundaries=0 1 2 3 4 5 6 7 8
cat_threshold=2 2 2 2 2 2 2 2
is_linear=0
shrinkage=0.06


Tree=12
num_leaves=31
num_cat=6
split_feature=1 3 1 2 3 3 0 3 3 0 2 3 3 2 3 0 2 1 3 3 3 3 0 3 0 0 3 3 3 3
split_gain=11.0145 5.45159 1.86877 0.465452 0.496312 0.257821 0.149818 0.272417 0.12548 0.103436 0.0906693 0.256196 0.17122 0.128143 0.225525 0.0789731 0.173235 0.109874 0.100792 0.28468 0.0730652 0.14254 0.0459802 0.0408389 0.183077 0.040513 0.743801 0.534909 0.0299454 0.0676753
threshold=772.20001220703136 11.500000000000002 594.00000000000011 3.4000000059604649 20.500000000000004 12.500000000000002 0 13.500000000000002 17.000000000000004 1 3.4000000059604649 12.500000000000002 12.500000000000002 1.0000000180025095e-35 20.500000000000004 2 1.0000000180025095e-35 675.00000000000011 18.500000000000004 13.500000000000002 17.000000000000004 18.500000000000004 3 19.500000000000004 4 5 19.500000000000004 19.500000000000004 13.500000000000002 18.500000000000004
decision_type=2 2 2 2 2 2 1 2 2 1 2 2 2 2 2 1 2 2 2 2 2 2 1 2 1 1 2 2 2 2
left_child=1 -1 6 4 5 22 7 -3 -8 -6 11 -2 -12 -13 25 17 18 28 19 -17 -9 -22 -4 24 -14 27 -27 -15 -7 -30
right_child=10 2 3 -5 9 15 8 20 -10 -11 12 13 23 14 -16 16 -18 -19 -20 -21 21 -23 -24 -25 -26 26 -28 -29 29 -31
leaf_value=-5.6293971845052146 4.8016279540484836 -3.4772713031301987 -1.1298321175674777 4.8460512497590669 0.25304413574432827 -0.36284935562189047 -3.31962864573828 -1.257679019652487 -4.3016285862788068 0.8793461490084632 3.7420293066118346 4.8836060528843594 6.1403339872070433 4.1551116973840498 12.17637162454564 -0.2392597386378793 -0.49023815410357879 3.5415256959245127 -0.52695532126386979 2.3051057790018898 -3.9960063978526339 -1.5970308373335729 -0.61429146112039912 5.2120976681945583 7.4670683454855835 2.5635240580170078 5.4496669480729949 -0.25582222848137459 0.56775442491483319 -0.1176910335278626
leaf_weight=35 71 49 204 42 175 389 92 78 62 160 22 40 36 83 38 286 25 25 561 80 22 41 214 20 31 66 23 23 88 663
leaf_count=35 71 49 204 42 175 389 92 78 62 160 22 40 36 83 38 286 25 25 561 80 22 41 214 20 31 66 23 23 88 663
internal_value=-9.61538e-05 -0.00130356 -0.00105037 -0.000556319 -0.000648084 -0.000934911 -0.00523256 -0.00410526 -0.00662338 0.00152239 0.0086755 0.00819767 0.0101835 0.00736264 0.00682403 -0.000666037 -0.00107143 -0.000334764 -0.000938511 -0.000163934 -0.00276596 -0.00428571 -0.00229665 0.0113793 0.0120896 0.006 0.00505618 0.00679245 -0.000421053 -0.000199734
internal_weight=3744 3291 3256 2912 2870 2535 344 190 154 335 453 344 109 273 233 2117 952 1165 927 366 141 63 418 87 67 195 89 106 1140 751
internal_count=3744 3291 3256 2912 2870 2535 344 190 154 335 453 344 109 273 233 2117 952 1165 927 366 141 63 418 87 67 195 89 106 1140 751
cat_boundaries=0 1 2 3 4 5 6
cat_threshold=2 2 2 2 2 2
is_linear=0
shrinkage=0.06


Tree=13
num_leaves=31
num_cat=7
split_feature=1 3 1 2 3 3 0 2 3 3 0 3 0 2 1 3 3 3 0 3 0 3 3 3 3 3 0 0 3 3
split_gain=10.0879 4.7576 1.54799 0.450284 0.449658 0.248368 0.179994 0.125322 0.183124 0.17122 0.103436 0.0932476 0.189555 0.16032 0.0902982 0.0760686 0.0730652 0.14254 0.068741 0.0655726 0.0592277 0.13424 0.201718 0.0465174 0.0545485 0.0408389 0.183077 0.040513 0.743801 0.534909
threshold=772.20001220703136 11.500000000000002 594.00000000000011 3.4000000059604649 20.500000000000004 12.500000000000002 0 3.4000000059604649 12.500000000000002 12.500000000000002 1 20.500000000000004 2 1.0000000180025095e-35 675.00000000000011 13.500000000000002 17.000000000000004 18.500000000000004 3 17.000000000000004 4 18.500000000000004 13.500000000000002 13.500000000000002 18.500000000000004 19.500000000000004 5 6 19.500000000000004 19.500000000000004
decision_type=2 2 2 2 2 2 1 2 2 2 1 2 1 2 2 2 2 2 1 2 1 2 2 2 2 2 1 1 2 2
left_child=1 -1 6 4 5 18 15 8 -2 -9 -6 13 -13 -10 20 -3 -17 -18 -4 -8 23 22 -22 -7 -25 26 -11 29 -29 -15
right_child=7 2 3 -5 10 14 19 9 11 25 -12 12 -14 27 -16 16 17 -19 -20 -21 21 -23 -24 24 -26 -27 -28 28 -30 -31
leaf_value=-5.2916333534348992 4.5135302768055725 -3.2686350249423843 -1.0620421905134276 4.5552881747735237 0.23786148759967091 -0.34107839428457964 -3.1204509269939851 3.5175075482151259 5.5969964815738376 5.7719139479746167 0.82658538006795423 13.062531880783842 4.3789078754324171 3.9058049955410046 0.29291110729404179 -1.1822182784733355 -3.7562460139814764 -1.5012089870935574 -0.57743397345317582 -4.0435308711020816 -0.20835967402209349 -0.4955663596513159 1.5386579527695881 0.53368915941994377 -0.11062957151619002 4.8993718081028828 7.0190442447564481 2.4097126145359855 5.1226869311886185 -0.24047289477249023
leaf_weight=35 71 49 204 42 175 389 92 22 31 36 160 22 25 83 39 78 22 41 214 62 292 563 83 88 663 20 31 66 23 23
leaf_count=35 71 49 204 42 175 389 92 22 31 36 160 22 25 83 39 78 22 41 214 62 292 563 83 88 663 20 31 66 23 23
internal_value=1.60256e-05 -0.00113947 -0.000902948 -0.000453297 -0.000543554 -0.000816568 -0.0047093 0.0084106 0.00784884 0.0101835 0.00152239 0.00714286 0.00957447 0.00663717 -0.000552669 -0.00347368 -0.00276596 -0.00428571 -0.00215311 -0.00623377 -0.000606352 -0.000959488 -8e-05 -0.000315789 -3.99467e-05 0.0113793 0.0120896 0.006 0.00505618 0.00679245
internal_weight=3744 3291 3256 2912 2870 2535 344 453 344 109 335 273 47 226 2117 190 141 63 418 154 2078 938 375 1140 751 87 67 195 89 106
internal_count=3744 3291 3256 2912 2870 2535 344 453 344 109 335 273 47 226 2117 190 141 63 418 154 2078 938 375 1140 751 87 67 195 89 106
cat_boundaries=0 1 2 3 4 5 6 7
cat_threshold=2 2 2 2 2 2 2
is_linear=0
shrinkage=0.06


Tree=14
num_leaves=31
num_cat=7
split_feature=1 3 1 2 3 3 2 3 3 3 2 0 0 3 3 0 2 3 3 1 0 3 0 0 3 3 3 3 3 0
split_gain=8.85474 4.07428 1.19075 0.450284 0.449658 0.248368 0.122419 0.142278 0.133679 0.130007 0.205611 0.189555 0.103436 0.0970517 0.605704 0.0741091 0.18221 0.109966 0.255944 0.104197 0.068741 0.0613946 0.305798 0.0857813 0.177536 0.0587185 0.0465174 0.0545485 0.0339482 0.0861082
threshold=772.20001220703136 11.500000000000002 594.00000000000011 3.4000000059604649 20.500000000000004 12.500000000000002 3.4000000059604649 12.500000000000002 12.500000000000002 20.500000000000004 1.0000000180025095e-35 0 1 17.000000000000004 18.500000000000004 2 1.0000000180025095e-35 18.500000000000004 13.500000000000002 675.00000000000011 3 13.500000000000002 4 5 19.500000000000004 13.500000000000002 13.500000000000002 18.500000000000004 13.500000000000002 6
decision_type=2 2 2 2 2 2 2 2 2 2 2 1 1 2 2 1 2 2 2 2 1 2 1 1 2 2 2 2 2 1
left_child=1 -1 13 4 5 20 7 -2 -8 10 -9 -11 -6 28 -15 19 17 18 -17 26 -4 22 -12 24 -23 -10 -7 -28 -3 -30
right_child=6 2 3 -5 12 15 8 9 25 11 21 -13 -14 14 -16 16 -18 -19 -20 -21 -22 23 -24 -25 -26 -27 27 -29 29 -31
leaf_value=-4.9741353522288048 4.2427184601972385 -2.5120569051214225 -0.99831965908261955 4.2819708842871123 0.22358979834369391 -0.32061369062750145 3.3064570953222185 5.2611766926794097 6.2638943991820746 12.278779967936813 8.9070468701209986 4.1161734029064698 0.77699025726387616 -4.5448791266777446 -1.4111364478679411 -0.21240257387828251 -0.55314334202353388 -0.46560402040895493 2.0744799550956032 3.3114594877314016 -0.54278793504598755 2.4852591860429221 4.7434294182106989 3.8303977368016784 -0.22604452108614395 5.744166478652323 0.50166780985474591 -0.10399179722522149 -1.1112851817649356 -3.5191104995063824
leaf_weight=35 71 82 204 42 175 389 22 31 47 22 58 25 160 34 91 286 25 561 80 25 214 25 51 38 23 40 88 663 78 59
leaf_count=35 71 82 204 42 175 389 22 31 47 22 58 25 160 34 91 286 25 561 80 25 214 25 51 38 23 40 88 663 78 59
internal_value=1.60256e-05 -0.00106655 -0.000847666 -0.000453297 -0.000543554 -0.000816568 0.00788079 0.00732558 0.00963303 0.0067033 0.00610619 0.00957447 0.00152239 -0.00418605 -0.00552 -0.000552669 -0.000945378 -0.000809061 0 -0.00023176 -0.00215311 0.00538462 0.00633028 0.00418605 0.0025 0.0106897 -0.000315789 -3.99467e-05 -0.00342466 -0.00284672
internal_weight=3744 3291 3256 2912 2870 2535 453 344 109 273 226 47 335 344 125 2117 952 927 366 1165 418 195 109 86 48 87 1140 751 219 137
internal_count=3744 3291 3256 2912 2870 2535 453 344 109 273 226 47 335 344 125 2117 952 927 366 1165 418 195 109 86 48 87 1140 751 219 137
cat_boundaries=0 1 2 3 4 5 6 7
cat_threshold=2 2 2 2 2 2 2
is_linear=0
shrinkage=0.06


Tree=15
num_leaves=31
num_cat=6
split_feature=1 3 1 3 2 3 3 3 2 3 0 2 3 3 0 0 1 0 3 3 3 3 3 3 0 3 3 3 0 3
split_gain=7.63478 4.11818 1.14563 0.364511 0.332006 0.152685 0.124091 0.605704 0.119549 0.116206 0.189555 0.176251 0.243515 0.100778 0.100709 0.0946173 0.0850097 0.0461812 0.0980272 0.201718 0.0381171 0.0304596 0.0545485 0.0258089 0.025612 0.0630931 0.0205674 0.0200978 0.0153649 0.014535
threshold=772.20001220703136 11.500000000000002 594.00000000000011 20.500000000000004 3.4000000059604649 12.500000000000002 17.000000000000004 18.500000000000004 3.4000000059604649 20.500000000000004 0 1.0000000180025095e-35 12.500000000000002 12.500000000000002 1 2 675.00000000000011 3 18.500000000000004 13.500000000000002 19.500000000000004 13.500000000000002 18.500000000000004 19.500000000000004 4 13.500000000000002 13.500000000000002 13.500000000000002 5 13.500000000000002
decision_type=2 2 2 2 2 2 2 2 2 2 1 2 2 2 1 1 2 1 2 2 2 2 2 2 1 2 2 2 1 2
left_child=1 -1 6 4 5 15 24 -8 9 11 -11 -2 28 -10 -5 -4 17 21 19 -19 -20 -7 -23 -24 25 -3 -15 -26 -13 -14
right_child=8 2 3 14 -6 16 7 -9 13 10 -12 12 29 26 -16 -17 -18 18 20 -21 -22 22 23 -25 27 -27 -28 -29 -30 -31
leaf_value=-4.6756872310950754 4.9455060911186433 -2.9217935091385585 -0.93842047953766039 0.21017441044307134 4.0250526312298831 -0.30137686918985079 -4.2721863790770795 -1.3264682609958618 3.1080696696028847 11.542053169860607 3.8692029987320802 4.0028990049291542 5.0812797078055585 5.8880607352311518 0.73037084182804612 -0.51022065894322621 0.076648871592515197 -0.17289171610371454 -0.76745302161332574 1.321869678297678 -0.31098076746566899 0.47156774126345907 -0.22123129329795574 0.01823563813898545 -2.0348602888959659 -1.0446080708590375 5.3995164899331822 -3.3079638695359992 3.9722426646155826 2.3693914685807123
leaf_weight=35 31 49 204 179 34 389 34 91 22 22 25 44 109 47 164 214 39 292 214 83 349 88 260 403 33 78 40 59 27 86
leaf_count=35 31 49 204 179 34 389 34 91 22 22 25 44 109 47 164 214 39 292 214 83 349 88 260 403 33 78 40 59 27 86
internal_value=4.80769e-05 -0.000957156 -0.000737101 -0.000350275 -0.000595562 -0.000674556 -0.00401163 -0.00552 0.00735099 0.00680233 0.00957447 0.00636364 0.00586466 0.00908257 0.00148688 -0.00172249 -0.000467643 -0.000519731 -0.000831557 -8e-05 -0.00133215 -0.000263158 -3.99467e-05 -0.000226244 -0.00315068 -0.00259843 0.01 -0.00391304 0.00887324 0.00476923
internal_weight=3744 3291 3256 2912 2569 2535 344 125 453 344 47 297 266 109 343 418 2117 2078 938 375 563 1140 751 663 219 127 87 92 71 195
internal_count=3744 3291 3256 2912 2569 2535 344 125 453 344 47 297 266 109 343 418 2117 2078 938 375 563 1140 751 663 219 127 87 92 71 195
cat_boundaries=0 1 2 3 4 5 6
cat_threshold=2 2 2 2 2 2
is_linear=0
shrinkage=0.06


Tree=16
num_leaves=31
num_cat=7
split_feature=1 3 1 3 2 2 3 3 3 3 3 2 0 1 0 3 0 0 3 3 3 3 3 3 3 0 3 0 3 0
split_gain=6.12343 4.14757 1.07625 0.340395 0.324154 0.155653 0.154448 0.605704 0.13228 0.10938 0.133847 0.154213 0.100709 0.0815726 0.0783366 0.0725173 0.0663079 0.0277323 0.0674947 0.201718 0.0304596 0.0545485 0.0304213 0.0258089 0.0222563 0.0381063 0.0209067 0.118681 0.0189263 0.151188
threshold=772.20001220703136 11.500000000000002 594.00000000000011 20.500000000000004 3.4000000059604649 3.4000000059604649 17.000000000000004 18.500000000000004 12.500000000000002 12.500000000000002 20.500000000000004 1.0000000180025095e-35 0 675.00000000000011 1 12.500000000000002 2 3 18.500000000000004 13.500000000000002 13.500000000000002 18.500000000000004 19.500000000000004 19.500000000000004 13.500000000000002 4 18.500000000000004 5 13.500000000000002 6
decision_type=2 2 2 2 2 2 2 2 2 2 2 2 1 2 1 2 1 1 2 2 2 2 2 2 2 1 2 1 2 1
left_child=1 -1 6 4 8 9 24 -8 16 -2 11 -11 -5 17 -12 -7 -4 20 19 -19 -10 -22 -20 -23 -3 -26 27 -17 -13 -30
right_child=5 2 3 12 -6 15 7 -9 13 10 14 28 -14 -15 -16 26 -18 18 22 -21 21 23 -24 -25 25 -27 -28 -29 29 -31
leaf_value=-4.3951459972293705 3.7479814122896524 -2.212633876873102 -0.88211525076540276 0.19756394581648692 3.7835494733560915 2.9215854894267137 -4.0158551963324545 -1.2468801653361106 -0.28329425703845801 4.6487757256515234 10.849529979668969 4.776402925337222 0.68654859131836243 0.072049939296964557 3.6370508188081518 4.3990178137735301 -0.47960741940663182 -0.16251821313749473 -0.72140584031652899 1.2425574975998142 0.44327367678765084 -0.20795741570007975 -0.29232192141772656 0.017141499850645232 -0.98193158660749758 -3.1094860373638378 5.6697655478687725 5.7496375534906452 1.2112537081257813 3.4584103844787317
leaf_weight=35 71 82 204 179 34 22 34 91 389 31 22 109 164 39 25 35 214 292 214 83 88 260 349 403 78 59 22 30 48 38
leaf_count=35 71 82 204 179 34 22 34 91 389 31 22 109 164 39 25 35 214 292 214 83 88 260 349 403 78 59 22 30 48 38
internal_value=1.60256e-05 -0.00088423 -0.000663391 -0.000288462 -0.000525496 0.00655629 -0.00383721 -0.00552 -0.00060355 0.00593023 0.00538462 0.00477876 0.00148688 -0.000410959 0.00829787 0.00853211 -0.00157895 -0.000461983 -0.000703625 -8e-05 -0.000263158 -3.99467e-05 -0.00111901 -0.000226244 -0.00287671 -0.00240876 0.00931034 0.00876923 0.00415385 0.00348837
internal_weight=3744 3291 3256 2912 2569 453 344 125 2535 344 273 226 343 2117 47 109 418 2078 938 375 1140 751 563 663 219 137 87 65 195 86
internal_count=3744 3291 3256 2912 2569 453 344 125 2535 344 273 226 343 2117 47 109 418 2078 938 375 1140 751 563 663 219 137 87 65 195 86
cat_boundaries=0 1 2 3 4 5 6 7
cat_threshold=2 2 2 2 2 2 2
is_linear=0
shrinkage=0.06


Tree=17
num_leaves=31
num_cat=8
split_feature=1 3 1 3 2 2 3 3 1 3 3 0 0 3 3 3 2 3 3 0 0 0 3 3 0 0 3 3 3 0
split_gain=5.4302 3.49778 1.08878 0.332539 0.321557 0.224554 0.154448 0.605704 0.125811 0.111484 0.101818 0.100709 0.0793087 0.0783966 0.0725173 0.0679825 0.175747 0.0476085 0.16178 0.543478 0.0803946 0.0320577 0.0252147 0.190457 0.0674061 0.0405329 0.0304213 0.0258089 0.0222563 0.0381063
threshold=772.20001220703136 11.500000000000002 594.00000000000011 20.500000000000004 3.4000000059604649 3.4000000059604649 17.000000000000004 18.500000000000004 675.00000000000011 12.500000000000002 14.500000000000002 0 1 12.500000000000002 12.500000000000002 20.500000000000004 1.0000000180025095e-35 13.500000000000002 19.500000000000004 2 3 4 18.500000000000004 13.500000000000002 5 6 19.500000000000004 19.500000000000004 13.500000000000002 7
decision_type=2 2 2 2 2 2 2 2 2 2 2 1 1 2 2 2 2 2 2 1 1 1 2 2 1 1 2 2 2 1
left_child=1 -1 6 4 8 13 28 -8 9 12 -10 -5 -4 21 -7 16 -15 20 -19 -20 -18 -2 23 -11 27 -25 -26 -24 -3 -30
right_child=5 2 3 11 -6 14 7 -9 10 22 -12 -13 -14 15 -16 -17 17 18 19 -21 -22 -23 24 25 26 -27 -28 -29 29 -31
leaf_value=-4.1314372373956099 3.5378461798960257 -2.0798758442607128 -0.82918833571947737 0.1857101090674996 3.5565365049547277 2.7462903600611139 -3.7749038845525047 -1.1720673554159406 -0.85557689006866888 -0.19765760298799251 3.9515972047124306 0.6453556758392619 -0.47976896252348294 4.3698491821124339 4.7905010534124086 7.2649819549073111 7.7811630999251653 0.20263244014029169 -0.42732056042336808 4.2358337399256332 3.8673626951294864 3.5090292200012709 -0.19547997075807416 0.41667725618039408 -0.67812148989753951 1.1680040477438252 -0.27478260613266231 0.01611300985960952 -0.92301569141104656 -2.9229168751220094
leaf_weight=35 44 82 200 179 34 22 34 91 28 681 22 164 207 31 87 47 58 40 23 23 51 27 260 88 214 83 349 403 78 59
leaf_count=35 44 82 200 179 34 22 34 91 28 681 22 164 207 31 87 47 58 40 23 23 51 27 260 88 214 83 349 403 78 59
internal_value=0 -0.000847767 -0.000644963 -0.000267857 -0.000502141 0.00615894 -0.00383721 -0.00552 -0.000579882 -0.000639839 0.0024 0.00148688 -0.00154791 0.00540698 0.00853211 0.00494505 0.00451327 0.00384615 0.0027907 0.00521739 0.0046789 0.0071831 -0.000461983 -0.000211268 -0.000636215 0.00157895 -0.00111901 -0.000226244 -0.00287671 -0.00240876
internal_weight=3744 3291 3256 2912 2569 453 344 125 2535 2485 50 343 407 344 109 273 226 195 86 46 109 71 2078 852 1226 171 563 663 219 137
internal_count=3744 3291 3256 2912 2569 453 344 125 2535 2485 50 343 407 344 109 273 226 195 86 46 109 71 2078 852 1226 171 563 663 219 137
cat_boundaries=0 1 2 3 4 5 6 7 8
cat_threshold=2 2 2 2 2 2 2 2
is_linear=0
shrinkage=0.06


Tree=18
num_leaves=31
num_cat=8
split_feature=1 3 1 3 2 3 3 2 0 3 3 0 3 2 3 0 3 3 0 3 0 0 0 2 1 3 3 3 3 0
split_gain=5.00021 3.50454 0.875062 0.340395 0.324154 0.225118 0.605704 0.173765 0.100709 0.0962116 0.09455 0.0931826 0.0831369 0.198688 0.065615 0.154567 0.0643854 0.0471377 0.543478 0.164437 0.0861953 0.0320577 0.0309967 0.200839 0.104197 0.0856661 0.228736 0.0263684 0.026067 0.0154739
threshold=772.20001220703136 11.500000000000002 594.00000000000011 20.500000000000004 3.4000000059604649 17.000000000000004 18.500000000000004 3.4000000059604649 0 12.500000000000002 12.500000000000002 1 20.500000000000004 1.0000000180025095e-35 18.500000000000004 2 13.500000000000002 19.500000000000004 3 18.500000000000004 4 5 6 1.0000000180025095e-35 675.00000000000011 18.500000000000004 13.500000000000002 19.500000000000004 19.500000000000004 7
decision_type=2 2 2 2 2 2 2 2 1 2 2 1 2 2 2 1 2 2 1 2 1 1 1 2 2 2 2 2 2 1
left_child=1 -1 5 4 9 16 -7 10 -5 11 21 -4 13 -12 15 -9 -3 19 -19 20 -15 -2 24 25 27 26 -24 -11 -27 -14
right_child=7 2 3 8 -6 6 -8 14 -10 22 12 -13 29 17 -16 -17 -18 18 -20 -21 -22 -23 23 -25 -26 28 -28 -29 -30 -31
leaf_value=-3.8835510031518718 3.3255754091022616 -1.9550832936050675 -0.77943703557631117 0.17456750252345046 3.343144314657446 -3.5484096514793553 -1.1017433140909838 4.5030709902076635 0.60663433528890665 -0.10223255559311838 4.1076582311856846 -0.42204483649082247 9.7626592635943918 6.6820963885140729 5.0421495517919004 2.7350313083413154 -2.1383207850826351 -0.40168132679796598 3.9816837155300959 -0.19285497282766756 2.7869914656482795 3.2984874668011956 -0.16767436751183823 -0.74390061492060333 3.1551846032182604 -0.56555065558181239 1.7260652843713842 0.015146229268032128 -0.2438559524990751 2.9829288523852275
leaf_weight=35 44 82 204 179 34 34 91 47 164 737 31 214 22 66 22 40 137 23 23 29 54 27 286 25 25 215 80 403 346 25
leaf_count=35 44 82 204 179 34 34 91 47 164 737 31 214 22 66 22 40 137 23 23 29 54 27 286 25 25 215 80 403 346 25
internal_value=-1.60256e-05 -0.000829535 -0.000626536 -0.000288462 -0.000525496 -0.00348837 -0.00552 0.00589404 0.00148688 -0.00060355 0.00523256 -0.00143541 0.00472527 0.00424779 0.00798165 0.00724138 -0.00232877 0.00353846 0.00521739 0.00302013 0.004 0.0071831 -0.000439301 -0.000693277 -0.00023176 -0.000550162 0.000163934 -0.000315789 -0.00101604 0.00702128
internal_weight=3744 3291 3256 2912 2569 344 125 453 343 2535 344 418 273 226 109 87 219 195 46 149 120 71 2117 952 1165 927 366 1140 561 47
internal_count=3744 3291 3256 2912 2569 344 125 453 343 2535 344 418 273 226 109 87 219 195 46 149 120 71 2117 952 1165 927 366 1140 561 47
cat_boundaries=0 1 2 3 4 5 6 7 8
cat_threshold=2 2 2 2 2 2 2 2
is_linear=0
shrinkage=0.06


Tree=19
num_leaves=31
num_cat=10
split_feature=1 3 1 3 2 3 3 0 2 3 3 3 2 0 3 3 3 0 3 2 0 0 3 0 3 3 0 0 0 0
split_gain=4.35045 2.36419 0.886367 0.332539 0.321557 0.225118 0.605704 0.100709 0.0763773 0.132083 0.112215 0.103275 0.264561 0.189292 0.281072 0.133397 0.109601 0.0840517 0.070481 0.0957864 0.122449 0.0651078 0.0643854 0.0445286 0.0401498 0.250118 0.0508503 0.0431373 0.0320577 0.0133038
threshold=772.20001220703136 11.500000000000002 594.00000000000011 20.500000000000004 3.4000000059604649 17.000000000000004 18.500000000000004 0 3.4000000059604649 12.500000000000002 12.500000000000002 19.500000000000004 1.0000000180025095e-35 1 20.500000000000004 18.500000000000004 20.500000000000004 2 12.500000000000002 1.0000000180025095e-35 3 4 13.500000000000002 5 13.500000000000002 14.500000000000002 6 7 8 9
decision_type=2 2 2 2 2 2 2 1 2 2 2 2 2 1 2 2 2 1 2 2 1 1 2 1 2 2 1 1 1 1
left_child=1 -1 5 4 18 22 -7 -5 10 -10 28 12 -12 14 -13 23 -15 -11 21 24 -21 -4 29 -14 -20 27 -27 -26 -2 -3
right_child=8 2 3 7 -6 6 -8 -9 9 17 11 13 15 16 -16 -17 -18 -19 19 20 -22 -23 -24 -25 25 26 -28 -29 -30 -31
leaf_value=-3.6505379429627598 3.1260408845561254 -2.3716303177059079 -0.73267081344173446 0.16409345237204206 3.1425556557779974 -3.3355050723905948 -1.0356387152455249 0.57023627517156905 2.3643698695009765 2.8474245805330383 3.8611987373145413 -0.37758044719008693 6.2811706052032283 3.7427826925982934 9.1768997077787269 -0.1812836744580045 2.8039531212421114 7.0772057277166116 -0.24830319210128207 1.4766454817934687 -0.69926657802536962 -0.39672214630137204 -2.0100215379776749 2.6197719777093833 0.53397146281703267 -0.054138215270750148 -0.2786557476928806 1.6225013673090984 3.1005782187931206 -1.5379130906778686
leaf_weight=35 44 49 204 179 34 34 91 164 22 48 31 23 66 23 22 29 25 39 673 24 25 214 137 54 85 669 561 80 27 33
leaf_count=35 44 49 204 179 34 34 91 164 22 48 31 23 66 23 22 29 25 39 673 24 25 214 137 54 85 669 561 80 27 33
internal_value=-1.60256e-05 -0.00077484 -0.000608108 -0.000267857 -0.000502141 -0.00348837 -0.00552 0.00148688 0.00549669 0.00688073 0.00505814 0.00450549 0.00366667 0.00612903 0.00333333 0.00261745 0.00875 0.00793103 -0.000579882 -0.000439301 -0.00306122 -0.00129187 -0.00232877 0.0035 -0.000377176 -0.000193548 -0.000487805 0.002 0.0071831 -0.00365854
internal_weight=3744 3291 3256 2912 2569 344 125 343 453 109 344 273 180 93 45 149 48 87 2535 2117 49 418 219 120 2068 1395 1230 165 71 82
internal_count=3744 3291 3256 2912 2569 344 125 343 453 109 344 273 180 93 45 149 48 87 2535 2117 49 418 219 120 2068 1395 1230 165 71 82
cat_boundaries=0 1 2 3 4 5 6 7 8 9 10
cat_threshold=2 2 2 2 2 2 2 2 2 2
is_linear=0
shrinkage=0.06


Tree=20
num_leaves=31
num_cat=10
split_feature=1 3 1 3 2 3 3 2 3 3 3 3 0 3 3 0 3 2 0 0 0 3 3 3 0 0 0 0 0 3
split_gain=3.76941 1.88038 0.694672 0.27662 0.321557 0.196989 0.399351 0.126527 0.132083 0.0936492 0.0934839 0.125058 0.198612 0.334596 0.159509 0.0840517 0.070481 0.0957864 0.122449 0.0680879 0.0651078 0.0583132 0.0401498 0.250118 0.0508503 0.0431373 0.0154739 0.0133038 0.0123506 0.0120782
threshold=772.20001220703136 11.500000000000002 594.00000000000011 20.500000000000004 3.4000000059604649 17.000000000000004 18.500000000000004 3.4000000059604649 12.500000000000002 13.500000000000002 20.500000000000004 12.500000000000002 0 19.500000000000004 13.500000000000002 1 12.500000000000002 1.0000000180025095e-35 2 3 4 13.500000000000002 13.500000000000002 14.500000000000002 5 6 7 8 9 19.500000000000004
decision_type=2 2 2 2 2 2 2 2 2 2 2 2 1 2 2 1 2 2 1 1 1 2 2 2 1 1 1 1 1 2
left_child=1 -1 5 4 16 9 -7 10 -9 27 11 -2 14 21 -13 -10 20 22 -19 -5 -4 -14 -18 25 29 -24 -12 -3 -8 -25
right_child=7 2 3 19 -6 6 28 8 15 -11 26 12 13 -15 -16 -17 17 18 -20 -21 -22 -23 23 24 -26 -27 -28 -29 -30 -31
leaf_value=-3.431505666384993 2.9237347791390085 -2.2293324986435525 -0.68871056463523239 0.15424784522971777 2.9540023164313185 -3.1353747680471611 -0.97350039233079089 2.2225076773309205 2.6765791057010575 -1.8894202456990159 8.6262857253120035 3.2009839239379776 3.3109151268202548 3.5182157310423938 -0.014189253067331719 6.6525733840536123 -0.23340500057520558 1.3880467528858571 -0.65731058334384895 0.53602209866127171 -0.37291881752328887 4.9725907779194172 0.50193317504801138 -0.062544585440441544 -0.26193640283131114 1.5251512852705491 2.6357159339675853 -1.4456383052371962 -1.1400590488543958 0.017485748428198347
leaf_weight=35 71 49 204 179 34 34 41 22 48 137 22 62 59 23 57 39 673 24 25 164 214 25 85 270 561 80 25 33 50 399
leaf_count=35 71 49 204 179 34 34 41 22 48 137 22 62 59 23 57 39 673 24 25 164 214 25 85 270 561 80 25 33 50 399
internal_value=-3.20513e-05 -0.000738377 -0.000589681 -0.000288462 -0.000502141 -0.00313953 -0.00504 0.00509934 0.00688073 -0.00205479 0.00453488 0.00414141 0.00345133 0.0053271 0.00176471 0.00793103 -0.000579882 -0.000439301 -0.00306122 0.00131195 -0.00129187 0.00357143 -0.000377176 -0.000193548 -0.000487805 0.002 0.00702128 -0.00365854 -0.00296703 -0.000134529
internal_weight=3744 3291 3256 2912 2569 344 125 453 109 219 344 297 226 107 119 87 2535 2117 49 343 418 84 2068 1395 1230 165 47 82 91 669
internal_count=3744 3291 3256 2912 2569 344 125 453 109 219 344 297 226 107 119 87 2535 2117 49 343 418 84 2068 1395 1230 165 47 82 91 669
cat_boundaries=0 1 2 3 4 5 6 7 8 9 10
cat_threshold=2 2 2 2 2 2 2 2 2 2
is_linear=0
shrinkage=0.06


Tree=21
num_leaves=31
num_cat=8
split_feature=1 1 3 3 3 3 2 3 3 2 0 0 2 3 3 0 3 3 2 3 3 3 0 0 3 3 0 0 3 0
split_gain=3.20824 1.23132 0.704097 0.269369 0.196989 0.399351 0.153706 0.0936492 0.0786424 0.0999729 0.122449 0.0680879 0.0463195 0.110741 0.204603 0.189292 0.281072 0.117577 0.125018 0.109601 0.071343 0.0910019 0.0526094 0.0429563 0.0242431 0.163583 0.0506053 0.0179584 0.0152588 0.0378645
threshold=772.20001220703136 594.00000000000011 11.500000000000002 20.500000000000004 17.000000000000004 18.500000000000004 3.4000000059604649 13.500000000000002 12.500000000000002 1.0000000180025095e-35 0 1 3.4000000059604649 19.500000000000004 18.500000000000004 2 20.500000000000004 12.500000000000002 1.0000000180025095e-35 20.500000000000004 12.500000000000002 19.500000000000004 3 4 18.500000000000004 13.500000000000002 5 6 13.500000000000002 7
decision_type=2 2 2 2 2 2 2 2 2 2 1 1 2 2 2 1 2 2 2 2 2 2 1 1 2 2 1 1 2 1
left_child=1 2 -1 6 7 -6 8 -4 23 24 -11 -5 13 14 17 16 -15 -2 -19 -17 -14 28 -20 -3 25 -10 -26 -27 29 -22
right_child=12 3 4 11 5 -7 -8 -9 9 10 -12 -13 20 15 -16 19 -18 18 22 -21 21 -23 -24 -25 26 27 -28 -29 -30 -31
leaf_value=-3.2256153264018916 2.7483106923906711 -0.53064903915555528 -1.6517350899307803 0.14499297451593293 -2.947252281964329 -0.91509036879094074 2.7767621774454381 -1.7760550309570726 -0.21940070054069338 1.304763947712704 -0.61787194834322001 0.50386077274159335 2.089157216691067 -0.35407426517464047 -0.17927087740615205 3.307122787179853 8.1087085817932874 3.3311713664005014 5.9051517240750764 2.4775729779295284 2.6000810390464926 2.4290300683770636 2.263930751437599 -0.37948167675313926 -0.047137247228074552 0.47181718454512744 -0.24622021866143085 1.433642208154315 5.2613910622182454 5.2509531606978932
leaf_weight=31 71 205 82 179 34 91 34 137 673 24 25 164 22 23 29 23 22 31 66 25 27 20 54 217 665 89 561 80 20 20
leaf_count=31 71 205 82 179 34 91 34 137 673 24 25 164 22 23 29 23 22 31 66 25 27 20 54 217 665 89 561 80 20 20
internal_value=-3.20513e-05 -0.000683683 -0.00392 -0.00026749 -0.00313953 -0.00504 -0.000478041 -0.00205479 -0.000531705 -0.000382617 -0.00306122 0.00131195 0.00470199 0.00436047 0.00370518 0.00612903 0.00333333 0.00432432 0.00337748 0.00875 0.00577982 0.00655172 0.0025 -0.00127962 -0.000319149 -7.12589e-05 -0.000489396 0.00159763 0.00761194 0.00702128
internal_weight=3744 3291 375 2916 344 125 2573 219 2539 2117 49 343 453 344 251 93 45 222 151 48 109 87 120 422 2068 842 1226 169 67 47
internal_count=3744 3291 375 2916 344 125 2573 219 2539 2117 49 343 453 344 251 93 45 222 151 48 109 87 120 422 2068 842 1226 169 67 47
cat_boundaries=0 1 2 3 4 5 6 7 8
cat_threshold=2 2 2 2 2 2 2 2
is_linear=0
shrinkage=0.06


Tree=22
num_leaves=31
num_cat=8
split_feature=1 1 3 3 3 3 2 0 3 3 0 3 2 0 3 3 3 3 3 2 1 0 3 3 0 3 0 0 0 3
split_gain=2.79806 1.06334 0.465923 0.248725 0.234806 0.399351 0.148386 0.0680879 0.0643656 0.054173 0.510239 0.0997253 0.0935648 0.263914 0.226826 0.108915 0.0948388 0.04782 0.0438596 0.0318038 0.108844 0.0247041 0.0189003 0.163583 0.0375823 0.0199302 0.0179584 0.0159415 0.0123506 0.0122807
threshold=772.20001220703136 594.00000000000011 11.500000000000002 20.500000000000004 17.000000000000004 18.500000000000004 3.4000000059604649 0 12.500000000000002 19.500000000000004 1 20.500000000000004 3.4000000059604649 2 12.500000000000002 18.500000000000004 13.500000000000002 13.500000000000002 20.500000000000004 1.0000000180025095e-35 675.00000000000011 3 18.500000000000004 13.500000000000002 4 19.500000000000004 5 6 7 19.500000000000004
decision_type=2 2 2 2 2 2 2 1 2 2 1 2 2 1 2 2 2 2 2 2 2 1 2 2 1 2 1 1 1 2
left_child=1 2 -1 6 17 -6 8 -5 21 12 18 -12 14 -14 -2 16 27 -4 -11 22 -21 -3 23 -10 29 -26 -25 -16 -7 -24
right_child=9 3 4 7 5 28 -8 -9 19 10 11 -13 13 -15 15 -17 -18 -19 -20 20 -22 -23 24 26 25 -27 -28 -29 -30 -31
leaf_value=-3.0320784068177771 2.5834120508472322 -0.49881009680621902 -1.5526309845349351 0.13629339604497545 -2.7704171450464696 -0.86018494666348255 2.6101564467987113 0.47362912637709542 -0.20623665850824863 0.80952798979150431 4.4941446386990602 2.762946979048047 3.9057698310224476 1.8058929800394661 2.7318351957874301 -0.16851462476178539 4.4563275898282084 -1.6694917290996476 4.2952073071200649 0.030836243353003282 -1.2437207238011705 -0.35671277614795144 -0.05596367548032731 0.44350815347242128 -0.48440887409577271 -0.18201585319799732 1.3476236756650564 2.9764243741247833 -1.0167500837956753 0.01926483835619365
leaf_weight=31 71 205 82 179 34 41 34 164 673 30 30 26 48 41 62 29 30 137 27 21 28 217 266 89 215 346 80 59 50 399
leaf_count=31 71 205 82 179 34 41 34 164 673 30 30 26 48 41 62 29 30 137 27 21 28 217 266 89 215 346 80 59 50 399
internal_value=1.60256e-05 -0.000592525 -0.0036 -0.000205761 -0.00296512 -0.00504 -0.000408084 0.00131195 -0.000460811 0.00443709 0.00557522 0.00964286 0.00405882 0.00573034 0.00346614 0.00233333 0.00298013 -0.00178082 0.00157895 -0.000325933 -0.00183673 -0.00113744 -0.000290135 -7.12589e-05 -0.000440457 -0.000802139 0.00159763 0.0022314 -0.00296703 -0.000135338
internal_weight=3744 3291 375 2916 344 125 2573 343 2539 453 113 56 340 89 251 180 151 219 57 2117 49 422 2068 842 1226 561 169 121 91 665
internal_count=3744 3291 375 2916 344 125 2573 343 2539 453 113 56 340 89 251 180 151 219 57 2117 49 422 2068 842 1226 561 169 121 91 665
cat_boundaries=0 1 2 3 4 5 6 7 8
cat_threshold=2 2 2 2 2 2 2 2
is_linear=0
shrinkage=0.06


Tree=23
num_leaves=31
num_cat=10
split_feature=1 1 3 3 3 3 2 0 3 0 3 2 0 3 3 3 3 3 3 3 3 2 3 0 0 0 0 0 0 0
split_gain=2.73753 1.10237 0.465923 0.234806 0.399351 0.228904 0.14316 0.0680879 0.054173 0.510239 0.0997253 0.0935648 0.263914 0.226826 0.108915 0.0948388 0.0515176 0.04782 0.0438596 0.0230814 0.0631584 0.151954 0.020614 0.0237525 0.0179584 0.0159415 0.0123506 0.0114686 0.00740978 0.00533567
threshold=772.20001220703136 594.00000000000011 11.500000000000002 17.000000000000004 18.500000000000004 20.500000000000004 3.4000000059604649 0 19.500000000000004 1 20.500000000000004 3.4000000059604649 2 12.500000000000002 18.500000000000004 13.500000000000002 12.500000000000002 13.500000000000002 20.500000000000004 18.500000000000004 13.500000000000002 1.0000000180025095e-35 19.500000000000004 3 4 5 6 7 8 9
decision_type=2 2 2 2 2 2 2 1 2 1 2 2 1 2 2 2 2 2 2 2 2 2 2 1 1 1 1 1 1 1
left_child=1 2 -1 17 -5 6 16 -7 11 18 -11 13 -13 28 15 25 27 -4 -10 20 -18 24 -21 -24 -22 -15 -6 -3 -2 -19
right_child=8 5 3 4 26 7 -8 -9 9 10 -12 12 -14 14 -16 -17 19 29 -20 22 21 -23 23 -25 -26 -27 -28 -29 -30 -31
leaf_value=-2.85015370240871 2.443150980140151 -0.46888149099784637 -1.4594731254628368 -2.6041921163436825 -0.80857384986367375 0.12811579228227857 2.4535470599907909 0.44521137879446993 0.76095631040401479 4.2244959603771193 2.5971701603051653 3.671423641161101 1.6975394012370952 2.5679250840401844 -0.15840374727607923 4.1889479344385157 -0.12129695165447402 -0.29863619019742144 4.0374948686928587 -0.28455836959994257 0.41689766426407687 -0.58264980604380301 0.018108948054821213 -0.18553459927174343 1.2667662551251511 2.797838911677295 -0.95574507876793169 -0.33531000957907736 2.4192160743229283 -2.1785433028857231
leaf_weight=31 44 205 82 34 41 179 34 164 30 30 26 48 41 62 29 30 681 78 27 486 89 29 403 349 80 59 50 217 27 59
leaf_count=31 44 205 82 34 41 179 34 164 30 30 26 48 41 62 29 30 681 78 27 486 89 29 403 349 80 59 50 217 27 59
internal_value=6.41026e-05 -0.00053783 -0.0036 -0.00296512 -0.00504 -0.000144033 -0.000338127 0.00131195 0.00443709 0.00557522 0.00964286 0.00405882 0.00573034 0.00346614 0.00233333 0.00298013 -0.000389917 -0.00178082 0.00157895 -0.000269249 -3.41297e-05 0.000909091 -0.000436187 -0.000239362 0.00159763 0.0022314 -0.00296703 -0.000995261 0.00633803 -0.00109489
internal_weight=3744 3291 375 344 125 2916 2573 343 453 113 56 340 89 251 180 151 2539 219 57 2117 879 198 1238 752 169 121 91 422 71 137
internal_count=3744 3291 375 344 125 2916 2573 343 453 113 56 340 89 251 180 151 2539 219 57 2117 879 198 1238 752 169 121 91 422 71 137
cat_boundaries=0 1 2 3 4 5 6 7 8 9 10
cat_threshold=2 2 2 2 2 2 2 2 2 2
is_linear=0
shrinkage=0.06


Tree=24
num_leaves=31
num_cat=9
split_feature=1 1 3 3 3 3 2 0 3 3 2 3 3 0 3 3 0 3 3 0 3 3 3 2 3 0 0 0 0 0
split_gain=2.45376 1.10237 0.465923 0.234806 0.399351 0.228904 0.14316 0.0680879 0.0515176 0.04782 0.044561 0.153307 0.120882 0.135744 0.262435 0.0970262 0.0564447 0.0479327 0.0590925 0.0565051 0.0326087 0.0230814 0.0631584 0.151954 0.020614 0.0237525 0.0179584 0.0154739 0.0123506 0.0114686
threshold=772.20001220703136 594.00000000000011 11.500000000000002 17.000000000000004 18.500000000000004 20.500000000000004 3.4000000059604649 0 12.500000000000002 13.500000000000002 3.4000000059604649 20.500000000000004 12.500000000000002 1 13.500000000000002 13.500000000000002 2 12.500000000000002 19.500000000000004 3 19.500000000000004 18.500000000000004 13.500000000000002 1.0000000180025095e-35 19.500000000000004 4 5 6 7 8
decision_type=2 2 2 2 2 2 2 1 2 2 2 2 2 1 2 2 1 2 2 1 2 2 2 2 2 1 1 1 1 1
left_child=1 2 -1 9 -5 6 8 -7 29 -4 11 12 16 15 -15 -14 -2 -12 19 -19 -16 22 -10 26 -23 -26 -24 -13 -6 -3
right_child=10 5 3 4 28 7 -8 -9 21 -11 17 27 13 14 20 -17 -18 18 -20 -21 -22 24 23 -25 25 -27 -28 -29 -30 -31
leaf_value=-2.6791444802641875 2.2965619213317447 -0.44074860153797318 -1.3719047379350648 -2.4479405893630632 -0.76005941887185147 0.12042884474534048 2.3063342363913431 0.41849869606679929 -0.11401913455520571 -1.5514040539418283 1.6313890080857947 7.1222239363369111 2.4138495789977719 2.6299685769766552 3.9556485178042156 -0.14889952243951257 2.2740631098635546 2.8832585840195577 1.8725036848194543 3.7232242078669193 2.5855769840044922 -0.26748486742394562 0.39188380440823267 -0.547690817681173 0.017022411171528803 -0.17440252331544115 1.1907602798176413 2.0073115708925662 -0.89840037404185746 -0.31519140900433285
leaf_weight=31 44 205 82 34 41 179 34 164 681 137 22 22 62 59 25 57 27 36 20 31 23 486 89 29 403 349 80 25 50 217
leaf_count=31 44 205 82 34 41 179 34 164 681 137 22 22 62 59 25 57 27 36 20 31 23 486 89 29 403 349 80 25 50 217
internal_value=3.20513e-05 -0.00053783 -0.0036 -0.00296512 -0.00504 -0.000144033 -0.000338127 0.00131195 -0.000389917 -0.00178082 0.00417219 0.00383721 0.00333333 0.00265487 0.00420561 0.0012605 0.00549296 0.00522936 0.00586207 0.00671642 0.0075 -0.000269249 -3.41297e-05 0.000909091 -0.000436187 -0.000239362 0.00159763 0.00702128 -0.00296703 -0.000995261
internal_weight=3744 3291 375 344 125 2916 2573 343 2539 219 453 344 297 226 107 119 71 109 87 67 48 2117 879 198 1238 752 169 47 91 422
internal_count=3744 3291 375 344 125 2916 2573 343 2539 219 453 344 297 226 107 119 71 109 87 67 48 2117 879 198 1238 752 169 47 91 422
cat_boundaries=0 1 2 3 4 5 6 7 8 9
cat_threshold=2 2 2 2 2 2 2 2 2
is_linear=0
shrinkage=0.06


Tree=25
num_leaves=24
num_cat=0
split_feature=1 1 3 3 3 3 2 2 3 3 2 3 3 3 3 3 3 2 3 3 3 2 3
split_gain=2.18551 1.10237 0.465923 0.234806 0.399351 0.177206 0.141439 0.0696907 0.188739 0.076551 0.0598725 0.0612003 0.0597393 0.0556184 0.0479327 0.0590925 0.04782 0.0424624 0.0412988 0.0178522 0.0631584 0.151954 0.0117121
threshold=772.20001220703136 594.00000000000011 11.500000000000002 17.000000000000004 18.500000000000004 20.500000000000004 3.4000000059604649 3.4000000059604649 20.500000000000004 12.500000000000002 1.0000000180025095e-35 19.500000000000004 18.500000000000004 12.500000000000002 12.500000000000002 19.500000000000004 13.500000000000002 1.0000000180025095e-35 13.500000000000002 18.500000000000004 13.500000000000002 1.0000000180025095e-35 19.500000000000004
decision_type=2 2 2 2 2 2 2 2 2 2 2 2 2 2 2 2 2 2 2 2 2 2 2
left_child=1 2 -1 16 -5 6 13 8 9 -2 -11 12 -12 -3 -9 18 -4 -7 -16 20 -15 -22 -21
right_child=7 5 3 4 -6 17 -8 14 -10 10 11 -13 -14 19 15 -17 -18 -19 -20 22 21 -23 -24
leaf_value=-2.5183958114483356 2.1440245537080886 -0.33348943679082138 -1.2895904536589591 -2.3010641540012808 -0.71445585373954146 0.28491184994342572 2.1679541822078647 1.5335056676006491 4.5513736544535703 2.3752456418922132 2.9892446869553075 1.5776400577595346 -0.13996555109314385 -0.107177986481895 3.2615372983636552 1.760153463730288 -1.4583198107053181 -1.8230969347675046 4.415094339124753 -0.25143577537850886 0.49117318353639799 -0.51482936862030104 -0.12652175329357759
leaf_weight=31 71 422 82 34 91 310 34 22 47 31 120 46 29 681 47 20 137 33 20 486 169 29 752
leaf_count=31 71 422 82 34 91 310 34 22 47 31 120 46 29 681 47 20 137 33 20 486 169 29 752
internal_value=0 -0.00053783 -0.0036 -0.00296512 -0.00504 -0.000144033 -0.000314808 0.00390728 0.00348837 0.00292929 0.00238938 0.002 0.0014094 -0.000366286 0.00522936 0.00586207 -0.00178082 0.00113703 0.00671642 -0.000240907 -3.41297e-05 0.000909091 -0.000387722
internal_weight=3744 3291 375 344 125 2916 2573 453 344 297 226 195 149 2539 109 87 219 343 67 2117 879 198 1238
internal_count=3744 3291 375 344 125 2916 2573 453 344 297 226 195 149 2539 109 87 219 343 67 2117 879 198 1238
is_linear=0
shrinkage=0.06


Tree=26
num_leaves=31
num_cat=7
split_feature=1 1 3 3 3 3 2 2 3 0 3 3 0 3 3 3 3 0 3 2 3 3 3 3 2 0 0 0 3 0
split_gain=2.03986 1.00266 0.487326 0.170736 0.471439 0.132115 0.139728 0.0843539 0.0893449 0.082148 0.250174 0.196961 0.0682398 0.0598762 0.0499945 0.0479327 0.0590925 0.0565051 0.04782 0.0355124 0.0326087 0.0168178 0.0132938 0.0631584 0.151954 0.0355703 0.0179584 0.0114686 0.0064836 0.00533567
threshold=772.20001220703136 594.00000000000011 11.500000000000002 17.000000000000004 18.500000000000004 20.500000000000004 3.4000000059604649 3.4000000059604649 20.500000000000004 0 13.500000000000002 12.500000000000002 1 12.500000000000002 13.500000000000002 12.500000000000002 19.500000000000004 2 13.500000000000002 1.0000000180025095e-35 19.500000000000004 12.500000000000002 18.500000000000004 13.500000000000002 1.0000000180025095e-35 3 4 5 19.500000000000004 6
decision_type=2 2 2 2 2 2 2 2 2 1 2 2 1 2 2 2 2 1 2 2 2 2 2 2 2 1 1 1 2 1
left_child=1 2 -1 18 -5 6 13 8 9 11 21 -2 -10 27 -13 -9 17 -17 -4 -7 -12 -11 23 -15 26 -24 -25 -3 -16 -20
right_child=7 5 3 4 -6 19 -8 15 12 10 20 14 -14 22 28 16 -18 -19 29 -21 -22 -23 25 24 -26 -27 -28 -29 -30 -31
leaf_value=-2.367292062761436 2.0301267328293555 -0.39429431923824493 -1.2122150264394189 -2.1630003047612045 -0.67158850251516922 0.26781713894681841 2.0378769312753944 1.4414953275446134 6.421808080889484 2.0089778500492614 3.575794868222431 2.1080838943924798 1.6137904573718036 -0.10074730729297926 0.25661963783182046 2.4799641198537299 1.6545442559064725 3.3041385174930835 -0.10013458690674724 -1.7137111186814558 2.3357839614986506 2.2928157811407344 -0.0160517772933008 0.33890038513155329 -0.48393960650308143 -0.19133852179702898 1.089844272016403 -0.27627055825662183 -0.51278329939509371 -1.8672472728337492
leaf_weight=31 44 205 82 34 91 310 34 22 22 27 25 62 25 681 34 36 20 31 78 33 23 59 673 89 29 565 80 217 23 59
leaf_count=31 44 205 82 34 91 310 34 22 22 27 25 62 25 681 34 36 20 31 78 33 23 59 673 89 29 565 80 217 23 59
internal_value=0 -0.000519599 -0.00344 -0.0027907 -0.00456 -0.000144033 -0.000291489 0.00377483 0.00331395 0.00292929 0.00402985 0.00202454 0.00574468 -0.000342655 0.000756303 0.00522936 0.00586207 0.00671642 -0.00178082 0.000962099 0.0075 0.00209302 -0.000212565 -3.41297e-05 0.000909091 -0.000339257 0.00159763 -0.000995261 -0.000526316 -0.00109489
internal_weight=3744 3291 375 344 125 2916 2573 453 344 297 134 163 47 2539 119 109 87 67 219 343 48 86 2117 879 198 1238 169 422 57 137
internal_count=3744 3291 375 344 125 2916 2573 453 344 297 134 163 47 2539 119 109 87 67 219 343 48 86 2117 879 198 1238 169 422 57 137
cat_boundaries=0 1 2 3 4 5 6 7
cat_threshold=2 2 2 2 2 2 2
is_linear=0
shrinkage=0.06


Tree=27
num_leaves=31
num_cat=6
split_feature=1 1 3 3 3 3 2 2 3 0 3 3 3 0 3 3 3 0 3 2 3 0 3 1 3 3 0 3 0 3
split_gain=1.98823 0.931656 0.50921 0.206058 0.471439 0.122468 0.136338 0.0843539 0.0893449 0.082148 0.250174 0.196961 0.0734175 0.0682398 0.0499945 0.0479327 0.0590925 0.0565051 0.0437256 0.0355124 0.0326087 0.0217122 0.0168178 0.0100331 0.016387 0.0896257 0.0354541 0.0176303 0.0150274 0.0064836
threshold=772.20001220703136 594.00000000000011 11.500000000000002 17.000000000000004 18.500000000000004 20.500000000000004 3.4000000059604649 3.4000000059604649 20.500000000000004 0 13.500000000000002 12.500000000000002 13.500000000000002 1 13.500000000000002 12.500000000000002 19.500000000000004 2 12.500000000000002 1.0000000180025095e-35 19.500000000000004 3 12.500000000000002 675.00000000000011 18.500000000000004 13.500000000000002 4 19.500000000000004 5 19.500000000000004
decision_type=2 2 2 2 2 2 2 2 2 1 2 2 2 1 2 2 2 1 2 2 2 1 2 2 2 2 1 2 1 2
left_child=1 2 -1 12 -5 6 18 8 9 11 22 -2 -4 -10 -13 -9 17 -17 -3 -7 -12 -14 -11 24 25 -20 -26 -28 -27 -16
right_child=7 5 3 4 -6 19 -8 15 13 10 20 14 21 -15 29 16 -18 -19 23 -21 -22 -23 -24 -25 26 28 27 -29 -30 -31
leaf_value=-2.2252545389957481 1.9083191288595958 -0.29336312425852268 -1.1394821248530569 -2.0332202864755309 -0.63129319236425774 0.25174811061000807 1.9156043153988718 1.3550056078919339 6.0364995960361147 1.888439179046304 3.3612471761290816 1.9815988607289294 -0.09412651169234322 1.5169630299294954 0.24122245956191135 2.3311662726625033 1.5552716005520857 3.1058902064434961 -0.094702468855400637 -1.6108884515605699 2.195636923808729 -1.7552124364637234 2.155246834272293 0.14282175970000252 -0.015088670655700298 0.18240547335178689 -0.46753883451994394 -0.14486675541108524 0.39631213620323025 -0.48201630143138796
leaf_weight=31 44 422 82 34 91 310 34 22 22 27 25 62 78 25 34 36 20 31 681 33 23 59 59 39 663 88 214 349 83 23
leaf_count=31 44 422 82 34 91 310 34 22 22 27 25 62 78 25 34 36 20 31 681 33 23 59 59 39 663 88 214 349 83 23
internal_value=4.80769e-05 -0.000464904 -0.00328 -0.00261628 -0.00456 -0.000102881 -0.00024485 0.00377483 0.00331395 0.00292929 0.00402985 0.00202454 -0.00150685 0.00574468 0.000756303 0.00522936 0.00586207 0.00671642 -0.000295392 0.000962099 0.0075 -0.000656934 0.00209302 -0.000184223 -0.000202117 0 -0.000342577 -0.000692718 0.00122807 -0.000526316
internal_weight=3744 3291 375 344 125 2916 2573 453 344 297 134 163 219 47 119 109 87 67 2539 343 48 137 86 2117 2078 852 1226 563 171 57
internal_count=3744 3291 375 344 125 2916 2573 453 344 297 134 163 219 47 119 109 87 67 2539 343 48 137 86 2117 2078 852 1226 563 171 57
cat_boundaries=0 1 2 3 4 5 6
cat_threshold=2 2 2 2 2 2
is_linear=0
shrinkage=0.06


Tree=28
num_leaves=31
num_cat=7
split_feature=1 1 3 3 3 3 2 3 2 3 3 0 3 0 3 3 2 3 0 3 0 0 0 1 2 3 3 0 3 3
split_gain=1.71562 0.753434 0.310327 0.14636 0.549505 0.122468 0.136338 0.0734175 0.0544838 0.102627 0.0956058 0.130582 0.164109 0.0682398 0.0499945 0.0437256 0.0355124 0.0291622 0.060179 0.0558862 0.0217122 0.0209134 0.0174162 0.0100331 0.01567 0.0204925 0.0961677 0.0202068 0.00897391 0.0064836
threshold=772.20001220703136 594.00000000000011 11.500000000000002 17.000000000000004 18.500000000000004 20.500000000000004 3.4000000059604649 13.500000000000002 3.4000000059604649 20.500000000000004 12.500000000000002 0 13.500000000000002 1 13.500000000000002 12.500000000000002 1.0000000180025095e-35 12.500000000000002 2 13.500000000000002 3 4 5 675.00000000000011 1.0000000180025095e-35 13.500000000000002 18.500000000000004 6 19.500000000000004 19.500000000000004
decision_type=2 2 2 2 2 2 2 2 2 2 2 1 2 1 2 2 2 2 1 2 1 1 1 2 2 2 2 1 2 2
left_child=1 2 -1 7 -5 6 15 -4 9 10 21 14 -13 -11 -12 -3 -7 -10 19 -19 -9 -2 -6 24 25 -17 -27 -28 -29 -16
right_child=8 5 3 4 22 16 -8 20 17 13 11 12 -14 -15 29 23 -18 18 -20 -21 -22 -23 -24 -25 -26 26 27 28 -30 -31
leaf_value=-2.0917392666560044 1.7938199811280195 -0.27576133680300813 -1.0711131973618717 -1.9112270692870004 -0.59341560082239997 0.23664322397340584 1.8006680564749364 -0.088478920990801263 1.2737052714184176 5.6743096202739451 1.8627029290851942 2.0259320242159582 2.3752805443177065 1.425945248133728 0.22674911198819928 -0.16158582806735466 -1.5142351444669384 1.332088991878718 4.9244684346818843 0.45909065885727157 -1.6498996902759018 1.7751328283035286 -0.72345609868220206 0.13425245411800005 0.061262699682224593 0.37253340803103352 -0.01418335041635828 -0.43948650444874826 -0.12173505282079759 -0.45309532334550567
leaf_weight=31 44 422 82 34 41 310 34 78 22 22 62 59 48 25 34 673 33 27 39 21 59 27 50 39 21 165 659 214 346 23
leaf_count=31 44 422 82 34 41 310 34 78 22 22 62 59 48 25 34 673 33 27 39 21 59 27 50 39 21 165 659 214 346 23
internal_value=4.80769e-05 -0.000428441 -0.00296 -0.00244186 -0.00408 -0.000102881 -0.00024485 -0.00150685 0.00350993 0.00313953 0.00272727 0.00212389 0.00364486 0.00574468 0.000756303 -0.000295392 0.000962099 0.0046789 0.00517241 0.00375 -0.000656934 0.00464789 -0.00164835 -0.000184223 -0.000202117 -0.000218765 -8.67052e-05 -0.000270714 -0.000535714 -0.000526316
internal_weight=3744 3291 375 344 125 2916 2573 219 453 344 297 226 107 47 119 2539 343 109 87 48 137 71 91 2117 2078 2057 1384 1219 560 57
internal_count=3744 3291 375 344 125 2916 2573 219 453 344 297 226 107 47 119 2539 343 109 87 48 137 71 91 2117 2078 2057 1384 1219 560 57
cat_boundaries=0 1 2 3 4 5 6 7
cat_threshold=2 2 2 2 2 2 2
is_linear=0
shrinkage=0.06


Tree=29
num_leaves=31
num_cat=7
split_feature=1 1 3 3 3 2 3 3 2 3 3 0 3 0 3 2 3 0 3 0 0 3 0 0 3 3 1 3 3 3
split_gain=1.58686 0.671411 0.148262 0.14636 0.549505 0.103714 0.0954858 0.0734175 0.0675298 0.116829 0.116776 0.180147 0.164109 0.0682398 0.0475097 0.0301974 0.0291622 0.060179 0.0558862 0.0217122 0.0209134 0.0191854 0.0174162 0.012186 0.0177536 0.0142942 0.0106626 0.00571237 0.00523976 0.0114078
threshold=772.20001220703136 594.00000000000011 11.500000000000002 17.000000000000004 18.500000000000004 3.4000000059604649 20.500000000000004 13.500000000000002 3.4000000059604649 20.500000000000004 12.500000000000002 0 13.500000000000002 1 12.500000000000002 1.0000000180025095e-35 12.500000000000002 2 13.500000000000002 3 4 19.500000000000004 5 6 17.000000000000004 13.500000000000002 675.00000000000011 13.500000000000002 13.500000000000002 18.500000000000004
decision_type=2 2 2 2 2 2 2 2 2 2 2 1 2 1 2 2 2 1 2 1 1 2 1 1 2 2 2 2 2 2
left_child=1 2 -1 7 -5 6 14 -4 9 10 20 21 -13 -11 -3 -8 -10 18 -18 -9 -2 27 -6 26 25 -25 28 -12 -16 -30
right_child=8 5 3 4 22 -7 15 19 16 13 11 12 -14 -15 23 -17 17 -19 -20 -21 -22 -23 -24 24 -26 -27 -28 -29 29 -31
leaf_value=-1.9662349106566432 1.6861907822603415 -0.25921565659482554 -1.0068464055201571 -1.7965534451297798 -0.55781066477305785 1.6926279730864404 0.22244463053500338 -0.083170185731351015 1.1972829551333131 5.3338510430575115 1.7509407533400803 1.9043761027629988 2.232763711658647 1.3403885332457024 -0.1518906783833131 -1.4233810357989205 1.252163652365998 4.6290003286009709 0.43154521932583745 -1.5509057088593476 1.668624858605317 -0.42590960394477861 -0.6800487327612722 -0.027416601704096592 -0.19288484969012529 0.13609707005379504 2.9014515226115347 0.21314416526890909 0.14910914046881998 -0.013332349391375828
leaf_weight=31 44 422 82 34 41 42 310 78 22 22 62 59 48 25 389 25 27 39 21 59 27 23 50 292 568 92 25 34 88 663
leaf_count=31 44 422 82 34 41 42 310 78 22 22 62 59 48 25 389 25 27 39 21 59 27 23 50 292 568 92 25 34 88 663
internal_value=4.80769e-05 -0.00041021 -0.0028 -0.00244186 -0.00408 -0.000102881 -0.000146138 -0.00150685 0.00337748 0.00296512 0.00252525 0.00185841 0.00364486 0.00574468 -0.000271761 0.00080597 0.0046789 0.00517241 0.00375 -0.000656934 0.00464789 0.000252101 -0.00164835 -0.000155881 -0.000315126 0 -2.57511e-05 0.000625 -5.26316e-05 3.99467e-05
internal_weight=3744 3291 375 344 125 2916 2874 219 453 344 297 226 107 47 2539 335 109 87 48 137 71 119 91 2117 952 384 1165 96 1140 751
internal_count=3744 3291 375 344 125 2916 2874 219 453 344 297 226 107 47 2539 335 109 87 48 137 71 119 91 2117 952 384 1165 96 1140 751
cat_boundaries=0 1 2 3 4 5 6 7
cat_threshold=2 2 2 2 2 2 2
is_linear=0
shrinkage=0.06


Tree=30
num_leaves=31
num_cat=7
split_feature=1 1 3 2 3 3 3 3 2 3 3 0 3 0 3 2 3 0 3 0 0 3 0 1 2 3 3 3 0 3
split_gain=1.55645 0.60379 0.16044 0.102277 0.0968488 0.353975 0.0913443 0.0734175 0.0675298 0.116829 0.116776 0.180147 0.164109 0.0682398 0.0514509 0.0301974 0.0291622 0.060179 0.0558862 0.0217122 0.0209134 0.0191854 0.0174162 0.00887563 0.0145798 0.0161058 0.0901319 0.0174789 0.012147 0.00571237
threshold=772.20001220703136 594.00000000000011 11.500000000000002 3.4000000059604649 17.000000000000004 18.500000000000004 20.500000000000004 13.500000000000002 3.4000000059604649 20.500000000000004 12.500000000000002 0 13.500000000000002 1 12.500000000000002 1.0000000180025095e-35 12.500000000000002 2 13.500000000000002 3 4 19.500000000000004 5 675.00000000000011 1.0000000180025095e-35 13.500000000000002 18.500000000000004 19.500000000000004 6 13.500000000000002
decision_type=2 2 2 2 2 2 2 2 2 2 2 1 2 1 2 2 2 1 2 1 1 2 1 2 2 2 2 2 1 2
left_child=1 2 -1 6 7 -6 14 -4 9 10 20 21 -13 -11 -3 -8 -10 18 -18 -9 -2 29 -7 24 25 -16 -27 28 -28 -12
right_child=8 3 4 -5 5 22 15 19 16 13 11 12 -14 -15 23 -17 17 -19 -20 -21 -22 -23 -24 -25 -26 26 27 -29 -30 -31
leaf_value=-1.8482608160172458 1.5850193353247186 -0.24366271719913468 -0.94643562118894797 1.5910702947012521 -1.6887602384219917 -0.5243420248866778 0.20909795270290032 -0.078179974587471862 1.1254459778253123 5.0138199804740609 1.6458843081396775 1.7901135365972209 2.098797888959127 1.2599652212509613 -0.14277723768031364 -1.3379781736509857 1.1770338332240384 4.3512603088849096 0.40565250616628873 -1.4578513663277852 1.5685073670889982 -0.40035502770809217 -0.63924580879559467 0.11803148266769085 0.059231933803539499 0.34201557934594573 -0.11270208616226909 -0.088418161404517831 -0.40154422320041699 0.2003555153527759
leaf_weight=31 44 422 82 42 34 41 310 78 22 22 62 59 48 25 673 25 27 39 21 59 27 23 50 39 21 165 260 745 214 34
leaf_count=31 44 422 82 42 34 41 310 78 22 22 62 59 48 25 673 25 27 39 21 59 27 23 50 39 21 165 260 745 214 34
internal_value=8.01282e-05 -0.000373747 -0.00264 -8.23045e-05 -0.00226744 -0.0036 -0.000125261 -0.00150685 0.00337748 0.00296512 0.00252525 0.00185841 0.00364486 0.00574468 -0.000248129 0.00080597 0.0046789 0.00517241 0.00375 -0.000656934 0.00464789 0.000252101 -0.00164835 -0.000127539 -0.00014437 -0.000160428 -4.33526e-05 -0.000221493 -0.000506329 0.000625
internal_weight=3744 3291 375 2916 344 125 2874 219 453 344 297 226 107 47 2539 335 109 87 48 137 71 119 91 2117 2078 2057 1384 1219 474 96
internal_count=3744 3291 375 2916 344 125 2874 219 453 344 297 226 107 47 2539 335 109 87 48 137 71 119 91 2117 2078 2057 1384 1219 474 96
cat_boundaries=0 1 2 3 4 5 6 7
cat_threshold=2 2 2 2 2 2 2
is_linear=0
shrinkage=0.06


Tree=31
num_leaves=31
num_cat=8
split_feature=1 1 2 3 2 3 0 3 0 3 3 3 3 0 3 3 2 0 3 0 3 0 1 2 3 3 3 0 0 3
split_gain=1.14785 0.521543 0.103714 0.0954858 0.0654031 0.164956 0.100143 0.201673 0.0682398 0.0653333 0.353975 0.134317 0.0546664 0.0527664 0.0475097 0.041059 0.0301974 0.0281626 0.114469 0.0217122 0.0191854 0.0174162 0.00944552 0.01512 0.0124397 0.0516006 0.0174789 0.0150624 0.012147 0.00571237
threshold=772.20001220703136 594.00000000000011 3.4000000059604649 20.500000000000004 3.4000000059604649 20.500000000000004 0 13.500000000000002 1 17.000000000000004 18.500000000000004 13.500000000000002 12.500000000000002 2 12.500000000000002 12.500000000000002 1.0000000180025095e-35 3 13.500000000000002 4 19.500000000000004 5 675.00000000000011 1.0000000180025095e-35 13.500000000000002 18.500000000000004 19.500000000000004 6 7 13.500000000000002
decision_type=2 2 2 2 2 2 1 2 1 2 2 2 2 1 2 2 2 1 2 1 2 1 2 2 2 2 2 1 1 2
left_child=1 9 3 14 5 6 12 15 -7 11 -11 13 -2 -1 -3 -8 -5 18 -6 -13 29 -12 23 24 -16 27 28 -26 -27 -14
right_child=4 2 -4 16 17 8 7 -9 -10 10 21 19 20 -15 22 -17 -18 -19 -20 -21 -22 -23 -24 -25 25 26 -28 -29 -30 -31
leaf_value=-1.6146557912121158 1.4899181752052322 -0.22904295416718354 1.4956060770191777 0.19655207554072604 1.7523529653399692 4.7129907816456171 1.474396925063661 1.9728700156215813 1.1843673079759058 -1.5874346241166721 -0.49288150339347792 -0.073489176112225316 1.5471312496512972 -0.59681440090979998 -0.13421060341949442 1.6827067244013869 -1.2576994832319268 1.8469595926955662 0.38131335579631465 -1.3703802843481196 -0.37633372604560689 -0.60089106026785655 0.11094959370763036 0.055678017775328499 0.25580254595181257 -0.10593996099253444 -0.083113071720244985 0.94963612407737852 -0.37745156980839284 0.18833418443161234
leaf_weight=66 44 422 42 310 39 22 27 48 25 34 41 78 62 47 673 59 25 49 21 59 23 50 39 21 85 260 745 80 214 34
leaf_count=66 44 422 42 310 39 22 27 48 25 34 41 78 62 47 673 59 25 49 21 59 23 50 39 21 85 260 745 80 214 34
internal_value=1.60256e-05 -0.000373747 -0.000102881 -0.000146138 0.00284768 0.00244186 0.00191919 0.00313433 0.00574468 -0.00248 -0.0036 -0.00192 0.000920245 -0.00345133 -0.000271761 0.00139535 0.00080597 0.00412844 0.005 -0.000656934 0.000252101 -0.00164835 -0.000155881 -0.000173244 -0.000189596 -8.67052e-05 -0.000221493 0.000909091 -0.000506329 0.000625
internal_weight=3744 3291 2916 2874 453 344 297 134 47 375 125 250 163 113 2539 86 335 109 60 137 119 91 2117 2078 2057 1384 1219 165 474 96
internal_count=3744 3291 2916 2874 453 344 297 134 47 375 125 250 163 113 2539 86 335 109 60 137 119 91 2117 2078 2057 1384 1219 165 474 96
cat_boundaries=0 1 2 3 4 5 6 7 8
cat_threshold=2 2 2 2 2 2 2 2
is_linear=0
shrinkage=0.06


Tree=32
num_leaves=31
num_cat=7
split_feature=1 1 2 3 3 3 3 2 3 0 3 0 3 3 3 3 2 0 3 0 3 0 1 2 3 3 0 3 0 3
split_gain=1.1092 0.470696 0.10085 0.0872946 0.0853333 0.353975 0.0980787 0.0654031 0.164956 0.100143 0.201673 0.0682398 0.0555491 0.0546664 0.041059 0.0337137 0.0301974 0.0281626 0.114469 0.0217122 0.0191854 0.0174162 0.00832348 0.0140495 0.00908019 0.0472055 0.0189016 0.0163748 0.0150624 0.00571237
threshold=772.20001220703136 594.00000000000011 3.4000000059604649 20.500000000000004 17.000000000000004 18.500000000000004 11.500000000000002 3.4000000059604649 20.500000000000004 0 13.500000000000002 1 12.500000000000002 12.500000000000002 12.500000000000002 13.500000000000002 1.0000000180025095e-35 2 13.500000000000002 3 19.500000000000004 4 675.00000000000011 1.0000000180025095e-35 13.500000000000002 18.500000000000004 5 19.500000000000004 6 13.500000000000002
decision_type=2 2 2 2 2 2 2 2 2 1 2 1 2 2 2 2 2 1 2 1 2 1 2 2 2 2 1 2 1 2
left_child=1 4 3 12 6 -6 -1 8 9 13 14 -10 -3 -2 -11 -8 -5 18 -9 -17 29 -7 23 24 -14 28 -27 -28 -26 -15
right_child=7 2 -4 16 5 21 15 17 11 10 -12 -13 22 20 -16 19 -18 -19 -20 -21 -22 -23 -24 -25 25 26 27 -29 -30 -31
leaf_value=-1.6404858195834833 1.4005230846929158 -0.21530037691715165 1.4058697123980288 0.18475895100828438 -1.492188546669672 -0.4633086131898676 -0.85384061986302406 1.6472117874195737 4.4302113347468772 1.3859331095598439 1.854497814684289 1.1133052694973526 -0.1261579672143216 1.4543033746722176 1.5817443209373003 -0.069079825545488804 -1.182237514238011 1.7361420171338295 0.35843455444853362 -1.2881574672872318 -0.35375370248287252 -0.5648375966517869 0.10429261808516913 0.052337336708808378 0.24045439319470233 0.0005861144013897501 -0.35480447561988965 -0.092565984682653382 0.89265795663273362 0.17703413336571655
leaf_weight=31 44 422 42 310 34 41 82 39 22 27 48 25 673 62 59 78 25 49 21 59 23 50 39 21 85 659 214 346 80 34
leaf_count=31 44 422 42 310 34 41 82 39 22 27 48 25 673 62 59 78 25 49 21 59 23 50 39 21 85 659 214 346 80 34
internal_value=6.41026e-05 -0.000319052 -6.17284e-05 -0.000104384 -0.00232 -0.0036 -0.00168 0.00284768 0.00244186 0.00191919 0.00313433 0.00574468 -0.000224498 0.000920245 0.00139535 -0.00123288 0.00080597 0.00412844 0.005 -0.000656934 0.000252101 -0.00164835 -9.9197e-05 -0.000115496 -0.000131259 -4.33526e-05 -0.000172272 -0.000428571 0.000909091 0.000625
internal_weight=3744 3291 2916 2874 375 125 250 453 344 297 134 47 2539 163 86 219 335 109 60 137 119 91 2117 2078 2057 1384 1219 560 165 96
internal_count=3744 3291 2916 2874 375 125 250 453 344 297 134 47 2539 163 86 219 335 109 60 137 119 91 2117 2078 2057 1384 1219 560 165 96
cat_boundaries=0 1 2 3 4 5 6 7
cat_threshold=2 2 2 2 2 2 2
is_linear=0
shrinkage=0.06


Tree=33
num_leaves=31
num_cat=5
split_feature=1 1 2 3 3 0 3 3 2 3 0 3 0 3 3 3 3 0 3 2 3 3 3 1 2 3 3 3 3 0
split_gain=1.1092 0.39843 0.102277 0.072782 0.0673571 0.111209 0.104076 0.0854675 0.0654031 0.164956 0.100143 0.201673 0.0682398 0.0607659 0.0546664 0.0423537 0.041059 0.0281626 0.114469 0.0250457 0.0191854 0.0152552 0.00849132 0.00832348 0.0140495 0.00908019 0.0472055 0.00927369 0.00571237 0.00324988
threshold=772.20001220703136 594.00000000000011 3.4000000059604649 12.500000000000002 11.500000000000002 0 14.500000000000002 17.000000000000004 3.4000000059604649 20.500000000000004 1 13.500000000000002 2 18.500000000000004 12.500000000000002 20.500000000000004 12.500000000000002 3 13.500000000000002 1.0000000180025095e-35 19.500000000000004 12.500000000000002 13.500000000000002 675.00000000000011 1.0000000180025095e-35 13.500000000000002 18.500000000000004 19.500000000000004 13.500000000000002 4
decision_type=2 2 2 2 2 1 2 2 2 2 1 2 1 2 2 2 2 1 2 2 2 2 2 2 2 2 2 2 2 1
left_child=1 4 3 29 -1 6 21 22 9 10 14 16 -11 -8 -2 23 -12 18 -10 -17 28 -6 -7 24 25 -5 -27 -28 -16 -3
right_child=8 2 -4 15 5 7 13 -9 17 12 11 -13 -14 -15 20 19 -18 -19 -20 -21 -22 -23 -24 -25 -26 26 27 -29 -30 -31
leaf_value=-1.5420566704084739 1.3164916996113378 -0.2796558901275466 1.3215175296541462 -0.11858848918146123 -0.77554866683632329 -0.50977509966342949 0.57856262672792802 -2.3385214985675202 1.5483790801743997 4.1643986546620635 1.3027771229862559 1.7432279458032349 1.0465069533275118 -0.43551009639847732 1.3670451721918835 0.17367341394779032 1.4868396616810604 1.6319734961057997 0.33692848118162144 -1.1113032633837336 -0.33252848033389909 -1.6528787615986971 -1.2108680192499968 0.098035061000057336 0.049197096506281922 0.2260271296030214 -0.21974690402519173 -0.072572328336068498 0.16641208536377233 -0.1687135548048195
leaf_weight=31 44 205 42 673 48 33 33 62 39 22 27 48 25 41 62 310 59 49 21 25 23 68 59 39 21 165 474 745 34 217
leaf_count=31 44 205 42 673 48 33 33 62 39 22 27 48 25 41 62 310 59 49 21 25 23 68 59 39 21 165 474 745 34 217
internal_value=6.41026e-05 -0.000319052 -8.23045e-05 -0.000125261 -0.00216 -0.0019186 -0.000947368 -0.00311688 0.00284768 0.00244186 0.00191919 0.00313433 0.00574468 0.000810811 0.000920245 0 0.00139535 0.00412844 0.005 0.000626866 0.000252101 -0.00206897 -0.00195652 -9.9197e-05 -0.000115496 -0.000131259 -4.33526e-05 -0.000172272 0.000625 -0.000853081
internal_weight=3744 3291 2916 2874 375 344 190 154 453 344 297 134 47 74 163 2452 86 109 60 335 119 116 92 2117 2078 2057 1384 1219 96 422
internal_count=3744 3291 2916 2874 375 344 190 154 453 344 297 134 47 74 163 2452 86 109 60 335 119 116 92 2117 2078 2057 1384 1219 96 422
cat_boundaries=0 1 2 3 4 5
cat_threshold=2 2 2 2 2
is_linear=0
shrinkage=0.06


Tree=34
num_leaves=31
num_cat=6
split_feature=1 1 2 3 0 3 3 2 3 0 3 0 3 3 3 3 0 3 3 3 2 3 3 3 3 0 3 3 3 0
split_gain=1.12201 0.390578 0.103714 0.0673571 0.111209 0.104076 0.0854675 0.0654031 0.164956 0.100143 0.201673 0.0682398 0.0607659 0.0546664 0.0438236 0.041059 0.0281626 0.114469 0.0191854 0.0152552 0.0123027 0.0540541 0.0214472 0.01062 0.0130669 0.013691 0.00849132 0.00571237 0.00221447 0.00180481
threshold=772.20001220703136 594.00000000000011 3.4000000059604649 11.500000000000002 0 14.500000000000002 17.000000000000004 3.4000000059604649 20.500000000000004 1 13.500000000000002 2 18.500000000000004 12.500000000000002 12.500000000000002 12.500000000000002 3 13.500000000000002 19.500000000000004 12.500000000000002 1.0000000180025095e-35 18.500000000000004 13.500000000000002 14.500000000000002 20.500000000000004 4 13.500000000000002 13.500000000000002 19.500000000000004 5
decision_type=2 2 2 2 1 2 2 2 2 1 2 1 2 2 2 2 1 2 2 2 2 2 2 2 2 1 2 2 2 1
left_child=1 3 14 -1 5 19 26 8 9 13 15 -10 -7 -2 -3 -11 17 -9 27 -5 22 -22 -16 29 25 -25 -6 -15 -27 -24
right_child=7 2 -4 4 6 12 -8 16 11 10 -12 -13 -14 18 20 -17 -18 -19 -20 -21 21 -23 23 24 -26 28 -28 -29 -30 -31
leaf_value=-1.4495332701839641 1.2375021976346579 -0.18893127095414911 1.2422264778749001 -0.72901574682614179 -0.47918859368362288 0.54384886912425145 -2.1982102086534701 1.4554763353639351 3.9145347353823419 1.224610495607078 1.6386342690550395 0.98371653612786303 -0.40937949061456719 1.2850224618603716 -0.11147317983057518 1.3976292819801961 1.5340550863394491 0.31671277231072281 -0.31257677151386815 -1.5537060359027759 0.04624527071590364 -1.0446250675807072 0.21246550182683904 0.037045087950696144 0.16325300911092427 -0.24844784791931032 -1.1382159380949985 0.15642736024194845 -0.082657685901531289 0.8255368514585848
leaf_weight=31 44 422 42 48 33 33 62 39 22 27 48 25 41 62 673 59 49 21 23 68 37 37 85 669 310 215 59 34 346 80
leaf_count=31 44 422 42 48 33 33 62 39 22 27 48 25 41 62 673 59 49 21 23 68 37 37 85 669 310 215 59 34 346 80
internal_value=4.80769e-05 -0.000337284 -0.000102881 -0.00216 -0.0019186 -0.000947368 -0.00311688 0.00284768 0.00244186 0.00191919 0.00313433 0.00574468 0.000810811 0.000920245 -0.000146138 0.00139535 0.00412844 0.005 0.000252101 -0.00206897 -4.89396e-05 -0.000810811 -2.52313e-05 8.79765e-05 3.8961e-05 -4.87805e-05 -0.00195652 0.000625 -0.00026738 0.000545455
internal_weight=3744 3291 2916 375 344 190 154 453 344 297 134 47 74 163 2874 86 109 60 119 116 2452 74 2378 1705 1540 1230 92 96 561 165
internal_count=3744 3291 2916 375 344 190 154 453 344 297 134 47 74 163 2874 86 109 60 119 116 2452 74 2378 1705 1540 1230 92 96 561 165
cat_boundaries=0 1 2 3 4 5 6
cat_threshold=2 2 2 2 2 2
is_linear=0
shrinkage=0.06


Tree=35
num_leaves=31
num_cat=6
split_feature=1 1 2 3 0 3 3 2 3 0 3 0 3 3 3 3 0 3 3 2 3 3 3 3 0 3 3 3 3 0
split_gain=1.08381 0.229571 0.103714 0.0936594 0.0687724 0.112388 0.0700471 0.0654031 0.164956 0.100143 0.201673 0.0682398 0.0607659 0.0546664 0.0438236 0.041059 0.0281626 0.114469 0.0191854 0.0123027 0.0540541 0.0214472 0.01062 0.0130669 0.013691 0.00723924 0.00571237 0.00221447 0.00207066 0.00180481
threshold=772.20001220703136 594.00000000000011 3.4000000059604649 11.500000000000002 0 18.500000000000004 14.500000000000002 3.4000000059604649 20.500000000000004 1 13.500000000000002 2 18.500000000000004 12.500000000000002 12.500000000000002 12.500000000000002 3 13.500000000000002 19.500000000000004 1.0000000180025095e-35 18.500000000000004 13.500000000000002 14.500000000000002 20.500000000000004 4 13.500000000000002 13.500000000000002 19.500000000000004 12.500000000000002 5
decision_type=2 2 2 2 1 2 2 2 2 1 2 1 2 2 2 2 1 2 2 2 2 2 2 2 1 2 2 2 2 1
left_child=1 3 14 -1 6 25 28 8 9 13 15 -10 -8 -2 -3 -11 17 -9 26 21 -21 -16 29 24 -24 -6 -15 -26 -5 -23
right_child=7 2 -4 4 5 -7 12 16 11 10 -12 -13 -14 18 19 -17 -18 -19 -20 20 -22 22 23 -25 27 -27 -28 -29 -30 -31
leaf_value=-1.3625612739729263 1.1632520657765804 -0.17759539469689797 1.167692889202409 -0.68527480201657454 -0.45043727806260675 -0.25874343841941938 0.51121793697679319 1.368147755242096 3.6796626512594046 1.151133865870654 1.5403162129117367 0.92469354396019066 -0.38481672117769222 1.2079211141487463 -0.10478478904074108 1.3137715250613815 1.4420117811590829 0.29771000597207603 -0.29382216522303906 0.043470554472951332 -0.98194756352586632 0.19971757171722856 0.034822382673655734 0.15345782856426921 -0.23354097704414925 -1.76036060387961 0.14704171862742896 -0.077698224747441591 -1.4604836737486084 0.77600464037107253
leaf_weight=31 44 422 42 48 33 50 33 39 22 27 48 25 41 62 673 59 49 21 23 37 37 85 669 310 215 71 34 346 68 80
leaf_count=31 44 422 42 48 33 50 33 39 22 27 48 25 41 62 673 59 49 21 23 37 37 85 669 310 215 71 34 346 68 80
internal_value=9.61538e-05 -0.000282589 -0.000102881 -0.00168 -0.00139535 -0.00233766 -0.000631579 0.00284768 0.00244186 0.00191919 0.00313433 0.00574468 0.000810811 0.000920245 -0.000146138 0.00139535 0.00412844 0.005 0.000252101 -4.89396e-05 -0.000810811 -2.52313e-05 8.79765e-05 3.8961e-05 -4.87805e-05 -0.00346154 0.000625 -0.00026738 -0.00155172 0.000545455
internal_weight=3744 3291 2916 375 344 154 190 453 344 297 134 47 74 163 2874 86 109 60 119 2452 74 2378 1705 1540 1230 104 96 561 116 165
internal_count=3744 3291 2916 375 344 154 190 453 344 297 134 47 74 163 2874 86 109 60 119 2452 74 2378 1705 1540 1230 104 96 561 116 165
cat_boundaries=0 1 2 3 4 5 6
cat_threshold=2 2 2 2 2 2
is_linear=0
shrinkage=0.06


Tree=36
num_leaves=31
num_cat=8
split_feature=1 1 2 3 2 3 0 0 3 3 3 3 3 0 3 0 3 3 3 3 2 3 3 3 3 0 0 3 0 0
split_gain=0.994029 0.285152 0.102277 0.0844114 0.0796299 0.182838 0.0682398 0.0637343 0.113443 0.062471 0.496041 0.0556448 0.0546664 0.0491313 0.0471234 0.0281626 0.114469 0.0261513 0.041059 0.0191854 0.0131057 0.0540541 0.0148375 0.00753175 0.0142702 0.013691 0.0068631 0.00571237 0.00434409 0.00335031
threshold=772.20001220703136 594.00000000000011 3.4000000059604649 11.500000000000002 3.4000000059604649 20.500000000000004 0 1 19.500000000000004 17.000000000000004 18.500000000000004 13.500000000000002 12.500000000000002 2 12.500000000000002 3 13.500000000000002 13.500000000000002 12.500000000000002 19.500000000000004 1.0000000180025095e-35 18.500000000000004 20.500000000000004 13.500000000000002 14.500000000000002 4 5 13.500000000000002 6 7
decision_type=2 2 2 2 2 2 1 1 2 2 2 2 2 1 2 1 2 2 2 2 2 2 2 2 2 1 1 2 1 1
left_child=1 3 14 -1 5 7 -7 12 17 11 -11 28 -2 -13 -3 16 -6 18 -9 27 22 -22 23 26 -25 -26 -16 -14 -5 -12
right_child=4 2 -4 9 15 6 -8 8 -10 10 29 13 19 -15 20 -17 -18 -19 -20 -21 21 -23 -24 24 25 -27 -28 -29 -30 -31
leaf_value=-1.2808075975345514 1.0934569418299884 -0.16693967101508178 1.097631315850266 -1.0539868051065173 1.2860588899275671 3.4588828921838419 0.86921193132257935 1.0820658339184159 1.1365154041995311 -1.5006749998392286 -0.36172771790703107 0.21508907226224663 1.1354458472998248 -0.9643013455765197 -0.18931801419829525 1.355491074289539 0.27984740561375471 2.2321890413806638 1.2349452335576985 -0.2761928353096596 0.040862321204574524 -0.92303070971431445 0.14425035885041551 0.18773451741419647 0.032733039713239119 -0.10020234654649812 -0.015276859658895319 0.13821921550978458 -0.42341104137884938 -0.2432188321142553
leaf_weight=31 44 422 42 49 39 22 25 27 23 34 41 78 62 59 387 49 21 25 59 23 37 37 310 165 669 561 286 34 33 50
leaf_count=31 44 422 42 49 39 22 25 27 23 34 41 78 62 59 387 49 21 25 59 23 37 37 310 165 669 561 286 34 33 50
internal_value=8.01282e-05 -0.000282589 -8.23045e-05 -0.00184 0.00271523 0.00226744 0.00574468 0.00171717 0.00268657 -0.00156977 -0.00264 -0.000958904 0.000920245 -0.000218978 -0.000125261 0.00412844 0.005 0.00189189 0.00139535 0.000252101 -2.44698e-05 -0.000810811 0 -5.80271e-05 2.15054e-05 -4.87805e-05 -0.000222883 0.000625 -0.00219512 -0.00032967
internal_weight=3744 3291 2916 375 453 344 47 297 134 344 125 219 163 137 2874 109 60 111 86 119 2452 74 2378 2068 1395 1230 673 96 82 91
internal_count=3744 3291 2916 375 453 344 47 297 134 344 125 219 163 137 2874 109 60 111 86 119 2452 74 2378 2068 1395 1230 673 96 82 91
cat_boundaries=0 1 2 3 4 5 6 7 8
cat_threshold=2 2 2 2 2 2 2 2
is_linear=0
shrinkage=0.06


Tree=37
num_leaves=31
num_cat=7
split_feature=1 1 3 2 2 3 0 3 3 3 3 0 0 3 3 3 3 0 3 2 3 3 0 3 3 3 0 0 3 3
split_gain=0.885167 0.190775 0.103388 0.102277 0.0952557 0.0852996 0.0637343 0.113443 0.0615631 0.0546664 0.0471234 0.031318 0.0281626 0.114469 0.0261513 0.041059 0.0191854 0.0169229 0.0381887 0.0131057 0.0540541 0.0148375 0.0111799 0.00815436 0.00753175 0.0142702 0.013691 0.0068631 0.00571237 0.00221447
threshold=772.20001220703136 594.00000000000011 11.500000000000002 3.4000000059604649 3.4000000059604649 20.500000000000004 0 19.500000000000004 15.500000000000002 12.500000000000002 12.500000000000002 1 2 13.500000000000002 13.500000000000002 12.500000000000002 19.500000000000004 3 18.500000000000004 1.0000000180025095e-35 18.500000000000004 20.500000000000004 4 13.500000000000002 13.500000000000002 14.500000000000002 5 6 13.500000000000002 19.500000000000004
decision_type=2 2 2 2 2 2 1 2 2 2 2 1 1 2 2 2 2 1 2 2 2 2 1 2 2 2 1 1 2 2
left_child=1 2 -1 10 5 6 9 14 11 -2 -3 23 13 -6 15 -8 28 18 -10 21 -21 24 -7 -4 27 -26 -27 -12 -11 -28
right_child=4 3 8 -5 12 22 7 -9 17 16 19 -13 -14 -15 -16 -17 -18 -19 -20 20 -22 -23 -24 -25 25 26 29 -29 -30 -31
leaf_value=-1.2039591416824793 1.0278495253201867 -0.15692329075418002 -0.99074759680012447 1.0317734368992466 1.208895356531916 3.251349918652811 1.0171418838833142 1.068324479947562 0.26425140965397703 1.0673190964618355 -0.17795893334639684 -0.94505990487683667 1.2741616098321698 0.26305656127693056 2.0982576988978212 1.1608485195442357 -0.25962126519108097 -0.95917257718739846 -0.340024054832611 0.038410581932298557 -0.86764886713145417 0.13559533731939155 0.8170592154432279 -1.1003168824250495 0.17647044636934198 0.030769057330446683 -0.21351637762870496 -0.014360248079360644 0.12992606257919534 -0.06702419046980139
leaf_weight=31 44 422 49 42 39 22 27 23 28 62 387 88 49 21 25 59 23 66 41 37 37 310 25 72 165 669 215 286 34 346
leaf_count=31 44 422 49 42 39 22 27 23 28 62 387 88 49 21 25 59 23 66 41 37 37 310 25 72 165 669 215 286 34 346
internal_value=9.61538e-05 -0.000246126 -0.00152 -8.23045e-05 0.00258278 0.00209302 0.00171717 0.00268657 -0.00122093 0.000920245 -0.000125261 -0.00186603 0.00412844 0.005 0.00189189 0.00139535 0.000252101 -0.000222222 0.000434783 -2.44698e-05 -0.000810811 0 0.00446809 -0.00123967 -5.80271e-05 2.15054e-05 -4.87805e-05 -0.000222883 0.000625 -0.00026738
internal_weight=3744 3291 375 2916 453 344 297 134 344 163 2874 209 109 60 111 86 119 135 69 2452 74 2378 47 121 2068 1395 1230 673 96 561
internal_count=3744 3291 375 2916 453 344 297 134 344 163 2874 209 109 60 111 86 119 135 69 2452 74 2378 47 121 2068 1395 1230 673 96 561
cat_boundaries=0 1 2 3 4 5 6 7
cat_threshold=2 2 2 2 2 2 2
is_linear=0
shrinkage=0.06


Tree=38
num_leaves=31
num_cat=7
split_feature=1 1 3 2 2 3 0 3 3 3 3 0 0 3 3 3 3 0 3 2 3 3 0 3 3 3 0 0 3 3
split_gain=0.885167 0.190775 0.103388 0.102277 0.0952557 0.0852996 0.0637343 0.113443 0.0615631 0.0546664 0.0471234 0.031318 0.0281626 0.114469 0.0261513 0.041059 0.0191854 0.0169229 0.0381887 0.0131057 0.0540541 0.0148375 0.0111799 0.00815436 0.00753175 0.0142702 0.013691 0.0068631 0.00571237 0.00221447
threshold=772.20001220703136 594.00000000000011 11.500000000000002 3.4000000059604649 3.4000000059604649 20.500000000000004 0 19.500000000000004 15.500000000000002 12.500000000000002 12.500000000000002 1 2 13.500000000000002 13.500000000000002 12.500000000000002 19.500000000000004 3 18.500000000000004 1.0000000180025095e-35 18.500000000000004 20.500000000000004 4 13.500000000000002 13.500000000000002 14.500000000000002 5 6 13.500000000000002 19.500000000000004
decision_type=2 2 2 2 2 2 1 2 2 2 2 1 1 2 2 2 2 1 2 2 2 2 1 2 2 2 1 1 2 2
left_child=1 2 -1 10 5 6 9 14 11 -2 -3 23 13 -6 15 -8 28 18 -10 21 -21 24 -7 -4 27 -26 -27 -12 -11 -28
right_child=4 3 8 -5 12 22 7 -9 17 16 19 -13 -14 -15 -16 -17 -18 -19 -20 20 -22 -23 -24 -25 25 26 29 -29 -30 -31
leaf_value=-1.1317215931815292 0.96617855380097351 -0.14750789330892758 -0.93130274099211641 0.96986703068529201 1.1363616351400014 3.0562689235336391 0.95611337085031201 1.0042250111507065 0.24839632507473822 1.0032799506741275 -0.16728139734561182 -0.88835631058422615 1.1977119132422398 0.24727316760031498 1.9723622369639542 1.0911976083715784 -0.24404398927961665 -0.90162222255615687 -0.31962261154265431 0.036105947016358185 -0.81558993510356459 0.12745961708022832 0.76803566251663369 -1.0342978694795442 0.16588221958718349 0.028922913890621658 -0.20070539497098253 -0.013498633194599279 0.12213049882444238 -0.063002739041610314
leaf_weight=31 44 422 49 42 39 22 27 23 28 62 387 88 49 21 25 59 23 66 41 37 37 310 25 72 165 669 215 286 34 346
leaf_count=31 44 422 49 42 39 22 27 23 28 62 387 88 49 21 25 59 23 66 41 37 37 310 25 72 165 669 215 286 34 346
internal_value=9.61538e-05 -0.000246126 -0.00152 -8.23045e-05 0.00258278 0.00209302 0.00171717 0.00268657 -0.00122093 0.000920245 -0.000125261 -0.00186603 0.00412844 0.005 0.00189189 0.00139535 0.000252101 -0.000222222 0.000434783 -2.44698e-05 -0.000810811 0 0.00446809 -0.00123967 -5.80271e-05 2.15054e-05 -4.87805e-05 -0.000222883 0.000625 -0.00026738
internal_weight=3744 3291 375 2916 453 344 297 134 344 163 2874 209 109 60 111 86 119 135 69 2452 74 2378 47 121 2068 1395 1230 673 96 561
internal_count=3744 3291 375 2916 453 344 297 134 344 163 2874 209 109 60 111 86 119 135 69 2452 74 2378 47 121 2068 1395 1230 673 96 561
cat_boundaries=0 1 2 3 4 5 6 7
cat_threshold=2 2 2 2 2 2 2
is_linear=0
shrinkage=0.06


Tree=39
num_leaves=29
num_cat=8
split_feature=1 1 3 2 2 3 3 3 3 3 3 0 3 0 0 3 0 3 3 1 3 0 0 0 0 3 3 3
split_gain=0.634501 0.201853 0.103388 0.0994335 0.077319 0.112197 0.0817982 0.0615631 0.0428209 0.0609219 0.0323475 0.031318 0.0269621 0.198092 0.0169229 0.0381887 0.0111799 0.00815436 0.00777924 0.00727236 0.00528736 0.0217391 0.00294178 0.00177128 0.00170721 0.00133771 0.00517618 0.0018291
threshold=772.20001220703136 594.00000000000011 11.500000000000002 3.4000000059604649 3.4000000059604649 20.500000000000004 18.500000000000004 15.500000000000002 13.500000000000002 12.500000000000002 12.500000000000002 0 18.500000000000004 1 2 18.500000000000004 3 13.500000000000002 20.500000000000004 675.00000000000011 19.500000000000004 4 5 6 7 18.500000000000004 19.500000000000004 13.500000000000002
decision_type=2 2 2 2 2 2 2 2 2 2 2 1 2 1 1 2 1 2 2 2 2 1 1 1 1 2 2 2
left_child=1 2 -1 10 5 6 8 11 9 24 22 17 13 -6 15 -9 -7 -4 19 25 -8 -22 -3 -11 -2 27 -27 -12
right_child=4 3 7 -5 12 16 20 14 -10 23 18 -13 -14 -15 -16 -17 -18 -19 -20 -21 21 -23 -24 -25 -26 26 -28 -29
leaf_value=-1.0638182975906385 0.90820784057291348 -0.21260268547614031 -0.87542457653258909 0.91167500884417785 2.1779085573044448 2.8728927881216237 -0.27338458696439599 0.23349254557025403 1.8741218211054933 0.94308315363367912 -0.030812494499800776 -0.83505493194917335 2.2882885224873757 -0.27073024016684144 -0.84752488920278657 -0.30044525485009671 0.72195352276563873 -0.97223999731076893 0.10273171343821787 0.079847276819527899 -0.22940134992284128 0.94397151048166728 -0.10831689027277207 1.0257257518692859 0.89874656859929469 -0.19256210692808054 -0.019961545708586072 0.069497651454378223
leaf_weight=31 44 205 49 42 47 22 29 28 30 62 681 88 22 40 66 41 25 72 335 39 23 23 217 59 27 474 752 171
leaf_count=31 44 205 49 42 47 22 29 28 30 62 681 88 22 40 66 41 25 72 335 39 23 23 217 59 27 474 752 171
internal_value=8.01282e-05 -0.000209663 -0.00152 -4.11523e-05 0.00218543 0.00174419 0.00131313 -0.00122093 0.00189189 0.0015625 -8.35073e-05 -0.00186603 0.00357798 0.00310345 -0.000222222 0.000434783 0.00446809 -0.00123967 0 -4.2513e-05 -0.0004 0 -0.00056872 0.000743802 0.00295775 -5.77478e-05 -9.78793e-05 0
internal_weight=3744 3291 375 2916 453 344 297 344 222 192 2874 209 109 87 135 69 47 121 2452 2117 75 46 422 121 71 2078 1226 852
internal_count=3744 3291 375 2916 453 344 297 344 222 192 2874 209 109 87 135 69 47 121 2452 2117 75 46 422 121 71 2078 1226 852
cat_boundaries=0 1 2 3 4 5 6 7 8
cat_threshold=2 2 2 2 2 2 2 2
is_linear=0
shrinkage=0.06


Tree=40
num_leaves=31
num_cat=7
split_feature=1 1 3 2 2 3 3 3 3 3 0 3 0 1 3 2 3 3 0 3 3 3 0 0 3 3 0 3 3 0
split_gain=0.624878 0.207509 0.103388 0.0980267 0.077319 0.112197 0.0817982 0.0615631 0.0428209 0.0609219 0.031318 0.0269621 0.198092 0.0210608 0.19455 0.0250776 0.0954037 0.0249114 0.0169229 0.0381887 0.0132096 0.0178669 0.0113236 0.0111799 0.00815436 0.00605172 0.0068631 0.00551033 0.00528736 0.0217391
threshold=772.20001220703136 594.00000000000011 11.500000000000002 3.4000000059604649 3.4000000059604649 20.500000000000004 18.500000000000004 15.500000000000002 13.500000000000002 12.500000000000002 0 18.500000000000004 1 675.00000000000011 14.500000000000002 1.0000000180025095e-35 20.500000000000004 13.500000000000002 2 18.500000000000004 18.500000000000004 20.500000000000004 3 4 13.500000000000002 12.500000000000002 5 19.500000000000004 19.500000000000004 6
decision_type=2 2 2 2 2 2 2 2 2 2 1 2 1 2 2 2 2 2 1 2 2 2 1 1 2 2 1 2 2 1
left_child=1 2 -1 13 5 6 8 10 9 -2 24 12 -6 15 -15 17 -17 25 19 -9 -19 22 -22 -7 -4 -3 -27 -24 -8 -30
right_child=4 3 7 -5 11 23 28 18 -10 -11 -12 -13 -14 14 -16 16 -18 20 -20 -21 21 -23 27 -25 -26 26 -28 -29 29 -31
leaf_value=-0.99998919973520173 0.84482177448333451 -0.13392489348819936 -0.82289910194063165 0.85697450831352506 2.047234043866176 2.700519220834328 -0.2569815117465305 0.21948299283603945 1.7616745118391621 0.96418220675713195 -0.78495163603222462 2.1509912111381322 -0.25448642575683267 -1.2333856442977538 3.8052375840969943 0.035788339865366649 -0.77281844180363801 0.15175942732468911 -0.79667339585062102 -0.28241853955909391 0.015431939300997328 0.11364813724912209 -0.24899288977891046 0.6786363113997026 -0.9139055974721213 -0.15539576383488338 -0.010839965532934457 -0.058024881956596344 -0.21563726892747354 0.88733321985276681
leaf_weight=31 71 407 49 42 47 22 29 28 30 121 88 22 40 32 22 21 25 165 66 41 659 310 214 25 72 387 286 346 23 23
leaf_count=31 71 407 49 42 47 22 29 28 30 121 88 22 40 32 22 21 25 165 66 41 659 310 214 25 72 387 286 346 23 23
internal_value=9.61538e-05 -0.000191431 -0.00152 -2.05761e-05 0.00218543 0.00174419 0.00131313 -0.00122093 0.00189189 0.0015625 -0.00186603 0.00357798 0.00310345 -6.26305e-05 0.00111111 -8.51064e-05 0.00130435 -0.000108147 -0.000222222 0.000434783 3.54191e-05 -1.96207e-05 -0.000123052 0.00446809 -0.00123967 -0.000333333 -0.000222883 -0.000321429 -0.0004 0
internal_weight=3744 3291 375 2916 453 344 297 344 222 192 209 109 87 2874 54 2820 46 2774 135 69 1694 1529 1219 47 121 1080 673 560 75 46
internal_count=3744 3291 375 2916 453 344 297 344 222 192 209 109 87 2874 54 2820 46 2774 135 69 1694 1529 1219 47 121 1080 673 560 75 46
cat_boundaries=0 1 2 3 4 5 6 7
cat_threshold=2 2 2 2 2 2 2
is_linear=0
shrinkage=0.06


Tree=41
num_leaves=31
num_cat=3
split_feature=1 3 2 2 3 3 2 3 3 3 0 3 3 3 0 1 3 3 3 3 0 3 1 1 3 1 3 3 3 3
split_gain=0.557176 0.164727 0.106696 0.114144 0.0690992 0.0731455 0.0378674 0.112197 0.0817982 0.0623647 0.187043 0.0428209 0.0609219 0.0250685 0.0139329 0.0764412 0.0533333 0.0273465 0.0538154 0.0211559 0.0111799 0.00922147 0.110909 0.0376685 0.0106165 0.00806459 0.00536024 0.0114459 0.00976776 0.00528736
threshold=772.20001220703136 11.500000000000002 3.4000000059604649 1.0000000180025095e-35 19.500000000000004 13.500000000000002 3.4000000059604649 20.500000000000004 18.500000000000004 19.500000000000004 0 13.500000000000002 12.500000000000002 20.500000000000004 1 594.00000000000011 18.500000000000004 14.500000000000002 18.500000000000004 13.500000000000002 2 12.500000000000002 594.00000000000011 594.00000000000011 13.500000000000002 594.00000000000011 12.500000000000002 18.500000000000004 13.500000000000002 19.500000000000004
decision_type=2 2 2 2 2 2 2 2 2 2 1 2 2 2 1 2 2 2 2 2 1 2 2 2 2 2 2 2 2 2
left_child=1 -1 3 13 5 -5 7 8 11 10 -8 12 -2 14 17 16 19 21 -19 -16 -9 22 -3 -23 -25 -20 -17 28 -28 -10
right_child=6 2 -4 4 -6 -7 9 20 29 -11 -12 -13 -14 -15 15 26 -18 18 25 -21 -22 23 -24 24 -26 -27 27 -29 -30 -31
leaf_value=-0.93998984775109073 0.79413246801433612 0.90926903362892963 0.80555603781471175 -0.77352515582419523 -0.36126957846425284 -1.3232356164959265 1.9374153297696579 2.5384880675842711 -0.24156262104173948 0.304574510555982 0.32266045729248843 1.6559740411288135 0.9063312743517008 0.10682924901417436 -0.13432029899895043 -0.093782383247107637 -0.018326117099586554 0.40970212003435563 -0.26547342718554773 -1.3896755199056918 0.63791813271571984 -1.1445143768581716 -0.30854992233984829 -0.14607201800478833 0.14265386168520763 0.03213701487877188 -0.01018956760095989 -0.068983086304824609 0.68436370621981946 0.34631673740379026
leaf_weight=35 71 44 42 27 32 34 48 22 29 20 41 30 121 310 29 207 50 37 41 71 25 68 200 387 85 665 286 561 80 46
leaf_count=35 71 44 42 27 32 34 48 22 29 20 41 30 121 310 29 207 50 37 41 71 25 68 200 387 85 665 286 561 80 46
internal_value=8.01282e-05 -0.000191431 -0.00014742 -0.000186683 -0.00225806 -0.00344262 0.00205298 0.00174419 0.00131313 0.00302752 0.00370787 0.00189189 0.0015625 -0.00012496 -0.00018143 -0.000327103 -0.0016 -5.89391e-05 0.000201884 -0.0024 0.00446809 -0.000306122 0 -0.000444444 -0.000254237 8.49858e-05 -0.00015873 -9.70874e-05 0.000163934 -0.0004
internal_weight=3744 3291 3256 3214 93 61 453 344 297 109 89 222 192 3121 2811 1284 150 1527 743 100 47 784 244 540 472 706 1134 927 366 75
internal_count=3744 3291 3256 3214 93 61 453 344 297 109 89 222 192 3121 2811 1284 150 1527 743 100 47 784 244 540 472 706 1134 927 366 75
cat_boundaries=0 1 2 3
cat_threshold=2 2 2
is_linear=0
shrinkage=0.06


Tree=42
num_leaves=31
num_cat=6
split_feature=1 1 3 1 2 3 3 3 3 3 3 0 3 0 2 2 0 3 2 3 3 3 3 0 3 0 3 3 3 0
split_gain=0.519239 0.241708 0.0936594 0.048548 0.25866 0.410802 0.154887 0.221367 0.0390328 0.304192 0.0556448 0.0491313 0.0313917 0.0842384 0.421053 0.230769 0.0747291 0.039499 0.053346 0.038961 0.0249114 0.0132096 0.0178669 0.0113236 0.00605172 0.0068631 0.00571237 0.00551033 0.00487329 0.00434409
threshold=772.20001220703136 594.00000000000011 11.500000000000002 675.00000000000011 1.0000000180025095e-35 20.500000000000004 14.500000000000002 13.500000000000002 18.500000000000004 17.000000000000004 13.500000000000002 0 12.500000000000002 1 1.0000000180025095e-35 3.4000000059604649 2 19.500000000000004 3.4000000059604649 19.500000000000004 13.500000000000002 18.500000000000004 20.500000000000004 3 12.500000000000002 4 13.500000000000002 19.500000000000004 20.500000000000004 5
decision_type=2 2 2 2 2 2 2 2 2 2 2 1 2 1 2 2 1 2 2 2 2 2 2 1 2 1 2 2 2 1
left_child=1 2 -1 4 20 -6 7 -5 9 10 29 -12 16 17 -15 19 -2 18 26 -16 24 -22 23 -23 -3 -26 -14 -25 -19 -4
right_child=12 3 8 6 5 -7 -8 -9 -10 -11 11 -13 13 14 15 -17 -18 28 -20 -21 21 22 -24 27 25 -27 -28 -29 -30 -31
leaf_value=-0.88359045688602689 1.576613467151178 -0.11047233478353063 -0.72711364647474053 1.0486220343689887 3.1570219166613991 -0.70477316058756512 3.6156562870996902 -2.0449440484454975 -0.24954502155441785 -1.4931540234390355 0.40008349075765065 -0.61585736664103929 0.77426735554912507 1.9465368941112375 -1.5937489518245707 3.381227668621825 0.089384910558474071 0.83577977546394999 1.2532907713116015 0.70647863358507601 0.13409462998409707 0.012577802050207082 0.10041949407332594 -0.2299143312138858 -0.1373076969244994 -0.0095781935449031144 0.16111839208014317 -0.050404403860911766 -0.052194477106593237 -0.18274179394963538
leaf_weight=31 56 407 49 23 31 33 22 33 91 34 78 59 62 24 66 39 37 30 36 42 165 659 310 214 387 286 34 346 27 33
leaf_count=31 56 407 49 23 31 33 22 33 91 34 78 59 62 24 66 39 37 30 36 42 165 659 310 214 387 286 34 346 27 33
internal_value=1.60256e-05 -0.000246126 -0.00168 -6.17284e-05 -2.11416e-05 0.00375 -0.00153846 -0.00321429 -0.00139535 -0.00177866 -0.000958904 -0.000218978 0.00192053 0.00166667 0.00263158 0.00142857 0.00290323 0.000793651 0.00136364 0 -0.000108147 3.54191e-05 -1.96207e-05 -0.000123052 -0.000333333 -0.000222883 0.000625 -0.000321429 -0.000526316 -0.00219512
internal_weight=3744 3291 375 2916 2838 64 78 56 344 253 219 137 453 360 171 147 93 189 132 108 2774 1694 1529 1219 1080 673 96 560 57 82
internal_count=3744 3291 375 2916 2838 64 78 56 344 253 219 137 453 360 171 147 93 189 132 108 2774 1694 1529 1219 1080 673 96 560 57 82
cat_boundaries=0 1 2 3 4 5 6
cat_threshold=2 2 2 2 2 2
is_linear=0
shrinkage=0.06


end of trees

feature_importances:
hour=715
platform=305
rain=145
eta_pred_s=116

parameters:
[boosting: gbdt]
[objective: quantile]
[metric: quantile]
[tree_learner: serial]
[device_type: cpu]
[data_sample_strategy: bagging]
[data: ]
[valid: ]
[num_iterations: 80]
[learning_rate: 0.06]
[num_leaves: 31]
[num_threads: 4]
[seed: 0]
[deterministic: 0]
[force_col_wise: 0]
[force_row_wise: 0]
[histogram_pool_size: -1]
[max_depth: -1]
[min_data_in_leaf: 20]
[min_sum_hessian_in_leaf: 0.001]
[bagging_fraction: 1]
[pos_bagging_fraction: 1]
[neg_bagging_fraction: 1]
[bagging_freq: 0]
[bagging_seed: 7719]
[bagging_by_query: 0]
[feature_fraction: 1]
[feature_fraction_bynode: 1]
[feature_fraction_seed: 2437]
[extra_trees: 0]
[extra_seed: 11797]
[early_stopping_round: 0]
[early_stopping_min_delta: 0]
[first_metric_only: 0]
[max_delta_step: 0]
[lambda_l1: 0]
[lambda_l2: 0]
[linear_lambda: 0]
[min_gain_to_split: 0]
[drop_rate: 0.1]
[max_drop: 50]
[skip_drop: 0.5]
[xgboost_dart_mode: 0]
[uniform_drop: 0]
[drop_seed: 21238]
[top_rate: 0.2]
[other_rate: 0.1]
[min_data_per_group: 100]
[max_cat_threshold: 32]
[cat_l2: 10]
[cat_smooth: 10]
[max_cat_to_onehot: 4]
[top_k: 20]
[monotone_constraints: ]
[monotone_constraints_method: basic]
[monotone_penalty: 0]
[feature_contri: ]
[forcedsplits_filename: ]
[refit_decay_rate: 0.9]
[cegb_tradeoff: 1]
[cegb_penalty_split: 0]
[cegb_penalty_feature_lazy: ]
[cegb_penalty_feature_coupled: ]
[path_smooth: 0]
[interaction_constraints: ]
[verbosity: -1]
[saved_feature_importance_type: 0]
[use_quantized_grad: 0]
[num_grad_quant_bins: 4]
[quant_train_renew_leaf: 0]
[stochastic_rounding: 1]
[linear_tree: 0]
[max_bin: 255]
[max_bin_by_feature: ]
[min_data_in_bin: 3]
[bin_construct_sample_cnt: 200000]
[data_random_seed: 38]
[is_enable_sparse: 1]
[enable_bundle: 1]
[use_missing: 1]
[zero_as_missing: 0]
[feature_pre_filter: 1]
[pre_partition: 0]
[two_round: 0]
[header: 0]
[label_column: ]
[weight_column: ]
[group_column: ]
[ignore_column: ]
[categorical_feature: 0]
[forcedbins_filename: ]
[precise_float_parser: 0]
[parser_config_file: ]
[objective_seed: 8855]
[num_class: 1]
[is_unbalance: 0]
[scale_pos_weight: 1]
[sigmoid: 1]
[boost_from_average: 1]
[reg_sqrt: 0]
[alpha: 0.5]
[fair_c: 1]
[poisson_max_delta_step: 0.7]
[tweedie_variance_power: 1.5]
[lambdarank_truncation_level: 30]
[lambdarank_norm: 1]
[label_gain: ]
[lambdarank_position_bias_regularization: 0]
[eval_at: ]
[multi_error_top_k: 1]
[auc_mu_weights: ]
[num_machines: 1]
[local_listen_port: 12400]
[time_out: 120]
[machine_list_filename: ]
[machines: ]
[gpu_platform_id: -1]
[gpu_device_id: -1]
[gpu_device_id_list: ]
[gpu_use_dp: 0]
[num_gpu: 1]

end of parameters

pandas_categorical:null
