tree
version=v4
num_class=1
num_tree_per_iteration=1
label_index=0
max_feature_idx=3
objective=quantile
feature_names=platform eta_pred_s rain hour
feature_infos=-1:1:0 [540:842.4000244140625] [0:6] [11:22]
tree_sizes=2534 2666 2660 2674 2664 2675 2697 2702 2691 2688 2687 2693 2709 2711 2691 2718 2745 2724 2734 2735 2723 2725 2727 2734 2733 2745 2747 2722 2813 2794 2717 2800 2748 2735 2754 2773 2776 2780 2767 2768 2784 2736 2763 2751 2766 2788 2760 2763 2765 2772 2823 2768 2826 2767

Tree=0
num_leaves=31
num_cat=12
split_feature=1 1 3 3 3 1 3 0 0 2 0 3 3 3 0 2 2 0 3 3 3 3 0 0 0 0 0 0 3 0
split_gain=14.3638 1.44905 0.831883 0.486439 0.421002 0.6344 0.374854 0.968926 0.555461 0.276086 0.247702 0.229196 0.267311 0.61877 0.235284 0.164069 0.0720588 0.0686314 0.046411 0.0546737 0.0413121 0.0324461 0.0637681 0.0260649 0.0175632 0.0154724 0.00701459 0.00489457 0.00284048 4.15372e-06
threshold=772.20001220703136 594.00000000000011 12.500000000000002 20.500000000000004 12.500000000000002 675.00000000000011 18.500000000000004 0 1 3.4000000059604649 2 20.500000000000004 15.500000000000002 13.500000000000002 3 1.0000000180025095e-35 3.4000000059604649 4 12.500000000000002 11.500000000000002 19.500000000000004 15.500000000000002 5 6 7 8 9 10 18.500000000000004 11
decision_type=2 2 2 2 2 2 2 1 1 2 1 2 2 2 1 2 2 1 2 2 2 2 1 1 1 1 1 1 2 1
left_child=1 18 17 6 5 24 7 9 -8 -4 -5 12 13 23 15 -15 -9 -2 19 -1 25 -20 28 -6 -3 -14 -21 -13 -23 -22
right_child=2 4 3 10 11 -7 8 16 -10 -11 -12 27 20 14 -16 -17 -18 -19 21 26 29 22 -24 -25 -26 -27 -28 -29 -30 -31
leaf_value=948.42751612321513 980.81566534102194 972.01107893432027 994.82434113631371 988.02138934490858 972.70023085339096 982.58296058073233 978.26767331743793 987.46432413424361 991.19140773970105 999.84157720590065 987.21209545454099 980.26785952335922 974.70514265263887 981.79224716950671 982.26392072602346 968.27142394639816 987.6917619200924 985.10481825324121 965.12536329017826 968.10273261213604 974.54151696769259 956.69520155924056 962.29432215286784 975.17621990677492 970.20357580458312 972.37138913828619 970.58137700540476 977.34611977697421 968.13820486829854 973.90192652570147
leaf_weight=31 56 200 79 27 392 23 48 72 43 35 26 179 271 89 99 24 30 37 128 48 404 28 66 295 207 220 33 164 41 349
leaf_count=31 56 200 79 27 392 23 48 72 43 35 26 179 271 89 99 24 30 37 128 48 404 28 66 295 207 220 33 164 41 349
internal_value=976.235 976.233 976.245 976.246 976.234 976.232 976.245 976.247 976.242 976.25 976.251 976.234 976.234 976.235 976.238 976.236 976.242 976.24 976.23 976.231 976.233 976.229 976.23 976.234 976.232 976.234 976.232 976.236 976.231 976.233
internal_weight=3744 3291 453 360 2916 430 307 216 91 114 53 2486 2143 899 212 113 102 93 375 112 1244 263 135 687 407 491 81 343 69 753
internal_count=3744 3291 453 360 2916 430 307 216 91 114 53 2486 2143 899 212 113 102 93 375 112 1244 263 135 687 407 491 81 343 69 753
cat_boundaries=0 1 2 3 4 5 6 7 8 9 10 11 12
cat_threshold=2 2 2 2 2 2 2 2 2 2 2 2
is_linear=0
shrinkage=1


Tree=1
num_leaves=31
num_cat=11
split_feature=1 1 3 3 3 0 0 3 1 0 3 2 3 3 3 0 2 0 3 2 3 3 0 3 0 0 0 0 0 3
split_gain=13.3352 1.33439 0.819863 0.468862 0.391994 0.983889 0.402638 0.355953 0.616269 0.247702 0.236943 0.21446 0.177156 0.0797298 0.320653 0.291875 0.0944657 0.0686314 0.0606257 0.0739005 0.033027 0.0546737 0.0518396 0.10354 0.0272414 0.0260649 0.00701459 0.00674008 0.00489457 0.00255688
threshold=772.20001220703136 594.00000000000011 20.500000000000004 12.500000000000002 18.500000000000004 0 1 12.500000000000002 675.00000000000011 2 20.500000000000004 3.4000000059604649 19.500000000000004 13.500000000000002 15.500000000000002 3 1.0000000180025095e-35 4 13.500000000000002 3.4000000059604649 12.500000000000002 11.500000000000002 5 14.500000000000002 6 7 8 9 10 18.500000000000004
decision_type=2 2 2 2 2 1 1 2 2 1 2 2 2 2 2 1 2 1 2 2 2 2 1 2 1 1 1 1 1 2
left_child=1 20 3 17 5 11 -6 8 27 -4 12 -5 13 25 15 16 -15 -2 19 -7 21 -1 23 -22 -16 -9 -23 -3 -12 -25
right_child=2 7 9 4 6 18 -8 10 -10 -11 28 -13 -14 14 24 -17 -18 -19 -20 -21 22 26 -24 29 -26 -27 -28 -29 -30 -31
leaf_value=-26.138791582458982 4.3060686822793919 -3.9702425400202173 11.079449245932764 17.474223929853668 1.9109561801103494 11.194759703787465 14.059266537037786 -3.3224397360937403 5.9673262076071341 10.318712988987267 3.791131213676417 22.190425835265394 -1.7901585160724267 5.2240556010550838 -1.4378226448006852 5.6674287441808406 -7.4855182286670034 8.3378724197655245 19.49152455934442 1.7318595479331498 -7.8947508765355039 -7.6440880828733881 -15.615807437511009 -17.272251345087771 -3.6315509482922446 -0.9950100259128134 -5.3141623532007429 -5.6692954819731494 1.044695852074526 -7.6107441620806728
leaf_weight=31 56 200 27 79 48 59 43 392 23 26 179 35 753 89 271 99 24 37 23 20 68 48 121 33 220 295 33 207 164 41
leaf_count=31 56 200 27 79 48 59 43 392 23 26 179 35 753 89 271 99 24 37 23 20 68 48 121 33 220 295 33 207 164 41
internal_value=-2.24373e-05 -0.00135096 0.00962914 0.0087 0.00983062 0.0112222 0.00652747 -0.000917697 -0.00251163 0.0166415 -0.000641997 0.0150526 -0.000876343 -0.000474822 -2.5606e-05 0.00192453 -0.000159293 0.00496774 0.00694118 0.0061519 -0.00472 -0.00385714 -0.00508745 -0.00430986 -0.000867619 -0.000934499 -0.00303704 -0.0030516 0.000822156 -0.00275676
internal_weight=3744 3291 453 400 307 216 91 2916 430 53 2486 114 2143 1390 703 212 113 93 102 79 375 112 263 142 491 687 81 407 343 74
internal_count=3744 3291 453 400 307 216 91 2916 430 53 2486 114 2143 1390 703 212 113 93 102 79 375 112 263 142 491 687 81 407 343 74
cat_boundaries=0 1 2 3 4 5 6 7 8 9 10 11
cat_threshold=2 2 2 2 2 2 2 2 2 2 2
is_linear=0
shrinkage=0.06


Tree=2
num_leaves=31
num_cat=11
split_feature=1 1 3 3 3 3 0 0 3 1 3 0 3 3 0 2 3 2 3 2 3 3 0 3 0 0 0 0 0 0
split_gain=9.9162 1.37807 0.89759 0.30408 0.278682 0.29446 0.388129 0.2931 0.190614 0.580797 0.153312 0.131699 0.0797298 0.234335 0.217976 0.0944657 0.0783797 0.0754165 0.0606257 0.0739005 0.033027 0.0546737 0.0518396 0.10354 0.0260649 0.0180647 0.0132162 0.00701459 0.00646298 0.00489457
threshold=772.20001220703136 594.00000000000011 20.500000000000004 20.500000000000004 12.500000000000002 18.500000000000004 0 1 12.500000000000002 675.00000000000011 19.500000000000004 2 13.500000000000002 15.500000000000002 3 1.0000000180025095e-35 13.500000000000002 3.4000000059604649 13.500000000000002 3.4000000059604649 12.500000000000002 11.500000000000002 4 14.500000000000002 5 6 7 8 9 10
decision_type=2 2 2 2 2 2 1 1 2 2 2 1 2 2 1 2 2 2 2 2 2 2 1 2 1 1 1 1 1 1
left_child=1 20 4 8 25 7 -7 16 9 28 12 -4 24 14 15 -14 17 -6 19 -9 21 -1 23 -22 -10 -2 -15 -23 -3 -5
right_child=2 3 11 29 5 6 -8 18 10 -11 -12 -13 13 26 -16 -17 -18 -19 -20 -21 22 27 -24 -25 -26 -27 -28 -29 -30 -31
leaf_value=-24.570464087511443 4.0477045613426297 -3.7320279876190057 10.414682291176797 3.5636633408558325 16.119533878650103 1.7962988093037278 13.215710544815515 10.523074121560219 -3.1230933519281141 5.6092866351507062 -1.6827490051080802 9.6995902096480311 4.9106122649917801 -1.3515532861126438 5.3273830195299912 -7.0363871349469811 20.145436605922683 20.150354964873209 18.322033085783758 1.6279479750571613 -7.4210658239433762 -7.1854427979009845 -14.67885899126035 -7.37370580118536 -0.93530942435804265 7.8376000745795933 -3.413657891394712 -4.9953126120087017 -5.3291377530547628 0.98201410095005714
leaf_weight=31 56 200 27 179 62 48 43 59 392 23 753 26 89 271 99 24 25 27 23 20 68 48 121 74 295 37 220 33 207 164
leaf_count=31 56 200 27 179 62 48 43 59 392 23 753 26 89 271 99 24 25 27 23 20 68 48 121 74 295 37 220 33 207 164
internal_value=-0.000150642 -0.00129626 0.00817218 -0.000855969 0.0072 0.00807166 0.00520879 0.00927778 -0.00107967 -0.00223256 -0.000848345 0.0155094 -0.000474822 -2.5606e-05 0.00164151 -0.000159293 0.0113684 0.0122022 0.00694118 0.0061519 -0.00472 -0.00385714 -0.00508745 -0.00430986 -0.000934499 0.00432258 -0.000745419 -0.00303704 -0.00275676 0.000822156
internal_weight=3744 3291 453 2916 400 307 91 216 2573 430 2143 53 1390 703 212 113 114 89 102 79 375 112 263 142 687 93 491 81 407 343
internal_count=3744 3291 453 2916 400 307 91 216 2573 430 2143 53 1390 703 212 113 114 89 102 79 375 112 263 142 687 93 491 81 407 343
cat_boundaries=0 1 2 3 4 5 6 7 8 9 10 11
cat_threshold=2 2 2 2 2 2 2 2 2 2 2
is_linear=0
shrinkage=0.06


Tree=3
num_leaves=31
num_cat=11
split_feature=1 1 3 3 3 3 1 3 0 3 0 0 3 3 0 2 3 3 3 2 2 0 3 0 0 0 0 3 0 0
split_gain=9.06483 1.2663 0.997441 0.30408 0.198331 0.190614 0.300058 0.186199 0.388129 0.153312 0.131699 0.121316 0.0797298 0.234335 0.217976 0.0944657 0.0680508 0.0854277 0.0606257 0.0739005 0.0604169 0.0518396 0.10354 0.0260649 0.0180647 0.0132162 0.00489457 0.00255688 0.000897874 7.01459e-05
threshold=772.20001220703136 594.00000000000011 20.500000000000004 20.500000000000004 12.500000000000002 12.500000000000002 675.00000000000011 18.500000000000004 0 19.500000000000004 1 2 13.500000000000002 15.500000000000002 3 1.0000000180025095e-35 12.500000000000002 11.500000000000002 13.500000000000002 3.4000000059604649 3.4000000059604649 4 14.500000000000002 5 6 7 8 18.500000000000004 9 10
decision_type=2 2 2 2 2 2 2 2 1 2 1 1 2 2 1 2 2 2 2 2 2 1 2 1 1 1 1 2 1 1
left_child=1 16 4 5 24 6 28 11 -9 12 -4 20 23 14 15 -14 17 -1 19 -13 -6 22 -18 -7 -2 -15 -5 -24 -3 -19
right_child=2 3 10 26 7 9 -8 8 -10 -11 -12 18 13 25 -16 -17 21 29 -20 -21 -22 -23 27 -25 -26 -27 -28 -29 -30 -31
leaf_value=-23.096236242260755 3.8048422876620744 -3.508106308361862 9.7898013537061939 3.3498435404044855 15.45859846134344 -2.9357077508124281 5.2727294370416615 1.6885208807455045 12.422767912126586 -1.5817840648015931 9.1176147970691499 9.8916896742666083 4.6159755290922746 -1.2704600889458832 5.0077400383581923 -6.6142039068501637 -6.9758018745067716 -6.7543162300269222 17.222711100636729 1.5302710965537312 19.649978987257075 -13.798127451784731 -15.793493916311386 -0.87919085889656112 7.3673440701048207 -3.2088384179110312 0.92309325489305138 -6.7116771642847128 -5.0093894878714789 -4.6955938552881822
leaf_weight=31 56 200 27 179 79 392 23 48 43 753 26 59 89 271 99 24 68 48 23 20 35 121 33 295 37 220 164 41 207 33
leaf_count=31 56 200 27 179 79 392 23 48 43 753 26 59 89 271 99 24 68 48 23 20 35 121 33 295 37 220 164 41 207 33
internal_value=-0.000182694 -0.00127803 0.00777483 -0.000855969 0.00675 -0.00107967 -0.00223256 0.00748534 0.00520879 -0.000848345 0.0155094 0.00844444 -0.000474822 -2.5606e-05 0.00164151 -0.000159293 -0.00456 -0.00332143 0.00694118 0.0061519 0.00978947 -0.00508745 -0.00430986 -0.000934499 0.00432258 -0.000745419 0.000822156 -0.00275676 -0.00260934 -0.0022963
internal_weight=3744 3291 453 2916 400 2573 430 307 91 2143 53 216 1390 703 212 113 375 112 102 79 114 263 142 687 93 491 343 74 407 81
internal_count=3744 3291 453 2916 400 2573 430 307 91 2143 53 216 1390 703 212 113 375 112 102 79 114 263 142 687 93 491 343 74 407 81
cat_boundaries=0 1 2 3 4 5 6 7 8 9 10 11
cat_threshold=2 2 2 2 2 2 2 2 2 2 2
is_linear=0
shrinkage=0.06


Tree=4
num_leaves=31
num_cat=11
split_feature=1 1 3 3 2 3 3 0 3 0 3 1 0 3 0 0 3 3 0 2 3 3 0 0 3 0 3 0 2 0
split_gain=8.4361 1.18635 1.06693 0.230813 0.17206 0.616608 0.237184 0.440238 0.190301 0.361222 0.168301 0.28763 0.160981 0.14296 0.131699 0.123346 0.0954067 0.210956 0.217976 0.0944657 0.0516047 0.0854277 0.0260649 0.0258835 0.10354 0.0242187 0.0106035 0.00619171 0.00396821 0.0272177
threshold=772.20001220703136 594.00000000000011 20.500000000000004 20.500000000000004 3.4000000059604649 13.500000000000002 18.500000000000004 0 12.500000000000002 1 12.500000000000002 675.00000000000011 2 19.500000000000004 3 4 13.500000000000002 15.500000000000002 5 1.0000000180025095e-35 12.500000000000002 11.500000000000002 6 7 14.500000000000002 8 14.500000000000002 9 1.0000000180025095e-35 10
decision_type=2 2 2 2 2 2 2 1 2 1 2 2 1 2 1 1 2 2 1 2 2 2 1 1 2 1 2 1 2 1
left_child=1 20 4 10 6 12 8 -8 15 -10 11 27 -6 16 -4 -2 22 18 19 -18 21 -1 -12 24 -22 -19 -25 -3 29 -5
right_child=2 3 14 28 5 -7 7 -9 9 -11 13 -13 -14 -15 -16 -17 17 25 -20 -21 23 -23 -24 26 -26 -27 -28 -29 -30 -31
leaf_value=-21.710462067725111 5.7481535756016751 -3.2976199298601476 9.2024132724838239 3.5850437927153278 8.8977769324055309 17.511810104099862 -4.0889799382903949 10.480904532609619 14.531082553662836 8.6592365379309353 -2.7595652857636832 4.956365670819161 1.1390655168198278 -1.486877020913498 8.5705579092450037 7.6290501149920598 4.3390169973467412 -1.1942324836091278 4.7072756360567016 -6.2173516724391513 -6.5572537620363613 -3.646466421798352 -0.82643940736276811 -13.981049112129412 -6.5285828232571541 -3.0163081128363705 -10.58325516893553 -4.7088261185991929 2.0421029483992665 -0.31587041883475192
leaf_weight=31 44 200 27 160 39 34 40 35 79 72 392 23 30 753 26 27 89 271 99 24 68 81 295 53 74 220 68 207 33 150
leaf_count=31 44 200 27 160 39 34 40 35 79 72 392 23 30 753 26 27 89 271 99 24 68 81 295 53 74 220 68 207 33 150
internal_value=-0.000166668 -0.00122334 0.00750993 -0.000814816 0.00645 0.00856311 0.00571717 0.0028 0.0067027 0.00790728 -0.00100972 -0.00209302 0.00530435 -0.000792349 0.0155094 0.00414084 -0.000431656 5.97425e-05 0.00164151 -0.000159293 -0.0044 -0.00332143 -0.000934499 -0.00485932 -0.00430986 -0.000623219 -0.00550413 -0.00246192 0.000647229 0.000580644
internal_weight=3744 3291 453 2916 400 103 297 75 222 151 2573 430 69 2143 53 71 1390 703 212 113 375 112 687 263 142 491 121 407 343 310
internal_count=3744 3291 453 2916 400 103 297 75 222 151 2573 430 69 2143 53 71 1390 703 212 113 375 112 687 263 142 491 121 407 343 310
cat_boundaries=0 1 2 3 4 5 6 7 8 9 10 11
cat_threshold=2 2 2 2 2 2 2 2 2 2 2
is_linear=0
shrinkage=0.06


Tree=5
num_leaves=31
num_cat=10
split_feature=1 1 3 3 1 0 3 2 3 3 0 0 3 3 3 3 0 2 0 3 3 0 3 0 0 2 0 3 0 2
split_gain=7.79606 1.24144 0.848152 0.259333 0.28763 0.252889 0.231505 0.185126 0.514254 0.363084 0.440238 0.361222 0.144756 0.0679659 0.0651434 0.161525 0.154844 0.0944657 0.0599291 0.0516047 0.0854277 0.0258835 0.10354 0.0242187 0.0164736 0.0121432 0.0398824 0.0106035 0.00619171 0.00396821
threshold=772.20001220703136 594.00000000000011 20.500000000000004 12.500000000000002 675.00000000000011 0 12.500000000000002 3.4000000059604649 13.500000000000002 18.500000000000004 1 2 20.500000000000004 19.500000000000004 13.500000000000002 15.500000000000002 3 1.0000000180025095e-35 4 12.500000000000002 11.500000000000002 5 14.500000000000002 6 7 3.4000000059604649 8 14.500000000000002 9 1.0000000180025095e-35
decision_type=2 2 2 2 2 1 2 2 2 2 1 1 2 2 2 2 1 2 1 2 2 1 2 1 1 2 1 2 1 2
left_child=1 19 6 4 28 -4 25 9 18 11 -11 -8 13 14 24 16 17 -16 -9 20 -1 22 -21 -17 -5 26 -2 -23 -3 -14
right_child=2 3 5 12 -6 -7 7 8 -10 10 -12 -13 29 -15 15 23 -18 -19 -20 21 -22 27 -24 -25 -26 -27 -28 -29 -30 -31
leaf_value=-20.407834343661605 5.4032643610655731 -3.0997627340685381 8.6502684761347961 -2.5939913686178646 4.6589837305700099 8.0563244346902998 13.659217600443066 17.228468311801052 16.461101497853875 -3.8436411419929684 9.8520502606530407 8.1396823456550784 1.372125423944335 -1.3976643996586857 4.0786759775059336 -1.1225785345925827 4.4248390978933001 -5.8443105720928044 1.3701108997513143 -6.1638185363141815 -3.4276784364904529 -13.142186165401647 -6.1368678538617267 -2.8353296260661907 -0.77685304292100454 1.2426816060854002 7.1713071080925346 -9.9482598587993945 -4.426296551483242 1.919576771495312
leaf_weight=31 44 200 27 392 23 26 79 27 34 40 35 72 310 753 89 271 99 24 20 68 81 53 74 220 295 22 27 68 207 33
leaf_count=31 44 200 27 392 23 26 79 27 34 40 35 72 310 753 89 271 99 24 20 68 81 53 74 220 295 22 27 68 207 33
internal_value=-0.000134617 -0.00115041 0.00724503 -0.000732512 -0.00209302 0.0143774 0.0063 0.00709446 0.00955555 0.00621239 0.0028 0.00790728 -0.000497186 -0.000680356 -0.000431656 -2.5606e-05 0.00135849 -0.000159293 0.00548936 -0.0044 -0.00332143 -0.00485932 -0.00430986 -0.000623219 -0.000847163 0.00367742 0.00329577 -0.00550413 -0.00246192 0.000647229
internal_weight=3744 3291 453 2916 430 53 400 307 81 226 75 151 2486 2143 1390 703 212 113 47 375 112 263 142 491 687 93 71 121 407 343
internal_count=3744 3291 453 2916 430 53 400 307 81 226 75 151 2486 2143 1390 703 212 113 47 375 112 263 142 491 687 93 71 121 407 343
cat_boundaries=0 1 2 3 4 5 6 7 8 9 10
cat_threshold=2 2 2 2 2 2 2 2 2 2
is_linear=0
shrinkage=0.06


Tree=6
num_leaves=31
num_cat=9
split_feature=1 1 3 3 1 2 3 2 0 0 2 3 0 0 3 3 3 3 3 0 3 0 3 3 3 0 2 0 3 0
split_gain=6.13914 1.13548 0.362568 0.259333 0.28763 0.200415 0.415866 0.201222 0.160981 0.139332 0.105589 0.0720587 0.440238 0.173256 0.387879 0.0710449 0.0689319 0.0557173 0.167196 0.0589614 0.0555556 0.0400835 0.0963283 0.0707924 0.0397994 0.0242187 0.0161868 0.0500134 0.0106035 0.00619171
threshold=772.20001220703136 594.00000000000011 20.500000000000004 12.500000000000002 675.00000000000011 3.4000000059604649 13.500000000000002 1.0000000180025095e-35 0 1 3.4000000059604649 18.500000000000004 2 3 12.500000000000002 20.500000000000004 19.500000000000004 13.500000000000002 15.500000000000002 4 12.500000000000002 5 14.500000000000002 12.500000000000002 13.500000000000002 6 1.0000000180025095e-35 7 14.500000000000002 8
decision_type=2 2 2 2 2 2 2 2 1 1 2 2 1 1 2 2 2 2 2 1 2 1 2 2 2 1 2 1 2 1
left_child=1 21 5 4 29 7 8 -2 -7 -4 15 13 -13 14 -9 16 17 -5 19 -19 -15 22 23 -1 -23 -20 27 -17 -26 -3
right_child=2 3 9 10 -6 6 -8 11 -10 -11 -12 12 -14 20 -16 26 -18 18 25 -21 -22 24 -24 -25 28 -27 -28 -29 -30 -31
leaf_value=-7.2847970253194303 10.826110745628156 -2.9137769700244234 8.1312523675667023 -1.7808680241013921 4.3794447067358124 7.3302022177531398 15.473435407982642 5.0790684994016395 0.98927950230116712 7.5729449686088763 4.2878793311833396 -3.6130226734733899 9.2609272450138622 6.7410286816069851 11.802702168848082 3.2876136397157505 -1.3045192551450713 3.1855129083997915 -1.0552238225170298 4.1445887598210351 7.0327863781426823 -8.2582262625968212 -5.7686557826300211 -5.7939894241353338 -12.353654995477548 -2.6652098485022222 -3.128354587756554 -0.3792457191413291 -9.3513642672714337 -4.160718758394248
leaf_weight=65 31 200 27 681 23 39 34 44 30 26 34 40 35 27 66 160 752 102 271 91 54 47 74 68 53 220 25 150 68 207
leaf_count=65 31 200 27 681 23 39 34 44 30 26 34 40 35 27 66 160 752 102 271 91 54 47 74 68 53 220 25 150 68 207
internal_value=-0.000230771 -0.00113218 0.00631788 -0.000732512 -0.00209302 0.0057 0.00798058 0.00490909 0.00530435 0.0109811 -0.000497186 0.00437594 0.0028 0.00499476 0.00654545 -0.000543231 -0.000671707 -0.000417584 -3.50891e-05 0.00146114 0.00288889 -0.00424 -0.00368116 -0.00464662 -0.00492857 -0.000623219 0.000268655 0.000387095 -0.00550413 -0.00246192
internal_weight=3744 3291 453 2916 430 400 103 297 69 53 2486 266 75 191 110 2452 2117 1365 684 193 81 375 207 133 168 491 335 310 121 407
internal_count=3744 3291 453 2916 430 400 103 297 69 53 2486 266 75 191 110 2452 2117 1365 684 193 81 375 207 133 168 491 335 310 121 407
cat_boundaries=0 1 2 3 4 5 6 7 8 9
cat_threshold=2 2 2 2 2 2 2 2 2
is_linear=0
shrinkage=0.06


Tree=7
num_leaves=31
num_cat=9
split_feature=1 1 3 2 3 2 3 1 0 2 3 0 0 3 3 3 0 3 3 0 3 3 3 0 0 3 3 2 0 0
split_gain=5.83458 1.05984 0.223787 0.200415 0.415866 0.201222 0.176563 0.263563 0.160981 0.105589 0.0720587 0.440238 0.173256 0.387879 0.0710449 0.0689319 0.0568725 0.0557173 0.167196 0.0589614 0.0555556 0.0346046 0.0763491 0.0242187 0.0228024 0.161782 0.0424138 0.0161868 0.0500134 0.00592624
threshold=772.20001220703136 594.00000000000011 20.500000000000004 3.4000000059604649 13.500000000000002 1.0000000180025095e-35 12.500000000000002 675.00000000000011 0 3.4000000059604649 18.500000000000004 1 2 12.500000000000002 20.500000000000004 19.500000000000004 3 13.500000000000002 15.500000000000002 4 12.500000000000002 11.500000000000002 12.500000000000002 5 6 14.500000000000002 14.500000000000002 1.0000000180025095e-35 7 8
decision_type=2 2 2 2 2 2 2 2 1 2 2 1 1 2 2 2 1 2 2 1 2 2 2 1 1 2 2 2 1 1
left_child=1 21 3 5 8 -2 7 29 -5 14 12 -12 13 -7 15 17 -4 -8 19 -19 -14 -1 -23 -20 25 -24 -26 28 -16 -3
right_child=2 6 16 4 -6 10 9 -9 -10 -11 11 -13 20 -15 27 -17 -18 18 23 -21 -22 22 24 -25 26 -27 -28 -29 -30 -31
leaf_value=-18.687870707286095 10.176544100890473 -2.7389503518229592 7.6433772255126993 6.8903900846879509 14.545029283503686 4.7743243894375427 -1.6740159426553058 4.1166780243316614 0.92992273216309518 4.0306065713123367 -3.3962413130649836 8.7052716103130336 6.3365669607105604 11.094540038717195 3.0903568213328025 -1.2262480998363638 7.1185682704923421 2.9943821338958037 -0.99191039316600604 3.8959134342317703 6.6108191954541233 -2.7849299087818551 -5.4463500586872122 -2.5052972575920922 -11.612435695748895 -5.4225364356722183 -8.7902824112351503 -2.9406533124911598 -0.3564909759928514 -3.9110756328905905
leaf_weight=31 31 200 27 39 34 44 681 23 30 34 40 35 27 66 160 752 26 102 271 91 54 81 68 220 53 74 68 25 150 207
leaf_count=31 31 200 27 39 34 44 681 23 30 34 40 35 27 66 160 752 26 102 271 91 54 81 68 220 53 74 68 25 150 207
internal_value=-0.000198719 -0.00107749 0.00618543 0.0057 0.00798058 0.00490909 -0.000691359 -0.00181395 0.00530435 -0.000497186 0.00437594 0.0028 0.00499476 0.00654545 -0.000543231 -0.000671707 0.00984906 -0.000417584 -3.50891e-05 0.00146114 0.00288889 -0.00408 -0.00390698 -0.000623219 -0.00440304 -0.00388733 -0.00500827 0.000268655 0.000387095 -0.00216708
internal_weight=3744 3291 453 400 103 297 2916 430 69 2486 266 75 191 110 2452 2117 53 1365 684 193 81 375 344 491 263 142 121 335 310 407
internal_count=3744 3291 453 400 103 297 2916 430 69 2486 266 75 191 110 2452 2117 53 1365 684 193 81 375 344 491 263 142 121 335 310 407
cat_boundaries=0 1 2 3 4 5 6 7 8 9
cat_threshold=2 2 2 2 2 2 2 2 2
is_linear=0
shrinkage=0.06


Tree=8
num_leaves=31
num_cat=9
split_feature=1 1 3 3 1 2 2 3 3 0 3 0 3 0 0 3 3 3 3 0 2 3 3 0 0 3 3 0 0 2
split_gain=5.1584 1.08574 0.274962 0.189745 0.263563 0.167328 0.146499 0.329104 0.132802 0.0874025 0.085557 0.0568725 0.0529074 0.440238 0.125422 0.29697 0.0555556 0.0403876 0.161525 0.154844 0.0944657 0.0346046 0.0763491 0.0242187 0.0228024 0.161782 0.0424138 0.0193856 0.00592624 0.00396821
threshold=772.20001220703136 594.00000000000011 20.500000000000004 12.500000000000002 675.00000000000011 1.0000000180025095e-35 3.4000000059604649 13.500000000000002 20.500000000000004 0 19.500000000000004 1 18.500000000000004 2 3 12.500000000000002 12.500000000000002 13.500000000000002 15.500000000000002 4 1.0000000180025095e-35 11.500000000000002 12.500000000000002 5 6 14.500000000000002 14.500000000000002 7 8 1.0000000180025095e-35
decision_type=2 2 2 2 2 2 2 2 2 1 2 1 2 1 1 2 2 2 2 1 2 2 2 1 1 2 2 1 1 2
left_child=1 21 5 4 28 -2 12 9 10 -8 17 -4 14 -14 15 -7 -16 27 19 20 -19 -1 -23 -20 25 -24 -26 -5 -3 -10
right_child=2 3 11 8 -6 6 7 -9 29 -11 -12 -13 13 -15 16 -17 -18 18 23 -21 -22 22 24 -25 26 -27 -28 -29 -30 -31
leaf_value=-17.566598464848934 9.5659514548370499 -2.5746133307135821 7.1847745919819364 -2.2310588484953926 3.8696773428717597 4.48786492607129 6.4769666796066803 13.672327526493463 1.3201638592670519 0.87412736823331227 -1.1619584943802805 6.691454174262808 -3.1924668342810878 8.1829553136942508 5.9563729430679269 10.428867636394161 6.214170043726881 3.463161716317845 -0.93239576957604642 3.6769186203765365 -5.9029403461519836 -2.6178341142549471 -5.1195690551659778 -2.3549794221365641 -10.915689554003961 -5.0971842495318853 -8.2628654665610419 -0.52294882234033824 -3.6764110949171527 2.1685426392204579
leaf_weight=31 31 200 27 392 23 44 39 34 310 30 753 26 40 35 27 66 54 89 271 99 24 81 68 220 53 74 68 295 207 33
leaf_count=31 31 200 27 392 23 44 39 34 310 30 753 26 40 35 27 66 54 89 271 99 24 81 68 220 53 74 68 295 207 33
internal_value=-0.000214745 -0.00104102 0.00578808 -0.000650207 -0.00181395 0.00525 0.00489431 0.00681553 -0.000448915 0.00443478 -0.00062436 0.00984906 0.00415037 0.0028 0.00468063 0.006 0.00288889 -0.000345325 -2.5606e-05 0.00135849 -0.000159293 -0.00408 -0.00390698 -0.000623219 -0.00440304 -0.00388733 -0.00500827 -0.000672491 -0.00216708 0.000647229
internal_weight=3744 3291 453 2916 430 400 369 103 2486 69 2143 53 266 75 191 110 81 1390 703 212 113 375 344 491 263 142 121 687 407 343
internal_count=3744 3291 453 2916 430 400 369 103 2486 69 2143 53 266 75 191 110 81 1390 703 212 113 375 344 491 263 142 121 687 407 343
cat_boundaries=0 1 2 3 4 5 6 7 8 9
cat_threshold=2 2 2 2 2 2 2 2 2
is_linear=0
shrinkage=0.06


Tree=9
num_leaves=31
num_cat=10
split_feature=1 1 3 3 1 3 2 2 3 2 2 3 0 0 0 0 3 3 3 3 3 0 3 0 2 0 0 0 0 3
split_gain=4.4468 0.928376 0.293271 0.165221 0.251923 0.112286 0.168459 0.211078 0.207791 0.0995391 0.0688392 0.0620513 0.440238 0.283165 0.0599291 0.0556632 0.0647619 0.0549474 0.0793338 0.0691339 0.130286 0.0589614 0.042716 0.0398824 0.0161868 0.0500134 0.0158017 0.010751 0.00971759 0.00931514
threshold=772.20001220703136 594.00000000000011 12.500000000000002 12.500000000000002 675.00000000000011 20.500000000000004 3.4000000059604649 1.0000000180025095e-35 13.500000000000002 3.4000000059604649 3.4000000059604649 18.500000000000004 0 1 2 3 14.500000000000002 20.500000000000004 19.500000000000004 13.500000000000002 15.500000000000002 4 14.500000000000002 5 1.0000000180025095e-35 6 7 8 9 12.500000000000002
decision_type=2 2 2 2 2 2 2 2 2 2 2 2 1 1 1 1 2 2 2 2 2 1 2 1 2 1 1 1 1 2
left_child=1 15 10 4 26 6 7 -4 14 17 23 13 -13 -9 -8 22 -17 18 19 28 21 -21 29 -2 25 -19 -3 -7 -5 -1
right_child=2 3 5 9 -6 27 8 11 -10 -11 -12 12 -14 -15 -16 16 -18 24 -20 20 -22 -23 -24 -25 -26 -27 -28 -29 -30 -31
leaf_value=-6.5235433624180583 4.2185930305070105 -2.4201365308707703 8.9919943675468303 -2.0199137810697199 3.637496702299452 6.7536881164630174 14.952906674170135 9.8031355782105081 12.851987874903852 3.5681550598110037 -0.07373282920259043 -3.0009188242242248 7.6919779948725955 5.8413198411032683 1.1203044696043798 -9.4669160261821084 -7.7670935385673801 2.8257255804968144 -1.0829557041833664 2.6069295028829877 -0.87645315626284626 3.441543510955273 -4.7913531945599717 5.5989905664838533 -2.8943266720949223 -0.41431134898930166 -3.4558264292221224 6.2899669238070368 -0.65551696542649318 -4.8123949118560221
leaf_weight=65 44 200 31 389 23 27 27 66 34 34 22 40 35 54 20 100 68 160 752 102 491 91 74 27 25 150 207 26 292 68
leaf_count=65 44 200 31 389 23 27 27 66 34 34 22 40 35 54 20 100 68 160 752 102 491 91 74 27 25 150 207 26 292 68
internal_value=-0.000182694 -0.000949865 0.00539073 -0.000588479 -0.00167442 0.00616667 0.00572638 0.00488495 0.00807407 -0.000400645 0.0023871 0.00415384 0.0028 0.005 0.00548936 -0.00376 -0.00457143 -0.000445352 -0.000558339 -0.000285716 0.000140349 0.00146114 -0.00310145 0.00329577 0.000268655 0.000387095 -0.00201966 0.00871698 -0.000713658 -0.00374436
internal_weight=3744 3291 453 2916 430 360 307 226 81 2486 93 195 75 120 47 375 168 2452 2117 1365 684 193 207 71 335 310 407 53 681 133
internal_count=3744 3291 453 2916 430 360 307 226 81 2486 93 195 75 120 47 375 168 2452 2117 1365 684 193 207 71 335 310 407 53 681 133
cat_boundaries=0 1 2 3 4 5 6 7 8 9 10
cat_threshold=2 2 2 2 2 2 2 2 2 2
is_linear=0
shrinkage=0.06


Tree=10
num_leaves=31
num_cat=10
split_feature=1 1 3 3 1 3 2 2 3 2 2 0 0 3 3 3 3 3 0 3 0 3 0 0 0 2 0 0 0 3
split_gain=3.98557 0.977186 0.243823 0.148265 0.240547 0.143556 0.164832 0.193311 0.105757 0.0951186 0.0688392 0.0599291 0.0556632 0.0647619 0.0442296 0.0810224 0.100456 0.097973 0.0589614 0.042716 0.0398824 0.0370513 0.440238 0.202104 0.030425 0.0161868 0.0500134 0.010751 0.00971759 0.00931514
threshold=772.20001220703136 594.00000000000011 12.500000000000002 12.500000000000002 675.00000000000011 20.500000000000004 1.0000000180025095e-35 3.4000000059604649 13.500000000000002 3.4000000059604649 3.4000000059604649 0 1 14.500000000000002 20.500000000000004 19.500000000000004 13.500000000000002 15.500000000000002 2 14.500000000000002 3 18.500000000000004 4 5 6 1.0000000180025095e-35 7 8 9 12.500000000000002
decision_type=2 2 2 2 2 2 2 2 2 2 2 1 1 2 2 2 2 2 1 2 1 2 1 1 1 2 1 1 1 2
left_child=1 12 10 4 24 6 -4 21 11 14 20 -9 19 -14 15 16 28 18 -18 29 -2 23 -23 -8 -3 26 -16 -7 -5 -1
right_child=2 3 5 9 -6 27 7 8 -10 -11 -12 -13 13 -15 25 -17 17 -19 -20 -21 -22 22 -24 -25 -26 -27 -28 -29 -30 -31
leaf_value=-6.1321307606729736 3.9654774486765905 -2.2749283390185244 8.4524747054940228 -1.8987189542055374 3.4192469001614834 6.3484668294752327 9.2149474435178806 14.055732273719922 12.080868602409618 3.3540657562223419 -0.069308859450432012 1.0530862014281137 -8.898901064611179 -7.3010679262533404 2.6561820456670033 -1.0179783619323621 2.4505137327100099 -0.82386596688707414 3.2350509002979559 -4.5038720028863732 5.263051132494815 -2.8208636947707735 7.2304593151802417 5.4908406506370691 -3.2484768434687927 -2.720667071769225 -0.38945266804994616 5.9125689083786162 -0.61618594750090316 -4.5236512171446606
leaf_weight=65 44 200 31 389 23 27 66 27 34 34 22 20 100 68 160 752 102 491 91 74 27 40 35 54 207 25 150 26 292 68
leaf_count=65 44 200 31 389 23 27 66 27 34 34 22 20 100 68 160 752 102 491 91 74 27 40 35 54 207 25 150 26 292 68
internal_value=-0.000150642 -0.000876939 0.00512583 -0.000506174 -0.00153489 0.00583333 0.0053355 0.00486956 0.00733333 -0.00032824 0.0023871 0.00548936 -0.00376 -0.00457143 -0.000371943 -0.000473313 -0.000197804 0.000315788 0.00146114 -0.00310145 0.00329577 0.00384615 0.0028 0.0045 -0.00187224 0.000268655 0.000387095 0.00871698 -0.000713658 -0.00374436
internal_weight=3744 3291 453 2916 430 360 307 276 81 2486 93 47 375 168 2452 2117 1365 684 193 207 71 195 75 120 407 335 310 53 681 133
internal_count=3744 3291 453 2916 430 360 307 276 81 2486 93 47 375 168 2452 2117 1365 684 193 207 71 195 75 120 407 335 310 53 681 133
cat_boundaries=0 1 2 3 4 5 6 7 8 9 10
cat_threshold=2 2 2 2 2 2 2 2 2 2
is_linear=0
shrinkage=0.06


Tree=11
num_leaves=31
num_cat=10
split_feature=1 1 3 3 2 2 3 1 3 2 2 0 0 3 3 0 3 0 0 0 3 3 3 2 3 0 2 0 0 0
split_gain=4.03414 0.952625 0.243823 0.143556 0.164832 0.193311 0.13664 0.240547 0.105757 0.0980544 0.0688392 0.0599291 0.0556632 0.0647619 0.042716 0.0398824 0.0370513 0.440238 0.202104 0.030425 0.0280815 0.072099 0.0840655 0.0723794 0.0986274 0.0162433 0.0124795 0.0284409 0.010751 0.00971759
threshold=772.20001220703136 594.00000000000011 12.500000000000002 20.500000000000004 1.0000000180025095e-35 3.4000000059604649 12.500000000000002 675.00000000000011 13.500000000000002 3.4000000059604649 3.4000000059604649 0 1 14.500000000000002 14.500000000000002 2 18.500000000000004 3 4 5 20.500000000000004 19.500000000000004 13.500000000000002 1.0000000180025095e-35 14.500000000000002 6 1.0000000180025095e-35 7 8 9
decision_type=2 2 2 2 2 2 2 2 2 2 2 1 1 2 2 1 2 1 1 1 2 2 2 2 2 1 2 1 1 1
left_child=1 12 10 4 -4 16 7 19 11 20 15 -7 14 -14 -1 -2 18 -18 -6 -3 21 22 29 24 25 -24 27 -22 -5 -8
right_child=2 6 3 28 5 8 9 -9 -10 -11 -12 -13 13 -15 -16 -17 17 -19 -20 -21 26 -23 23 -25 -26 -27 -28 -29 -30 -31
leaf_value=-4.7089450659510605 3.7275488017559972 -2.1384326386774135 7.9453262231643791 5.9675588197067189 8.662050596906802 13.212388337296725 -1.7847958169532079 3.2140920861517999 11.356016486265048 3.1528218108489954 -0.065150327883407036 0.98990102934242941 -8.3649670007345076 -6.8630038506781377 -4.2336396827131892 4.9472680645451232 -2.6516118730845277 6.7966317562694254 5.1613902115988504 -3.0535682328606661 2.4968111229269812 -0.95689966021642014 3.2122868094031785 -5.6924889875196891 -0.41303937683861119 3.0483287215153312 -2.5574270474630736 -0.36608550796695227 5.5578147738758936 -0.57921479065085124
leaf_weight=133 44 200 31 27 66 27 389 23 34 34 22 20 100 68 74 27 40 35 54 207 160 752 85 34 485 80 25 150 26 292
leaf_count=133 44 200 31 27 66 27 389 23 34 34 22 20 100 68 74 27 40 35 54 207 160 752 85 34 485 80 25 150 26 292
internal_value=-0.000182694 -0.000913402 0.00512583 0.00583333 0.0053355 0.00486956 -0.000547327 -0.00153489 0.00733333 -0.00037651 0.0023871 0.00548936 -0.00376 -0.00457143 -0.00310145 0.00329577 0.00384615 0.0028 0.0045 -0.00187224 -0.000420882 -0.000501655 -0.00024176 0.000228069 0.000369229 0.00163636 8.95508e-05 0.000193547 0.00871698 -0.000713658
internal_weight=3744 3291 453 360 307 276 2916 430 81 2486 93 47 375 168 207 71 195 75 120 407 2452 2117 1365 684 650 165 335 310 53 681
internal_count=3744 3291 453 360 307 276 2916 430 81 2486 93 47 375 168 207 71 195 75 120 407 2452 2117 1365 684 650 165 335 310 53 681
cat_boundaries=0 1 2 3 4 5 6 7 8 9 10
cat_threshold=2 2 2 2 2 2 2 2 2 2
is_linear=0
shrinkage=0.06


Tree=12
num_leaves=31
num_cat=10
split_feature=1 1 3 3 1 3 2 2 2 0 3 3 0 3 3 3 3 2 3 3 0 3 0 0 0 0 2 0 0 0
split_gain=3.31309 0.871735 0.158613 0.142393 0.240547 0.100957 0.214719 0.0965809 0.0688392 0.0593721 0.0540698 0.0983595 0.0701435 0.0515909 0.0476731 0.072099 0.0840655 0.0723794 0.0986274 0.0424138 0.0398824 0.0367095 0.505069 0.346069 0.030425 0.0162433 0.0161868 0.0157828 0.0120968 0.00971759
threshold=772.20001220703136 594.00000000000011 12.500000000000002 12.500000000000002 675.00000000000011 20.500000000000004 1.0000000180025095e-35 3.4000000059604649 3.4000000059604649 0 11.500000000000002 12.500000000000002 1 14.500000000000002 20.500000000000004 19.500000000000004 13.500000000000002 1.0000000180025095e-35 14.500000000000002 14.500000000000002 2 18.500000000000004 3 4 5 6 1.0000000180025095e-35 7 8 9
decision_type=2 2 2 2 2 2 2 2 2 1 2 2 1 2 2 2 2 2 2 2 1 2 1 1 1 1 2 1 1 1
left_child=1 10 8 4 24 6 -4 14 20 -7 -1 27 13 -13 15 16 29 18 25 -14 -2 23 -23 -8 -3 -18 28 -12 -16 -5
right_child=2 3 5 7 -6 9 21 -9 -10 -11 11 12 19 -15 26 -17 17 -19 -20 -21 -22 22 -24 -25 -26 -27 -28 -29 -30 -31
leaf_value=-14.908755511466328 3.5038958736506354 -2.0101266803567706 7.4686066497745189 -1.6777080679360163 3.0212465609826902 5.6095052905243161 9.6735044563782946 2.9636525021980558 -0.061241308210401253 5.2243458874433415 -4.1214777504840754 -3.9696954401589162 -8.6569011352720509 -3.979621301750401 2.3470024555513644 -0.89948568060343403 3.0195496008389884 -5.3509396482685059 -0.38825701422829623 -6.4512236196374459 4.6504319806724146 -2.2008123138892324 7.5853311556826384 8.1808295583716575 -2.8703541388890241 2.8654289982244063 -2.4039814246152891 -1.5659030698438801 -0.34412037748893226 -0.54446190321179755
leaf_weight=31 44 200 31 389 23 27 101 34 22 26 48 68 53 74 160 752 85 34 485 68 27 48 43 84 207 80 25 33 150 292
leaf_count=31 44 200 31 389 23 27 101 34 22 26 48 68 53 74 160 752 85 34 485 68 27 48 43 84 207 80 25 33 150 292
internal_value=-0.000214745 -0.000876939 0.00459603 -0.00052675 -0.00153489 0.00516667 0.00474918 -0.000352375 0.0023871 0.0075849 -0.0036 -0.00338372 -0.00394677 -0.00304225 -0.000396413 -0.000501655 -0.00024176 0.000228069 0.000369229 -0.00500827 0.00329577 0.00421739 0.00323077 0.0047027 -0.00187224 0.00163636 0.000268655 -0.00155556 0.000387095 -0.000713658
internal_weight=3744 3291 453 2916 430 360 307 2486 93 53 375 344 263 142 2452 2117 1365 684 650 121 71 276 91 185 407 165 335 81 310 681
internal_count=3744 3291 453 2916 430 360 307 2486 93 53 375 344 263 142 2452 2117 1365 684 650 121 71 276 91 185 407 165 335 81 310 681
cat_boundaries=0 1 2 3 4 5 6 7 8 9 10
cat_threshold=2 2 2 2 2 2 2 2 2 2
is_linear=0
shrinkage=0.06


Tree=13
num_leaves=31
num_cat=9
split_feature=1 1 2 3 3 3 3 3 3 0 3 0 0 3 2 3 0 0 3 3 3 2 3 2 3 0 2 0 0 0
split_gain=2.66297 0.794433 0.112117 0.111066 0.109105 0.131328 0.0653333 0.0956895 0.0941183 0.0708571 0.0766551 0.0614444 0.0493038 0.0943535 0.0485346 0.084052 0.347826 0.292805 0.0476731 0.072099 0.0840655 0.0723794 0.0986274 0.0381967 0.0206229 0.0162433 0.0161868 0.0120968 0.00971759 0.00945869
threshold=772.20001220703136 594.00000000000011 3.4000000059604649 12.500000000000002 19.500000000000004 18.500000000000004 17.000000000000004 11.500000000000002 12.500000000000002 0 18.500000000000004 1 2 12.500000000000002 3.4000000059604649 20.500000000000004 3 4 20.500000000000004 19.500000000000004 13.500000000000002 1.0000000180025095e-35 14.500000000000002 3.4000000059604649 12.500000000000002 5 1.0000000180025095e-35 6 7 8
decision_type=2 2 2 2 2 2 2 2 2 1 2 1 1 2 2 2 1 1 2 2 2 2 2 2 2 1 2 1 1 1
left_child=1 6 3 11 5 12 7 -1 -9 10 -8 -3 13 -2 15 16 -6 -17 19 20 28 22 25 24 -14 -22 27 -20 -5 -10
right_child=4 2 -4 18 14 -7 9 8 29 -11 -12 -13 23 -15 -16 17 -18 -19 26 -21 21 -23 -24 -25 -26 -27 -28 -29 -30 -31
leaf_value=-14.01423018077835 1.432247683842623 -1.8204370647558061 3.5587325173151338 -1.5770455838598558 -1.5054318420442927 -2.5063172266151583 -14.245305689743905 -1.1715982510280718 -2.6137822343111012 -6.4713698118758449 -3.5212377348158497 -2.3964175094795332 4.3714060618320669 9.9908370797155559 5.6249415884728311 9.0623767945347247 4.1809730987600231 5.812750827733848 2.2061823082182852 -0.84551653976722718 2.8383766247886477 -5.0298832693723945 -0.36496159337459733 6.8104441323007956 4.8260636878960774 2.6935032583309431 -2.2597425391383728 -0.32347315483959616 -0.51179418901909224 -7.9861956535441117
leaf_weight=31 56 205 42 389 23 31 22 81 79 62 41 217 27 114 20 22 23 25 160 752 85 34 485 40 72 80 25 150 292 59
leaf_count=31 56 205 42 389 23 31 22 81 79 62 41 217 27 114 20 22 23 25 160 752 85 34 485 40 72 80 25 150 292 59
internal_value=-0.000246796 -0.000840475 -0.000506174 -0.00055115 0.00406622 0.00352941 -0.00344 -0.00288 -0.00243836 -0.00456 -0.00314286 -0.00145024 0.00390291 0.00458823 0.00568141 0.00625806 0.00443478 0.00804255 -0.000396413 -0.000501655 -0.00024176 0.000228069 0.000369229 0.00306475 0.00369697 0.00163636 0.000268655 0.000387095 -0.000713658 -0.00339131
internal_weight=3744 3291 2916 2874 453 340 375 250 219 125 63 422 309 170 113 93 46 47 2452 2117 1365 684 650 139 99 165 335 310 681 138
internal_count=3744 3291 2916 2874 453 340 375 250 219 125 63 422 309 170 113 93 46 47 2452 2117 1365 684 650 139 99 165 335 310 681 138
cat_boundaries=0 1 2 3 4 5 6 7 8 9
cat_threshold=2 2 2 2 2 2 2 2 2
is_linear=0
shrinkage=0.06


Tree=14
num_leaves=31
num_cat=9
split_feature=1 1 3 1 3 3 3 0 3 3 3 3 2 3 3 2 0 0 0 0 0 3 0 3 3 0 3 3 2 0
split_gain=2.23098 0.710145 0.110771 0.229433 0.0853333 0.110977 0.0751688 0.0708571 0.0766551 0.0650336 0.055815 0.0645144 0.120316 0.0986274 0.0534074 0.0688392 0.0497962 0.0398824 0.0313381 0.0291798 0.0193856 0.0175558 0.154413 0.177289 0.150553 0.113533 0.103119 0.0214154 0.0412358 0.0162433
threshold=772.20001220703136 594.00000000000011 12.500000000000002 675.00000000000011 17.000000000000004 11.500000000000002 20.500000000000004 0 18.500000000000004 12.500000000000002 19.500000000000004 13.500000000000002 1.0000000180025095e-35 14.500000000000002 12.500000000000002 3.4000000059604649 1 2 3 4 5 19.500000000000004 6 20.500000000000004 18.500000000000004 7 20.500000000000004 13.500000000000002 3.4000000059604649 8
decision_type=2 2 2 2 2 2 2 1 2 2 2 2 2 2 2 2 1 1 1 1 1 2 1 2 2 1 2 2 2 1
left_child=1 4 3 16 5 -1 10 8 -6 -7 11 20 13 29 15 17 -3 -2 -14 -11 -4 24 26 -24 25 -16 -23 28 -27 -13
right_child=14 2 6 -5 7 9 -8 -9 -10 19 -12 12 18 -15 21 -17 -18 -19 -20 -21 -22 22 23 -25 -26 27 -28 -29 -30 -31
leaf_value=-13.173376369931649 3.207727260201036 -1.7802928556500206 -1.5597043853442096 2.9768450344289894 -13.390587348359272 -1.1013023559663884 1.4707636600032514 -6.0830876231632915 -3.3099634707268999 -2.456955300252436 -0.80407082791528861 2.6680740273013268 -7.282610531183594 -0.34306389777212287 9.3913868549326303 -0.14350169074833957 -2.554347839986908 4.1091216981221486 -0.78715603577658433 -7.5070239143314659 -0.31714146525137266 -0.51972604415155954 7.0068462020368791 4.5621200845327028 -2.3559381930182508 5.0620857570262414 4.7291923654207766 8.8927565748001776 0.031030546141541888 2.5318930628310818
leaf_weight=31 44 200 392 23 22 81 343 62 41 79 753 85 29 485 114 22 207 27 24 59 295 30 30 26 31 59 27 23 20 80
leaf_count=31 44 200 392 23 22 81 343 62 41 79 753 85 29 485 114 22 207 27 24 59 295 30 30 26 31 59 27 23 20 80
internal_value=-0.000278848 -0.000822244 -0.000506174 -0.00139535 -0.00328 -0.00264 -0.000352375 -0.00456 -0.00314286 -0.00216438 -0.000484369 -0.000258994 0.000145091 0.000369229 0.00366887 0.0023871 -0.00172482 0.00329577 -0.00260378 -0.00295652 -0.000672491 0.004 0.00461947 0.00685714 0.0037166 0.00427778 0.00242105 0.00282353 0.00235443 0.00163636
internal_weight=3744 3291 2916 430 375 250 2486 125 63 219 2143 1390 703 650 453 93 407 71 53 138 687 360 113 56 247 216 57 102 79 165
internal_count=3744 3291 2916 430 375 250 2486 125 63 219 2143 1390 703 650 453 93 407 71 53 138 687 360 113 56 247 216 57 102 79 165
cat_boundaries=0 1 2 3 4 5 6 7 8 9
cat_threshold=2 2 2 2 2 2 2 2 2
is_linear=0
shrinkage=0.06


Tree=15
num_leaves=31
num_cat=8
split_feature=1 1 3 1 3 3 0 3 3 0 3 3 3 2 3 0 0 0 3 3 3 3 3 2 3 3 0 2 0 0
split_gain=1.62154 0.710145 0.110771 0.229433 0.0853333 0.110977 0.0708571 0.0766551 0.0650336 0.0497962 0.0466619 0.0635802 0.0514674 0.120316 0.0986274 0.0313381 0.0291798 0.0280714 0.141569 0.0955366 0.0725926 0.0556319 0.168542 0.0484119 0.019318 0.0189118 0.0162433 0.0161156 0.0147641 0.0112646
threshold=772.20001220703136 594.00000000000011 12.500000000000002 675.00000000000011 17.000000000000004 11.500000000000002 0 18.500000000000004 12.500000000000002 1 20.500000000000004 19.500000000000004 13.500000000000002 1.0000000180025095e-35 14.500000000000002 2 3 4 18.500000000000004 12.500000000000002 20.500000000000004 20.500000000000004 19.500000000000004 3.4000000059604649 13.500000000000002 12.500000000000002 5 3.4000000059604649 6 7
decision_type=2 2 2 2 2 2 1 2 2 1 2 2 2 2 2 1 1 1 2 2 2 2 2 2 2 2 1 2 1 1
left_child=1 4 3 9 5 -1 7 -6 -7 -3 11 12 29 14 26 -15 -10 18 19 -2 -20 22 23 25 27 -19 -14 -21 -13 -4
right_child=17 2 10 -5 6 8 -8 -9 16 -11 -12 28 13 15 -16 -17 -18 21 20 24 -22 -23 -24 -25 -26 -27 -28 -29 -30 -31
leaf_value=-12.382973787735747 1.2543857920600523 -1.6734752843110186 -1.4661221222235599 2.7982343323632457 -12.587152107457714 -1.0352242146084063 -5.7181023657734977 -3.1113656624832879 -2.3095379822372926 -2.4010869695876931 1.3825178404030545 -0.55729885081816066 2.5079895856632448 -6.8456538993125751 -0.32248006390579448 -0.73992667362998676 -7.056602479471576 3.8625743962348178 -1.8280958147302213 7.1297096177868706 4.4454408234955229 4.2883928794607344 6.586435429914661 6.1814797067119542 9.1772133598596017 5.8013844026416566 2.3799794790612121 10.676301333597339 -1.1585138662898611 -0.29811297733629316
leaf_weight=31 56 200 392 23 22 81 62 41 79 207 343 404 85 29 485 24 59 27 48 62 27 26 30 41 25 84 80 27 349 295
leaf_count=31 56 200 392 23 22 81 62 41 79 207 343 404 85 29 485 24 59 27 48 62 27 26 30 41 25 84 80 27 349 295
internal_value=-0.000358976 -0.000822244 -0.000506174 -0.00139535 -0.00328 -0.00264 -0.00456 -0.00314286 -0.00216438 -0.00172482 -0.000352375 -0.000456371 -0.000215829 0.000145091 0.000369229 -0.00260378 -0.00295652 0.00300662 0.00257143 0.00352941 0.000399999 0.00351923 0.00389011 0.00307895 0.00452631 0.00372973 0.00163636 0.00411236 -0.0009004 -0.000585154
internal_weight=3744 3291 2916 430 375 250 125 63 219 407 2486 2143 1390 703 650 53 138 453 245 170 75 208 182 152 114 111 165 89 753 687
internal_count=3744 3291 2916 430 375 250 125 63 219 407 2486 2143 1390 703 650 53 138 453 245 170 75 208 182 152 114 111 165 89 753 687
cat_boundaries=0 1 2 3 4 5 6 7 8
cat_threshold=2 2 2 2 2 2 2 2
is_linear=0
shrinkage=0.06


Tree=16
num_leaves=31
num_cat=7
split_feature=1 1 0 3 1 0 3 3 3 3 2 3 3 3 0 0 3 3 3 3 3 2 3 3 0 2 3 2 0 0
split_gain=1.53021 0.512124 0.0944789 0.0922337 0.218582 0.0739152 0.0515838 0.0399863 0.0569783 0.0398927 0.120316 0.0986274 0.036275 0.0766551 0.0313381 0.0280714 0.141569 0.0955366 0.0725926 0.0556319 0.168542 0.0484119 0.019318 0.0189118 0.0162433 0.0161156 0.0157974 0.00964864 0.0284409 0.00677314
threshold=772.20001220703136 594.00000000000011 0 12.500000000000002 675.00000000000011 1 13.500000000000002 20.500000000000004 19.500000000000004 13.500000000000002 1.0000000180025095e-35 14.500000000000002 17.000000000000004 18.500000000000004 2 3 18.500000000000004 12.500000000000002 20.500000000000004 20.500000000000004 19.500000000000004 3.4000000059604649 13.500000000000002 12.500000000000002 4 3.4000000059604649 14.500000000000002 1.0000000180025095e-35 5 6
decision_type=2 2 1 2 2 1 2 2 2 2 2 2 2 2 1 1 2 2 2 2 2 2 2 2 1 2 2 2 1 1
left_child=1 2 12 4 5 -3 -4 8 9 -5 11 24 -1 -14 -12 16 17 -2 -18 20 21 23 25 -17 -11 -19 -8 28 -9 -10
right_child=15 3 6 7 -6 -7 26 27 29 10 14 -13 13 -15 -16 19 18 22 -20 -21 -22 -23 -24 -25 -26 -27 -28 -29 -30 -31
leaf_value=-2.4227877342757345 1.1791226445364511 -1.5730667672523555 -3.6113151062541053 -0.95910854909084675 2.6303402724214457 -2.2570217514124304 -6.7844977443148942 1.9026144797008078 -0.52386091976907212 2.3575102105234556 -6.4349146653538227 -0.30313126007144647 -11.831922981010248 -2.9246837227342892 -0.69553107321218965 3.6308199324607311 -1.7184100658464092 6.7019270407196609 4.1787143740857893 4.031089306693084 6.1912493041197809 5.8105909243092393 8.6265805582680191 5.4533013384831612 2.2371807103175434 10.035723253581494 -4.9677966144104468 2.6374018761477047 -0.47526165557359945 -1.0890030343124726
leaf_weight=144 56 200 47 687 23 207 53 160 404 85 29 485 22 41 24 27 48 62 27 26 30 41 25 84 80 27 68 33 150 349
leaf_count=144 56 200 47 687 23 207 53 160 404 85 29 485 22 41 24 27 48 62 27 26 30 41 25 84 80 27 68 33 150 349
internal_value=-0.000262822 -0.000712855 -0.0028 -0.000444446 -0.00125582 -0.0015774 -0.00385714 -0.000304104 -0.000400375 -0.000172663 0.000145091 0.000369229 -0.00194203 -0.00314286 -0.00260378 0.00300662 0.00257143 0.00352941 0.000399999 0.00351923 0.00389011 0.00307895 0.00452631 0.00372973 0.00163636 0.00411236 -0.0045124 0.000297375 0.000193547 -0.000820719
internal_weight=3744 3291 375 2916 430 407 168 2486 2143 1390 703 650 207 63 53 453 245 170 75 208 182 152 114 111 165 89 121 343 310 753
internal_count=3744 3291 375 2916 430 407 168 2486 2143 1390 703 650 207 63 53 453 245 170 75 208 182 152 114 111 165 89 121 343 310 753
cat_boundaries=0 1 2 3 4 5 6 7
cat_threshold=2 2 2 2 2 2 2
is_linear=0
shrinkage=0.06


Tree=17
num_leaves=31
num_cat=8
split_feature=1 1 2 3 3 3 0 3 3 0 0 0 2 3 0 3 3 3 2 3 3 0 3 3 2 0 2 3 3 0
split_gain=1.3237 0.353795 0.101869 0.0853333 0.0795414 0.0747253 0.060079 0.0558928 0.0574453 0.101093 0.0280584 0.0247869 0.0230138 0.0247382 0.128561 0.0833333 0.0822483 0.100875 0.0782725 0.0592593 0.0202394 0.0266351 0.0181686 0.105321 0.0352015 0.026628 0.0228151 0.0259479 0.0366744 0.0284409
threshold=772.20001220703136 594.00000000000011 3.4000000059604649 17.000000000000004 12.500000000000002 18.500000000000004 0 11.500000000000002 12.500000000000002 1 2 3 1.0000000180025095e-35 19.500000000000004 4 20.500000000000004 18.500000000000004 13.500000000000002 3.4000000059604649 20.500000000000004 12.500000000000002 5 13.500000000000002 15.500000000000002 1.0000000180025095e-35 6 1.0000000180025095e-35 20.500000000000004 19.500000000000004 7
decision_type=2 2 2 2 2 2 1 2 2 1 1 1 2 2 1 2 2 2 2 2 2 1 2 2 2 1 2 2 2 1
left_child=1 3 4 7 6 -5 -3 -1 10 -10 -9 -7 -2 16 19 -16 17 18 -14 -15 -20 -22 -6 24 25 -24 27 28 -25 -29
right_child=12 2 -4 5 22 11 -8 8 9 -11 -12 -13 13 14 15 -17 -18 -19 20 -21 21 -23 23 26 -26 -27 -28 29 -30 -31
leaf_value=-11.423316454096357 2.899082057112023 -1.4096007464376521 3.4785653932333522 -11.21819963428449 -1.060513307809462 -2.7492026993702345 -1.9090035013802458 -3.5303343321023113 -2.025598439246509 -6.2261364660443856 -1.0567824899818288 -4.7663082254204916 4.3871402463477951 -0.27575212866786841 5.8197743458725943 8.6514000887387645 -2.001791548602557 9.7473567781192916 -0.28090209549922746 6.2016566045057653 9.4335798583666115 -0.69035552448822268 1.9556982076920666 -0.044010620739739124 -2.4300991700064891 2.1029498676984941 -3.3691776881528144 1.7884576109187604 -0.63954610313459626 -0.44674595623918317
leaf_weight=31 40 205 42 34 681 41 217 48 79 59 33 50 180 30 30 20 31 29 22 24 27 20 89 481 24 80 42 160 745 150
leaf_count=31 40 205 42 34 681 41 217 48 79 59 33 50 180 30 30 20 31 29 22 24 27 20 89 481 24 80 42 160 745 150
internal_value=-0.000166668 -0.000585234 -0.000362141 -0.00232 -0.000405012 -0.0036 -0.00116588 -0.00168 -0.00134247 -0.00208696 -7.40755e-05 -0.0027033 0.00287417 0.00300726 0.00380769 0.006 0.00273786 0.00306475 0.0026747 0.00177778 0.00095652 0.00165957 -0.000274063 -0.000172785 0.00115026 0.00145562 -0.000334602 -0.000296876 -0.000420882 0.000193547
internal_weight=3744 3291 2916 375 2874 125 422 250 219 138 81 91 453 413 104 50 309 278 249 54 69 47 2452 1771 193 169 1578 1536 1226 310
internal_count=3744 3291 2916 375 2874 125 422 250 219 138 81 91 453 413 104 50 309 278 249 54 69 47 2452 1771 193 169 1578 1536 1226 310
cat_boundaries=0 1 2 3 4 5 6 7 8
cat_threshold=2 2 2 2 2 2 2 2
is_linear=0
shrinkage=0.06


Tree=18
num_leaves=31
num_cat=7
split_feature=1 1 3 0 3 1 0 3 3 3 2 3 0 3 0 3 3 0 3 3 3 3 3 3 2 3 3 0 2 0
split_gain=1.02477 0.241413 0.0817038 0.128831 0.0753923 0.207994 0.049038 0.0338258 0.0324009 0.0398927 0.120316 0.0986274 0.0313381 0.0262986 0.0280584 0.0232797 0.135105 0.0231477 0.084906 0.133053 0.0725926 0.0355805 0.0336538 0.0765182 0.0291492 0.036608 0.0185956 0.0162433 0.00964864 0.0284409
threshold=772.20001220703136 594.00000000000011 12.500000000000002 0 12.500000000000002 675.00000000000011 1 20.500000000000004 19.500000000000004 13.500000000000002 1.0000000180025095e-35 14.500000000000002 2 11.500000000000002 3 18.500000000000004 17.000000000000004 4 18.500000000000004 12.500000000000002 20.500000000000004 13.500000000000002 20.500000000000004 19.500000000000004 3.4000000059604649 12.500000000000002 13.500000000000002 5 1.0000000180025095e-35 6
decision_type=2 2 2 1 2 2 1 2 2 2 2 2 1 2 1 2 2 1 2 2 2 2 2 2 2 2 2 1 2 1
left_child=1 2 13 15 5 6 -3 8 9 -6 11 27 -12 -1 -15 16 -4 18 19 -2 -20 -21 23 24 25 -19 -27 -11 29 -9
right_child=17 4 3 -5 7 -7 -8 28 -10 10 12 -13 -14 14 -16 -17 -18 22 20 21 -22 -23 -24 -25 -26 26 -28 -29 -30 -31
leaf_value=-10.737917466850574 0.98518777406596103 -1.394106716430956 -1.904062532891716 -5.3900007734146262 -0.83793123767682531 2.5810672173828428 -2.00706023624487 1.6811501542636369 -0.58260279801615522 2.0987177054305266 -6.1437205163819364 -0.28230274722277143 -0.75615697586965613 -3.3185142721761758 -0.99337554058291744 -2.5842505374080202 -10.448915624092562 3.1497423217322145 -1.5262665624896909 6.9596822567891481 3.5558921153702929 7.5241443180847902 3.2701399429671798 5.4705878851202323 5.4788096180097465 3.8377076271634398 3.7340641257545246 1.9767728756365841 2.6813084248680128 -0.419941198864833
leaf_weight=31 56 200 79 121 687 23 207 160 753 85 29 485 24 48 33 41 22 27 48 89 27 25 26 30 41 59 25 80 33 150
leaf_count=31 56 200 79 121 687 23 207 160 753 85 29 485 24 48 33 41 22 27 48 89 27 25 26 30 41 59 25 80 33 150
internal_value=-0.000198719 -0.000567002 -0.002 -0.00257795 -0.000382717 -0.00111628 -0.00142998 -0.000255834 -0.000344378 -0.000172663 0.000145091 0.000369229 -0.00260378 -0.000642859 -7.40755e-05 -0.00135211 -0.00184159 0.00247682 0.00208163 0.00282353 0.000399999 0.004 0.00294231 0.00323077 0.00268421 0.00318919 0.00257143 0.00163636 0.000297375 0.000193547
internal_weight=3744 3291 375 263 2916 430 407 2486 2143 1390 703 650 53 112 81 142 101 453 245 170 75 114 208 182 152 111 84 165 343 310
internal_count=3744 3291 375 263 2916 430 407 2486 2143 1390 703 650 53 112 81 142 101 453 245 170 75 114 208 182 152 111 84 165 343 310
cat_boundaries=0 1 2 3 4 5 6 7
cat_threshold=2 2 2 2 2 2 2
is_linear=0
shrinkage=0.06


Tree=19
num_leaves=31
num_cat=6
split_feature=1 1 3 0 3 1 1 3 2 0 3 0 3 3 0 3 3 3 3 3 3 2 3 3 3 3 3 3 0 0
split_gain=0.976254 0.26661 0.0817038 0.128831 0.0403714 0.187607 0.0318948 0.148485 0.0512409 0.317647 0.0262986 0.0280584 0.0232797 0.135105 0.0231477 0.084906 0.133053 0.0725926 0.0355805 0.0336538 0.0765182 0.0291492 0.036608 0.0185956 0.01699 0.033451 0.0530886 0.111823 0.0284409 0.0162433
threshold=772.20001220703136 594.00000000000011 12.500000000000002 0 12.500000000000002 675.00000000000011 675.00000000000011 14.500000000000002 1.0000000180025095e-35 1 11.500000000000002 2 18.500000000000004 17.000000000000004 3 18.500000000000004 12.500000000000002 20.500000000000004 13.500000000000002 20.500000000000004 19.500000000000004 3.4000000059604649 12.500000000000002 13.500000000000002 20.500000000000004 19.500000000000004 13.500000000000002 18.500000000000004 4 5
decision_type=2 2 2 1 2 2 2 2 2 1 2 1 2 2 1 2 2 2 2 2 2 2 2 2 2 2 2 2 1 1
left_child=1 2 10 12 5 -3 8 -8 24 -10 -1 -12 13 -4 15 16 -2 -17 -18 20 21 22 -16 -24 25 26 -6 29 -26 -28
right_child=14 4 3 -5 6 -7 7 -9 9 -11 11 -13 -14 -15 19 17 18 -19 -20 -21 -22 -23 23 -25 28 -27 27 -29 -30 -31
leaf_value=-10.093642418839538 0.926076507622005 -1.6740419144063639 -1.7898187809182098 -5.0666007270097495 -0.9609962389036627 2.4262031843398657 -3.3858705603312074 4.8400450026880781 -2.748596000413996 4.8332543313298926 -3.1194034158456021 -0.93377300814794573 -2.4291955051635385 -9.8219806866470076 2.9607577824282814 -1.4346905687403093 6.5421013213817973 3.3425385884480692 7.0726956589997005 3.0739315463891441 5.142352612013017 5.1500810409291589 3.6074451695336389 3.5100202782092573 1.5802811450078207 -0.56621716906554631 1.9727946431046939 -0.69155319426817186 -0.39474472693294044 1.8581665030983823
leaf_weight=31 56 407 79 121 673 23 33 22 34 30 48 33 41 22 27 48 89 27 25 26 30 41 59 25 160 745 85 474 150 80
leaf_count=31 56 407 79 121 673 23 33 22 34 30 48 33 41 22 27 48 89 27 25 26 30 41 59 25 160 745 85 474 150 80
internal_value=-0.000134617 -0.000494076 -0.002 -0.00257795 -0.000300413 -0.000837211 -0.000207564 -0.00163637 -0.000175238 0.0015 -0.000642859 -7.40755e-05 -0.00135211 -0.00184159 0.00247682 0.00208163 0.00282353 0.000399999 0.004 0.00294231 0.00323077 0.00268421 0.00318919 0.00257143 -0.000220534 -0.000282938 -0.000100611 0.000291078 0.000193547 0.00163636
internal_weight=3744 3291 375 263 2916 430 2486 55 2431 64 112 81 142 101 453 245 170 75 114 208 182 152 111 84 2367 2057 1312 639 310 165
internal_count=3744 3291 375 263 2916 430 2486 55 2431 64 112 81 142 101 453 245 170 75 114 208 182 152 111 84 2367 2057 1312 639 310 165
cat_boundaries=0 1 2 3 4 5 6
cat_threshold=2 2 2 2 2 2
is_linear=0
shrinkage=0.06


Tree=20
num_leaves=31
num_cat=7
split_feature=1 1 0 1 3 3 0 3 2 0 3 3 3 3 3 3 0 2 3 2 3 3 3 3 3 3 0 0 0 3
split_gain=0.695898 0.288799 0.135928 0.136242 0.108529 0.0817038 0.128831 0.0723429 0.0453794 0.317647 0.0426491 0.0725926 0.0661802 0.037517 0.071417 0.0262986 0.0280584 0.0251293 0.0244228 0.0412358 0.0232797 0.135105 0.0198283 0.0420002 0.0967581 0.0312642 0.0284409 0.0162433 0.0145417 0.0133333
threshold=675.00000000000011 594.00000000000011 0 772.20001220703136 12.500000000000002 12.500000000000002 1 12.500000000000002 1.0000000180025095e-35 2 18.500000000000004 20.500000000000004 12.500000000000002 14.500000000000002 20.500000000000004 11.500000000000002 3 3.4000000059604649 13.500000000000002 3.4000000059604649 18.500000000000004 17.000000000000004 19.500000000000004 13.500000000000002 18.500000000000004 20.500000000000004 4 5 6 19.500000000000004
decision_type=2 2 1 2 2 2 1 2 2 1 2 2 2 2 2 2 1 2 2 2 2 2 2 2 2 2 1 1 1 2
left_child=1 5 3 -2 28 15 20 -4 22 -10 12 -12 -5 18 29 -1 -17 -14 19 -9 21 -7 23 -6 27 -24 -27 -25 -3 -15
right_child=2 4 7 10 8 6 -8 13 9 -11 11 -13 17 14 -16 16 -18 -19 -20 -21 -22 -23 25 24 -26 26 -28 -29 -30 -31
leaf_value=-9.4880238737091656 -6.794480642052525 -1.2100177985807112 3.846559875158714 0.87051191716468923 -0.90333646456944061 -1.6824296540631205 -4.762604683389168 3.3909984593616258 -2.583680240389159 4.5432590714501018 -1.3486091346158924 3.1419862731411783 5.5327126042176946 8.3705193346282165 2.8894956536057999 -2.9322392108948678 -0.87774662765907119 7.9347695079203255 -0.49043813175088868 -1.2866676325552588 -2.2834437748537266 -9.2326618454481899 -0.53224413892161238 1.8544269645184157 -0.65006000261208097 1.4854642763073524 -0.37106004331696568 1.7466765129124815 -1.7861941072057903 4.8338114552922411
leaf_weight=31 45 200 49 56 673 79 121 59 34 30 48 27 79 20 26 48 33 35 37 20 41 22 745 85 474 160 150 80 207 30
leaf_count=31 45 200 49 56 673 79 121 59 34 30 48 27 79 20 26 48 33 35 37 20 41 22 745 85 474 160 150 80 207 30
internal_value=-0.000102566 -0.000435109 0.0019096 0.00103448 -0.000228331 -0.002 -0.00257795 0.00296265 -7.65132e-05 0.0015 0.00159184 0.000399999 0.00211765 0.0024375 0.00347368 -0.000642859 -7.40755e-05 0.00294737 0.00175862 0.00235443 -0.00135211 -0.00184159 -0.00011914 3.65839e-05 0.000384975 -0.000312798 0.000193547 0.00163636 -0.00113514 0.0048
internal_weight=3744 3213 531 290 2838 375 263 241 2431 64 245 75 170 192 76 112 81 114 116 79 142 101 2367 1312 639 1055 310 165 407 50
internal_count=3744 3213 531 290 2838 375 263 241 2431 64 245 75 170 192 76 112 81 114 116 79 142 101 2367 1312 639 1055 310 165 407 50
cat_boundaries=0 1 2 3 4 5 6 7
cat_threshold=2 2 2 2 2 2 2
is_linear=0
shrinkage=0.06


Tree=21
num_leaves=31
num_cat=7
split_feature=1 1 0 1 3 3 3 0 3 3 2 0 3 3 3 0 2 3 2 3 3 3 3 3 3 0 0 3 3 0
split_gain=0.619936 0.295733 0.166664 0.118297 0.113649 0.0916286 0.0817038 0.128831 0.0723429 0.0661802 0.0439696 0.317647 0.037517 0.071417 0.0262986 0.0280584 0.0251293 0.0244228 0.0412358 0.0232797 0.135105 0.0229144 0.0414044 0.0420002 0.0967581 0.0162433 0.0145417 0.0133333 0.0133333 0.0120968
threshold=675.00000000000011 594.00000000000011 0 772.20001220703136 12.500000000000002 18.500000000000004 12.500000000000002 1 12.500000000000002 12.500000000000002 1.0000000180025095e-35 2 14.500000000000002 20.500000000000004 11.500000000000002 3 3.4000000059604649 13.500000000000002 3.4000000059604649 18.500000000000004 17.000000000000004 20.500000000000004 19.500000000000004 13.500000000000002 18.500000000000004 4 5 20.500000000000004 19.500000000000004 6
decision_type=2 2 1 2 2 2 2 1 2 2 2 1 2 2 2 1 2 2 2 2 2 2 2 2 2 1 1 2 2 1
left_child=1 6 3 -2 26 9 14 19 -4 -5 21 -12 17 28 -1 -16 -11 18 -10 20 -8 22 23 -6 25 -25 -3 -7 -14 -23
right_child=2 4 8 5 10 27 7 -9 12 16 11 -13 13 -15 15 -17 -18 -19 -20 -21 -22 29 -24 24 -26 -27 -28 -29 -30 -31
leaf_value=-8.9187424412866179 -6.3868118035293699 -1.1374167306658705 3.6157662826491968 0.8182812021348026 -0.84913627669527625 -1.2676925865389377 -1.5814838748193363 -4.4768484023858148 3.1875385517999342 5.2007498479646301 -2.4286594259658076 4.2706635271630988 7.8682881745505266 2.7161259143894538 -2.756304858241176 -0.82508182999952395 7.4586833374451116 -0.46101184384584021 -1.2094675746019448 -2.1464371483625042 -8.6787021347212967 1.3963364197289139 -0.50030949058631902 1.7431613466473164 -0.61105640245535364 1.641875922137733 -1.6790224607734421 2.9534670967527106 4.5437827679747009 -0.34879644071794474
leaf_weight=31 45 200 49 56 673 48 79 121 59 79 34 30 20 26 48 33 35 37 20 41 22 160 745 85 474 80 207 27 30 150
leaf_count=31 45 200 49 56 673 48 79 121 59 79 34 30 20 26 48 33 35 37 20 41 22 160 745 85 474 80 207 27 30 150
internal_value=-0.000102566 -0.000416435 0.00179661 0.000827585 -0.00020719 0.00134694 -0.002 -0.00257795 0.00296265 0.00211765 -5.1832e-05 0.0015 0.0024375 0.00347368 -0.000642859 -7.40755e-05 0.00294737 0.00175862 0.00235443 -0.00135211 -0.00184159 -9.3791e-05 -0.000166263 3.65839e-05 0.000384975 0.00163636 -0.00113514 -0.000400001 0.0048 0.000387095
internal_weight=3744 3213 531 290 2838 245 375 263 241 170 2431 64 192 76 112 81 114 116 79 142 101 2367 2057 1312 639 165 407 75 50 310
internal_count=3744 3213 531 290 2838 245 375 263 241 170 2431 64 192 76 112 81 114 116 79 142 101 2367 2057 1312 639 165 407 75 50 310
cat_boundaries=0 1 2 3 4 5 6 7
cat_threshold=2 2 2 2 2 2 2
is_linear=0
shrinkage=0.06


Tree=22
num_leaves=31
num_cat=7
split_feature=1 1 0 3 0 3 1 3 3 3 3 2 0 3 3 2 3 2 3 3 3 3 3 3 0 0 3 3 0 0
split_gain=0.599188 0.251696 0.166664 0.133204 0.128831 0.118887 0.118297 0.0916286 0.0723429 0.0661802 0.0486751 0.0425821 0.317647 0.037517 0.071417 0.0251293 0.0244228 0.0412358 0.0232797 0.135105 0.0205623 0.048442 0.0316975 0.0967581 0.0162433 0.0145417 0.0133333 0.0133333 0.0120968 0.00568182
threshold=675.00000000000011 594.00000000000011 0 12.500000000000002 1 12.500000000000002 772.20001220703136 18.500000000000004 12.500000000000002 12.500000000000002 11.500000000000002 1.0000000180025095e-35 2 14.500000000000002 20.500000000000004 3.4000000059604649 13.500000000000002 3.4000000059604649 18.500000000000004 17.000000000000004 20.500000000000004 19.500000000000004 13.500000000000002 18.500000000000004 3 4 20.500000000000004 19.500000000000004 5 6
decision_type=2 2 1 2 1 2 2 2 2 2 2 2 1 2 2 2 2 2 2 2 2 2 2 2 1 1 2 2 1 1
left_child=1 3 6 10 18 25 -2 9 -4 -8 -1 20 -13 16 27 -11 17 -10 19 -5 21 22 -7 24 -24 -3 -9 -15 -22 -12
right_child=2 5 8 4 -6 11 7 26 13 15 29 12 -14 14 -16 -17 -18 -19 -20 -21 28 -23 23 -25 -26 -27 -28 -29 -30 -31
leaf_value=-8.3836178948094169 -6.0036030953176107 -1.0691717268259162 3.3988203056902422 -1.4865948423301749 -4.2082374982426654 -0.79818810009355967 0.76918433000671393 -1.1916310313466012 2.9962862386919409 4.8887048570867586 -2.590926566746707 -2.2829398604078563 4.0144237155333098 7.3961908840774928 2.5531583595260825 7.0111623371984049 -0.43335113321508734 -1.136899520125835 -2.017650919460757 -8.1579800066380166 1.3125562345451818 -0.47029092115113824 1.6385716658484715 -0.57439301830803291 1.5433633668094626 -1.578281113127034 2.7762590709475443 4.2711558018962137 -0.32786865427486872 -0.77557692019955538
leaf_weight=31 45 200 49 79 121 673 56 48 59 79 48 34 30 20 26 35 37 20 41 22 160 745 85 474 80 207 27 30 150 33
leaf_count=31 45 200 49 79 121 673 56 48 59 79 48 34 30 20 26 35 37 20 41 22 160 745 85 474 80 207 27 30 150 33
internal_value=-7.05143e-05 -0.000379086 0.00179661 -0.00184 -0.00257795 -0.000186048 0.000827585 0.00134694 0.00296265 0.00211765 -0.000107144 -2.71508e-05 0.0015 0.0024375 0.00347368 0.00294737 0.00175862 0.00235443 -0.00135211 -0.00184159 -6.84425e-05 -0.000137094 8.23156e-05 0.000384975 0.00163636 -0.00113514 -0.000400001 0.0048 0.000387095 0.000666665
internal_weight=3744 3213 531 375 263 2838 290 245 241 170 112 2431 64 192 76 114 116 79 142 101 2367 2057 1312 639 165 407 75 50 310 81
internal_count=3744 3213 531 375 263 2838 290 245 241 170 112 2431 64 192 76 114 116 79 142 101 2367 2057 1312 639 165 407 75 50 310 81
cat_boundaries=0 1 2 3 4 5 6 7
cat_threshold=2 2 2 2 2 2 2
is_linear=0
shrinkage=0.06


Tree=23
num_leaves=31
num_cat=7
split_feature=1 1 0 3 0 1 3 3 3 3 3 2 0 3 3 0 2 3 2 3 3 3 3 3 0 3 3 3 0 0
split_gain=0.568728 0.27137 0.166664 0.133204 0.128831 0.118297 0.0987746 0.0916286 0.0723429 0.0661802 0.0486751 0.0398738 0.317647 0.037517 0.071417 0.0286665 0.0251293 0.0244228 0.0412358 0.0232797 0.135105 0.0219602 0.113019 0.0315117 0.0162433 0.0133333 0.0133333 0.0123854 0.0120968 0.00590024
threshold=675.00000000000011 594.00000000000011 0 12.500000000000002 1 772.20001220703136 12.500000000000002 18.500000000000004 12.500000000000002 12.500000000000002 11.500000000000002 1.0000000180025095e-35 2 14.500000000000002 20.500000000000004 3 3.4000000059604649 13.500000000000002 3.4000000059604649 18.500000000000004 17.000000000000004 18.500000000000004 13.500000000000002 20.500000000000004 4 20.500000000000004 19.500000000000004 19.500000000000004 5 6
decision_type=2 2 1 2 1 2 2 2 2 2 2 2 1 2 2 1 2 2 2 2 2 2 2 2 1 2 2 2 1 1
left_child=1 3 5 10 19 -2 15 9 -4 -7 -1 21 -13 17 26 -3 -11 18 -10 20 -5 22 -8 27 -24 -9 -15 -23 -25 -29
right_child=2 6 8 4 -6 7 11 25 13 16 -12 12 -14 14 -16 -17 -18 -19 -20 -21 -22 23 24 28 -26 -27 -28 29 -30 -31
leaf_value=-7.8806008211208542 -5.6433869095985516 -1.0050214232163579 3.1948910873488328 -1.3973991517903634 -3.9557432483481079 0.72303327020630959 -0.7502968140879489 -1.1201331694658074 2.8165090643704245 4.5953825656615477 0.26711986168505064 -2.1459634687833851 3.7735582926013107 6.9524194310328467 2.3999688579545135 -1.4835842463394147 6.5904925969665031 -0.40735006522217637 -1.068685548918288 -1.8965918642931137 -7.6685012062397364 -0.53992943720955278 1.5402573658975598 1.233802860472474 1.4507615648008958 2.6096835266906875 4.0148864537824442 -0.31401790208270997 -0.30819653501837591 -0.70303894052246962
leaf_weight=31 45 200 49 79 121 56 673 48 59 79 81 34 30 20 26 207 35 37 20 41 22 474 85 160 80 27 30 399 150 346
leaf_count=31 45 200 49 79 121 56 673 48 59 79 81 34 30 20 26 207 35 37 20 41 22 474 85 160 80 27 30 399 150 346
internal_value=-2.24373e-05 -0.000323064 0.00179661 -0.00184 -0.00257795 0.000827585 -0.000122623 0.00134694 0.00296265 0.00211765 -0.000107144 2.22117e-05 0.0015 0.0024375 0.00347368 -0.000987716 0.00294737 0.00175862 0.00235443 -0.00135211 -0.00184159 -1.77454e-05 0.000229116 -0.000153043 0.00163636 -0.000400001 0.0048 -0.000290403 0.000387095 -0.000442954
internal_weight=3744 3213 531 375 263 290 2838 245 241 170 112 2431 64 192 76 407 114 116 79 142 101 2367 838 1529 165 75 50 1219 310 745
internal_count=3744 3213 531 375 263 290 2838 245 241 170 112 2431 64 192 76 407 114 116 79 142 101 2367 838 1529 165 75 50 1219 310 745
cat_boundaries=0 1 2 3 4 5 6 7
cat_threshold=2 2 2 2 2 2 2
is_linear=0
shrinkage=0.06


Tree=24
num_leaves=31
num_cat=7
split_feature=1 1 0 3 0 1 3 3 3 3 3 2 0 3 3 0 2 3 2 3 3 3 3 3 0 3 3 3 0 0
split_gain=0.568728 0.27137 0.166664 0.133204 0.128831 0.118297 0.0987746 0.0916286 0.0723429 0.0661802 0.0486751 0.0398738 0.317647 0.037517 0.071417 0.0286665 0.0251293 0.0244228 0.0412358 0.0232797 0.135105 0.0219602 0.113019 0.0315117 0.0162433 0.0133333 0.0133333 0.0123854 0.0120968 0.00590024
threshold=675.00000000000011 594.00000000000011 0 12.500000000000002 1 772.20001220703136 12.500000000000002 18.500000000000004 12.500000000000002 12.500000000000002 11.500000000000002 1.0000000180025095e-35 2 14.500000000000002 20.500000000000004 3 3.4000000059604649 13.500000000000002 3.4000000059604649 18.500000000000004 17.000000000000004 18.500000000000004 13.500000000000002 20.500000000000004 4 20.500000000000004 19.500000000000004 19.500000000000004 5 6
decision_type=2 2 1 2 1 2 2 2 2 2 2 2 1 2 2 1 2 2 2 2 2 2 2 2 1 2 2 2 1 1
left_child=1 3 5 10 19 -2 15 9 -4 -7 -1 21 -13 17 26 -3 -11 18 -10 20 -5 22 -8 27 -24 -9 -15 -23 -25 -29
right_child=2 6 8 4 -6 7 11 25 13 16 -12 12 -14 14 -16 -17 -18 -19 -20 -21 -22 23 24 28 -26 -27 -28 29 -30 -31
leaf_value=-7.4077647718536008 -5.3047836950226364 -0.94472013782337627 3.0031976221079004 -1.3135552026829389 -3.7183986534472226 0.67965127399393077 -0.70527900524267129 -1.0529251792978584 2.6475185205082012 4.3196596117218542 0.25109266998394786 -2.0172056606563809 3.5471447950452291 6.5352742651708775 2.2559707264772442 -1.3945691915590486 6.1950630411485168 -0.382909061308851 -1.0045644159831955 -1.7827963524355277 -7.2083911338653524 -0.50753367097697721 1.4478419239437061 1.1597746888441269 1.363715870912847 2.45310251508924 3.7739932665554914 -0.29517682795774819 -0.28970474291727211 -0.66085660409112279
leaf_weight=31 45 200 49 79 121 56 673 48 59 79 81 34 30 20 26 207 35 37 20 41 22 474 85 160 80 27 30 399 150 346
leaf_count=31 45 200 49 79 121 56 673 48 59 79 81 34 30 20 26 207 35 37 20 41 22 474 85 160 80 27 30 399 150 346
internal_value=-2.24373e-05 -0.000323064 0.00179661 -0.00184 -0.00257795 0.000827585 -0.000122623 0.00134694 0.00296265 0.00211765 -0.000107144 2.22117e-05 0.0015 0.0024375 0.00347368 -0.000987716 0.00294737 0.00175862 0.00235443 -0.00135211 -0.00184159 -1.77454e-05 0.000229116 -0.000153043 0.00163636 -0.000400001 0.0048 -0.000290403 0.000387095 -0.000442954
internal_weight=3744 3213 531 375 263 290 2838 245 241 170 112 2431 64 192 76 407 114 116 79 142 101 2367 838 1529 165 75 50 1219 310 745
internal_count=3744 3213 531 375 263 290 2838 245 241 170 112 2431 64 192 76 407 114 116 79 142 101 2367 838 1529 165 75 50 1219 310 745
cat_boundaries=0 1 2 3 4 5 6 7
cat_threshold=2 2 2 2 2 2 2
is_linear=0
shrinkage=0.06


Tree=25
num_leaves=31
num_cat=6
split_feature=1 1 0 1 3 3 3 0 3 3 3 2 0 3 3 0 2 3 2 3 3 3 3 3 0 3 3 3 0 3
split_gain=0.558751 0.223161 0.166664 0.118297 0.109741 0.0987746 0.0916286 0.0853402 0.0723429 0.0661802 0.0486751 0.0398738 0.317647 0.037517 0.071417 0.0286665 0.0251293 0.0244228 0.0412358 0.0232797 0.135105 0.0219602 0.113019 0.0315117 0.0162433 0.0133333 0.0133333 0.0123854 0.0120968 0.0104469
threshold=675.00000000000011 594.00000000000011 0 772.20001220703136 12.500000000000002 12.500000000000002 18.500000000000004 1 12.500000000000002 12.500000000000002 11.500000000000002 1.0000000180025095e-35 2 14.500000000000002 20.500000000000004 3 3.4000000059604649 13.500000000000002 3.4000000059604649 18.500000000000004 17.000000000000004 18.500000000000004 13.500000000000002 20.500000000000004 4 20.500000000000004 19.500000000000004 19.500000000000004 5 17.000000000000004
decision_type=2 2 1 2 2 2 2 1 2 2 2 2 1 2 2 1 2 2 2 2 2 2 2 2 1 2 2 2 1 2
left_child=1 4 3 -2 10 15 9 19 -4 -5 -1 21 -13 17 26 -3 -11 18 -10 20 -6 22 -7 27 -24 -8 -15 -23 -25 -9
right_child=2 5 8 6 7 11 25 29 13 16 -12 12 -14 14 -16 -17 -18 -19 -20 -21 -22 23 24 28 -26 -27 -28 -29 -30 -31
leaf_value=-6.9632988855423834 -4.9864966733212812 -0.88803692955397084 2.8230057647814326 0.63887219755430025 -1.2347418905219654 -0.66296226492811006 -0.98974966853998703 -3.9578622389074827 2.4886674092777135 4.0604800350185446 0.23602710978491359 -1.8961733210169984 3.3343161073425138 6.1431578092606243 2.1206124828886095 -1.3108950400655044 5.8233592586796004 -0.35993451763032674 -0.94429055102420534 -1.6758285712893961 -6.7758876658334311 -0.4770816507183599 1.3609714085070799 1.0901882075134743 1.2818929186580816 2.3059163641838811 3.5475536705621669 -0.36023973320525782 -0.27232245834223701 -2.896263894262995
leaf_weight=31 45 200 49 56 79 673 48 59 59 79 81 34 30 20 26 207 35 37 20 41 22 474 85 160 80 27 30 745 150 62
leaf_count=31 45 200 49 56 79 673 48 59 59 79 81 34 30 20 26 207 35 37 20 41 22 474 85 160 80 27 30 745 150 62
internal_value=-6.41169e-06 -0.00030439 0.00179661 0.000827585 -0.00168 -0.000122623 0.00134694 -0.00234981 0.00296265 0.00211765 -0.000107144 2.22117e-05 0.0015 0.0024375 0.00347368 -0.000987716 0.00294737 0.00175862 0.00235443 -0.00135211 -0.00184159 -1.77454e-05 0.000229116 -0.000153043 0.00163636 -0.000400001 0.0048 -0.000290403 0.000387095 -0.00352066
internal_weight=3744 3213 531 290 375 2838 245 263 241 170 112 2431 64 192 76 407 114 116 79 142 101 2367 838 1529 165 75 50 1219 310 121
internal_count=3744 3213 531 290 375 2838 245 263 241 170 112 2431 64 192 76 407 114 116 79 142 101 2367 838 1529 165 75 50 1219 310 121
cat_boundaries=0 1 2 3 4 5 6
cat_threshold=2 2 2 2 2 2
is_linear=0
shrinkage=0.06


Tree=26
num_leaves=31
num_cat=6
split_feature=1 1 0 3 1 3 3 0 3 3 3 3 3 2 2 0 0 3 3 3 3 3 3 3 3 0 2 3 3 0
split_gain=0.453923 0.217143 0.160161 0.109741 0.101619 0.0940058 0.090907 0.0853402 0.0677391 0.0635587 0.071417 0.0486751 0.0414124 0.0487802 0.0412168 0.317647 0.0286665 0.0232797 0.135105 0.0183376 0.0364182 0.0150808 0.0595409 0.0133333 0.0133333 0.0120968 0.011337 0.109429 0.0104469 0.00590024
threshold=675.00000000000011 594.00000000000011 0 12.500000000000002 772.20001220703136 12.500000000000002 12.500000000000002 1 18.500000000000004 14.500000000000002 20.500000000000004 11.500000000000002 12.500000000000002 3.4000000059604649 1.0000000180025095e-35 2 3 18.500000000000004 17.000000000000004 20.500000000000004 19.500000000000004 13.500000000000002 18.500000000000004 20.500000000000004 19.500000000000004 4 3.4000000059604649 13.500000000000002 17.000000000000004 5
decision_type=2 2 1 2 2 2 2 1 2 2 2 2 2 2 2 1 1 2 2 2 2 2 2 2 2 1 2 2 2 1
left_child=1 3 4 11 -2 16 -4 17 12 26 24 -1 -6 -14 19 -16 -3 18 -5 20 21 -7 -23 -10 -11 -21 27 -8 -9 -22
right_child=2 5 6 7 8 14 9 28 23 10 -12 -13 13 -15 15 -17 -18 -19 -20 25 29 22 -24 -25 -26 -27 -28 -29 -30 -31
leaf_value=-6.5455009524098404 -4.6873068729220027 -0.83475471378073052 2.6536254188945532 -1.1606573770906485 0.60053986570104279 -0.62318452903242594 2.3393473647210516 -3.720390504573031 -0.93036468842758968 5.7745683407049864 1.9933757339152907 0.22186548319781876 3.8168512329174291 5.473957703158824 -1.7824029217559756 3.1342571409019642 -1.232241337661576 -1.5752788570120355 -6.3693344058834231 1.0247769150626709 -0.25585183428796426 1.2418749459489662 -0.44845675167525995 2.1675613823328419 3.3347004503284388 -0.25598311084170061 3.1329079742654753 -1.539919170764686 -2.7224880606072133 -0.59959082385333884
leaf_weight=31 45 200 49 79 56 673 59 59 48 20 26 81 79 35 34 30 207 41 22 160 399 165 474 27 30 150 37 20 62 346
leaf_count=31 45 200 49 79 56 673 59 59 48 20 26 81 79 35 34 30 207 41 22 160 399 165 474 27 30 150 37 20 62 346
internal_value=-5.44886e-05 -0.000323064 0.00157062 -0.00168 0.000620688 -0.000143765 0.00271369 -0.00234981 0.00110204 0.002125 0.00347368 -0.000107144 0.0017647 0.00242105 -2.46955e-06 0.0015 -0.000987716 -0.00135211 -0.00184159 -4.3094e-05 -0.000107926 8.23156e-05 0.000291078 -0.000400001 0.0048 0.000387095 0.00124138 0.000835442 -0.00352066 -0.000442954
internal_weight=3744 3213 531 375 290 2838 241 263 245 192 76 112 170 114 2431 64 407 142 101 2367 2057 1312 639 75 50 310 116 79 121 745
internal_count=3744 3213 531 375 290 2838 241 263 245 192 76 112 170 114 2431 64 407 142 101 2367 2057 1312 639 75 50 310 116 79 121 745
cat_boundaries=0 1 2 3 4 5 6
cat_threshold=2 2 2 2 2 2
is_linear=0
shrinkage=0.06


Tree=27
num_leaves=31
num_cat=8
split_feature=1 1 0 3 3 3 0 3 3 3 3 3 3 2 0 0 3 3 3 3 3 3 3 0 2 3 3 0 0 0
split_gain=0.509709 0.217143 0.130062 0.109741 0.0940058 0.090907 0.0853402 0.0809387 0.0635587 0.071417 0.0486751 0.0424335 0.04168 0.0412168 0.317647 0.0286665 0.0232797 0.135105 0.0183376 0.0364182 0.0150808 0.0595409 0.0133333 0.0120968 0.011337 0.109429 0.0104469 0.00590024 0.00568182 0.005516
threshold=675.00000000000011 594.00000000000011 0 12.500000000000002 12.500000000000002 12.500000000000002 1 14.500000000000002 14.500000000000002 20.500000000000004 11.500000000000002 12.500000000000002 19.500000000000004 1.0000000180025095e-35 2 3 18.500000000000004 17.000000000000004 20.500000000000004 19.500000000000004 13.500000000000002 18.500000000000004 19.500000000000004 4 3.4000000059604649 13.500000000000002 17.000000000000004 5 6 7
decision_type=2 2 1 2 2 2 1 2 2 2 2 2 2 2 1 1 2 2 2 2 2 2 2 1 2 2 2 1 1 1
left_child=1 3 7 10 15 -4 16 11 24 22 -1 -2 -9 18 -15 -3 17 -5 19 20 29 -22 -10 -20 25 -7 -8 -21 -12 -6
right_child=2 4 5 6 13 8 26 12 9 -11 28 -13 -14 14 -16 -17 -18 -19 23 27 21 -23 -24 -25 -26 -27 -28 -29 -30 -31
leaf_value=-6.1527708952652507 0.3656720436496505 -0.78466943095388608 2.4944078937608811 -1.0910179344652116 -0.72650097588455764 2.1989865228377852 -3.4971670742986474 -2.0739721809912246 5.4280942402626895 1.8737731898803667 -2.4940372802210047 3.7735914941461859 1.7057701620637475 -1.6754587464506163 2.946201712447849 -1.1583068574018829 -1.4807621255913159 -5.9871743415304151 0.9632903001589147 -0.24050072423068969 1.1673624491920327 -0.42154934657474313 3.1346184233087313 -0.24062412419119708 2.9449334958095492 -1.4475240205188018 -2.5591387769707783 -0.5636153744221406 -0.78760861246668123 -0.19702300922254379
leaf_weight=31 67 200 49 79 387 59 59 33 20 26 48 133 57 34 30 207 41 22 160 399 165 474 30 150 37 20 62 346 33 286
leaf_count=31 67 200 49 79 387 59 59 33 20 26 48 133 57 34 30 207 41 22 160 399 165 474 30 150 37 20 62 346 33 286
internal_value=-3.8463e-05 -0.000323064 0.00168361 -0.00168 -0.000143765 0.00271369 -0.00234981 0.000827585 0.002125 0.00347368 -0.000107144 0.0015 -0.000666668 -2.46955e-06 0.0015 -0.000987716 -0.00135211 -0.00184159 -4.3094e-05 -0.000107926 8.23156e-05 0.000291078 0.0048 0.000387095 0.00124138 0.000835442 -0.00352066 -0.000442954 0.000666665 -0.0001159
internal_weight=3744 3213 531 375 2838 241 263 290 192 76 112 200 90 2431 64 407 142 101 2367 2057 1312 639 50 310 116 79 121 745 81 673
internal_count=3744 3213 531 375 2838 241 263 290 192 76 112 200 90 2431 64 407 142 101 2367 2057 1312 639 50 310 116 79 121 745 81 673
cat_boundaries=0 1 2 3 4 5 6 7 8
cat_threshold=2 2 2 2 2 2 2 2
is_linear=0
shrinkage=0.06


Tree=28
num_leaves=31
num_cat=4
split_feature=1 1 3 0 0 3 3 3 2 3 3 3 3 0 2 2 3 3 3 3 2 3 3 1 3 3 2 0 3 3
split_gain=0.431724 0.225991 0.109741 0.0853402 0.0498737 0.0677391 0.0486751 0.0414124 0.0487802 0.0372734 0.0232797 0.135105 0.023271 0.0204272 0.18911 0.105879 0.317791 0.0388435 0.0342047 0.026609 0.0189036 0.0133333 0.0104469 0.00814397 0.00727084 0.0299763 0.00649807 0.0120968 0.00578475 0.0188993
threshold=772.20001220703136 594.00000000000011 12.500000000000002 0 1 18.500000000000004 11.500000000000002 12.500000000000002 3.4000000059604649 20.500000000000004 18.500000000000004 17.000000000000004 12.500000000000002 2 3.4000000059604649 1.0000000180025095e-35 13.500000000000002 12.500000000000002 19.500000000000004 12.500000000000002 3.4000000059604649 20.500000000000004 17.000000000000004 675.00000000000011 13.500000000000002 18.500000000000004 1.0000000180025095e-35 3 13.500000000000002 18.500000000000004
decision_type=2 2 2 1 1 2 2 2 2 2 2 2 2 1 2 2 2 2 2 2 2 2 2 2 2 2 2 1 2 2
left_child=1 2 6 10 5 7 -1 -2 -9 13 11 -4 -6 14 17 18 -17 -3 19 -15 -14 -7 -5 28 -21 -26 27 -11 -19 -30
right_child=4 9 3 22 12 21 -8 8 -10 26 -12 -13 20 15 -16 16 -18 23 -20 24 -22 -23 -24 -25 25 -27 -28 -29 29 -31
leaf_value=-5.7836046415493367 0.54256715114000054 -0.66850725031709546 -1.0255568583973005 -3.2873370498407279 1.2812954852152643 -0.81813958431010558 0.3339398506885034 3.361424669293624 4.9191047513205222 0.90549288214938306 -1.3919163980558347 -5.6279438810385933 2.6775978881540414 -1.0888084459577725 -4.5722861602484448 3.1746930725154101 -0.94181733335827822 -0.71062723253332016 -0.5297984519568103 -0.18520162866919007 7.3800644222175329 1.9351614896690397 -2.4055904503525287 -1.8284688310376884 1.0604250998301403 -0.59116157340767128 1.1041055678313523 -0.22618667673972595 0.93948783763821209 -0.20319738557352821
leaf_weight=31 56 205 79 59 37 48 81 79 35 160 41 22 132 207 21 21 27 389 346 286 39 27 62 25 80 215 33 150 88 663
leaf_count=31 56 205 79 59 37 48 81 79 35 160 41 22 132 207 21 21 27 389 346 286 39 27 62 25 80 215 33 150 88 663
internal_value=-5.44886e-05 -0.000293529 -0.00168 -0.00234981 0.00168212 0.00110204 -0.000107144 0.0017647 0.00242105 -0.000115228 -0.00135211 -0.00184159 0.00236538 -0.00019355 -0.00034939 -1.01537e-05 0.00275 -0.000262775 -0.000126986 9.13691e-05 0.00207017 -0.000400001 -0.00352066 -0.000128757 0.000299482 0.000508473 0.000472302 0.000387095 -0.000105265 -7.99078e-06
internal_weight=3744 3291 375 263 453 245 112 170 114 2916 142 101 208 2573 1391 1182 48 1370 1134 788 171 75 121 1165 581 295 343 310 1140 751
internal_count=3744 3291 375 263 453 245 112 170 114 2916 142 101 208 2573 1391 1182 48 1370 1134 788 171 75 121 1165 581 295 343 310 1140 751
cat_boundaries=0 1 2 3 4
cat_threshold=2 2 2 2
is_linear=0
shrinkage=0.06


Tree=29
num_leaves=31
num_cat=5
split_feature=1 1 3 3 0 3 0 3 3 2 0 2 2 3 3 3 3 3 3 0 3 3 3 1 3 3 2 0 3 3
split_gain=0.361057 0.187513 0.133333 0.107604 0.0746395 0.0347084 0.0296984 0.0677391 0.0414124 0.0487802 0.0269977 0.18911 0.10202 0.317791 0.0388435 0.0211687 0.0486751 0.0196366 0.026609 0.014628 0.0133333 0.010989 0.0364042 0.00814397 0.00727084 0.0299763 0.00649807 0.0120968 0.00578475 0.0188993
threshold=772.20001220703136 594.00000000000011 17.000000000000004 18.500000000000004 0 20.500000000000004 1 18.500000000000004 12.500000000000002 3.4000000059604649 2 3.4000000059604649 1.0000000180025095e-35 13.500000000000002 12.500000000000002 12.500000000000002 11.500000000000002 19.500000000000004 12.500000000000002 3 20.500000000000004 20.500000000000004 18.500000000000004 675.00000000000011 13.500000000000002 18.500000000000004 1.0000000180025095e-35 4 13.500000000000002 18.500000000000004
decision_type=2 2 2 2 1 2 1 2 2 2 1 2 2 2 2 2 2 2 2 1 2 2 2 2 2 2 2 1 2 2
left_child=1 2 15 -4 -5 10 7 8 -2 -10 11 14 17 -14 -3 16 -1 18 -12 -17 -9 22 -8 28 -20 -26 27 -7 -16 -30
right_child=6 5 3 4 -6 26 21 20 9 -11 12 -13 13 -15 23 19 -18 -19 24 -21 -22 -23 -24 -25 25 -27 -28 -29 29 -31
leaf_value=-5.4365883630563756 0.51001312207159932 -0.62839681529806735 -5.3864592803111346 -1.3084014141724833 -1.9506148217894042 0.85116330922041472 2.2678644130544989 -0.76905120925150106 3.1597391891360029 4.6239584662412954 -1.0234799392003082 -4.297948990633536 2.9842114881644846 -0.88530829335678074 -0.66798959858132323 -0.96402344689346287 0.3139034596471954 -0.49801054483940105 -0.17408953094903609 -3.0900968268502833 1.8190518002888938 1.6006909251983006 2.7273863145697419 -1.71876070117543 0.99679959384033279 -0.55569187900320915 1.0378592337614736 -0.21261547613534049 0.88311856737992456 -0.19100554243911802
leaf_weight=31 56 205 34 41 50 160 139 48 79 35 207 21 21 27 389 79 81 346 286 59 27 26 43 25 80 215 33 150 88 663
leaf_count=31 56 205 34 41 50 160 139 48 79 35 207 21 21 27 389 79 81 346 286 59 27 26 43 25 80 215 33 150 88 663
internal_value=-3.8463e-05 -0.000257066 -0.00152 -0.00312 -0.00204396 -9.46516e-05 0.00154967 0.00110204 0.0017647 0.00242105 -0.000170231 -0.00034939 4.06077e-05 0.00275 -0.000262775 -0.000720001 -0.000107144 -7.40755e-05 9.13691e-05 -0.00121739 -0.000400001 0.00207692 0.00224176 -0.000128757 0.000299482 0.000508473 0.000472302 0.000387095 -0.000105265 -7.99078e-06
internal_weight=3744 3291 375 125 91 2916 453 245 170 114 2573 1391 1182 48 1370 250 112 1134 788 138 75 208 182 1165 581 295 343 310 1140 751
internal_count=3744 3291 375 125 91 2916 453 245 170 114 2573 1391 1182 48 1370 250 112 1134 788 138 75 208 182 1165 581 295 343 310 1140 751
cat_boundaries=0 1 2 3 4 5
cat_threshold=2 2 2 2 2
is_linear=0
shrinkage=0.06


Tree=30
num_leaves=31
num_cat=8
split_feature=1 1 3 3 0 0 3 3 3 3 3 2 3 3 2 0 3 3 2 3 3 3 3 0 0 3 0 3 0 0
split_gain=0.328792 0.18514 0.133333 0.107604 0.0930212 0.0746395 0.0720428 0.0600766 0.0487919 0.101766 0.071417 0.0484712 0.04168 0.0406952 0.0398738 0.317647 0.0211687 0.0486751 0.018923 0.0162402 0.0261067 0.0150808 0.0595409 0.014628 0.0141333 0.0133333 0.0120968 0.0105323 0.00568182 0.005516
threshold=675.00000000000011 594.00000000000011 17.000000000000004 18.500000000000004 0 1 12.500000000000002 14.500000000000002 14.500000000000002 13.500000000000002 20.500000000000004 3.4000000059604649 19.500000000000004 12.500000000000002 1.0000000180025095e-35 2 12.500000000000002 11.500000000000002 3.4000000059604649 20.500000000000004 19.500000000000004 13.500000000000002 18.500000000000004 3 4 19.500000000000004 5 13.500000000000002 6 7
decision_type=2 2 2 2 1 1 2 2 2 2 2 2 2 2 2 1 2 2 2 2 2 2 2 1 1 2 1 2 1 1
left_child=1 2 16 -4 7 -5 24 11 9 13 25 27 -9 -6 19 -16 17 -1 -15 20 21 29 -23 -18 -3 -10 -21 -2 -19 -8
right_child=4 6 3 5 8 -7 14 12 10 -11 -12 -13 -14 18 15 -17 23 28 -20 26 -22 22 -24 -25 -26 -27 -28 -29 -30 -31
leaf_value=-5.1103930612729958 3.2209718389028112 -0.65977502115974396 -5.0632717234924689 -1.229897329322132 2.1317938262390541 -1.8335779324820418 -0.60019390746460888 -1.8543024025180577 5.1753014075478045 -0.5108441967001931 1.5046494696864054 -0.21880599589303681 1.6986553999536158 1.7703195933950193 -1.3922259513586936 2.6168102496929633 -0.90618204007985848 -2.3832656420278839 -1.831179336283576 0.80009351066718404 -0.2311763143396382 0.97388722062028588 -0.37260421009950279 -2.9046910172392653 -0.96207114284828776 2.5940276616234481 -0.19985854756722346 3.4731800698650486 -0.77922269433882319 -0.16364415909209581
leaf_weight=31 111 200 34 41 49 50 387 33 20 37 26 62 57 59 34 30 79 48 20 160 745 165 474 59 207 30 150 27 33 286
leaf_count=31 111 200 34 41 49 50 387 33 20 37 26 62 57 59 34 30 79 48 20 160 745 165 474 59 207 30 150 27 33 286
internal_value=-3.8463e-05 -0.000267042 -0.00152 -0.00312 0.00134463 -0.00204396 -0.000101481 0.000620688 0.00221577 0.00163636 0.00347368 0.0012 -0.000666668 0.0024375 2.22117e-05 0.0015 -0.000720001 -0.000107144 0.00159494 -1.77454e-05 -7.87569e-05 8.23156e-05 0.000291078 -0.00121739 -0.000840296 0.0048 0.000387095 0.00182609 0.000666665 -0.0001159
internal_weight=3744 3213 375 125 531 91 2838 290 241 165 76 200 90 128 2431 64 250 112 79 2367 2057 1312 639 138 407 50 310 138 81 673
internal_count=3744 3213 375 125 531 91 2838 290 241 165 76 200 90 128 2431 64 250 112 79 2367 2057 1312 639 138 407 50 310 138 81 673
cat_boundaries=0 1 2 3 4 5 6 7 8
cat_threshold=2 2 2 2 2 2 2 2
is_linear=0
shrinkage=0.06


Tree=31
num_leaves=31
num_cat=5
split_feature=1 1 3 3 0 3 0 3 0 2 2 3 3 3 3 3 3 3 0 3 2 3 1 3 3 2 0 2 3 3
split_gain=0.262943 0.187513 0.133333 0.107604 0.0746395 0.0347084 0.0271035 0.047451 0.0269977 0.18911 0.10202 0.317791 0.0388435 0.0224237 0.0211687 0.0486751 0.0196366 0.026609 0.014628 0.0133333 0.0109156 0.0354077 0.00814397 0.00727084 0.0299763 0.00649807 0.0120968 0.00642429 0.00578475 0.0188993
threshold=772.20001220703136 594.00000000000011 17.000000000000004 18.500000000000004 0 20.500000000000004 1 18.500000000000004 2 3.4000000059604649 1.0000000180025095e-35 13.500000000000002 12.500000000000002 12.500000000000002 12.500000000000002 11.500000000000002 19.500000000000004 12.500000000000002 3 20.500000000000004 3.4000000059604649 13.500000000000002 675.00000000000011 13.500000000000002 18.500000000000004 1.0000000180025095e-35 4 3.4000000059604649 13.500000000000002 18.500000000000004
decision_type=2 2 2 2 1 2 1 2 1 2 2 2 2 2 2 2 2 2 1 2 2 2 2 2 2 2 1 2 2 2
left_child=1 2 14 -4 -5 8 7 13 9 12 16 -12 -3 -2 15 -1 17 -10 -16 -9 21 -8 28 -19 -25 26 -7 -15 -14 -30
right_child=6 5 3 4 -6 25 20 19 10 -11 11 -13 22 27 18 -17 -18 23 -20 -21 -22 -23 -24 24 -26 -27 -28 -29 29 -31
leaf_value=-4.8037694775966129 0.39464100636020699 -0.55110650511060155 -4.7594754200829215 -1.1561034895628017 -1.7235632565331183 0.75208790002714976 1.5569028499835702 -0.67560299411010982 -0.90434687427739391 -4.0269436914419385 2.6481501977694637 -0.80153914395336556 -0.59189858821856656 2.776896527453673 -0.85181111767506457 0.34182279729683918 -0.45425933328865536 -0.15382550954657062 -2.7304095562049064 1.6079893682743431 3.7407170853554654 1.707811849400485 -1.6961661010550135 0.87855838497269811 -0.49999411365704188 0.86668768268594143 -0.18786703471318786 4.3596493180204039 0.77169822009991551 -0.16567463103238877
leaf_weight=31 56 205 34 41 50 160 86 48 207 21 21 27 389 79 79 81 346 286 59 27 49 73 25 80 215 33 150 35 88 663
leaf_count=31 56 205 34 41 50 160 86 48 207 21 21 27 389 79 79 81 346 286 59 27 49 73 25 80 215 33 150 35 88 663
internal_value=-7.05143e-05 -0.000257066 -0.00152 -0.00312 -0.00204396 -9.46516e-05 0.00128477 0.000857141 -0.000170231 -0.00034939 4.06077e-05 0.00275 -0.000262775 0.00141176 -0.000720001 -0.000107144 -7.40755e-05 9.13691e-05 -0.00121739 -0.000400001 0.00178846 0.00154717 -0.000128757 0.000299482 0.000508473 0.000472302 0.000387095 0.00189474 -0.000105265 -7.99078e-06
internal_weight=3744 3291 375 125 91 2916 453 245 2573 1391 1182 48 1370 170 250 112 1134 788 138 75 208 159 1165 581 295 343 310 114 1140 751
internal_count=3744 3291 375 125 91 2916 453 245 2573 1391 1182 48 1370 170 250 112 1134 788 138 75 208 159 1165 581 295 343 310 114 1140 751
cat_boundaries=0 1 2 3 4 5
cat_threshold=2 2 2 2 2
is_linear=0
shrinkage=0.06


Tree=32
num_leaves=31
num_cat=7
split_feature=1 1 3 0 3 1 1 0 3 3 2 0 3 3 3 3 3 0 0 3 0 2 3 2 0 3 3 3 3 3
split_gain=0.284305 0.18514 0.133333 0.118718 0.107604 0.0862069 0.0770446 0.0746395 0.0720428 0.047451 0.0398738 0.317647 0.0224237 0.0211687 0.0486751 0.0162402 0.0261067 0.014628 0.0141333 0.0133333 0.0120968 0.0109156 0.0354077 0.00642429 0.00568182 0.00456563 0.0313149 0.004121 0.0130797 0.00291975
threshold=675.00000000000011 594.00000000000011 17.000000000000004 0 18.500000000000004 772.20001220703136 772.20001220703136 1 12.500000000000002 18.500000000000004 1.0000000180025095e-35 2 12.500000000000002 12.500000000000002 11.500000000000002 20.500000000000004 19.500000000000004 3 4 20.500000000000004 5 3.4000000059604649 13.500000000000002 3.4000000059604649 6 13.500000000000002 18.500000000000004 20.500000000000004 19.500000000000004 12.500000000000002
decision_type=2 2 2 1 2 2 2 1 2 2 2 1 2 2 2 2 2 1 1 2 1 2 2 2 1 2 2 2 2 2
left_child=1 2 13 5 -4 -2 -5 -6 18 12 15 -12 -7 14 -1 16 25 -15 -3 -11 -17 22 29 -14 -16 -10 -27 28 -24 -8
right_child=3 8 4 6 7 9 21 -9 10 19 11 -13 23 17 24 20 -18 -19 -20 -21 -22 -23 27 -25 -26 26 -28 -29 -30 -31
leaf_value=-4.5155433089408188 -3.8496222257032136 -0.58712212958352439 -4.4739068948779455 2.0215827438804901 -1.0867372801890314 0.37096254597859568 0.84702446598956149 -1.6201494611411316 -0.4602108335345394 -0.63506681446350166 -1.2726080594909628 2.3971116725634021 2.6102827358064586 -0.80070245061455958 -2.2607790713440159 0.70696262602551996 -0.20043891762231025 -2.5665849828326119 -0.85008606182075019 1.5115100061778866 -0.17659501263039373 3.5162740602341338 0.88130356608865434 4.0980703589391743 -0.75297870051630067 0.86274048428470906 -0.34030747963158547 2.2137674840782982 -0.71259959411709584 1.5706862467923057
leaf_weight=31 45 200 34 33 41 56 27 50 673 48 34 30 79 79 48 160 745 59 207 27 150 49 25 35 33 165 474 25 23 59
leaf_count=31 45 200 34 33 41 56 27 50 673 48 34 30 79 79 48 160 745 59 207 27 150 49 25 35 33 165 474 25 23 59
internal_value=-5.44886e-05 -0.000267042 -0.00152 0.00123164 -0.00312 0.000413792 0.00221577 -0.00204396 -0.000101481 0.000857141 2.22117e-05 0.0015 0.00141176 -0.000720001 -0.000107144 -1.77454e-05 -7.87569e-05 -0.00121739 -0.000840296 -0.000400001 0.000387095 0.00178846 0.00154717 0.00189474 0.000666665 8.23156e-05 0.000197182 0.000575341 0.000249999 0.00237209
internal_weight=3744 3213 375 531 125 290 241 91 2838 245 2431 64 170 250 112 2367 2057 138 407 75 310 208 159 114 81 1312 639 73 48 86
internal_count=3744 3213 375 531 125 290 241 91 2838 245 2431 64 170 250 112 2367 2057 138 407 75 310 208 159 114 81 1312 639 73 48 86
cat_boundaries=0 1 2 3 4 5 6 7
cat_threshold=2 2 2 2 2 2 2
is_linear=0
shrinkage=0.06


Tree=33
num_leaves=31
num_cat=7
split_feature=1 1 2 0 3 0 3 3 3 3 3 2 3 3 3 0 3 3 2 3 3 0 0 3 0 0 3 3 3 3
split_gain=0.263447 0.155687 0.113374 0.199081 0.0853333 0.0662495 0.0600766 0.0571598 0.0490018 0.0828947 0.0521695 0.0484712 0.0439703 0.04168 0.0330162 0.0746395 0.0211687 0.0486751 0.018923 0.0162402 0.0261067 0.014628 0.0120968 0.0105323 0.00568182 0.00468617 0.00456563 0.0313149 0.00448718 0.00175439
threshold=675.00000000000011 594.00000000000011 1.0000000180025095e-35 0 17.000000000000004 1 14.500000000000002 12.500000000000002 14.500000000000002 19.500000000000004 13.500000000000002 3.4000000059604649 12.500000000000002 19.500000000000004 18.500000000000004 2 12.500000000000002 11.500000000000002 3.4000000059604649 20.500000000000004 19.500000000000004 3 4 13.500000000000002 5 6 13.500000000000002 18.500000000000004 20.500000000000004 20.500000000000004
decision_type=2 2 2 1 2 1 2 2 2 2 2 2 2 2 2 1 2 2 2 2 2 1 1 2 1 1 2 2 2 2
left_child=1 4 12 -4 16 6 11 -7 10 -10 18 23 25 -8 -6 -16 17 -1 -9 20 26 -18 -21 -2 -19 -3 -14 -28 -11 -15
right_child=5 2 3 -5 14 7 13 8 9 28 -12 -13 19 29 15 -17 21 24 -20 22 -22 -23 -24 -25 -26 -27 27 -29 -30 -31
leaf_value=-4.2446107104043724 2.9478801440880624 -0.55189480180850981 -1.196251575921506 2.2532849722096002 -4.2054724811852697 1.8596505577063225 -1.6644040698525659 1.4764450719847666 4.7752972672674039 2.0942906276768367 -0.60268281675907487 -0.66698744878602423 -0.43259818352246493 0.36212285682702711 -1.0215330433776899 -1.5229404934726607 -0.7526603035776831 -2.1251323270633748 -2.1567280448419339 0.66454486846399496 -0.18841258256496843 -2.4125898838626538 -0.16599931187256969 3.3351457497513244 -0.7077999784853205 -0.79908089811150373 0.81097605522762017 -0.31988903085368747 1.1790757414964901 1.4208194058072194
leaf_weight=31 111 200 34 30 34 49 33 59 20 30 37 62 673 30 41 50 79 48 20 160 745 59 150 27 33 207 165 474 26 27
leaf_count=31 111 200 34 30 34 49 33 59 20 30 37 62 673 30 41 50 79 48 20 160 745 59 150 27 33 207 165 474 26 27
internal_value=-6.41169e-06 -0.000211019 -5.9198e-05 0.0024375 -0.00136 0.00123164 0.000620688 0.0019668 0.0015 0.00268421 0.000724137 0.0012 -0.0001168 -0.000666668 -0.00264 -0.00204396 -0.000720001 -0.000107144 0.00159494 -1.77454e-05 -7.87569e-05 -0.00121739 0.000387095 0.00182609 0.000666665 -0.000692876 8.23156e-05 0.000197182 0.0015 0.000315788
internal_weight=3744 3213 2838 64 375 531 290 241 192 76 116 200 2774 90 125 91 250 112 79 2367 2057 138 310 138 81 407 1312 639 56 57
internal_count=3744 3213 2838 64 375 531 290 241 192 76 116 200 2774 90 125 91 250 112 79 2367 2057 138 310 138 81 407 1312 639 56 57
cat_boundaries=0 1 2 3 4 5 6 7
cat_threshold=2 2 2 2 2 2 2
is_linear=0
shrinkage=0.06


Tree=34
num_leaves=31
num_cat=6
split_feature=2 0 1 3 2 3 3 3 1 3 3 3 3 0 3 3 3 3 3 1 3 3 0 0 3 2 0 3 0 3
split_gain=0.25741 0.123424 0.122092 0.103848 0.0843333 0.0773915 0.0751598 0.0727637 0.0543873 0.0471236 0.0422427 0.0368724 0.0330162 0.0746395 0.0285474 0.0412329 0.0279535 0.0277778 0.0204198 0.0700407 0.0201096 0.0167614 0.0162446 0.014628 0.0132081 0.0107154 0.0103169 0.00557224 0.00468617 0.00456563
threshold=1.0000000180025095e-35 0 594.00000000000011 12.500000000000002 3.4000000059604649 20.500000000000004 11.500000000000002 13.500000000000002 772.20001220703136 12.500000000000002 13.500000000000002 17.000000000000004 18.500000000000004 1 13.500000000000002 17.000000000000004 18.500000000000004 20.500000000000004 19.500000000000004 675.00000000000011 20.500000000000004 12.500000000000002 2 3 12.500000000000002 3.4000000059604649 4 19.500000000000004 5 13.500000000000002
decision_type=2 1 2 2 2 2 2 2 2 2 2 2 2 1 2 2 2 2 2 2 2 2 1 1 2 2 1 2 1 2
left_child=2 8 3 6 5 7 -1 24 14 28 -6 23 -13 -14 -2 -16 21 -18 19 29 -20 -10 -22 -5 -3 -23 -8 -9 -4 -11
right_child=1 4 9 11 10 -7 26 27 16 18 -12 12 13 -15 15 -17 17 -19 20 -21 22 25 -24 -25 -26 -27 -28 -29 -30 -31
leaf_value=-3.9899340677801112 -8.6001534474757939 0.055070236947086126 -0.51878111369999713 -0.70750068536301947 4.8229334476416872 2.8098097428688518 -0.45328466377162613 -1.3516333743280156 0.38872404014705353 -0.40664229251111572 4.3249771523118739 -3.9531441323141507 -0.96024106077503113 -1.4315640638643004 -1.0513223868468984 -2.9522687031188957 -0.53357590983317937 3.6092353343239116 -0.17710782761106969 3.6730917308615716 0.51267487711263582 1.2398305874443849 -0.34798159473610213 -2.2678344908308938 1.4557700800108715 3.8922053843299937 0.55969261132664772 -1.5655285834695041 -0.7511360442248155 0.46740369252513608
leaf_weight=31 20 41 200 79 35 29 44 31 56 673 31 34 41 50 24 29 48 24 745 42 163 66 156 59 57 35 29 26 207 639
leaf_count=31 20 41 200 79 35 29 44 31 56 673 31 34 41 50 24 29 48 24 745 42 163 66 156 59 57 35 29 26 207 639
internal_value=-2.24373e-05 0.00117391 -0.000229325 -0.00125886 0.00216 0.0015 0.000346152 0.000967741 0.000357614 -9.55767e-05 0.004 -0.00189354 -0.00264 -0.00204396 -0.00106849 -0.000339624 0.000812226 -0.000166668 4.96135e-06 0.000159526 -0.000191731 0.00126115 0.000206895 -0.00121739 0.00195918 0.00172277 0.00139726 -0.000736844 -0.000692876 8.23156e-05
internal_weight=3744 552 3192 367 250 184 104 155 302 2825 66 263 125 91 73 53 229 72 2418 1354 1064 157 319 138 98 101 73 57 407 1312
internal_count=3744 552 3192 367 250 184 104 155 302 2825 66 263 125 91 73 53 229 72 2418 1354 1064 157 319 138 98 101 73 57 407 1312
cat_boundaries=0 1 2 3 4 5 6
cat_threshold=2 2 2 2 2 2
is_linear=0
shrinkage=0.06


Tree=35
num_leaves=31
num_cat=5
split_feature=2 0 1 3 2 3 3 1 3 3 3 3 0 3 3 3 3 3 3 1 3 3 0 3 2 0 3 3 3 0
split_gain=0.243802 0.123424 0.0940584 0.125634 0.0843333 0.0773915 0.0727637 0.0543873 0.0422427 0.0331292 0.0630199 0.0330162 0.0746395 0.0293166 0.0285474 0.0412329 0.0279535 0.0277778 0.0204198 0.0700407 0.0201096 0.0167614 0.0162446 0.0132081 0.0107154 0.0103169 0.00557224 0.00456563 0.0313149 0.00169186
threshold=1.0000000180025095e-35 0 594.00000000000011 17.000000000000004 3.4000000059604649 20.500000000000004 13.500000000000002 772.20001220703136 13.500000000000002 11.500000000000002 12.500000000000002 18.500000000000004 1 12.500000000000002 13.500000000000002 17.000000000000004 18.500000000000004 20.500000000000004 19.500000000000004 675.00000000000011 20.500000000000004 12.500000000000002 2 12.500000000000002 3.4000000059604649 3 19.500000000000004 13.500000000000002 18.500000000000004 4
decision_type=2 1 2 2 2 2 2 2 2 2 2 2 1 2 2 2 2 2 2 2 2 2 1 2 2 1 2 2 2 1
left_child=2 7 3 9 5 6 23 14 -6 -1 25 -5 -13 -4 -2 -16 21 -18 19 27 -20 -9 -22 -3 -23 -11 -8 29 -29 -15
right_child=1 4 13 11 8 -7 26 16 -10 10 -12 12 -14 18 15 -17 17 -19 20 -21 22 24 -24 -25 -26 -27 -28 28 -30 -31
leaf_value=-3.7505380237133021 -8.0841442406272463 0.051766022730258265 -0.61520368228805133 -3.7159554843753018 4.5335574407831905 2.6412211582967204 -1.2705353718683354 0.3654005977382303 4.0654785231731578 -0.42608758394533197 -1.0871712664176634 -0.90262659712852833 -1.3456702200324389 -0.45070127914952762 -0.98824304363608484 -2.7751325809317633 -0.50156135524318801 3.3926812142644711 -0.16648135795440652 3.4527062270098789 0.48191438448587631 1.165440752197719 -0.32710269905193629 1.368423875210222 3.658673061270191 0.52611105464704677 -1.471596868461329 0.73427327036245515 -0.32873991055397711 -0.066628900399684873
leaf_weight=31 20 41 407 34 35 29 31 56 31 44 138 41 50 387 24 29 48 24 745 42 163 66 156 57 35 29 26 165 474 286
leaf_count=31 20 41 407 34 35 29 31 56 31 44 138 41 50 387 24 29 48 24 745 42 163 66 156 57 35 29 26 165 474 286
internal_value=9.61395e-06 0.00117391 -0.000191731 -0.00109537 0.00216 0.0015 0.000967741 0.000357614 0.004 -0.000297522 -2.84374e-05 -0.00264 -0.00204396 -7.43377e-05 -0.00106849 -0.000339624 0.000812226 -0.000166668 4.96135e-06 0.000159526 -0.000191731 0.00126115 0.000206895 0.00195918 0.00172277 0.00139726 -0.000736844 8.23156e-05 0.000197182 -2.67473e-05
internal_weight=3744 552 3192 367 250 184 155 302 66 242 211 125 91 2825 73 53 229 72 2418 1354 1064 157 319 98 101 73 57 1312 639 673
internal_count=3744 552 3192 367 250 184 155 302 66 242 211 125 91 2825 73 53 229 72 2418 1354 1064 157 319 98 101 73 57 1312 639 673
cat_boundaries=0 1 2 3 4 5
cat_threshold=2 2 2 2 2
is_linear=0
shrinkage=0.06


Tree=36
num_leaves=31
num_cat=5
split_feature=2 0 1 3 2 3 3 1 3 3 3 3 0 3 3 3 3 3 3 1 3 3 0 3 2 0 3 3 3 0
split_gain=0.243802 0.123424 0.0940584 0.125634 0.0843333 0.0773915 0.0727637 0.0543873 0.0422427 0.0331292 0.0630199 0.0330162 0.0746395 0.0293166 0.0285474 0.0412329 0.0279535 0.0277778 0.0204198 0.0700407 0.0201096 0.0167614 0.0162446 0.0132081 0.0107154 0.0103169 0.00557224 0.00456563 0.0313149 0.00169186
threshold=1.0000000180025095e-35 0 594.00000000000011 17.000000000000004 3.4000000059604649 20.500000000000004 13.500000000000002 772.20001220703136 13.500000000000002 11.500000000000002 12.500000000000002 18.500000000000004 1 12.500000000000002 13.500000000000002 17.000000000000004 18.500000000000004 20.500000000000004 19.500000000000004 675.00000000000011 20.500000000000004 12.500000000000002 2 12.500000000000002 3.4000000059604649 3 19.500000000000004 13.500000000000002 18.500000000000004 4
decision_type=2 1 2 2 2 2 2 2 2 2 2 2 1 2 2 2 2 2 2 2 2 2 1 2 2 1 2 2 2 1
left_child=2 7 3 9 5 6 23 14 -6 -1 25 -5 -13 -4 -2 -16 21 -18 19 27 -20 -9 -22 -3 -23 -11 -8 29 -29 -15
right_child=1 4 13 11 8 -7 26 16 -10 10 -12 12 -14 18 15 -17 17 -19 20 -21 22 24 -24 -25 -26 -27 -28 28 -30 -31
leaf_value=-3.5255057422905063 -7.5990955861896134 0.048660061366436531 -0.57829146135076548 -3.4929981553127845 4.2615439943361997 2.4827478887989165 -1.194303249556232 0.34347656187393566 3.8215498117827682 -0.40052232890861206 -1.0219409904326064 -0.84846900130081393 -1.2649300068304956 -0.42365920240055854 -0.9289484610179195 -2.6086246260758572 -0.47146767392859529 3.1891203414086022 -0.15649247647714531 3.2455438533892842 0.45299952141672289 1.0955143070658504 -0.30747653710882106 1.2863184426976078 3.4391526775939734 0.49454439136822653 -1.3833010563536481 0.69021687414070132 -0.30901551592073928 -0.062631166375704192
leaf_weight=31 20 41 407 34 35 29 31 56 31 44 138 41 50 387 24 29 48 24 745 42 163 66 156 57 35 29 26 165 474 286
leaf_count=31 20 41 407 34 35 29 31 56 31 44 138 41 50 387 24 29 48 24 745 42 163 66 156 57 35 29 26 165 474 286
internal_value=9.61395e-06 0.00117391 -0.000191731 -0.00109537 0.00216 0.0015 0.000967741 0.000357614 0.004 -0.000297522 -2.84374e-05 -0.00264 -0.00204396 -7.43377e-05 -0.00106849 -0.000339624 0.000812226 -0.000166668 4.96135e-06 0.000159526 -0.000191731 0.00126115 0.000206895 0.00195918 0.00172277 0.00139726 -0.000736844 8.23156e-05 0.000197182 -2.67473e-05
internal_weight=3744 552 3192 367 250 184 155 302 66 242 211 125 91 2825 73 53 229 72 2418 1354 1064 157 319 98 101 73 57 1312 639 673
internal_count=3744 552 3192 367 250 184 155 302 66 242 211 125 91 2825 73 53 229 72 2418 1354 1064 157 319 98 101 73 57 1312 639 673
cat_boundaries=0 1 2 3 4 5
cat_threshold=2 2 2 2 2
is_linear=0
shrinkage=0.06


Tree=37
num_leaves=31
num_cat=5
split_feature=2 0 2 3 3 1 3 3 1 3 3 3 0 3 3 3 3 3 3 1 3 3 2 0 3 3 0 3 3 0
split_gain=0.243802 0.123424 0.0843333 0.0773915 0.0727637 0.0631028 0.0794218 0.0558733 0.0543873 0.0422427 0.0331292 0.0630199 0.0317824 0.0285474 0.0412329 0.0279535 0.0277778 0.0267329 0.0275024 0.0700407 0.0167614 0.0132081 0.0107154 0.0103169 0.00901707 0.00557224 0.00528248 0.00456563 0.0313149 0.00169186
threshold=1.0000000180025095e-35 0 3.4000000059604649 20.500000000000004 13.500000000000002 594.00000000000011 17.000000000000004 18.500000000000004 772.20001220703136 13.500000000000002 11.500000000000002 12.500000000000002 1 13.500000000000002 17.000000000000004 18.500000000000004 20.500000000000004 12.500000000000002 19.500000000000004 675.00000000000011 12.500000000000002 12.500000000000002 3.4000000059604649 2 20.500000000000004 19.500000000000004 3 13.500000000000002 18.500000000000004 4
decision_type=2 1 2 2 2 2 2 2 2 2 2 2 1 2 2 2 2 2 2 2 2 2 2 1 2 2 1 2 2 1
left_child=5 8 3 4 21 6 10 -8 13 -4 -1 23 -9 -2 -15 20 -17 -7 19 27 -10 -3 -22 -12 -20 -6 -26 29 -29 -19
right_child=1 2 9 -5 25 17 7 12 15 -11 11 -13 -14 14 -16 16 -18 18 24 -21 22 -23 -24 -25 26 -27 -28 28 -30 -31
leaf_value=-3.3139753977530746 -7.1431498510182365 0.045740457684447108 4.0058513546760217 2.33378301547098 -1.1226450545828575 -0.54359397366971918 -3.2834182659940185 -0.79756086122276426 0.32286796816149488 3.592256823075807 -0.37649098917409218 -0.96062453100664724 -1.1890342064206674 -0.87321155335684153 -2.4521071485113044 -0.44317961349287927 2.9977731209240845 -0.39823965025652341 -0.14710292788851431 3.0508112221859243 1.029783448641906 1.2091393361357505 3.2328035169383371 0.46487172788613407 0.42581955013171408 -1.3003029929724244 -0.28902794488228889 0.64880386169225401 -0.29047458496549777 -0.058873296393162487
leaf_weight=31 20 41 35 29 31 407 34 41 56 31 44 138 50 24 29 48 24 387 745 42 66 57 35 29 163 26 156 165 474 286
leaf_count=31 20 41 35 29 31 407 34 41 56 31 44 138 50 24 29 48 24 387 745 42 66 57 35 29 163 26 156 165 474 286
internal_value=9.61395e-06 0.00117391 0.00216 0.0015 0.000967741 -0.000191731 -0.000931882 -0.00216 0.000357614 0.004 -0.000297522 -2.84374e-05 -0.00138462 -0.00106849 -0.000339624 0.000812226 -0.000166668 -9.55767e-05 -1.98525e-05 0.000159526 0.00126115 0.00195918 0.00172277 0.00139726 -0.000248122 -0.000736844 1.88073e-05 8.23156e-05 0.000197182 -2.67473e-05
internal_weight=3744 552 250 184 155 3192 367 125 302 66 242 211 91 73 53 229 72 2825 2418 1354 157 98 101 73 1064 57 319 1312 639 673
internal_count=3744 552 250 184 155 3192 367 125 302 66 242 211 91 73 53 229 72 2825 2418 1354 157 98 101 73 1064 57 319 1312 639 673
cat_boundaries=0 1 2 3 4 5
cat_threshold=2 2 2 2 2
is_linear=0
shrinkage=0.06


Tree=38
num_leaves=31
num_cat=7
split_feature=2 0 1 3 2 3 1 3 3 3 3 0 3 3 3 3 1 3 0 3 3 3 2 0 3 0 3 3 0 0
split_gain=0.319866 0.129149 0.0705965 0.0680942 0.0410453 0.0555263 0.0408426 0.101975 0.0558733 0.0427058 0.0403879 0.0317824 0.0285474 0.0412329 0.0267329 0.0275024 0.0700407 0.010523 0.0103169 0.00971558 0.028637 0.0167412 0.0138908 0.00921771 0.00901707 0.00528248 0.00456563 0.0313149 0.00169186 0.00140398
threshold=1.0000000180025095e-35 0 772.20001220703136 14.500000000000002 3.4000000059604649 12.500000000000002 594.00000000000011 17.000000000000004 18.500000000000004 11.500000000000002 12.500000000000002 1 13.500000000000002 17.000000000000004 12.500000000000002 19.500000000000004 675.00000000000011 20.500000000000004 2 19.500000000000004 13.500000000000002 12.500000000000002 3.4000000059604649 3 20.500000000000004 4 13.500000000000002 18.500000000000004 5 6
decision_type=2 1 2 2 2 2 2 2 2 2 2 1 2 2 2 2 2 2 1 2 2 2 2 1 2 1 2 2 1 1
left_child=6 2 12 4 5 -3 7 9 -9 -1 18 -10 -2 -14 -8 16 26 -5 -11 20 21 -4 -23 -12 29 -26 28 -28 -16 -17
right_child=1 3 19 17 -6 -7 14 8 11 10 23 -13 13 -15 15 24 -18 -19 -20 -21 -22 22 -24 -25 25 -27 27 -29 -30 -31
leaf_value=-3.1151368738878884 -6.7145608599571398 0.042996030223385502 0.30349589007180383 1.9110531408842242 4.5560072160142484 -0.88639474244748417 -0.51097833524953284 -3.0864131700343793 -0.74970720954939674 -0.35390152982364953 -0.48086643696982645 -1.1176921540354305 -0.82081886015542771 -2.3049807196006236 -0.37434527124113171 -0.11644528296665158 2.8677625488547651 2.8112433241165493 0.43697942421296598 3.0838925049016916 -0.85453824608531348 0.60263399719175592 3.1615238501760765 -1.9475802141096301 0.40027037712380659 -0.2716862681893531 0.60987562999072453 -0.27304610986756644 -0.055340898609574647 -0.36484160788422743
leaf_weight=31 20 41 56 52 53 70 407 34 41 44 79 50 24 29 387 399 42 34 29 54 34 58 27 59 163 156 165 474 286 346
leaf_count=31 20 41 56 52 53 70 407 34 41 44 79 50 24 29 387 399 42 34 29 54 34 58 27 59 163 156 165 474 286 346
internal_value=5.76909e-05 0.0013913 0.00055629 0.0024 0.00168293 0.00102703 -0.000172934 -0.000768394 -0.00216 -4.95882e-05 0.000255923 -0.00138462 -0.00106849 -0.000339624 -9.55767e-05 -1.98525e-05 0.000159526 0.00376744 0.00139726 0.00107423 0.000857141 0.00123404 0.0017647 -0.000347828 -0.000248122 1.88073e-05 8.23156e-05 0.000197182 -2.67473e-05 -0.000362418
internal_weight=3744 552 302 250 164 111 3192 367 125 242 211 91 73 53 2825 2418 1354 86 73 229 175 141 85 138 1064 319 1312 639 673 745
internal_count=3744 552 302 250 164 111 3192 367 125 242 211 91 73 53 2825 2418 1354 86 73 229 175 141 85 138 1064 319 1312 639 673 745
cat_boundaries=0 1 2 3 4 5 6 7
cat_threshold=2 2 2 2 2 2 2
is_linear=0
shrinkage=0.06


Tree=39
num_leaves=31
num_cat=6
split_feature=2 0 2 3 3 1 3 3 3 3 3 0 3 3 3 3 3 1 3 0 0 3 3 0 3 3 1 3 3 0
split_gain=0.312225 0.075003 0.0843333 0.0773915 0.0727637 0.0434619 0.101975 0.0558733 0.0427058 0.0422427 0.0403879 0.0317824 0.0293166 0.0279561 0.0918408 0.0475461 0.0204198 0.0700407 0.0132081 0.0103169 0.00921771 0.00560964 0.00557224 0.00528248 0.00456563 0.0313149 0.00320513 0.00833333 0.00192308 0.00169186
threshold=1.0000000180025095e-35 0 3.4000000059604649 20.500000000000004 13.500000000000002 594.00000000000011 17.000000000000004 18.500000000000004 11.500000000000002 13.500000000000002 12.500000000000002 1 12.500000000000002 17.000000000000004 19.500000000000004 12.500000000000002 19.500000000000004 675.00000000000011 12.500000000000002 2 3 20.500000000000004 19.500000000000004 4 13.500000000000002 18.500000000000004 772.20001220703136 20.500000000000004 13.500000000000002 5
decision_type=2 1 2 2 2 2 2 2 2 2 2 1 2 2 2 2 2 2 2 1 1 2 2 1 2 2 2 2 2 1
left_child=5 13 3 4 18 6 8 -8 -1 -4 19 -9 -7 15 -15 -2 17 24 -3 -10 -12 -18 -6 -23 29 -26 -16 -28 -17 -14
right_child=1 2 9 -5 22 12 7 11 10 -11 20 -13 16 14 26 28 21 -19 -20 -21 -22 23 -24 -25 25 -27 27 -29 -30 -31
leaf_value=-2.9282286614546158 -0.80678535351188496 0.040416268409986231 3.4921398404346085 2.0250814350957298 -1.0021026667610353 -0.48031963513456 -2.9012283798323186 -0.70472477697643621 -0.33266743803422738 3.2080468528762411 -0.45201445075163904 -1.0506306247933026 -0.35188455496666166 -1.3962804489788969 -0.74781007817833145 1.5836125657273203 -0.12532825907083622 2.6956967959234848 1.1897746605144568 0.41076065876018902 -1.8307254012630527 0.37625415449637328 -1.3369480018471358 -0.25538509209799259 0.57328309219128182 -0.25666334327551338 0.2723490082731837 2.6328731833745267 0.29466669508905791 -0.052020444693002897
leaf_weight=31 71 41 35 29 31 407 34 41 44 31 79 50 387 23 24 90 745 42 57 29 59 163 26 156 165 474 30 24 40 286
leaf_count=31 71 41 35 29 31 407 34 41 44 31 79 50 387 23 24 90 745 42 57 29 59 163 26 156 165 474 30 24 40 286
internal_value=7.37165e-05 0.0013913 0.00216 0.0015 0.000967741 -0.000154137 -0.000768394 -0.00216 -4.95882e-05 0.004 0.000255923 -0.00138462 -7.43377e-05 0.000754965 -5.94074e-05 0.00116418 4.96135e-06 0.000159526 0.00195918 0.00139726 -0.000347828 -0.000191731 -0.000736844 1.88073e-05 8.23156e-05 0.000197182 0.000923075 0.000666665 0.00184615 -2.67473e-05
internal_weight=3744 552 250 184 155 3192 367 125 242 66 211 91 2825 302 101 201 2418 1354 98 73 138 1064 57 319 1312 639 78 54 130 673
internal_count=3744 552 250 184 155 3192 367 125 242 66 211 91 2825 302 101 201 2418 1354 98 73 138 1064 57 319 1312 639 78 54 130 673
cat_boundaries=0 1 2 3 4 5 6
cat_threshold=2 2 2 2 2 2
is_linear=0
shrinkage=0.06


Tree=40
num_leaves=31
num_cat=6
split_feature=2 0 3 3 1 3 1 3 3 2 1 2 3 3 3 3 3 1 1 0 0 3 3 3 3 1 0 3 0 0
split_gain=0.255913 0.0977139 0.0940942 0.126098 0.128725 0.0352181 0.0216314 0.0249554 0.0737813 0.0223564 0.0192295 0.0172365 0.0164237 0.0132985 0.154524 0.0124332 0.012317 0.0412295 0.030727 0.0126851 0.010665 0.010523 0.0102467 0.00971194 0.00833333 0.00669017 0.0069472 0.00430307 0.00302419 0.00169186
threshold=1.0000000180025095e-35 0 14.500000000000002 13.500000000000002 772.20001220703136 11.500000000000002 675.00000000000011 17.000000000000004 19.500000000000004 3.4000000059604649 675.00000000000011 3.4000000059604649 12.500000000000002 17.000000000000004 18.500000000000004 20.500000000000004 13.500000000000002 594.00000000000011 594.00000000000011 1 2 20.500000000000004 14.500000000000002 12.500000000000002 20.500000000000004 594.00000000000011 3 19.500000000000004 4 5
decision_type=2 1 2 2 2 2 2 2 2 2 2 2 2 2 2 2 2 2 2 1 1 2 2 2 2 2 1 2 1 1
left_child=5 6 3 4 -3 -1 -2 9 -9 -8 13 12 -6 16 -15 25 17 19 20 -7 -18 -4 -12 -19 -10 26 -16 -27 -17 -25
right_child=1 2 21 -5 11 10 7 8 24 -11 22 -13 -14 14 15 28 18 23 -20 -21 -22 -23 -24 29 -26 27 -28 -29 -30 -31
leaf_value=-2.7525349417673417 0.070205384950796937 2.074644914115741 1.8312549081629794 -0.94197223142127418 0.66754501992611492 -0.69879232266915781 2.1208907678691502 -1.3125036220401667 0.2560080677767928 -0.81764336300807827 1.9889892140072243 -3.9629001798993735 0.61541048539721488 -2.7271546770423787 -0.66244129035784682 0.46567620447011449 -0.36284469678350662 -0.45150045702648367 0.53888610665980197 0.38611501923457808 -1.7208818771872687 2.4713793468611351 -4.6409729160306448 -0.3307714816686621 2.4749007923720501 -0.24126354267898475 -0.9875927873057071 -0.11780856352658917 -0.04811974499622465 -0.048899218011424633
leaf_weight=31 38 25 52 31 27 45 125 23 30 62 31 30 51 34 41 160 78 407 165 29 59 34 20 387 24 474 50 745 150 286
leaf_count=31 38 25 52 31 27 45 125 23 30 62 31 30 51 34 41 160 78 407 165 29 59 34 20 387 24 474 50 745 150 286
internal_value=8.97422e-05 0.00128261 0.00216 0.00131707 0.0021203 -0.000116543 0.00055629 0.000363635 -0.000545456 0.000737966 -9.68062e-05 0.00122222 0.00169231 -0.000115757 -0.000232166 -0.00014815 1.64821e-05 -7.27917e-05 0.000357614 0.0012973 -0.000306571 0.00376744 0.00105882 -0.000166668 0.000666665 -0.000229009 -0.000725276 -0.000191962 0.000193547 -2.67473e-05
internal_weight=3744 552 250 164 133 3192 302 264 77 187 3161 108 78 3110 1654 1620 1456 1154 302 74 137 86 51 1080 54 1310 91 1219 310 673
internal_count=3744 552 250 164 133 3192 302 264 77 187 3161 108 78 3110 1654 1620 1456 1154 302 74 137 86 51 1080 54 1310 91 1219 310 673
cat_boundaries=0 1 2 3 4 5 6
cat_threshold=2 2 2 2 2 2
is_linear=0
shrinkage=0.06


Tree=41
num_leaves=31
num_cat=10
split_feature=2 0 1 3 1 3 3 3 1 3 3 3 3 3 3 0 0 3 0 3 0 3 2 0 3 0 0 3 0 0
split_gain=0.231755 0.0892741 0.0875223 0.0422427 0.0370603 0.048 0.0847085 0.0350779 0.0171421 0.0160945 0.0254028 0.014592 0.0129382 0.00925875 0.017323 0.00921771 0.00704887 0.0130797 0.0069472 0.00596184 0.00568182 0.00516092 0.0124795 0.00425936 0.00338361 0.00313346 0.00302419 0.0016835 0.00115614 0.0010498
threshold=3.4000000059604649 0 675.00000000000011 13.500000000000002 594.00000000000011 17.000000000000004 18.500000000000004 11.500000000000002 772.20001220703136 20.500000000000004 13.500000000000002 12.500000000000002 12.500000000000002 18.500000000000004 13.500000000000002 1 2 19.500000000000004 3 13.500000000000002 4 20.500000000000004 1.0000000180025095e-35 5 19.500000000000004 6 7 14.500000000000002 8 9
decision_type=2 1 2 2 2 2 2 2 2 2 2 2 2 2 2 1 1 2 1 2 1 2 2 1 2 1 1 2 1 1
left_child=2 19 4 -3 5 7 -7 -1 27 10 -10 20 29 14 23 -13 -12 -18 -8 -2 -9 24 26 -14 -15 -11 -23 -4 -16 -6
right_child=1 3 8 -5 12 6 18 11 9 25 16 15 13 21 28 -17 17 -19 -20 -21 -22 22 -24 -25 -26 -27 -28 -29 -30 -31
leaf_value=-2.5873828452613044 0.46518896298722995 3.5203854608024923 0.11486607716694758 2.8672813083631539 -0.29686099419484208 -2.5635253964198386 -0.62269481293637685 -1.8151195760599648 1.6178625134371538 3.8421834734064806 -0.31268540375711723 -0.40312290189952527 -0.33864150797037607 -0.22678773011824432 0.36920878286941389 -1.6176289645560336 0.24674880897897503 -0.59657888888726118 -0.92833722006736252 -0.58835870035722193 -0.86207647302234358 0.43773563220190681 -1.1420076450336007 0.25354244045692209 -0.104556170051741 0.95568093585328817 -0.045232560296449266 2.3189552715810438 0.28855494860099495 -0.51527462888817122
leaf_weight=31 48 35 32 31 200 34 41 48 192 22 57 79 389 474 88 59 25 23 50 37 33 160 25 292 752 25 150 22 83 207
leaf_count=31 48 35 32 31 200 34 41 48 192 22 57 79 389 474 88 59 25 23 50 37 33 160 25 292 752 25 150 22 83 207
internal_value=4.16652e-05 0.00234437 -5.51086e-05 0.004 -0.000159626 -0.000720001 -0.00168 -0.000240001 0.000783918 0.000627906 0.000464645 2.73958e-05 -8.51078e-05 -3.23263e-05 0.000126759 -0.000347828 -0.000285716 0.000249999 -0.000725276 0.00105882 0.000666665 -0.000119156 8.95508e-05 -8.812e-06 -0.000176184 0.00165957 0.000193547 0.00177778 0.000666665 -0.000398036
internal_weight=3744 151 3593 66 3195 375 125 250 398 344 297 219 2820 2413 852 138 105 48 91 85 81 1561 335 681 1226 47 310 54 171 407
internal_count=3744 151 3593 66 3195 375 125 250 398 344 297 219 2820 2413 852 138 105 48 91 85 81 1561 335 681 1226 47 310 54 171 407
cat_boundaries=0 1 2 3 4 5 6 7 8 9 10
cat_threshold=2 2 2 2 2 2 2 2 2 2
is_linear=0
shrinkage=0.06


Tree=42
num_leaves=31
num_cat=8
split_feature=2 1 3 1 3 3 3 3 3 1 0 3 3 3 0 2 0 3 0 3 3 3 3 0 0 0 3 3 0 3
split_gain=0.156015 0.0806931 0.0573246 0.0421947 0.048 0.0847085 0.0350779 0.0238254 0.0497158 0.0171421 0.0170905 0.0160945 0.0254028 0.014592 0.00921771 0.00711421 0.00704887 0.0130797 0.0069472 0.0064322 0.00809865 0.0322369 0.00776388 0.00568182 0.00313346 0.00302419 0.0026501 0.00182772 0.00169186 0.0016835
threshold=3.4000000059604649 675.00000000000011 19.500000000000004 594.00000000000011 17.000000000000004 18.500000000000004 11.500000000000002 13.500000000000002 12.500000000000002 772.20001220703136 0 20.500000000000004 13.500000000000002 12.500000000000002 1 1.0000000180025095e-35 2 19.500000000000004 3 12.500000000000002 18.500000000000004 13.500000000000002 20.500000000000004 4 5 6 20.500000000000004 19.500000000000004 7 14.500000000000002
decision_type=2 2 2 2 2 2 2 2 2 2 1 2 2 2 1 2 1 2 1 2 2 2 2 1 1 1 2 2 1 2
left_child=1 3 7 4 6 -6 -1 8 -2 29 -10 12 -11 23 -15 19 -14 -18 -7 -5 21 28 27 -8 -13 -24 -17 -22 -21 -3
right_child=2 9 -4 15 5 18 13 -9 10 11 -12 24 16 14 -16 26 17 -19 -20 20 22 -23 25 -25 -26 -27 -28 -29 -30 -31
leaf_value=-2.4321398745456233 -0.56974472575740065 0.10797411253692864 3.2519306921233371 -0.39873575225230351 -2.409713872634645 -0.58533312416019267 -1.7062124014963682 -0.055263414189118613 1.8349936816509489 1.5207907626309276 3.0165614460772074 3.6116524650020891 -0.29392427953169203 -0.3789355277855514 -1.5205712266826708 -7.4212519791475087 0.23194388044023723 -0.56078415555402439 -0.87263698686331737 -0.29060670229032209 -0.21318046631115292 0.4892396433441536 0.41147149426979923 -0.81035188464099972 0.89834007970209306 -0.042518606678663674 -1.0734871863315865 -0.10446667951188589 -0.061177811358154484 2.1798179552861843
leaf_weight=31 30 32 29 407 34 41 48 39 30 192 23 22 57 79 59 21 25 23 50 387 474 165 160 33 25 150 25 745 286 22
leaf_count=31 30 32 29 407 34 41 48 39 30 192 23 22 57 79 59 21 25 23 50 387 474 165 160 33 25 150 25 745 286 22
internal_value=5.76909e-05 -2.17103e-05 0.00194702 -0.000122067 -0.000720001 -0.00168 -0.000240001 0.00137705 0.00195181 0.000783918 0.0030566 0.000627906 0.000464645 2.73958e-05 -0.000347828 -4.25546e-05 -0.000285716 0.000249999 -0.000725276 -3.02826e-05 7.60313e-06 0.000157516 -7.456e-05 0.000666665 0.00165957 0.000193547 -0.00078261 -0.000142741 -2.67473e-05 0.00177778
internal_weight=3744 3593 151 3195 375 125 250 122 83 398 53 344 297 219 138 2820 105 48 91 2774 2367 838 1529 81 47 310 46 1219 673 54
internal_count=3744 3593 151 3195 375 125 250 122 83 398 53 344 297 219 138 2820 105 48 91 2774 2367 838 1529 81 47 310 46 1219 673 54
cat_boundaries=0 1 2 3 4 5 6 7 8
cat_threshold=2 2 2 2 2 2 2 2
is_linear=0
shrinkage=0.06


Tree=43
num_leaves=31
num_cat=9
split_feature=2 3 0 2 0 1 1 3 1 3 0 3 1 3 3 3 1 3 1 1 0 0 3 0 3 0 3 3 0 0
split_gain=0.107774 0.0738428 0.0687903 0.0411178 0.0604851 0.0964229 0.0379425 0.0700559 0.0486191 0.0372194 0.0235294 0.0193676 0.0173811 0.0102467 0.0101572 0.0514977 0.0101022 0.00952097 0.0381596 0.030727 0.0126851 0.010665 0.00776388 0.0069472 0.00353076 0.00302419 0.00182772 0.00180148 0.00169186 0.0010918
threshold=1.0000000180025095e-35 20.500000000000004 0 3.4000000059604649 1 772.20001220703136 675.00000000000011 15.500000000000002 772.20001220703136 11.500000000000002 2 19.500000000000004 675.00000000000011 14.500000000000002 17.000000000000004 18.500000000000004 594.00000000000011 13.500000000000002 594.00000000000011 594.00000000000011 3 4 20.500000000000004 5 12.500000000000002 6 19.500000000000004 13.500000000000002 7 8
decision_type=2 2 1 2 1 2 2 2 2 2 1 2 2 2 2 2 2 2 2 2 1 1 2 1 2 1 2 2 1 1
left_child=9 3 -3 6 5 -5 -2 8 -8 -1 11 -9 14 -14 17 -16 23 18 20 21 -11 -19 26 -17 -20 -24 -18 -6 -26 -21
right_child=1 2 -4 4 27 -7 7 10 -10 12 -12 -13 13 -15 15 16 22 19 24 29 -22 -23 25 -25 28 -27 -28 -29 -30 -31
leaf_value=-2.2862114820728832 -8.3340104704832054 -0.29045110019478898 2.1059689824491041 -3.1645819042373478 3.2142401689423048 1.4368904891836132 1.6821972433769794 -1.3329529172218213 1.3835016292796509 -0.44558486465562736 0.16962376927330569 -0.61833572266255943 1.6813306646027104 -4.6324409346808419 -2.2651310402765694 -0.55021313671057892 -0.20038963833248088 -0.29415050919538771 -0.37481160711716766 0.51297291994657368 0.46329381954030846 -1.4293369530817084 0.38678320461361182 -0.82027876765151853 -0.27317030015290128 -0.039967490277945217 -0.098198678741170942 2.7444543734804165 -0.05750714267666808 0.42298966233312968
leaf_weight=31 29 43 34 21 35 55 33 22 191 45 40 23 31 20 34 41 474 78 407 85 29 59 160 50 387 150 745 26 286 80
leaf_count=31 29 43 34 21 35 55 33 22 191 45 40 23 31 20 34 41 474 78 407 85 29 59 160 50 387 150 745 26 286 80
internal_value=7.37165e-05 0.000847825 0.00257143 0.00056842 0.00144525 0.000315788 0.000213016 0.000407766 0.000964284 -6.01518e-05 -0.00105882 -0.002 -3.98622e-05 0.00105882 -5.78792e-05 -0.000159614 -0.000111113 5.76909e-05 -2.07987e-05 0.000357614 0.0012973 -0.000306571 -7.456e-05 -0.000725276 -0.000111113 0.000193547 -0.000142741 0.00285246 -2.67473e-05 0.000909089
internal_weight=3744 552 77 475 137 76 338 309 224 3192 85 45 3161 51 3110 1654 1620 1456 1154 302 74 137 1529 91 1080 310 1219 61 673 165
internal_count=3744 552 77 475 137 76 338 309 224 3192 85 45 3161 51 3110 1654 1620 1456 1154 302 74 137 1529 91 1080 310 1219 61 673 165
cat_boundaries=0 1 2 3 4 5 6 7 8 9
cat_threshold=2 2 2 2 2 2 2 2 2
is_linear=0
shrinkage=0.06


Tree=44
num_leaves=31
num_cat=9
split_feature=2 1 3 3 2 3 3 3 1 0 3 3 3 3 3 1 1 0 0 3 0 3 3 0 0 3 0 3 0 0
split_gain=0.150767 0.0741414 0.0573246 0.0363478 0.0339289 0.0304082 0.0238254 0.0497158 0.0171421 0.0170905 0.0160945 0.0254028 0.0070491 0.0531271 0.00952097 0.0381596 0.030727 0.0126851 0.010665 0.0076269 0.00704887 0.0130797 0.00353076 0.00313346 0.00302419 0.00196151 0.00169186 0.0016835 0.0010918 0.00103966
threshold=3.4000000059604649 675.00000000000011 19.500000000000004 11.500000000000002 1.0000000180025095e-35 19.500000000000004 13.500000000000002 12.500000000000002 772.20001220703136 0 20.500000000000004 13.500000000000002 17.000000000000004 18.500000000000004 13.500000000000002 594.00000000000011 594.00000000000011 1 2 20.500000000000004 3 19.500000000000004 12.500000000000002 4 5 19.500000000000004 6 14.500000000000002 7 8
decision_type=2 2 2 2 2 2 2 2 2 1 2 2 2 2 2 2 2 1 1 2 1 2 2 1 1 2 1 2 1 1
left_child=1 3 6 -1 12 -6 7 -2 27 -9 11 -10 14 -14 15 17 18 -5 -16 25 -13 -22 -17 -12 -21 -15 -24 -3 -18 -27
right_child=2 8 -4 4 5 -7 -8 9 10 -11 23 20 13 19 16 22 28 -19 -20 24 21 -23 26 -25 -26 29 -28 -29 -30 -31
leaf_value=-2.1490387931485109 -0.63243749590848053 0.00056383118209320032 2.9227949125307084 -0.41884977277628876 -8.2324635829455772 -0.34527483937102965 -0.14570675762586838 1.6386806314008662 1.3465332191162958 2.6427133491760331 3.4123803831136454 -0.21346240314889048 -2.1292231778599784 -0.20996475108612458 -0.2765014786436677 -0.35232291069013677 0.48219454474977735 0.43549619036788723 -1.3435767358968065 0.36357621233678855 0.17156880406918176 -0.53731453237718141 -0.25678008214372994 0.71808153597301039 -0.037569440861268504 -0.076437064934518725 -0.054056714116070451 2.3071783068260427 0.39761028259314568 -0.30992961035703726
leaf_weight=31 30 32 29 45 22 32 39 30 192 23 22 57 34 565 78 407 85 29 59 160 25 23 387 25 150 399 286 22 80 346
leaf_count=31 30 32 29 45 22 32 39 30 192 23 22 57 34 565 78 407 85 29 59 160 25 23 387 25 150 399 286 22 80 346
internal_value=8.97422e-05 1.1688e-05 0.00194702 -8.45085e-05 -6.44768e-05 -0.00155556 0.00137705 0.00195181 0.000783918 0.0030566 0.000627906 0.000464645 -3.85866e-05 -0.000123339 5.76909e-05 -2.07987e-05 0.000357614 0.0012973 -0.000306571 -7.40755e-05 -0.000285716 0.000249999 -0.000111113 0.00165957 0.000193547 -0.000137406 -2.67473e-05 0.00177778 0.000909089 -0.000201344
internal_weight=3744 3593 151 3195 3164 54 122 83 398 53 344 297 3110 1654 1456 1154 302 74 137 1620 105 48 1080 47 310 1310 673 54 165 745
internal_count=3744 3593 151 3195 3164 54 122 83 398 53 344 297 3110 1654 1456 1154 302 74 137 1620 105 48 1080 47 310 1310 673 54 165 745
cat_boundaries=0 1 2 3 4 5 6 7 8 9
cat_threshold=2 2 2 2 2 2 2 2 2
is_linear=0
shrinkage=0.06


Tree=45
num_leaves=31
num_cat=6
split_feature=1 3 2 1 2 3 0 2 3 3 3 3 2 2 3 3 3 1 1 0 0 3 3 3 3 0 0 0 3 3
split_gain=0.0910865 0.0639672 0.0152387 0.0817707 0.0347974 0.0304082 0.011223 0.036859 0.0504386 0.0307643 0.0133333 0.00921421 0.0203039 0.00512821 0.00450708 0.0547819 0.00952097 0.0381596 0.030727 0.0126851 0.010665 0.00566196 0.00353076 0.00327935 0.00333333 0.00302419 0.00169186 0.0010918 0.000754148 0.00051948
threshold=772.20001220703136 11.500000000000002 3.4000000059604649 675.00000000000011 1.0000000180025095e-35 19.500000000000004 0 1.0000000180025095e-35 13.500000000000002 18.500000000000004 20.500000000000004 12.500000000000002 3.4000000059604649 3.4000000059604649 17.000000000000004 18.500000000000004 13.500000000000002 594.00000000000011 594.00000000000011 1 2 20.500000000000004 12.500000000000002 19.500000000000004 20.500000000000004 3 4 5 12.500000000000002 14.500000000000002
decision_type=2 2 2 2 2 2 1 2 2 2 2 2 2 2 2 2 2 2 2 1 1 2 2 2 2 1 1 1 2 2
left_child=1 -1 3 4 14 -6 9 -8 13 11 -11 -2 -13 28 16 -16 17 19 20 -3 -18 -17 -19 -10 -25 -23 -24 -20 -9 -5
right_child=6 2 -4 29 5 -7 7 8 23 10 -12 12 -14 -15 15 21 18 22 27 -21 -22 25 26 24 -26 -27 -28 -29 -30 -31
leaf_value=-2.5606744753027852 0.3407580258283906 -0.39371878640971086 0.54394792142983217 0.6084226226049696 -7.7385157679688437 -0.32455834900876451 -1.8580817806742789 0.27537103126271173 3.6772771297622371 -0.21563087061525923 -0.58180426131504648 1.3944092899766656 2.8418352129902833 -4.4275917371501867 -2.0014697871883778 -0.085418248952551235 -0.25991138992504603 -0.33118353604872536 0.45326287206479265 0.40936641894581499 -1.2629621317429973 0.34176163959658423 -0.24137327721510926 0.26111998260353175 4.635307090724786 -0.035315274409592805 -0.050813311269105266 0.37375366563755502 0.22636456880554759 2.1687476084164818
leaf_weight=35 56 45 42 28 22 32 24 27 26 48 27 79 35 30 34 1310 78 407 85 29 59 160 387 30 20 150 286 80 51 22
leaf_count=35 56 45 42 28 22 32 24 27 26 48 27 79 35 30 34 1310 78 407 85 29 59 160 387 30 20 150 286 80 51 22
internal_value=8.97422e-05 -2.00561e-05 7.36958e-06 -7.46876e-06 -4.55134e-05 -0.00155556 0.000887416 0.00121154 0.0015 0.000612243 -0.000400001 0.00105882 0.00136842 0.000666665 -1.9294e-05 -8.70631e-05 5.76909e-05 -2.07987e-05 0.000357614 0.0012973 -0.000306571 -3.70385e-05 -0.000111113 0.00268421 0.0024 0.000193547 -2.67473e-05 0.000909089 0.000923075 0.0024
internal_weight=3744 3291 3256 3214 3164 54 453 208 184 245 75 170 114 108 3110 1654 1456 1154 302 74 137 1620 1080 76 50 310 673 165 78 50
internal_count=3744 3291 3256 3214 3164 54 453 208 184 245 75 170 114 108 3110 1654 1456 1154 302 74 137 1620 1080 76 50 310 673 165 78 50
cat_boundaries=0 1 2 3 4 5 6
cat_threshold=2 2 2 2 2 2
is_linear=0
shrinkage=0.06


Tree=46
num_leaves=31
num_cat=10
split_feature=1 3 2 1 2 3 0 3 0 3 2 3 2 3 3 3 1 1 0 0 3 3 0 0 0 0 3 0 3 0
split_gain=0.0696003 0.0630563 0.0157374 0.0212106 0.0347974 0.0304082 0.0189163 0.0149529 0.0183696 0.0133333 0.0119452 0.0371674 0.00971424 0.00450708 0.0547819 0.00952097 0.0381596 0.030727 0.0126851 0.010665 0.00566196 0.00353076 0.00302419 0.00169186 0.0014652 0.0010918 0.00084126 0.000757576 0.000409177 0.000266413
threshold=772.20001220703136 11.500000000000002 3.4000000059604649 675.00000000000011 1.0000000180025095e-35 19.500000000000004 0 18.500000000000004 1 20.500000000000004 3.4000000059604649 12.500000000000002 1.0000000180025095e-35 17.000000000000004 18.500000000000004 13.500000000000002 594.00000000000011 594.00000000000011 2 3 20.500000000000004 12.500000000000002 4 5 6 7 12.500000000000002 8 19.500000000000004 9
decision_type=2 2 2 2 2 2 1 2 1 2 2 2 2 2 2 2 2 2 1 1 2 2 1 1 1 1 2 1 2 1
left_child=1 -1 3 4 13 -6 -5 10 9 -9 12 -12 -2 15 -15 16 18 19 -3 -17 28 29 -22 -23 -13 -19 -14 -28 -16 -18
right_child=7 2 -4 6 5 -7 -8 8 -10 -11 11 24 26 14 20 17 21 25 -20 -21 22 23 -24 -25 -26 -27 27 -29 -30 -31
leaf_value=-2.4070340067846177 1.6111437384200233 -0.37009565922512594 0.51131104614404566 1.2069518560659833 -7.2742048218907165 -0.30508484806823483 1.9338503380531074 -0.20269301837834039 1.7675729207158495 -0.54689600563614471 -0.83102351141586495 2.671325100210872 1.2031791495640753 -1.8813815999570738 -0.19224177108380444 -0.24431670652954379 -0.19162610617665221 0.42606709974089879 0.3848044338090631 -1.1871844038384143 0.32125594122078838 -0.22689088058220477 -0.033196357945014368 -0.047764512592962091 4.694492301694428 0.351328445699296 0.27378235700966341 -0.3608004498881337 -0.076991369587093461 -0.39693492278838222
leaf_weight=35 31 45 42 29 22 32 21 48 69 27 22 35 71 34 565 78 200 85 29 59 160 387 150 286 30 80 66 54 745 207
leaf_count=35 31 45 42 29 22 32 21 48 69 27 22 35 71 34 565 78 200 85 29 59 160 387 150 286 30 80 66 54 745 207
internal_value=5.76909e-05 -3.82877e-05 -1.10579e-05 -2.61371e-05 -4.55134e-05 -0.00155556 0.0012 0.000754965 0.000249999 -0.000400001 0.00099029 0.00158621 0.000756755 -1.9294e-05 -8.70631e-05 5.76909e-05 -2.07987e-05 0.000357614 0.0012973 -0.000306571 -3.70385e-05 -0.000111113 0.000193547 -2.67473e-05 0.00230769 0.000909089 0.000596857 0.000499999 -9.16045e-05 -0.000250616
internal_weight=3744 3291 3256 3214 3164 54 50 453 144 75 309 87 222 3110 1654 1456 1154 302 74 137 1620 1080 310 673 65 165 191 120 1310 407
internal_count=3744 3291 3256 3214 3164 54 50 453 144 75 309 87 222 3110 1654 1456 1154 302 74 137 1620 1080 310 673 65 165 191 120 1310 407
cat_boundaries=0 1 2 3 4 5 6 7 8 9 10
cat_threshold=2 2 2 2 2 2 2 2 2 2
is_linear=0
shrinkage=0.06


Tree=47
num_leaves=31
num_cat=10
split_feature=1 3 2 1 2 3 0 3 0 3 2 3 2 3 3 3 1 1 0 0 3 3 0 0 0 0 3 0 3 0
split_gain=0.0696003 0.0630563 0.0157374 0.0212106 0.0347974 0.0304082 0.0189163 0.0149529 0.0183696 0.0133333 0.0119452 0.0371674 0.00971424 0.00450708 0.0547819 0.00952097 0.0381596 0.030727 0.0126851 0.010665 0.00566196 0.00353076 0.00302419 0.00169186 0.0014652 0.0010918 0.00084126 0.000757576 0.000409177 0.000266413
threshold=772.20001220703136 11.500000000000002 3.4000000059604649 675.00000000000011 1.0000000180025095e-35 19.500000000000004 0 18.500000000000004 1 20.500000000000004 3.4000000059604649 12.500000000000002 1.0000000180025095e-35 17.000000000000004 18.500000000000004 13.500000000000002 594.00000000000011 594.00000000000011 2 3 20.500000000000004 12.500000000000002 4 5 6 7 12.500000000000002 8 19.500000000000004 9
decision_type=2 2 2 2 2 2 1 2 1 2 2 2 2 2 2 2 2 2 1 1 2 2 1 1 1 1 2 1 2 1
left_child=1 -1 3 4 13 -6 -5 10 9 -9 12 -12 -2 15 -15 16 18 19 -3 -17 28 29 -22 -23 -13 -19 -14 -28 -16 -18
right_child=7 2 -4 6 5 -7 -8 8 -10 -11 11 24 26 14 20 17 21 25 -20 -21 22 23 -24 -25 -26 -27 27 -29 -30 -31
leaf_value=-2.2626119663775373 1.5144751141148254 -0.34788991967161564 0.48063238337539954 1.1345347447020244 -6.8377525325772712 -0.28677975718414339 1.8178193177699176 -0.19053143727563995 1.661518545472902 -0.51408224529797275 -0.78116210073091219 2.5110455941982193 1.1309884005902358 -1.7684987039596489 -0.18070726481877727 -0.22965770413777359 -0.18012853980605542 0.40050307375644023 0.36171616778051657 -1.1159533396081109 0.30198058474753453 -0.21327742774727085 -0.031204576468312553 -0.044898641837385185 4.412822763592759 0.33024873895734341 0.25735541558908609 -0.3391524228948492 -0.072371887411869701 -0.37311882742107627
leaf_weight=35 31 45 42 29 22 32 21 48 69 27 22 35 71 34 565 78 200 85 29 59 160 387 150 286 30 80 66 54 745 207
leaf_count=35 31 45 42 29 22 32 21 48 69 27 22 35 71 34 565 78 200 85 29 59 160 387 150 286 30 80 66 54 745 207
internal_value=5.76909e-05 -3.82877e-05 -1.10579e-05 -2.61371e-05 -4.55134e-05 -0.00155556 0.0012 0.000754965 0.000249999 -0.000400001 0.00099029 0.00158621 0.000756755 -1.9294e-05 -8.70631e-05 5.76909e-05 -2.07987e-05 0.000357614 0.0012973 -0.000306571 -3.70385e-05 -0.000111113 0.000193547 -2.67473e-05 0.00230769 0.000909089 0.000596857 0.000499999 -9.16045e-05 -0.000250616
internal_weight=3744 3291 3256 3214 3164 54 50 453 144 75 309 87 222 3110 1654 1456 1154 302 74 137 1620 1080 310 673 65 165 191 120 1310 407
internal_count=3744 3291 3256 3214 3164 54 50 453 144 75 309 87 222 3110 1654 1456 1154 302 74 137 1620 1080 310 673 65 165 191 120 1310 407
cat_boundaries=0 1 2 3 4 5 6 7 8 9 10
cat_threshold=2 2 2 2 2 2 2 2 2 2
is_linear=0
shrinkage=0.06


Tree=48
num_leaves=31
num_cat=10
split_feature=1 3 2 1 2 3 0 3 0 3 2 3 2 3 3 3 1 3 3 0 0 3 0 0 0 0 3 0 3 0
split_gain=0.0728364 0.0621519 0.016244 0.0218614 0.0339289 0.0304082 0.0189163 0.0149529 0.0183696 0.0133333 0.0119452 0.0371674 0.00971424 0.00515392 0.00549679 0.0520993 0.00392978 0.0403879 0.0171393 0.0103169 0.00921771 0.00353076 0.00302419 0.00180481 0.00169186 0.0014652 0.00084126 0.000757576 0.000409177 0.000266413
threshold=772.20001220703136 11.500000000000002 3.4000000059604649 675.00000000000011 1.0000000180025095e-35 19.500000000000004 0 18.500000000000004 1 20.500000000000004 3.4000000059604649 12.500000000000002 1.0000000180025095e-35 20.500000000000004 17.000000000000004 18.500000000000004 594.00000000000011 12.500000000000002 13.500000000000002 2 3 12.500000000000002 4 5 6 7 12.500000000000002 8 19.500000000000004 9
decision_type=2 2 2 2 2 2 1 2 1 2 2 2 2 2 2 2 2 2 2 1 1 2 1 1 1 1 2 1 2 1
left_child=1 -1 3 4 13 -6 -5 10 9 -9 12 -12 -2 14 16 -16 17 19 21 -3 -19 29 -15 -20 -23 -13 -14 -28 -17 -18
right_child=7 2 -4 6 5 -7 -8 8 -10 -11 11 25 26 22 15 28 18 20 23 -21 -22 24 -24 -25 -26 -27 27 -29 -30 -31
leaf_value=-2.1268552483948837 1.4236066072679294 0.059068406425667491 0.45179444037287253 1.066462660019903 -6.4274873806226349 -0.26957297175309441 1.7087501587037286 -0.17909955103909828 1.5618274327445236 -0.48323731058009795 -0.73429237468706099 2.3603828585463198 1.0631290965548215 0.28386174966268296 -1.6623887817220724 -0.16986482892964885 -0.16932082741768908 -0.27792712881253623 0.376472889331053 0.34001319771368571 -1.0489961392316218 -0.20048078208243622 -0.02933230188021298 0.31043381461990066 -0.042204723327145074 4.1480533977771996 0.241914090653745 -0.31880327752116044 -0.068029574167154577 -0.35073169777581142
leaf_weight=35 31 44 42 29 22 32 21 48 69 27 22 35 71 160 34 565 200 79 85 29 59 387 150 80 286 30 66 54 745 207
leaf_count=35 31 44 42 29 22 32 21 48 69 27 22 35 71 160 34 565 200 79 85 29 59 387 150 80 286 30 66 54 745 207
internal_value=4.16652e-05 -5.65192e-05 -2.94855e-05 -4.48054e-05 -6.44768e-05 -0.00155556 0.0012 0.000754965 0.000249999 -0.000400001 0.00099029 0.00158621 0.000756755 -3.85866e-05 -6.42871e-05 -0.000151787 1.64821e-05 0.000255923 -2.40978e-05 0.00139726 -0.000347828 -0.000111113 0.000193547 0.000545453 -2.67473e-05 0.00230769 0.000596857 0.000499999 -9.16045e-05 -0.000250616
internal_weight=3744 3291 3256 3214 3164 54 50 453 144 75 309 87 222 3110 2800 1344 1456 211 1245 73 138 1080 310 165 673 65 191 120 1310 407
internal_count=3744 3291 3256 3214 3164 54 50 453 144 75 309 87 222 3110 2800 1344 1456 211 1245 73 138 1080 310 165 673 65 191 120 1310 407
cat_boundaries=0 1 2 3 4 5 6 7 8 9 10
cat_threshold=2 2 2 2 2 2 2 2 2 2
is_linear=0
shrinkage=0.06


Tree=49
num_leaves=31
num_cat=10
split_feature=1 3 2 1 2 3 0 3 0 3 2 3 2 3 3 3 1 3 3 0 0 3 0 0 0 0 3 0 3 0
split_gain=0.0728364 0.0621519 0.016244 0.0218614 0.0339289 0.0304082 0.0189163 0.0149529 0.0183696 0.0133333 0.0119452 0.0371674 0.00971424 0.00515392 0.00549679 0.0520993 0.00392978 0.0403879 0.0171393 0.0103169 0.00921771 0.00353076 0.00302419 0.00180481 0.00169186 0.0014652 0.00084126 0.000757576 0.000409177 0.000266413
threshold=772.20001220703136 11.500000000000002 3.4000000059604649 675.00000000000011 1.0000000180025095e-35 19.500000000000004 0 18.500000000000004 1 20.500000000000004 3.4000000059604649 12.500000000000002 1.0000000180025095e-35 20.500000000000004 17.000000000000004 18.500000000000004 594.00000000000011 12.500000000000002 13.500000000000002 2 3 12.500000000000002 4 5 6 7 12.500000000000002 8 19.500000000000004 9
decision_type=2 2 2 2 2 2 1 2 1 2 2 2 2 2 2 2 2 2 2 1 1 2 1 1 1 1 2 1 2 1
left_child=1 -1 3 4 13 -6 -5 10 9 -9 12 -12 -2 14 16 -16 17 19 21 -3 -19 29 -15 -20 -23 -13 -14 -28 -17 -18
right_child=7 2 -4 6 5 -7 -8 8 -10 -11 11 25 26 22 15 28 18 20 23 -21 -22 24 -24 -25 -26 -27 27 -29 -30 -31
leaf_value=-1.9992439334911887 1.3381902108318582 0.055524302040125803 0.42468677395050147 1.0024749004187119 -6.041838137785275 -0.25339859344790444 1.6062251491815094 -0.16835357797674963 1.4681177867798463 -0.45424307194529318 -0.69023483220583326 2.2187598870335452 0.99934135076153319 0.26683004468291982 -1.5626454548187507 -0.15967293919386746 -0.15916157777262924 -0.26125150108378581 0.35388451597118548 0.31961240585086442 -0.98605637087772713 -0.18845193515749087 -0.027572363767399109 0.29180778574270333 -0.039672439927517185 3.8991701939105692 0.22739924521451485 -0.29967508086989708 -0.063947799717128648 -0.32968779590926262
leaf_weight=35 31 44 42 29 22 32 21 48 69 27 22 35 71 160 34 565 200 79 85 29 59 387 150 80 286 30 66 54 745 207
leaf_count=35 31 44 42 29 22 32 21 48 69 27 22 35 71 160 34 565 200 79 85 29 59 387 150 80 286 30 66 54 745 207
internal_value=4.16652e-05 -5.65192e-05 -2.94855e-05 -4.48054e-05 -6.44768e-05 -0.00155556 0.0012 0.000754965 0.000249999 -0.000400001 0.00099029 0.00158621 0.000756755 -3.85866e-05 -6.42871e-05 -0.000151787 1.64821e-05 0.000255923 -2.40978e-05 0.00139726 -0.000347828 -0.000111113 0.000193547 0.000545453 -2.67473e-05 0.00230769 0.000596857 0.000499999 -9.16045e-05 -0.000250616
internal_weight=3744 3291 3256 3214 3164 54 50 453 144 75 309 87 222 3110 2800 1344 1456 211 1245 73 138 1080 310 165 673 65 191 120 1310 407
internal_count=3744 3291 3256 3214 3164 54 50 453 144 75 309 87 222 3110 2800 1344 1456 211 1245 73 138 1080 310 165 673 65 191 120 1310 407
cat_boundaries=0 1 2 3 4 5 6 7 8 9 10
cat_threshold=2 2 2 2 2 2 2 2 2 2
is_linear=0
shrinkage=0.06


Tree=50
num_leaves=31
num_cat=6
split_feature=1 3 3 2 3 0 3 2 3 0 2 3 2 0 0 3 3 3 1 1 3 0 3 3 1 3 3 3 3 0
split_gain=0.0696003 0.0630563 0.0248815 0.0695479 0.0149529 0.0183696 0.0133333 0.0119481 0.0779335 0.0394478 0.0119452 0.0371674 0.00971424 0.0034856 0.00302419 0.00229527 0.00148437 0.00294092 0.0515572 0.0406806 0.00274403 0.0014652 0.00110735 0.0610968 0.00675695 0.00432466 0.00196932 0.00181332 0.00084126 0.000757576
threshold=772.20001220703136 11.500000000000002 20.500000000000004 1.0000000180025095e-35 18.500000000000004 0 20.500000000000004 1.0000000180025095e-35 13.500000000000002 1 3.4000000059604649 12.500000000000002 1.0000000180025095e-35 2 3 19.500000000000004 15.500000000000002 13.500000000000002 594.00000000000011 594.00000000000011 12.500000000000002 4 18.500000000000004 17.000000000000004 594.00000000000011 12.500000000000002 12.500000000000002 19.500000000000004 12.500000000000002 5
decision_type=2 2 2 2 2 1 2 2 2 1 2 2 2 1 1 2 2 2 2 2 2 1 2 2 2 2 2 2 2 1
left_child=1 -1 7 14 10 6 -6 13 -9 -10 12 -12 -2 22 -4 16 17 19 -19 -15 -21 -13 23 24 25 -3 -26 -24 -14 -30
right_child=4 2 3 -5 5 -7 -8 8 9 -11 11 21 28 15 -16 -17 -18 18 -20 20 -22 -23 27 -25 26 -27 -28 -29 29 -31
leaf_value=-1.8792892974817141 1.2578987981819409 0.05219284391771907 0.25082024200195063 0.3224903325022922 -0.15825236329814493 1.3800307195730532 -0.42698848762857777 1.5098510921413144 -1.1266889927108463 -1.7217032397565502 -0.64882074227348763 2.0856342938115375 0.93938086971583745 0.30043566149981188 -0.025918021941356527 -0.26932830094547172 0.10478061723007841 -1.1138343130800308 0.27429931859813678 -0.3099065281547041 -0.037292093531868888 3.6652199822759366 0.2748275067674194 -1.3726946953947685 -0.14961188310627449 -0.24557641101876176 -0.075942339642544085 -0.04984530824830017 0.21375529050164913 -0.28169457601769865
leaf_weight=35 31 44 160 33 48 69 27 41 34 27 22 35 71 29 150 346 281 55 80 207 286 30 307 22 200 79 476 399 66 54
leaf_count=35 31 44 160 33 48 69 27 41 34 27 22 35 71 29 150 346 281 55 80 207 286 30 307 22 200 79 476 399 66 54
internal_value=5.76909e-05 -3.82877e-05 -1.10579e-05 0.000472302 0.000754965 0.000249999 -0.000400001 -6.79726e-05 -0.000705884 -0.00206558 0.00099029 0.00158621 0.000756755 -4.48253e-05 0.000193547 2.8036e-05 7.67576e-05 2.73958e-05 -0.000222224 9.19526e-05 -3.65126e-05 0.00230769 -0.000106092 -0.000153473 -6.75859e-05 0.000341462 -0.000142013 -5.09929e-05 0.000596857 0.000499999
internal_weight=3744 3291 3256 343 453 144 75 2913 102 61 309 87 222 2811 310 1284 938 657 135 522 493 65 1527 821 799 123 676 706 191 120
internal_count=3744 3291 3256 343 453 144 75 2913 102 61 309 87 222 2811 310 1284 938 657 135 522 493 65 1527 821 799 123 676 706 191 120
cat_boundaries=0 1 2 3 4 5 6
cat_threshold=2 2 2 2 2 2
is_linear=0
shrinkage=0.06


Tree=51
num_leaves=31
num_cat=10
split_feature=1 3 2 1 2 3 0 3 0 3 2 3 2 3 3 3 1 3 3 0 0 3 0 0 0 0 3 0 3 0
split_gain=0.0728364 0.0621519 0.016244 0.0218614 0.0339289 0.0304082 0.0189163 0.0149529 0.0183696 0.0133333 0.0119452 0.0371674 0.00971424 0.00515392 0.00549679 0.0520993 0.00392978 0.0403879 0.0171393 0.0103169 0.00921771 0.00353076 0.00302419 0.00180481 0.00169186 0.0014652 0.00084126 0.000757576 0.000409177 0.000266413
threshold=772.20001220703136 11.500000000000002 3.4000000059604649 675.00000000000011 1.0000000180025095e-35 19.500000000000004 0 18.500000000000004 1 20.500000000000004 3.4000000059604649 12.500000000000002 1.0000000180025095e-35 20.500000000000004 17.000000000000004 18.500000000000004 594.00000000000011 12.500000000000002 13.500000000000002 2 3 12.500000000000002 4 5 6 7 12.500000000000002 8 19.500000000000004 9
decision_type=2 2 2 2 2 2 1 2 1 2 2 2 2 2 2 2 2 2 2 1 1 2 1 1 1 1 2 1 2 1
left_child=1 -1 3 4 13 -6 -5 10 9 -9 12 -12 -2 14 16 -16 17 19 21 -3 -19 29 -15 -20 -23 -13 -14 -28 -17 -18
right_child=7 2 -4 6 5 -7 -8 8 -10 -11 11 25 26 22 15 28 18 20 23 -21 -22 24 -24 -25 -26 -27 27 -29 -30 -31
leaf_value=-1.7665319396328119 1.1824248702910245 0.04906127328265484 0.45098751193137238 0.97828937054283349 -5.7540995953339058 -0.25754409779116483 1.419260574702139 -0.14875722150025444 1.2972288763986646 -0.40136917837086911 -0.60989149773707596 1.9604962361828413 0.88301801753288145 0.23577102748183279 -1.3865250458059404 -0.1665822132482799 -0.1406351701198946 -0.23084182635763614 0.33720798539146468 0.28240952180982276 -0.86006292984026456 -0.17258827866949103 -0.02436294062487377 0.25784135948224501 -0.035054567919958118 3.4453067833393853 0.20092997307154745 -0.2647929014566307 -0.050539503022088615 -0.29131213646542392
leaf_weight=35 31 44 42 29 22 32 21 48 69 27 22 35 71 160 34 565 200 79 85 29 59 387 150 80 286 30 66 54 745 207
leaf_count=35 31 44 42 29 22 32 21 48 69 27 22 35 71 160 34 565 200 79 85 29 59 387 150 80 286 30 66 54 745 207
internal_value=4.16652e-05 -5.65192e-05 -2.94855e-05 -4.48054e-05 -6.44768e-05 -0.00155556 0.0012 0.000754965 0.000249999 -0.000400001 0.00099029 0.00158621 0.000756755 -3.85866e-05 -6.42871e-05 -0.000151787 1.64821e-05 0.000255923 -2.40978e-05 0.00139726 -0.000347828 -0.000111113 0.000193547 0.000545453 -2.67473e-05 0.00230769 0.000596857 0.000499999 -9.16045e-05 -0.000250616
internal_weight=3744 3291 3256 3214 3164 54 50 453 144 75 309 87 222 3110 2800 1344 1456 211 1245 73 138 1080 310 165 673 65 191 120 1310 407
internal_count=3744 3291 3256 3214 3164 54 50 453 144 75 309 87 222 3110 2800 1344 1456 211 1245 73 138 1080 310 165 673 65 191 120 1310 407
cat_boundaries=0 1 2 3 4 5 6 7 8 9 10
cat_threshold=2 2 2 2 2 2 2 2 2 2
is_linear=0
shrinkage=0.06


Tree=52
num_leaves=31
num_cat=6
split_feature=1 3 3 2 3 0 3 2 3 0 2 3 2 0 0 3 3 3 1 1 3 0 3 3 1 3 3 3 3 0
split_gain=0.0696003 0.0630563 0.0248815 0.0695479 0.0149529 0.0183696 0.0133333 0.0119481 0.0779335 0.0394478 0.0119452 0.0371674 0.00971424 0.0034856 0.00302419 0.00229527 0.00148437 0.00294092 0.0515572 0.0406806 0.00274403 0.0014652 0.00110735 0.0610968 0.00675695 0.00432466 0.00196932 0.00181332 0.00084126 0.000757576
threshold=772.20001220703136 11.500000000000002 20.500000000000004 1.0000000180025095e-35 18.500000000000004 0 20.500000000000004 1.0000000180025095e-35 13.500000000000002 1 3.4000000059604649 12.500000000000002 1.0000000180025095e-35 2 3 19.500000000000004 15.500000000000002 13.500000000000002 594.00000000000011 594.00000000000011 12.500000000000002 4 18.500000000000004 17.000000000000004 594.00000000000011 12.500000000000002 12.500000000000002 19.500000000000004 12.500000000000002 5
decision_type=2 2 2 2 2 1 2 2 2 1 2 2 2 1 1 2 2 2 2 2 2 1 2 2 2 2 2 2 2 1
left_child=1 -1 7 14 10 6 -6 13 -9 -10 12 -12 -2 22 -4 16 17 19 -19 -15 -21 -13 23 24 25 -3 -26 -24 -14 -30
right_child=4 2 3 -5 5 -7 -8 8 9 -11 11 21 28 15 -16 -17 -18 18 -20 20 -22 -23 27 -25 26 -27 -28 -29 29 -31
leaf_value=-1.6605400232548413 1.1114793780735635 0.046117596885696908 0.22162476583292118 0.3185935584196275 -0.13983178821024217 1.2193951438147381 -0.37728702766861261 1.3341044475357349 -1.1082935570334862 -1.6686988135802652 -0.57329800787284513 1.8428664620118773 0.83003693648091481 0.26546495050123664 -0.0229011641873808 -0.25013623270741847 0.10848871299117036 -0.99540047850481184 0.24237087791331305 -0.27383340827749864 -0.032951293844762405 3.2385883763390182 0.26833278915626807 -1.2071415109227268 -0.13219705991269848 -0.21699131677617903 -0.076324044062678911 -0.043822219572077756 0.18887417468724835 -0.24890532736923887
leaf_weight=35 31 44 160 33 48 69 27 41 34 27 22 35 71 29 150 346 281 55 80 207 286 30 307 22 200 79 476 399 66 54
leaf_count=35 31 44 160 33 48 69 27 41 34 27 22 35 71 29 150 346 281 55 80 207 286 30 307 22 200 79 476 399 66 54
internal_value=5.76909e-05 -3.82877e-05 -1.10579e-05 0.000472302 0.000754965 0.000249999 -0.000400001 -6.79726e-05 -0.000705884 -0.00206558 0.00099029 0.00158621 0.000756755 -4.48253e-05 0.000193547 2.8036e-05 7.67576e-05 2.73958e-05 -0.000222224 9.19526e-05 -3.65126e-05 0.00230769 -0.000106092 -0.000153473 -6.75859e-05 0.000341462 -0.000142013 -5.09929e-05 0.000596857 0.000499999
internal_weight=3744 3291 3256 343 453 144 75 2913 102 61 309 87 222 2811 310 1284 938 657 135 522 493 65 1527 821 799 123 676 706 191 120
internal_count=3744 3291 3256 343 453 144 75 2913 102 61 309 87 222 2811 310 1284 938 657 135 522 493 65 1527 821 799 123 676 706 191 120
cat_boundaries=0 1 2 3 4 5 6
cat_threshold=2 2 2 2 2 2
is_linear=0
shrinkage=0.06


Tree=53
num_leaves=31
num_cat=10
split_feature=1 3 2 1 2 3 0 3 0 3 2 3 2 3 3 3 0 1 3 3 0 0 0 0 3 0 3 0 0 3
split_gain=0.0696003 0.0630563 0.0157374 0.0212106 0.0347974 0.0304082 0.0189163 0.0149529 0.0183696 0.0133333 0.0119452 0.0371674 0.00971424 0.00450708 0.0547819 0.00566196 0.00302419 0.00269351 0.0403879 0.0143615 0.0103169 0.00921771 0.00180481 0.0014652 0.00084126 0.000757576 0.000411735 0.00169186 0.00116322 0.000409177
threshold=772.20001220703136 11.500000000000002 3.4000000059604649 675.00000000000011 1.0000000180025095e-35 19.500000000000004 0 18.500000000000004 1 20.500000000000004 3.4000000059604649 12.500000000000002 1.0000000180025095e-35 17.000000000000004 18.500000000000004 20.500000000000004 2 594.00000000000011 12.500000000000002 13.500000000000002 3 4 5 6 12.500000000000002 7 12.500000000000002 8 9 19.500000000000004
decision_type=2 2 2 2 2 2 1 2 1 2 2 2 2 2 2 2 1 2 2 2 1 1 1 1 2 1 2 1 1 2
left_child=1 -1 3 4 13 -6 -5 10 9 -9 12 -12 -2 17 -15 29 -17 18 20 26 -3 -20 -21 -13 -14 -26 28 -28 -19 -16
right_child=7 2 -4 6 5 -7 -8 8 -10 -11 11 23 24 14 15 16 -18 19 21 22 -22 -23 -24 -25 25 -27 27 -29 -30 -31
leaf_value=-1.560907621859551 1.0447906153891562 0.043350541072557008 0.48230546704862143 0.95678094350603482 -5.4742454250671599 -0.26120706542887484 1.2540586733678674 -0.13144188091762748 1.146231435185848 -0.35464980600849227 -0.53890012740047499 1.7322944742911635 0.78023472029206453 -1.2309050524022223 -0.17268724780275987 0.20832727988294208 -0.02152709433613836 -0.12426523631793315 -0.20397183776960606 0.3215549489117393 0.24953705347116056 -0.74873512533955588 0.22782862523851236 3.0442730737586743 0.17754172420601208 -0.23397100772709109 -0.15765353930556103 -0.030974216214074202 -0.25740340378084964 -0.037450714773683912
leaf_weight=35 31 44 42 29 22 32 21 48 69 27 22 35 71 34 565 160 150 200 79 85 29 59 80 30 66 54 387 286 207 745
leaf_count=35 31 44 42 29 22 32 21 48 69 27 22 35 71 34 565 160 150 200 79 85 29 59 80 30 66 54 387 286 207 745
internal_value=5.76909e-05 -3.82877e-05 -1.10579e-05 -2.61371e-05 -4.55134e-05 -0.00155556 0.0012 0.000754965 0.000249999 -0.000400001 0.00099029 0.00158621 0.000756755 -1.9294e-05 -8.70631e-05 -3.70385e-05 0.000193547 5.76909e-05 0.000255923 2.4095e-05 0.00139726 -0.000347828 0.000545453 0.00230769 0.000596857 0.000499999 -5.5557e-05 -2.67473e-05 -0.000103196 -9.16045e-05
internal_weight=3744 3291 3256 3214 3164 54 50 453 144 75 309 87 222 3110 1654 1620 310 1456 211 1245 73 138 165 65 191 120 1080 673 407 1310
internal_count=3744 3291 3256 3214 3164 54 50 453 144 75 309 87 222 3110 1654 1620 310 1456 211 1245 73 138 165 65 191 120 1080 673 407 1310
cat_boundaries=0 1 2 3 4 5 6 7 8 9 10
cat_threshold=2 2 2 2 2 2 2 2 2 2
is_linear=0
shrinkage=0.06


end of trees

feature_importances:
hour=828
platform=432
rain=188
eta_pred_s=172

parameters:
[boosting: gbdt]
[objective: quantile]
[metric: quantile]
[tree_learner: serial]
[device_type: cpu]
[data_sample_strategy: bagging]
[data: ]
[valid: ]
[num_iterations: 80]
[learning_rate: 0.06]
[num_leaves: 31]
[num_threads: 4]
[seed: 0]
[deterministic: 0]
[force_col_wise: 0]
[force_row_wise: 0]
[histogram_pool_size: -1]
[max_depth: -1]
[min_data_in_leaf: 20]
[min_sum_hessian_in_leaf: 0.001]
[bagging_fraction: 1]
[pos_bagging_fraction: 1]
[neg_bagging_fraction: 1]
[bagging_freq: 0]
[bagging_seed: 7719]
[bagging_by_query: 0]
[feature_fraction: 1]
[feature_fraction_bynode: 1]
[feature_fraction_seed: 2437]
[extra_trees: 0]
[extra_seed: 11797]
[early_stopping_round: 0]
[early_stopping_min_delta: 0]
[first_metric_only: 0]
[max_delta_step: 0]
[lambda_l1: 0]
[lambda_l2: 0]
[linear_lambda: 0]
[min_gain_to_split: 0]
[drop_rate: 0.1]
[max_drop: 50]
[skip_drop: 0.5]
[xgboost_dart_mode: 0]
[uniform_drop: 0]
[drop_seed: 21238]
[top_rate: 0.2]
[other_rate: 0.1]
[min_data_per_group: 100]
[max_cat_threshold: 32]
[cat_l2: 10]
[cat_smooth: 10]
[max_cat_to_onehot: 4]
[top_k: 20]
[monotone_constraints: ]
[monotone_constraints_method: basic]
[monotone_penalty: 0]
[feature_contri: ]
[forcedsplits_filename: ]
[refit_decay_rate: 0.9]
[cegb_tradeoff: 1]
[cegb_penalty_split: 0]
[cegb_penalty_feature_lazy: ]
[cegb_penalty_feature_coupled: ]
[path_smooth: 0]
[interaction_constraints: ]
[verbosity: -1]
[saved_feature_importance_type: 0]
[use_quantized_grad: 0]
[num_grad_quant_bins: 4]
[quant_train_renew_leaf: 0]
[stochastic_rounding: 1]
[linear_tree: 0]
[max_bin: 255]
[max_bin_by_feature: ]
[min_data_in_bin: 3]
[bin_construct_sample_cnt: 200000]
[data_random_seed: 38]
[is_enable_sparse: 1]
[enable_bundle: 1]
[use_missing: 1]
[zero_as_missing: 0]
[feature_pre_filter: 1]
[pre_partition: 0]
[two_round: 0]
[header: 0]
[label_column: ]
[weight_column: ]
[group_column: ]
[ignore_column: ]
[categorical_feature: 0]
[forcedbins_filename: ]
[precise_float_parser: 0]
[parser_config_file: ]
[objective_seed: 8855]
[num_class: 1]
[is_unbalance: 0]
[scale_pos_weight: 1]
[sigmoid: 1]
[boost_from_average: 1]
[reg_sqrt: 0]
[alpha: 0.9]
[fair_c: 1]
[poisson_max_delta_step: 0.7]
[tweedie_variance_power: 1.5]
[lambdarank_truncation_level: 30]
[lambdarank_norm: 1]
[label_gain: ]
[lambdarank_position_bias_regularization: 0]
[eval_at: ]
[multi_error_top_k: 1]
[auc_mu_weights: ]
[num_machines: 1]
[local_listen_port: 12400]
[time_out: 120]
[machine_list_filename: ]
[machines: ]
[gpu_platform_id: -1]
[gpu_device_id: -1]
[gpu_device_id_list: ]
[gpu_use_dp: 0]
[num_gpu: 1]

end of parameters

pandas_categorical:null
