tree
version=v4
num_class=1
num_tree_per_iteration=1
label_index=0
max_feature_idx=21
objective=quantile
feature_names=sku cat fg slot dow is_weekend weather temp_c rain_mm_h holiday cricket exam payday price_ratio featured hidden lag_1d lag_7d roll_7d ratio_so_far h rating
feature_infos=-1:14:13:15:5:18:16:0:1:6:4:21:12:9:11:22:2:10:17:20:19:7:8:3 -1:0:3:1:2 -1:0:1 [32:87] [0:6] [0:1] -1:0:4:1:2:3 [18.399999618530273:34] [0:6] [0:1] [0:1] [0:1] [0:1] [0.8888888955116272:1.1111111640930176] none none [0:33] [-2.4508488988272958e-11:25] [-3.5012127745648325e-12:6.8571429252624512] [0.40000000596046448:2.5] [1:16] [4.1087303161621094:4.463252067565918]
tree_sizes=2562 2568 2635 2561 2656 2602 2619 2637 2613 2678 2608 2635 2626 2670 2635 2593 2606 2599 2637 2667 2624 2650 2653 2627 2627 2628 2590 2598 2562 2576 2558 2572 2608 2622 2656 2611 2649 2567 2613 2650 2656 2610 2636 2648 2645 2622 2669 2673 2650 2628 2648 2666 2687 2651 2662 2727 2609 2655 2613 2661 2634 2674 2578 2685 2593 2662 2631 2708 2581 2690 2627 2595 2647 2692 2668 2558 2691 2652 2636 2644 2741 2741 2617 2691 2680 2726 2675 2643 2736 2616 2674 2679 2678 2685 2602 2687 2675 2699 2695 2689 2551 2585 2626 2653 2696 2587 2659 2658 2615 2672 2544 2550 2690 2670 2667 2697 2689 2697 2645 2689 2614 2709 2655 2652 2672 2660 2576 2677 2535 2548 2575 2527 2535 2570 2657 2678 2678 2572 2571 2647 2670 2696 2586 2583 2677 2527 2678 2676 2526 2601 2647 2635 2572 2585 2635 2590 2579 2538 2648 2581 2608 2581 2583 2585 2580 2582 2604 2576 2587 2621 2591 2587 2582 2581 2598 2583 2593 2575 2607 2603 2628 2581 2588 2578 2557 2566 2571 2540 2592 2589 2577 2561 2585 2593 2552 2593 2536 2590 2607 2584 2587 2611 2590 2600 2592 2552 2502 2657 2608 2549 2574 2596 2575 2550 2570 2571 2568 2568 2551 2567 2564 2573 2575 2562 2576 2587 2589 2598 2591 2589 2558 2563 2588 2597 2578 2585

Tree=0
num_leaves=31
num_cat=9
split_feature=18 18 18 18 2 3 18 4 2 7 4 2 0 7 0 2 3 0 4 3 2 0 3 4 3 4 3 3 3 3
split_gain=26726.4 4112.38 2828.78 845.795 749.548 1019.24 542.093 316.701 288.788 393.861 276.705 255.548 248.686 223.632 216.545 198.088 194.625 194.602 185.316 269.06 277.856 199.939 163.746 128.776 120.911 214.121 163.611 110.192 109.354 273.678
threshold=0.19625899195671084 0.71484372019767772 0.098401192575693144 1.3382564187049868 0 81.500000000000014 0.44424292445182806 4.5000000000000009 1 28.69999980926514 4.5000000000000009 2 3 28.69999980926514 4 5 36.500000000000007 6 4.5000000000000009 36.500000000000007 7 8 39.500000000000007 4.5000000000000009 41.500000000000007 4.5000000000000009 80.500000000000014 43.500000000000007 44.500000000000007 57.500000000000007
decision_type=2 2 2 2 1 2 2 2 1 2 2 1 1 2 1 1 2 1 2 2 1 1 2 2 2 2 2 2 2 2
left_child=2 6 4 7 5 22 8 12 9 24 17 13 27 -4 23 16 -9 -11 21 -20 -21 -8 -1 -5 -2 26 -26 -3 -6 -30
right_child=1 3 11 14 28 -7 18 15 -10 10 -12 -13 -14 -15 -16 -17 -18 -19 19 20 -22 -23 -24 -25 25 -27 -28 -29 29 -31
leaf_value=0 0 0 0 0.050000000000000003 0 0 0 0 0 0.050000000000000003 0.050000000000000003 0 0 0 0.050000000000000003 0 0.050000000000000003 0 0 0.050000000000000003 0 0 0 0.10000000000000001 0 0 0 0.050000000000000003 0 0
leaf_weight=14648 23119 4900 36107 28017 106916 32959 33876 536 48071 10142 11429 39582 28184 17532 9069 4096 18072 26429 1240 17271 5651 39805 22035 9767 26258 8954 2735 33554 27270 159743
leaf_count=14648 23119 4900 36107 28017 106916 32959 33876 536 48071 10142 11429 39582 28184 17532 9069 4096 18072 26429 1240 17271 5651 39805 22035 9767 26258 8954 2735 33554 27270 159743
internal_value=-0.0123415 -0.00274922 -0.020556 0.00426539 -0.0225483 -0.0178843 -0.006496 0.00141199 -0.0083152 -0.00689216 -0.00350313 -0.0127855 -0.00032564 -0.0105366 0.00970642 0.00651207 0.00870325 -0.00562536 -0.00357435 0.000225561 0.00145275 -0.00482044 -0.0121507 0.0113709 -0.00955605 -0.00781946 -0.0099067 0.00228915 -0.0236534 -0.0229242
internal_weight=847967 391175 456792 136195 363571 69642 254980 89342 157137 109066 48000 93221 66638 53639 46853 22704 18608 36571 97843 24162 22922 73681 36683 37784 61066 37947 28993 38454 293929 187013
internal_count=847967 391175 456792 136195 363571 69642 254980 89342 157137 109066 48000 93221 66638 53639 46853 22704 18608 36571 97843 24162 22922 73681 36683 37784 61066 37947 28993 38454 293929 187013
cat_boundaries=0 1 2 3 4 5 6 7 8 9
cat_threshold=1 1 1 360607 851991 1 885151 1 885151
is_linear=0
shrinkage=0.05


Tree=1
num_leaves=31
num_cat=9
split_feature=18 18 18 18 2 3 18 4 2 7 2 4 0 7 0 0 2 3 4 3 2 0 3 4 3 4 3 3 3 3
split_gain=26647.6 4131.57 2842.87 843.753 748.253 1023.6 551.491 311.316 279.133 398.374 263.224 262.682 250.283 229.439 213.055 206.095 196.475 200.643 188.853 274.146 274.22 194.967 166.359 127.398 126.961 215.228 162.184 109.485 274.302 117.264
threshold=0.19625899195671084 0.71484372019767772 0.098401192575693144 1.3382564187049868 0 81.500000000000014 0.44424292445182806 4.5000000000000009 1 28.69999980926514 2 4.5000000000000009 3 28.69999980926514 4 5 6 36.500000000000007 4.5000000000000009 36.500000000000007 7 8 39.500000000000007 4.5000000000000009 41.500000000000007 4.5000000000000009 80.500000000000014 44.500000000000007 57.500000000000007 46.500000000000007
decision_type=2 2 2 2 1 2 2 2 1 2 1 2 1 2 1 1 1 2 2 2 1 1 2 2 2 2 2 2 2 2
left_child=2 6 4 7 5 22 8 12 9 24 13 15 -3 -4 23 -11 17 -9 21 -20 -21 -8 -1 -5 -2 26 -26 -6 29 -29
right_child=1 3 10 14 27 -7 18 16 -10 11 -12 -13 -14 -15 -16 -17 -18 -19 19 20 -22 -23 -24 -25 25 -27 -28 28 -30 -31
leaf_value=0 0 0.047500000000000001 0 0.047500000000000001 0 0 0 0 0 0.047500000000000001 0 0.047500000000000001 0 0 0.047500000000000001 0 0 0.047500000000000001 0 0.047500000000000001 0 0 0 0.095000000000000001 0 0 0 0 0 0
leaf_weight=14671 23121 34459 36110 28038 106962 32974 25405 542 48110 10137 39627 11456 32058 17547 9023 26416 4089 18031 1240 17233 5623 48168 21937 9832 26272 8960 2731 11177 159522 15917
leaf_count=14671 23121 34459 36110 28038 106962 32974 25405 542 48110 10137 39627 11456 32058 17547 9023 26416 4089 18031 1240 17233 5623 48168 21937 9832 26272 8960 2731 11177 159522 15917
internal_value=-0.0123415 -0.00276088 -0.0205473 0.00427384 -0.0225472 -0.0178854 -0.0065166 0.00141878 -0.00834987 -0.00695072 -0.0127616 -0.00354256 -0.000305561 -0.0104791 0.00970347 -0.00561308 0.00648001 0.00866446 -0.00356587 0.000275979 0.0015182 -0.00482412 -0.0121299 0.0113477 -0.00962936 -0.00785041 -0.00994294 -0.0236521 -0.0229211 -0.0182697
internal_weight=847388 390944 456444 136072 363160 69582 254872 89179 157203 109093 93284 48009 66517 53657 46893 36553 22662 18573 97669 24096 22856 73573 36608 37870 61084 37963 29003 293578 186616 27094
internal_count=847388 390944 456444 136072 363160 69582 254872 89179 157203 109093 93284 48009 66517 53657 46893 36553 22662 18573 97669 24096 22856 73573 36608 37870 61084 37963 29003 293578 186616 27094
cat_boundaries=0 1 2 3 4 5 6 7 8 9
cat_threshold=1 1 1 327839 851991 885151 1 1 327839
is_linear=0
shrinkage=0.05


Tree=2
num_leaves=31
num_cat=4
split_feature=2 3 3 17 1 16 4 4 3 3 7 3 17 3 4 17 3 7 3 7 13 8 1 7 13 19 1 3 3 4
split_gain=17684.2 5990.95 3544.3 3404.15 2240.58 1530.01 786.657 662.963 533.83 1386.08 469.662 452.696 437.357 262.446 245.508 243.11 233.937 230.634 230.415 252.507 227.6 210.719 183.436 152.677 149.88 127.196 116.148 113.639 106.613 338.796
threshold=0 80.500000000000014 43.500000000000007 0.15384615212678912 1 0.18065268546342853 4.5000000000000009 4.5000000000000009 45.500000000000007 56.500000000000007 28.69999980926514 73.500000000000014 0.35948717594146734 47.500000000000007 4.5000000000000009 0.18301435559988025 54.500000000000007 26.500000000000004 84.500000000000014 22.300000190734867 0.97776681184768688 3.4000000059604649 2 28.69999980926514 0.9787137806415559 1.1524679064750674 3 55.500000000000007 35.500000000000007 4.5000000000000009
decision_type=1 2 2 2 1 2 2 2 2 2 2 2 2 2 2 2 2 2 2 2 2 2 1 2 2 2 1 2 2 2
left_child=1 2 12 5 6 8 10 23 -2 13 24 -11 22 -10 -14 -3 -9 -8 19 -13 -12 -5 28 -6 -4 -18 -22 -19 29 -1
right_child=3 15 4 21 7 -7 17 16 9 11 20 18 14 -15 -16 -17 25 27 -20 -21 26 -23 -24 -25 -26 -27 -28 -29 -30 -31
leaf_value=0 0 0 0.045124999999999998 0 0 0 0.045124999999999998 0.045124999999999998 0 0 0.045124999999999998 0 0 0 0.045124999999999998 0 0 0.095125000000000015 0 0 0.045124999999999998 0 0 0 0 0.045124999999999998 0 0.045124999999999998 0 0
leaf_weight=8619 115261 42379 22725 30825 36075 25282 10877 10174 12013 122988 31182 7821 18387 32894 8163 1720 8448 10209 17788 41747 26065 17186 34941 57345 25585 10623 14830 16123 24095 5151
leaf_count=8619 115261 42379 22725 30825 36075 25282 10877 10174 12013 122988 31182 7821 18387 32894 8163 1720 8448 10209 17788 41747 26065 17186 34941 57345 25585 10623 14830 16123 24095 5151
internal_value=-0.0123351 -0.0051118 -0.00308541 -0.0195568 -0.000208823 -0.0211585 0.00373526 -0.00527593 -0.0220154 -0.0206495 0.00177158 -0.0225137 -0.0111996 -0.012748 -0.00570621 -0.0225555 0.00129338 0.0100896 -0.0192188 -0.0174669 0.00432836 -0.00701975 -0.0132029 -0.00733301 -0.00204306 -0.00197289 0.00187492 0.0126196 -0.0107795 -0.0142919
internal_weight=847521 423716 379617 423805 280261 375794 157596 122665 350512 235251 120387 190344 99356 44907 26550 44099 29245 37209 67356 49568 72077 48011 72806 93420 48310 19071 40895 26332 37865 13770
internal_count=847521 423716 379617 423805 280261 375794 157596 122665 350512 235251 120387 190344 99356 44907 26550 44099 29245 37209 67356 49568 72077 48011 72806 93420 48310 19071 40895 26332 37865 13770
cat_boundaries=0 1 2 3 4
cat_threshold=1 3 3 1
is_linear=0
shrinkage=0.05


Tree=3
num_leaves=31
num_cat=9
split_feature=18 18 18 18 2 3 18 4 2 7 2 4 0 7 0 2 0 3 4 3 2 0 3 4 3 4 3 3 3 3
split_gain=26663.7 4140.88 2823.38 845.095 767.092 1043.1 534.036 318.734 283.17 407.251 269.063 268.14 243.956 233.055 214.168 202.565 199.833 195.993 187.4 269.283 267.12 192.48 170.236 126.911 120.996 213.008 165.949 109.159 201.476 187.153
threshold=0.19625899195671084 0.71484372019767772 0.098401192575693144 1.3382564187049868 0 81.500000000000014 0.44424292445182806 4.5000000000000009 1 28.69999980926514 2 4.5000000000000009 3 28.69999980926514 4 5 6 36.500000000000007 4.5000000000000009 36.500000000000007 7 8 39.500000000000007 4.5000000000000009 41.500000000000007 4.5000000000000009 80.500000000000014 43.500000000000007 57.500000000000007 46.500000000000007
decision_type=2 2 2 2 1 2 2 2 1 2 1 2 1 2 1 1 1 2 2 2 1 1 2 2 2 2 2 2 2 2
left_child=2 6 4 7 5 22 8 12 9 24 13 16 -3 -4 23 17 -11 -9 21 -20 -21 -8 -1 -5 -2 26 -26 -6 29 -29
right_child=1 3 10 14 27 -7 18 15 -10 11 -12 -13 -14 -15 -16 -17 -18 -19 19 20 -22 -23 -24 -25 25 -27 -28 28 -30 -31
leaf_value=0 0 0.042868750000000004 0 0.042868750000000004 0 0 0 0 0 0.042868750000000004 0 0.042868750000000004 0 0 0.042868750000000004 0 0 0.042868750000000004 0 0.042868750000000004 0 0 0 0.087993750000000009 0 0 0 0 0 0
leaf_weight=14668 23097 34481 36036 28057 99393 33038 29563 542 48189 10109 39615 11363 32124 17573 9068 4123 26438 18036 1238 17284 5589 43980 22021 9722 26315 8934 2756 18753 159484 16018
leaf_count=14668 23097 34481 36036 28057 99393 33038 29563 542 48189 10109 39615 11363 32124 17573 9068 4123 26438 18036 1238 17284 5589 43980 22021 9722 26315 8934 2756 18753 159484 16018
internal_value=-0.0123349 -0.00275173 -0.0205414 0.00428801 -0.0225329 -0.0178184 -0.00651262 0.00143495 -0.00831658 -0.00690566 -0.0127789 -0.00345439 -0.000308911 -0.0104698 0.00972688 0.00655147 -0.00554013 0.00877651 -0.00360866 0.000216706 0.00144603 -0.0048628 -0.0120152 0.0113823 -0.0096118 -0.00787725 -0.00995236 -0.0236523 -0.0229627 -0.0195141
internal_weight=847607 391008 456599 136153 363375 69727 254855 89306 157201 109012 93224 47910 66605 53609 46847 22701 36547 18578 97654 24111 22873 73543 36689 37779 61102 38005 29071 293648 194255 34771
internal_count=847607 391008 456599 136153 363375 69727 254855 89306 157201 109012 93224 47910 66605 53609 46847 22701 36547 18578 97654 24111 22873 73543 36689 37779 61102 38005 29071 293648 194255 34771
cat_boundaries=0 1 2 3 4 5 6 7 8 9
cat_threshold=1 1 1 327839 851991 1 885151 1 360607
is_linear=0
shrinkage=0.05


Tree=4
num_leaves=31
num_cat=7
split_feature=18 18 18 18 18 4 17 0 0 4 3 0 3 4 3 3 0 4 3 0 3 17 0 4 3 3 3 0 3 3
split_gain=26585.6 4095.81 2855.55 834.194 528.865 321.214 318.798 258.637 211.055 197.356 270.101 196.694 182.242 179.155 170.903 145.462 135.352 131.671 107.87 105.863 105.732 105.601 81.8878 78.2018 73.6549 71.1716 68.89 70.1602 62.3992 61.4039
threshold=0.19625899195671084 0.71484372019767772 0.098401192575693144 1.3382564187049868 0.44424292445182806 4.5000000000000009 0.15384615212678912 0 1 4.5000000000000009 36.500000000000007 2 41.500000000000007 4.5000000000000009 36.500000000000007 80.500000000000014 3 4.5000000000000009 43.500000000000007 4 80.500000000000014 0.28759399056434637 5 4.5000000000000009 43.500000000000007 47.500000000000007 43.500000000000007 6 76.500000000000014 44.500000000000007
decision_type=2 2 2 2 2 2 2 1 1 2 2 1 2 2 2 2 1 2 2 1 2 2 1 2 2 2 2 1 2 2
left_child=2 4 6 5 12 7 22 18 17 11 -11 -6 19 15 -7 16 -14 26 -3 -2 25 -15 29 -10 -13 -4 -5 -28 -20 -1
right_child=1 3 20 8 9 14 -8 -9 23 10 -12 24 13 21 -16 -17 -18 -19 28 -21 -22 -23 -24 -25 -26 -27 27 -29 -30 -31
leaf_value=0 0 -0.0045184374999999999 0 -0.0070184375000000012 0 0 0 0 0.040725312499999999 0 0.040725312499999999 0 0 0 0.040725312499999999 0 0 0.08359406250000001 0.040725312499999999 0 0 0 0 0.042981562500000001 0 0 0.042981562500000001 0.040725312499999999 -0.0047562500000000001 0
leaf_weight=58844 6311 4954 30935 1024 33792 544 3512 26849 6684 1223 22917 3892 45012 19976 22094 6535 46619 9709 29827 22387 9267 10415 193070 2383 35838 53167 9388 17618 4843 107943
leaf_count=58844 6311 4954 30935 1024 33792 544 3512 26849 6684 1223 22917 3892 45012 19976 22094 6535 46619 9709 29827 22387 9267 10415 193070 2383 35838 53167 9388 17618 4843 107943
internal_value=-0.0123413 -0.00276844 -0.0205329 0.00424138 -0.00650594 0.00140246 -0.0225369 -0.00034939 0.0096462 -0.00361604 0.000306545 -0.00490397 -0.00830069 -0.00749648 0.00654651 -0.00853503 -0.00802103 0.011291 0.00221779 -0.0119033 -0.0127336 -0.00414185 -0.0226832 0.00278451 -0.00728863 -0.0121751 0.00955583 0.0100385 0.0032045 -0.0218504
internal_weight=847572 390834 456738 135917 254917 89111 363369 66473 46806 97662 24140 73522 157255 128557 22638 98166 91631 37739 39624 28698 93369 30391 359857 9067 39730 84102 28030 27006 34670 166787
internal_count=847572 390834 456738 135917 254917 89111 363369 66473 46806 97662 24140 73522 157255 128557 22638 98166 91631 37739 39624 28698 93369 30391 359857 9067 39730 84102 28030 27006 34670 166787
cat_boundaries=0 1 2 3 4 5 6 7
cat_threshold=360863 851991 885151 7355936 327699 5906312 16
is_linear=0
shrinkage=0.05


Tree=5
num_leaves=31
num_cat=13
split_feature=18 18 18 18 2 7 18 4 2 7 0 4 2 7 0 0 2 4 2 0 4 7 0 17 17 7 2 0 4 0
split_gain=26764 4185.41 2834.18 823.564 746.173 572.485 545.193 294.249 282.132 398.642 280.102 269.604 259.052 228.256 214.249 201.806 197.487 187.815 206.232 200.346 129.202 122.958 98.0744 94.1443 93.843 83.6147 77.1935 75.8287 75.2891 73.1667
threshold=0.19625899195671084 0.71484372019767772 0.098401192575693144 1.4046558141708376 0 28.10000038146973 0.44424292445182806 4.5000000000000009 1 28.69999980926514 2 4.5000000000000009 3 28.69999980926514 4 5 6 4.5000000000000009 7 8 4.5000000000000009 28.10000038146973 9 0.15384615212678912 0.1110256426036358 26.500000000000004 10 11 4.5000000000000009 12
decision_type=2 2 2 2 1 2 2 2 1 2 1 2 1 2 1 1 1 2 1 1 2 2 1 2 2 2 1 1 2 1
left_child=2 6 4 7 5 23 8 10 9 22 -3 15 13 -4 20 -11 -9 19 21 -8 -5 -19 -2 25 -6 -1 -22 -7 -16 -15
right_child=1 3 12 14 24 27 17 16 -10 11 -12 -13 -14 29 28 -17 -18 18 -20 -21 26 -23 -24 -25 -26 -27 -28 -29 -30 -31
leaf_value=0 0 0.038689046875000001 0 0.038689046875000001 0 0 0 0.038689046875000001 0 0.040725312499999999 0 0.040725312499999999 0 0 0.038689046875000001 0 -0.0020362656249999999 0 -0.0020362656249999999 0 0.079414359375000007 0.038689046875000001 0 0 0 0 0.031670609374999999 0 0.040832484375000005 0
leaf_weight=45065 25637 39713 36002 27870 291960 8000 31916 18608 48170 10199 26986 11430 39599 9992 6596 26487 4135 7671 5637 41604 8765 10878 35522 1270 1820 11013 946 4304 2350 7477
leaf_count=45065 25637 39713 36002 27870 291960 8000 31916 18608 48170 10199 26986 11430 39599 9992 6596 26487 4135 7671 5637 41604 8765 10878 35522 1270 1820 11013 946 4304 2350 7477
internal_value=-0.0123329 -0.0027342 -0.0205568 0.00435118 -0.0225504 -0.0178975 -0.00650997 0.00154458 -0.00833069 -0.00692542 -0.000130062 -0.00352066 -0.0127716 -0.0105015 0.00974649 -0.00560977 0.00645583 -0.00357603 0.00024601 -0.00483338 0.011401 0.00279126 -0.00960406 -0.0199972 -0.0236536 -0.0203021 0.0163706 -0.00811118 0.00278026 -0.00581172
internal_weight=847622 391120 456502 135969 363432 69652 255151 89442 157445 109275 66699 48116 93070 53471 46527 36686 22743 97706 24186 73520 37581 18549 61159 57348 293780 56078 9711 12304 8946 17469
internal_count=847622 391120 456502 135969 363432 69652 255151 89442 157445 109275 66699 48116 93070 53471 46527 36686 22743 97706 24186 73520 37581 18549 61159 57348 293780 56078 9711 12304 8946 17469
cat_boundaries=0 1 2 3 4 5 6 7 8 9 10 11 12 13
cat_threshold=1 1 360863 1 851991 885151 1 1 360863 1016095 1 7372288 7371776
is_linear=0
shrinkage=0.05


Tree=6
num_leaves=31
num_cat=8
split_feature=18 18 18 18 2 3 0 18 4 3 2 0 2 7 4 2 4 7 0 3 3 4 3 3 2 4 3 3 3 3
split_gain=26632.1 4077.21 2842.9 855.676 759.058 1038.13 592.959 304.917 287.128 355.963 376.997 282.319 275.56 407.853 272.594 263.908 241.015 225.047 207.644 165.714 121.163 213.688 161.759 119.935 141.25 147.553 110.521 205.059 189.329 114.772
threshold=0.19625899195671084 0.85719957947731029 0.098401192575693144 0.44424292445182806 0 81.500000000000014 1 1.6812855601310732 4.5000000000000009 36.500000000000007 2 3 4 28.69999980926514 4.5000000000000009 5 4.5000000000000009 28.69999980926514 6 39.500000000000007 41.500000000000007 4.5000000000000009 80.500000000000014 42.500000000000007 7 4.5000000000000009 43.500000000000007 57.500000000000007 46.500000000000007 73.500000000000014
decision_type=2 2 2 2 1 2 1 2 2 2 1 1 1 2 2 1 2 2 1 2 2 2 2 2 1 2 2 2 2 2
left_child=2 3 4 12 5 19 7 23 11 -10 -11 -5 13 20 18 17 -8 -4 -15 -1 -2 22 -22 -3 25 -25 -6 28 -28 -29
right_child=1 6 15 8 26 -7 16 -9 9 10 -12 -13 -14 14 -16 -17 -18 -19 -20 -21 21 -23 -24 24 -26 -27 27 29 -30 -31
leaf_value=0 0 -0.0019344523437500002 0 0 0 0 0 0.039010844531250005 0 0.036754594531249997 -0.0019344523437500002 0 0 0.038689046875000001 0.038689046875000001 0 0.036754594531249997 0 0 0 0 0 0 0.036754594531249997 0.030087078906249998 0.072943641406250009 0 0 0 0
leaf_weight=14703 23115 3655 36161 44636 99390 33028 26618 24562 1510 23630 7319 53093 48013 10175 11497 39551 9101 17502 26430 21956 26195 8940 2735 24162 7457 7917 18686 112757 15996 46983
leaf_count=14703 23115 3655 36161 44636 99390 33028 26618 24562 1510 23630 7319 53093 48013 10175 11497 39551 9101 17502 26430 21956 26195 8940 2735 24162 7457 7917 18686 112757 15996 46983
internal_value=-0.0123346 -0.0027522 -0.0205333 -0.00581733 -0.0225309 -0.0178394 0.00575808 0.00850575 -0.00281977 0.00125466 0.00241122 -0.00417302 -0.0083014 -0.00691214 -0.00346971 -0.0127433 0.000543676 -0.0104593 -0.00557916 -0.0120468 -0.00962737 -0.00788619 -0.00997408 0.00597752 0.00677863 0.00821955 -0.0236437 -0.0229503 -0.0194654 -0.023707
internal_weight=847473 390760 456713 287288 363499 69687 103472 67753 130188 32459 30949 97729 157100 109087 48102 93214 35719 53663 36605 36659 60985 37870 28930 43191 39536 32079 293812 194422 34682 159740
internal_count=847473 390760 456713 287288 363499 69687 103472 67753 130188 32459 30949 97729 157100 109087 48102 93214 35719 53663 36605 36659 60985 37870 28930 43191 39536 32079 293812 194422 34682 159740
cat_boundaries=0 1 2 3 4 5 6 7 8
cat_threshold=1 327703 1 360863 1 1 885151 1
is_linear=0
shrinkage=0.05


Tree=7
num_leaves=31
num_cat=10
split_feature=18 18 18 18 2 7 0 18 4 2 0 2 7 4 2 4 7 0 7 4 2 0 17 17 17 4 7 2 19 19
split_gain=26697.9 4123.57 2858.49 853.257 746.8 580.716 565.89 298.844 286.243 291.088 290.325 274.353 403.456 266.205 257.023 243.652 230.572 198.241 146.015 111.12 121.97 96.172 92.064 91.1953 87.2658 86.2221 83.4338 73.4981 72.1106 73.9656
threshold=0.19625899195671084 0.85719957947731029 0.098401192575693144 0.44424292445182806 0 28.10000038146973 1 1.6812855601310732 4.5000000000000009 2 3 4 28.69999980926514 4.5000000000000009 5 4.5000000000000009 28.69999980926514 6 28.10000038146973 4.5000000000000009 7 8 0.07692307606339456 0.28205128014087683 0.13245613873004916 4.5000000000000009 26.500000000000004 9 1.000000059604645 0.99999997019767772
decision_type=2 2 2 2 1 2 1 2 2 1 1 1 2 2 1 2 2 1 2 2 1 1 2 2 2 2 2 1 2 2
left_child=2 3 4 11 5 23 7 19 10 18 -5 12 21 17 16 -8 -4 -14 24 -3 -21 -2 -6 26 28 -9 -1 -17 29 -10
right_child=1 6 14 8 22 -7 15 25 9 -11 -12 -13 13 -15 -16 27 -18 -19 -20 20 -22 -23 -24 -25 -26 -27 -28 -29 -30 -31
leaf_value=0 0 0.034916864804687496 0 0 0 0 0 0.034804052304687499 0 -0.0018377297265625002 0 0 0.036754594531249997 0.036754594531249997 0 0.034916864804687496 0 0 0.034916864804687496 0.0368513171484375 -0.0034388062890625005 0 0 0 0.034916864804687496 0.073493099179687493 0 -0.0037721820703125 0.034916864804687496 0
leaf_weight=45323 22630 32285 36125 41985 291281 12320 26498 18152 1443 7332 55929 48042 10197 11451 39591 7859 17557 26512 15107 9040 1917 38444 2483 711 5688 6411 11207 1258 1626 1362
leaf_count=45323 22630 32285 36125 41985 291281 12320 26498 18152 1443 7332 55929 48042 10197 11451 39591 7859 17557 26512 15107 9040 1917 38444 2483 711 5688 6411 11207 1258 1626 1362
internal_value=-0.0123324 -0.00274601 -0.0205451 -0.00582367 -0.0225496 -0.0178911 0.00581706 0.00849701 -0.00283432 0.00122704 -0.00418479 -0.00830356 -0.00691863 -0.00349668 -0.0127371 0.000712281 -0.010483 -0.00557288 0.00377587 0.00599648 0.0103473 -0.00961702 -0.0236527 -0.0200106 -0.000872122 0.0129025 -0.0202344 0.00776297 -0.00613293 -0.0109893
internal_weight=847766 391168 456598 287748 363325 69561 103420 67805 130472 32558 97914 157276 109234 48160 93273 35615 53682 36709 25226 43242 10957 61074 293764 57241 10119 24563 56530 9117 4431 2805
internal_count=847766 391168 456598 287748 363325 69561 103420 67805 130472 32558 97914 157276 109234 48160 93273 35615 53682 36709 25226 43242 10957 61074 293764 57241 10119 24563 56530 9117 4431 2805
cat_boundaries=0 1 2 3 4 5 6 7 8 9 10
cat_threshold=1 327703 1 360607 1 1 885151 1 885023 1
is_linear=0
shrinkage=0.05


Tree=8
num_leaves=31
num_cat=8
split_feature=18 18 18 18 2 3 0 18 4 3 2 0 2 7 4 2 4 7 0 3 3 4 3 3 2 4 4 3 3 3
split_gain=26691.5 4104.92 2873.14 865.204 747.353 1023.88 590.006 300.327 281.668 343.729 359.99 293.902 274.56 401.09 271.526 260.189 236.133 226.893 207.153 165.162 122.678 220.471 164.626 119.386 133.97 143.745 111.099 109.335 273.031 115.953
threshold=0.19625899195671084 0.85719957947731029 0.098401192575693144 0.44424292445182806 0 81.500000000000014 1 1.6812855601310732 4.5000000000000009 36.500000000000007 2 3 4 28.69999980926514 4.5000000000000009 5 4.5000000000000009 28.69999980926514 6 39.500000000000007 41.500000000000007 4.5000000000000009 80.500000000000014 43.500000000000007 7 4.5000000000000009 4.5000000000000009 44.500000000000007 57.500000000000007 46.500000000000007
decision_type=2 2 2 2 1 2 1 2 2 2 1 1 1 2 2 1 2 2 1 2 2 2 2 2 1 2 2 2 2 2
left_child=2 3 4 12 5 19 7 23 11 -10 -11 -5 13 20 18 17 -8 -4 -15 -1 -2 22 -22 -3 25 -25 -21 -6 29 -29
right_child=1 6 15 8 27 -7 16 -9 9 10 -12 -13 -14 14 -16 -17 -18 -19 -20 26 21 -23 -24 24 -26 -27 -28 28 -30 -31
leaf_value=0 0 -0.0036802955839843748 0 0 0 0 0 0.03532009968945312 0 0.033171021564453125 -0.0017458432402343753 0 0 0.034916864804687496 0.034916864804687496 0 0.033171021564453125 0 0 0 0 0 0 0.033171021564453125 0.035647834845703129 0.067453893478515631 0 0 0 0
leaf_weight=14627 23199 4474 36106 41975 106937 33038 26615 24636 1475 23668 7343 55854 48043 10107 11436 39733 9124 17581 26514 17460 26321 8975 2741 23592 7437 7790 4502 11187 159461 16048
leaf_count=14627 23199 4474 36106 41975 106937 33038 26615 24636 1475 23668 7343 55854 48043 10107 11436 39733 9124 17581 26514 17460 26321 8975 2741 23592 7437 7790 4502 11187 159461 16048
internal_value=-0.012329 -0.00274603 -0.0205404 -0.00582033 -0.0225516 -0.0178943 0.00578433 0.00851978 -0.00280724 0.00122668 0.00234836 -0.00414678 -0.00831596 -0.00693114 -0.00351198 -0.01272 0.000582534 -0.0104499 -0.00561222 -0.0121327 -0.00961444 -0.00786668 -0.00998211 0.0060131 0.00690448 0.0083344 -0.00939122 -0.023656 -0.0229258 -0.0182991
internal_weight=847999 391319 456680 287651 363260 69627 103668 67929 130315 32486 31011 97829 157336 109293 48057 93420 35739 53687 36621 36589 61236 38037 29062 43293 38819 31382 21962 293633 186696 27235
internal_count=847999 391319 456680 287651 363260 69627 103668 67929 130315 32486 31011 97829 157336 109293 48057 93420 35739 53687 36621 36589 61236 38037 29062 43293 38819 31382 21962 293633 186696 27235
cat_boundaries=0 1 2 3 4 5 6 7 8
cat_threshold=1 327703 1 360607 1 1 885151 1
is_linear=0
shrinkage=0.05


Tree=9
num_leaves=31
num_cat=7
split_feature=18 18 18 18 18 4 17 0 0 4 3 0 3 4 3 3 0 4 3 3 0 17 0 3 4 3 3 0 7 3
split_gain=26708.4 4140.29 2814.33 837.684 536.78 315.978 311.052 252.393 221.376 184.027 269.517 202.412 171.591 183.941 170.474 149.902 138.243 127.443 108.358 107.624 102.298 101.157 80.3308 77.4986 76.2335 73.3786 65.5387 65.1594 64.2661 61.4284
threshold=0.19625899195671084 0.71484372019767772 0.098401192575693144 1.3382564187049868 0.44424292445182806 4.5000000000000009 0.15384615212678912 0 1 4.5000000000000009 36.500000000000007 2 41.500000000000007 4.5000000000000009 36.500000000000007 80.500000000000014 3 4.5000000000000009 80.500000000000014 43.500000000000007 4 0.28759399056434637 5 45.500000000000007 4.5000000000000009 47.500000000000007 43.500000000000007 6 30.10000038146973 44.500000000000007
decision_type=2 2 2 2 2 2 2 1 1 2 2 1 2 2 2 2 1 2 2 2 1 2 1 2 2 2 2 1 2 2
left_child=2 4 6 5 12 7 22 19 17 11 -11 28 20 15 -7 16 -14 26 25 -3 -2 -15 29 -13 -10 -4 -5 -28 -6 -1
right_child=1 3 18 8 9 14 -8 -9 24 10 -12 23 13 21 -16 -17 -18 -19 -20 -21 -22 -23 -24 -25 -26 -27 27 -29 -30 -31
leaf_value=0 0 -0.0062269679687500003 0 -0.010067073812597659 0 -0.0034962808047851561 0 0 -0.0090547031250000007 0 0.031512470486230473 0 0 0 0.031512470486230473 0 0 0.068052439236230472 0 0.031512470486230473 0 0 0 0 0.033548736111230472 0 0.081185032204980467 0.031512470486230473 0.047743750000000001 0
leaf_weight=59002 6355 4572 30952 1007 22200 552 3484 32743 6648 1234 22828 5566 44989 20070 22256 6526 46510 9771 9251 29206 22291 10442 193078 34198 2364 52963 9423 17599 11701 107915
leaf_count=59002 6355 4572 30952 1007 22200 552 3484 32743 6648 1234 22828 5566 44989 20070 22256 6526 46510 9771 9251 29206 22291 10442 193078 34198 2364 52963 9423 17599 11701 107915
internal_value=-0.0123458 -0.0027552 -0.0205588 0.00428471 -0.00651504 0.0014455 -0.0225461 -0.000295771 0.00970264 -0.0036052 0.000191173 -0.00484525 -0.00832421 -0.00754433 0.00652403 -0.00859959 -0.00807741 0.0113806 -0.0128056 0.00273618 -0.0118236 -0.0041541 -0.02269 -0.0072648 0.00264908 -0.0122395 0.00966945 0.0101362 -0.00200451 -0.0218651
internal_weight=847696 391051 456645 136141 254910 89329 363479 66521 46812 97727 24062 73665 157183 128537 22808 98025 91499 37800 93166 33778 28646 30512 359995 39764 9012 83915 28029 27022 33901 166917
internal_count=847696 391051 456645 136141 254910 89329 363479 66521 46812 97727 24062 73665 157183 128537 22808 98025 91499 37800 93166 33778 28646 30512 359995 39764 9012 83915 28029 27022 33901 166917
cat_boundaries=0 1 2 3 4 5 6 7
cat_threshold=327831 851991 885151 7355936 327699 5906312 16
is_linear=0
shrinkage=0.05


Tree=10
num_leaves=31
num_cat=10
split_feature=18 18 18 18 2 3 18 4 2 3 4 2 3 0 7 0 0 2 3 4 3 2 0 3 4 0 3 3 3 3
split_gain=26494.6 4096.17 2865.99 859.154 761.057 1030.59 529.268 318.315 282.037 399.049 370.063 260.515 252.163 251.92 228.619 214.026 201.62 196.983 205.442 192.135 270.526 281.737 195.038 163.597 123.422 111.002 110.216 282.257 120.859 114.98
threshold=0.19625899195671084 0.71484372019767772 0.098401192575693144 1.3382564187049868 0 81.500000000000014 0.44424292445182806 4.5000000000000009 1 43.500000000000007 4.5000000000000009 2 80.500000000000014 3 28.69999980926514 4 5 6 36.500000000000007 4.5000000000000009 36.500000000000007 7 8 39.500000000000007 4.5000000000000009 9 44.500000000000007 57.500000000000007 46.500000000000007 73.500000000000014
decision_type=2 2 2 2 1 2 2 2 1 2 2 1 2 1 2 1 1 1 2 2 2 1 1 2 2 1 2 2 2 2
left_child=2 6 4 7 5 23 8 13 9 25 12 14 16 -3 -4 24 -11 18 -9 22 -21 -22 -8 -1 -5 -2 -6 28 -28 -29
right_child=1 3 11 15 26 -7 19 17 -10 10 -12 -13 -14 -15 -16 -17 -18 -19 -20 20 21 -23 -24 -25 -26 -27 27 29 -30 -31
leaf_value=0 0 0.029936846961918947 0 0.029936846961918947 0 0 0 -0.0033214667645458983 0 0 0.033171021564453125 0 0 0 0 0.029722221180668942 0 -0.0032341746025341804 0.029936846961918947 0 0.029936846961918947 -0.0032341746025341804 0 0 0.064649817274418944 0 0 0 0 0
leaf_weight=14666 6988 38566 36058 27954 106801 32953 33936 560 48017 29347 17233 39563 2769 28121 17585 8966 25331 4132 17946 1248 17238 5610 39654 21997 9807 27734 11290 112649 16095 46990
leaf_count=14666 6988 38566 36058 27954 106801 32953 33936 560 48017 29347 17233 39563 2769 28121 17585 8966 25331 4132 17946 1248 17238 5610 39654 21997 9807 27734 11290 112649 16095 46990
internal_value=-0.0123475 -0.00279728 -0.0205282 0.00420905 -0.0225341 -0.0178335 -0.00653388 0.00133529 -0.00832793 -0.00692583 -0.00486676 -0.0127063 -0.00679452 -0.000403752 -0.0104361 0.00970263 -0.00604905 0.00645817 0.00866206 -0.00364279 0.000232404 0.00147059 -0.00491167 -0.012066 0.0113506 -0.0113545 -0.0236478 -0.022916 -0.0182262 -0.0237206
internal_weight=847804 391157 456647 136052 363441 69616 255105 89325 157419 109402 74680 93206 57447 66687 53643 46727 54678 22638 18506 97686 24096 22848 73590 36663 37761 34722 293825 187024 27385 159639
internal_count=847804 391157 456647 136052 363441 69616 255105 89325 157419 109402 74680 93206 57447 66687 53643 46727 54678 22638 18506 97686 24096 22848 73590 36663 37761 34722 293825 187024 27385 159639
cat_boundaries=0 1 2 3 4 5 6 7 8 9 10
cat_threshold=1 1 1 360607 851991 7355936 1 1 885151 327699
is_linear=0
shrinkage=0.05


Tree=11
num_leaves=31
num_cat=8
split_feature=18 18 18 18 2 3 0 18 4 3 2 0 2 7 4 2 7 4 0 3 3 4 3 3 2 4 3 3 3 3
split_gain=26648.3 4096.2 2825.26 848.126 745.028 1017.46 585.482 304.781 286.597 351.127 379.343 290.386 275 405.297 271.157 262.291 226.227 221.92 203.618 170.07 125.302 209.857 164.378 119.272 136.311 161.264 111.84 109.993 281.328 118.735
threshold=0.19625899195671084 0.85719957947731029 0.098401192575693144 0.44424292445182806 0 81.500000000000014 1 1.6812855601310732 4.5000000000000009 36.500000000000007 2 3 4 28.69999980926514 4.5000000000000009 5 28.69999980926514 4.5000000000000009 6 39.500000000000007 41.500000000000007 4.5000000000000009 80.500000000000014 42.500000000000007 7 4.5000000000000009 43.500000000000007 44.500000000000007 57.500000000000007 46.500000000000007
decision_type=2 2 2 2 1 2 1 2 2 2 1 1 1 2 2 1 2 2 1 2 2 2 2 2 1 2 2 2 2 2
left_child=2 3 4 12 5 19 7 23 11 -10 -11 -5 13 20 18 16 -4 -8 -15 -1 -2 22 -22 -3 25 -25 -13 -6 29 -29
right_child=1 6 15 8 27 -7 17 -9 9 10 -12 26 -14 14 -16 -17 -18 -19 -20 -21 21 -23 -24 24 -26 -27 -28 28 -30 -31
leaf_value=0 0 -0.0031553934263186035 0 0 0 0 0 0.030481628832572993 0 0.028440004613823001 -0.0030724658724074713 0 0 0.033171021564453125 0.031512470486230473 0 0 0.028440004613823001 0 0 0 -0.0016585510782226563 0 0.028440004613823001 0.020337160707572993 0.057446085979057371 0 0 0 0
leaf_weight=14669 23124 3691 36266 41921 106826 33032 26039 24708 1509 23698 7349 4805 48087 10155 11422 39612 17450 8881 26500 21931 26297 8922 2742 24541 7528 8133 51064 11192 159699 16068
leaf_count=14669 23124 3691 36266 41921 106826 33032 26039 24708 1509 23698 7349 4805 48087 10155 11422 39612 17450 8881 26500 21931 26297 8922 2742 24541 7528 8133 51064 11192 159699 16068
internal_value=-0.0123508 -0.00277168 -0.0205535 -0.00584163 -0.0225463 -0.0178962 0.00575704 0.00843924 -0.00285931 0.00120408 0.00234886 -0.00421209 -0.00831373 -0.00692594 -0.00349179 -0.0127936 -0.0105174 0.000485256 -0.00558791 -0.0121544 -0.0096288 -0.00786136 -0.009922 0.00594001 0.00672976 0.00812726 -0.00657179 -0.0236485 -0.0229172 -0.0182227
internal_weight=847861 391116 456745 287595 363417 69632 103521 68601 130346 32556 31047 97790 157249 109162 48077 93328 53716 34920 36655 36600 61085 37961 29039 43893 40202 32674 55869 293785 186959 27260
internal_count=847861 391116 456745 287595 363417 69632 103521 68601 130346 32556 31047 97790 157249 109162 48077 93328 53716 34920 36655 36600 61085 37961 29039 43893 40202 32674 55869 293785 186959 27260
cat_boundaries=0 1 2 3 4 5 6 7 8
cat_threshold=1 327711 1 360607 1 1 885151 1
is_linear=0
shrinkage=0.05


Tree=12
num_leaves=31
num_cat=8
split_feature=18 18 18 18 2 3 0 18 4 3 2 0 2 3 4 2 7 3 4 0 3 3 2 4 3 3 3 3 4 7
split_gain=26665.3 4085.11 2842.31 834.076 749.272 1032.54 586.967 296.395 293.913 344.602 376.482 294.641 287.711 402.703 485.683 264.689 230.264 228.754 225.407 208.652 166.184 117.172 146.484 141.835 110.745 203.002 186.548 114.585 110.612 108.996
threshold=0.19625899195671084 0.85719957947731029 0.098401192575693144 0.44424292445182806 0 81.500000000000014 1 1.6812855601310732 4.5000000000000009 36.500000000000007 2 3 4 41.500000000000007 4.5000000000000009 5 28.69999980926514 80.500000000000014 4.5000000000000009 6 39.500000000000007 43.500000000000007 7 4.5000000000000009 43.500000000000007 57.500000000000007 46.500000000000007 73.500000000000014 4.5000000000000009 30.10000038146973
decision_type=2 2 2 2 1 2 1 2 2 2 1 1 1 2 2 1 2 2 2 1 2 2 1 2 2 2 2 2 2 2
left_child=2 3 4 12 5 20 7 21 11 -10 -11 -5 13 -2 17 16 -4 19 -8 -15 -1 -3 23 -23 -6 26 -26 -27 -22 -21
right_child=1 6 15 8 24 -7 18 -9 9 10 -12 -13 -14 14 -16 -17 -18 -19 -20 29 28 22 -24 -25 25 27 -28 -29 -30 -31
leaf_value=0 0 -0.0029976237550026733 0 0 0 0 0 0.02895754739094435 0 0.027018004383131844 -0.0029188425787870977 0 0 0 0.029936846961918947 0 0 0 0.027018004383131844 0 0 0.027018004383131844 0.019320302672194346 0.054573781680104509 0 0 0 0 0 0.031512470486230473
leaf_weight=14645 28686 4529 36126 41831 99374 33099 25998 24817 1483 23618 7304 55947 47867 31460 18721 39638 17585 2713 8877 16789 17519 23896 7509 7929 18641 112448 16051 46857 4536 10567
leaf_count=14645 28686 4529 36126 41831 99374 33099 25998 24817 1483 23618 7304 55947 47867 31460 18721 39638 17585 2713 8877 16789 17519 23896 7509 7929 18641 112448 16051 46857 4536 10567
internal_value=-0.0123295 -0.00273806 -0.0205347 -0.00580987 -0.0225349 -0.0178788 0.00577495 0.00845684 -0.00285156 0.00127527 0.00240444 -0.00421925 -0.00826595 -0.00684622 -0.00502866 -0.0127529 -0.0104657 -0.00717426 0.000490899 -0.00651948 -0.0121035 0.00598739 0.00686429 0.00834643 -0.0236427 -0.0229474 -0.0194814 -0.0237022 -0.00936182 -0.00332164
internal_weight=847060 390541 456519 286986 363170 69799 103555 68680 130183 32405 30922 97778 156803 108936 80250 93349 53711 61529 34875 58816 36700 43863 39334 31825 293371 193997 34692 159305 22055 27356
internal_count=847060 390541 456519 286986 363170 69799 103555 68680 130183 32405 30922 97778 156803 108936 80250 93349 53711 61529 34875 58816 36700 43863 39334 31825 293371 193997 34692 159305 22055 27356
cat_boundaries=0 1 2 3 4 5 6 7 8
cat_threshold=1 327711 1 360607 1 1 7355936 1
is_linear=0
shrinkage=0.05


Tree=13
num_leaves=31
num_cat=9
split_feature=18 18 18 18 2 3 18 4 2 7 4 2 0 7 0 2 0 3 4 3 2 0 3 4 3 4 3 3 3 3
split_gain=26689 4087.61 2858.28 827.327 754.199 1027.64 536.308 319.376 283.023 405.357 262.949 262.623 258.879 230.118 208.142 205.511 201.314 200.062 197.246 278.711 273.867 197.654 166.434 126.751 124.039 205.66 170.343 110.915 110.137 279.754
threshold=0.19625899195671084 0.71484372019767772 0.098401192575693144 1.3382564187049868 0 81.500000000000014 0.44424292445182806 4.5000000000000009 1 28.69999980926514 4.5000000000000009 2 3 28.69999980926514 4 5 6 36.500000000000007 4.5000000000000009 36.500000000000007 7 8 39.500000000000007 4.5000000000000009 41.500000000000007 4.5000000000000009 80.500000000000014 43.500000000000007 44.500000000000007 57.500000000000007
decision_type=2 2 2 2 1 2 2 2 1 2 2 1 1 2 1 1 1 2 2 2 1 1 2 2 2 2 2 2 2 2
left_child=2 6 4 7 5 22 8 12 9 24 16 13 27 -4 23 17 -11 -9 21 -20 -21 -8 -1 -5 -2 26 -26 -3 -6 -30
right_child=1 3 11 14 28 -7 18 15 -10 10 -12 -13 -14 -15 -16 -17 -18 -19 19 20 -22 -23 -24 -25 25 -27 -28 -29 29 -31
leaf_value=0 0 -0.0074124619184084478 0 0.025667104163975253 0 0 0 -0.0028477425672525395 0 0.029936846961918947 0.028440004613823001 0 0 0 0.02761228779678776 -0.0027729004498477428 0 0.025667104163975253 0 0.025667104163975253 -0.0027729004498477428 0 0 0.058445367599522124 0 -0.0030724658724074708 0 0.025667104163975253 0 0
leaf_weight=14647 23075 4913 36145 27917 106873 33048 33834 540 47966 10152 11428 39571 26815 17548 9020 4144 26466 18114 1267 17289 5618 39605 22009 9776 26260 8943 2739 34807 27268 159610
leaf_count=14647 23075 4913 36145 27917 106873 33048 33834 540 47966 10152 11428 39571 26815 17548 9020 4144 26466 18114 1267 17289 5618 39605 22009 9776 26260 8943 2739 34807 27268 159610
internal_value=-0.0123299 -0.00273594 -0.0205369 0.00426106 -0.0225405 -0.0178648 -0.00647419 0.00144152 -0.00828334 -0.00687561 -0.00344045 -0.0127284 -0.000308484 -0.0104506 0.00965309 0.00654882 -0.00550685 0.00878632 -0.00356382 0.000353686 0.00161632 -0.00485335 -0.0121003 0.0112849 -0.00958053 -0.00782247 -0.00986672 0.00225396 -0.02365 -0.0229179
internal_weight=847407 390688 456719 136046 363455 69704 254642 89333 157029 109063 48046 93264 66535 53693 46713 22798 36618 18654 97613 24174 22907 73439 36656 37693 61017 37942 28999 39720 293751 186878
internal_count=847407 390688 456719 136046 363455 69704 254642 89333 157029 109063 48046 93264 66535 53693 46713 22798 36618 18654 97613 24174 22907 73439 36656 37693 61017 37942 28999 39720 293751 186878
cat_boundaries=0 1 2 3 4 5 6 7 8 9
cat_threshold=1 1 1 360863 851991 1 885151 1 885151
is_linear=0
shrinkage=0.05


Tree=14
num_leaves=31
num_cat=12
split_feature=18 18 18 18 2 7 18 4 0 2 7 4 2 7 2 0 4 2 0 0 7 17 17 0 4 7 6 7 2 4
split_gain=26526.1 4053.32 2831.65 838.069 752.647 578.065 521.316 343.484 310.26 275.269 409.264 268.966 254.416 229.643 224.962 193.552 188.262 207.461 191.046 160.594 128.724 96.235 91.7619 91.0105 87.0458 82.456 118.617 80.5926 81.976 70.9933
threshold=0.19625899195671084 0.71484372019767772 0.098401192575693144 1.5033627748489382 0 28.10000038146973 0.44424292445182806 4.5000000000000009 1 2 28.69999980926514 4.5000000000000009 3 28.69999980926514 4 5 4.5000000000000009 6 7 8 28.10000038146973 0.14102564007043841 0.15384615212678912 9 4.5000000000000009 25.500000000000004 10 30.10000038146973 11 4.5000000000000009
decision_type=2 2 2 2 1 2 2 2 1 1 2 2 1 2 1 1 2 1 1 1 2 2 2 1 2 2 1 2 1 2
left_child=2 6 4 7 5 22 9 8 27 10 23 15 13 -4 -9 -12 18 20 -8 -5 -18 -6 25 -2 -21 -1 -27 -3 -29 -15
right_child=1 3 12 19 21 -7 16 14 -10 -11 11 -13 -14 29 -16 -17 17 -19 -20 24 -22 -23 -24 -25 -26 26 -28 28 -30 -31
leaf_value=0 0 0.024383748955776493 0 0.053023099219546024 0 0 0 0.024383748955776493 0 0 0.028440004613823001 0.027018004383131844 0 0 -0.0026342554273553558 0 0 -0.0026342554273553558 0 0.023970064813198369 0.024383748955776493 0 0 0 0.053023099219546024 0 0 0.024383748955776493 -0.015344976549356236 0.045243749999999999
leaf_weight=34871 22538 22268 36016 20743 292398 12326 33796 20872 35145 47931 10139 11456 39534 13683 4474 26430 7687 5617 39701 11700 10885 1394 1231 38560 3955 5254 16023 13977 2738 3877
leaf_count=34871 22538 22268 36016 20743 292398 12326 33796 20872 35145 47931 10139 11456 39534 13683 4474 26430 7687 5617 39701 11700 10885 1394 1231 38560 3955 5254 16023 13977 2738 3877
internal_value=-0.0123673 -0.00280176 -0.0205502 0.00417231 -0.022543 -0.0178721 -0.00652155 0.00179695 7.89175e-05 -0.00830542 -0.00691811 -0.00346434 -0.0127704 -0.0105252 0.00682159 -0.00555867 -0.00365354 0.000172599 -0.00491279 0.010664 0.00271915 -0.0236513 -0.0199825 -0.00963288 0.00682573 -0.0202785 -0.0178256 0.00314992 0.00577475 -0.00583713
internal_weight=847219 390612 456607 135872 363497 69705 254740 99474 74128 157054 109123 48025 93110 53576 25346 36569 97686 24189 73497 36398 18572 293792 57379 61098 15655 56148 21277 38983 16715 17560
internal_count=847219 390612 456607 135872 363497 69705 254740 99474 74128 157054 109123 48025 93110 53576 25346 36569 97686 24189 73497 36398 18572 293792 57379 61098 15655 56148 21277 38983 16715 17560
cat_boundaries=0 1 2 3 4 5 6 7 8 9 10 11 12
cat_threshold=1 327831 1 1 1 885151 1 885151 262164 885023 28 1
is_linear=0
shrinkage=0.05


Tree=15
num_leaves=31
num_cat=7
split_feature=2 3 0 17 3 16 3 5 3 3 0 3 3 0 7 3 3 7 17 0 7 19 8 3 5 17 0 0 5 3
split_gain=17569.3 5965.86 3929.68 3373.78 2066.1 1533.94 1408.88 1037.15 536.299 1380.76 488.318 459.423 385.185 346.614 280.278 269.49 237.169 255.436 235.908 235.6 234.191 195.427 157.699 145.34 472.837 134.684 122.243 115.57 95.9941 161.202
threshold=0 80.500000000000014 1 0.15384615212678912 43.500000000000007 0.18065268546342853 42.500000000000007 1.0000000180025095e-35 45.500000000000007 56.500000000000007 2 73.500000000000014 54.500000000000007 3 28.69999980926514 47.500000000000007 84.500000000000014 22.800000190734867 0.18301435559988025 4 28.69999980926514 1.206357538700104 3.4000000059604649 38.500000000000007 1.0000000180025095e-35 0.54246413707733165 5 6 1.0000000180025095e-35 36.500000000000007
decision_type=1 2 1 2 2 2 2 2 2 2 1 2 2 1 2 2 2 2 2 1 2 2 2 2 2 2 1 1 2 2
left_child=1 2 6 5 23 8 25 10 -2 15 14 -11 -9 -8 -6 -10 17 -13 -3 22 -15 -14 -5 28 -25 -1 -17 -12 -4 -30
right_child=3 18 4 19 7 -7 13 12 9 11 27 16 21 20 -16 26 -18 -19 -20 -21 -22 -23 -24 24 -26 -27 -28 -29 29 -31
leaf_value=0 0 0 0 0 0 0 0.045356562500000003 0.024910404748222044 0 0 0 0 -0.00225625 0.022771561572538446 0 0 0 0 0 0 0.023164561507987669 0.023164561507987669 0.024988406392846066 0 0 0 0 0 0 0
leaf_weight=15737 115350 42425 30206 16290 31097 25263 29225 16284 12057 123066 19882 8500 15050 21726 45730 10195 17878 41031 1736 22795 32926 14636 8904 22282 8220 9720 22628 56127 7718 3223
leaf_count=15737 115350 42425 30206 16290 31097 25263 29225 16284 12057 123066 19882 8500 15050 21726 45730 10195 17878 41031 1736 22795 32926 14636 8904 22282 8220 9720 22628 56127 7718 3223
internal_value=-0.0123623 -0.00516488 -0.00314234 -0.0195596 -0.00637596 -0.0211531 0.00485669 -0.00375265 -0.0220103 -0.0206415 -0.00573327 -0.0225005 0.00283228 0.00798401 -0.00292079 -0.0127518 -0.0191825 -0.0174007 -0.0225589 -0.00707506 0.00563005 -0.000557502 -0.0037375 -0.0136558 -0.0110403 -0.00544546 -0.0104035 -0.0085745 -0.0155947 -0.0196074
internal_weight=847907 423950 379789 423957 270455 375968 109334 198806 350705 235355 152836 190475 45970 83877 76827 44880 67409 49531 44161 47989 54652 29686 25194 71649 30502 25457 32823 76009 41147 10941
internal_count=847907 423950 379789 423957 270455 375968 109334 198806 350705 235355 152836 190475 45970 83877 76827 44880 67409 49531 44161 47989 54652 29686 25194 71649 30502 25457 32823 76009 41147 10941
cat_boundaries=0 1 2 3 4 5 6 7
cat_threshold=1 327703 2802120 262160 352279 2449431 4198400
is_linear=0
shrinkage=0.05


Tree=16
num_leaves=31
num_cat=8
split_feature=18 18 18 2 3 2 3 4 3 0 0 4 18 3 4 0 3 2 7 2 7 0 17 3 3 7 3 3 3 3
split_gain=26141.7 5603.76 1017.76 872.921 1179.14 851.349 850.994 911.453 635.367 479.022 406.827 338.91 331.314 317.976 268.745 248.323 208.871 266.594 167.691 137.002 127.688 118.543 115.566 102.163 161.713 129.511 97.0009 195.798 174.039 92.7295
threshold=0.14271402359008792 0.57170221209526073 1.6812855601310732 0 80.500000000000014 1 43.500000000000007 4.5000000000000009 80.500000000000014 2 3 4.5000000000000009 0.30224989354610449 43.500000000000007 4.5000000000000009 4 42.500000000000007 5 28.69999980926514 6 28.69999980926514 7 0.07692307606339456 46.500000000000007 55.500000000000007 22.800000190734867 43.500000000000007 57.500000000000007 46.500000000000007 43.500000000000007
decision_type=2 2 2 1 2 1 2 2 2 1 1 2 2 2 2 1 2 1 2 1 2 1 2 2 2 2 2 2 2 2
left_child=3 5 9 4 13 6 15 8 10 16 -8 29 23 -1 -15 -2 -3 20 -12 -13 -18 -4 26 -7 -25 -26 -5 28 -28 -11
right_child=1 2 21 22 -6 12 7 -9 -10 11 18 19 -14 14 -16 -17 17 -19 -20 -21 -22 -23 -24 24 25 -27 27 -29 -30 -31
leaf_value=0 0 0 0.050604116133568723 0 0 0 0 0.022006333432588288 0 0 0 0.021919041270576568 0 0 0.00011281250000000001 0 0.02089673338298767 0 0.025859776307732465 -0.002502542655987588 0.022006333432588288 0.021613333497139064 0 0 0 0 0 0 0 0
leaf_weight=18424 20507 9830 17799 99481 35364 5338 53918 31700 6413 2517 22455 13950 32371 13066 3264 45022 22262 15664 24194 3059 34248 10561 3106 25850 6158 30135 18236 158194 15191 49022
leaf_count=18424 20507 9830 17799 99481 35364 5338 53918 31700 6413 2517 22455 13950 32371 13066 3264 45022 22262 15664 24194 3059 34248 10561 3106 25850 6158 30135 18236 158194 15191 49022
internal_value=-0.0123241 -0.00469628 0.00232489 -0.0224361 -0.0174228 -0.00882759 -0.00697753 -0.0047588 -0.00696532 0.000688134 -0.00599227 -0.00239651 -0.0126112 -0.0108822 -0.0058022 -0.0116731 0.00326652 0.00419819 -0.00257132 0.00372303 0.00579809 0.0110138 -0.0236309 -0.014606 -0.0140358 -0.0161884 -0.0237333 -0.0230756 -0.0195987 -0.00441656
internal_weight=847299 482973 178912 364326 70118 304061 204209 138680 106980 150552 100567 68548 99852 34754 16330 65529 82004 72174 46649 17009 56510 28360 294208 67481 62143 36293 291102 191621 33427 51539
internal_count=847299 482973 178912 364326 70118 304061 204209 138680 106980 150552 100567 68548 99852 34754 16330 65529 82004 72174 46649 17009 56510 28360 294208 67481 62143 36293 291102 191621 33427 51539
cat_boundaries=0 1 2 3 4 5 6 7 8
cat_threshold=1 1 360479 7355936 360727 1 1 786452
is_linear=0
shrinkage=0.05


Tree=17
num_leaves=31
num_cat=8
split_feature=18 18 18 2 3 18 18 2 3 4 4 2 3 3 4 1 2 3 4 3 2 3 4 3 3 1 1 3 3 3
split_gain=25841.6 3682 2787.01 870.583 1166.36 587.248 550.088 269.194 389 367.778 267.841 260.201 253.313 249.697 330.718 214.654 195.839 206.009 189.948 271.579 272.78 163.07 235.68 216.112 144.464 135.123 122.558 108.003 271.302 113.522
threshold=0.19625899195671084 0.71484372019767772 0.098401192575693144 0 81.500000000000014 1.6812855601310732 0.44424292445182806 1 43.500000000000007 4.5000000000000009 4.5000000000000009 2 80.500000000000014 41.500000000000007 4.5000000000000009 3 4 36.500000000000007 4.5000000000000009 36.500000000000007 5 38.500000000000007 4.5000000000000009 80.500000000000014 43.500000000000007 6 7 44.500000000000007 57.500000000000007 46.500000000000007
decision_type=2 2 2 1 2 2 2 1 2 2 2 1 2 2 2 1 1 2 2 2 1 2 2 2 2 1 1 2 2 2
left_child=2 6 3 4 13 10 7 8 -2 12 15 21 26 -1 -15 24 17 -12 25 -20 -21 -4 23 -23 -3 -8 -10 -5 29 -29
right_child=1 5 11 27 -6 -7 18 -9 9 -11 16 -13 -14 14 -16 -17 -18 -19 19 20 -22 22 -24 -25 -26 -27 -28 28 -30 -31
leaf_value=0 0 -0.0082610262702768507 0 0 0 0.023243290635484033 0 0 0 0.023321267254934736 -0.003924542886678737 0 0 0 0.00010717187500000001 0 -0.0023774155231882088 0.020910381369059462 0 0.020906016760958875 -0.002502542655987588 0 0 0 0.020906016760958875 0 0 0 0 0
leaf_weight=16684 34722 5963 14766 106877 33016 28333 27906 48100 23667 17119 594 39616 2757 15919 3993 21406 4717 22081 1245 17320 5601 27067 8718 3174 52718 45688 30861 11230 159777 16013
leaf_count=16684 34722 5963 14766 106877 33016 28333 27906 48100 23667 17119 594 39616 2757 15919 3993 21406 4717 22081 1245 17320 5601 27067 8718 3174 52718 45688 30861 11230 159777 16013
internal_value=-0.0124154 -0.00297622 -0.0204898 -0.0224687 -0.017441 0.00367383 -0.0065182 -0.00834945 -0.00697588 -0.00493656 0.00198574 -0.012783 -0.00685825 -0.0112936 -0.00751306 0.00052599 0.00625365 0.00818192 -0.00357304 0.000273111 0.00150844 -0.0105161 -0.00882017 -0.0109082 0.00208933 -0.00483599 -0.00611062 -0.0236596 -0.022935 -0.0183231
internal_weight=847648 390798 456850 363509 69612 135812 254986 157226 109126 74404 107479 93341 57285 36596 19912 80087 27392 22675 97760 24166 22921 53725 38959 30241 58681 73594 54528 293897 187020 27243
internal_count=847648 390798 456850 363509 69612 135812 254986 157226 109126 74404 107479 93341 57285 36596 19912 80087 27392 22675 97760 24166 22921 53725 38959 30241 58681 73594 54528 293897 187020 27243
cat_boundaries=0 1 2 3 4 5 6 7 8
cat_threshold=1 1 1 3 1 1 1 3
is_linear=0
shrinkage=0.05


Tree=18
num_leaves=31
num_cat=8
split_feature=18 18 18 2 3 18 18 3 2 7 4 4 2 1 7 4 3 2 3 4 7 2 1 4 3 4 3 1 3 3
split_gain=25920.6 3718.44 2776.8 875.982 1178.6 547.945 518.013 311.715 290.074 400.186 273.475 268.936 252.4 236.713 224.005 182.14 267.411 281.085 150.549 138.841 134.261 150.051 132.877 130.523 121.177 213.049 164.512 121.044 108.825 206.629
threshold=0.19625899195671084 0.71484372019767772 0.098401192575693144 0 80.500000000000014 0.44424292445182806 1.6812855601310732 41.500000000000007 1 28.69999980926514 4.5000000000000009 4.5000000000000009 2 3 28.69999980926514 4.5000000000000009 36.500000000000007 4 44.500000000000007 4.5000000000000009 28.69999980926514 5 6 4.5000000000000009 41.500000000000007 4.5000000000000009 80.500000000000014 7 43.500000000000007 57.500000000000007
decision_type=2 2 2 1 2 2 2 2 1 2 2 2 1 1 2 2 2 1 2 2 2 1 1 2 2 2 2 1 2 2
left_child=2 5 3 4 7 8 13 -1 9 24 -9 18 14 20 -4 22 -17 -18 -11 -15 -3 23 -7 -22 -2 26 -26 -20 -5 -30
right_child=1 6 12 28 -6 15 -8 10 -10 11 -12 -13 -14 19 -16 16 17 -19 27 -21 21 -23 -24 -25 25 -27 -28 -29 29 -31
leaf_value=0 0 0.013487216202007414 0 0 0 0 0.021646402287280375 0 0 0 0.00010181328125 0.022155203892187999 0 0 0 0 0.019860715922910933 -0.0023774155231882088 0.02345718744274522 0.019777570138594769 0.019860715922910933 -0.0023836718798281777 0 0.028879889332432875 0 -0.0035165415005644408 0 0 0 0
leaf_weight=16565 23182 33653 36008 99568 35200 27928 28374 14188 48004 7472 3628 11422 39621 21399 17528 1229 17311 5625 11533 7652 30181 4736 45589 9843 26283 8980 2751 17576 34617 159570
leaf_count=16565 23182 33653 36008 99568 35200 27928 28374 14188 48004 7472 3628 11422 39621 21399 17528 1229 17311 5625 11533 7652 30181 4736 45589 9843 26283 8980 2751 17576 34617 159570
internal_value=-0.0123954 -0.00294217 -0.0204866 -0.0224612 -0.0174168 -0.00650303 0.00373938 -0.0108323 -0.00833047 -0.00690643 -0.00624158 -0.00348884 -0.0127851 0.00215281 -0.0105462 -0.00356207 0.000203807 0.00142135 -0.00558008 -0.00170245 0.0035809 0.00537534 -0.00479991 0.00637118 -0.00958723 -0.00784974 -0.00993146 -0.00395496 -0.023656 -0.0229669
internal_weight=847216 390723 456493 363336 69581 254885 135838 34381 157203 109199 17816 48003 93157 107464 53536 97682 24165 22936 36581 29051 78413 44760 73517 40024 61196 38014 29034 29109 293755 194187
internal_count=847216 390723 456493 363336 69581 254885 135838 34381 157203 109199 17816 48003 93157 107464 53536 97682 24165 22936 36581 29051 78413 44760 73517 40024 61196 38014 29034 29109 293755 194187
cat_boundaries=0 1 2 3 4 5 6 7 8
cat_threshold=1 1 1 3 1 1 1 3
is_linear=0
shrinkage=0.05


Tree=19
num_leaves=31
num_cat=9
split_feature=18 18 18 2 3 0 18 5 3 2 7 5 5 18 2 7 0 5 3 2 0 3 2 3 5 3 2 3 3 3
split_gain=25701 3612.98 2806.57 871.273 1182.94 592.876 537.336 312.702 311.393 278.247 407.07 270.326 259.965 258.51 255.38 234.289 202.453 186.129 277.421 281.634 198.439 151.698 157.306 121.624 209.175 168.048 119.813 109.71 275.085 117.345
threshold=0.19625899195671084 0.71484372019767772 0.098401192575693144 0 80.500000000000014 1 0.44424292445182806 1.0000000180025095e-35 41.500000000000007 2 28.69999980926514 1.0000000180025095e-35 1.0000000180025095e-35 1.6812855601310732 3 28.69999980926514 4 1.0000000180025095e-35 36.500000000000007 5 6 42.500000000000007 7 41.500000000000007 1.0000000180025095e-35 80.500000000000014 8 44.500000000000007 57.500000000000007 46.500000000000007
decision_type=2 2 2 1 2 1 2 2 2 1 2 2 2 2 1 2 1 2 2 1 1 2 1 2 2 2 1 2 2 2
left_child=2 6 3 4 8 13 9 -7 -1 10 23 -10 16 21 15 -4 -12 20 -19 -20 -8 -3 -23 -2 25 -25 -9 -5 29 -29
right_child=1 5 14 27 -6 7 17 26 11 -11 12 -13 -14 -15 -16 -17 -18 18 19 -21 -22 22 -24 24 -26 -27 -28 28 -30 -31
leaf_value=0 0 -0.0051723102089664443 0 0 0 0 0 0.018788691631665036 0 0 0.023393928120208574 9.67226171875e-05 0.021047443697578602 0.020564082172916356 0 0 0 0 0.018867680126765388 -0.0022585447470287981 0 0.018867680126765388 -0.0022644882858367686 0 -0.0033407144255362189 0 -0.0032474232539585371 0 0 0
leaf_weight=16589 23120 5935 36141 106804 35240 40848 33832 11763 14148 47983 10120 3638 11479 24605 39620 17596 26358 1254 17261 5600 39630 40170 10696 26308 8993 2778 2097 11146 159558 16069
leaf_count=16589 23120 5935 36141 106804 35240 40848 33832 11763 14148 47983 10120 3638 11479 24605 39620 17596 26358 1254 17261 5600 39630 40170 10696 26308 8993 2778 2097 11146 159558 16069
internal_value=-0.0124125 -0.00300105 -0.0204692 -0.0224567 -0.0174276 0.00357531 -0.0065153 -0.000450492 -0.0108284 -0.00832495 -0.00692999 -0.00623243 -0.00348072 0.00628009 -0.0127369 -0.0104914 -0.00554581 -0.003601 0.00021045 0.00146647 -0.00485217 0.00442642 0.00530905 -0.00963292 -0.00789608 -0.00995668 0.00603896 -0.0236492 -0.0229183 -0.0182721
internal_weight=847379 390830 456549 363192 69615 136114 254716 54708 34375 157139 109156 17786 47957 81406 93357 53737 36478 97577 24115 22861 73462 56801 50866 61199 38079 29086 13860 293577 186773 27215
internal_count=847379 390830 456549 363192 69615 136114 254716 54708 34375 157139 109156 17786 47957 81406 93357 53737 36478 97577 24115 22861 73462 56801 50866 61199 38079 29086 13860 293577 186773 27215
cat_boundaries=0 1 2 3 4 5 6 7 8 9
cat_threshold=1 327703 1 1 885151 1 885151 1 1
is_linear=0
shrinkage=0.05


Tree=20
num_leaves=31
num_cat=10
split_feature=18 18 18 2 3 0 18 3 4 2 3 4 18 4 2 3 0 4 3 2 0 3 3 3 2 4 2 0 3 3
split_gain=25721.3 3594.02 2821.98 863.533 1175.49 590.681 536.271 323.407 311.175 281.085 390.422 349.061 268.234 264.634 263.778 252.323 193.933 189.93 275.963 280.408 205.719 175.541 199.853 171.726 170.659 122.075 117.819 113.042 110.414 278.279
threshold=0.19625899195671084 0.71484372019767772 0.098401192575693144 0 80.500000000000014 1 0.44424292445182806 43.500000000000007 4.5000000000000009 2 43.500000000000007 4.5000000000000009 1.7926669716835024 4.5000000000000009 3 80.500000000000014 4 4.5000000000000009 36.500000000000007 5 6 41.500000000000007 80.500000000000014 42.500000000000007 7 4.5000000000000009 8 9 44.500000000000007 57.500000000000007
decision_type=2 2 2 1 2 1 2 2 2 1 2 2 2 2 1 2 1 2 2 1 1 2 2 2 1 2 1 1 2 2
left_child=2 6 3 4 7 12 9 -1 -7 10 27 15 23 -9 21 16 -12 20 -19 -20 -8 -4 -23 -3 -25 -24 -10 -2 -5 -30
right_child=1 5 14 28 -6 8 17 13 26 -11 11 -13 -14 -15 -16 -17 -18 18 19 -21 -22 22 25 24 -26 -27 -28 -29 29 -31
leaf_value=0 0 -0.0068919766802621315 0 0 0 0 0 0 0.017849257050081779 0 0 0.019995071512699671 0.042301221572106244 9.1886486328125009e-05 0 0 0 0 0.017924296120427115 -0.0021456175096773579 0 0 0 0.017924296120427115 -0.00215126387154493 -0.0011003166716294145 -0.0030850520912606102 0 0 0
leaf_weight=18164 6921 6126 19647 106778 35231 39827 31760 12960 11588 48096 29251 17214 20208 3239 39616 2761 25235 1247 17221 5585 41814 30072 3165 44976 11313 778 2047 27646 27265 159655
leaf_count=18164 6921 6126 19647 106778 35231 39827 31760 12960 11588 48096 29251 17214 20208 3239 39616 2761 25235 1247 17221 5585 41814 30072 3165 44976 11313 778 2047 27646 27265 159655
internal_value=-0.012409 -0.00299384 -0.0204686 -0.0224604 -0.0174527 0.00356634 -0.00649821 -0.0108729 -0.000529249 -0.0083065 -0.0069019 -0.00486328 0.00621574 -0.00573647 -0.0127109 -0.00674053 -0.00599328 -0.00358789 0.000269197 0.00152153 -0.00484886 -0.0104264 -0.00825298 0.00459545 0.00546066 -0.0188372 0.0059901 -0.0112933 -0.0236471 -0.0229143
internal_weight=847406 390836 456570 363292 69594 136085 254751 34363 53462 157124 109028 74461 82623 16199 93278 57247 54486 97627 24053 22806 73574 53662 34015 62415 56289 3943 13635 34567 293698 186920
internal_count=847406 390836 456570 363292 69594 136085 254751 34363 53462 157124 109028 74461 82623 16199 93278 57247 54486 97627 24053 22806 73574 53662 34015 62415 56289 3943 13635 34567 293698 186920
cat_boundaries=0 1 2 3 4 5 6 7 8 9 10
cat_threshold=1 327711 1 1 7355936 1 360863 1 1 327699
is_linear=0
shrinkage=0.05


Tree=21
num_leaves=31
num_cat=9
split_feature=18 18 18 2 3 0 18 4 3 2 7 4 4 2 18 7 0 4 3 2 0 3 2 3 4 3 2 3 3 3
split_gain=25735.6 3610.65 2812.23 868.891 1177.21 599.472 548.773 314.333 313.672 278.995 408.27 273.277 267.058 259.121 248.278 233.836 195.929 190.291 270.517 273.843 199.262 151.869 159.87 125.695 214.049 166.834 121.668 109.823 204.071 188.209
threshold=0.19625899195671084 0.71484372019767772 0.098401192575693144 0 80.500000000000014 1 0.44424292445182806 4.5000000000000009 41.500000000000007 2 28.69999980926514 4.5000000000000009 4.5000000000000009 3 1.6812855601310732 28.69999980926514 4 4.5000000000000009 36.500000000000007 5 6 42.500000000000007 7 41.500000000000007 4.5000000000000009 80.500000000000014 8 43.500000000000007 57.500000000000007 46.500000000000007
decision_type=2 2 2 1 2 1 2 2 2 1 2 2 2 1 2 2 1 2 2 1 1 2 1 2 2 2 1 2 2 2
left_child=2 6 3 4 8 14 9 -7 -1 10 23 -10 16 15 21 -4 -12 20 -19 -20 -8 -3 -23 -2 25 -25 -9 -5 29 -29
right_child=1 5 13 27 -6 7 17 26 11 -11 12 -13 -14 -15 -16 -17 -18 18 19 -21 -22 22 -24 24 -26 -27 -28 28 -30 -31
leaf_value=0 0 -0.0042911278462490262 0 0 0 0 0 0.016956794197577691 0 0 0.022224231714198146 8.7292162011718755e-05 0.018995317937064687 0 0.01863966325824918 0 0 0 0.017028081314405759 -0.0020383366341934902 0 0.017028081314405759 -0.002043700677967684 0 -0.0031736787042594087 0 -0.0029307994866975798 0 0 0
leaf_weight=16565 23178 6013 36165 99502 35304 39886 31793 11624 14154 48024 10105 3635 11417 39557 24703 17516 26410 1237 17319 5627 41725 41046 10862 26279 8957 2777 2053 18660 159629 16020
leaf_count=16565 23178 6013 36165 99502 35304 39886 31793 11624 14154 48024 10105 3635 11417 39557 24703 17516 26410 1237 17319 5627 41725 41046 10862 26279 8957 2777 2053 18660 159629 16020
internal_value=-0.0124105 -0.00299558 -0.0204716 -0.0224588 -0.0174381 0.00357688 -0.0065078 -0.000543651 -0.0108488 -0.00833726 -0.00693965 -0.00623841 -0.0034841 -0.012725 0.00624743 -0.0104623 -0.005571 -0.00356521 0.000282223 0.00151007 -0.00483079 0.00445823 0.00532962 -0.00964643 -0.00787691 -0.00996008 0.00599729 -0.0236491 -0.0229574 -0.019481
internal_weight=847742 391035 456707 363469 69658 136187 254848 53563 34354 157147 109123 17789 47932 93238 82624 53681 36515 97701 24183 22946 73518 57921 51908 61191 38013 29056 13677 293811 194309 34680
internal_count=847742 391035 456707 363469 69658 136187 254848 53563 34354 157147 109123 17789 47932 93238 82624 53681 36515 97701 24183 22946 73518 57921 51908 61191 38013 29056 13677 293811 194309 34680
cat_boundaries=0 1 2 3 4 5 6 7 8 9
cat_threshold=1 327711 1 1 885151 1 360863 1 1
is_linear=0
shrinkage=0.05


Tree=22
num_leaves=31
num_cat=9
split_feature=18 18 18 2 3 0 18 3 4 2 7 4 4 2 18 7 0 4 3 2 0 3 2 3 4 3 2 3 3 3
split_gain=25634.4 3530.38 2799.45 878.271 1180.49 602.056 537.491 310.573 305.793 275.96 402.433 274.591 273.917 261.989 249.39 221.127 195.815 187.16 270.971 284.126 197.184 181.878 174.943 120.633 210.732 162.485 115.848 109.577 281.085 114.992
threshold=0.19625899195671084 0.71484372019767772 0.098401192575693144 0 80.500000000000014 1 0.44424292445182806 41.500000000000007 4.5000000000000009 2 28.69999980926514 4.5000000000000009 4.5000000000000009 3 1.8580787777900698 28.69999980926514 4 4.5000000000000009 36.500000000000007 5 6 42.500000000000007 7 41.500000000000007 4.5000000000000009 80.500000000000014 8 44.500000000000007 57.500000000000007 46.500000000000007
decision_type=2 2 2 1 2 1 2 2 2 1 2 2 2 1 2 2 1 2 2 1 1 2 1 2 2 2 1 2 2 2
left_child=2 6 3 4 7 14 9 -1 -7 10 23 -9 16 15 21 -4 -12 20 -19 -20 -8 -3 -23 -2 25 -25 -10 -5 29 -29
right_child=1 5 13 27 -6 8 17 11 26 -11 12 -13 -14 -15 -16 -17 -18 18 19 -21 -22 22 -24 24 -26 -27 -28 28 -30 -31
leaf_value=0 0 -0.0059779945444115362 0 0 0 0 0 0 0.016108954487698807 0 0.021113020128488237 8.2927553911132823e-05 0.018045552040211455 0 0.041754177330588477 0 0 0 0.016176677248685468 -0.0019364198024838155 0 0.016176677248685468 0.010879360143661016 0 -0.0030149947690464381 0 -0.0027842595123627007 0 0 0
leaf_weight=16560 23128 6214 36125 106944 35218 39832 31837 14131 11538 48003 9977 3615 11431 39603 16441 17533 26579 1242 17270 5615 41730 48035 11767 26350 8932 2747 2017 11206 159415 16102
leaf_count=16560 23128 6214 36125 106944 35218 39832 31837 14131 11538 48003 9977 3615 11431 39603 16441 17533 26579 1242 17270 5615 41730 48035 11767 26350 8932 2747 2017 11206 159415 16102
internal_value=-0.0124235 -0.00302219 -0.0204703 -0.0224545 -0.0174012 0.00348782 -0.00649238 -0.0107999 -0.000649381 -0.00830289 -0.00691334 -0.00620422 -0.00348584 -0.012743 0.0061658 -0.0104663 -0.00559826 -0.00358006 0.000241431 0.00147586 -0.00483335 0.00479429 0.00564028 -0.00960274 -0.00787097 -0.00993315 0.00583733 -0.0236509 -0.0229199 -0.0182328
internal_weight=847137 390685 456452 363191 69524 135844 254841 34306 53387 157147 109144 17746 47987 93261 82457 53658 36556 97694 24127 22885 73567 66016 59802 61157 38029 29097 13555 293667 186723 27308
internal_count=847137 390685 456452 363191 69524 135844 254841 34306 53387 157147 109144 17746 47987 93261 82457 53658 36556 97694 24127 22885 73567 66016 59802 61157 38029 29097 13555 293667 186723 27308
cat_boundaries=0 1 2 3 4 5 6 7 8 9
cat_threshold=1 327711 1 1 885135 1 360863 1 1
is_linear=0
shrinkage=0.05


Tree=23
num_leaves=31
num_cat=5
split_feature=18 18 18 0 18 17 4 18 4 3 0 3 4 3 3 0 17 3 0 0 7 3 3 3 3 3 3 3 3 3
split_gain=25632.1 3605.8 2818.41 580.269 543.357 339.515 312.068 246.047 190.262 264.106 207.838 180.636 184.504 172.855 148.225 138.569 110.425 106.7 103.899 96.5322 83.9048 77.9825 168.898 102.541 75.3227 72.8402 61.8618 85.2905 72.3808 59.7673
threshold=0.19625899195671084 0.71484372019767772 0.098401192575693144 0 0.44424292445182806 0.15384615212678912 4.5000000000000009 1.8580787777900698 4.5000000000000009 36.500000000000007 1 41.500000000000007 4.5000000000000009 42.500000000000007 80.500000000000014 2 0.28759399056434637 80.500000000000014 3 4 28.69999980926514 44.500000000000007 56.500000000000007 46.500000000000007 47.500000000000007 45.500000000000007 83.500000000000014 73.500000000000014 80.500000000000014 54.500000000000007
decision_type=2 2 2 1 2 2 2 2 2 2 1 2 2 2 2 1 2 2 1 1 2 2 2 2 2 2 2 2 2 2
left_child=2 4 5 7 11 19 -5 13 10 -10 -6 18 14 -3 15 -13 -14 24 -2 21 -15 -1 23 -23 -4 -12 27 -24 -29 -8
right_child=1 3 17 6 8 -7 29 -9 9 -11 25 12 16 20 -16 -17 -18 -19 -20 -21 -22 22 26 -25 -26 -27 -28 28 -30 -31
leaf_value=0 0 -0.0043884305343033702 0 0 0 0 0.015303506763313868 0.039666468464059051 0 0.015280551224239476 0 0 0 0.014632398325175783 0 0 0.013620966550611992 0 0 0 0.015367843386251197 0 0 0 0 0 0 0 0 0.014935682965633679
leaf_weight=58849 6331 6204 30936 39838 33799 3517 7673 16524 1231 22917 5581 45090 20009 25205 6538 46539 10443 9273 22336 192957 34791 5876 53982 8883 53060 34223 17150 12242 9692 5936
leaf_count=58849 6331 6204 30936 39838 33799 3517 7673 16524 1231 22917 5581 45090 20009 25205 6538 46539 10443 9273 22336 192957 34791 5876 53982 8883 53060 34223 17150 12242 9692 5936
internal_value=-0.0124204 -0.00302882 -0.0204702 0.00354058 -0.0065364 -0.0224614 -0.000520512 0.00616373 -0.00360891 0.000242256 -0.00487242 -0.0083558 -0.00755584 0.00480211 -0.00861058 -0.0080916 -0.00415572 -0.0127172 -0.0119449 -0.0226126 0.00562371 -0.0217114 -0.0209137 -0.0159445 -0.0121553 -0.00732029 -0.0217018 -0.0210891 -0.0184599 0.00601624
internal_weight=847625 391208 456417 136171 255037 363148 53447 82724 97751 24148 73603 157286 128619 66200 98167 91629 30452 93269 28667 359631 59996 166674 107825 14759 83996 39804 93066 75916 21934 13609
internal_count=847625 391208 456417 136171 255037 363148 53447 82724 97751 24148 73603 157286 128619 66200 98167 91629 30452 93269 28667 359631 59996 166674 107825 14759 83996 39804 93066 75916 21934 13609
cat_boundaries=0 1 2 3 4 5
cat_threshold=327711 885151 7355936 327699 5906312
is_linear=0
shrinkage=0.05


Tree=24
num_leaves=31
num_cat=5
split_feature=18 18 18 0 18 17 4 18 4 3 0 3 4 3 3 0 17 0 3 0 7 3 3 3 3 3 3 3 3 3
split_gain=25667.8 3596.2 2787.51 580.524 552.511 332.732 308.366 249.38 189.775 271.295 199.674 181.816 180.396 178.953 152.1 147.214 110.271 106.71 104.593 99.6373 81.8379 78.5619 171.767 102.88 70.9603 70.8754 62.1286 89.427 73.1049 61.9653
threshold=0.19625899195671084 0.71484372019767772 0.098401192575693144 0 0.44424292445182806 0.15384615212678912 4.5000000000000009 1.8580787777900698 4.5000000000000009 36.500000000000007 1 41.500000000000007 4.5000000000000009 42.500000000000007 80.500000000000014 2 0.28759399056434637 3 80.500000000000014 4 28.69999980926514 44.500000000000007 56.500000000000007 46.500000000000007 44.500000000000007 47.500000000000007 83.500000000000014 73.500000000000014 80.500000000000014 54.500000000000007
decision_type=2 2 2 1 2 2 2 2 2 2 1 2 2 2 2 1 2 1 2 1 2 2 2 2 2 2 2 2 2 2
left_child=2 4 5 7 11 19 -5 13 10 -10 -6 17 14 -3 15 -13 -14 -2 25 21 -15 -1 23 -23 -12 -4 27 -24 -29 -8
right_child=1 3 18 6 8 -7 29 -9 9 -11 24 12 16 20 -16 -17 -18 -19 -20 -21 -22 22 26 -25 -26 -27 -28 28 -30 -31
leaf_value=0 0 -0.0053228345617355472 0 0 0 0 0.014538331425148177 0.037683145040856098 0 0.014516523663027504 0 0 0 0.013900778408916993 0 0 -0.00068104832753059961 0 0 0 0.014599451216938637 0 0 0 0 0 0 0 0 0.014188898817351997
leaf_weight=58820 6408 6204 30950 39907 33897 3479 7686 16553 1223 22921 4583 44970 19947 25149 6483 46503 10420 22344 9213 193074 34738 5864 54055 8925 35010 53099 17202 12292 9723 5877
leaf_count=58820 6408 6204 30950 39907 33897 3479 7686 16553 1223 22921 4583 44970 19947 25149 6483 46503 10420 22344 9213 193074 34738 5864 54055 8925 35010 53099 17202 12292 9723 5877
internal_value=-0.0124242 -0.00301805 -0.0204737 0.00354299 -0.00652421 -0.0224525 -0.000517016 0.00616909 -0.00357048 0.000275431 -0.00483399 -0.00836018 -0.00755496 0.00479528 -0.00859876 -0.00807424 -0.00418793 -0.011954 -0.0127624 -0.0226012 0.00563269 -0.0216871 -0.020888 -0.0158817 -0.00724503 -0.0122081 -0.0216817 -0.0210681 -0.0183818 0.00599609
internal_weight=847519 390823 456696 136114 254709 363434 53470 82644 97634 24144 73490 157075 128323 66091 97956 91473 30367 28752 93262 359955 59887 166881 108061 14789 39593 84049 93272 76070 22015 13563
internal_count=847519 390823 456696 136114 254709 363434 53470 82644 97634 24144 73490 157075 128323 66091 97956 91473 30367 28752 93262 359955 59887 166881 108061 14789 39593 84049 93272 76070 22015 13563
cat_boundaries=0 1 2 3 4 5
cat_threshold=327711 885151 7355936 327699 5906312
is_linear=0
shrinkage=0.05


Tree=25
num_leaves=31
num_cat=5
split_feature=18 18 18 0 18 17 4 18 4 3 0 3 3 4 3 0 3 17 0 0 7 3 3 3 3 3 3 3 3 3
split_gain=25773.3 3578.23 2817.5 589.956 537.516 332.811 305.05 259.911 195.429 275.04 198.211 184.019 179.259 173.71 148.585 143.785 109.247 104.044 98.2254 96.6266 85.7199 83.7551 78.1867 170.934 103.342 70.1182 64.7212 60.9808 87.1853 70.7851
threshold=0.19625899195671084 0.71484372019767772 0.098401192575693144 0 0.44424292445182806 0.15384615212678912 4.5000000000000009 1.8580787777900698 4.5000000000000009 36.500000000000007 1 41.500000000000007 42.500000000000007 4.5000000000000009 80.500000000000014 2 80.500000000000014 0.28759399056434637 3 4 28.69999980926514 45.500000000000007 44.500000000000007 56.500000000000007 46.500000000000007 47.500000000000007 54.500000000000007 83.500000000000014 73.500000000000014 80.500000000000014
decision_type=2 2 2 1 2 2 2 2 2 2 1 2 2 2 2 1 2 2 1 1 2 2 2 2 2 2 2 2 2 2
left_child=2 4 5 7 11 19 -5 12 10 -10 -6 18 -3 14 15 -13 25 -15 -2 22 -14 -12 -1 24 -24 -4 -8 28 -25 -30
right_child=1 3 16 6 8 -7 26 -9 9 -11 21 13 20 17 -16 -17 -18 -19 -20 -21 -22 -23 23 27 -26 -27 -28 -29 29 -31
leaf_value=0 0 -0.0050566928336487696 0 0 0 0 0.01381141485389077 0.03579898778881329 0 0.013790697479876129 0 0 0.013205739488471141 0 0 0 0 -0.00064699591115406966 0 0 0.013869478656091706 0 0 0 0 0 0.0134794538764844 0 0 0
leaf_weight=58821 6357 6246 30968 39962 31895 3500 7729 16471 1243 22958 5769 45068 25139 20074 6513 46539 9246 10478 22356 193162 34709 35987 5843 53978 8942 53060 5881 17119 12193 9666
leaf_count=58821 6357 6246 30968 39962 31895 3500 7729 16471 1243 22958 5769 45068 25139 20074 6513 46539 9246 10478 22356 193162 34709 35987 5843 53978 8942 53060 5881 17119 12193 9666
internal_value=-0.0124101 -0.00299522 -0.0204818 0.00355102 -0.00648681 -0.0224724 -0.000535628 0.00620194 -0.00357683 0.000321268 -0.00485771 -0.00829606 0.00480225 -0.00748842 -0.00851355 -0.00799475 -0.0127302 -0.00419612 -0.0119153 -0.0226216 0.00564346 -0.00712422 -0.0217194 -0.0209203 -0.0159266 -0.0121626 0.00592946 -0.0217146 -0.0211061 -0.0184421
internal_weight=847872 391374 456498 136137 255237 363224 53572 82565 97852 24201 73651 157385 66094 128672 98120 91607 93274 30552 28713 359724 59848 41756 166562 107741 14785 84028 13610 92956 75837 21859
internal_count=847872 391374 456498 136137 255237 363224 53572 82565 97852 24201 73651 157385 66094 128672 98120 91607 93274 30552 28713 359724 59848 41756 166562 107741 14785 84028 13610 92956 75837 21859
cat_boundaries=0 1 2 3 4 5
cat_threshold=327711 360863 7355936 327699 5906312
is_linear=0
shrinkage=0.05


Tree=26
num_leaves=31
num_cat=8
split_feature=18 18 18 2 3 0 2 7 4 3 4 3 2 4 4 3 2 0 7 2 0 17 3 3 4 3 3 3 3 4
split_gain=25247 5111.69 895.504 867.324 1165.77 702.909 479.366 463.45 360.787 315.005 279.189 278.705 305.644 202.601 179.086 406.263 383.535 204.587 165.686 164.442 141.26 121.843 119.693 176.79 145.203 118.01 104.422 161.757 138.615 104.013
threshold=0.14271402359008792 0.57170221209526073 0.30224989354610449 0 80.500000000000014 1 2 28.69999980926514 4.5000000000000009 41.500000000000007 4.5000000000000009 42.500000000000007 3 4.5000000000000009 4.5000000000000009 36.500000000000007 4 5 28.10000038146973 6 7 0.07692307606339456 81.500000000000014 43.500000000000007 4.5000000000000009 44.500000000000007 46.500000000000007 55.500000000000007 74.500000000000014 4.5000000000000009
decision_type=2 2 2 1 2 1 1 2 2 2 2 2 1 2 2 2 1 1 2 1 1 2 2 2 2 2 2 2 2 2
left_child=3 2 6 4 9 11 7 22 -7 -1 -11 -3 18 20 17 -16 -17 -4 -13 -10 -9 -5 23 -2 -25 -19 -8 -28 -29 -24
right_child=1 5 14 21 -6 8 26 13 19 10 -12 12 -14 -15 15 16 -18 25 -20 -21 -22 -23 29 24 -26 -27 27 28 -30 -31
leaf_value=0 0 0 0 0 0 0 0 0 0.013120844111196229 0 7.8781176215576178e-05 0.012223998487671134 0 0.016615920484616239 0 0.013188454767894042 0 0 0.013188454767894042 -0.0038938602979174011 0 0 0 0 -0.0009875041716294144 0 0 0 0 -0.0010453008380479436
leaf_weight=16846 33215 10202 34593 291431 35292 53745 5303 20527 14682 14220 3620 24546 17499 9462 2235 20623 7925 10479 55280 3154 10953 3103 2878 25285 7612 50198 25845 13923 22333 722
leaf_count=16846 33215 10202 34593 291431 35292 53745 5303 20527 14682 14220 3620 24546 17499 9462 2235 20623 7925 10479 55280 3154 10953 3103 2878 25285 7612 50198 25845 13923 22333 722
internal_value=-0.0125008 -0.00500648 -0.00895306 -0.0224356 -0.0174319 0.00169451 -0.0112359 -0.00921114 -0.00214447 -0.0109223 -0.00629204 0.00424993 0.00507449 -0.00498876 -0.00572834 -0.00241286 -0.000805661 -0.00679962 0.00638639 0.00401716 -0.00691709 -0.0236244 -0.011691 -0.0112075 -0.00860945 -0.0085492 -0.01456 -0.0139849 -0.0161394 -0.0205694
internal_weight=847731 483219 304111 364512 69978 179108 178058 110654 71581 34686 17840 107527 97325 40942 126053 30783 28548 95270 79826 17836 31480 294534 69712 66112 32897 60677 67404 62101 36256 3600
internal_count=847731 483219 304111 364512 69978 179108 178058 110654 71581 34686 17840 107527 97325 40942 126053 30783 28548 95270 79826 17836 31480 294534 69712 66112 32897 60677 67404 62101 36256 3600
cat_boundaries=0 1 2 3 4 5 6 7 8
cat_threshold=1 360479 1 1 1 852383 1 7372320
is_linear=0
shrinkage=0.05


Tree=27
num_leaves=31
num_cat=4
split_feature=18 18 18 0 4 17 3 3 3 4 3 0 18 3 0 3 18 4 7 3 3 3 7 0 4 3 17 3 3 3
split_gain=25258.8 5137.08 902.714 695.557 361.212 344.932 267.428 199.234 179.296 177.063 408.408 201.745 166.676 111.46 98.4211 96.6382 96.5454 83.4962 81.1638 78.9387 168.311 104.237 77.4505 77.1969 72.1754 67.9559 66.5098 62.6601 91.2339 72.0775
threshold=0.13445998728275302 0.57170221209526073 0.30224989354610449 0 4.5000000000000009 0.15384615212678912 42.500000000000007 80.500000000000014 47.500000000000007 4.5000000000000009 36.500000000000007 1 1.0000126361846926 44.500000000000007 2 45.500000000000007 0.18460166454315188 4.5000000000000009 28.10000038146973 44.500000000000007 56.500000000000007 46.500000000000007 30.10000038146973 3 4.5000000000000009 76.500000000000014 1.013157904148102 83.500000000000014 73.500000000000014 80.500000000000014
decision_type=2 2 2 1 2 2 2 2 2 2 2 1 2 2 1 2 2 2 2 2 2 2 2 1 2 2 2 2 2 2
left_child=5 2 7 6 15 14 -3 8 23 11 -11 22 24 -13 19 -5 -10 -9 -14 -1 21 -21 -4 -2 25 -8 -6 28 -22 -30
right_child=1 3 9 4 26 -7 12 17 16 10 -12 13 18 -15 -16 -17 -18 -19 -20 20 27 -23 -24 -25 -26 -27 -28 -29 29 -31
leaf_value=0 0 0 0 0 0.01214943897710037 0 0.013015279822025961 0 0 0 0 0 0.010725604224806735 0 0 0 0 0 0.012516581984892416 0 0 0 0 0 0.012141693836164891 0 0.012536777170434821 0 0 0
leaf_weight=58943 18464 10241 27013 4373 10520 3787 24986 11361 52619 2231 28572 9163 17724 46628 193503 49318 53737 2742 39419 5878 54020 8955 12555 39629 10083 5065 7331 17246 12324 9762
leaf_count=58943 18464 10241 27013 4373 10520 3787 24986 11361 52619 2231 28572 9163 17724 46628 193503 49318 53737 2742 39419 5878 54020 8955 12555 39629 10083 5065 7331 17246 12324 9762
internal_value=-0.0124966 -0.00500792 -0.00895758 0.00171339 -0.00210686 -0.0224381 0.00425517 -0.0112452 -0.0107561 -0.00572003 -0.00242428 -0.00678462 0.00506466 -0.00872162 -0.0225957 -0.00415572 -0.0095359 -0.0169485 0.00679917 -0.0216875 -0.0208867 -0.0159391 -0.00405023 -0.0129899 0.00259506 0.00136684 0.00405439 -0.0216728 -0.0210562 -0.0183487
internal_weight=848192 483774 304714 179060 71542 364418 107518 178552 164449 126162 30803 95359 97277 55791 360631 53691 106356 14103 57143 167128 108185 14833 39568 58093 40134 30051 17851 93352 76106 22086
internal_count=848192 483774 304714 179060 71542 364418 107518 178552 164449 126162 30803 95359 97277 55791 360631 53691 106356 14103 57143 167128 108185 14833 39568 58093 40134 30051 17851 93352 76106 22086
cat_boundaries=0 1 2 3 4
cat_threshold=360479 885151 5906312 360863
is_linear=0
shrinkage=0.05


Tree=28
num_leaves=31
num_cat=9
split_feature=18 18 18 2 3 0 2 7 4 3 3 2 4 4 4 3 2 0 7 2 0 3 17 3 3 4 3 3 3 0
split_gain=25251.7 5100.96 899.69 866.036 1178.16 696.566 475.911 475.438 366.865 316.48 279.889 308.186 275.689 210.763 172.569 405.178 361.161 207.332 161.413 153.281 140.695 116.377 116.286 115.467 198.314 198.194 105.072 174.436 127.943 98.239
threshold=0.13445998728275302 0.57170221209526073 0.30224989354610449 0 80.500000000000014 1 2 28.69999980926514 4.5000000000000009 41.500000000000007 42.500000000000007 3 4.5000000000000009 4.5000000000000009 4.5000000000000009 36.500000000000007 4 5 28.10000038146973 6 7 43.500000000000007 0.07692307606339456 80.500000000000014 44.500000000000007 4.5000000000000009 46.500000000000007 55.500000000000007 74.500000000000014 8
decision_type=2 2 2 1 2 1 1 2 2 2 2 1 2 2 2 2 1 1 2 1 1 2 2 2 2 2 2 2 2 1
left_child=3 2 6 4 9 10 7 23 -7 -1 -3 18 -11 20 17 -16 -17 -4 -12 -10 -9 -19 -5 24 29 -25 -8 -28 -29 -2
right_child=1 5 14 22 -6 8 26 13 19 12 11 -13 -14 -15 15 16 -18 21 -20 -21 -22 -23 -24 25 -26 -27 27 28 -30 -31
leaf_value=0 0 0 0 0 0 0 0 0 0.011857329956781399 0 0.010883446784095419 0 7.4842117404797363e-05 0.015785124460385425 0 0.012529032029499343 0 0 0.0119114370927767 -0.0043066392318765493 0 0 0 0 0 -0.00099303579614554659 0 0 0 0
leaf_weight=16772 8313 10238 34651 291390 35337 53820 5330 20490 14680 14149 24573 17491 3664 9501 2228 20701 7914 9235 55174 3183 10913 51383 3031 4846 29515 1208 25830 13905 22312 25870
leaf_count=16772 8313 10238 34651 291390 35337 53820 5330 20490 14680 14149 24573 17491 3664 9501 2228 20701 7914 9235 55174 3183 10913 51383 3031 4846 29515 1208 25830 13905 22312 25870
internal_value=-0.0124972 -0.0050042 -0.00894664 -0.0224366 -0.0174344 0.00168858 -0.0112354 -0.00921821 -0.00212887 -0.0108739 0.0042345 0.00506284 -0.00623281 -0.00493839 -0.00571555 -0.0024649 -0.000865805 -0.00676794 0.00638112 0.00407966 -0.00691256 -0.00853154 -0.0236246 -0.011728 -0.0111008 -0.0183267 -0.0145484 -0.0139697 -0.0162085 -0.0136932
internal_weight=847647 483304 304145 364343 69922 179159 178033 110656 71683 34585 107476 97238 17813 40904 126112 30843 28615 95269 79747 17863 31403 60618 294421 69752 63698 6054 67377 62047 36217 34183
internal_count=847647 483304 304145 364343 69922 179159 178033 110656 71683 34585 107476 97238 17813 40904 126112 30843 28615 95269 79747 17863 31403 60618 294421 69752 63698 6054 67377 62047 36217 34183
cat_boundaries=0 1 2 3 4 5 6 7 8 9
cat_threshold=1 360479 1 1 1 852383 1 7372320 360727
is_linear=0
shrinkage=0.05


Tree=29
num_leaves=31
num_cat=8
split_feature=18 18 18 2 3 0 2 7 4 3 3 2 4 4 4 3 2 0 2 7 0 3 3 4 3 3 3 3 3 3
split_gain=25157.8 5095.78 907.072 871.782 1170.7 696.617 497.052 472.788 410.607 318.839 271.552 319.789 265.849 211.663 182.535 409.955 370.309 206.707 178.055 156.759 141.507 121.419 175.131 146.607 113.431 110.988 275.987 117.071 116.411 102.707
threshold=0.1122730001807213 0.57170221209526073 0.30224989354610449 0 80.500000000000014 1 2 28.69999980926514 4.5000000000000009 43.500000000000007 42.500000000000007 3 4.5000000000000009 4.5000000000000009 4.5000000000000009 36.500000000000007 4 5 6 28.10000038146973 7 81.500000000000014 43.500000000000007 4.5000000000000009 43.500000000000007 44.500000000000007 57.500000000000007 46.500000000000007 73.500000000000014 44.500000000000007
decision_type=2 2 2 1 2 1 1 2 2 2 2 1 2 2 2 2 1 1 1 2 1 2 2 2 2 2 2 2 2 2
left_child=3 2 6 4 9 10 7 21 29 -1 -3 19 -11 20 17 -16 -17 -4 -10 -12 -9 22 -2 -24 -19 -5 27 -27 -28 -7
right_child=1 5 14 25 -6 8 -8 13 18 12 11 -13 -14 -15 15 16 -18 24 -20 -21 -22 -23 23 -25 -26 26 28 -29 -30 -31
leaf_value=0 0 0 0 0 0 0 0 0 0.011264463458942331 0 0.010739316259357957 0 7.1100011534557496e-05 0.014995868237366157 0 0.011902580428024379 0 0 -0.0040913072702827222 0.011295181031008961 0 0 0 -0.00093812896304794357 0 0 0 0 0 0
leaf_weight=18323 33346 9554 34644 106829 35154 4057 67974 20566 17080 13017 22058 17241 3212 9494 2253 20676 7876 9252 3268 49067 10946 3591 25318 7638 51328 11297 112547 16050 46967 56746
leaf_count=18323 33346 9554 34644 106829 35154 4057 67974 20566 17080 13017 22058 17241 3212 9494 2253 20676 7876 9252 3268 49067 10946 3591 25318 7638 51328 11297 112547 16050 46967 56746
internal_value=-0.0125083 -0.005043 -0.00897485 -0.0224507 -0.0174239 0.00165172 -0.011264 -0.00920049 -0.00177394 -0.0108879 0.00449045 0.0053567 -0.0057844 -0.0049383 -0.00572586 -0.0023803 -0.000760017 -0.00680816 0.00437389 0.00683761 -0.00691007 -0.0117011 -0.0112161 -0.00863121 -0.0085699 -0.0236438 -0.0229089 -0.018268 -0.0237045 -0.00383164
internal_weight=847369 483973 304902 363396 69706 179071 178873 110899 81151 34552 97920 88366 16229 41006 126029 30805 28552 95224 20348 71125 31512 69893 66302 32956 60580 293690 186861 27347 159514 60803
internal_count=847369 483973 304902 363396 69706 179071 178873 110899 81151 34552 97920 88366 16229 41006 126029 30805 28552 95224 20348 71125 31512 69893 66302 32956 60580 293690 186861 27347 159514 60803
cat_boundaries=0 1 2 3 4 5 6 7 8
cat_threshold=1 327711 1 1 1 852383 1 7372320
is_linear=0
shrinkage=0.05


Tree=30
num_leaves=31
num_cat=8
split_feature=18 18 18 2 3 0 2 3 4 3 4 3 3 2 4 0 4 3 2 0 2 4 3 3 3 3 3 3 3 3
split_gain=25136.3 5064.58 903.979 864.654 1176.9 680.287 483.2 380.753 404.089 396.471 356.453 323.498 276.105 303.827 258.982 183.202 178.76 408.088 382.107 203.27 155.688 139.999 134.616 120.338 112.336 275.753 118.64 116.026 103.102 169.123
threshold=0.11947405338287355 0.57170221209526073 0.30224989354610449 0 80.500000000000014 1 2 41.500000000000007 4.5000000000000009 80.500000000000014 4.5000000000000009 43.500000000000007 42.500000000000007 3 4.5000000000000009 4 4.5000000000000009 36.500000000000007 5 6 7 4.5000000000000009 75.500000000000014 43.500000000000007 44.500000000000007 57.500000000000007 73.500000000000014 46.500000000000007 46.500000000000007 55.500000000000007
decision_type=2 2 2 1 2 1 1 2 2 2 2 2 2 1 2 1 2 2 1 1 1 2 2 2 2 2 2 2 2 2
left_child=3 2 6 4 11 12 7 -2 9 15 -7 -1 -3 21 -13 -9 19 -18 -19 -4 -12 22 -14 -21 -5 27 -27 -26 -8 -30
right_child=1 5 16 24 -6 10 28 8 -10 -11 20 14 13 -15 -16 -17 17 18 -20 23 -22 -23 -24 -25 25 26 -28 -29 29 -31
leaf_value=0 0 0 0 0 0 0 0 0 0 0 0.010701240285995218 0 0.010730421979458516 0 6.7545010957829619e-05 0 0 0.01130745140662316 0 0 -0.003886741906768586 0.031622594836966125 -0.002737174745705609 0 0 0 0 0 0 0
leaf_weight=18210 36468 10210 34672 106739 35343 53643 5342 31336 16879 4896 14692 12995 52921 17495 3216 21290 2236 20748 7867 9248 3197 20042 6647 51416 11289 112468 47194 16083 25936 36443
leaf_count=18210 36468 10210 34672 106739 35343 53643 5342 31336 16879 4896 14692 12995 52921 17495 3216 21290 2236 20748 7867 9248 3197 20042 6647 51416 11289 112468 47194 16083 25936 36443
internal_value=-0.012511 -0.00504379 -0.00896336 -0.0224448 -0.0174409 0.00163562 -0.0112523 -0.00921966 -0.00716825 -0.00916432 -0.0021414 -0.0108604 0.00415304 0.0049758 -0.00572297 -0.00789819 -0.00572385 -0.00241564 -0.000808143 -0.00679439 0.00397032 0.0062869 0.00507068 -0.0085399 -0.0236331 -0.0228945 -0.0236894 -0.0182577 -0.01458 -0.0140091
internal_weight=847161 483624 304777 363537 69764 178847 178590 110869 74401 57522 71532 34421 107315 97105 16211 52626 126187 30851 28615 95336 17889 79610 59568 60664 293773 187034 159662 27372 67721 62379
internal_count=847161 483624 304777 363537 69764 178847 178590 110869 74401 57522 71532 34421 107315 97105 16211 52626 126187 30851 28615 95336 17889 79610 59568 60664 293773 187034 159662 27372 67721 62379
cat_boundaries=0 1 2 3 4 5 6 7 8
cat_threshold=1 360479 1 1 7355936 1 852383 1
is_linear=0
shrinkage=0.05


Tree=31
num_leaves=31
num_cat=8
split_feature=18 18 18 2 3 0 2 7 4 3 4 3 2 4 4 3 2 0 2 0 7 3 3 4 3 17 3 3 3 3
split_gain=24936.9 4838 913.322 878.398 1191.2 596.136 478.055 464.858 363.37 322.855 274.313 247.73 259.305 200.207 177.628 404.608 375.674 208.471 160.571 144.374 135.023 117.728 204.983 191.627 117.485 116.48 104.005 160.905 130.684 100.421
threshold=0.13445998728275302 0.57170221209526073 0.30224989354610449 0 80.500000000000014 1 2 28.69999980926514 4.5000000000000009 41.500000000000007 4.5000000000000009 42.500000000000007 3 4.5000000000000009 4.5000000000000009 36.500000000000007 4 5 6 7 28.10000038146973 80.500000000000014 43.500000000000007 4.5000000000000009 44.500000000000007 0.07692307606339456 46.500000000000007 55.500000000000007 74.500000000000014 45.500000000000007
decision_type=2 2 2 1 2 1 1 2 2 2 2 2 1 2 2 2 1 1 1 1 2 2 2 2 2 2 2 2 2 2
left_child=3 2 6 4 9 11 7 21 29 -1 -11 -3 20 19 17 -16 -17 -4 -10 -9 -13 22 -2 -23 -19 -5 -8 -28 -29 -7
right_child=1 5 14 25 -6 8 26 13 18 10 -12 12 -14 -15 15 16 -18 24 -20 -21 -22 23 -24 -25 -26 -27 27 28 -30 -31
leaf_value=0 0 0 0 0 0 0 0 0 0.010166178271695459 0 6.4167760409938139e-05 0.0086646817734297773 0 0.014246074825497846 0 0.010742078836292003 0 0 -0.0036924048114301564 0 0.010193900880485591 0 0 -0.00089936739150679843 0 0 0 0 0 0
leaf_weight=16689 33347 10189 34678 291471 35379 4373 5316 20512 14708 14210 3627 24412 17522 9501 2205 20635 7907 10472 3183 10941 55152 4862 30521 1212 50108 3049 26007 13891 22330 49459
leaf_count=16689 33347 10189 34678 291471 35379 4373 5316 20512 14708 14210 3627 24412 17522 9501 2205 20635 7907 10472 3183 10941 55152 4862 30521 1212 50108 3049 26007 13891 22330 49459
internal_value=-0.0125642 -0.00511927 -0.00895457 -0.0224405 -0.0174018 0.00140393 -0.0112559 -0.00923613 -0.00212489 -0.0107948 -0.0061179 0.00376311 0.00454185 -0.00500562 -0.00569561 -0.00239129 -0.000797071 -0.00676216 0.00404812 -0.006927 0.00575449 -0.0117133 -0.0110807 -0.0183652 -0.00853194 -0.0236364 -0.014572 -0.0139985 -0.0161529 -0.00417688
internal_weight=847868 483443 304445 364425 69905 178998 178440 110896 71723 34526 17837 107275 97086 40954 126005 30747 28542 95258 17891 31453 79564 69942 63868 6074 60580 294520 67544 62228 36221 53832
internal_count=847868 483443 304445 364425 69905 178998 178440 110896 71723 34526 17837 107275 97086 40954 126005 30747 28542 95258 17891 31453 79564 69942 63868 6074 60580 294520 67544 62228 36221 53832
cat_boundaries=0 1 2 3 4 5 6 7 8
cat_threshold=1 360479 1 1 1 852383 1 7372320
is_linear=0
shrinkage=0.05


Tree=32
num_leaves=31
num_cat=8
split_feature=18 18 18 2 3 0 2 7 4 3 4 3 2 4 3 2 4 0 2 3 0 4 3 3 3 4 3 3 3 3
split_gain=24906.1 4799.41 906.612 875.157 1178.26 594.705 467.888 458.069 349.774 252.121 321.763 250.066 253.076 207.401 178.647 249.381 370.981 186.094 161.803 141.179 139.409 138.7 120.806 120.545 199.333 184.494 113.771 276.523 121.39 118.717
threshold=0.14271402359008792 0.57170221209526073 0.30224989354610449 0 81.500000000000014 1 2 28.69999980926514 4.5000000000000009 41.500000000000007 4.5000000000000009 42.500000000000007 3 4.5000000000000009 43.500000000000007 4 4.5000000000000009 5 6 80.500000000000014 7 4.5000000000000009 75.500000000000014 80.500000000000014 43.500000000000007 4.5000000000000009 44.500000000000007 57.500000000000007 73.500000000000014 46.500000000000007
decision_type=2 2 2 1 2 1 1 2 2 2 2 2 1 2 2 1 2 1 1 2 1 2 2 2 2 2 2 2 2 2
left_child=3 2 6 4 9 11 7 23 -7 -1 -11 -3 21 20 -4 16 17 19 -10 -16 -9 22 -13 24 -2 -25 -5 29 -29 -28
right_child=1 5 14 26 -6 8 -8 13 18 10 -12 12 -14 -15 15 -17 -18 -19 -20 -21 -22 -23 -24 25 -26 -27 27 28 -30 -31
leaf_value=0 0 0 0 0 0 0 0 0 0.0096578693581106882 0 6.0959372389441227e-05 0.009684205836461313 0 0.013533771084222952 0 0 0.010204974894477404 0 -0.0035077845708586484 0 0 0.029531770051093531 -0.0030335500970918175 0 0 -0.00085439902193145854 0 0 0 0
leaf_weight=16849 33314 10219 23643 106859 33176 53698 67227 20673 14724 16018 3998 52910 17518 9426 18021 32346 16420 34491 3191 996 10876 20054 6678 4871 30417 1200 11296 112628 47301 16250
leaf_count=16849 33314 10219 23643 106859 33176 53698 67227 20673 14724 16018 3998 52910 17518 9426 18021 32346 16420 34491 3191 996 10876 20054 6678 4871 30417 1200 11296 112628 47301 16250
internal_value=-0.0125617 -0.00511526 -0.00894056 -0.0224305 -0.0174073 0.00137995 -0.0112374 -0.00924041 -0.0021491 -0.0112553 -0.00746153 0.00373339 0.00451626 -0.00504393 -0.00569363 -0.00478812 -0.00310891 -0.00512634 0.00390036 -0.00115231 -0.00698834 0.00571307 0.00450258 -0.0117038 -0.0110625 -0.018436 -0.0236259 -0.0228837 -0.0236807 -0.0182567
internal_weight=847288 482913 303921 364375 70041 178992 178004 110777 71613 36865 20016 107379 97160 40975 125917 102274 69928 53508 17915 19017 31549 79642 59588 69802 63731 6071 294334 187475 159929 27546
internal_count=847288 482913 303921 364375 70041 178992 178004 110777 71613 36865 20016 107379 97160 40975 125917 102274 69928 53508 17915 19017 31549 79642 59588 69802 63731 6071 294334 187475 159929 27546
cat_boundaries=0 1 2 3 4 5 6 7 8
cat_threshold=1 360479 1 1 1 885151 1 7372320
is_linear=0
shrinkage=0.05


Tree=33
num_leaves=31
num_cat=8
split_feature=18 18 18 2 3 0 2 7 5 3 5 3 2 5 5 3 2 0 2 0 7 3 3 5 17 3 5 3 3 3
split_gain=24803.1 4744.16 912.56 872.413 1180.21 569.565 474.418 463.797 360.972 299.732 272.762 226.964 253.122 206.059 179.689 399.234 374.308 207.614 161.618 145.753 129.225 116.178 169.964 150.126 115.511 114.821 104.88 104.601 165.577 134.656
threshold=0.13445998728275302 0.57170221209526073 0.32810029387474066 0 80.500000000000014 1 2 28.69999980926514 1.0000000180025095e-35 42.500000000000007 1.0000000180025095e-35 42.500000000000007 3 1.0000000180025095e-35 1.0000000180025095e-35 36.500000000000007 4 5 6 7 28.10000038146973 81.500000000000014 43.500000000000007 1.0000000180025095e-35 0.07692307606339456 44.500000000000007 1.0000000180025095e-35 46.500000000000007 55.500000000000007 74.500000000000014
decision_type=2 2 2 1 2 1 1 2 2 2 2 2 1 2 2 2 1 1 1 1 2 2 2 2 2 2 2 2 2 2
left_child=3 2 6 4 9 11 7 21 -7 -1 -11 -3 20 19 17 -16 -17 -4 -10 -9 -13 22 -2 -24 -5 -19 -23 -8 -29 -30
right_child=1 5 14 24 -6 8 27 13 18 10 -12 12 -14 -15 15 16 -18 25 -20 -21 -22 26 23 -25 -26 -27 -28 28 29 -31
leaf_value=0 0 0 0 0 0 0 0 0 0.0091749758902051563 0 5.7911403769969162e-05 0.0074309012335950558 0 0.012857082530011804 0 0.0096947261497535367 0 0 -0.0033323953423157159 0 0.009199995544638245 0 0 -0.00089122251489554645 0 0 -0.00085569568566635644 0 0 0
leaf_weight=17561 33479 10212 34418 291387 35326 53662 5314 20681 14647 13626 3418 24524 17570 9464 2180 20624 7834 10303 3170 11058 55107 2842 25417 7661 3043 49907 728 26071 13947 22451
leaf_count=17561 33479 10212 34418 291387 35326 53662 5314 20681 14647 13626 3418 24524 17570 9464 2180 20624 7834 10303 3170 11058 55107 2842 25417 7661 3043 49907 728 26071 13947 22451
internal_value=-0.0125903 -0.00516372 -0.00896161 -0.0224406 -0.0174204 0.00129827 -0.0112511 -0.00924324 -0.00216012 -0.0108575 -0.00613412 0.00359956 0.00434486 -0.00503301 -0.0056879 -0.00235981 -0.000780097 -0.00676544 0.00400601 -0.00696383 0.00554338 -0.011717 -0.0112456 -0.00870367 -0.023633 -0.0085362 -0.0205042 -0.014549 -0.0139761 -0.0161547
internal_weight=847632 483271 304379 364361 69931 178892 179113 111330 71479 34605 17044 107413 97201 41203 125266 30638 28458 94628 17817 31739 79631 70127 66557 33078 294430 60210 3570 67783 62469 36398
internal_count=847632 483271 304379 364361 69931 178892 179113 111330 71479 34605 17044 107413 97201 41203 125266 30638 28458 94628 17817 31739 79631 70127 66557 33078 294430 60210 3570 67783 62469 36398
cat_boundaries=0 1 2 3 4 5 6 7 8
cat_threshold=1 360479 1 1 1 852383 1 7372320
is_linear=0
shrinkage=0.05


Tree=34
num_leaves=31
num_cat=10
split_feature=2 7 17 17 16 0 4 16 0 7 8 7 7 4 0 0 0 7 8 8 0 6 0 7 7 17 8 0 4 4
split_gain=16324.1 4417.69 3352.26 1926.37 1524.27 1523.81 880.658 631.412 411.075 364.808 649.043 320.404 238.677 238.081 212.639 197.37 175.34 158.528 154.918 140.935 115.583 109.683 108.447 99.0261 95.6951 89.7256 87.7179 77.7083 89.5312 72.9633
threshold=0 28.10000038146973 0.15384615212678912 0.34615384042263037 0.18065268546342853 1 4.5000000000000009 0.40383034944534307 2 21.500000000000004 1.0000000180025095e-35 26.500000000000004 30.10000038146973 4.5000000000000009 3 4 5 24.800000190734867 3.4000000059604649 3.4000000059604649 6 7 8 31.500000000000004 30.10000038146973 1.013157904148102 3.4000000059604649 9 4.5000000000000009 4.5000000000000009
decision_type=1 2 2 2 2 1 2 2 1 2 2 2 2 2 1 1 1 2 2 2 1 1 1 2 2 2 2 1 2 2
left_child=1 3 4 7 18 12 15 9 -5 -1 11 -11 20 -10 19 -7 -9 -12 23 -4 -3 -13 -19 -2 -17 -8 -6 28 -14 -22
right_child=2 5 14 8 26 6 25 16 13 10 17 21 27 -15 -16 24 -18 22 -20 -21 29 -23 -24 -25 -26 -27 -28 -29 -30 -31
leaf_value=0 0 0.0087399957674063333 0 0.0075702368825942227 0 0 0.0087162270956949017 0 0 0 0 0 0.021215597197463215 -0.00076711794509010827 0 0 0 0.010255304395566663 0 0.01030860670004693 0 0 0 0 0 0.0088366132171840365 0 0.012637455558988049 0.012164808338696088 0.0091226976802541385
leaf_weight=17613 222075 17001 16367 22177 16615 35812 21682 10309 25949 30380 20355 16431 15987 10729 22760 16915 19626 2952 62818 8946 10926 13096 19715 65334 36598 6237 8624 45052 4504 3797
leaf_count=17613 222075 17001 16367 22177 16615 35812 21682 10309 25949 30380 20355 16431 15987 10729 22760 16915 19626 2952 62818 8946 10926 13096 19715 65334 36598 6237 8624 45052 4504 3797
internal_value=-0.0126196 -0.00568235 -0.0195619 -0.0108498 -0.0211536 -0.000639711 -0.00447789 -0.0138495 -0.00318027 -0.0154635 -0.0143257 -0.0176903 0.00398681 -0.00642853 -0.0071303 -0.00690092 -0.00735009 -0.00964042 -0.0220088 -0.00397169 0.000427121 -0.0139813 -0.00676424 -0.0225004 -0.00497496 0.00327286 -0.00928622 0.00571037 0.00315229 -0.00281511
internal_weight=847382 423843 423539 209332 375466 214511 117244 150477 58855 120542 102929 59907 97267 36678 48073 89325 29935 43022 350227 25313 31724 29527 22667 287409 53513 27919 25239 65543 20491 14723
internal_count=847382 423843 423539 209332 375466 214511 117244 150477 58855 120542 102929 59907 97267 36678 48073 89325 29935 43022 350227 25313 31724 29527 22667 287409 53513 27919 25239 65543 20491 14723
cat_boundaries=0 1 2 3 4 5 6 7 8 9 10
cat_threshold=1 885151 327699 352279 5250048 360467 327699 6 360467 557440
is_linear=0
shrinkage=0.05


Tree=35
num_leaves=31
num_cat=7
split_feature=18 18 2 3 18 2 7 5 0 5 0 3 5 3 5 3 18 2 3 2 0 7 3 17 3 3 3 3 3 3
split_gain=24680.1 4563.98 835.13 1118.21 817.328 652.561 695.916 343.609 315.207 327.946 255.257 222.802 251.295 188.799 349.911 355.317 167.514 152.935 238.995 151.893 138.43 131.816 118.121 116.942 115.204 108.972 105.715 96.8795 189.12 171.45
threshold=0.14271402359008792 0.44424292445182806 0 81.500000000000014 1.0000126361846926 1 28.69999980926514 1.0000000180025095e-35 2 1.0000000180025095e-35 3 39.500000000000007 1.0000000180025095e-35 41.500000000000007 1.0000000180025095e-35 80.500000000000014 0.18460166454315188 4 42.500000000000007 5 6 28.400000572204593 43.500000000000007 0.07692307606339456 44.500000000000007 37.500000000000007 45.500000000000007 43.500000000000007 57.500000000000007 46.500000000000007
decision_type=2 2 1 2 2 1 2 2 1 2 1 2 2 2 2 2 2 1 2 1 1 2 2 2 2 2 2 2 2 2
left_child=2 5 3 11 8 6 13 10 17 26 22 -1 -13 20 15 -15 -7 18 -3 25 -2 -20 -8 27 -12 -11 -10 -4 29 -29
right_child=1 4 23 -5 -6 16 7 -9 9 19 24 12 -14 14 -16 -17 -18 -19 21 -21 -22 -23 -24 -25 -26 -27 -28 28 -30 -31
leaf_value=0 0 0 0 0 0.0081081229894569284 0 0 0.012108332736117128 0 0 0 0 5.5015833581470703e-05 0 -0.00077455500412853314 0 0 0 0 -0.0031657755751999302 0 0.013447868461720365 0.019425496344114418 0 0 0.0083523910057085541 0 0 0 0
leaf_weight=14843 10103 12868 99591 33021 78833 38469 3391 15331 6997 435 6857 17426 4501 38106 13289 5848 48200 17529 19834 3870 29714 27711 13204 3102 26708 14768 50894 18286 158625 15190
leaf_count=14843 10103 12868 99591 33021 78833 38469 3391 15331 6997 435 6857 17426 4501 38106 13289 5848 48200 17529 19834 3870 29714 27711 13204 3102 26708 14768 50894 18286 158625 15190
internal_value=-0.0126472 -0.00523404 -0.0224674 -0.0175492 -0.00021509 -0.00994122 -0.008073 -0.00409026 -0.00232431 -0.00459376 -0.0060925 -0.0115515 -0.0083493 -0.0107604 -0.00892118 -0.0110707 -0.0134451 -8.27432e-05 0.00111027 0.00109186 -0.0134045 0.00274635 -0.00101626 -0.0236318 -0.0085994 0.00334309 -0.00646776 -0.0237345 -0.0230784 -0.0196633
internal_weight=847544 482959 364585 69791 233739 249220 162551 65491 154906 76964 50160 36770 21927 97060 57243 43954 86669 77942 60413 19073 39817 47545 16595 294794 33565 15203 57891 291692 192101 33476
internal_count=847544 482959 364585 69791 233739 249220 162551 65491 154906 76964 50160 36770 21927 97060 57243 43954 86669 77942 60413 19073 39817 47545 16595 294794 33565 15203 57891 291692 192101 33476
cat_boundaries=0 1 2 3 4 5 6 7
cat_threshold=1 1 885151 1016223 1 1 360723
is_linear=0
shrinkage=0.05


Tree=36
num_leaves=31
num_cat=7
split_feature=18 18 2 3 18 2 7 4 4 3 2 0 0 3 4 3 4 3 18 0 4 0 3 3 3 3 3 3 3 7
split_gain=24753.9 4543.45 829.825 1113.08 804.617 660.706 682.605 352.655 281.513 353.411 361.823 301.685 262.363 216.07 220.404 196.212 385.467 351.952 166.071 153.768 181.789 146.961 134.759 119.896 110.948 201.119 184.43 116.632 102.814 102.531
threshold=0.11947405338287355 0.44424292445182806 0 81.500000000000014 0.88952472805976879 1 28.69999980926514 4.5000000000000009 4.5000000000000009 36.500000000000007 2 3 4 41.500000000000007 4.5000000000000009 41.500000000000007 4.5000000000000009 80.500000000000014 0.18460166454315188 5 4.5000000000000009 6 44.500000000000007 43.500000000000007 43.500000000000007 57.500000000000007 46.500000000000007 73.500000000000014 44.500000000000007 30.10000038146973
decision_type=2 2 1 2 2 1 2 2 2 2 1 1 1 2 2 2 2 2 2 1 2 1 2 2 2 2 2 2 2 2
left_child=2 5 3 13 8 6 15 12 11 -10 -11 -3 28 -1 -15 21 17 -17 -7 29 -21 -2 -14 -13 -4 26 -26 -27 -8 -6
right_child=1 4 24 -5 19 18 7 -9 9 10 -12 23 22 14 -16 16 -18 -19 -20 20 -22 -23 -24 -25 25 27 -28 -29 -30 -31
leaf_value=0 0 0 0 0 0.0071443377400710164 0 -0.0010607798598731607 0.01150893540538573 0 0.0079347714554231282 -0.0038606986519567846 0 0 0 5.2265041902397176e-05 0 -0.00076957774168983696 0 0 0 0.0079771630060394127 0 0 0 0 0 0 0 0.019183542520384334 0.0077027168399840806
leaf_weight=16759 10071 36577 99577 33069 37263 38889 3334 15387 1505 23703 7309 5627 7415 15989 3989 37982 13243 5890 48311 20070 7009 29809 29467 55867 18712 112537 16109 47316 10017 38700
leaf_count=16759 10071 36577 99577 33069 37263 38889 3334 15387 1505 23703 7309 5627 7415 15989 3989 37982 13243 5890 48311 20070 7009 29809 29467 55867 18712 112537 16109 47316 10017 38700
internal_value=-0.0126327 -0.00521729 -0.0224798 -0.0175787 -0.000205025 -0.00990483 -0.00802186 -0.00408336 -0.00281151 0.00122013 0.00236844 -0.00414827 -0.00611202 -0.0115885 -0.00807638 -0.0106864 -0.00880723 -0.011064 -0.0134163 0.00309825 -0.00013751 -0.0133776 -0.00828499 -0.00628658 -0.0236425 -0.0229481 -0.0195048 -0.0236982 -0.000102911 0.00425118
internal_weight=847502 483445 364057 69806 233630 249815 162615 65620 130588 32517 31012 98071 50233 36737 19978 96995 57115 43872 87200 103042 27079 39880 36882 61494 294251 194674 34821 159853 13351 75963
internal_count=847502 483445 364057 69806 233630 249815 162615 65620 130588 32517 31012 98071 50233 36737 19978 96995 57115 43872 87200 103042 27079 39880 36882 61494 294251 194674 34821 159853 13351 75963
cat_boundaries=0 1 2 3 4 5 6 7
cat_threshold=1 1 1 327839 885151 885151 360723
is_linear=0
shrinkage=0.05


Tree=37
num_leaves=31
num_cat=7
split_feature=18 18 2 3 18 2 7 0 0 3 3 3 18 2 7 0 0 3 19 17 19 3 3 7 3 3 3 3 3 3
split_gain=24688.2 4439.59 830.202 1122.23 767.357 692.147 741.378 393.044 318.899 224.506 201.329 293.916 163.031 156.689 239.234 142.928 129.935 128.025 122.237 117.486 108.449 104.441 104.098 100.48 97.5978 192.778 176.182 94.7107 91.8917 85.6022
threshold=0.13445998728275302 0.44424292445182806 0 81.500000000000014 1.0000126361846926 1 28.69999980926514 2 3 41.500000000000007 41.500000000000007 80.500000000000014 0.18460166454315188 4 29.800000190734867 5 6 43.500000000000007 1.2388720512390139 0.07692307606339456 1.1653628349304201 41.500000000000007 43.500000000000007 29.800000190734867 43.500000000000007 57.500000000000007 46.500000000000007 73.500000000000014 80.500000000000014 46.500000000000007
decision_type=2 2 1 2 2 1 2 1 1 2 2 2 2 1 2 1 1 2 2 2 2 2 2 2 2 2 2 2 2 2
left_child=2 5 3 9 8 6 10 -8 13 -1 15 16 -7 14 21 -2 -12 -10 -19 24 -13 -3 -9 -6 -4 26 -26 -27 -11 -14
right_child=1 4 19 -5 23 12 7 22 17 28 11 20 29 -15 -16 -17 -18 18 -20 -21 -22 -23 -24 -25 25 27 -28 -29 -30 -31
leaf_value=0 0 0 0 0 0.0060630158514960401 0 0.011439365489559872 0 0 0 0 0 0 0 0.014316219119780883 0 0 0 0.0074385518245815851 0 0 0.000706935790142399 0 0.0073382652051137811 0 0 0 0 0 0
leaf_weight=16760 10027 10161 99496 33092 34174 38756 17565 8521 6448 17832 28334 6330 2251 17597 24171 29736 21500 59726 10896 3048 1008 26128 39425 44585 18231 112539 15182 45910 2202 45968
leaf_count=16760 10027 10161 99496 33092 34174 38756 17565 8521 6448 17832 28334 6330 2251 17597 24171 29736 21500 59726 10896 3048 1008 26128 39425 44585 18231 112539 15182 45910 2202 45968
internal_value=-0.0126352 -0.00522665 -0.0224641 -0.017565 -0.000277913 -0.00986715 -0.00793987 -0.00383104 -0.00231858 -0.0115562 -0.0107167 -0.00881638 -0.0134668 -6.56487e-05 0.0011429 -0.0134491 -0.0074407 -0.00459977 -0.00398459 -0.0236271 -0.0181589 -0.00142399 -0.00617441 0.00374148 -0.0237292 -0.0230702 -0.0196189 -0.023798 -0.00798393 -0.0115261
internal_weight=847599 483307 364292 69886 233886 249421 162446 65511 155127 36794 96935 57172 86975 78057 60460 39763 49834 77070 70622 294406 7338 36289 47946 78759 291358 191862 33413 158449 20034 48219
internal_count=847599 483307 364292 69886 233886 249421 162446 65511 155127 36794 96935 57172 86975 78057 60460 39763 49834 77070 70622 294406 7338 36289 47946 78759 291358 191862 33413 158449 20034 48219
cat_boundaries=0 1 2 3 4 5 6 7
cat_threshold=1 1 885151 885151 1 360723 7356064
is_linear=0
shrinkage=0.05


Tree=38
num_leaves=31
num_cat=7
split_feature=18 18 18 18 0 4 3 4 7 3 0 3 3 0 7 0 3 0 3 3 3 3 3 3 3 4 3 0 4 0
split_gain=24595.8 4485.82 768.353 445.063 319.208 319.558 179.681 177.991 148.797 143.886 135.733 112.552 111.218 100.998 97.7212 93.0251 86.6639 79.3781 77.0727 251.467 68.0061 64.3854 98.2538 72.8771 62.2984 54.5842 53.4359 52.5708 82.9196 52.2146
threshold=0.1122730001807213 0.44424292445182806 1.0000126361846926 0.24917653203010562 0 4.5000000000000009 41.500000000000007 4.5000000000000009 28.69999980926514 80.500000000000014 1 45.500000000000007 80.500000000000014 2 30.10000038146973 3 36.500000000000007 4 45.500000000000007 56.500000000000007 41.500000000000007 83.500000000000014 73.500000000000014 80.500000000000014 47.500000000000007 4.5000000000000009 77.500000000000014 5 4.5000000000000009 6
decision_type=2 2 2 2 1 2 2 2 2 2 1 2 2 1 2 1 2 1 2 2 2 2 2 2 2 2 2 1 2 1
left_child=15 3 4 12 8 11 13 9 17 10 -8 -6 24 -5 29 18 -7 20 -1 -20 -3 22 -21 -24 -2 -14 -22 -16 -29 -4
right_child=1 2 14 6 5 16 7 -9 -10 -11 -12 -13 25 -15 27 -17 -18 -19 19 21 26 -23 23 -25 -26 -27 -28 28 -30 -31
leaf_value=0 0 0 0.0070470380119228744 0 0 0 0 0 0.0063098478765259815 0 0 0 0 0 0.0069506677377291831 0 0.0070920104490936782 0 0 0 0.0098620143846024477 0 0 0 0 0 0 -0.00077231940972853543 0.0071092381808796458 -0.00070855694204764849
leaf_weight=62665 31832 7010 26877 6305 7011 349 44336 29923 38209 6353 45916 50815 7570 21591 34195 194776 18852 13977 12115 54475 13456 17223 12636 9766 54458 1755 5353 6194 2356 9079
leaf_count=62665 31832 7010 26877 6305 7011 349 44336 29923 38209 6353 45916 50815 7570 21591 34195 194776 18852 13977 12115 54475 13456 17223 12636 9766 54458 1755 5353 6194 2356 9079
internal_value=-0.0126503 -0.00526488 -0.000285047 -0.00991995 -0.00232758 -0.00461045 -0.00826005 -0.00745922 -7.27424e-05 -0.00850292 -0.00799096 -0.00646681 -0.0126008 -0.0118924 0.00373852 -0.0224751 0.000977814 -0.00221253 -0.0215966 -0.0207774 -0.00056816 -0.0216504 -0.0210313 -0.0182439 -0.0120402 -0.0177882 0.000998192 0.00535443 0.00183995 0.0018175
internal_weight=847428 483772 233733 250039 155032 77027 154424 126528 78005 96605 90252 57826 95615 27896 78701 363656 19201 39796 168880 106215 25819 94100 76877 22402 86290 9325 18809 42745 8550 35956
internal_count=847428 483772 233733 250039 155032 77027 154424 126528 78005 96605 90252 57826 95615 27896 78701 363656 19201 39796 168880 106215 25819 94100 76877 22402 86290 9325 18809 42745 8550 35956
cat_boundaries=0 1 2 3 4 5 6 7
cat_threshold=885151 7355936 327699 5906312 327699 885215 360475
is_linear=0
shrinkage=0.05


Tree=39
num_leaves=31
num_cat=8
split_feature=18 18 2 3 18 2 7 5 0 5 0 3 5 3 5 3 18 7 2 2 0 3 3 3 3 3 3 3 3 0
split_gain=24320.7 4379.51 830.198 1115.15 689.998 659.51 674.488 337.684 303.816 331.196 248.73 220.45 224.722 192.927 379.759 349.907 166.333 165.792 228.476 150.724 139.269 120.037 114.618 282.442 123.048 121.325 113.548 111.295 111.19 90.2701
threshold=0.14271402359008792 0.44424292445182806 0 81.500000000000014 1.0000126361846926 1 28.69999980926514 1.0000000180025095e-35 2 1.0000000180025095e-35 3 41.500000000000007 1.0000000180025095e-35 41.500000000000007 1.0000000180025095e-35 80.500000000000014 0.18460166454315188 29.800000190734867 4 5 6 44.500000000000007 44.500000000000007 57.500000000000007 73.500000000000014 46.500000000000007 44.500000000000007 44.500000000000007 37.500000000000007 7
decision_type=2 2 1 2 2 1 2 2 1 2 1 2 2 2 2 2 2 2 1 1 1 2 2 2 2 2 2 2 2 1
left_child=2 5 3 11 8 6 13 10 17 27 26 -1 -13 20 15 29 -7 -3 -19 28 -2 -12 -4 25 -25 -24 -8 -10 -11 -15
right_child=1 4 22 -5 -6 16 7 -9 9 19 21 12 -14 14 -16 -17 -18 18 -20 -21 -22 -23 23 24 -26 -27 -28 -29 -30 -31
leaf_value=0 0 0 0 0 0.0066031343508427213 0 -0.00051892928148433563 0.010597553641651325 0 0 0 0 4.9651789807277308e-05 0 -0.00073109885460534516 0 0 0.013387084814386935 -0.0027026798938262994 -0.0035409799775258572 0 0 0 0 0 0 0.016923076126411484 0 0.0070839513021269014 0
leaf_weight=16785 12030 46908 106793 33049 78636 38720 3928 15300 5716 448 6863 16049 3994 19898 13223 5884 48197 24150 6992 3874 27653 26664 11297 112739 47549 16263 12652 52181 14838 18157
leaf_count=16785 12030 46908 106793 33049 78636 38720 3928 15300 5716 448 6863 16049 3994 19898 13223 5884 48197 24150 6992 3874 27653 26664 11297 112739 47549 16263 12652 52181 14838 18157
internal_value=-0.012708 -0.0053488 -0.0224575 -0.0175576 -0.000432633 -0.00996061 -0.00807787 -0.00415514 -0.00236691 -0.00459373 -0.00614036 -0.0115741 -0.00803398 -0.0107272 -0.00886778 -0.0111035 -0.0134752 -0.00016782 0.00266039 0.00110386 -0.0134056 -0.0086166 -0.0236195 -0.0228759 -0.0236799 -0.0182003 -0.00112719 -0.00648004 0.00333639 -0.00934897
internal_weight=847430 482912 364518 69877 233743 249169 162252 65407 155107 77057 50107 36828 20043 96845 57162 43939 86917 78050 31142 19160 39683 33527 294641 187848 160288 27560 16580 57897 15286 38055
internal_count=847430 482912 364518 69877 233743 249169 162252 65407 155107 77057 50107 36828 20043 96845 57162 43939 86917 78050 31142 19160 39683 33527 294641 187848 160288 27560 16580 57897 15286 38055
cat_boundaries=0 1 2 3 4 5 6 7 8
cat_threshold=1 1 885151 1016223 1 1 360727 7355936
is_linear=0
shrinkage=0.05


Tree=40
num_leaves=31
num_cat=10
split_feature=2 7 17 17 16 0 4 16 7 8 7 0 0 0 4 7 7 8 0 8 6 17 0 0 4 7 8 4 0 19
split_gain=16032.1 4368 3368.7 1784.07 1535.26 1369.73 767.925 613.898 365.644 648.887 332.459 330.101 218.919 217.45 216.262 198.925 162.622 151.465 151.131 150.752 110.394 107.265 106.807 98.7679 97.8691 96.701 85.9996 69.7984 69.6682 67.2267
threshold=0 28.10000038146973 0.15384615212678912 0.30769230425357824 0.18065268546342853 1 4.5000000000000009 0.40383034944534307 21.500000000000004 1.0000000180025095e-35 26.500000000000004 2 3 4 4.5000000000000009 30.10000038146973 24.800000190734867 3.4000000059604649 5 3.4000000059604649 6 1.013157904148102 7 8 4.5000000000000009 31.500000000000004 3.4000000059604649 4.5000000000000009 9 0.99864003062248241
decision_type=1 2 2 2 2 1 2 2 2 2 2 1 1 1 2 2 2 2 1 2 1 2 1 1 2 2 2 2 1 2
left_child=1 3 4 7 19 15 12 8 -1 10 29 -5 -7 17 -13 22 -11 -4 -9 25 -12 -8 -3 -18 28 -2 -6 -24 -17 -10
right_child=2 5 13 11 26 6 21 18 9 16 20 14 -14 -15 -16 24 23 -19 -20 -21 -22 -23 27 -25 -26 -27 -28 -29 -30 -31
leaf_value=0 0 0.0067618444821990146 0 0.0025627717712739251 0 0 0.0064236195542935305 0 0 0 0 0 0 0 -0.00066079342410734735 0.016806243313566543 0.0094339462881412265 0.0058680196740720173 0 0 0 0.0067857832175482529 0 0 0.027214289089558519 0 0 0.0072551059472606653 0.0062729776333005863 0
leaf_weight=17606 222247 16996 17854 27175 16617 35760 21685 8529 15088 20198 16311 22884 53481 20396 9430 12272 2913 9727 21241 62948 13106 6257 10839 19612 15820 65467 8669 3808 37377 15209
leaf_count=17606 222247 16996 17854 27175 16617 35760 21685 8529 15088 20198 16311 22884 53481 20396 9430 12272 2913 9727 21241 62948 13106 6257 10839 19612 15820 65467 8669 3808 37377 15209
internal_value=-0.0126805 -0.00580097 -0.0195547 -0.0109385 -0.0211469 -0.000783149 -0.00442198 -0.0138474 -0.0154413 -0.0142973 -0.0176634 -0.00361285 -0.00668723 -0.00707787 -0.00702729 0.00360783 -0.00959261 -0.00417799 -0.00742022 -0.022005 -0.0138772 0.00281118 0.000353159 -0.00667148 0.00518146 -0.0224899 -0.0092482 -0.00277512 0.00409021 -0.0213396
internal_weight=847522 423597 423925 209302 375948 214295 117183 149813 120043 102437 59714 59489 89241 47977 32314 97112 42723 27581 29770 350662 29417 27942 31643 22525 65469 287714 25286 14647 49649 30297
internal_count=847522 423597 423925 209302 375948 214295 117183 149813 120043 102437 59714 59489 89241 47977 32314 97112 42723 27581 29770 350662 29417 27942 31643 22525 65469 287714 25286 14647 49649 30297
cat_boundaries=0 1 2 3 4 5 6 7 8 9 10
cat_threshold=1 885151 360723 5250048 2449431 327699 6 327699 360467 557312
is_linear=0
shrinkage=0.05


Tree=41
num_leaves=31
num_cat=8
split_feature=18 18 2 3 2 7 18 0 0 4 4 3 4 3 4 3 18 2 0 7 2 3 3 3 3 3 3 3 0 3
split_gain=24279.5 4193.6 831.661 1119.91 706.854 735.172 650.411 361.616 287.59 316.583 248.952 222.938 221.742 197.583 389.045 350.865 166.412 149.616 141.678 137.32 227.37 116.125 109.956 109.811 281.187 114.429 112.975 107.194 90.7122 85.0975
threshold=0.1122730001807213 0.44424292445182806 0 81.500000000000014 1 28.69999980926514 1.0000126361846926 2 3 4.5000000000000009 4.5000000000000009 41.500000000000007 4.5000000000000009 41.500000000000007 4.5000000000000009 80.500000000000014 0.18460166454315188 4 5 28.69999980926514 6 44.500000000000007 45.500000000000007 44.500000000000007 57.500000000000007 46.500000000000007 73.500000000000014 37.500000000000007 7 46.500000000000007
decision_type=2 2 1 2 1 2 2 1 1 2 2 2 2 2 2 2 2 1 1 2 1 2 2 2 2 2 2 2 1 2
left_child=2 4 3 11 5 13 8 10 19 21 22 -1 -13 18 15 28 -6 27 -2 -3 -21 -10 -7 -4 25 -25 -26 -11 -15 -18
right_child=1 6 23 -5 16 7 -8 -9 9 17 -12 12 -14 14 -16 -17 29 -19 -20 20 -22 -23 -24 24 26 -27 -28 -29 -30 -31
leaf_value=0 0 0 0 0 0 0 0.0059593287516355566 0.0065253366964880544 0 0 0.0092879190216677322 0 4.7169200316913449e-05 0 -0.00066150424066971044 0 0 -0.0033639309786495648 0 0.0070149266505949992 -0.0025675458991349844 0 0 0 0 0 0 0.0063772672564606338 0 0
leaf_weight=16712 10024 39777 106865 33096 39301 7361 78804 24512 5730 452 9764 15921 4021 19922 13200 5860 2241 3919 29790 30077 8073 52055 24044 11209 112637 16016 47029 14802 18208 45924
leaf_count=16712 10024 39777 106865 33096 39301 7361 78804 24512 5730 452 9764 15921 4021 19922 13200 5860 2241 3919 29790 30077 8073 52055 24044 11209 112637 16016 47029 14802 18208 45924
internal_value=-0.0127191 -0.00538298 -0.0224837 -0.0175756 -0.00988213 -0.00793328 -0.000566886 -0.00384853 -0.00244843 -0.0046162 -0.00671034 -0.0115554 -0.00798566 -0.010699 -0.00881623 -0.0110752 -0.013507 0.000950555 -0.0134036 -0.000306979 0.00183617 -0.00646405 -0.00887996 -0.023649 -0.022918 -0.0182213 -0.0237189 0.00318933 -0.00932468 -0.0115369
internal_weight=847346 483840 363506 69750 250151 162685 233689 65681 154885 76958 41169 36654 19942 97004 57190 43990 87466 19173 39814 77927 38150 57785 31405 293756 186891 27225 159666 15254 38130 48165
internal_count=847346 483840 363506 69750 250151 162685 233689 65681 154885 76958 41169 36654 19942 97004 57190 43990 87466 19173 39814 77927 38150 57785 31405 293756 186891 27225 159666 15254 38130 48165
cat_boundaries=0 1 2 3 4 5 6 7 8
cat_threshold=1 1 7372320 885151 1 360723 1 7355936
is_linear=0
shrinkage=0.05


Tree=42
num_leaves=31
num_cat=7
split_feature=18 18 18 18 17 4 3 0 3 4 3 0 3 7 3 0 17 0 4 0 18 3 3 3 3 0 17 0 3 3
split_gain=24225 4220.78 637.803 444.316 341.808 255.52 343.642 289.032 175.706 183.89 145.948 137.335 110.528 109.57 106.858 99.865 94.8027 90.4357 85.9657 117.795 93.6161 84.9036 70.6637 166.405 97.9701 67.9599 65.8484 62.3335 59.8451 59.7295
threshold=0.1122730001807213 0.44424292445182806 0.88952472805976879 0.24917653203010562 0.15384615212678912 4.5000000000000009 36.500000000000007 0 41.500000000000007 4.5000000000000009 80.500000000000014 1 43.500000000000007 29.800000190734867 80.500000000000014 2 0.28759399056434637 3 4.5000000000000009 4 1.8580787777900698 54.500000000000007 44.500000000000007 56.500000000000007 46.500000000000007 5 0.51974025368690502 6 47.500000000000007 43.500000000000007
decision_type=2 2 2 2 2 2 2 1 2 2 2 1 2 2 2 1 2 1 2 1 2 2 2 2 2 1 2 1 2 2
left_child=4 3 5 14 17 7 -7 29 15 10 11 -10 -9 25 28 -5 -11 22 19 20 -15 -20 -1 24 -24 -4 -8 -23 -2 -3
right_child=1 2 13 8 -6 6 26 12 9 16 -12 -13 -14 18 -16 -17 -18 -19 21 -21 -22 27 23 -25 -26 -27 -28 -29 -30 -31
leaf_value=0 0 0 0.0059384243676391226 0 0 0 -0.0028238068384880068 0 0 0 0 0 0 0.0056613623140537809 0 0 -0.00061464611559636619 0 0.043177721497001789 0 -0.0010468475144688961 0.027959922271521099 0 0 0 0 0.0060807276526951342 -0.0043222785029982114 0 0
leaf_weight=58891 31864 8639 21587 6348 3597 1504 13514 4795 44302 19766 6415 45909 51179 22351 9309 21546 10241 193300 8081 11566 7906 2082 5914 93110 8878 25091 17554 4532 54396 33503
leaf_count=58891 31864 8639 21587 6348 3597 1504 13514 4795 44302 19766 6415 45909 51179 22351 9309 21546 10241 193300 8081 11566 7906 2082 5914 93110 8878 25091 17554 4532 54396 33503
internal_value=-0.0127378 -0.00541055 -0.000582126 -0.00992599 -0.0224885 -0.00290233 0.000934852 -0.00417618 -0.00826862 -0.00747732 -0.00853911 -0.00802092 -0.00653044 0.0023562 -0.0126058 -0.011861 -0.00405822 -0.0226417 0.00383683 0.00268094 0.00432071 0.00712657 -0.0217683 -0.0210093 -0.016083 0.000563435 0.00206483 0.00292561 -0.0120566 -0.0010474
internal_weight=847670 483980 233884 250096 363690 130688 32572 98116 154527 126633 96626 90211 55974 103196 95569 27894 30007 360093 56518 41823 30257 14695 166793 107902 14792 46678 31068 6614 86260 42142
internal_count=847670 483980 233884 250096 363690 130688 32572 98116 154527 126633 96626 90211 55974 103196 95569 27894 30007 360093 56518 41823 30257 14695 166793 107902 14792 46678 31068 6614 86260 42142
cat_boundaries=0 1 2 3 4 5 6 7
cat_threshold=360607 7355936 327699 5906312 885151 262161 32880
is_linear=0
shrinkage=0.05


Tree=43
num_leaves=31
num_cat=8
split_feature=18 18 2 3 2 7 18 5 0 5 0 3 5 3 5 3 18 7 2 2 0 3 17 3 3 3 3 3 3 0
split_gain=24144.7 4198.04 832.606 1119.36 667.571 672.148 624.522 342.819 277.843 317.089 251.798 221.491 230.68 191.425 384.405 354.053 166.015 149.352 231.002 145.947 142.852 126.01 116.64 111.939 105.958 104.927 97.5216 192.223 174.561 94.7066
threshold=0.13445998728275302 0.44424292445182806 0 81.500000000000014 1 28.69999980926514 1.0000126361846926 1.0000000180025095e-35 2 1.0000000180025095e-35 3 41.500000000000007 1.0000000180025095e-35 41.500000000000007 1.0000000180025095e-35 80.500000000000014 0.18460166454315188 28.69999980926514 4 5 6 43.500000000000007 0.07692307606339456 45.500000000000007 37.500000000000007 44.500000000000007 43.500000000000007 57.500000000000007 46.500000000000007 7
decision_type=2 2 1 2 1 2 2 2 1 2 1 2 2 2 2 2 2 2 1 1 1 2 2 2 2 2 2 2 2 1
left_child=2 4 3 11 5 13 8 10 17 23 25 -1 -13 20 15 29 -6 -3 -19 24 -2 -12 26 -10 -11 -7 -4 28 -28 -15
right_child=1 6 22 -5 16 7 -8 -9 9 19 21 12 -14 14 -16 -17 -18 18 -20 -21 -22 -23 -24 -25 -26 -27 27 -29 -30 -31
leaf_value=0 0 0 0 0 0 0 0.0053782941983510912 0.0092255391745387945 0 0 -0.00081924965223452168 0 4.4810740301067775e-05 0 -0.00062842902863622491 0 0 0.0072340172231208366 -0.0024391686041782355 -0.0031472101307894861 0 0.015437006603601477 0 0 0.0058131788071200848 0 0 0 0 0
leaf_weight=16790 10116 39806 99351 33117 38613 6332 78731 15339 6979 442 3854 15974 4033 14308 13222 5903 48259 30197 8043 3881 29794 15041 3041 50898 14861 24897 18275 158333 15202 23819
leaf_count=16790 10116 39806 99351 33117 38613 6332 78731 15339 6979 442 3854 15974 4033 14308 13222 5903 48259 30197 8043 3881 29794 15041 3041 50898 14861 24897 18275 158333 15202 23819
internal_value=-0.0127376 -0.00541245 -0.0224612 -0.0175566 -0.00992367 -0.00803336 -0.000599133 -0.00411721 -0.00244009 -0.00456949 -0.00611883 -0.0115546 -0.00800095 -0.0106719 -0.00881891 -0.011064 -0.0134623 -0.000336938 0.00189461 0.00100083 -0.01333 -0.00155911 -0.0236268 -0.00641662 0.00319709 -0.00887432 -0.0237285 -0.02307 -0.0196277 -0.00929984
internal_weight=847451 483335 364116 69914 249497 162625 233838 65463 155107 77061 50124 36797 20007 97162 57252 44030 86872 78046 38240 19184 39910 18895 294202 57877 15303 31229 291161 191810 33477 38127
internal_count=847451 483335 364116 69914 249497 162625 233838 65463 155107 77061 50124 36797 20007 97162 57252 44030 86872 78046 38240 19184 39910 18895 294202 57877 15303 31229 291161 191810 33477 38127
cat_boundaries=0 1 2 3 4 5 6 7 8
cat_threshold=1 1 885151 7372320 1 1 360723 508255
is_linear=0
shrinkage=0.05


Tree=44
num_leaves=31
num_cat=7
split_feature=18 18 2 3 2 3 4 18 3 0 0 4 3 18 4 0 2 3 2 3 3 3 3 3 3 3 19 3 3 3
split_gain=24123.5 4202.58 819.175 1097.76 684.797 619.912 660.659 607.208 528.065 305.662 277.505 326.364 273.194 167.809 163.787 162.006 144.147 137.716 215.763 111.627 111.332 207.689 188.843 115.828 103.819 99.8238 106.51 86.6966 82.7272 81.8956
threshold=0.1122730001807213 0.44424292445182806 0 80.500000000000014 1 41.500000000000007 4.5000000000000009 1.0000126361846926 80.500000000000014 2 3 4.5000000000000009 43.500000000000007 0.18460166454315188 4.5000000000000009 4 5 41.500000000000007 6 43.500000000000007 43.500000000000007 57.500000000000007 46.500000000000007 73.500000000000014 37.500000000000007 54.500000000000007 1.1313131451606753 79.500000000000014 46.500000000000007 84.500000000000014
decision_type=2 2 1 2 1 2 2 2 2 1 1 2 2 2 2 1 1 2 1 2 2 2 2 2 2 2 2 2 2 2
left_child=2 4 3 12 5 15 8 10 9 -7 17 19 -1 -6 -14 -2 24 -3 27 -12 -4 22 -22 -23 -13 -8 -27 -19 -15 -25
right_child=1 7 20 -5 13 6 25 -9 -10 -11 11 16 14 28 -16 -17 -18 18 -20 -21 21 23 -24 29 -26 26 -28 -29 -30 -31
leaf_value=0 0 0 0 0 0 0 0.0097714031811052433 0.0051093794884335356 0 0 0 0 0 0 4.2570203286014386e-05 0 -0.0029898496242500116 0.006269791989290497 -6.5156668660638087e-05 0 0 0 0 0 0.0055329353708570457 -0.0014253954781637079 0.0088515543778235738 -3.5346789507119949e-05 0 0
leaf_weight=18227 13978 11409 99428 35205 39259 46166 7996 78887 5959 36307 4651 430 13044 2213 3206 34269 3870 46938 17600 53088 18680 112746 16024 30251 14783 7714 10332 2108 46010 16803
leaf_count=18227 13978 11409 99428 35205 39259 46166 7996 78887 5959 36307 4651 430 13044 2213 3206 34269 3870 46938 17600 53088 18680 112746 16024 30251 14783 7714 10332 2108 46010 16803
internal_value=-0.0127518 -0.0054402 -0.0224835 -0.0176093 -0.00994383 -0.00802585 -0.00602233 -0.000619856 -0.00808361 -0.00704503 -0.00243855 -0.00457166 -0.0112677 -0.0135114 -0.00655385 -0.0127796 0.00109653 -0.0003385 0.000530414 -0.00644582 -0.023639 -0.0229432 -0.0194372 -0.0237046 0.00328831 0.000977267 -0.00108334 0.00223464 -0.0115355 -0.0216209
internal_weight=847581 483967 363614 69682 250203 162721 114474 233764 88432 82473 154877 76822 34477 87482 16250 48247 19083 78055 66646 57739 293932 194504 34704 159800 15213 26042 18046 49046 48223 47054
internal_count=847581 483967 363614 69682 250203 162721 114474 233764 88432 82473 154877 76822 34477 87482 16250 48247 19083 78055 66646 57739 293932 194504 34704 159800 15213 26042 18046 49046 48223 47054
cat_boundaries=0 1 2 3 4 5 6 7
cat_threshold=1 1 7355936 885151 360727 1 1
is_linear=0
shrinkage=0.05


Tree=45
num_leaves=31
num_cat=7
split_feature=18 18 2 3 0 2 7 4 4 3 0 3 4 2 3 4 3 18 0 3 17 3 3 3 3 3 3 3 3 0
split_gain=24459.1 4375.61 824.211 1108.81 668.623 656.624 718.527 425.62 337.833 281.331 249.596 218.451 225.713 191.787 188.791 351.075 347.549 155.518 140.243 137.118 121.256 116.655 114.823 113.91 100.617 97.0577 191.808 176.381 94.559 94.3247
threshold=0.14271402359008792 0.44424292445182806 0 81.500000000000014 1 2 28.69999980926514 4.5000000000000009 4.5000000000000009 42.500000000000007 3 41.500000000000007 4.5000000000000009 4 41.500000000000007 4.5000000000000009 80.500000000000014 0.18460166454315188 5 44.500000000000007 0.07692307606339456 44.500000000000007 44.500000000000007 37.500000000000007 54.500000000000007 43.500000000000007 57.500000000000007 46.500000000000007 73.500000000000014 6
decision_type=2 2 1 2 1 1 2 2 2 2 1 2 2 1 2 2 2 2 1 2 2 2 2 2 2 2 2 2 2 1
left_child=2 5 3 11 9 6 14 19 10 -3 22 -1 -13 23 18 16 29 -7 -2 -6 25 -12 -8 -9 -25 -4 27 -27 -28 -16
right_child=1 4 20 -5 7 17 8 13 -10 -11 21 12 -14 -15 15 -17 -18 -19 -20 -21 -22 -23 -24 24 -26 26 28 -29 -30 -31
leaf_value=0 0 0 0 0 0 0 -0.00077828716962279564 0 0.0082756920567565902 0.0048539105140118612 0 0 4.0441693121713671e-05 -0.0029950947029270701 0 -0.00059713337175610107 0 0 0 0 0 0 0.014665156273421404 0.0056910998227803879 0.0049024263728866318 0 0 0 0 0
leaf_weight=16829 10000 15548 99347 33103 5991 38640 3935 445 15315 123852 6817 15985 4027 4663 5667 13296 5828 48149 29686 64670 3100 26776 12709 9298 9296 18284 112347 15232 45901 32489
leaf_count=16829 10000 15548 99347 33103 5991 38640 3935 445 15315 123852 6817 15985 4027 4663 5667 13296 5828 48149 29686 64670 3100 26776 12709 9298 9296 18284 112347 15232 45901 32489
internal_value=-0.0126822 -0.00530606 -0.022467 -0.0175884 -0.000391743 -0.00991398 -0.0080388 -0.00364167 -0.0039953 0.00180834 -0.00597717 -0.0116209 -0.00809015 0.00215594 -0.0107723 -0.00893593 -0.0110881 -0.0134254 -0.0134229 -0.00558689 -0.0236268 -0.00845683 -0.000966735 0.0043818 0.0049801 -0.0237316 -0.0230745 -0.0196384 -0.0238022 -0.00935109
internal_weight=847225 483070 364155 69944 233763 249307 162518 94363 65552 139400 50237 36841 20012 23702 96966 57280 43984 86789 39686 70661 294211 33593 16644 19039 18594 291111 191764 33516 158248 38156
internal_count=847225 483070 364155 69944 233763 249307 162518 94363 65552 139400 50237 36841 20012 23702 96966 57280 43984 86789 39686 70661 294211 33593 16644 19039 18594 291111 191764 33516 158248 38156
cat_boundaries=0 1 2 3 4 5 6 7
cat_threshold=1 885151 1 1016223 1 360723 360471
is_linear=0
shrinkage=0.05


Tree=46
num_leaves=31
num_cat=7
split_feature=18 18 2 3 2 7 18 4 0 4 0 3 4 3 4 3 18 2 0 2 3 3 3 3 3 3 3 3 7 3
split_gain=23877.3 4045.05 828.104 1115.2 647.692 688.973 598.812 343.049 260.986 320.851 256.539 222.591 226.797 179.639 347.645 354.592 162.121 150.939 143.153 129.544 201.754 121.946 116.255 112.878 203.926 182.005 119.167 111.135 109.779 101.88
threshold=0.14271402359008792 0.44424292445182806 0 81.500000000000014 1 28.69999980926514 1.0000126361846926 4.5000000000000009 2 4.5000000000000009 3 41.500000000000007 4.5000000000000009 41.500000000000007 4.5000000000000009 80.500000000000014 0.18460166454315188 4 5 6 41.500000000000007 43.500000000000007 44.500000000000007 43.500000000000007 57.500000000000007 46.500000000000007 73.500000000000014 44.500000000000007 28.400000572204593 37.500000000000007
decision_type=2 2 1 2 1 2 2 2 1 2 1 2 2 2 2 2 2 1 1 1 2 2 2 2 2 2 2 2 2 2
left_child=2 4 3 11 5 13 8 10 19 27 21 -1 -13 18 15 -15 -6 29 -2 20 -3 -7 -12 -4 25 -25 -26 -10 -22 -11
right_child=1 6 23 -5 16 7 -8 -9 9 17 22 12 -14 14 -16 -17 -18 -19 -20 -21 28 -23 -24 24 26 -27 -28 -29 -30 -31
leaf_value=0 0 0 0 0 0 -0.00073937281114165587 0.0046112149883112685 0.0078619074539187598 0 0 0 0 3.8419608465627986e-05 0 -0.00056727670316829596 0 0 -0.0026906024078911578 0 -0.00030459436092819927 -0.00034883638897164482 0.013931898459750337 0 0 0 0 0 0 0.0081184755318500727 0.0049613181070822078
leaf_weight=16771 12015 11398 99595 33127 38639 3398 78584 15342 5688 423 6806 16093 4016 37995 13245 5870 48376 3878 27712 17614 20450 13239 26841 18707 112732 16260 47303 52169 28593 14765
leaf_count=16771 12015 11398 99595 33127 38639 3398 78584 15342 5688 423 6806 16093 4016 37995 13245 5870 48376 3878 27712 17614 20450 13239 26841 18707 112732 16260 47303 52169 28593 14765
internal_value=-0.0128098 -0.005519 -0.0224689 -0.0175807 -0.00994617 -0.00808169 -0.000790154 -0.00412641 -0.00259295 -0.00465957 -0.00612322 -0.0115998 -0.00805236 -0.0107622 -0.00896603 -0.0111097 -0.0134273 0.000965069 -0.0133442 -0.000555627 0.000543919 -0.00104073 -0.00863342 -0.0236305 -0.022931 -0.0194719 -0.0236868 -0.0065139 0.00193657 0.00321306
internal_weight=847644 483040 364604 70007 249478 162463 233562 65626 154978 76923 50284 36880 20109 96837 57110 43865 87015 19066 39727 78055 60441 16637 33647 294597 195002 34967 160035 57857 49043 15188
internal_count=847644 483040 364604 70007 249478 162463 233562 65626 154978 76923 50284 36880 20109 96837 57110 43865 87015 19066 39727 78055 60441 16637 33647 294597 195002 34967 160035 57857 49043 15188
cat_boundaries=0 1 2 3 4 5 6 7
cat_threshold=1 1 885151 1016223 1 360727 1
is_linear=0
shrinkage=0.05


Tree=47
num_leaves=31
num_cat=7
split_feature=18 18 2 3 2 7 18 4 0 4 0 3 4 3 4 3 18 2 0 3 3 3 17 3 2 3 3 3 3 3
split_gain=23781.3 4026.53 831.016 1122.58 659.895 698.24 581.623 344.748 255.292 305.064 248.561 216.862 219.447 184.213 343.818 352.902 157.465 150.804 141.239 131.893 127.425 126.153 113.067 111.116 110.086 178.524 97.3563 188.871 169.543 93.7308
threshold=0.13445998728275302 0.44424292445182806 0 81.500000000000014 1 28.69999980926514 1.0000126361846926 4.5000000000000009 2 4.5000000000000009 3 41.500000000000007 4.5000000000000009 41.500000000000007 4.5000000000000009 80.500000000000014 0.18460166454315188 4 5 37.500000000000007 44.500000000000007 43.500000000000007 0.07692307606339456 45.500000000000007 6 42.500000000000007 43.500000000000007 57.500000000000007 46.500000000000007 73.500000000000014
decision_type=2 2 1 2 1 2 2 2 1 2 1 2 2 2 2 2 2 1 1 2 2 2 2 2 1 2 2 2 2 2
left_child=2 4 3 11 5 13 8 10 24 20 23 -1 -13 18 15 -15 -6 19 -2 -11 -10 -12 26 -7 25 -3 -4 28 -28 -29
right_child=1 6 22 -5 16 7 -8 -9 9 17 21 12 -14 14 -16 -17 -18 -19 -20 -21 -22 -23 -24 -25 -26 -27 27 29 -30 -31
leaf_value=0 0 0 0 0 0 0 0.0043806542388957039 0.0074688120812228202 0 -0.00056322317294711655 -0.00070240417058457306 0 3.6498628042346585e-05 0 -0.00053891286800988121 0 0 -0.0027108098473861589 0 0.0046697578028241813 0 0.013235303536762822 0 0 -0.00028936464288178927 0.0055094302181727395 0 0 0 0
leaf_weight=16768 12057 11729 99474 33053 38796 7336 78638 15293 6762 573 3824 15985 3994 38156 13202 5878 48122 4071 27803 16772 57710 15024 3044 24009 17051 40282 18228 112367 15185 46039
leaf_count=16768 12057 11729 99474 33053 38796 7336 78638 15293 6762 573 3824 15985 3994 38156 13202 5878 48122 4071 27803 16772 57710 15024 3044 24009 17051 40282 18228 112367 15185 46039
internal_value=-0.0128186 -0.00554568 -0.0224673 -0.0175623 -0.00996253 -0.00808238 -0.000827953 -0.00409248 -0.00260536 -0.00442502 -0.00609497 -0.0115486 -0.00802968 -0.0107734 -0.0089559 -0.0110778 -0.0134794 0.00074477 -0.0133831 0.00277746 -0.00614298 -0.00155372 -0.0236305 -0.00882236 -0.000341672 0.000801273 -0.0237307 -0.0230724 -0.0196563 -0.023793
internal_weight=847225 483088 364137 69800 249500 162582 233588 65486 154950 85888 50193 36747 19979 97096 57236 44034 86918 21416 39860 17345 64472 18848 294337 31345 69062 52011 291293 191819 33413 158406
internal_count=847225 483088 364137 69800 249500 162582 233588 65486 154950 85888 50193 36747 19979 97096 57236 44034 86918 21416 39860 17345 64472 18848 294337 31345 69062 52011 291293 191819 33413 158406
cat_boundaries=0 1 2 3 4 5 6 7
cat_threshold=1 1 852383 7372320 1 360727 1
is_linear=0
shrinkage=0.05


Tree=48
num_leaves=31
num_cat=8
split_feature=18 18 2 3 2 7 18 4 0 0 4 3 4 3 4 3 18 2 0 3 2 3 17 3 3 3 3 3 0 3
split_gain=23860.8 4048.91 823.065 1112.31 645.671 695.955 566.707 340.978 253.338 235.209 354.753 216.629 220.065 187.452 345.726 352.352 168.72 164.244 139.203 119.189 117.104 177.377 115.517 114.798 110.183 97.0996 191.857 174.963 95.5392 93.0278
threshold=0.14271402359008792 0.44424292445182806 0 81.500000000000014 1 28.69999980926514 1.0000126361846926 4.5000000000000009 2 3 4.5000000000000009 41.500000000000007 4.5000000000000009 41.500000000000007 4.5000000000000009 80.500000000000014 0.18460166454315188 4 5 45.500000000000007 6 42.500000000000007 0.07692307606339456 43.500000000000007 44.500000000000007 43.500000000000007 57.500000000000007 46.500000000000007 7 73.500000000000014
decision_type=2 2 1 2 1 2 2 2 1 1 2 2 2 2 2 2 2 1 1 2 1 2 2 2 2 2 2 2 1 2
left_child=2 4 3 11 5 13 9 8 23 20 24 -1 -13 18 15 28 -6 -12 -2 -10 21 -3 25 -7 -11 -4 27 -27 -15 -28
right_child=1 6 22 -5 16 7 -8 -9 19 10 17 12 -14 14 -16 -17 -18 -19 -20 -21 -22 -23 -24 -25 -26 26 29 -29 -30 -31
leaf_value=0 0 0 0 0 0 -0.00066728396205534442 0.0041616215269509203 0.0070953714771616778 0 0 0.0044362699126829722 0 3.4673696640229259e-05 0 -0.00051196722460938708 0 0 -0.0024205317951272922 0 0 -0.00027489641073769983 0.0042534709373401982 0 0.012573538359924681 0 0 0 0 0 0
leaf_weight=16804 10062 12882 99410 33082 38605 3400 78956 15330 7892 5704 15222 16022 4000 21971 13254 5861 48238 3916 29702 25715 17541 47587 3082 13218 52059 18361 112263 15196 16162 46005
leaf_count=16804 10062 12882 99410 33082 38605 3400 78956 15330 7892 5704 15222 16022 4000 21971 13254 5861 48238 3916 29702 25715 17541 47587 3082 13218 52059 18361 112263 15196 16162 46005
internal_value=-0.0128075 -0.00552421 -0.0224715 -0.0175946 -0.0099559 -0.00809651 -0.000797996 -0.00411677 -0.00610901 -0.00255518 -0.00451723 -0.0116168 -0.00810359 -0.0107858 -0.00895402 -0.0110867 -0.0134366 0.00138207 -0.0134229 -0.00860502 -0.000620354 0.000422944 -0.0236299 -0.00105545 -0.00647257 -0.0237318 -0.0230745 -0.0196405 -0.00933247 -0.0238027
internal_weight=847502 483277 364225 69908 249410 162567 233867 65555 50225 154911 76901 36826 20022 97012 57248 43994 86843 19138 39764 33607 78010 60469 294317 16618 57763 291235 191825 33557 38133 158268
internal_count=847502 483277 364225 69908 249410 162567 233867 65555 50225 154911 76901 36826 20022 97012 57248 43994 86843 19138 39764 33607 78010 60469 294317 16618 57763 291235 191825 33557 38133 158268
cat_boundaries=0 1 2 3 4 5 6 7 8
cat_threshold=1 1 1016223 885151 1 360723 1 7356064
is_linear=0
shrinkage=0.05


Tree=49
num_leaves=31
num_cat=6
split_feature=18 18 18 18 17 0 4 3 4 3 0 3 17 0 0 3 7 3 3 3 3 3 3 0 4 3 3 3 3 0
split_gain=23691.6 3954.07 586.078 454.08 345.162 196.003 267.159 172.192 185.676 150.712 140.255 113.296 103.954 103.753 94.0388 93.7766 93.4179 82.9124 79.7757 75.7347 75.3349 171.57 104.476 63.4939 77.2425 59.4382 58.9652 97.7141 71.1266 52.0847
threshold=0.14271402359008792 0.44424292445182806 0.87069666385650646 0.24917653203010562 0.15384615212678912 0 4.5000000000000009 41.500000000000007 4.5000000000000009 80.500000000000014 1 80.500000000000014 0.28759399056434637 2 3 43.500000000000007 29.800000190734867 40.500000000000007 37.500000000000007 47.500000000000007 44.500000000000007 56.500000000000007 47.500000000000007 4 4.5000000000000009 79.500000000000014 83.500000000000014 73.500000000000014 80.500000000000014 5
decision_type=2 2 2 2 2 1 2 2 2 2 1 2 2 1 1 2 2 2 2 2 2 2 2 1 2 2 2 2 2 1
left_child=4 3 5 11 14 17 15 13 9 10 -9 19 -10 -5 20 -7 29 -3 -8 -2 -1 22 -22 -18 -25 -19 27 -23 -29 -4
right_child=1 2 16 7 -6 6 18 8 12 -11 -12 -13 -14 -15 -16 -17 23 25 -20 -21 21 26 -24 24 -26 -27 -28 28 -30 -31
leaf_value=0 0 0 0.0042167494015094512 0 0 0 -0.0001936523369867928 0 0 0 0 0 0.0025948012061712822 0 0 0 0.0039535404506033768 0.00087127543799222498 0.0038425288258197468 0 0 0 0 0 0.0028493720936908665 -0.00019599492154017675 0 0 0 0
leaf_weight=58932 31559 8732 21606 6318 3897 4404 419 44512 19698 6342 45968 9161 10208 21630 193355 46086 37930 50588 16300 53986 7285 53857 7583 13665 4915 3814 17180 12377 9725 25126
leaf_count=58932 31559 8732 21606 6318 3897 4404 419 44512 19698 6342 45968 9161 10208 21630 193355 46086 37930 50588 16300 53986 7285 53857 7583 13665 4915 3814 17180 12377 9725 25126
internal_value=-0.012825 -0.0055641 -0.000889505 -0.00994258 -0.0224539 -0.0031185 -0.00499747 -0.0082731 -0.00748966 -0.00855332 -0.00803106 -0.0126692 -0.00404601 -0.0118255 -0.022614 -0.00681224 0.0019246 -0.00111729 0.000479993 -0.0121033 -0.0217247 -0.0209415 -0.0159537 0.00329234 0.000895643 -0.00039153 -0.0217377 -0.0211394 -0.01834 0.000270692
internal_weight=847158 482967 233585 249382 364191 130343 67209 154676 126728 96822 90480 94706 29906 27948 360294 50490 103242 63134 16719 85545 166939 108007 14868 56510 18580 54402 93139 75959 22102 46732
internal_count=847158 482967 233585 249382 364191 130343 67209 154676 126728 96822 90480 94706 29906 27948 360294 50490 103242 63134 16719 85545 166939 108007 14868 56510 18580 54402 93139 75959 22102 46732
cat_boundaries=0 1 2 3 4 5 6
cat_threshold=885151 7355936 327699 5906312 852383 262161
is_linear=0
shrinkage=0.05


Tree=50
num_leaves=31
num_cat=8
split_feature=18 18 2 3 2 3 4 18 3 0 3 4 0 4 18 0 2 17 8 2 3 3 3 3 3 3 3 0 4 3
split_gain=23694 3929.49 825.318 1111.23 670.53 603.451 619.23 579.312 525.897 307.439 213.394 221.964 202.919 256.783 161.824 158.992 129.084 124.641 106.244 102.94 143.239 97.6246 190.606 171.959 97.1972 95.9824 95.5035 93.9957 121.274 84.3383
threshold=0.14271402359008792 0.44424292445182806 0 81.500000000000014 1 41.500000000000007 4.5000000000000009 0.88952472805976879 80.500000000000014 2 41.500000000000007 4.5000000000000009 3 4.5000000000000009 0.18460166454315188 4 5 0.07692307606339456 1.0000000180025095e-35 6 42.500000000000007 43.500000000000007 57.500000000000007 46.500000000000007 45.500000000000007 37.500000000000007 73.500000000000014 7 4.5000000000000009 46.500000000000007
decision_type=2 2 1 2 1 2 2 2 2 1 2 2 1 2 2 1 1 2 2 1 2 2 2 2 2 2 2 1 2 2
left_child=2 4 3 10 5 15 8 12 9 -7 -1 -12 19 24 -6 -2 25 21 -8 20 -3 -4 23 -23 -14 -15 -24 -9 -29 -16
right_child=1 7 17 -5 14 6 18 27 -10 -11 11 -13 13 16 29 -17 -18 -19 -20 -21 -22 22 26 -25 -26 -27 -28 28 -30 -31
leaf_value=0 0 0 0 0 0 0 0.0070340899984718654 0.0037558634280732087 0 0 0 3.2940011808217794e-05 0 -0.00018396972013745314 0 0 -0.0024916316466619143 0 -0.00048636886337891772 -0.00030471536210042609 0.0072716064742177899 0 0 0 0 0.004065824374661753 0 0 0.0041879400298275972 0
leaf_weight=16798 13930 11298 99242 33078 38596 46147 15934 76121 5876 36188 16089 4001 6530 428 2249 33972 3498 3133 10233 14959 37058 18176 112130 15143 44024 12765 45937 20038 6977 45844
leaf_count=16798 13930 11298 99242 33078 38596 46147 15934 76121 5876 36188 16089 4001 6530 428 2249 33972 3498 3133 10233 14959 37058 18176 112130 15143 44024 12765 45937 20038 6977 45844
internal_value=-0.0128212 -0.00555898 -0.0224581 -0.0175778 -0.00992985 -0.00803334 -0.00606017 -0.000902454 -0.0080639 -0.00703255 -0.0116108 -0.0081334 -0.00311504 -0.00502751 -0.0134801 -0.0127448 0.00034899 -0.0236205 0.000694577 -0.00108291 3.82579e-05 -0.0237274 -0.0230675 -0.0196307 -0.00680362 0.00261313 -0.023792 0.00189846 -0.000635523 -0.0115448
internal_weight=846392 482665 363727 69966 248969 162280 114378 233696 88211 82335 36888 20090 130560 67245 86689 47902 16691 293761 26167 63315 48356 290628 191386 33319 50554 13193 158067 103136 27015 48093
internal_count=846392 482665 363727 69966 248969 162280 114378 233696 88211 82335 36888 20090 130560 67245 86689 47902 16691 293761 26167 63315 48356 290628 191386 33319 50554 13193 158067 103136 27015 48093
cat_boundaries=0 1 2 3 4 5 6 7 8
cat_threshold=1 1 7355936 885151 360727 1 1 885151
is_linear=0
shrinkage=0.05


Tree=51
num_leaves=31
num_cat=7
split_feature=18 18 2 3 2 7 18 4 0 3 4 0 4 3 4 3 18 0 2 3 17 3 2 3 3 3 3 3 3 7
split_gain=23658.2 3901.17 832.499 1120.07 648.75 695.884 550.833 352.014 253.005 223.489 215.86 195.72 257.69 184.671 345.318 350.603 168.568 142.08 127.618 119.046 116.391 113.147 103.402 143.528 99.7139 97.3126 191.367 172.691 94.9475 94.3346
threshold=0.14271402359008792 0.44424292445182806 0 81.500000000000014 1 28.69999980926514 0.88952472805976879 4.5000000000000009 2 41.500000000000007 4.5000000000000009 3 4.5000000000000009 41.500000000000007 4.5000000000000009 80.500000000000014 0.18460166454315188 4 5 44.500000000000007 0.07692307606339456 44.500000000000007 6 42.500000000000007 43.500000000000007 43.500000000000007 57.500000000000007 46.500000000000007 37.500000000000007 28.10000038146973
decision_type=2 2 1 2 1 2 2 2 1 2 2 1 2 2 2 2 2 1 1 2 2 2 1 2 2 2 2 2 2 2
left_child=2 4 3 9 5 13 11 8 19 -1 -11 22 24 17 15 -15 -6 -2 28 -7 25 -10 23 -3 -13 -4 27 -27 -14 -8
right_child=1 6 20 -5 16 7 29 -9 21 10 -12 12 18 14 -16 -17 -18 -19 -20 -21 -22 -23 -24 -25 -26 26 -28 -29 -30 -31
leaf_value=0 0 0 0 0 0 -0.00063391976395257713 0 0.0062591583430714366 0 0 3.1293011217806903e-05 0 -0.00017477123413058048 0 -0.00046205042020997184 0 0 0 -0.0023670500643288191 0.011944861441928446 0 0 -0.00028947959399540477 0.0069126192473017052 0 0 0 0 0.0038625331559286658 0.003568070256669548
leaf_weight=16853 12040 11316 99532 33191 38766 3928 33496 15267 6826 16085 4004 4427 421 38083 13202 5872 48313 27659 3490 12686 3104 26728 14922 36977 46177 18164 158305 15196 12810 69799
leaf_count=16853 12040 11316 99532 33191 38766 3928 33496 15267 6826 16085 4004 4427 421 38083 13202 5872 48313 27659 3490 12686 3104 26728 14922 36977 46177 18164 158305 15196 12810 69799
internal_value=-0.0128438 -0.0055894 -0.0224624 -0.017567 -0.00993985 -0.00807177 -0.000949922 -0.00408841 -0.00611147 -0.0115776 -0.00801558 -0.00310863 -0.00498441 -0.0107629 -0.00894335 -0.0110733 -0.0134214 -0.0133826 0.000396208 -0.00106172 -0.023629 -0.00860893 -0.00110992 1.39772e-05 -0.0067633 -0.0237316 -0.0230729 -0.0196313 0.00263963 0.00177816
internal_weight=847639 483205 364434 70133 249370 162291 233835 65435 50168 36942 20089 130540 67325 96856 57157 43955 87079 39699 16721 16614 294301 33554 63215 48293 50604 291197 191665 33360 13231 103295
internal_count=847639 483205 364434 70133 249370 162291 233835 65435 50168 36942 20089 130540 67325 96856 57157 43955 87079 39699 16721 16614 294301 33554 63215 48293 50604 291197 191665 33360 13231 103295
cat_boundaries=0 1 2 3 4 5 6 7
cat_threshold=1 1 1016223 885151 360727 1 1
is_linear=0
shrinkage=0.05


Tree=52
num_leaves=31
num_cat=7
split_feature=18 18 2 3 2 7 18 4 0 3 4 0 4 3 4 3 18 0 2 3 3 3 3 3 3 2 3 7 3 3
split_gain=23656.7 3900.03 825.506 1114.8 656.538 690.471 557.15 352.282 248.83 216.13 214.331 200.374 267.754 192.505 349.861 356.633 169.076 143.151 123.476 120.41 117.401 111.694 278.764 117.146 115.288 104.46 146.309 97.2048 97.1825 95.4409
threshold=0.1122730001807213 0.44424292445182806 0 81.500000000000014 1 28.69999980926514 0.88952472805976879 4.5000000000000009 2 41.500000000000007 4.5000000000000009 3 4.5000000000000009 41.500000000000007 4.5000000000000009 80.500000000000014 0.18460166454315188 4 5 43.500000000000007 44.500000000000007 44.500000000000007 57.500000000000007 46.500000000000007 73.500000000000014 6 42.500000000000007 29.800000190734867 37.500000000000007 43.500000000000007
decision_type=2 2 1 2 1 2 2 2 1 2 2 1 2 2 2 2 2 1 1 2 2 2 2 2 2 1 2 2 2 2
left_child=2 4 3 9 5 13 11 8 19 -1 -11 25 29 17 15 -15 -6 -2 28 -7 -10 -4 23 -23 -24 26 -3 -8 -14 -13
right_child=1 6 21 -5 16 7 27 -9 20 10 -12 12 18 14 -16 -17 -18 -19 -20 -21 -22 22 24 -25 -26 -27 -28 -29 -30 -31
leaf_value=0 0 0 0 0 0 -0.00060222377575494838 0.00030352620193844771 0.0059462004259178639 0 0 2.972836065691656e-05 0 -0.00016603267242405146 0 -0.00043894789919947326 0 0 0 -0.0022293306514456555 0.011347618369832025 0 0 0 0 0 -0.00027500561429563453 0.0067305002931881469 0.003389666743836073 0.003669406498132233 0
leaf_weight=16650 10069 11261 106964 33071 39196 3389 46635 15375 6854 16065 3998 4465 412 38143 13244 5893 48314 29788 3455 13162 26761 11229 112484 16102 47072 14962 37210 56649 12800 46084
leaf_count=16650 10069 11261 106964 33071 39196 3389 46635 15375 6854 16065 3998 4465 412 38143 13244 5893 48314 29788 3455 13162 26761 11229 112484 16102 47072 14962 37210 56649 12800 46084
internal_value=-0.0128398 -0.00560103 -0.0224771 -0.0175886 -0.00994052 -0.00806194 -0.000959997 -0.00409629 -0.00612566 -0.0115906 -0.00809575 -0.00312957 -0.00503154 -0.0107377 -0.00888094 -0.0110239 -0.0134328 -0.0134061 0.000463491 -0.0011035 -0.00859554 -0.0236381 -0.0229006 -0.0182348 -0.0236998 -0.0011132 1.39259e-05 0.0017844 0.00266424 -0.00684435
internal_weight=847756 484121 363635 69784 250188 162678 233933 65541 50166 36713 20063 130649 67216 97137 57280 44036 87510 39857 16667 16551 33615 293851 186887 27331 159556 63433 48471 103284 13212 50549
internal_count=847756 484121 363635 69784 250188 162678 233933 65541 50166 36713 20063 130649 67216 97137 57280 44036 87510 39857 16667 16551 33615 293851 186887 27331 159556 63433 48471 103284 13212 50549
cat_boundaries=0 1 2 3 4 5 6 7
cat_threshold=1 1 1016223 885151 360723 1 1
is_linear=0
shrinkage=0.05


Tree=53
num_leaves=31
num_cat=8
split_feature=18 18 2 3 2 3 4 18 3 0 3 0 4 4 18 0 2 3 3 3 3 3 8 2 3 0 4 3 3 8
split_gain=23624.1 3850 841.416 1132.77 652.535 594.103 617.961 547.968 527.626 305.656 275.862 195.999 251.894 174.529 161.486 156.489 135.738 111.544 277.618 120.801 115.637 103.177 102.736 101.928 138.763 95.4039 116.215 82.7508 81.4405 80.9015
threshold=0.1122730001807213 0.44424292445182806 0 80.500000000000014 1 41.500000000000007 4.5000000000000009 0.88952472805976879 80.500000000000014 2 41.500000000000007 3 4.5000000000000009 4.5000000000000009 0.18460166454315188 4 5 44.500000000000007 57.500000000000007 46.500000000000007 73.500000000000014 43.500000000000007 1.0000000180025095e-35 6 42.500000000000007 7 4.5000000000000009 78.500000000000014 46.500000000000007 1.0000000180025095e-35
decision_type=2 2 1 2 1 2 2 2 2 1 2 1 2 2 2 1 1 2 2 2 2 2 2 1 2 1 2 2 2 2
left_child=2 4 3 10 5 15 8 11 9 -7 -1 23 21 -12 -6 -2 -14 -4 19 -19 -20 -13 -8 24 -3 -9 -27 -22 -16 -11
right_child=1 7 17 -5 14 6 22 25 -10 29 13 12 16 -15 28 -17 -18 18 20 -21 27 -23 -24 -25 -26 26 -28 -29 -30 -31
leaf_value=0 0 0 0 0 0 0 0.0060479900708616087 0.003220183406644267 0 0 0 0 0.0032254175192896308 2.8241942624070731e-05 0 0 -0.0021372310285400951 0 0 0 0 0 -0.0004170005042394996 -0.00026125533358085283 0.0090499114217271193 -0.00019357982293039981 0.0038399938035229286 0 0 0
leaf_weight=16686 9102 10152 107045 35187 39078 46108 15983 76213 5914 22792 14183 5264 14982 3637 2216 39099 3642 11202 112324 16071 10731 50900 10217 14326 31100 20032 6992 36389 46074 13479
leaf_count=16686 9102 10152 107045 35187 39078 46108 15983 76213 5914 22792 14183 5264 14982 3637 2216 39099 3642 11202 112324 16071 10731 50900 10217 14326 31100 20032 6992 36389 46074 13479
internal_value=-0.0128379 -0.00559969 -0.02247 -0.0175308 -0.00991134 -0.00803963 -0.00607919 -0.000984255 -0.0080802 -0.00704457 -0.0110937 -0.00313924 -0.00481029 -0.00676768 -0.0133968 -0.0126963 0.0002282 -0.0236418 -0.022904 -0.0182424 -0.0237014 -0.00648191 0.000664122 -0.00088958 0.000372103 0.00173702 -0.00081564 -0.0216225 -0.011463 -0.00360726
internal_weight=847120 483665 363455 69693 250062 162694 114493 233603 88293 82379 34506 130366 74788 17820 87368 48201 18624 293762 186717 27273 159444 56164 26200 55578 41252 103237 27024 47120 48290 36271
internal_count=847120 483665 363455 69693 250062 162694 114493 233603 88293 82379 34506 130366 74788 17820 87368 48201 18624 293762 186717 27273 159444 56164 26200 55578 41252 103237 27024 47120 48290 36271
cat_boundaries=0 1 2 3 4 5 6 7 8
cat_threshold=1 1 7355936 852383 327955 1 1 885151
is_linear=0
shrinkage=0.05


Tree=54
num_leaves=31
num_cat=7
split_feature=18 18 2 3 2 7 18 4 0 3 4 0 4 3 4 3 3 3 3 0 3 2 3 3 3 3 3 3 3 2
split_gain=23582.4 3894.47 825.644 1106.71 660.853 689.888 545.761 363.286 255.686 214.64 221.646 194.359 253.546 189.197 354.24 359.134 159.602 199.063 198.364 138.04 128.536 127.046 117.064 111.368 208 190.046 115.238 106.137 103.294 99.2932
threshold=0.1122730001807213 0.44424292445182806 0 81.500000000000014 1 28.69999980926514 0.85719957947731029 4.5000000000000009 2 41.500000000000007 4.5000000000000009 3 4.5000000000000009 41.500000000000007 4.5000000000000009 80.500000000000014 46.500000000000007 55.500000000000007 74.500000000000014 4 43.500000000000007 5 37.500000000000007 43.500000000000007 57.500000000000007 46.500000000000007 73.500000000000014 44.500000000000007 43.500000000000007 6
decision_type=2 2 1 2 1 2 2 2 1 2 2 1 2 2 2 2 2 2 2 1 2 1 2 2 2 2 2 2 2 1
left_child=2 4 3 9 5 13 11 8 27 -1 -11 29 28 19 15 -15 -6 -18 -19 -2 -10 22 -14 -4 25 -25 -26 -7 -13 -3
right_child=1 6 23 -5 16 7 -8 -9 20 10 -12 12 21 14 -16 -17 17 18 -20 -21 -22 -23 -24 24 26 -27 -28 -29 -30 -31
leaf_value=0 0 0.00090793892944527341 0 0 0 0 0.0030591742363120511 0.005451063820531666 -0.00057211258696720092 0 2.6829845492867193e-05 0 -0.00031900191476733042 0 -0.00039615047902752458 0 0 0 0 0 0.010780237451340425 -0.0020303694771130901 0.0033093484000478179 0 0 0 0 0 0 -0.00024819256690181016
leaf_weight=16754 10085 41125 99396 32970 6053 6373 103584 15337 3795 15987 3991 5292 540 38143 13217 5917 36522 15856 29136 29672 15081 3635 14405 18686 112585 16059 47083 25072 51067 14374
leaf_count=16754 10085 41125 99396 32970 6053 6373 103584 15337 3795 15987 3991 5292 540 38143 13217 5917 36522 15856 29136 29672 15081 3635 14405 18686 112585 16059 47083 25072 51067 14374
internal_value=-0.0128527 -0.00562788 -0.0224779 -0.0175856 -0.00996378 -0.00807876 -0.000991146 -0.00412059 -0.00617386 -0.0116166 -0.00811643 -0.00314287 -0.0048036 -0.0107571 -0.00891763 -0.0110713 -0.013466 -0.0128843 -0.0151105 -0.0134071 -0.00156995 0.000261033 0.0023001 -0.0236386 -0.0229425 -0.0194366 -0.0237054 -0.00893419 -0.00647412 -0.000899404
internal_weight=847792 484281 363511 69702 250259 162692 234022 65658 50321 36732 19978 130438 74939 97034 57277 44060 87567 81514 44992 39757 18876 18580 14945 293809 194413 34745 159668 31445 56359 55499
internal_count=847792 484281 363511 69702 250259 162692 234022 65658 50321 36732 19978 130438 74939 97034 57277 44060 87567 81514 44992 39757 18876 18580 14945 293809 194413 34745 159668 31445 56359 55499
cat_boundaries=0 1 2 3 4 5 6 7
cat_threshold=1 1 7372320 852383 360723 1 1
is_linear=0
shrinkage=0.05


Tree=55
num_leaves=31
num_cat=8
split_feature=18 18 2 3 2 7 18 5 0 3 5 0 5 3 5 3 18 0 2 17 3 3 3 3 7 2 3 0 3 3
split_gain=23605.1 3822.54 828.791 1108.53 659.395 693.301 557.123 340.474 251.219 214.469 219.551 191.606 244.209 182.994 348.205 357.401 171.097 144.813 129.321 119.277 117.926 117.05 116.917 108.307 102.427 98.0841 131.79 97.9725 96.2354 193.473
threshold=0.14271402359008792 0.44424292445182806 0 81.500000000000014 1 28.69999980926514 0.88952472805976879 1.0000000180025095e-35 2 41.500000000000007 1.0000000180025095e-35 3 1.0000000180025095e-35 41.500000000000007 1.0000000180025095e-35 80.500000000000014 0.18460166454315188 4 5 0.07692307606339456 37.500000000000007 44.500000000000007 43.500000000000007 43.500000000000007 29.800000190734867 6 42.500000000000007 7 43.500000000000007 57.500000000000007
decision_type=2 2 1 2 1 2 2 2 1 2 2 1 2 2 2 2 2 1 1 2 2 2 2 2 2 1 2 1 2 2
left_child=2 4 3 9 5 13 11 8 22 -1 -11 25 23 17 15 27 -6 -2 20 28 -14 -10 -7 -13 -8 26 -3 -15 -4 -30
right_child=1 6 19 -5 16 7 24 -9 21 10 -12 12 18 14 -16 -17 -18 -19 -20 -21 -22 -23 -24 -25 -26 -27 -28 -29 29 -31
leaf_value=0 0 -4.5396946472263672e-05 0 0 0 -0.00054350695761884091 -3.2783098646993468e-05 0.0050739377100523066 0 0 2.5488353218223835e-05 0 -0.00030305181902896394 0 -0.00037634295507614837 0 0 0 -0.0019288510032574356 0 0.0031157034783548367 0 0.010241225578773406 0 0.0029062155244964473 -0.00023578293855671967 0.0081218069300564577 0 0 0
leaf_weight=16859 10052 10206 99340 33021 38695 3382 46623 15401 6842 16041 3979 5293 544 19884 13162 5893 48188 29550 3618 3087 14427 26815 13228 50913 56602 14420 31200 18254 33462 158402
leaf_count=16859 10052 10206 99340 33021 38695 3382 46623 15401 6842 16041 3979 5293 544 19884 13162 5893 48188 29550 3618 3087 14427 26815 13228 50913 56602 14420 31200 18254 33462 158402
internal_value=-0.0128584 -0.0056134 -0.0224707 -0.0175765 -0.00992015 -0.00803983 -0.00102118 -0.00407428 -0.0060671 -0.0116184 -0.00811938 -0.00319072 -0.00484493 -0.0107302 -0.00892111 -0.0110541 -0.0134362 -0.0133428 0.000122384 -0.0236332 0.00217253 -0.00854917 -0.00103189 -0.00648863 0.00172415 -0.000973386 0.000263247 -0.00928339 -0.0237368 -0.0230828
internal_weight=847383 483192 364191 69900 249346 162463 233846 65668 50267 36879 20020 130621 74795 96795 57193 44031 86883 39602 18589 294291 14971 33657 16610 56206 103225 55826 41406 38138 291204 191864
internal_count=847383 483192 364191 69900 249346 162463 233846 65668 50267 36879 20020 130621 74795 96795 57193 44031 86883 39602 18589 294291 14971 33657 16610 56206 103225 55826 41406 38138 291204 191864
cat_boundaries=0 1 2 3 4 5 6 7 8
cat_threshold=1 1 1016223 852383 360723 1 1 7355936
is_linear=0
shrinkage=0.05


Tree=56
num_leaves=31
num_cat=9
split_feature=2 7 17 17 16 0 16 4 7 8 7 0 0 4 0 4 7 8 0 8 7 6 7 0 0 8 7 19 7 8
split_gain=15390.4 4006.37 3322.81 1768.47 1500.5 1112.39 606.193 525.281 363.174 651.519 323.847 307.242 293.321 208.82 207.351 178.199 158.266 153.2 139.532 127.535 123.943 102.286 98.3206 95.8986 93.6864 86.1313 74.3574 69.2183 63.8696 62.0917
threshold=0 28.10000038146973 0.15384615212678912 0.30769230425357824 0.18065268546342853 1 0.40383034944534307 4.5000000000000009 21.500000000000004 1.0000000180025095e-35 26.500000000000004 2 3 4.5000000000000009 4 4.5000000000000009 24.800000190734867 3.4000000059604649 5 3.4000000059604649 30.10000038146973 6 31.500000000000004 7 8 3.4000000059604649 30.10000038146973 0.99864003062248241 30.10000038146973 3.4000000059604649
decision_type=1 2 2 2 2 1 2 2 2 2 2 1 1 2 1 2 2 2 1 2 2 1 2 1 1 2 2 2 2 2
left_child=1 3 4 6 17 7 8 23 -1 10 27 26 -5 -14 19 20 -11 22 -8 -4 -13 -12 -2 -3 -18 -6 -7 -10 -25 -16
right_child=2 5 14 12 25 11 18 -9 9 16 21 15 13 -15 29 -17 24 -19 -20 -21 -22 -23 -24 28 -26 -27 -28 -29 -30 -31
leaf_value=0 0 0 0 0.00019661478866468408 0 0.0031953578064203847 0 0.0026314851121119311 0 0 0 0 0 -0.00076622724389410171 0 0.003172023810933794 0.0055263462913163561 0 0 0.0072283401238310901 0 0 0 0 0 0 0.0044209723941805281 0 0 0
leaf_weight=17649 222201 15217 16325 27276 16561 21369 10286 17907 15140 20177 16306 17405 22986 9323 14504 17117 2912 62988 19499 8959 37068 13115 65428 13715 19643 8638 44881 15122 29665 8228
leaf_count=17649 222201 15217 16325 27276 16561 21369 10286 17907 15140 20177 16306 17405 22986 9323 14504 17117 2912 62988 19499 8959 37068 13115 65428 13715 19643 8638 44881 15122 29665 8228
internal_value=-0.0128556 -0.00611771 -0.0195927 -0.0110359 -0.0211751 -0.00131214 -0.0139332 -0.00614659 -0.0155171 -0.0143756 -0.01775 0.00137142 -0.00374969 -0.00697191 -0.00720697 -0.000899441 -0.00966255 -0.0220221 -0.00754826 -0.00408595 -0.00229793 -0.0140146 -0.0225112 -0.00843772 -0.00678453 -0.00939025 0.00382508 -0.0213816 -0.00723323 -0.0106719
internal_weight=847610 423778 423832 209434 375816 214344 149849 76504 120064 102415 59683 137840 59585 32309 48016 71590 42732 350617 29785 25284 54473 29421 287629 58597 22555 25199 66250 30262 43380 22732
internal_count=847610 423778 423832 209434 375816 214344 149849 76504 120064 102415 59683 137840 59585 32309 48016 71590 42732 350617 29785 25284 54473 29421 287629 58597 22555 25199 66250 30262 43380 22732
cat_boundaries=0 1 2 3 4 5 6 7 8 9
cat_threshold=1 5258784 327711 360723 352279 360467 6 4198400 360467
is_linear=0
shrinkage=0.05


Tree=57
num_leaves=31
num_cat=3
split_feature=18 18 18 18 17 7 4 3 1 3 4 3 3 7 1 3 3 3 3 3 4 3 3 3 1 3 17 4 19 4
split_gain=23574 3732.63 550.432 457.412 340.627 178.552 135.149 300.812 196.829 109.588 106.115 96.6634 106.81 88.7133 88.2533 72.1745 85.6172 70.4725 191.406 86.5937 87.5006 66.8373 62.6666 61.845 61.7706 61.0495 57.1088 54.6644 50.5374 50.1917
threshold=0.1122730001807213 0.44424292445182806 0.85719957947731029 0.24917653203010562 0.19230768829584124 28.69999980926514 4.5000000000000009 36.500000000000007 0 80.500000000000014 4.5000000000000009 46.500000000000007 80.500000000000014 29.800000190734867 1 43.500000000000007 76.500000000000014 83.500000000000014 73.500000000000014 78.500000000000014 4.5000000000000009 47.500000000000007 74.500000000000014 45.500000000000007 2 47.500000000000007 0.28759399056434637 4.5000000000000009 1.0679494142532351 4.5000000000000009
decision_type=2 2 2 2 2 2 2 2 1 2 2 2 2 2 1 2 2 2 2 2 2 2 2 2 1 2 2 2 2 2
left_child=4 3 6 9 17 11 8 -8 15 21 14 24 28 -4 -7 -3 -17 18 -1 22 -21 -2 -20 -10 -5 -16 -12 -11 -13 -15
right_child=1 2 13 5 -6 10 7 -9 23 27 26 12 -14 29 25 16 -18 -19 19 20 -22 -23 -24 -25 -26 -27 -28 -29 -30 -31
leaf_value=0 0 -4.3127099148650487e-05 0.00011374917720348155 0 0 0 -4.3127099148650487e-05 0.0011965088219127119 0 0 0 0 0 0.0017949589784413856 0 0.0090344799875572753 -0.00015883712296824566 0 0 0 0 0 0 0 0 0 0.003063042748869549 0 0 0.02189761946868142
leaf_weight=274543 31778 7346 46615 16685 2993 24832 1486 31035 8456 7599 11133 33077 7985 42058 6851 25993 6025 44692 4932 23918 4776 54457 7955 50087 11718 22552 5884 1783 13904 14713
leaf_count=274543 31778 7346 46615 16685 2993 24832 1486 31035 8456 7599 11133 33077 7985 42058 6851 25993 6025 44692 4932 23918 4776 54457 7955 50087 11718 22552 5884 1783 13904 14713
internal_value=-0.0128696 -0.00564165 -0.00109938 -0.00988579 -0.0224865 -0.00820474 -0.00325927 -0.000466622 -0.00418688 -0.0126042 -0.00636684 -0.00977552 -0.00855165 0.00162546 -0.00744768 -0.00145147 -0.000426323 -0.0226258 -0.0223631 -0.0192017 -0.0207308 -0.0120459 -0.0157969 -0.00602488 -0.012144 -0.00930286 -0.00292208 -0.0177361 -0.00764298 0.00295265
internal_weight=847861 484052 233814 250238 363809 154621 130428 32521 97907 95617 71252 83369 54966 103386 54235 39364 32018 360816 316124 41581 28694 86235 12887 58543 28403 29403 17017 9382 46981 56771
internal_count=847861 484052 233814 250238 363809 154621 130428 32521 97907 95617 71252 83369 54966 103386 54235 39364 32018 360816 316124 41581 28694 86235 12887 58543 28403 29403 17017 9382 46981 56771
cat_boundaries=0 1 2 3
cat_threshold=1 3 3
is_linear=0
shrinkage=0.05


Tree=58
num_leaves=31
num_cat=6
split_feature=18 18 2 3 2 7 18 5 1 3 5 1 5 3 5 3 3 3 3 2 3 17 3 3 3 3 3 1 8 3
split_gain=23520.9 3720.98 830.987 1124.8 681.567 753.939 488.493 323.613 251.938 217.782 223.615 188.58 212.167 181.146 358.494 349.528 157.747 202.552 195.979 140.574 169.518 122.005 118.403 97.1237 189.147 174.525 95.1498 89.1783 88.546 86.297
threshold=0.14271402359008792 0.44424292445182806 0 81.500000000000014 1 28.69999980926514 1.0000126361846926 1.0000000180025095e-35 2 41.500000000000007 1.0000000180025095e-35 3 1.0000000180025095e-35 41.500000000000007 1.0000000180025095e-35 80.500000000000014 46.500000000000007 55.500000000000007 74.500000000000014 4 37.500000000000007 0.07692307606339456 44.500000000000007 43.500000000000007 57.500000000000007 46.500000000000007 73.500000000000014 5 3.4000000059604649 80.500000000000014
decision_type=2 2 1 2 1 2 2 2 1 2 2 1 2 2 2 2 2 2 2 1 2 2 2 2 2 2 2 1 2 2
left_child=2 4 3 9 5 13 11 8 -7 -1 29 -3 -13 27 15 -15 -6 -18 -19 20 -14 23 -10 -4 25 -25 -26 -2 -20 -11
right_child=1 6 21 -5 16 7 -8 -9 22 10 -12 12 19 14 -16 -17 17 18 28 -21 -22 -23 -24 24 26 -27 -28 -29 -30 -31
leaf_value=0 0 -4.0970744191217963e-05 0 0 0 0 0.0024501081796405311 0.0045355144315006148 0 0 2.4213935557312644e-05 0 -0.00028574287312008319 0 -0.00035752580732234095 0 0 0 0 -0.0022808521154811705 0.0028120130066397742 0 0 0 0 0 0 0 0 0
leaf_weight=16736 21664 64817 99295 33136 5955 19340 78889 15359 6233 14165 4042 67339 812 38090 13236 5861 36467 15779 19855 4861 17100 3124 24595 18365 112539 15156 46055 17928 8888 1871
leaf_count=16736 21664 64817 99295 33136 5955 19340 78889 15359 6233 14165 4042 67339 812 38090 13236 5861 36467 15779 19855 4861 17100 3124 24595 18365 112539 15156 46055 17928 8888 1871
internal_value=-0.0128724 -0.0056372 -0.0224615 -0.0175625 -0.00988746 -0.00797383 -0.00110642 -0.00383239 -0.00577659 -0.0115472 -0.00803616 -0.00273722 -0.00421651 -0.0107779 -0.008978 -0.0111505 -0.0134598 -0.0128823 -0.0151453 -4.50094e-05 0.00200145 -0.0236249 -0.00858194 -0.0237303 -0.0230741 -0.0196616 -0.0237954 -0.0133777 -0.0126874 -0.0106853
internal_weight=847552 483068 364484 69950 249250 162306 233818 65527 50168 36814 20078 154929 90112 96779 57187 43951 86944 80989 44522 22773 17912 294534 30828 291410 192115 33521 158594 39592 28743 16036
internal_count=847552 483068 364484 69950 249250 162306 233818 65527 50168 36814 20078 154929 90112 96779 57187 43951 86944 80989 44522 22773 17912 294534 30828 291410 192115 33521 158594 39592 28743 16036
cat_boundaries=0 1 2 3 4 5 6
cat_threshold=1 1 3 1 1 3
is_linear=0
shrinkage=0.05


Tree=59
num_leaves=31
num_cat=8
split_feature=18 18 2 3 2 7 0 0 4 4 3 4 3 4 3 18 18 3 0 2 3 3 3 3 3 3 0 2 3 3
split_gain=23617.2 3687.48 825.591 1108.89 694.609 751.672 528.698 353.224 273.499 270.418 213.368 216.912 187.335 341.058 352.992 173.751 171.531 149.952 144.204 132.907 116.381 109.49 200.818 187.077 115.556 97.9094 89.7159 88.6943 110.797 83.3019
threshold=0.11947405338287355 0.44424292445182806 0 81.500000000000014 1 28.69999980926514 2 3 4.5000000000000009 4.5000000000000009 41.500000000000007 4.5000000000000009 41.500000000000007 4.5000000000000009 80.500000000000014 0.18460166454315188 1.0000126361846926 45.500000000000007 4 5 44.500000000000007 43.500000000000007 57.500000000000007 46.500000000000007 73.500000000000014 37.500000000000007 6 7 41.500000000000007 80.500000000000014
decision_type=2 2 1 2 1 2 1 1 2 2 2 2 2 2 2 2 2 2 1 1 2 2 2 2 2 2 1 1 2 2
left_child=2 4 3 10 5 12 16 -7 20 17 -1 29 18 14 26 -6 27 -8 -2 25 -9 -4 23 -23 -24 -11 -14 28 -3 -12
right_child=1 6 21 -5 15 7 9 8 -10 19 11 -13 13 -15 -16 -17 -18 -19 -20 -21 -22 22 24 -25 -26 -27 -28 -29 -30 -31
leaf_value=0 0 -3.8922206981657065e-05 0 0 0 0.0031924218355048107 0 0 0.0043087387099255857 -0.00027145572946407902 0 2.3003238779447014e-05 0 -0.0003396495169562239 0 0 0.0023482869777874116 0 0 -0.0021307519699784974 0 0 0 0 0 0.0026560954590944597 0 -0.00060851258513654844 0.0019101138118679418 0
leaf_weight=16698 10059 11392 99559 33101 39034 21361 7265 6793 10630 430 14126 3962 21994 13281 5880 48201 60701 65852 29732 4801 26819 18650 112723 16099 47237 19953 16177 17242 45953 1837
leaf_count=16698 10059 11392 99559 33101 39034 21361 7265 6793 10630 430 14126 3962 21994 13281 5880 48201 60701 65852 29732 4801 26819 18650 112723 16099 47237 19953 16177 17242 45953 1837
internal_value=-0.012872 -0.00563054 -0.0224921 -0.0176001 -0.00985144 -0.0079216 -0.00111382 -0.00378679 -0.00633531 -0.00390419 -0.0116054 -0.00811167 -0.0107145 -0.00888509 -0.0110026 -0.0134513 0.000913909 -0.00544367 -0.0133504 0.00056385 -0.00854754 -0.0236512 -0.0229616 -0.0195164 -0.02371 0.00232669 -0.00924589 -0.000692145 0.000253291 -0.0107107
internal_weight=847542 483550 363992 69724 249961 162726 233589 65603 44242 98301 36623 19925 97123 57332 44051 87235 135288 73117 39791 25184 33612 294268 194709 34749 159960 20383 38171 74587 57345 15963
internal_count=847542 483550 363992 69724 249961 162726 233589 65603 44242 98301 36623 19925 97123 57332 44051 87235 135288 73117 39791 25184 33612 294268 194709 34749 159960 20383 38171 74587 57345 15963
cat_boundaries=0 1 2 3 4 5 6 7 8
cat_threshold=1 1 491679 1016223 360723 1 7356064 1
is_linear=0
shrinkage=0.05


Tree=60
num_leaves=31
num_cat=6
split_feature=18 18 0 18 17 4 3 4 18 3 0 3 3 0 0 17 3 3 0 3 3 3 3 3 3 3 3 7 3 0
split_gain=23364 3735.43 512.578 456.633 339.041 256.284 177.253 179.803 173.024 148.494 138.096 122.682 111.241 101.588 92.4237 90.7777 86.2796 79.0983 77.2299 72.6416 69.6064 165.568 101.643 60.2396 58.9105 98.9128 69.7172 56.2713 55.3457 51.2964
threshold=0.1122730001807213 0.44424292445182806 0 0.24917653203010562 0.19230768829584124 4.5000000000000009 41.500000000000007 4.5000000000000009 1.0000126361846926 80.500000000000014 1 45.500000000000007 80.500000000000014 2 3 0.28759399056434637 36.500000000000007 40.500000000000007 4 47.500000000000007 44.500000000000007 56.500000000000007 46.500000000000007 79.500000000000014 83.500000000000014 73.500000000000014 80.500000000000014 28.10000038146973 55.500000000000007 5
decision_type=2 2 1 2 2 2 2 2 2 2 1 2 2 1 1 2 2 2 1 2 2 2 2 2 2 2 2 2 2 1
left_child=4 3 8 12 14 11 13 9 17 10 -8 -4 19 -5 20 -9 -7 -3 28 -2 -1 22 -22 -19 25 -23 -27 -10 -13 -21
right_child=1 2 5 6 -6 16 7 15 27 -11 -12 18 -14 -15 -16 -17 -18 23 -20 29 21 24 -24 -25 -26 26 -28 -29 -30 -31
leaf_value=0 0 -3.6976096632574209e-05 0 0 0 -0.00025788294299087508 0 0 0.0021866573679596604 0 0 0 0 0 0 -0.00071365387012511201 0.001893358371883891 0.00096869366704688264 0 0 0 0 0 -0.0001167873564728835 0 0 0 0.0022308726288980396 0 0
leaf_weight=58907 31855 9613 7992 6368 3009 358 44358 19652 19094 6361 45981 18549 9322 21611 193284 10234 25695 56355 25567 9910 5891 54043 8976 4087 17176 12349 9767 41131 25407 44692
leaf_count=58907 31855 9613 7992 6368 3009 358 44358 19652 19094 6361 45981 18549 9322 21611 193284 10234 25695 56355 25567 9910 5891 54043 8976 4087 17176 12349 9767 41131 25407 44692
internal_value=-0.0129061 -0.00571437 -0.00117042 -0.0099589 -0.0224883 -0.00379569 -0.00827791 -0.00748187 0.000916801 -0.00852947 -0.00800955 -0.00523802 -0.0126716 -0.0118794 -0.0226279 -0.00409222 0.000494185 -0.000772607 -0.0045636 -0.0121121 -0.0217466 -0.020995 -0.0160944 -0.000102578 -0.0217756 -0.021179 -0.0183623 0.00288211 -0.00329004 -0.0110051
internal_weight=847594 484192 233848 250344 363402 103568 154565 126586 130280 96700 90339 77515 95779 27979 360393 29886 26053 70055 69523 86457 167109 108202 14867 60442 93335 76159 22116 60225 43956 54602
internal_count=847594 484192 233848 250344 363402 103568 154565 126586 130280 96700 90339 77515 95779 27979 360393 29886 26053 70055 69523 86457 167109 108202 14867 60442 93335 76159 22116 60225 43956 54602
cat_boundaries=0 1 2 3 4 5 6
cat_threshold=360607 7355936 327699 5906312 2777408 299025
is_linear=0
shrinkage=0.05


Tree=61
num_leaves=31
num_cat=7
split_feature=18 18 2 2 7 7 0 4 0 4 18 18 0 2 18 19 4 7 2 7 7 8 7 19 8 4 7 7 7 19
split_gain=23315.1 3730.05 830.175 657.869 698.127 555.968 519.954 347.922 261.007 254.591 177.383 167.084 148.466 129.465 110.784 96.5296 134.891 89.3659 84.1175 88.6526 77.085 177.112 139.2 71.444 71.4436 71.2595 58.131 57.8643 57.7384 57.1611
threshold=0.1122730001807213 0.44424292445182806 0 1 28.69999980926514 27.10000038146973 2 4.5000000000000009 3 4.5000000000000009 1.0000126361846926 0.18460166454315188 4 5 0.97691634297370922 1.000000059604645 4.5000000000000009 29.800000190734867 6 28.10000038146973 19.69999980926514 1.0000000180025095e-35 21.500000000000004 0.99999997019767772 3.4000000059604649 4.5000000000000009 30.10000038146973 26.500000000000004 30.10000038146973 1.0380678772926333
decision_type=2 2 1 1 2 2 1 2 1 2 2 2 1 1 2 2 2 2 1 2 2 2 2 2 2 2 2 2 2 2
left_child=2 3 5 4 12 20 10 8 28 14 18 -5 29 -11 -8 23 -17 -7 19 -3 -1 27 -23 -14 -13 -24 -12 -22 -6 -2
right_child=1 6 -4 11 7 17 9 -9 -10 13 26 24 15 -15 -16 16 -18 -19 -20 -21 21 22 25 -25 -26 -27 -28 -29 -30 -31
leaf_value=0 0 -3.5127291800945499e-05 0 0 -0.0016108126043144261 0 0 0.0041289844679355649 0 0.002373418330913857 0.0025383835122388511 0 0 -0.002118882290073767 -0.00034090784752730685 0 -0.00032266704110841269 0 -0.00062652163923206518 0.002149622840996446 0 0 0 0 0 0 0.0020986447903242333 0 0.0093484945883504696 0
leaf_weight=7280 22299 25897 294178 39226 4519 10968 52319 15380 36821 20416 28418 34676 25842 4763 20683 15146 5575 7111 17291 31481 22584 6285 7632 21440 13557 2317 32182 5540 8905 6648
leaf_count=7280 22299 25897 294178 39226 4519 10968 52319 15380 36821 20416 28418 34676 25842 4763 20683 15146 5575 7111 17291 31481 22584 6285 7632 21440 13557 2317 32182 5540 8905 6648
internal_value=-0.0129215 -0.00572625 -0.0224814 -0.00996984 -0.00808873 -0.0175757 -0.0011812 -0.00410629 -0.00612051 -0.00395072 0.000829212 -0.0134666 -0.0107844 0.000384249 -0.00544643 -0.0120628 -0.00921891 -0.0100296 -0.000801872 0.000119384 -0.0202177 -0.0194351 -0.0152766 -0.0133116 -0.0114958 -0.0115966 0.00283911 -0.0218354 -0.000148876 -0.00777446
internal_weight=847379 483484 363895 250034 162575 69717 233450 65625 50245 98181 135269 87459 96950 25179 73002 68003 20721 18079 74669 57378 51638 44358 16234 47282 48233 9949 60600 28124 13424 28947
internal_count=847379 483484 363895 250034 162575 69717 233450 65625 50245 98181 135269 87459 96950 25179 73002 68003 20721 18079 74669 57378 51638 44358 16234 47282 48233 9949 60600 28124 13424 28947
cat_boundaries=0 1 2 3 4 5 6 7
cat_threshold=1 1 491679 885151 360735 1 1
is_linear=0
shrinkage=0.05


Tree=62
num_leaves=31
num_cat=8
split_feature=2 3 16 3 0 3 3 3 0 4 3 8 3 7 0 4 3 3 0 8 0 21 0 7 3 4 4 3 4 0
split_gain=15039 5233.92 2844.17 2470.04 1290.4 991.321 2052.97 885.473 643.178 620.448 442.105 411.365 327.804 312.177 221.331 216.624 374.056 216.02 214.169 182.392 172.397 171.959 161.648 139.167 135.787 375.055 117.394 104.792 100.356 99.152
threshold=0 80.500000000000014 0.19109055399894717 43.500000000000007 1 45.500000000000007 56.500000000000007 74.500000000000014 2 4.5000000000000009 84.500000000000014 3.4000000059604649 47.500000000000007 28.400000572204593 3 4.5000000000000009 82.500000000000014 78.500000000000014 4 3.4000000059604649 5 4.1990888118743905 6 28.69999980926514 38.500000000000007 4.5000000000000009 4.5000000000000009 55.500000000000007 4.5000000000000009 7
decision_type=1 2 2 2 1 2 2 2 1 2 2 2 2 2 1 2 2 2 1 2 1 2 1 2 2 2 2 2 2 1
left_child=1 3 5 8 9 -2 12 -8 -1 20 11 17 28 18 -14 -3 -17 -9 -6 29 -5 -19 -15 -22 -10 -26 -20 -11 -7 -4
right_child=2 15 19 4 13 6 7 10 24 27 -12 -13 14 22 -16 16 -18 21 26 -21 23 -23 -24 -25 25 -27 -28 -29 -30 -31
leaf_value=0 0 0 0 0 0.0037805751566227399 0 0 0 0 0.0031769660573315707 0 0 0 0.0010598729257255857 0 0.0117282670868265 0 0 0 0 0 0 0.004885853687059522 0 0 0 0.0025009053200322155 -0.0008667135112645438 0 0
leaf_weight=34840 115722 36266 15520 19832 25577 10309 131174 16403 37584 10930 18127 12987 17759 37901 31159 2432 5509 20545 25596 15648 29142 4426 59625 46041 19871 7185 8522 16979 3945 9892
leaf_count=34840 115722 36266 15520 19832 25577 10309 131174 16403 37584 10930 18127 12987 17759 37901 31159 2432 5509 20545 25596 15648 29142 4426 59625 46041 19871 7185 8522 16979 3945 9892
internal_value=-0.0129144 -0.00625531 -0.0195768 -0.00435924 -0.00195586 -0.020919 -0.0192429 -0.0216854 -0.0111274 -0.00579335 -0.0172504 -0.0149956 -0.0113682 0.0010448 -0.00942393 -0.0225377 -0.0150579 -0.0174324 -0.00180291 -0.00707136 -0.00771904 -0.0203606 0.00278797 -0.00662196 -0.0140789 -0.0113801 -0.00439522 0.000760507 -0.0180406 -0.00968637
internal_weight=847448 423832 423616 379625 280145 382556 266834 203662 99480 122924 72488 54361 63172 157221 48918 44207 7941 41374 59695 41060 95015 24971 97526 75183 64640 27056 34118 27909 14254 25412
internal_count=847448 423832 423616 379625 280145 382556 266834 203662 99480 122924 72488 54361 63172 157221 48918 44207 7941 41374 59695 41060 95015 24971 97526 75183 64640 27056 34118 27909 14254 25412
cat_boundaries=0 1 2 3 4 5 6 7 8
cat_threshold=1 7487008 360727 2449431 327699 4198400 573760 2449431
is_linear=0
shrinkage=0.05


Tree=63
num_leaves=31
num_cat=8
split_feature=18 18 2 3 2 7 0 4 0 4 3 4 3 4 3 18 18 0 2 3 3 3 3 3 3 3 3 0 2 3
split_gain=23217.6 3631.52 813.625 1100.36 655.834 693.475 504.851 332.908 254.882 234.714 210.972 199.846 181.193 348.054 355.542 165.96 164.004 137.892 133.687 130.051 120.174 119.407 111.066 278.955 115.618 114.84 96.4841 93.8638 89.7566 135.324
threshold=0.1122730001807213 0.44424292445182806 0 81.500000000000014 1 28.69999980926514 2 4.5000000000000009 3 4.5000000000000009 41.500000000000007 4.5000000000000009 41.500000000000007 4.5000000000000009 80.500000000000014 1.0000126361846926 0.18460166454315188 4 5 45.500000000000007 44.500000000000007 43.500000000000007 44.500000000000007 57.500000000000007 46.500000000000007 73.500000000000014 37.500000000000007 6 7 41.500000000000007
decision_type=2 2 1 2 1 2 1 2 1 2 2 2 2 2 2 2 2 1 1 2 2 2 2 2 2 2 2 1 1 2
left_child=2 4 3 10 5 12 15 8 21 19 -1 -12 17 14 27 28 -6 -2 26 -8 -10 -7 -4 24 -24 -25 -11 -14 29 -3
right_child=1 6 22 -5 16 7 9 -9 20 18 11 -13 13 -15 -16 -17 -18 -19 -20 -21 -22 -23 23 25 -26 -27 -28 -29 -30 -31
leaf_value=0 0 -3.3370927210898224e-05 0 0 0 -0.00075517996161843736 0 0.003763686941672212 0 -0.00036365971238702416 0 6.5188752403701856e-05 0 -0.0002793313655451855 0 0.0017701040735839558 0 0 -0.0020129381755700786 0 0 0.0086367771745799685 0 0 0 0 0.0021511035481332707 0 -0.00063862081433228152 0.0028892367677736566
leaf_weight=16704 11994 11043 106810 33147 39311 3384 8058 15353 6844 452 15977 3971 22002 13242 5911 60252 48266 27782 4902 69407 26739 13273 11204 112561 16064 47180 20641 16249 16638 42354
leaf_count=16704 11994 11043 106810 33147 39311 3384 8058 15353 6844 452 15977 3971 22002 13242 5911 60252 48266 27782 4902 69407 26739 13273 11204 112561 16064 47180 20641 16249 16638 42354
internal_value=-0.0129402 -0.00576873 -0.0224879 -0.0176353 -0.00995327 -0.00807612 -0.00128697 -0.00410372 -0.00607285 -0.00389437 -0.0116651 -0.0081938 -0.0107574 -0.00896018 -0.0110921 0.000783786 -0.0134422 -0.013351 0.000216388 -0.00527432 -0.00857991 -0.00101248 -0.0236407 -0.022906 -0.018232 -0.0237038 0.00194496 -0.00932851 -0.00087135 0.000127816
internal_weight=847715 484097 363618 69799 250350 162773 233747 65593 50240 103460 36652 19948 97180 57404 44162 130287 87577 39776 25995 77465 33583 16657 293819 187009 27268 159741 21093 38251 70035 53397
internal_count=847715 484097 363618 69799 250350 162773 233747 65593 50240 103460 36652 19948 97180 57404 44162 130287 87577 39776 25995 77465 33583 16657 293819 187009 27268 159741 21093 38251 70035 53397
cat_boundaries=0 1 2 3 4 5 6 7 8
cat_threshold=1 1 360607 1016223 360727 1 7356064 1
is_linear=0
shrinkage=0.05


Tree=64
num_leaves=31
num_cat=7
split_feature=18 18 2 3 2 7 18 4 1 3 3 4 4 3 4 3 1 18 3 2 3 3 3 3 1 3 3 3 1 3
split_gain=23332.3 3732.35 820.176 1108.17 655.657 695.988 455.742 325.563 208.317 205.928 205.529 202.111 182.015 176.769 355.462 350.552 169.207 163.634 135.326 151.826 110.566 278.053 120.22 114.836 90.3984 82.3704 82.1885 80.6629 75.9941 70.5502
threshold=0.1122730001807213 0.44424292445182806 0 81.500000000000014 1 28.69999980926514 1.0000126361846926 4.5000000000000009 2 44.500000000000007 41.500000000000007 4.5000000000000009 4.5000000000000009 41.500000000000007 4.5000000000000009 80.500000000000014 3 0.18460166454315188 36.500000000000007 4 44.500000000000007 57.500000000000007 46.500000000000007 73.500000000000014 5 46.500000000000007 84.500000000000014 80.500000000000014 6 45.500000000000007
decision_type=2 2 1 2 1 2 2 2 1 2 2 2 2 2 2 2 1 2 2 1 2 2 2 2 1 2 2 2 1 2
left_child=2 4 3 10 5 13 8 9 -3 -7 -1 27 29 24 15 28 -11 -6 -14 -20 -4 22 -22 -23 -2 -19 -25 -12 -15 -10
right_child=1 6 20 -5 17 7 -8 -9 12 16 11 -13 18 14 -16 -17 -18 25 19 -21 21 23 -24 26 -26 -27 -28 -29 -30 -31
leaf_value=0 0 -3.1702380850353312e-05 0 0 0 0 0.0016609146627758532 0.0035755025945886035 0 0 0 6.1929314783516754e-05 -0.00034547672676767295 0 -0.00026536479726792624 0 0 0 0.0020588652679399302 -0.0019483488065201891 0 0 0 0 0 0 0 0 0 0
leaf_weight=16717 21814 65027 106894 33018 39239 10773 78587 15286 9320 14883 14140 4019 672 9106 13283 5875 24663 2264 17244 4779 11199 112763 16040 30300 18036 45914 16893 1822 29022 58150
leaf_count=16717 21814 65027 106894 33018 39239 10773 78587 15286 9320 14883 14140 4019 672 9106 13283 5875 24663 2264 17244 4779 11199 112763 16040 30300 18036 45914 16893 1822 29022 58150
internal_value=-0.0129226 -0.00573045 -0.0224896 -0.0176136 -0.0099753 -0.00809922 -0.00118819 -0.00412049 -0.00275916 -0.00606183 -0.0116341 -0.00821155 -0.00431467 -0.0107864 -0.00900744 -0.0111714 -0.00439235 -0.0134679 -0.000441727 0.000232711 -0.0236455 -0.0229129 -0.0182431 -0.0237081 -0.0133438 -0.0115156 -0.0216372 -0.0107349 -0.00941959 -0.00561805
internal_weight=847742 483937 363805 69716 250158 162741 233779 65605 155192 50319 36698 19981 90165 97136 57286 44003 39546 87417 22695 22023 294089 187195 27239 159956 39850 48178 47193 15962 38128 67470
internal_count=847742 483937 363805 69716 250158 162741 233779 65605 155192 50319 36698 19981 90165 97136 57286 44003 39546 87417 22695 22023 294089 187195 27239 159956 39850 48178 47193 15962 38128 67470
cat_boundaries=0 1 2 3 4 5 6 7
cat_threshold=1 1 1 3 1 3 1
is_linear=0
shrinkage=0.05


Tree=65
num_leaves=31
num_cat=9
split_feature=18 18 2 3 2 7 0 4 0 3 4 4 3 4 3 18 3 0 0 2 3 17 3 3 2 0 3 3 3 3
split_gain=23324.3 3667.35 824.116 1105.43 648.84 681.758 535.913 321.345 256.858 218.822 220.599 193.166 185.124 343.026 359.509 167.658 161.375 136.436 129.268 129.099 121.94 117.802 116.329 114.768 109.73 99.3715 96.9469 186.808 170.709 95.1644
threshold=0.14271402359008792 0.44424292445182806 0 81.500000000000014 1 28.69999980926514 2 4.5000000000000009 3 39.500000000000007 4.5000000000000009 4.5000000000000009 41.500000000000007 4.5000000000000009 80.500000000000014 0.18460166454315188 41.500000000000007 4 5 6 37.500000000000007 0.07692307606339456 44.500000000000007 43.500000000000007 7 8 43.500000000000007 57.500000000000007 46.500000000000007 73.500000000000014
decision_type=2 2 1 2 1 2 1 2 1 2 2 2 2 2 2 2 2 1 1 1 2 2 2 2 1 1 2 2 2 2
left_child=2 4 3 9 5 12 16 8 23 -1 -11 17 18 14 25 -6 -3 -8 -2 20 -13 26 -10 -7 -18 -14 -4 28 -28 -29
right_child=1 6 21 -5 15 7 11 -9 22 10 -12 19 13 -15 -16 -17 24 -19 -20 -21 -22 -23 -24 -25 -26 -27 27 29 -30 -31
leaf_value=0 0 -3.0117261807835648e-05 0 0 0 -0.00071742096353751548 0 0.0033967274648591728 0 0 5.8832849044340919e-05 -0.00065222036623361268 0 -0.00025209655740452997 0 0 0.0018106928113494737 0 0 -0.0018509313661941797 0.0019135781723885138 0 0 0.0082049383158509688 -0.00056167939751133021 0 0 0 0 0
leaf_weight=14930 11993 11717 99376 33098 38803 3373 51812 15296 6835 17505 4561 619 14306 13294 5879 48244 79871 38189 27653 5091 24002 3091 26729 13200 22540 23811 18204 112726 15190 46049
leaf_count=14930 11993 11717 99376 33098 38803 3373 51812 15296 6835 17505 4561 619 14306 13294 5879 48244 79871 38189 27653 5091 24002 3091 26729 13200 22540 23811 18204 112726 15190 46049
internal_value=-0.0129248 -0.00572071 -0.0224699 -0.0175971 -0.00993822 -0.00807097 -0.0012223 -0.0041275 -0.00606289 -0.011658 -0.00849497 -0.00355926 -0.0107329 -0.00891517 -0.0110419 -0.0134212 0.00122921 -0.00471356 -0.0133595 -6.39472e-05 0.00143475 -0.0236292 -0.00857658 -0.000966351 0.00186528 -0.00926686 -0.0237321 -0.0230764 -0.0196772 -0.0237914
internal_weight=847987 483257 364730 70094 249416 162369 233841 65433 50137 36996 22066 119713 96936 57290 43996 87047 114128 90001 39646 29712 24621 294636 33564 16573 102411 38117 291545 192169 33394 158775
internal_count=847987 483257 364730 70094 249416 162369 233841 65433 50137 36996 22066 119713 96936 57290 43996 87047 114128 90001 39646 29712 24621 294636 33564 16573 102411 38117 291545 192169 33394 158775
cat_boundaries=0 1 2 3 4 5 6 7 8 9
cat_threshold=1 1 327711 1016223 2802112 360727 1 1 508255
is_linear=0
shrinkage=0.05


Tree=66
num_leaves=31
num_cat=7
split_feature=2 3 17 3 16 0 5 0 3 3 3 0 3 17 3 7 0 7 0 7 17 0 5 8 7 3 5 8 3 5
split_gain=14763.1 5191.44 3362.38 2417.04 1596.74 1282.7 653.987 555.101 543.126 1359.86 477.696 307.957 260.59 241.905 239.028 274.871 211.155 201.49 177.374 135.455 134.983 123.634 117.489 112.476 100.475 95.5643 321.765 93.28 93.1879 93.4491
threshold=0 80.500000000000014 0.15384615212678912 42.500000000000007 0.18065268546342853 1 1.0000000180025095e-35 2 45.500000000000007 56.500000000000007 73.500000000000014 3 47.500000000000007 0.18301435559988025 84.500000000000014 22.300000190734867 4 28.400000572204593 5 28.400000572204593 0.40524606406688696 6 1.0000000180025095e-35 3.4000000059604649 28.10000038146973 38.500000000000007 1.0000000180025095e-35 3.4000000059604649 81.500000000000014 1.0000000180025095e-35
decision_type=1 2 2 2 2 1 2 1 2 2 2 1 2 2 2 2 1 2 1 2 2 1 2 2 2 2 2 2 2 2
left_child=1 3 4 7 8 6 18 20 -2 12 -11 24 -10 28 15 -12 23 22 -5 -20 -1 -14 -13 -4 -7 -9 -27 -6 29 -3
right_child=2 13 16 5 27 11 -8 25 9 10 14 17 21 -15 -16 -17 -18 -19 19 -21 -22 -23 -24 -25 -26 26 -28 -29 -30 -31
leaf_value=0 0 0 0 0 0 0.002124288199451979 5.5891206592123871e-05 0 0 0 0 0 0 0 0 0 0 0.0020173532279096243 0 0 -0.00012495949065611565 0 0.0026802118543028108 0.0018420983739899643 0.0026145378889772643 0 0 0 0 -0.00063373961196786692
leaf_weight=19805 115344 4863 16818 20482 16588 28901 28855 37571 11965 122832 7862 22960 10153 1730 17820 41721 21889 47183 28805 48706 11905 22651 7673 9333 54941 16017 5742 8700 36860 712
leaf_count=19805 115344 4863 16818 20482 16588 28901 28855 37571 11965 122832 7862 22960 10153 1730 17820 41721 21889 47183 28805 48706 11905 22651 7673 9333 54941 16017 5742 8700 36860 712
internal_value=-0.0129215 -0.00632217 -0.0195214 -0.00443425 -0.0211143 -0.00219285 -0.00595627 -0.0115372 -0.0219901 -0.0206109 -0.022456 0.000760509 -0.0127706 -0.0225467 -0.0190737 -0.0172887 -0.00706599 -0.00150464 -0.0079049 -0.00680816 -0.0061901 -0.0104667 -0.00466246 -0.00402794 0.00286278 -0.0143916 -0.0117572 -0.00898054 -0.0232939 -0.0172691
internal_weight=847387 423711 423676 379546 375636 288506 126848 91040 350348 235004 190235 161658 44769 44165 67403 49583 48040 77816 97993 77511 31710 32804 30633 26151 83842 59330 21759 25288 42435 5575
internal_count=847387 423711 423676 379546 375636 288506 126848 91040 350348 235004 190235 161658 44769 44165 67403 49583 48040 77816 97993 77511 31710 32804 30633 26151 83842 59330 21759 25288 42435 5575
cat_boundaries=0 1 2 3 4 5 6 7
cat_threshold=1 7487008 360727 327703 352287 4198400 2449431
is_linear=0
shrinkage=0.05


Tree=67
num_leaves=31
num_cat=7
split_feature=18 18 2 3 2 7 0 4 0 4 3 4 3 3 4 4 0 18 3 3 2 3 3 3 3 3 3 2 7 3
split_gain=23407.4 3633.91 810.029 1096.18 662.989 649.938 531.146 322.776 252.814 229.35 204.949 198.071 182.762 263.615 223.499 214.583 192.21 167.2 158.672 130.309 123.875 118.843 113.001 110.695 205.733 188.536 114.161 103.924 101.982 97.4274
threshold=0.1122730001807213 0.44424292445182806 0 81.500000000000014 1 28.69999980926514 2 4.5000000000000009 3 4.5000000000000009 41.500000000000007 4.5000000000000009 80.500000000000014 41.500000000000007 4.5000000000000009 4.5000000000000009 4 0.18460166454315188 41.500000000000007 45.500000000000007 5 43.500000000000007 44.500000000000007 43.500000000000007 57.500000000000007 46.500000000000007 73.500000000000014 6 28.10000038146973 37.500000000000007
decision_type=2 2 1 2 1 2 1 2 1 2 2 2 2 2 2 2 1 2 2 2 1 2 2 2 2 2 2 1 2 2
left_child=2 4 3 10 5 12 18 8 21 19 -1 -12 13 16 -14 -15 -2 -6 -3 -8 29 -7 -10 -4 25 -25 -26 28 -20 -11
right_child=1 6 23 -5 17 7 9 -9 22 20 11 -13 14 15 -16 -17 -18 -19 27 -21 -22 -23 -24 24 26 -27 -28 -29 -30 -31
leaf_value=0 0 -2.8611398717443862e-05 0 0 0 -0.00068154991536063976 0 0.0032240965312866077 0 -0.0002955918721176087 0 5.3096646262517684e-05 0 0 -0.00018615677597480092 -0.00024228628986390968 0 0 -0.00065581417795753955 0 -0.0017223272581558563 0.0076639645056095556 0 0 0 0 0 -0.0005335954276357637 0.0017743591804396054 0.0018421316383805788
leaf_weight=16746 11978 13130 99465 33058 39232 3383 7961 15332 6847 456 15951 3988 5911 38090 1440 11772 27885 48272 30440 69384 4912 13211 26817 18645 112706 16070 47051 23504 63294 20744
leaf_count=16746 11978 13130 99465 33058 39232 3383 7961 15332 6847 456 15951 3988 5911 38090 1440 11772 27885 48272 30440 69384 4912 13211 26817 18645 112706 16070 47051 23504 63294 20744
internal_value=-0.0129088 -0.00570652 -0.0224938 -0.0176494 -0.00989507 -0.0080072 -0.00122517 -0.00416222 -0.00609953 -0.00390004 -0.0116989 -0.00827399 -0.0106051 -0.00998412 -0.0181846 -0.00756087 -0.0130152 -0.0134045 0.000897774 -0.00526828 0.000151271 -0.00104493 -0.00858823 -0.0236432 -0.0229493 -0.0194606 -0.0237074 0.0014816 0.00222705 0.00180896
internal_weight=847675 483995 363680 69743 250170 162666 233825 65590 50258 103457 36685 19939 97076 89725 7351 49862 39863 87504 130368 77345 26112 16594 33664 293937 194472 34715 159757 117238 93734 21200
internal_count=847675 483995 363680 69743 250170 162666 233825 65590 50258 103457 36685 19939 97076 89725 7351 49862 39863 87504 130368 77345 26112 16594 33664 293937 194472 34715 159757 117238 93734 21200
cat_boundaries=0 1 2 3 4 5 6 7
cat_threshold=1 1 360607 1016223 360727 1 1
is_linear=0
shrinkage=0.05


Tree=68
num_leaves=31
num_cat=5
split_feature=18 18 0 18 17 4 0 3 4 3 0 3 3 0 3 3 3 3 3 3 17 3 3 3 3 3 18 0 3 4
split_gain=23357.8 3647.23 547.276 458.287 328.847 190.947 151.176 150.387 142.573 130.757 128.78 110.255 102.676 90.7504 89.5361 73.7305 172.254 99.928 70.4513 62.7268 61.9831 74.308 58.4153 94.0027 68.2366 55.3383 53.7935 50.3859 50.0836 50.0124
threshold=0.1122730001807213 0.44424292445182806 0 0.24917653203010562 0.15384615212678912 4.5000000000000009 1 41.500000000000007 4.5000000000000009 44.500000000000007 2 80.500000000000014 36.500000000000007 3 80.500000000000014 44.500000000000007 56.500000000000007 46.500000000000007 43.500000000000007 47.500000000000007 0.34615384042263037 47.500000000000007 83.500000000000014 73.500000000000014 80.500000000000014 79.500000000000014 0.94961351156234752 4 47.500000000000007 4.5000000000000009
decision_type=2 2 1 2 2 2 1 2 2 2 1 2 2 1 2 2 2 2 2 2 2 2 2 2 2 2 2 1 2 2
left_child=4 3 9 11 13 10 14 -8 25 -3 26 19 -7 15 20 -1 17 -17 -12 -2 21 -5 23 -18 -25 28 -4 -21 -9 -13
right_child=1 2 5 6 -6 12 7 8 -10 -11 18 29 -14 -15 -16 16 22 -19 -20 27 -22 -23 -24 24 -26 -27 -28 -29 -30 -31
leaf_value=0 0 -2.7180828781571672e-05 0 0 0 -0.00028081227851172824 0 0 0 0.0012678894355987458 0 0 0.00071695003187446655 0 0 0 0 0 0 0 0 0 0 0 0 0 -0.00014545894231746402 0 0 0
leaf_weight=59021 31911 18272 32400 12974 3574 468 15937 8936 19168 99649 2669 7571 28746 193283 4318 5887 54007 8918 35564 13729 17995 23809 17218 12300 9686 4307 16054 40652 46941 1774
leaf_count=59021 31911 18272 32400 12974 3574 468 15937 8936 19168 99649 2669 7571 28746 193283 4318 5887 54007 8918 35564 13729 17995 23809 17218 12300 9686 4307 16054 40652 46941 1774
internal_value=-0.0129085 -0.00571083 -0.00122187 -0.00990893 -0.0224787 -0.00366165 -0.00822408 -0.00945734 -0.00856815 0.00117632 -0.00484011 -0.0126287 -0.000166016 -0.0226284 -0.00623287 -0.0217545 -0.0209793 -0.0159693 -0.00700978 -0.0120701 -0.0056875 -0.0068639 -0.0217751 -0.0211793 -0.0184231 -0.00976422 -0.00312603 -0.0110374 -0.00934329 -0.0177876
internal_weight=847738 483844 233822 250022 363894 115901 154385 95289 79352 117921 86687 95637 29214 360320 59096 167037 108016 14805 38233 86292 54778 36783 93211 75993 21986 60184 48454 54381 55877 9345
internal_count=847738 483844 233822 250022 363894 115901 154385 95289 79352 117921 86687 95637 29214 360320 59096 167037 108016 14805 38233 86292 54778 36783 93211 75993 21986 60184 48454 54381 55877 9345
cat_boundaries=0 1 2 3 4 5
cat_threshold=327839 983455 2801984 5906312 655756
is_linear=0
shrinkage=0.05


Tree=69
num_leaves=31
num_cat=8
split_feature=18 18 2 3 2 3 4 3 0 0 3 4 0 4 18 0 2 17 3 3 2 3 3 3 3 17 3 3 8 8
split_gain=23223.5 3551.07 817.096 1107.04 677.272 548.013 608.805 517.522 506.266 294.594 214.06 225.572 213.297 180.578 158.879 141.771 127.837 118.341 113.799 113.055 148.328 96.8236 186.773 170.108 94.2888 85.4837 84.7757 82.0909 78.0946 77.5519
threshold=0.14271402359008792 0.44424292445182806 0 81.500000000000014 1 41.500000000000007 4.5000000000000009 80.500000000000014 2 3 39.500000000000007 4.5000000000000009 4 4.5000000000000009 0.18460166454315188 5 6 0.07692307606339456 37.500000000000007 41.500000000000007 7 43.500000000000007 57.500000000000007 46.500000000000007 73.500000000000014 0.40789474546909338 46.500000000000007 80.500000000000014 1.0000000180025095e-35 3.4000000059604649
decision_type=2 2 1 2 1 2 2 2 1 1 2 2 1 2 2 1 1 2 2 2 1 2 2 2 2 2 2 2 2 2
left_child=2 4 3 10 5 12 7 9 19 -7 -1 -12 25 15 -6 -10 18 21 -15 -3 27 -4 23 -23 -24 -2 -16 -21 -8 -22
right_child=1 8 17 -5 14 6 28 -9 13 -11 11 -13 -14 16 26 -17 -18 -19 -20 20 29 22 24 -25 -26 -27 -28 -29 -30 -31
leaf_value=0 0 -2.5821787342493085e-05 0 0 0 0 0.0034619913709619146 0 0 0 0 5.0441813949391794e-05 0 -0.00060413816406047337 0 0 -0.0017081159365704016 0 0.0016860000531772391 0.0018593852113014788 -0.0012660844952395479 0 0 0 0 -0.0001317213534641247 0 -0.0030404078327971595 -0.00059468122534073566 0.011813338318922173
leaf_weight=14849 10188 11704 99297 33127 38788 46129 15927 5852 51731 36121 17531 4511 33954 631 2257 38196 5104 3096 23997 79050 13216 18261 112582 15205 46051 3799 46008 839 10209 9268
leaf_count=14849 10188 11704 99297 33127 38788 46129 15927 5852 51731 36121 17531 4511 33954 631 2257 38196 5104 3096 23997 79050 13216 18261 112582 15205 46051 3799 46008 839 10209 9268
internal_value=-0.0129473 -0.0057567 -0.0224747 -0.0176198 -0.00990864 -0.00799903 -0.00611618 -0.00810424 -0.00132949 -0.00708207 -0.0116621 -0.00853598 -0.0124857 -0.00360139 -0.0134662 -0.00471855 -0.000223665 -0.023629 0.00126888 0.0010538 0.00158611 -0.0237323 -0.023077 -0.0196827 -0.0237931 -0.0072712 -0.0115513 0.00259579 0.000585399 -0.00200142
internal_weight=847478 482968 364510 70018 249232 162179 114238 88102 233736 82250 36891 22042 47941 119659 87053 89927 29732 294492 24628 114077 102373 291396 192099 33466 158633 13987 48265 79889 26136 22484
internal_count=847478 482968 364510 70018 249232 162179 114238 88102 233736 82250 36891 22042 47941 119659 87053 89927 29732 294492 24628 114077 102373 291396 192099 33466 158633 13987 48265 79889 26136 22484
cat_boundaries=0 1 2 3 4 5 6 7 8
cat_threshold=1 1 327711 7355936 360727 2802112 1 1
is_linear=0
shrinkage=0.05


Tree=70
num_leaves=31
num_cat=9
split_feature=18 18 2 2 7 7 18 4 0 0 4 0 18 17 17 19 4 2 7 7 8 7 19 8 0 7 0 19 13 0
split_gain=23080.9 3479.38 818.095 660.426 633.553 556.1 475.07 325.14 252.061 201.449 202.344 177.97 161.91 142.402 107.469 93.8121 135.64 91.5152 91.1442 74.8061 170.96 131.968 74.5185 73.3951 69.1056 57.9184 55.9533 54.2632 53.4771 49.6405
threshold=0.13445998728275302 0.44424292445182806 0 1 28.69999980926514 27.10000038146973 1.0000126361846926 4.5000000000000009 2 3 4.5000000000000009 4 0.18460166454315188 0.40524606406688696 0.07692307606339456 1.000000059604645 4.5000000000000009 5 29.800000190734867 19.69999980926514 1.0000000180025095e-35 23.800000190734867 0.99999997019767772 3.4000000059604649 6 30.10000038146973 7 0.99864003062248241 1.0178799629211428 8
decision_type=2 2 1 1 2 2 2 2 1 1 2 1 2 2 2 2 2 1 2 2 2 2 2 2 1 2 1 2 2 1
left_child=2 3 5 4 11 19 9 8 25 10 -3 13 -5 -2 -4 22 -17 -12 -7 -1 27 -22 -13 -14 -8 -6 -10 -21 -11 -20
right_child=1 6 14 12 7 18 24 -9 26 28 17 15 23 -15 -16 16 -18 -19 29 20 21 -23 -24 -25 -26 -27 -28 -29 -30 -31
leaf_value=0 0 0 0 0 -0.0027115194019211217 0 0.0011322099103826422 0.00288979213617418 0 0 0.0015863831533050544 0 0 0 0 0 -0.00069815205484762043 -0.0012340919184509096 0.044198670662977745 0 0 0 0 0 -0.0028270476094387166 0.0072807662803290769 0 0 -0.00011728094618743766 0
leaf_weight=7212 21308 45999 291488 38777 4510 11059 61505 15320 8463 59709 12380 25882 34796 7533 3008 15164 5648 3026 1863 15239 11102 5136 21390 13568 17325 8802 28294 13014 33801 5302
leaf_count=7212 21308 45999 291488 38777 4510 11059 61505 15320 8463 59709 12380 25882 34796 7533 3008 15164 5648 3026 1863 15239 11102 5136 21390 13568 17325 8802 28294 13014 33801 5302
internal_value=-0.0129761 -0.00581084 -0.0224768 -0.00991792 -0.00803289 -0.0176152 -0.00142773 -0.00422969 -0.00617997 -0.0030357 -0.00526052 -0.0105987 -0.0134291 -0.00729697 -0.0236312 -0.0119944 -0.00919902 -0.00030183 -0.0101048 -0.0202624 -0.0194966 -0.0154083 -0.0132277 -0.0114993 0.00173221 -0.000281489 -0.00831384 -0.0218464 -0.00157399 -0.00571179
internal_weight=847623 483200 364423 249455 162314 69927 233745 65389 50069 154915 61405 96925 87141 28841 294496 68084 20812 15406 18224 51703 44491 16238 47272 48364 78830 13312 36757 28253 93510 7165
internal_count=847623 483200 364423 249455 162314 69927 233745 65389 50069 154915 61405 96925 87141 28841 294496 68084 20812 15406 18224 51703 44491 16238 47272 48364 78830 13312 36757 28253 93510 7165
cat_boundaries=0 1 2 3 4 5 6 7 8 9
cat_threshold=1 1 885151 7356000 360735 1 885151 4198400 885215
is_linear=0
shrinkage=0.05


Tree=71
num_leaves=31
num_cat=6
split_feature=18 18 2 3 2 3 4 3 18 1 3 4 18 1 3 3 3 3 3 3 3 3 8 17 8 3 1 4 2 17
split_gain=23256.6 3578.66 827.958 1116.74 678.526 548.606 605.008 526.35 359.745 220.464 212.789 192.97 161.827 119.802 110.868 201.994 187.849 114.75 88.6349 85.0608 84.1962 82.6858 78.1299 77.0686 75.9192 71.6122 68.5433 95.581 118.149 64.5241
threshold=0.1122730001807213 0.44424292445182806 0 81.500000000000014 1 41.500000000000007 4.5000000000000009 80.500000000000014 1.0000126361846926 2 41.500000000000007 4.5000000000000009 0.18460166454315188 3 43.500000000000007 57.500000000000007 46.500000000000007 73.500000000000014 47.500000000000007 80.500000000000014 46.500000000000007 78.500000000000014 1.0000000180025095e-35 0.31789474189281469 1.0000000180025095e-35 44.500000000000007 4 4.5000000000000009 5 0.37010796368122106
decision_type=2 2 1 2 1 2 2 2 2 1 2 2 2 1 2 2 2 2 2 2 2 2 2 2 2 2 1 2 1 2
left_child=2 4 3 10 5 13 7 9 18 24 -1 19 -6 23 -4 16 -16 -17 29 -12 -14 -19 -8 -2 -7 -11 -20 -28 -29 -3
right_child=1 8 14 -5 12 6 22 -9 -10 25 11 -13 20 -15 15 17 -18 21 26 -21 -22 -23 -24 -25 -26 -27 27 28 -30 -31
leaf_value=0 0 0 0 0 0 0 0.0031444021956051117 0 0.0010549152077346025 0 0 4.7919723251922206e-05 0 0 0 0 0 0 -4.073478843774625e-05 0 0 0 -0.00056494716407369885 0 0 0 0 0.001576290795850005 -0.0015249480040907216 0
leaf_weight=16665 11507 17666 99533 33000 39197 21171 15934 5882 78837 5301 14148 4007 2240 32299 18674 112509 16046 10757 48101 1786 45959 36327 10287 4251 12558 43481 54109 13039 4601 17534
leaf_count=16665 11507 17666 99533 33000 39197 21171 15934 5882 78837 5301 14148 4007 2240 32299 18674 112509 16046 10757 48101 1786 45959 36327 10287 4251 12558 43481 54109 13039 4601 17534
internal_value=-0.0129233 -0.00574507 -0.0224815 -0.0175782 -0.00990325 -0.0079942 -0.006114 -0.00809255 -0.00129924 -0.00706239 -0.011565 -0.00808009 -0.0134566 -0.0124784 -0.023643 -0.0229479 -0.0194916 -0.0236998 -0.00269752 -0.0105466 -0.0115163 -0.0216273 0.000555852 -0.00888191 -0.00395018 -0.00921155 -0.00204965 -0.00302854 0.000167234 -0.00490341
internal_weight=847406 483954 363452 69606 250067 162671 114614 88393 233887 82511 36606 19941 87396 48057 293846 194313 34720 159593 155050 15934 48199 47084 26221 15758 33729 48782 119850 71749 17640 35200
internal_count=847406 483954 363452 69606 250067 162671 114614 88393 233887 82511 36606 19941 87396 48057 293846 194313 34720 159593 155050 15934 48199 47084 26221 15758 33729 48782 119850 71749 17640 35200
cat_boundaries=0 1 2 3 4 5 6
cat_threshold=1 1 3 1 1 1
is_linear=0
shrinkage=0.05


Tree=72
num_leaves=31
num_cat=7
split_feature=18 18 2 3 2 7 0 4 0 3 4 4 3 3 4 4 0 18 3 3 3 3 3 3 3 3 2 0 4 3
split_gain=23234.1 3597.11 805.366 1100.62 660.005 646.029 482.539 314.241 258.702 218.506 201.46 200.928 178.952 270.174 230.581 214.924 192.795 160.675 119.249 117.459 111.815 111.318 277.625 120.231 116.009 110.756 106.022 96.0436 87.5863 153.842
threshold=0.1122730001807213 0.44424292445182806 0 81.500000000000014 1 28.69999980926514 2 4.5000000000000009 3 41.500000000000007 4.5000000000000009 4.5000000000000009 80.500000000000014 41.500000000000007 4.5000000000000009 4.5000000000000009 4 0.18460166454315188 43.500000000000007 45.500000000000007 47.500000000000007 44.500000000000007 57.500000000000007 46.500000000000007 73.500000000000014 45.500000000000007 5 6 4.5000000000000009 36.500000000000007
decision_type=2 2 1 2 1 2 1 2 1 2 2 2 2 2 2 2 1 2 2 2 2 2 2 2 2 2 1 1 2 2
left_child=2 4 3 9 5 12 20 8 18 -1 25 -11 13 16 -14 27 28 -6 -7 -10 -3 -4 23 -23 -24 -8 -12 -15 -2 -30
right_child=1 6 21 -5 17 7 10 -9 19 11 26 -13 14 15 -16 -17 -18 -19 -20 -21 -22 22 24 -25 -26 -27 -28 -29 29 -31
leaf_value=0 0 -2.4530697975368431e-05 0 0 0 -0.0005118964494965516 0 0.0025880824195852192 0 0 0.001443566353060627 4.5523737089326096e-05 0 0 -2.1039773607958807e-05 -0.0001721905558999925 0 0 0.0069167279663126247 0 0.0010021694473478727 0 0 0 0 0 -0.0014487006038861857 0 0 0
leaf_weight=16677 8605 30929 106890 33032 39279 3409 7340 15274 7897 15879 18108 4051 5890 14294 1448 11812 27769 48229 13224 25659 113884 11195 112742 15994 47192 59747 4030 23828 2115 1278
leaf_count=16677 8605 30929 106890 33032 39279 3409 7340 15274 7897 15879 18108 4051 5890 14294 1448 11812 27769 48229 13224 25659 113884 11195 112742 15994 47192 59747 4030 23828 2115 1278
internal_value=-0.0129453 -0.0057705 -0.0224955 -0.0176607 -0.0099408 -0.00805559 -0.0013156 -0.00421727 -0.00612833 -0.0116897 -0.00420771 -0.00815605 -0.0106449 -0.0100308 -0.0181521 -0.00758201 -0.0131057 -0.0134416 -0.00102596 -0.00865459 0.000466604 -0.0236407 -0.0229054 -0.0182344 -0.0236995 -0.00557299 -7.22739e-05 -0.00940795 -0.00778648 -0.0145962
internal_weight=847700 484048 363652 69639 250010 162502 234038 65463 50189 36607 89225 19930 97039 89701 7338 49934 39767 87508 16633 33556 144813 294013 187123 27189 159934 67087 22138 38122 11998 3393
internal_count=847700 484048 363652 69639 250010 162502 234038 65463 50189 36607 89225 19930 97039 89701 7338 49934 39767 87508 16633 33556 144813 294013 187123 27189 159934 67087 22138 38122 11998 3393
cat_boundaries=0 1 2 3 4 5 6 7
cat_threshold=1 1 376991 1016223 360727 1 508255
is_linear=0
shrinkage=0.05


Tree=73
num_leaves=31
num_cat=7
split_feature=18 18 2 3 2 7 0 4 3 0 4 3 3 4 4 0 18 4 3 18 3 2 3 3 3 3 3 0 17 3
split_gain=22999.4 3494.35 823.734 1103.04 671.434 630.645 428.013 311.154 267.168 246.602 191.276 183.064 262.631 225.497 208.317 195.966 168.865 162.566 138.548 134.709 113.324 112.068 110.363 276.809 120.433 112.257 106.585 93.2517 86.5846 84.0647
threshold=0.1122730001807213 0.44424292445182806 0 80.500000000000014 1 28.69999980926514 2 4.5000000000000009 41.500000000000007 3 4.5000000000000009 80.500000000000014 41.500000000000007 4.5000000000000009 4.5000000000000009 4 0.18460166454315188 4.5000000000000009 44.500000000000007 1.0000126361846926 45.500000000000007 5 44.500000000000007 57.500000000000007 46.500000000000007 73.500000000000014 44.500000000000007 6 0.40789474546909338 37.500000000000007
decision_type=2 2 1 2 1 2 1 2 2 1 2 2 2 2 2 1 2 2 2 2 2 1 2 2 2 2 2 1 2 2
left_child=2 4 3 8 5 11 19 9 -1 26 20 12 15 -13 27 28 -6 -10 -11 -3 -8 29 -4 24 -24 -25 -7 -14 -2 -12
right_child=1 6 22 -5 16 7 10 -9 17 18 21 13 14 -15 -16 -17 -18 -19 -20 -21 -22 -23 23 25 -26 -27 -28 -29 -30 -31
leaf_value=0 0 -4.4244425058021758e-05 0 0 0 -0.0032752054059979477 0 0.00245867829860596 0 0 -0.00038806223170140226 0 0 -0.00018073567037994053 -0.00016358102810499288 0 0 4.3247550234859792e-05 0 0.00097274518210938585 0 -0.0013956324833585988 0 0 0 0 0.0072157561682884347 0 -0.00012513528579091845 0.001425297938404474
leaf_weight=16815 8760 80834 106797 35142 39163 3373 7307 15393 14138 7387 397 5934 21980 1455 11748 27904 48047 3645 29470 63636 59691 3993 11167 112542 15984 47008 9936 16171 3243 17735
leaf_count=16815 8760 80834 106797 35142 39163 3373 7307 15393 14138 7387 397 5934 21980 1455 11748 27904 48047 3645 29470 63636 59691 3993 11167 112542 15984 47008 9936 16171 3243 17735
internal_value=-0.012981 -0.00583918 -0.0224886 -0.017604 -0.00994803 -0.00805111 -0.00144236 -0.00426143 -0.0112665 -0.00616952 -0.00416709 -0.0106073 -0.00998486 -0.0181723 -0.00756678 -0.0130084 -0.0134881 -0.00699404 -0.00827502 0.000238787 -0.00549867 -0.000136723 -0.0236492 -0.0229159 -0.0182489 -0.0237101 -0.000332232 -0.00935952 -0.0076438 0.0015332
internal_weight=846795 483557 363238 69740 249964 162754 233593 65559 34598 50166 89123 97195 89806 7389 49899 39907 87210 17783 36857 144470 66998 22125 293498 186701 27151 159550 13309 38151 12003 18132
internal_count=846795 483557 363238 69740 249964 162754 233593 65559 34598 50166 89123 97195 89806 7389 49899 39907 87210 17783 36857 144470 66998 22125 293498 186701 27151 159550 13309 38151 12003 18132
cat_boundaries=0 1 2 3 4 5 6 7
cat_threshold=1 1 376991 885151 360727 1 7356064
is_linear=0
shrinkage=0.05


Tree=74
num_leaves=31
num_cat=7
split_feature=18 18 2 3 2 7 0 4 3 0 4 3 3 4 4 0 18 4 18 3 3 3 3 3 3 3 2 0 3 4
split_gain=23093.6 3491.63 815.771 1110.48 684.099 641.259 437.662 307.77 262.141 252.017 201.167 179.319 266.221 227.748 217.284 191.288 167.32 158.486 138.221 113.446 112.91 110.225 203.895 185.902 115.079 109.331 105.935 89.9772 84.0083 83.5433
threshold=0.1122730001807213 0.44424292445182806 0 80.500000000000014 1 28.69999980926514 2 4.5000000000000009 41.500000000000007 3 4.5000000000000009 80.500000000000014 41.500000000000007 4.5000000000000009 4.5000000000000009 4 0.18460166454315188 4.5000000000000009 1.0000126361846926 44.500000000000007 43.500000000000007 43.500000000000007 57.500000000000007 46.500000000000007 73.500000000000014 45.500000000000007 5 6 36.500000000000007 4.5000000000000009
decision_type=2 2 1 2 1 2 1 2 2 1 2 2 2 2 2 1 2 2 2 2 2 2 2 2 2 2 1 1 2 2
left_child=2 4 3 8 5 11 18 9 -1 20 25 12 15 -13 27 29 -6 -10 -3 -11 -7 -4 23 -23 -24 -8 28 -14 -12 -2
right_child=1 6 21 -5 16 7 10 -9 17 19 26 13 14 -15 -16 -17 -18 -19 -20 -21 -22 22 24 -25 -26 -27 -28 -29 -30 -31
leaf_value=0 0 -4.2032203805120668e-05 0 0 0 -0.00032254135672182658 0 0.0023357443836756644 0 0 -0.00036865912011633216 0 0 -6.1991956206365495e-05 -0.00015540197669974322 0 0 4.1085172723116799e-05 0.00095475872314116923 0 0.0062101037595825755 0 0 0 0 0 -0.0013064839495239462 0 0.0013540330414842485 0
leaf_weight=16757 8545 80702 99432 35291 39387 3360 7263 15365 14224 6871 318 5905 14318 1469 11787 27828 48209 3621 63818 26784 13213 18665 112646 16002 47044 59764 4005 23853 17854 3439
leaf_count=16757 8545 80702 99432 35291 39387 3360 7263 15365 14224 6871 318 5905 14318 1469 11787 27828 48209 3621 63818 26784 13213 18665 112646 16002 47044 59764 4005 23853 17854 3439
internal_value=-0.0129702 -0.00581703 -0.0224909 -0.0176359 -0.00992029 -0.00800264 -0.00142219 -0.00418299 -0.011271 -0.00607729 -0.00417591 -0.0105817 -0.00996602 -0.018077 -0.00753533 -0.0130162 -0.0134829 -0.0070538 0.000277797 -0.00856156 -0.00102665 -0.023646 -0.0229533 -0.0194775 -0.0237078 -0.00554217 -4.84736e-05 -0.00936771 0.00157385 -0.00771219
internal_weight=847739 484057 363682 69893 250333 162737 233724 65593 34602 50228 89204 97144 89770 7374 49958 39812 87596 17845 144520 33655 16573 293789 194357 34667 159690 67027 22177 38171 18172 11984
internal_count=847739 484057 363682 69893 250333 162737 233724 65593 34602 50228 89204 97144 89770 7374 49958 39812 87596 17845 144520 33655 16573 293789 194357 34667 159690 67027 22177 38171 18172 11984
cat_boundaries=0 1 2 3 4 5 6 7
cat_threshold=1 1 376991 1016223 360727 1 508255
is_linear=0
shrinkage=0.05


Tree=75
num_leaves=31
num_cat=7
split_feature=18 18 18 0 17 4 3 3 18 0 3 17 3 0 4 0 3 3 3 3 19 3 0 3 3 3 4 0 4 0
split_gain=23102.9 3426.88 450.181 424.063 334.569 197.793 155.656 161.678 127.743 119.001 108.711 108.148 106.652 90.0666 89.8036 96.8296 77.3334 69.9045 174.695 101.664 68.1964 67.1474 65.4575 55.7936 91.7771 67.9048 51.8571 50.9592 50.3781 50.1986
threshold=0.1122730001807213 0.44424292445182806 0.24917653203010562 0 0.15384615212678912 4.5000000000000009 47.500000000000007 80.500000000000014 1.0000126361846926 1 80.500000000000014 0.34615384042263037 45.500000000000007 2 4.5000000000000009 3 37.500000000000007 44.500000000000007 56.500000000000007 46.500000000000007 1.1604770421981814 47.500000000000007 4 83.500000000000014 73.500000000000014 80.500000000000014 4.5000000000000009 5 4.5000000000000009 6
decision_type=2 2 2 1 2 2 2 2 2 1 2 2 2 1 2 1 2 2 2 2 2 2 1 2 2 2 2 1 2 1
left_child=4 2 10 8 13 12 11 9 -3 -8 21 27 -5 17 15 -13 -7 -1 19 -19 -11 -2 -14 24 -20 -26 -12 -4 -9 -23
right_child=1 3 6 5 -6 16 7 28 -10 20 26 14 22 -15 -16 -17 -18 18 23 -21 -22 29 -24 -25 25 -27 -28 -29 -30 -31
leaf_value=0 0 -3.9930593614864633e-05 0 0 0 -0.00035022616411051552 0 0 0.00087636998684685336 0 0 0 0 0 -0.0021274522628498644 0 0.00079758998535519883 0 0 0 0 0 0 0 0 0 0 0 0 0
leaf_weight=58959 31865 80774 14575 7298 3567 410 44542 6341 63714 43751 7492 3386 25701 193173 4181 6825 21732 5880 53969 8938 10836 9895 33959 17136 12275 9702 1774 18387 1613 44608
leaf_count=58959 31865 80774 14575 7298 3567 410 44542 6341 63714 43751 7492 3386 25701 193173 4181 6825 21732 5880 53969 8938 10836 9895 33959 17136 12275 9702 1774 18387 1613 44608
internal_value=-0.0129692 -0.00581045 -0.00987809 -0.00145577 -0.0224917 -0.00416844 -0.00820869 -0.0071531 0.000217304 -0.00660276 -0.012574 -0.0105957 -0.00552361 -0.0226427 -0.00697957 -0.0095069 -7.22609e-05 -0.0217714 -0.0210162 -0.0159738 -0.00816849 -0.0120218 -0.00482568 -0.0218189 -0.0212375 -0.0185137 -0.0177207 -0.0121746 -0.0140118 -0.0109558
internal_weight=847258 483659 250071 233588 363599 89100 154437 107083 144488 99129 95634 47354 66958 360032 14392 10211 22142 166859 107900 14818 54587 86368 59660 93082 75946 21977 9266 32962 7954 54503
internal_count=847258 483659 250071 233588 363599 89100 154437 107083 144488 99129 95634 47354 66958 360032 14392 10211 22142 166859 107900 14818 54587 86368 59660 93082 75946 21977 9266 32962 7954 54503
cat_boundaries=0 1 2 3 4 5 6 7
cat_threshold=376991 999887 5906312 360471 2752832 7372288 299025
is_linear=0
shrinkage=0.05


Tree=76
num_leaves=31
num_cat=7
split_feature=18 18 2 3 2 7 0 4 0 3 4 4 3 3 4 4 0 18 3 18 3 3 3 3 3 3 2 0 17 3
split_gain=23064.5 3485.28 817.241 1100.75 665.241 640.106 428.327 305.623 255.834 203.915 195.959 194.653 182.848 276.306 224.927 216.059 186.049 162.62 139.837 128.311 110.265 203.846 187.709 116.441 109.283 102.314 101.616 96.2002 87.8921 84.8657
threshold=0.1122730001807213 0.44424292445182806 0 81.500000000000014 1 28.69999980926514 2 4.5000000000000009 3 41.500000000000007 4.5000000000000009 4.5000000000000009 80.500000000000014 41.500000000000007 4.5000000000000009 4.5000000000000009 4 0.18460166454315188 44.500000000000007 1.0000126361846926 43.500000000000007 57.500000000000007 46.500000000000007 73.500000000000014 45.500000000000007 44.500000000000007 5 6 0.40789474546909338 37.500000000000007
decision_type=2 2 1 2 1 2 1 2 1 2 2 2 2 2 2 2 1 2 2 2 2 2 2 2 2 2 1 1 2 2
left_child=2 4 3 9 5 12 19 8 25 -1 24 -11 13 16 -14 27 28 -6 -10 -3 -4 22 -22 -23 -8 -7 29 -15 -2 -12
right_child=1 6 20 -5 17 7 10 -9 18 11 26 -13 14 15 -16 -17 -18 -19 -20 -21 21 23 -24 -25 -26 -27 -28 -29 -30 -31
leaf_value=0 0 -3.7934063934121404e-05 0 0 0 -0.0030953180678619588 0 0.0023253297776343719 0 0 -0.0040630555221877265 3.903091408696096e-05 0 0 -8.8225346324435387e-05 -0.00014763187786475608 0 0 0 0.00083255148750451262 0 0 0 0 0 0.0065444631718948876 -0.0012810392513155089 0 -0.00011887852150137253 0.001246435254943873
leaf_weight=16767 8785 81027 99419 33064 39238 3347 7294 15396 7471 16034 404 3976 5918 19900 1442 11768 27837 48200 29470 63747 18634 112528 16062 47110 59716 9966 3980 18219 3229 17768
leaf_count=16767 8785 81027 99419 33064 39238 3347 7294 15396 7471 16034 404 3976 5918 19900 1442 11768 27837 48200 29470 63747 18634 112528 16062 47110 59716 9966 3980 18219 3229 17768
internal_value=-0.0129731 -0.0058257 -0.0224898 -0.0176283 -0.00992801 -0.00803819 -0.00143843 -0.00422468 -0.00611295 -0.0116765 -0.00416442 -0.00826837 -0.0106166 -0.00999521 -0.0181929 -0.00751548 -0.0130994 -0.0134455 -0.0082535 0.000240703 -0.0236456 -0.0229528 -0.0194792 -0.0237077 -0.00551261 -0.000167004 -8.80282e-05 -0.00934377 -0.00787591 0.00149681
internal_weight=847716 484122 363594 69841 250186 162748 233936 65650 50254 36777 89162 20010 97098 89738 7360 49887 39851 87438 36941 144774 293753 194334 34696 159638 67010 13313 22152 38119 12014 18172
internal_count=847716 484122 363594 69841 250186 162748 233936 65650 50254 36777 89162 20010 97098 89738 7360 49887 39851 87438 36941 144774 293753 194334 34696 159638 67010 13313 22152 38119 12014 18172
cat_boundaries=0 1 2 3 4 5 6 7
cat_threshold=1 1 376991 885151 360727 1 7355936
is_linear=0
shrinkage=0.05


Tree=77
num_leaves=31
num_cat=7
split_feature=18 18 2 3 2 7 0 0 4 3 4 4 3 3 4 4 0 18 3 18 17 2 3 3 3 3 3 0 17 3
split_gain=23153.8 3422.16 819.291 1108.44 701.623 667.304 432.99 316.234 263.129 211.991 202.256 195.215 179.624 278.162 235.172 211.337 194.061 161.163 137.101 128.856 115.628 112.528 108.701 97.1393 190.509 173.71 93.5795 91.7811 87.6669 85.7839
threshold=0.14271402359008792 0.44424292445182806 0 81.500000000000014 1 28.69999980926514 2 3 4.5000000000000009 41.500000000000007 4.5000000000000009 4.5000000000000009 80.500000000000014 41.500000000000007 4.5000000000000009 4.5000000000000009 4 0.18460166454315188 44.500000000000007 1.0000126361846926 0.07692307606339456 5 45.500000000000007 43.500000000000007 57.500000000000007 46.500000000000007 73.500000000000014 6 0.40789474546909338 78.500000000000014
decision_type=2 2 1 2 1 2 1 1 2 2 2 2 2 2 2 2 1 2 2 2 2 1 2 2 2 2 2 1 2 2
left_child=2 4 3 9 5 12 19 -7 18 -1 29 22 13 16 -14 27 28 -6 -9 -3 23 -13 -8 -4 25 -25 -26 -15 -2 -11
right_child=1 6 20 -5 17 7 11 8 -10 10 -12 21 14 15 -16 -17 -18 -19 -20 -21 -22 -23 -24 24 26 -27 -28 -29 -30 -31
leaf_value=0 0 -3.6037360737415329e-05 0 0 0 0.0018810945144871862 0 0 0.0021386115799618632 0 3.7079368382612909e-05 0.001138274440456133 0 0 -3.4401362820237919e-06 -0.00014025028397151825 0 0 0 0.00082157471326654299 0 -0.0012169872887497334 0 0 0 0 0 0 -0.0001129345954263039 0
leaf_weight=16882 8743 80931 99442 33117 38885 17567 7314 7378 11090 12474 4011 18108 5854 14337 1452 11726 27805 48286 29362 63701 3104 4017 59677 18223 112287 15227 46034 23793 3262 3554
leaf_count=16882 8743 80931 99442 33117 38885 17567 7314 7378 11090 12474 4011 18108 5854 14337 1452 11726 27805 48286 29362 63701 3104 4017 59677 18223 112287 15227 46034 23793 3262 3554
internal_value=-0.0129556 -0.0057804 -0.0224729 -0.0176126 -0.00985253 -0.00790992 -0.00143317 -0.00400668 -0.00611309 -0.0116553 -0.0081778 -0.00417443 -0.0105422 -0.00992795 -0.018081 -0.00743943 -0.0130445 -0.0134709 -0.00815188 0.00025615 -0.0236295 -0.000102825 -0.00551977 -0.0237319 -0.0230743 -0.0196457 -0.0237986 -0.00924469 -0.00770911 -0.0106907
internal_weight=847643 483288 364355 70038 249540 162369 233748 65397 47830 36921 20039 89116 96972 89666 7306 49856 39810 87171 36740 144632 294317 22125 66991 291213 191771 33450 158321 38130 12005 16028
internal_count=847643 483288 364355 70038 249540 162369 233748 65397 47830 36921 20039 89116 96972 89666 7306 49856 39810 87171 36740 144632 294317 22125 66991 291213 191771 33450 158321 38130 12005 16028
cat_boundaries=0 1 2 3 4 5 6 7
cat_threshold=1 1 376991 885151 360727 1 508255
is_linear=0
shrinkage=0.05


Tree=78
num_leaves=31
num_cat=8
split_feature=18 18 2 2 7 7 0 4 0 4 0 18 17 18 17 2 19 4 7 18 7 8 7 19 8 7 7 4 0 2
split_gain=23026.7 3431.15 814.917 678.746 620.98 547.112 426.481 303.914 250.275 201.336 177.836 165.08 148.18 106.66 105.317 103.064 100.095 144.183 89.9777 85.1249 75.0856 164.512 132.218 72.1676 69.943 60.2455 58.3982 56.9719 52.8375 50.7019
threshold=0.1122730001807213 0.44424292445182806 0 1 28.69999980926514 27.10000038146973 2 4.5000000000000009 3 4.5000000000000009 4 0.18460166454315188 0.40524606406688696 1.0000126361846926 0.07692307606339456 5 1.000000059604645 4.5000000000000009 29.800000190734867 0.9992390275001527 19.69999980926514 1.0000000180025095e-35 21.500000000000004 0.99999997019767772 3.4000000059604649 30.10000038146973 26.500000000000004 4.5000000000000009 6 7
decision_type=2 2 1 1 2 2 1 2 1 2 1 2 2 2 2 1 2 2 2 2 2 2 2 2 2 2 2 2 1 1
left_child=2 3 5 4 10 20 13 8 25 19 12 -5 -2 29 -4 -11 23 -18 -7 28 -1 26 -23 -12 -13 -6 -22 -24 -8 -3
right_child=1 6 14 11 7 18 9 -9 -10 15 16 24 -14 -15 -16 -17 17 -19 -20 -21 21 22 27 -25 -26 -27 -28 -29 -30 -31
leaf_value=0 0 -7.4311834097509391e-06 0 0 -0.00024570311121699661 0 0 0.0021021327097545616 0 0.0010813607184333273 0 0 0 0.00074984517746596322 0 -0.0011561379243122468 0 -0.00059604430777450445 0 -0.00043158697890519169 0 0 0 0 0 0.0054783206872843441 0 0 0 -0.00017828553521150725
leaf_weight=7208 21311 61680 291405 39323 5399 10979 20246 15292 33627 18123 25956 34720 7557 63625 2674 4005 15194 5644 7146 17717 22547 6232 7625 21502 13532 11257 5537 2362 29166 19152
leaf_count=7208 21311 61680 291405 39323 5399 10979 20246 15292 33627 18123 25956 34720 7557 63625 2674 4005 15194 5644 7146 17717 22547 6232 7625 21502 13532 11257 5537 2362 29166 19152
internal_value=-0.0129819 -0.00583861 -0.0224881 -0.00990636 -0.00799639 -0.0176245 -0.00148194 -0.00423675 -0.0061139 -0.00419892 -0.0105337 -0.0134556 -0.00723388 0.000197104 -0.0236398 -6.32683e-05 -0.0119257 -0.00903878 -0.0101531 -0.0055628 -0.0202534 -0.0194834 -0.0154741 -0.0131959 -0.0114959 -0.00109804 -0.0217989 -0.011908 -0.00662896 -0.00100826
internal_weight=847743 484028 363715 250314 162739 69636 233714 65575 50283 89257 97164 87575 28868 144457 294079 22128 68296 20838 18125 67129 51511 44303 16219 47458 48252 16656 28084 9987 49412 80832
internal_count=847743 484028 363715 250314 162739 69636 233714 65575 50283 89257 97164 87575 28868 144457 294079 22128 68296 20838 18125 67129 51511 44303 16219 47458 48252 16656 28084 9987 49412 80832
cat_boundaries=0 1 2 3 4 5 6 7 8
cat_threshold=1 1 376991 1016223 360735 1 2752832 1
is_linear=0
shrinkage=0.05


Tree=79
num_leaves=31
num_cat=6
split_feature=18 18 2 3 2 7 18 3 4 1 17 3 3 18 4 4 3 17 4 1 4 3 3 3 4 2 3 3 1 3
split_gain=23043.3 3330.07 819.088 1105.8 681.934 657.305 346.454 265.964 265.564 238.888 179.084 212.222 263.83 162.977 156.813 124.742 119.192 115.577 107.173 106.911 142.768 96.9111 193.483 173.924 95.3728 94.9479 92.2815 83.0285 80.4743 74.5085
threshold=0.14271402359008792 0.44424292445182806 0 80.500000000000014 1 28.69999980926514 1.0000126361846926 41.500000000000007 4.5000000000000009 2 0.30769230425357824 80.500000000000014 41.500000000000007 0.18460166454315188 4.5000000000000009 4.5000000000000009 45.500000000000007 0.07692307606339456 4.5000000000000009 3 4.5000000000000009 43.500000000000007 57.500000000000007 46.500000000000007 4.5000000000000009 4 73.500000000000014 46.500000000000007 5 78.500000000000014
decision_type=2 2 1 2 1 2 2 2 2 1 2 2 2 2 2 2 2 2 2 1 2 2 2 2 2 1 2 2 1 2
left_child=2 4 3 7 5 10 19 -1 9 -7 11 12 -2 -6 -9 -14 -11 21 28 -3 -21 -4 23 -23 -13 -22 -24 -15 -12 -28
right_child=1 6 17 -5 13 8 -8 14 -10 16 18 24 15 27 -16 -17 -18 -19 -20 20 25 22 26 -25 -26 -27 29 -29 -30 -31
leaf_value=0 0 -7.0596242392633922e-06 0 0 0 -7.3650065335127514e-05 0.00069166871146375541 0 0.001890653461124342 0 0 0 0 0 3.5225399963482265e-05 -0.00025457857801622114 0 0 -0.0017282960082537172 0 0.0010451490212678217 0 0 0 -0.00016401601492030231 -0.0011343885678252487 0 0 0 0
leaf_weight=16833 30136 96061 99510 35255 38553 19324 78878 14201 15313 7210 5700 5573 28403 2238 3652 7789 23605 3098 6839 43834 11989 18211 112383 15208 569 3095 10196 46007 11869 35815
leaf_count=16833 30136 96061 99510 35255 38553 19324 78878 14201 15313 7210 5700 5573 28403 2238 3652 7789 23605 3098 6839 43834 11989 18211 112383 15208 569 3095 10196 46007 11869 35815
internal_value=-0.0129831 -0.00582145 -0.0224763 -0.0176123 -0.00984394 -0.00793107 -0.0015363 -0.011274 -0.00406023 -0.00582032 -0.0105463 -0.0117938 -0.0109705 -0.0134214 -0.00702263 -0.00809295 -0.00855231 -0.0236317 -0.00684202 -0.00290927 -0.00458611 -0.0237339 -0.023077 -0.0196198 -0.0206854 -0.000391143 -0.0238065 -0.0114846 -0.00890916 -0.0219203
internal_weight=847347 482985 364362 69941 249128 162330 233857 34686 65452 50139 96878 72470 66328 86798 17853 36192 30815 294421 24408 154979 58918 291323 191813 33419 6142 15084 158394 48245 17569 46011
internal_count=847347 482985 364362 69941 249128 162330 233857 34686 65452 50139 96878 72470 66328 86798 17853 36192 30815 294421 24408 154979 58918 291323 191813 33419 6142 15084 158394 48245 17569 46011
cat_boundaries=0 1 2 3 4 5 6
cat_threshold=1 1 3 3 1 1
is_linear=0
shrinkage=0.05


Tree=80
num_leaves=31
num_cat=7
split_feature=18 18 2 3 2 7 0 0 4 3 4 0 17 3 3 18 18 13 4 0 4 4 3 17 4 0 7 4 3 3
split_gain=24234.9 3910.96 824.045 1111.06 727.563 737.962 470.894 373.215 225.678 210.97 227.624 179.336 178.351 212.143 275.8 166.28 160.727 144.18 184.808 133.671 132.722 130.051 116.183 116.074 113.146 112.583 126.112 98.4982 96.9964 190.692
threshold=0.14271402359008792 0.44424292445182806 0 81.500000000000014 1 28.69999980926514 2 3 4.5000000000000009 39.500000000000007 4.5000000000000009 4 0.30769230425357824 80.500000000000014 41.500000000000007 0.71484372019767772 0.18460166454315188 0.98212006688117992 4.5000000000000009 5 4.5000000000000009 4.5000000000000009 44.500000000000007 0.07692307606339456 4.5000000000000009 6 28.400000572204593 4.5000000000000009 43.500000000000007 57.500000000000007
decision_type=2 2 1 2 1 2 1 1 2 2 2 1 2 2 2 2 2 2 2 1 2 2 2 2 2 1 2 2 2 2
left_child=2 4 3 9 5 12 11 8 22 -1 -11 15 13 14 -2 17 -6 -3 25 -14 -8 -16 -7 28 -21 -19 -27 -15 -4 -30
right_child=1 6 23 -5 16 7 20 -9 -10 10 -12 -13 19 27 21 -17 -18 18 -20 24 -22 -23 -24 -25 -26 26 -28 -29 29 -31
leaf_value=0 0 3.5298121196316961e-07 0 0 0 0 0 8.3736711355512075e-06 0.00045774141670119065 0 3.3464129965308152e-05 -1.2570690336672107e-05 -0.00010728786565498869 0 0 0.0059634084566061955 0 3.5298121196316961e-07 -0.00024019085652811326 0 -0.00022445728391713569 -0.00012050884087213129 0 0 -0.0019537556557902435 3.5298121196316961e-07 3.5298121196316961e-07 -0.00015581521417428718 0 0
leaf_weight=14855 30106 7138 99420 32983 38809 6275 50255 24960 9630 17528 4516 122138 6919 5571 28392 29860 48141 3221 1957 12619 16630 7787 24647 3103 4790 1191 1607 574 33507 158386
leaf_count=14855 30106 7138 99420 32983 38809 6275 50255 24960 9630 17528 4516 122138 6919 5571 28392 29860 48141 3221 1957 12619 16630 7787 24647 3103 4790 1191 1607 574 33507 158386
internal_value=-0.0127337 -0.00539235 -0.0224714 -0.0175904 -0.00975102 -0.00777346 -0.000750116 -0.00367566 -0.00663552 -0.0116297 -0.00852613 0.000668972 -0.010548 -0.0117921 -0.0109682 0.00336786 -0.0134416 0.00764192 0.0122618 -0.00684397 -0.00429516 -0.00802606 -0.00871871 -0.02363 -0.0091782 0.0166016 0.00915242 -0.0206794 -0.0237325 -0.0230758
internal_weight=847515 483217 364298 69882 249220 162270 233997 65512 40552 36899 22044 167112 96758 72430 66285 44974 86950 15114 7976 24328 66885 36179 30922 294416 17409 6019 2798 6145 291313 191893
internal_count=847515 483217 364298 69882 249220 162270 233997 65512 40552 36899 22044 167112 96758 72430 66285 44974 86950 15114 7976 24328 66885 36179 30922 294416 17409 6019 2798 6145 291313 191893
cat_boundaries=0 1 2 3 4 5 6 7
cat_threshold=1 1 377087 7372352 112 360727 32
is_linear=0
shrinkage=0.05


Tree=81
num_leaves=31
num_cat=7
split_feature=18 18 2 3 2 7 0 0 4 3 4 17 3 3 0 18 18 0 13 4 4 4 17 0 7 4 3 4 3 3
split_gain=24355.2 3905.2 809.509 1097.05 749.198 734.69 481.168 370.948 236.131 206.568 198.139 191.056 206.824 263.045 172.188 166.338 166.312 144.8 142.039 183.556 137.162 131.691 123.32 113.321 122.268 109.48 108.495 104.323 96.5932 188.83
threshold=0.14271402359008792 0.44424292445182806 0 81.500000000000014 1 28.69999980926514 2 3 4.5000000000000009 41.500000000000007 4.5000000000000009 0.30769230425357824 80.500000000000014 41.500000000000007 4 0.71484372019767772 0.18460166454315188 5 0.98212006688117992 4.5000000000000009 4.5000000000000009 4.5000000000000009 0.07692307606339456 6 28.400000572204593 4.5000000000000009 44.500000000000007 4.5000000000000009 43.500000000000007 57.500000000000007
decision_type=2 2 1 2 1 2 1 1 2 2 2 2 2 2 1 2 2 1 2 2 2 2 2 1 2 2 2 2 2 2
left_child=2 4 3 9 5 11 14 8 26 -1 -11 12 13 -2 15 18 -6 -13 -3 23 -8 -15 28 -20 -25 -19 -7 -14 -4 -30
right_child=1 6 22 -5 16 7 20 -9 -10 10 -12 17 27 21 -16 -17 -18 25 19 -21 -22 -23 -24 24 -26 -27 -28 -29 29 -31
leaf_value=0 0 3.3533215136501116e-07 0 0 0 0 0 7.9549875787736457e-06 0.0017732337172330637 0 3.1790923467042743e-05 -0.00010192347237223926 0 0 -1.1942155819838501e-05 0.0080623440341017812 0 0 3.3533215136501116e-07 -0.00026881418827002926 -0.00021323441972127892 -0.00011448339882852474 0 3.3533215136501116e-07 3.3533215136501116e-07 -0.0018560678730007313 0 -0.00014802445346557281 0 0
leaf_weight=16849 30191 7119 99460 33067 38682 6347 50213 25008 9640 15956 3977 6914 5540 28576 122068 29873 48260 12665 3202 1944 16604 7779 3108 1170 1622 4842 24631 585 33447 158551
leaf_count=16849 30191 7119 99460 33067 38682 6347 50213 25008 9640 15956 3977 6914 5540 28576 122068 29873 48260 12665 3202 1944 16604 7779 3108 1170 1622 4842 24631 585 33447 158551
internal_value=-0.0127213 -0.00536424 -0.0224821 -0.0176427 -0.00971301 -0.00771089 -0.000720762 -0.00362433 -0.00657305 -0.0117014 -0.00825641 -0.0104731 -0.0117588 -0.0109496 0.000714038 0.00336004 -0.0134601 -0.00664694 0.00764595 0.0122449 -0.00430627 -0.00808486 -0.0236297 0.0165749 0.00910064 -0.00906405 -0.00870134 -0.020551 -0.0237353 -0.0230802
internal_weight=847890 483475 364415 69849 249660 162718 233815 65626 40618 36782 19933 97092 72671 66546 166998 44930 86942 24421 15057 7938 66817 36355 294566 5994 2792 17507 30978 6125 291458 191998
internal_count=847890 483475 364415 69849 249660 162718 233815 65626 40618 36782 19933 97092 72671 66546 166998 44930 86942 24421 15057 7938 66817 36355 294566 5994 2792 17507 30978 6125 291458 191998
cat_boundaries=0 1 2 3 4 5 6 7
cat_threshold=1 1 377087 7372352 112 360727 32
is_linear=0
shrinkage=0.05


Tree=82
num_leaves=31
num_cat=7
split_feature=18 18 2 3 2 3 4 3 1 1 3 4 1 18 4 17 1 8 3 3 3 3 3 3 18 13 4 2 17 4
split_gain=24227.1 3826.85 822.276 1106.41 744.795 507.679 579.183 522.692 414.95 263.208 219.07 203.286 174.356 163.035 149.246 116.891 110.273 105.027 96.9258 190.742 175.986 92.9291 84.9497 84.5401 84.1486 88.1075 130.535 78.5181 78.4624 80.7599
threshold=0.13445998728275302 0.44424292445182806 0 81.500000000000014 1 41.500000000000007 4.5000000000000009 80.500000000000014 2 3 41.500000000000007 4.5000000000000009 4 0.18460166454315188 4.5000000000000009 0.07692307606339456 5 1.0000000180025095e-35 43.500000000000007 57.500000000000007 46.500000000000007 73.500000000000014 79.500000000000014 46.500000000000007 0.71484372019767772 0.98212006688117992 4.5000000000000009 6 0.30769230425357824 4.5000000000000009
decision_type=2 2 1 2 1 2 2 2 1 1 2 2 1 2 2 2 1 2 2 2 2 2 2 2 2 2 2 1 2 2
left_child=2 4 3 10 5 12 7 9 16 17 -1 22 28 -6 -10 18 24 -7 -4 20 -20 -21 -12 -15 25 -3 -27 -16 29 -2
right_child=1 8 15 -5 13 6 -8 -9 14 -11 11 -13 -14 23 27 -17 -18 -19 19 21 -22 -23 -24 -25 -26 26 -28 -29 -30 -31
leaf_value=0 0 3.1856554379676059e-07 0 0 0 0 0.00071657284971050623 0 0 0 0 3.0201377293690608e-05 0 0 0.00098886560057226403 0 -1.1345048028846576e-05 0 0 0 0 0 0 0 0.0047456396599441569 3.1856554379676059e-07 -0.000570297410112014 -0.0010557845542520656 0 0
leaf_weight=16770 13331 9471 99450 33014 38691 21133 26106 5900 53144 48756 13167 3985 22560 2248 14859 3030 109008 12532 18248 112737 15202 45970 2831 45892 33067 8155 2564 3686 6671 5589
leaf_count=16770 13331 9471 99450 33014 38691 21133 26106 5900 53144 48756 13167 3985 22560 2248 14859 3030 109008 12532 18248 112737 15202 45970 2831 45892 33067 8155 2564 3686 6671 5589
internal_value=-0.0127408 -0.00540179 -0.0224756 -0.0175946 -0.00971066 -0.00771384 -0.00590136 -0.00783534 -0.000808279 -0.00680621 -0.0116269 -0.00809063 -0.012021 -0.0134494 -0.003976 -0.0236314 0.000591434 -0.00340238 -0.0237329 -0.0230771 -0.0196457 -0.0238003 -0.0106076 -0.0115071 0.00245602 0.005 0.00810477 -0.000114586 -0.00918226 -0.0108298
internal_weight=847767 483363 364404 69767 249409 162578 114427 88321 233954 82421 36753 19983 48151 86831 71689 294637 162265 33665 291607 192157 33450 158707 15998 48140 53257 20190 10719 18545 25591 18920
internal_count=847767 483363 364404 69767 249409 162578 114427 88321 233954 82421 36753 19983 48151 86831 71689 294637 162265 33665 291607 192157 33450 158707 15998 48140 53257 20190 10719 18545 25591 18920
cat_boundaries=0 1 2 3 4 5 6 7
cat_threshold=1 1 3 3 3 2 1
is_linear=0
shrinkage=0.05


Tree=83
num_leaves=31
num_cat=7
split_feature=18 18 2 3 2 7 0 0 4 3 4 0 3 4 18 3 0 18 4 3 13 4 4 3 3 3 3 3 0 7
split_gain=24189.9 3832.21 816.931 1104.17 741.407 740.066 479.974 371.92 235.5 210.081 192.679 179.467 214.703 221.555 171.55 161.026 155.374 185.485 154.734 152.335 143.809 186.342 137.256 114.259 112.884 277.006 119.746 115.445 108.787 121.164
threshold=0.14271402359008792 0.44424292445182806 0 81.500000000000014 1 28.69999980926514 2 3 4.5000000000000009 41.500000000000007 4.5000000000000009 4 41.500000000000007 4.5000000000000009 0.18460166454315188 80.500000000000014 5 0.71484372019767772 4.5000000000000009 80.500000000000014 0.98212006688117992 4.5000000000000009 4.5000000000000009 44.500000000000007 44.500000000000007 57.500000000000007 73.500000000000014 46.500000000000007 6 28.400000572204593
decision_type=2 2 1 2 1 2 1 1 2 2 2 1 2 2 2 2 1 2 2 2 2 2 2 2 2 2 2 2 1 2
left_child=2 4 3 9 5 11 16 8 23 -1 -11 15 -13 19 -6 -2 17 20 -17 -14 -3 28 -8 -7 -4 27 -27 -26 -22 -30
right_child=1 6 24 -5 14 7 22 -9 -10 10 -12 12 13 -15 -16 18 -18 -19 -20 -21 21 -23 -24 -25 25 26 -28 -29 29 -31
leaf_value=0 0 3.0263726660692256e-07 0 0 0 0 0 7.557238199834964e-06 0.0016487433888858873 0 2.8691308429006077e-05 0 0 -0.00068538529072782078 0 0 -1.0777795627404246e-05 0.004069948284395125 0.039483014440259527 0 3.0263726660692256e-07 -0.00018622573378260546 -0.00014978347102261166 0 0 0 0 0 3.0263726660692256e-07 3.0263726660692256e-07
leaf_weight=16840 24951 7128 106864 33199 38568 6309 50128 24932 9685 16037 4006 26448 29512 9438 48212 3067 122046 29875 796 2783 3180 1967 16504 24641 11291 112626 47426 16220 1186 1598
leaf_count=16840 24951 7128 106864 33199 38568 6309 50128 24932 9685 16037 4006 26448 29512 9438 48212 3067 122046 29875 796 2783 3180 1967 16504 24641 11291 112626 47426 16220 1186 1598
internal_value=-0.0127525 -0.00541366 -0.0224761 -0.0176244 -0.0097248 -0.00773274 -0.000812244 -0.00362949 -0.0065783 -0.01167 -0.0082111 -0.0105065 -0.0119059 -0.009674 -0.0134564 -0.00718845 0.000619498 0.00313279 -0.0166904 -0.0116434 0.00765821 0.0122904 -0.00439963 -0.00870921 -0.0236309 -0.0228919 -0.0236886 -0.0182572 0.0166918 0.00935934
internal_weight=847463 482954 364509 70082 249342 162562 233612 65567 40635 36883 20043 96995 68181 41733 86780 28814 166980 44934 3863 32295 15059 7931 66632 30950 294427 187563 160052 27511 5964 2784
internal_count=847463 482954 364509 70082 249342 162562 233612 65567 40635 36883 20043 96995 68181 41733 86780 28814 166980 44934 3863 32295 15059 7931 66632 30950 294427 187563 160052 27511 5964 2784
cat_boundaries=0 1 2 3 4 5 6 7
cat_threshold=1 1 377087 7372352 360735 112 32
is_linear=0
shrinkage=0.05


Tree=84
num_leaves=31
num_cat=7
split_feature=18 18 2 3 2 7 0 0 4 3 4 0 3 4 3 18 0 18 3 13 4 4 3 0 7 3 3 3 3 3
split_gain=24169.3 3845.88 821.67 1108.24 730.383 716.271 468.101 363.483 240.201 215.743 200.162 177.74 217.033 232.772 171.513 166.683 152.758 190.915 152.245 142.487 190.596 138.256 117.039 110.234 122.33 109.612 201.818 184.988 114.443 84.1917
threshold=0.1122730001807213 0.44424292445182806 0 81.500000000000014 1 28.69999980926514 2 3 4.5000000000000009 41.500000000000007 4.5000000000000009 4 41.500000000000007 4.5000000000000009 81.500000000000014 0.18460166454315188 5 0.71484372019767772 80.500000000000014 0.98212006688117992 4.5000000000000009 4.5000000000000009 45.500000000000007 6 28.400000572204593 43.500000000000007 57.500000000000007 46.500000000000007 73.500000000000014 46.500000000000007
decision_type=2 2 1 2 1 2 1 1 2 2 2 1 2 2 2 2 1 2 2 2 2 2 2 1 2 2 2 2 2 2
left_child=2 4 3 9 5 11 16 8 22 -1 -11 14 -13 18 -2 -6 17 19 -14 -3 23 -8 -7 -21 -25 -4 27 -27 -28 -17
right_child=1 6 25 -5 15 7 21 -9 -10 10 -12 12 13 -15 -16 29 -18 -19 -20 20 -22 -23 -24 24 -26 26 28 -29 -30 -31
leaf_value=0 0 2.8750540327657644e-07 0 0 0 0 0 7.1793762898432155e-06 0.0015663062194415933 0 2.7256743007555775e-05 0 0 -0.00054332292944906963 0 0 -1.0238905846034034e-05 0.0038192147085347908 0 2.8750540327657644e-07 -0.00021754732166179682 -0.00014229429747148107 0 2.8750540327657644e-07 2.8750540327657644e-07 0 0 0 0 0
leaf_weight=16716 26630 7098 99497 33086 39210 7347 50324 24881 9626 16025 4027 26506 29452 9390 2337 2221 121865 29905 2796 3212 1932 16624 23592 1197 1592 18680 112601 16054 47195 46105
leaf_count=16716 26630 7098 99497 33086 39210 7347 50324 24881 9626 16025 4027 26506 29452 9390 2337 2221 121865 29905 2796 3212 1932 16624 23592 1197 1592 18680 112601 16054 47195 46105
internal_value=-0.0127568 -0.00543525 -0.022492 -0.0176175 -0.00974487 -0.00776205 -0.000824282 -0.0037191 -0.00663648 -0.0116433 -0.00814632 -0.0104867 -0.0118826 -0.00963303 -0.00719622 -0.013427 0.000593336 0.00308481 -0.0116503 0.00768246 0.0122873 -0.00435572 -0.00878422 0.0166847 0.00929796 -0.0236501 -0.0229597 -0.0195054 -0.0237105 -0.0114617
internal_weight=847723 483842 363881 69854 250093 162557 233749 65446 40565 36768 20052 97111 68144 41638 28967 87536 166801 44936 32248 15031 7933 66948 30939 6001 2789 294027 194530 34734 159796 48326
internal_count=847723 483842 363881 69854 250093 162557 233749 65446 40565 36768 20052 97111 68144 41638 28967 87536 166801 44936 32248 15031 7933 66948 30939 6001 2789 294027 194530 34734 159796 48326
cat_boundaries=0 1 2 3 4 5 6 7
cat_threshold=1 1 377087 7372352 360735 112 32
is_linear=0
shrinkage=0.05


Tree=85
num_leaves=31
num_cat=7
split_feature=18 18 2 3 2 7 0 0 4 3 4 17 3 3 18 0 18 0 13 4 4 4 17 0 7 3 4 3 3 3
split_gain=24168.1 3823.57 820.04 1109.11 740.873 722.758 481.886 364.511 232.676 216.429 203.535 199.871 211.539 256.429 165.054 158.182 187.452 150.235 137.39 187.136 136.783 127.06 117.425 110.319 126.391 110.127 110.115 97.5164 193.7 173.569
threshold=0.14271402359008792 0.44424292445182806 0 81.500000000000014 1 28.69999980926514 2 3 4.5000000000000009 41.500000000000007 4.5000000000000009 0.30769230425357824 80.500000000000014 41.500000000000007 0.18460166454315188 4 0.71484372019767772 5 0.98212006688117992 4.5000000000000009 4.5000000000000009 4.5000000000000009 0.07692307606339456 6 28.400000572204593 45.500000000000007 4.5000000000000009 43.500000000000007 57.500000000000007 46.500000000000007
decision_type=2 2 1 2 1 2 1 1 2 2 2 2 2 2 2 1 2 1 2 2 2 2 2 1 2 2 2 2 2 2
left_child=2 4 3 9 5 11 15 8 25 -1 -11 12 13 -2 -6 16 18 -13 -3 23 -8 -15 27 -20 -25 -7 -19 -4 29 -29
right_child=1 6 22 -5 14 7 20 -9 -10 10 -12 17 -14 21 -16 -17 -18 26 19 -21 -22 -23 -24 24 -26 -27 -28 28 -30 -31
leaf_value=0 0 2.7313013311274762e-07 0 0 0 0 0 6.8204074753510554e-06 0.0014879909084695164 0 2.5893905857177983e-05 -9.6827298753627292e-05 0 0 0 -9.7269605537323334e-06 0.0046303806994271004 0 2.7313013311274762e-07 -0.00020666995557870702 -0.00013517958259790704 -0.00038274943431415158 0 2.7313013311274762e-07 2.7313013311274762e-07 0 -0.0017632644793506948 0 0 0
leaf_weight=16959 30178 7107 99575 33138 38728 7306 50229 24948 9667 15979 4051 6914 6091 28586 48283 122056 29784 12642 3164 1960 16558 7747 3114 1201 1600 23565 4832 18334 158464 15221
leaf_count=16959 30178 7107 99575 33138 38728 7306 50229 24948 9667 15979 4051 6914 6091 28586 48283 122056 29784 12642 3164 1960 16558 7747 3114 1201 1600 23565 4832 18334 158464 15221
internal_value=-0.012757 -0.00542186 -0.0224708 -0.0176113 -0.00972646 -0.00773253 -0.000825669 -0.00367407 -0.00659959 -0.0116595 -0.00814029 -0.0104727 -0.0117882 -0.0109715 -0.0134497 0.000610911 0.00315107 -0.0065565 0.00770357 0.0122303 -0.00441449 -0.00814205 -0.0236271 0.0166345 0.00929385 -0.00872097 -0.00902253 -0.0237303 -0.0230718 -0.0196208
internal_weight=847981 483146 364835 70127 249487 162476 233659 65486 40538 36989 20030 96990 72602 66511 87011 166872 44816 24388 15032 7925 66787 36333 294708 5965 2801 30871 17474 291594 192019 33555
internal_count=847981 483146 364835 70127 249487 162476 233659 65486 40538 36989 20030 96990 72602 66511 87011 166872 44816 24388 15032 7925 66787 36333 294708 5965 2801 30871 17474 291594 192019 33555
cat_boundaries=0 1 2 3 4 5 6 7
cat_threshold=1 1 377087 7372352 112 360727 32
is_linear=0
shrinkage=0.05


Tree=86
num_leaves=31
num_cat=8
split_feature=18 18 2 3 2 7 0 0 4 3 4 3 4 3 0 0 18 18 13 4 4 17 3 0 7 3 3 3 0 3
split_gain=24254.4 3804.89 807.092 1097 746.477 703.361 477.37 374.663 230.504 206.02 199.435 186.068 458.339 343.034 203.02 164.175 191.209 161.742 142.516 185.519 132.496 118.429 116.08 107.979 126.625 97.3264 191.418 171.742 96.5556 94.551
threshold=0.14271402359008792 0.44424292445182806 0 81.500000000000014 1 28.69999980926514 2 3 4.5000000000000009 41.500000000000007 4.5000000000000009 41.500000000000007 4.5000000000000009 80.500000000000014 4 5 0.71484372019767772 0.18460166454315188 0.98212006688117992 4.5000000000000009 4.5000000000000009 0.07692307606339456 44.500000000000007 6 28.400000572204593 43.500000000000007 57.500000000000007 46.500000000000007 7 73.500000000000014
decision_type=2 2 1 2 1 2 1 1 2 2 2 2 2 2 1 1 2 2 2 2 2 2 2 1 2 2 2 2 1 2
left_child=2 4 3 9 5 11 15 8 22 -1 -11 14 13 28 -2 16 18 -6 -3 23 -8 25 -7 -20 -25 -4 27 -27 -13 -28
right_child=1 6 21 -5 17 7 20 -9 -10 10 -12 12 -14 -15 -16 -17 -18 -19 19 -21 -22 -23 -24 24 -26 26 29 -29 -30 -31
leaf_value=0 0 2.5947362645711023e-07 0 0 0 0 0 6.4793871015835022e-06 0.0013894638738088383 0 2.4599210564319083e-05 0 -6.4014988648071708e-05 0 0 -9.2406125260457161e-06 0.0052144388810581978 0 2.5947362645711023e-07 -0.00015570358323144999 -0.00012842060346801169 0 0 2.5947362645711023e-07 2.5947362645711023e-07 0 0 0 0 0
leaf_weight=16801 11994 7129 99360 33162 38665 6354 50282 24931 9646 15999 3968 21924 13303 5848 27749 122046 29890 48220 3199 1928 16592 3109 24609 1184 1597 18287 112465 15162 16079 45947
leaf_count=16801 11994 7129 99360 33162 38665 6354 50282 24931 9646 15999 3968 21924 13303 5848 27749 122046 29890 48220 3199 1928 16592 3109 24609 1184 1597 18287 112465 15162 16079 45947
internal_value=-0.0127368 -0.00539216 -0.022479 -0.0176505 -0.00968928 -0.00768837 -0.00081068 -0.00368782 -0.00664898 -0.0117031 -0.0082699 -0.0103943 -0.0085672 -0.0110334 -0.0130218 0.000619075 0.00320282 -0.0134301 0.00780242 0.0124241 -0.00437997 -0.0236262 -0.00875319 0.0167726 0.00945002 -0.0237298 -0.023072 -0.0196351 -0.00929861 -0.0237978
internal_weight=847429 483169 364260 69930 249322 162437 233847 65540 40609 36768 19967 96897 57154 43851 39743 166973 44927 86885 15037 7908 66874 294330 30963 5980 2781 291221 191861 33449 38003 158412
internal_count=847429 483169 364260 69930 249322 162437 233847 65540 40609 36768 19967 96897 57154 43851 39743 166973 44927 86885 15037 7908 66874 294330 30963 5980 2781 291221 191861 33449 38003 158412
cat_boundaries=0 1 2 3 4 5 6 7 8
cat_threshold=1 1 377087 7372352 360727 112 32 7356064
is_linear=0
shrinkage=0.05


Tree=87
num_leaves=31
num_cat=8
split_feature=18 18 2 3 2 3 4 3 0 0 0 3 4 18 0 18 13 4 4 0 3 3 3 3 8 3 3 3 2 17
split_gain=24285 3819.52 810.468 1091.83 756.787 512.885 619.665 530.401 481.665 313.616 223.047 208.202 194.616 160.992 157.267 192.646 139.411 184.665 133.684 112.174 110.018 206.019 186.931 113.311 107.48 84.2978 82.0835 80.4688 77.0287 76.3807
threshold=0.1122730001807213 0.44424292445182806 0 81.500000000000014 1 41.500000000000007 4.5000000000000009 80.500000000000014 2 3 4 41.500000000000007 4.5000000000000009 0.18460166454315188 5 0.71484372019767772 0.98212006688117992 4.5000000000000009 4.5000000000000009 6 43.500000000000007 57.500000000000007 46.500000000000007 73.500000000000014 1.0000000180025095e-35 46.500000000000007 80.500000000000014 84.500000000000014 7 0.30769230425357824
decision_type=2 2 1 2 1 2 2 2 1 1 1 2 2 2 1 2 2 2 2 1 2 2 2 2 2 2 2 2 1 2
left_child=2 4 3 11 5 10 7 9 14 -7 29 -1 26 -6 15 16 -3 19 -10 -18 -4 22 -22 -23 -11 -15 -13 -25 -20 -2
right_child=1 8 20 -5 13 6 -8 -9 18 24 -12 12 -14 25 -16 -17 17 -19 28 -21 21 23 -24 27 -26 -27 -28 -29 -30 -31
leaf_value=0 0 2.4649994513425472e-07 0 0 0 0 0.00045118904984365465 0 0 0 0 0 2.3369250036103129e-05 0 -8.7785818997434304e-06 0.0041381397204028336 2.4649994513425472e-07 -0.00014791840406987749 0.00094944005091586188 2.4649994513425472e-07 0 0 0 0 0 0 0 0 -0.00097521142881146173 0
leaf_weight=16723 13904 7130 99354 32955 39168 41692 26244 5907 50340 25633 29191 14099 4015 2246 122040 29852 3193 1954 13574 2797 18712 112774 16005 30289 15080 46063 1839 16824 3089 5104
leaf_count=16723 13904 7130 99354 32955 39168 41692 26244 5907 50340 25633 29191 14099 4015 2246 122040 29852 3193 1954 13574 2797 18712 112774 16005 30289 15080 46063 1839 16824 3089 5104
internal_value=-0.0127316 -0.00539853 -0.0224973 -0.017647 -0.00969261 -0.00767672 -0.00585609 -0.00786077 -0.000805983 -0.00682331 -0.0120039 -0.011712 -0.00826317 -0.0134432 0.000631228 0.00316005 0.00776834 0.0123238 -0.00438684 0.0166778 -0.0236462 -0.0229551 -0.0194638 -0.0237132 -0.00369877 -0.0115118 -0.0107416 -0.0216538 -0.000505611 -0.00777421
internal_weight=847790 484201 363589 69631 250232 162755 114556 88312 233969 82405 48199 36676 19953 87477 166966 44926 15074 7944 67003 5990 293958 194604 34717 159887 40713 48309 15938 47113 16663 19008
internal_count=847790 484201 363589 69631 250232 162755 114556 88312 233969 82405 48199 36676 19953 87477 166966 44926 15074 7944 67003 5990 293958 194604 34717 159887 40713 48309 15938 47113 16663 19008
cat_boundaries=0 1 2 3 4 5 6 7 8
cat_threshold=1 1 377087 7355904 491831 112 32 1
is_linear=0
shrinkage=0.05


Tree=88
num_leaves=31
num_cat=7
split_feature=18 18 2 3 2 7 0 0 3 4 17 3 3 18 4 0 18 0 13 4 4 4 17 0 7 4 3 4 3 3
split_gain=24191.5 3841.69 821.779 1112.79 723.806 728.357 471.287 371.111 267.624 212.98 185.038 211.541 264.467 165.466 153.681 149.676 199.872 145.427 145.102 179.181 131.263 130.009 118.23 112.949 124.501 111.973 103.845 100.401 95.5736 186.725
threshold=0.14271402359008792 0.44424292445182806 0 80.500000000000014 1 28.69999980926514 2 3 41.500000000000007 4.5000000000000009 0.30769230425357824 80.500000000000014 41.500000000000007 0.18460166454315188 4.5000000000000009 4 0.71484372019767772 5 0.98212006688117992 4.5000000000000009 4.5000000000000009 4.5000000000000009 0.07692307606339456 6 28.400000572204593 4.5000000000000009 45.500000000000007 4.5000000000000009 43.500000000000007 57.500000000000007
decision_type=2 2 1 2 1 2 1 1 2 2 2 2 2 2 2 1 2 1 2 2 2 2 2 1 2 2 2 2 2 2
left_child=2 4 3 8 5 10 15 9 -1 26 11 12 -2 -6 -10 16 18 -12 -3 23 -14 -8 28 -20 -25 -19 -7 -13 -4 -30
right_child=1 6 22 -5 13 7 21 -9 14 -11 17 27 20 -15 -16 -17 -18 25 19 -21 -22 -23 -24 24 -26 -27 -28 -29 29 -31
leaf_value=0 0 2.34174947877542e-07 0 0 0 0 0 1.4642498777094958e-06 0 -0.015559755108250972 -9.1985933815945923e-05 0 0 0 2.2200787534297972e-05 -8.3396528047562584e-06 0.0039312327343826951 0 2.34174947877542e-07 -0.00014052248386638361 -8.3373691707850858e-05 -7.3239001854038009e-05 0 2.34174947877542e-07 2.34174947877542e-07 -0.0016751012553831602 0 -0.00013437516532875411 0 0
leaf_weight=16866 30173 7118 99151 35347 38566 6724 50287 27972 14174 8806 6957 5576 28405 48141 3614 122178 29939 12617 3221 1944 7787 16614 3094 1186 1595 4772 21916 572 33421 158088
leaf_count=16866 30173 7118 99151 35347 38566 6724 50287 27972 14174 8806 6957 5576 28405 48141 3614 122178 29939 12617 3221 1944 7787 16614 3094 1186 1595 4772 21916 572 33421 158088
internal_value=-0.0127376 -0.00540413 -0.0224763 -0.017608 -0.00972753 -0.00775695 -0.000805487 -0.00368094 -0.0112411 -0.0069348 -0.0105099 -0.0117762 -0.0109542 -0.0134156 -0.00696256 0.000613819 0.00307856 -0.00673827 0.00777682 0.0124213 -0.00807223 -0.00435168 -0.0236364 0.0166944 0.00919921 -0.00918013 -0.00902758 -0.020649 -0.0237399 -0.0230876
internal_weight=846821 483066 363755 70001 248984 162277 234082 65418 34654 37446 96859 72513 66365 86707 17788 167181 45003 24346 15064 7946 36192 66901 293754 6002 2781 17389 28640 6148 290660 191509
internal_count=846821 483066 363755 70001 248984 162277 234082 65418 34654 37446 96859 72513 66365 86707 17788 167181 45003 24346 15064 7946 36192 66901 293754 6002 2781 17389 28640 6148 290660 191509
cat_boundaries=0 1 2 3 4 5 6 7
cat_threshold=1 1 377087 7372288 112 360727 32
is_linear=0
shrinkage=0.05


Tree=89
num_leaves=31
num_cat=9
split_feature=18 18 0 18 17 7 0 18 0 4 3 0 4 17 0 0 4 0 0 3 3 3 18 3 3 0 3 3 4 4
split_gain=24259.4 3811.95 458.852 410.704 328.008 166.338 145.744 195.574 142.922 130.743 120.885 116.574 146.172 107.972 90.7129 90.269 82.6189 74.7381 71.0027 70.0272 167.02 100.823 68.4033 67.1125 112.139 66.7551 60.5088 60.4759 58.8057 58.6716
threshold=0.12503665685653689 0.44424292445182806 0 0.24917653203010562 0.15384615212678912 28.10000038146973 1 0.71484372019767772 2 4.5000000000000009 80.500000000000014 3 4.5000000000000009 0.19230768829584124 4 5 4.5000000000000009 6 7 44.500000000000007 56.500000000000007 46.500000000000007 1.0000126361846926 47.500000000000007 80.500000000000014 8 47.500000000000007 43.500000000000007 4.5000000000000009 4.5000000000000009
decision_type=2 2 1 2 2 2 1 2 1 2 2 1 2 2 1 1 2 1 1 2 2 2 2 2 2 1 2 2 2 2
left_child=4 3 6 10 15 13 7 11 -7 18 17 12 -3 23 -15 19 26 -2 -4 -1 21 -21 -8 -5 -25 28 -10 -20 -9 -12
right_child=1 2 9 5 -6 8 22 25 16 -11 29 -13 -14 14 -16 -17 -18 -19 27 20 -22 -23 -24 24 -26 -27 -28 -29 -30 -31
leaf_value=0 0 2.2246620048366488e-07 0 0 0 0 -2.7104495478629754e-05 0.0045502483142660088 0 -6.9577051761336104e-05 0 2.2246620048366488e-07 -0.00013349635967306443 0 0 0 0 0 0 0 0 0 0.00066173329606271651 0 0 -0.0034886964677661421 0 0 0.027762984206500332 0
leaf_weight=58832 25483 4360 19997 17814 3745 29395 74408 14064 9713 16594 7517 9199 1531 6563 17543 193570 12430 60668 1992 5869 93225 9011 47573 26589 5704 10576 28594 28183 5190 1767
leaf_count=58832 25483 4360 19997 17814 3745 29395 74408 14064 9713 16594 7517 9199 1531 6563 17543 193570 12430 60668 1992 5869 93225 9011 47573 26589 5704 10576 28594 28183 5190 1767
internal_value=-0.0127403 -0.00539826 -0.00080788 -0.00969253 -0.0224848 -0.00809825 0.00059358 0.00302804 -0.00651862 -0.00431068 -0.0122709 0.00766733 0.0131546 -0.00980388 -0.00705426 -0.0226378 -0.0081261 -0.0116867 -0.00558379 -0.0217654 -0.0210113 -0.0160921 -0.000303096 -0.0111267 -0.0097676 0.000682199 -0.00927703 -0.00711529 0.00243459 -0.0176917
internal_weight=847699 483447 233667 249780 364252 154345 166901 44920 80132 66766 95435 15090 5891 74213 24106 360507 50737 86151 50172 166937 108105 14880 121981 50107 32293 29830 38307 30175 19254 9284
internal_count=847699 483447 233667 249780 364252 154345 166901 44920 80132 66766 95435 15090 5891 74213 24106 360507 50737 86151 50172 166937 108105 14880 121981 50107 32293 29830 38307 30175 19254 9284
cat_boundaries=0 1 2 3 4 5 6 7 8 9
cat_threshold=377087 112 721327 32 327959 5906312 655788 2752768 16
is_linear=0
shrinkage=0.05


Tree=90
num_leaves=31
num_cat=8
split_feature=18 18 2 3 2 7 0 0 4 3 4 3 4 3 0 18 0 18 13 4 4 0 7 3 3 3 3 3 0 3
split_gain=24227 3780.77 816.835 1096.4 756.529 707.211 469.842 366.822 219.796 208.747 188.429 182.466 450.324 350.18 197.23 167.785 146.482 199.788 140.409 179.753 133.641 113.355 129.86 109.497 202.756 182.001 114.252 106.309 100.441 85.372
threshold=0.1122730001807213 0.44424292445182806 0 81.500000000000014 1 28.69999980926514 2 3 4.5000000000000009 41.500000000000007 4.5000000000000009 41.500000000000007 4.5000000000000009 80.500000000000014 4 0.18460166454315188 5 0.71484372019767772 0.98212006688117992 4.5000000000000009 4.5000000000000009 6 28.400000572204593 43.500000000000007 57.500000000000007 46.500000000000007 73.500000000000014 45.500000000000007 7 46.500000000000007
decision_type=2 2 1 2 1 2 1 1 2 2 2 2 2 2 1 2 1 2 2 2 2 1 2 2 2 2 2 2 1 2
left_child=2 4 3 9 5 11 16 8 27 -1 -11 14 13 28 -2 -6 17 18 -3 21 -8 -20 -23 -4 25 -25 -26 -7 -13 -17
right_child=1 6 23 -5 15 7 20 -9 -10 10 -12 12 -14 -15 -16 29 -18 -19 19 -21 -22 22 -24 24 26 -27 -28 -29 -30 -31
leaf_value=0 0 2.1134289045948164e-07 0 0 0 0 0 1.3910373838240213e-06 0.0020739692601868197 0 2.1090748157583076e-05 0 -7.9205007122458329e-05 0 0 0 -6.5674453905869571e-06 0.0035071586819502621 2.1134289045948164e-07 -0.00013350748298308863 -6.6098199173269298e-05 2.1134289045948164e-07 -0.00010065631850502172 0 0 0 0 0 0 0
leaf_weight=16672 12013 7107 99501 33042 39150 6778 50272 28127 8796 16008 3978 14325 13277 5900 27810 2228 122172 29808 3178 1956 16546 1172 1599 18648 112657 16089 47056 21934 23825 46006
leaf_count=16672 12013 7107 99501 33042 39150 6778 50272 28127 8796 16008 3978 14325 13277 5900 27810 2228 122172 29808 3178 1956 16546 1172 1599 18648 112657 16089 47056 21934 23825 46006
internal_value=-0.0127452 -0.00541785 -0.0224971 -0.0176306 -0.00969015 -0.00767562 -0.000846628 -0.00366611 -0.00690202 -0.0116769 -0.00823076 -0.0103845 -0.00857842 -0.0110114 -0.0129843 -0.013443 0.000571251 0.00301584 0.00772049 0.0123055 -0.00438963 0.0166288 0.00912442 -0.023651 -0.0229607 -0.0194987 -0.0237136 -0.00902236 -0.00925819 -0.0114691
internal_weight=847630 483979 363651 69700 250169 162785 233810 65635 37508 36658 19986 97150 57327 44050 39823 87384 166992 44820 15012 7905 66818 5949 2771 293951 194450 34737 159713 28712 38150 48234
internal_count=847630 483979 363651 69700 250169 162785 233810 65635 37508 36658 19986 97150 57327 44050 39823 87384 166992 44820 15012 7905 66818 5949 2771 293951 194450 34737 159713 28712 38150 48234
cat_boundaries=0 1 2 3 4 5 6 7 8
cat_threshold=1 1 377087 7372288 360727 112 32 508255
is_linear=0
shrinkage=0.05


Tree=91
num_leaves=31
num_cat=8
split_feature=18 18 2 3 2 7 0 0 4 3 4 3 4 3 0 18 0 18 13 4 4 17 3 0 7 3 3 3 0 3
split_gain=24216.8 3760.55 806.244 1091 760.286 716.108 472.02 374.087 236.237 214.488 199.523 187.141 460.083 347.547 198.277 161.918 143.796 210.38 141.363 189.699 129.432 117.545 110.481 105.966 122.862 97.5753 191.387 166.874 97.1393 94.4154
threshold=0.14271402359008792 0.44424292445182806 0 81.500000000000014 1 28.69999980926514 2 3 4.5000000000000009 41.500000000000007 4.5000000000000009 41.500000000000007 4.5000000000000009 80.500000000000014 4 0.18460166454315188 5 0.71484372019767772 0.98212006688117992 4.5000000000000009 4.5000000000000009 0.07692307606339456 45.500000000000007 6 28.400000572204593 43.500000000000007 57.500000000000007 46.500000000000007 7 73.500000000000014
decision_type=2 2 1 2 1 2 1 1 2 2 2 2 2 2 1 2 1 2 2 2 2 2 2 1 2 2 2 2 1 2
left_child=2 4 3 9 5 11 16 8 22 -1 -11 14 13 28 -2 -6 17 18 -3 23 -8 25 -7 -20 -25 -4 27 -27 -13 -28
right_child=1 6 21 -5 15 7 20 -9 -10 10 -12 12 -14 -15 -16 -17 -18 -19 19 -21 -22 -23 -24 24 -26 26 29 -29 -30 -31
leaf_value=0 0 2.0077574593650755e-07 0 0 0 0 0 6.0126533834276517e-06 0.0019862253195532921 0 2.0036210749703922e-05 0 -7.5244756766335401e-05 0 0 0 -6.2390731210576087e-06 0.0030048045086202794 2.0077574593650755e-07 -0.00016077904210857845 -6.6788972188548047e-05 0 0 2.0077574593650755e-07 5.2441588157105682e-06 0 0 0 0 0
leaf_weight=16845 12035 7110 99538 33009 38788 7291 50305 24984 9622 16003 4005 20002 13209 5860 27813 48197 121990 29741 3178 1967 16580 3071 23515 1204 1601 18285 112526 15214 18126 45927
leaf_count=16845 12035 7110 99538 33009 38788 7291 50305 24984 9622 16003 4005 20002 13209 5860 27813 48197 121990 29741 3178 1967 16580 3071 23515 1204 1601 18285 112526 15214 18126 45927
internal_value=-0.0127504 -0.00540996 -0.0224818 -0.0176527 -0.0096796 -0.00765972 -0.000852248 -0.00361631 -0.00658786 -0.0117392 -0.0082392 -0.0103851 -0.00855246 -0.0110098 -0.0130157 -0.013452 0.00057089 0.00299313 0.00780876 0.0123899 -0.00440055 -0.0236271 -0.00872557 0.0168185 0.00961812 -0.0237296 -0.0230709 -0.0196372 -0.00926747 -0.0237968
internal_weight=847541 483118 364423 69862 249442 162457 233676 65412 40428 36853 20008 97045 57197 43988 39848 86985 166791 44801 15060 7950 66885 294561 30806 5983 2805 291490 191952 33499 38128 158453
internal_count=847541 483118 364423 69862 249442 162457 233676 65412 40428 36853 20008 97045 57197 43988 39848 86985 166791 44801 15060 7950 66885 294561 30806 5983 2805 291490 191952 33499 38128 158453
cat_boundaries=0 1 2 3 4 5 6 7 8
cat_threshold=1 1 377087 7372352 360727 112 32 7355936
is_linear=0
shrinkage=0.05


Tree=92
num_leaves=31
num_cat=9
split_feature=18 18 0 18 17 7 0 0 18 13 4 4 3 17 0 7 0 0 3 3 0 3 3 3 4 0 4 18 0 4
split_gain=24163.6 3780.51 474.153 414.116 334.502 158.157 150.698 142.298 207.017 139.477 180.766 130.998 124.809 119.864 110.435 125.668 100.491 91.6847 77.8703 114.031 72.1245 72.0536 169.768 100.748 71.6006 69.7246 68.604 66.2447 66.0418 57.8794
threshold=0.14271402359008792 0.44424292445182806 0 0.24917653203010562 0.15384615212678912 28.69999980926514 1 2 0.71484372019767772 0.98212006688117992 4.5000000000000009 4.5000000000000009 80.500000000000014 0.24675325304269793 3 28.400000572204593 4 5 47.500000000000007 80.500000000000014 6 44.500000000000007 56.500000000000007 46.500000000000007 4.5000000000000009 7 4.5000000000000009 1.0000126361846926 8 4.5000000000000009
decision_type=2 2 1 2 2 2 1 1 2 2 2 2 2 2 1 2 1 1 2 2 1 2 2 2 2 1 2 2 1 2
left_child=4 3 7 12 17 13 -7 8 9 -3 14 20 25 18 -11 -16 -15 21 -5 -20 -4 -1 23 -23 -18 -2 -8 -9 29 -10
right_child=1 2 11 5 -6 6 26 27 28 10 -12 -13 -14 16 15 -17 24 -19 19 -21 -22 22 -24 -25 -26 -27 -28 -29 -30 -31
leaf_value=0 0 1.9073695863968217e-07 0 0 0 0 0 -2.5108944779116036e-05 0.0060290524727421918 1.9073695863968217e-07 -0.00011879315672850527 -0.00010838125730640026 0 0 1.9073695863968217e-07 4.981950874925039e-06 0 0 0 0 0 0 0 0 -0.00067797117661885634 0 0 0.00062928695718516561 -0.0035995223423796797 0.024003140197257602
leaf_weight=58891 25288 7124 20049 20537 3899 21278 37523 74505 14112 3175 1977 16609 9120 8651 1186 1631 13370 193568 30456 5786 30271 5868 93320 8976 4583 60451 12425 47573 10559 5240
leaf_count=58891 25288 7124 20049 20537 3899 21278 37523 74505 14112 3175 1977 16609 9120 8651 1186 1631 13370 193568 30456 5786 30271 5868 93320 8976 4583 60451 12425 47573 10559 5240
internal_value=-0.0127521 -0.00542345 -0.0008584 -0.00970565 -0.0224724 -0.00810997 -0.00637969 0.000566155 0.00296908 0.00774366 0.0122882 -0.00441409 -0.0123064 -0.00958799 0.0166138 0.0092943 -0.00681852 -0.0226299 -0.0108856 -0.00949175 -0.00568561 -0.0217516 -0.0209866 -0.0160199 -0.00895034 -0.0117149 -0.00788062 -0.000319851 0.00056083 0.00229573
internal_weight=848001 483479 234011 249468 364522 154609 71226 167082 45004 15093 7969 66929 94859 83383 5992 2817 26604 360623 56779 36242 50320 167055 108164 14844 17953 85739 49948 122078 29911 19352
internal_count=848001 483479 234011 249468 364522 154609 71226 167082 45004 15093 7969 66929 94859 83383 5992 2817 26604 360623 56779 36242 50320 167055 108164 14844 17953 85739 49948 122078 29911 19352
cat_boundaries=0 1 2 3 4 5 6 7 8 9
cat_threshold=377087 655789 112 32 360727 5906312 2752768 655788 16
is_linear=0
shrinkage=0.05


Tree=93
num_leaves=31
num_cat=8
split_feature=18 18 2 3 2 7 0 0 4 3 4 3 4 3 0 18 4 0 18 13 4 17 3 0 7 3 3 3 0 3
split_gain=24365.3 3865.25 811.153 1103.24 748.884 706.692 484.363 369.221 235.172 210.106 196.843 187.104 462.766 343.024 194.93 162.916 131.193 119.329 204.893 148.906 179.354 117.616 114.233 107.148 121.963 96.2155 192.354 170.11 95.283 92.4739
threshold=0.14271402359008792 0.44424292445182806 0 81.500000000000014 1 28.69999980926514 2 3 4.5000000000000009 41.500000000000007 4.5000000000000009 41.500000000000007 4.5000000000000009 80.500000000000014 4 0.18460166454315188 4.5000000000000009 5 0.71484372019767772 0.98212006688117992 4.5000000000000009 0.07692307606339456 44.500000000000007 6 28.400000572204593 43.500000000000007 57.500000000000007 46.500000000000007 7 73.500000000000014
decision_type=2 2 1 2 1 2 1 1 2 2 2 2 2 2 1 2 2 1 2 2 2 2 2 1 2 2 2 2 1 2
left_child=2 4 3 9 5 11 17 8 22 -1 -11 14 13 28 -2 -6 -8 18 19 -3 23 25 -7 -21 -25 -4 27 -27 -13 -28
right_child=1 6 21 -5 15 7 16 -9 -10 10 -12 12 -14 -15 -16 -17 -18 -19 -20 20 -22 -23 -24 24 -26 26 29 -29 -30 -31
leaf_value=0 0 1.8120011070769808e-07 0 0 0 0 0 5.7120207142562691e-06 0.0018724092540517657 0 1.9034400212218727e-05 0 -7.1482518928018629e-05 0 0 0 -5.4034777739858414e-05 -4.6716722260489275e-06 0.0025536734877370073 1.8120011070769808e-07 -0.00011285349889207999 0 0 1.8120011070769808e-07 4.7328533311787877e-06 0 0 0 0 0
leaf_weight=16806 11987 7133 99448 33077 38664 6283 50278 24986 9634 15988 4023 21938 13224 5837 27826 48291 16629 122259 29861 3171 1936 3130 24492 1192 1618 18216 112346 15220 16140 46000
leaf_count=16806 11987 7133 99448 33077 38664 6283 50278 24986 9634 15988 4023 21938 13224 5837 27826 48291 16629 122259 29861 3171 1936 3130 24492 1192 1618 18216 112346 15220 16140 46000
internal_value=-0.0127191 -0.00536023 -0.0224846 -0.0176424 -0.00969266 -0.00768708 -0.000746015 -0.00367039 -0.00662374 -0.0116882 -0.00822673 -0.0103964 -0.00856289 -0.0110321 -0.0130278 -0.0134371 -0.00434083 0.000692966 0.00289675 0.00765449 0.0123753 -0.0236343 -0.00875955 0.0166569 0.00943262 -0.0237379 -0.0230835 -0.0196375 -0.00930196 -0.0238111
internal_weight=847633 483379 364254 69894 249302 162347 234077 65395 40409 36817 20011 96952 57139 43915 39813 86955 66907 167170 44911 15050 7917 294360 30775 5981 2810 291230 191782 33436 38078 158346
internal_count=847633 483379 364254 69894 249302 162347 234077 65395 40409 36817 20011 96952 57139 43915 39813 86955 66907 167170 44911 15050 7917 294360 30775 5981 2810 291230 191782 33436 38078 158346
cat_boundaries=0 1 2 3 4 5 6 7 8
cat_threshold=1 1 377087 7372352 360727 112 32 7356064
is_linear=0
shrinkage=0.05


Tree=94
num_leaves=31
num_cat=8
split_feature=18 18 2 3 2 7 1 1 4 3 4 3 4 3 18 4 1 3 3 3 3 3 3 3 2 17 3 1 1 18
split_gain=24346.3 3869.42 819.531 1104.29 751.933 700.085 416.502 311.536 238.534 218.485 206.041 185.326 450.325 345.938 160.811 144.346 119.017 114.626 110.23 274.121 117.559 116.028 86.6441 85.2329 85.0475 81.4515 81.4195 79.8322 75.1944 106.871
threshold=0.1122730001807213 0.44424292445182806 0 81.500000000000014 1 28.69999980926514 2 3 4.5000000000000009 41.500000000000007 4.5000000000000009 41.500000000000007 4.5000000000000009 80.500000000000014 0.18460166454315188 4.5000000000000009 4 44.500000000000007 44.500000000000007 57.500000000000007 46.500000000000007 73.500000000000014 46.500000000000007 80.500000000000014 5 0.30769230425357824 84.500000000000014 6 7 0.71484372019767772
decision_type=2 2 1 2 1 2 1 1 2 2 2 2 2 2 2 2 1 2 2 2 2 2 2 2 1 2 2 1 1 2
left_child=2 4 3 9 5 11 28 -7 17 -1 23 16 13 27 -6 -8 25 -9 -4 20 -20 -21 -16 -11 -17 -2 -23 -13 29 -3
right_child=1 6 18 -5 14 7 15 8 -10 10 -12 12 -14 -15 22 24 -18 -19 19 21 -22 26 -24 -25 -26 -27 -28 -29 -30 -31
leaf_value=0 0 1.7214010517231317e-07 0 0 0 7.352518097486242e-07 0 0 0.0015260651337841659 0 1.8082680201607788e-05 0 -6.7908392981617694e-05 0 0 0.00096736841027516565 0 0 0 0 0 0 0 0 -0.00090454489436971616 0 0 0 -4.4380886147464811e-06 0.0024227363453482144
leaf_weight=16659 9940 20266 106969 33045 39192 25141 53177 6190 9667 14129 3976 9118 13192 5902 2242 14860 26269 24693 11175 112616 16039 30227 46112 1819 3652 3666 16886 29053 108952 33028
leaf_count=16659 9940 20266 106969 33045 39192 25141 53177 6190 9667 14129 3976 9118 13192 5902 2242 14860 26269 24693 11175 112616 16039 30227 46112 1819 3652 3666 16886 29053 108952 33028
internal_value=-0.0127117 -0.00537092 -0.0224911 -0.0176136 -0.00969089 -0.00768174 -0.000747323 -0.00369495 -0.00640533 -0.011629 -0.00809576 -0.0103778 -0.0085554 -0.0109812 -0.0134278 -0.00392091 -0.012995 -0.00855244 -0.0236465 -0.0229141 -0.0182755 -0.0237044 -0.0114985 -0.0106346 -0.000118842 -0.00917303 -0.0216209 -0.00923934 0.000655138 0.00219402
internal_weight=847852 484312 363540 69628 250377 162831 233935 65691 40550 36583 19924 97140 57265 44073 87546 71689 39875 30883 293912 186943 27214 159729 48354 15948 18512 13606 47113 38171 162246 53294
internal_count=847852 484312 363540 69628 250377 162831 233935 65691 40550 36583 19924 97140 57265 44073 87546 71689 39875 30883 293912 186943 27214 159729 48354 15948 18512 13606 47113 38171 162246 53294
cat_boundaries=0 1 2 3 4 5 6 7 8
cat_threshold=1 1 3 3 1 1 1 2
is_linear=0
shrinkage=0.05


Tree=95
num_leaves=31
num_cat=8
split_feature=18 18 2 3 2 7 0 0 3 4 3 4 3 0 18 4 4 0 18 0 4 3 3 3 3 3 0 17 3 3
split_gain=24332.1 3884.13 810.329 1102.09 763.716 703.515 495.028 358.538 270.704 238.525 186.844 444.441 345.464 201.706 166.791 151.534 136.419 123.388 208.619 120.016 146.886 112.751 110.552 273.496 116.584 114.968 95.6948 90.6718 86.1412 81.7938
threshold=0.11947405338287355 0.44424292445182806 0 80.500000000000014 1 28.69999980926514 2 3 41.500000000000007 4.5000000000000009 41.500000000000007 4.5000000000000009 80.500000000000014 4 0.18460166454315188 4.5000000000000009 4.5000000000000009 5 0.71484372019767772 6 4.5000000000000009 44.500000000000007 44.500000000000007 57.500000000000007 73.500000000000014 46.500000000000007 7 0.30769230425357824 46.500000000000007 84.500000000000014
decision_type=2 2 1 2 1 2 1 1 2 2 2 2 2 1 2 2 2 1 2 1 2 2 2 2 2 2 1 2 2 2
left_child=2 4 3 8 5 10 17 9 -1 21 13 12 26 27 -6 -10 -8 18 19 20 -3 -7 -4 25 -25 -24 -12 -2 -16 -26
right_child=1 6 22 -5 14 7 16 -9 15 -11 11 -13 -14 -15 28 -17 -18 -19 -20 -21 -22 -23 23 24 29 -27 -28 -29 -30 -31
leaf_value=0 0 1.6353309991369751e-07 0 0 0 0 0 6.9848921926119291e-07 0 0.0017266130238971723 -0.00011182012493428465 -6.451297333253681e-05 0 0 0 1.7178546191527398e-05 -6.1057941343796912e-06 -4.216184184009157e-06 0.0034468646237328093 1.6353309991369751e-07 0.00096775326534114252 0 0 0 0 0 0 -8.7386637125148626e-05 0 0
leaf_weight=16796 8641 4383 107061 35301 39073 6367 50273 24998 14086 9620 5630 13201 5872 27822 2224 3625 16597 122079 29824 9065 1551 24640 11218 112735 30298 16100 32528 3396 46077 16899
leaf_count=16796 8641 4383 107061 35301 39073 6367 50273 24998 14086 9620 5630 13201 5872 27822 2224 3625 16597 122079 29824 9065 1551 24640 11218 112735 30298 16100 32528 3396 46077 16899
internal_value=-0.0127324 -0.00538507 -0.0224959 -0.0176527 -0.00971624 -0.00769152 -0.000751587 -0.00369257 -0.0112984 -0.00659067 -0.0103945 -0.00856398 -0.0109766 -0.0130228 -0.0134868 -0.00698577 -0.00438621 0.000704862 0.00294816 0.00775885 0.0132823 -0.00872626 -0.0236446 -0.0229119 -0.0237016 -0.0182883 -0.00923922 -0.00759318 -0.011522 -0.0216153
internal_weight=847980 483861 364119 69808 250089 162715 233772 65625 34507 40627 97090 57231 44030 39859 87374 17711 66870 166902 44823 14999 5934 31007 294311 187250 159932 27318 38158 12037 48301 47197
internal_count=847980 483861 364119 69808 250089 162715 233772 65625 34507 40627 97090 57231 44030 39859 87374 17711 66870 166902 44823 14999 5934 31007 294311 187250 159932 27318 38158 12037 48301 47197
cat_boundaries=0 1 2 3 4 5 6 7 8
cat_threshold=1 1 377087 7372352 360727 112 32 360471
is_linear=0
shrinkage=0.05


Tree=96
num_leaves=31
num_cat=9
split_feature=18 18 2 2 7 7 0 0 4 0 18 4 17 0 18 13 4 17 4 0 7 7 0 7 8 7 2 8 17 17
split_gain=24392.2 3795.17 820.073 774.621 654.988 550.385 500.904 371.133 227.882 218.103 160.682 134.285 118.856 118.324 201.243 146.596 183.171 116.601 110.952 109.572 126.292 86.599 77.479 76.219 168.65 135.45 74.3706 73.3637 72.7381 69.8196
threshold=0.14271402359008792 0.44424292445182806 0 1 28.69999980926514 27.10000038146973 2 3 4.5000000000000009 4 0.18460166454315188 4.5000000000000009 0.30769230425357824 5 0.71484372019767772 0.98212006688117992 4.5000000000000009 0.07692307606339456 4.5000000000000009 6 28.400000572204593 29.800000190734867 7 19.69999980926514 1.0000000180025095e-35 23.800000190734867 8 3.4000000059604649 0.14379699528217318 2.0855262279510502
decision_type=2 2 1 1 2 2 1 1 2 1 2 2 2 1 2 2 2 2 2 1 2 2 1 2 2 2 1 2 2 2
left_child=2 3 5 4 9 23 13 8 -6 12 -5 22 -2 14 15 -3 19 -4 -11 -17 -21 -7 -8 -1 -25 -26 -13 -12 -20 -16
right_child=1 6 17 10 7 21 11 -9 -10 18 27 26 -14 -15 29 16 -18 -19 28 20 -22 -23 -24 24 25 -27 -28 -29 -30 -31
leaf_value=0 0 1.5535644491801262e-07 0 0 0 0 0 5.354732627092964e-06 0.00048855287991906866 0 0 0.00087590204219719085 0 -4.0053749748086995e-06 -0.0028820448161793466 1.5535644491801262e-07 -0.00014786048217605197 0 0 1.5535644491801262e-07 4.479427004365548e-06 0 0 0 0 0 -0.00085901235994451141 0 -0.0015574476337830595 0.034171590170454569
leaf_weight=7264 21209 7164 291313 38775 30886 11146 29134 25001 9681 51747 34646 13522 7711 122175 23049 3189 1963 3099 11570 1201 1590 7156 21190 28099 11146 5144 3092 13571 4766 6738
leaf_count=7264 21209 7164 291313 38775 30886 11146 29134 25001 9681 51747 34646 13522 7711 122175 23049 3189 1963 3099 11570 1201 1590 7156 21190 28099 11146 5144 3092 13571 4766 6738
internal_value=-0.012702 -0.0053407 -0.0224715 -0.00962993 -0.00759222 -0.0176052 -0.000766323 -0.003732 -0.00668421 -0.0102015 -0.013438 -0.0044206 -0.00655548 0.000698023 0.00289284 0.00759416 0.0122718 -0.0236278 -0.0117475 0.0166221 0.00927347 -0.0101546 -0.00570801 -0.0202452 -0.0194682 -0.0154205 -0.000523655 -0.011511 -0.00815683 0.00050945
internal_weight=847937 483570 364367 249563 162571 69955 234007 65568 40567 97003 86992 66938 28920 167069 44894 15107 7943 294412 68083 5980 2791 18302 50324 51653 44389 16290 16614 48217 16336 29787
internal_count=847937 483570 364367 249563 162571 69955 234007 65568 40567 97003 86992 66938 28920 167069 44894 15107 7943 294412 68083 5980 2791 18302 50324 51653 44389 16290 16614 48217 16336 29787
cat_boundaries=0 1 2 3 4 5 6 7 8 9
cat_threshold=1 1 377087 7372352 360735 112 32 2760960 1
is_linear=0
shrinkage=0.05


Tree=97
num_leaves=31
num_cat=7
split_feature=18 18 2 3 2 7 0 0 4 0 3 4 3 4 3 3 18 4 4 17 0 18 13 4 3 3 0 7 3 3
split_gain=24440.5 3814.19 818.063 1108.09 777.04 649.804 465.607 362.235 219.572 214.001 243.359 305.25 204.236 194.317 186.389 164.072 159.879 159.44 143.772 120.06 118.846 216.308 145.756 183.144 113.937 112.671 107.225 127.262 96.9625 187.788
threshold=0.14271402359008792 0.44424292445182806 0 81.500000000000014 1 28.69999980926514 2 3 4.5000000000000009 4 41.500000000000007 4.5000000000000009 41.500000000000007 4.5000000000000009 80.500000000000014 80.500000000000014 0.18460166454315188 4.5000000000000009 4.5000000000000009 0.07692307606339456 5 0.71484372019767772 0.98212006688117992 4.5000000000000009 45.500000000000007 41.500000000000007 6 28.400000572204593 43.500000000000007 57.500000000000007
decision_type=2 2 1 2 1 2 1 1 2 1 2 2 2 2 2 2 2 2 2 2 1 2 2 2 2 2 1 2 2 2
left_child=2 4 3 12 5 9 20 8 24 14 -11 15 -1 -14 25 -12 -6 -8 -16 28 21 22 -3 26 -7 -2 -24 -28 -4 -30
right_child=1 6 19 -5 16 7 17 -9 -10 10 11 -13 13 -15 18 -17 -18 -19 -20 -21 -22 -23 23 -25 -26 -27 27 -29 29 -31
leaf_value=0 0 1.4758862267211198e-07 0 0 0 0 0 3.9582812694348506e-07 -0.00053230378306655672 0 0 -0.00052286436802171765 0 1.6319618881951028e-05 0 0 0 -3.9097286634971267e-05 0.038601715025556427 0 -3.8051062260682638e-06 0.0025537435131395394 1.4758862267211198e-07 -0.00014046745806724938 0 0 1.4758862267211198e-07 4.2554556541472707e-06 0 0
leaf_weight=16873 12085 7130 99208 33121 38701 7323 50329 24973 9651 27716 30702 10050 16081 3991 2927 2925 48293 16644 730 3108 122207 29822 3201 1961 23564 9848 1198 1618 33551 158345
leaf_count=16873 12085 7130 99208 33121 38701 7323 50329 24973 9651 27716 30702 10050 16081 3991 2927 2925 48293 16644 730 3108 122207 29822 3201 1961 23564 9848 1198 1618 33551 158345
internal_value=-0.0126892 -0.00532147 -0.0224702 -0.0176148 -0.00962291 -0.0075812 -0.000737474 -0.00373411 -0.00665138 -0.0101799 -0.0115867 -0.00926288 -0.0116613 -0.00825279 -0.00624805 -0.011548 -0.0134366 -0.00425966 -0.0167008 -0.0236265 0.000674107 0.00287272 0.00774755 0.0123903 -0.00870998 -0.00450805 0.0167151 0.00948337 -0.0237309 -0.0230747
internal_weight=847876 483598 364278 70066 249488 162494 234110 65511 40538 96983 71393 43677 36945 20072 25590 33627 86994 66973 3657 294212 167137 44930 15108 7978 30887 21933 6017 2816 291104 191896
internal_count=847876 483598 364278 70066 249488 162494 234110 65511 40538 96983 71393 43677 36945 20072 25590 33627 86994 66973 3657 294212 167137 44930 15108 7978 30887 21933 6017 2816 291104 191896
cat_boundaries=0 1 2 3 4 5 6 7
cat_threshold=1 1 377087 7372352 360727 112 32
is_linear=0
shrinkage=0.05


Tree=98
num_leaves=31
num_cat=9
split_feature=18 18 2 2 7 7 0 0 5 0 18 5 17 19 5 17 0 18 13 5 0 7 7 19 0 7 8 7 0 8
split_gain=24501.9 3801.43 822.259 793.121 669.1 556.018 459.78 358.897 230.875 212.761 166.661 162.096 127.111 126.414 217.831 115.797 112.824 211.845 147.075 179.07 113.938 126.679 92.6831 84.7426 78.3968 76.5228 164.341 138.376 71.3642 70.0213
threshold=0.14271402359008792 0.44424292445182806 0 1 28.69999980926514 27.10000038146973 2 3 1.0000000180025095e-35 4 0.18460166454315188 1.0000000180025095e-35 0.31789474189281469 1.000000059604645 1.0000000180025095e-35 0.07692307606339456 5 0.71484372019767772 0.98212006688117992 1.0000000180025095e-35 6 28.400000572204593 29.800000190734867 0.99999997019767772 7 19.69999980926514 1.0000000180025095e-35 23.800000190734867 8 3.4000000059604649
decision_type=2 2 1 1 2 2 1 1 2 1 2 2 2 2 2 2 1 2 2 2 1 2 2 2 1 2 2 2 1 2
left_child=2 3 5 4 9 25 16 8 -6 12 -5 24 -2 23 -15 -4 17 18 -3 20 -20 -22 -7 -11 -8 -1 -27 -28 -19 -12
right_child=1 6 15 10 7 22 11 -9 -10 13 29 -13 -14 14 -16 -17 -18 28 19 -21 21 -23 -24 -25 -26 26 27 -29 -30 -31
leaf_value=0 0 1.402091915385064e-07 0 0 0 0 0 5.067204589391142e-06 0.0016424699178596847 0 0 3.910497790131343e-05 -8.3017305268891188e-05 0 -0.00039027604718850793 0 -3.6148509147648508e-06 0.013890108412582104 1.402091915385064e-07 -0.00013344408516388691 1.402091915385064e-07 4.0426828714399071e-06 0 0 0 0 0 0 -0.0039500548854238217 0
leaf_weight=7262 18618 7112 291457 38648 30964 11065 29075 25001 9658 27178 34808 16674 6919 15821 5870 3094 121881 19281 3176 1976 1170 1623 7077 22421 21124 28068 11210 5167 10530 13509
leaf_count=7262 18618 7112 291457 38648 30964 11065 29075 25001 9658 27178 34808 16674 6919 15821 5870 3094 121881 19281 3176 1976 1170 1623 7077 22421 21124 28068 11210 5167 10530 13509
internal_value=-0.0126879 -0.00530348 -0.0224764 -0.00959636 -0.00753339 -0.017599 -0.000720394 -0.00363554 -0.00653549 -0.0101751 -0.01345 -0.00422267 -0.00625024 -0.0115785 -0.00839634 -0.023633 0.000684371 0.00282767 0.00766255 0.0123379 0.0166569 0.00917767 -0.0100678 -0.0129725 -0.00564204 -0.0202415 -0.0194639 -0.0154836 0.000386602 -0.0114923
internal_weight=847437 483037 364400 249415 162450 69849 233622 65623 40622 96827 86965 66873 25537 71290 21691 294551 166749 44868 15057 7945 5969 2793 18142 49599 50199 51707 44445 16377 29811 48317
internal_count=847437 483037 364400 249415 162450 69849 233622 65623 40622 96827 86965 66873 25537 71290 21691 294551 166749 44868 15057 7945 5969 2793 18142 49599 50199 51707 44445 16377 29811 48317
cat_boundaries=0 1 2 3 4 5 6 7 8 9
cat_threshold=1 1 377087 7372352 360727 112 32 2760960 16
is_linear=0
shrinkage=0.05


Tree=99
num_leaves=31
num_cat=9
split_feature=18 18 2 2 7 7 0 0 4 0 18 4 19 4 17 17 0 18 13 4 0 7 7 19 0 7 8 7 8 0
split_gain=24462.3 3816.92 814.061 782.99 661.013 558.891 455.088 365.749 226.079 209.169 163.748 163.067 133.302 217.101 128.095 119.694 109.006 229.283 138.793 182.108 108.498 123.734 86.7894 82.3541 78.3869 75.0073 164.829 133.977 73.7813 63.1343
threshold=0.14271402359008792 0.44424292445182806 0 1 28.69999980926514 27.10000038146973 2 3 4.5000000000000009 4 0.18460166454315188 4.5000000000000009 1.000000059604645 4.5000000000000009 0.40524606406688696 0.07692307606339456 5 0.71484372019767772 0.98212006688117992 4.5000000000000009 6 28.400000572204593 29.800000190734867 0.99668008089065563 7 19.69999980926514 1.0000000180025095e-35 23.800000190734867 3.4000000059604649 8
decision_type=2 2 1 1 2 2 1 1 2 1 2 2 2 2 2 2 1 2 2 2 1 2 2 2 1 2 2 2 2 1
left_child=2 3 5 4 9 25 16 8 -6 14 -5 24 23 -14 -2 -4 17 18 -3 20 -20 -22 -7 -11 -8 -1 -27 -28 -12 -19
right_child=1 6 15 10 7 22 11 -9 -10 12 28 -13 13 -15 -16 -17 -18 29 19 -21 21 -23 -24 -25 -26 26 27 -29 -30 -31
leaf_value=0 0 1.3319873196158108e-07 0 0 0 0 0 4.8138443599215846e-06 0.0015347692098775512 0 0 3.7149729006247756e-05 0 -0.00037076224482908253 -7.8866440005446629e-05 0 -3.4341083690266087e-06 0.012373392090011304 1.3319873196158108e-07 -0.00012677188090569257 1.3319873196158108e-07 3.8405487278679116e-06 0 0 0 0 0 0 0 -0.0037048623454552518
leaf_weight=7249 18768 7175 291578 38691 30905 11046 29141 24863 9592 26762 34670 16585 15869 5951 6777 3114 122152 19300 3176 1937 1171 1581 7106 22863 21159 28169 11186 5158 13588 10570
leaf_count=7249 18768 7175 291578 38691 30905 11046 29141 24863 9592 26762 34670 16585 15869 5951 6777 3114 122152 19300 3176 1937 1171 1581 7106 22863 21159 28169 11186 5158 13588 10570
internal_value=-0.0126953 -0.0053182 -0.0224729 -0.00962288 -0.00757222 -0.0176224 -0.000731042 -0.00368574 -0.00661552 -0.0101913 -0.0134519 -0.00421594 -0.0115804 -0.00832493 -0.00629916 -0.0236236 0.000664384 0.00277048 0.00780585 0.0123935 0.0167426 0.00935916 -0.0100733 -0.0130141 -0.00563419 -0.0202697 -0.0195016 -0.0155072 -0.011509 0.000236023
internal_weight=847852 483246 364606 249299 162350 69914 233947 65360 40497 96990 86949 66885 71445 21820 25545 294692 167062 44910 15040 7865 5928 2752 18152 49625 50300 51762 44513 16344 48258 29870
internal_count=847852 483246 364606 249299 162350 69914 233947 65360 40497 96990 86949 66885 71445 21820 25545 294692 167062 44910 15040 7865 5928 2752 18152 49625 50300 51762 44513 16344 48258 29870
cat_boundaries=0 1 2 3 4 5 6 7 8 9
cat_threshold=1 1 377087 7372352 360727 112 32 2760960 16
is_linear=0
shrinkage=0.05


Tree=100
num_leaves=31
num_cat=6
split_feature=18 18 2 3 2 7 1 3 4 1 3 4 3 4 18 4 1 3 1 3 3 3 3 3 3 17 4 3 3 3
split_gain=24305.4 3898.66 821.3 1116.6 747.326 562.459 389.471 267.679 262.029 235.048 208.076 424.522 373.664 174.239 161.891 160.222 143.594 119.888 119.409 113.754 275.968 121.72 115.998 86.5481 82.9405 80.9342 71.5813 109.091 66.4422 97.1902
threshold=0.14271402359008792 0.44424292445182806 0 80.500000000000014 1 28.69999980926514 2 41.500000000000007 4.5000000000000009 3 41.500000000000007 4.5000000000000009 80.500000000000014 4.5000000000000009 0.18460166454315188 4.5000000000000009 4 45.500000000000007 5 44.500000000000007 57.500000000000007 73.500000000000014 46.500000000000007 84.500000000000014 46.500000000000007 0.30769230425357824 4.5000000000000009 36.500000000000007 55.500000000000007 74.500000000000014
decision_type=2 2 1 2 1 2 1 2 2 1 2 2 2 2 2 2 1 2 1 2 2 2 2 2 2 2 2 2 2 2
left_child=2 4 3 7 5 10 -3 -1 9 -7 18 12 16 -8 -6 -9 -12 -11 25 -4 22 -22 -21 -23 -16 26 -2 -28 -26 -30
right_child=1 6 19 -5 14 8 13 15 -10 17 11 -13 -14 -15 24 -17 -18 -19 -20 20 21 23 -24 -25 28 -27 27 -29 29 -31
leaf_value=0 0 1.2653879536350204e-07 0 0 0 -7.3768081061996826e-05 0 0 0.00153671040405301 0 0 -3.5144106264824083e-05 0 3.5292242555935373e-05 0 1.5503637937853476e-05 0 0 0 0 0 0 0 0 0 0 0 0 0 0
leaf_weight=16735 6811 162152 106864 35281 38545 19297 53124 14162 15430 7233 9154 13157 5860 18509 2226 3632 29049 23680 26142 11264 112696 30573 16262 16879 23769 3692 2317 810 6282 16021
leaf_count=16735 6811 162152 106864 35281 38545 19297 53124 14162 15430 7233 9154 13157 5860 18509 2226 3632 29049 23680 26142 11264 112696 30573 16262 16879 23769 3692 2317 810 6282 16021
internal_value=-0.0127184 -0.00536668 -0.0224696 -0.0175935 -0.0097141 -0.00771435 -0.000727485 -0.0112015 -0.00414001 -0.00589126 -0.0101333 -0.00820255 -0.0105559 -0.00379765 -0.0134591 -0.00693211 -0.00875258 -0.00859312 -0.0129111 -0.0236253 -0.0228838 -0.0236787 -0.0182591 -0.0215544 -0.0115305 -0.00909091 -0.011446 -0.0177087 -0.0110751 -0.0130352
internal_weight=847608 483260 364348 69810 249475 162632 233785 34529 65640 50210 96992 57220 44063 71633 86843 17794 38203 30913 39772 294538 187674 160148 27526 47452 48298 13630 9938 3127 46072 22303
internal_count=847608 483260 364348 69810 249475 162632 233785 34529 65640 50210 96992 57220 44063 71633 86843 17794 38203 30913 39772 294538 187674 160148 27526 47452 48298 13630 9938 3127 46072 22303
cat_boundaries=0 1 2 3 4 5 6
cat_threshold=1 1 3 3 1 1
is_linear=0
shrinkage=0.05


Tree=101
num_leaves=31
num_cat=7
split_feature=18 18 2 3 2 7 1 1 4 3 4 3 3 4 4 18 1 1 3 3 3 3 3 3 3 3 4 3 1 18
split_gain=24422.4 3818.46 825.229 1107.77 781.719 653.915 392.02 308.961 243.381 213.651 424.845 374.617 213.302 200.28 169.025 168.092 135.731 122.269 115.895 112.418 202.803 186.408 118.564 86.3117 84.153 82.3702 77.1979 160.645 68.8278 103.336
threshold=0.14271402359008792 0.44424292445182806 0 81.500000000000014 1 28.69999980926514 2 3 4.5000000000000009 41.500000000000007 4.5000000000000009 80.500000000000014 41.500000000000007 4.5000000000000009 4.5000000000000009 0.18460166454315188 4 5 44.500000000000007 43.500000000000007 57.500000000000007 46.500000000000007 73.500000000000014 80.500000000000014 84.500000000000014 46.500000000000007 4.5000000000000009 36.500000000000007 6 0.71484372019767772
decision_type=2 2 1 2 1 2 1 1 2 2 2 2 2 2 2 2 1 1 2 2 2 2 2 2 2 2 2 2 1 2
left_child=2 4 3 12 5 9 28 -7 18 17 11 16 -1 23 -8 -6 -11 26 -9 -4 21 -21 -22 -14 -24 -17 -2 -28 29 -3
right_child=1 6 19 -5 15 7 14 8 -10 10 -12 -13 13 -15 -16 25 -18 -19 -20 20 22 -23 24 -25 -26 -27 27 -29 -30 -31
leaf_value=0 0 1.2021185559532694e-07 0 0 0 3.5703883262305157e-06 0 0 0.0013721098519461794 0 -3.3386900951582878e-05 0 0 1.4728456040960802e-05 3.3527630428138606e-05 0 0 0 0 0 0 0 0 0 0 0 0 0 -3.2687298903434532e-06 0.0030125312772235294
leaf_weight=16855 9819 20264 99393 33130 38735 25130 53046 6224 9610 9164 13225 5843 14172 4038 18561 2246 28961 26123 24642 18739 112687 16135 30540 1867 16902 45994 2391 1368 108846 33119
leaf_count=16855 9819 20264 99393 33130 38735 25130 53046 6224 9610 9164 13225 5843 14172 4038 18561 2246 28961 26123 24642 18739 112687 16135 30540 1867 16902 45994 2391 1368 108846 33119
internal_value=-0.0126981 -0.00532861 -0.0224708 -0.0175937 -0.00963133 -0.00758369 -0.000738124 -0.00372908 -0.00643185 -0.0101936 -0.00823746 -0.0106009 -0.011639 -0.00815734 -0.00381927 -0.013457 -0.0087941 -0.0130116 -0.00859684 -0.0236314 -0.0229339 -0.0194787 -0.0236864 -0.0106631 -0.0215895 -0.0114874 -0.00913674 -0.0152368 0.000622076 0.0020925
internal_weight=847769 483311 364458 70062 249475 162500 233836 65606 40476 96894 57193 43968 36932 20077 71607 86975 38125 39701 30866 294396 195003 34874 160129 16039 47442 48240 13578 3759 162229 53383
internal_count=847769 483311 364458 70062 249475 162500 233836 65606 40476 96894 57193 43968 36932 20077 71607 86975 38125 39701 30866 294396 195003 34874 160129 16039 47442 48240 13578 3759 162229 53383
cat_boundaries=0 1 2 3 4 5 6 7
cat_threshold=1 1 3 3 1 1 2
is_linear=0
shrinkage=0.05


Tree=102
num_leaves=31
num_cat=2
split_feature=18 18 2 3 2 7 4 3 3 4 3 4 18 18 3 3 3 3 17 3 3 3 3 4 3 3 3 4 18 3
split_gain=24420.1 3814.76 817.334 1102.58 777.726 662.896 223.512 207.211 202.593 423.007 372.697 197.46 167.988 138.702 110.478 204.798 187.314 115.699 96.5186 93.4988 85.0038 83.341 82.5091 71.4268 235.987 65.4824 95.4594 62.0366 96.7083 69.8355
threshold=0.1122730001807213 0.44424292445182806 0 81.500000000000014 1 28.69999980926514 4.5000000000000009 41.500000000000007 41.500000000000007 4.5000000000000009 80.500000000000014 4.5000000000000009 0.18460166454315188 1.0000126361846926 43.500000000000007 57.500000000000007 46.500000000000007 73.500000000000014 0.24675325304269793 45.500000000000007 80.500000000000014 46.500000000000007 84.500000000000014 4.5000000000000009 36.500000000000007 55.500000000000007 74.500000000000014 4.5000000000000009 1.8580787777900698 47.500000000000007
decision_type=2 2 1 2 1 2 2 2 2 2 2 2 2 2 2 2 2 2 2 2 2 2 2 2 2 2 2 2 2 2
left_child=2 4 3 7 5 8 19 -1 18 10 -10 20 -6 -3 -4 16 -16 -17 23 -7 -9 -14 -19 -2 -25 -23 -27 29 -29 -15
right_child=1 13 14 -5 12 6 -8 11 9 -11 -12 -13 21 27 15 17 -18 22 -20 -21 -22 25 -24 24 -26 26 -28 28 -30 -31
leaf_value=0 0 0 0 0 0 0 0.0014473240616114714 0 0 -3.1717555904003732e-05 0 1.3992033238912762e-05 0 -0.0053248103290223676 0 0 0 0 0 0 0 0 0 0 0 0 0 0.0037762198277959957 0.046062278422551999 0.00059938898815612991
leaf_weight=16667 21211 154943 99448 33037 39254 12341 15268 14199 38068 13293 5939 3961 2246 8316 18650 112595 16180 30183 9867 37956 1848 23655 16817 6165 2580 6334 16014 15455 4680 50120
leaf_count=16667 21211 154943 99448 33037 39254 12341 15268 14199 38068 13293 5939 3961 2246 8316 18650 112595 16180 30183 9867 37956 1848 23655 16817 6165 2580 6334 16014 15455 4680 50120
internal_value=-0.0126991 -0.00533977 -0.0224899 -0.0176225 -0.00962954 -0.00758507 -0.00370053 -0.0116544 -0.0102074 -0.00830366 -0.0106648 -0.00822421 -0.0134307 -0.000743638 -0.0236445 -0.0229511 -0.0194775 -0.0237092 -0.0129467 -0.00530896 -0.010692 -0.0114546 -0.0216255 -0.0143594 -0.0181618 -0.0109955 -0.0129363 0.000967596 0.00336106 0.000142891
internal_weight=847290 483705 363585 69712 250191 162688 65565 36675 97123 57300 44007 20008 87503 233514 293873 194425 34830 159595 39823 50297 16047 48249 47000 29956 8745 46003 22348 78571 20135 58436
internal_count=847290 483705 363585 69712 250191 162688 65565 36675 97123 57300 44007 20008 87503 233514 293873 194425 34830 159595 39823 50297 16047 48249 47000 29956 8745 46003 22348 78571 20135 58436
cat_boundaries=0 1 2
cat_threshold=1 1
is_linear=0
shrinkage=0.05


Tree=103
num_leaves=31
num_cat=7
split_feature=18 18 2 3 2 3 4 3 0 0 0 3 4 18 4 17 0 18 4 13 3 3 3 8 3 0 3 3 3 17
split_gain=24394.3 3773.16 826.933 1116.49 791.296 528.251 575.214 537.672 482.333 355.248 226.388 206.87 231.675 162.417 160.873 116.564 108.528 324.145 140.367 126.19 97.145 192.593 173.753 97.0476 94.0658 84.8919 83.0732 78.0954 75.5457 74.5563
threshold=0.14271402359008792 0.44424292445182806 0 81.500000000000014 1 41.500000000000007 4.5000000000000009 80.500000000000014 2 3 4 39.500000000000007 4.5000000000000009 0.18460166454315188 4.5000000000000009 0.07692307606339456 5 0.71484372019767772 4.5000000000000009 0.98212006688117992 43.500000000000007 57.500000000000007 46.500000000000007 1.0000000180025095e-35 73.500000000000014 6 46.500000000000007 45.500000000000007 80.500000000000014 3.019736766815186
decision_type=2 2 1 2 1 2 2 2 1 1 1 2 2 2 2 2 1 2 2 2 2 2 2 2 2 1 2 2 2 2
left_child=2 4 3 11 5 10 7 9 16 -7 -2 -1 28 -6 27 20 17 18 19 -3 -4 22 -22 -11 -23 -25 -15 -10 -13 -18
right_child=1 8 15 -5 13 6 -8 -9 14 23 -12 12 -14 26 -16 -17 29 -19 -20 -21 21 24 -24 25 -26 -27 -28 -29 -30 -31
leaf_value=0 0 1.1420126281556058e-07 0 0 0 0 0.00054470830948566971 0 0 0 0 0 1.3292431576967124e-05 0 -9.4433343948719544e-05 0 1.1420126281556058e-07 -0.0040918689318461335 0.0010799413335446206 1.1420126281556058e-07 0 0 0 5.5910062467142329e-06 0 0 0 0 0 0.0182033332652515
leaf_weight=14782 18895 1196 99396 33000 38731 41769 26134 5867 5254 25716 29099 15645 4517 2237 16579 3076 146674 4852 1552 3198 18273 112360 15211 2935 46104 12109 46051 45033 1866 9416
leaf_count=14782 18895 1196 99396 33000 38731 41769 26134 5867 5254 25716 29099 15645 4517 2237 16579 3076 146674 4852 1552 3198 18273 112360 15211 2935 46104 12109 46051 45033 1866 9416
internal_value=-0.0126975 -0.00533342 -0.0224689 -0.0175763 -0.00960927 -0.00754904 -0.00570375 -0.00763044 -0.000768757 -0.00659071 -0.0119525 -0.0115892 -0.0085187 -0.0134571 -0.00435657 -0.023629 0.000668971 0.00551443 0.0133451 0.0179108 -0.0237312 -0.0230742 -0.0196288 -0.00326711 -0.0238023 -0.00645772 -0.0115225 -0.00576541 -0.011123 0.00033344
internal_weight=847527 483297 364230 69810 249543 162524 114530 88396 233754 82529 47994 36810 22028 87019 66866 294420 166888 10798 5946 4394 291344 191948 33484 40760 158464 15044 48288 50287 17511 156090
internal_count=847527 483297 364230 69810 249543 162524 114530 88396 233754 82529 47994 36810 22028 87019 66866 294420 166888 10798 5946 4394 291344 191948 33484 40760 158464 15044 48288 50287 17511 156090
cat_boundaries=0 1 2 3 4 5 6 7
cat_threshold=1 1 377087 7355904 491831 32 360467
is_linear=0
shrinkage=0.05


Tree=104
num_leaves=31
num_cat=7
split_feature=18 18 2 3 2 7 0 0 4 3 0 3 4 4 3 4 18 4 3 3 3 0 18 13 4 0 7 3 3 3
split_gain=24458.9 3740.31 803.867 1088.22 786.986 665.217 448.093 360.291 224.68 214.988 210.09 231.289 287.353 203.242 185.828 164.257 160.984 160.122 147.971 116.963 115.779 113.184 216.928 142.631 182.306 113.708 125.439 109.858 200.362 183.917
threshold=0.1122730001807213 0.44424292445182806 0 81.500000000000014 1 28.69999980926514 2 3 4.5000000000000009 41.500000000000007 4 41.500000000000007 4.5000000000000009 4.5000000000000009 80.500000000000014 4.5000000000000009 0.18460166454315188 4.5000000000000009 80.500000000000014 44.500000000000007 41.500000000000007 5 0.71484372019767772 0.98212006688117992 4.5000000000000009 6 28.400000572204593 43.500000000000007 57.500000000000007 46.500000000000007
decision_type=2 2 1 2 1 2 1 1 2 2 1 2 2 2 2 2 2 2 2 2 2 1 2 2 2 1 2 2 2 2
left_child=2 4 3 9 5 10 21 8 19 -1 14 -12 18 -11 20 -8 -6 -16 -13 -7 -2 22 23 -3 25 -25 -27 -4 29 -29
right_child=1 6 27 -5 16 7 15 -9 -10 13 11 12 -14 -15 17 -17 -18 -19 -20 -21 -22 -23 -24 24 -26 26 -28 28 -30 -31
leaf_value=0 0 1.0849119967478256e-07 0 0 0 0 0 8.0830367787138215e-06 0.0012129881180288516 0 0 0 -0.00046820494484399396 1.2627809998118769e-05 0 3.6572916104167652e-05 0 0.03811699943127532 0 0 0 -3.1110034589670584e-06 0.00098157616569415356 1.0849119967478256e-07 -0.00017550336182024928 1.0849119967478256e-07 3.6304736957857965e-06 0 0 0
leaf_weight=16633 13411 7149 99551 33139 39174 6332 50245 25003 9630 15915 26433 29496 9396 3979 3107 16619 48212 793 2753 24477 11611 122134 29815 3193 1956 1181 1610 18667 159807 16072
leaf_count=16633 13411 7149 99551 33139 39174 6332 50245 25003 9630 15915 26433 29496 9396 3979 3107 16619 48212 793 2753 24477 11611 122134 29815 3193 1956 1181 1610 18667 159807 16072
internal_value=-0.0127099 -0.00534399 -0.0225051 -0.0176758 -0.0095982 -0.00753992 -0.000800121 -0.00364445 -0.00656073 -0.0117235 -0.010168 -0.0116856 -0.00936547 -0.00821605 -0.00658959 -0.00425876 -0.0134243 -0.0167436 -0.0116073 -0.00864601 -0.00500959 0.000584563 0.00273077 0.00761648 0.0122292 0.0165608 0.00907712 -0.0236491 -0.0229578 -0.0195162
internal_weight=847493 483730 363763 69666 249828 162442 233902 65442 40439 36527 97000 68078 41645 19894 28922 66864 87386 3900 32249 30809 25022 167038 44904 15089 7940 5984 2791 294097 194546 34739
internal_count=847493 483730 363763 69666 249828 162442 233902 65442 40439 36527 97000 68078 41645 19894 28922 66864 87386 3900 32249 30809 25022 167038 44904 15089 7940 5984 2791 294097 194546 34739
cat_boundaries=0 1 2 3 4 5 6 7
cat_threshold=1 1 377087 7372352 360735 112 32
is_linear=0
shrinkage=0.05


Tree=105
num_leaves=31
num_cat=2
split_feature=18 18 2 3 2 7 3 4 3 4 3 18 4 18 17 3 3 3 17 3 3 3 3 4 3 8 3 19 3 4
split_gain=24423.1 3772.52 807.084 1105.56 772.566 653.433 268.61 228.058 203.582 425.715 367.842 165.808 158.456 135.355 120.384 97.9265 191.106 171.117 97.0755 94.7733 86.9204 83.2616 73.8863 69.465 237.011 66.5929 62.0414 60.6718 52.3529 50.3494
threshold=0.14271402359008792 0.44424292445182806 0 80.500000000000014 1 28.69999980926514 41.500000000000007 4.5000000000000009 41.500000000000007 4.5000000000000009 80.500000000000014 0.18460166454315188 4.5000000000000009 1.0000126361846926 0.07692307606339456 43.500000000000007 57.500000000000007 46.500000000000007 0.24675325304269793 73.500000000000014 45.500000000000007 46.500000000000007 78.500000000000014 4.5000000000000009 36.500000000000007 3.4000000059604649 55.500000000000007 1.1804062724113467 56.500000000000007 4.5000000000000009
decision_type=2 2 1 2 1 2 2 2 2 2 2 2 2 2 2 2 2 2 2 2 2 2 2 2 2 2 2 2 2 2
left_child=2 4 3 6 5 8 -1 20 18 10 -10 -6 -8 -3 15 -4 17 -17 23 -18 -7 -13 -21 -2 -25 26 -23 -15 -19 -5
right_child=1 13 14 29 11 7 12 -9 9 -11 -12 21 -14 27 -16 16 19 28 -20 22 -22 25 -24 24 -26 -27 -28 -29 -30 -31
leaf_value=0 0 0 0 0 0 0 0 0.0013112005263923587 0 -3.3956846340887338e-05 0 0 1.1996419498212831e-05 0.0005695693788581313 0 0 0 0 0 0 0 0 0 0 0 0 0 0.013260087903196993 0 0
leaf_weight=16876 21103 155122 99605 29270 38742 12333 14158 15322 38033 13246 5875 2230 3652 62738 3100 18330 112336 11117 9924 10237 37961 18037 35849 6138 2571 13256 14568 16025 4062 6120
leaf_count=16876 21103 155122 99605 29270 38742 12333 14158 15322 38033 13246 5875 2230 3652 62738 3100 18330 112336 11117 9924 10237 37961 18037 35849 6138 2571 13256 14568 16025 4062 6120
internal_value=-0.012709 -0.00533697 -0.0224766 -0.0176537 -0.00961572 -0.00758126 -0.01131 -0.00372851 -0.0101904 -0.00827939 -0.0106495 -0.0134232 -0.00702695 -0.000775488 -0.0236237 -0.0237279 -0.0230678 -0.0196373 -0.0129391 -0.0237934 -0.00535551 -0.0114621 -0.0218841 -0.014365 -0.0181221 -0.0110034 -0.0122182 0.000912548 -0.0157109 -0.0238712
internal_weight=847936 483224 364712 70076 249339 162506 34686 65616 96890 57154 43908 86833 17810 233885 294636 291536 191931 33509 39736 158422 50294 48091 46086 29812 8709 45861 32605 78763 15179 35390
internal_count=847936 483224 364712 70076 249339 162506 34686 65616 96890 57154 43908 86833 17810 233885 294636 291536 191931 33509 39736 158422 50294 48091 46086 29812 8709 45861 32605 78763 15179 35390
cat_boundaries=0 1 2
cat_threshold=1 1
is_linear=0
shrinkage=0.05


Tree=106
num_leaves=31
num_cat=7
split_feature=18 18 0 18 0 4 3 3 0 18 13 4 3 0 7 4 0 0 3 3 3 0 18 18 4 3 3 3 4 19
split_gain=24260.4 3713.05 440.803 409.577 163.379 156.013 143.025 124.823 120.391 214.966 151.109 184.931 120.391 107.612 122.065 107.521 95.1535 80.9415 79.4431 187.489 108.717 68.5607 64.3228 62.5196 72.7363 61.9855 100.455 72.7787 59.6551 55.8741
threshold=0.14271402359008792 0.44424292445182806 0 0.21786327660083774 1 4.5000000000000009 41.500000000000007 80.500000000000014 2 0.71484372019767772 0.98212006688117992 4.5000000000000009 80.500000000000014 3 28.400000572204593 4.5000000000000009 4 5 44.500000000000007 56.500000000000007 46.500000000000007 6 0.29109917581081396 2.1383383274078374 4.5000000000000009 83.500000000000014 73.500000000000014 80.500000000000014 4.5000000000000009 1.2388720512390139
decision_type=2 2 1 2 1 2 2 2 1 2 2 2 2 1 2 2 1 1 2 2 2 1 2 2 2 2 2 2 2 2
left_child=16 3 8 7 6 17 -5 21 9 10 -3 13 22 29 -15 -8 18 -4 -1 20 -20 -2 -6 -11 -25 26 -21 -28 -9 -12
right_child=1 2 5 4 12 -7 15 28 -10 23 11 -13 -14 14 -16 -17 -18 -19 19 25 -22 -23 -24 24 -26 -27 27 -29 -30 -31
leaf_value=0 0 1.0306663969104343e-07 0 0 0 -4.1503129905576861e-05 0 0 -2.9554532860187055e-06 -0.0027966771280219238 1.0306663969104343e-07 -0.0001116761663650842 0 1.0306663969104343e-07 3.4489500109965068e-06 0 0 0 0 0 0 0 0 0.029853822180446243 0.053496761653725779 0 0 0 0 1.0306663969104343e-07
leaf_weight=59445 29739 7131 29045 12686 36554 16639 50683 7403 122198 22372 2944 1965 5313 1184 1574 15880 195049 21175 5978 54463 9580 55057 34461 5413 2005 17248 12844 9894 1758 261
leaf_count=59445 29739 7131 29045 12686 36554 16639 50683 7403 122198 22372 2944 1965 5313 1184 1574 15880 195049 21175 5978 54463 9580 55057 34461 5413 2005 17248 12844 9894 1758 261
internal_value=-0.0127292 -0.00538547 -0.000859533 -0.00962795 -0.00805373 -0.0042901 -0.00964528 -0.0122346 0.000513747 0.00272911 0.00759845 0.0123486 -0.00639917 0.0167323 0.009375 -0.00871918 -0.0224691 -0.005681 -0.021583 -0.0207884 -0.0157025 -0.0116356 -0.00585686 0.000268546 0.00424643 -0.0216262 -0.0210208 -0.0182294 -0.0177792 0.0229627
internal_weight=847941 483440 233906 249534 155577 66859 79249 93957 167047 44849 15059 7928 76328 5963 2758 66563 364501 50220 169452 110007 15558 84796 71015 29790 7418 94449 77201 22738 9161 3205
internal_count=847941 483440 233906 249534 155577 66859 79249 93957 167047 44849 15059 7928 76328 5963 2758 66563 364501 50220 169452 110007 15558 84796 71015 29790 7418 94449 77201 22738 9161 3205
cat_boundaries=0 1 2 3 4 5 6 7
cat_threshold=377087 7372352 112 32 5906312 2760960 656300
is_linear=0
shrinkage=0.05


Tree=107
num_leaves=31
num_cat=6
split_feature=18 18 0 18 17 0 4 3 3 3 0 18 4 13 4 0 0 3 3 3 0 18 4 21 3 3 3 4 18 19
split_gain=24348.4 3747.56 430.306 420.903 320.032 166.031 153.149 152.885 120.793 119.011 114.75 311.046 152.409 123.03 95.1118 92.6614 78.2832 71.9025 171.728 102.713 69.387 62.1556 58.3788 57.6419 57.3763 94.7829 67.7253 56.0182 54.9119 53.5038
threshold=0.1122730001807213 0.44424292445182806 0 0.24917653203010562 0.19230768829584124 1 4.5000000000000009 42.500000000000007 80.500000000000014 80.500000000000014 2 0.71484372019767772 4.5000000000000009 0.98212006688117992 4.5000000000000009 3 4 44.500000000000007 56.500000000000007 46.500000000000007 5 0.29109917581081396 4.5000000000000009 4.1560313701629648 83.500000000000014 73.500000000000014 80.500000000000014 4.5000000000000009 1.9778068661689761 1.2388720512390139
decision_type=2 2 1 2 2 1 2 2 2 2 1 2 2 2 2 1 1 2 2 2 1 2 2 2 2 2 2 2 2 2
left_child=4 3 10 8 15 7 16 -5 20 21 11 12 13 -3 -9 17 -4 -1 19 -19 -2 -7 -10 27 25 -20 -27 -12 -29 -15
right_child=1 2 6 5 -6 9 -8 14 22 -11 23 -13 -14 29 -16 -17 -18 18 24 -21 -22 -23 -24 -25 -26 26 -28 28 -30 -31
leaf_value=0 0 9.7913307706491255e-08 0 0 0 0 -2.8164453235324241e-05 0 0 0 8.6528880461583804e-05 -0.0037965204371374385 -0.00016114438541098262 9.7913307706491255e-08 0 0 0 0 0 0 0 0 0 -1.6504472611943511e-05 0 0 0 0.01787076616376684 0.067765891690587401 9.7913307706491255e-08
leaf_weight=59071 25609 1213 29096 14142 2990 36065 16587 49176 7555 5335 25676 4850 1523 2934 15447 193329 21138 5876 53944 8978 60635 34421 1779 122778 17123 12391 9736 6409 1334 252
leaf_count=59071 25609 1213 29096 14142 2990 36065 16587 49176 7555 5335 25676 4850 1523 2934 15447 193329 21138 5876 53944 8978 60635 34421 1779 122778 17123 12391 9736 6409 1334 252
internal_value=-0.0127144 -0.00536962 -0.000818256 -0.00962309 -0.0224946 -0.00801043 -0.00420875 -0.00961949 -0.0122314 -0.00633679 0.00053884 0.00552773 0.0132219 0.0179416 -0.00859021 -0.0226298 -0.00558486 -0.0217474 -0.0209819 -0.015989 -0.0116466 -0.00579264 -0.0176345 0.000194454 -0.0217777 -0.0211891 -0.0184334 0.00203552 0.00576327 0.0231011
internal_weight=847392 483954 233790 250164 363438 154586 66821 78765 95578 75821 166969 10772 5922 4399 64623 360448 50234 167119 108048 14854 86244 70486 9334 156197 93194 76071 22127 33419 7743 3186
internal_count=847392 483954 233790 250164 363438 154586 66821 78765 95578 75821 166969 10772 5922 4399 64623 360448 50234 167119 108048 14854 86244 70486 9334 156197 93194 76071 22127 33419 7743 3186
cat_boundaries=0 1 2 3 4 5 6
cat_threshold=377087 7372352 32 5906312 2760960 655788
is_linear=0
shrinkage=0.05


Tree=108
num_leaves=31
num_cat=7
split_feature=18 18 2 3 2 3 4 3 0 0 0 3 4 18 4 0 18 4 17 3 3 3 3 8 0 3 17 3 4 3
split_gain=24214.1 3642.75 818.408 1103.95 784.635 524.786 575.906 542.809 418.014 354.152 227.864 214.994 208.029 163.286 157.343 120.976 304.055 143.279 119.711 96.9192 192.203 171.442 93.154 92.5694 87.8015 85.681 82.8542 82.7022 77.2946 178.347
threshold=0.14271402359008792 0.44424292445182806 0 81.500000000000014 1 41.500000000000007 4.5000000000000009 80.500000000000014 2 3 4 41.500000000000007 4.5000000000000009 0.18460166454315188 4.5000000000000009 5 0.71484372019767772 4.5000000000000009 0.07692307606339456 43.500000000000007 57.500000000000007 46.500000000000007 73.500000000000014 1.0000000180025095e-35 6 78.500000000000014 0.30769230425357824 46.500000000000007 4.5000000000000009 36.500000000000007
decision_type=2 2 1 2 1 2 2 2 1 1 1 2 2 2 2 1 2 2 2 2 2 2 2 2 1 2 2 2 2 2
left_child=2 4 3 11 5 10 7 9 15 -7 26 -1 25 -6 -10 16 17 -3 19 -4 21 -21 -22 -11 -25 -13 28 -15 -2 -30
right_child=1 8 18 -5 13 6 -8 -9 14 23 -12 12 -14 27 -16 -17 -18 -19 -20 20 22 -23 -24 24 -26 -27 -28 -29 29 -31
leaf_value=0 0 9.3017642321166695e-08 0 0 0 0 0.00047307098107947213 0 0 0 0 0 1.1396598523302188e-05 0 -3.8019750748531806e-05 9.2313693830366677e-07 -0.003606694415280567 0.00087337402159333173 0 0 0 0 0 5.3114559343785216e-06 0 0 0 0 0 0
leaf_weight=16827 9651 4370 99369 33082 38699 41657 26117 5902 50190 25666 29144 12445 4059 2215 16667 156263 4833 1541 3132 18345 112349 15211 46041 2936 12090 3561 5161 46116 2736 1377
leaf_count=16827 9651 4370 99369 33082 38699 41657 26117 5902 50190 25666 29144 12445 4059 2215 16667 156263 4833 1541 3132 18345 112349 15211 46041 2936 12090 3561 5161 46116 2736 1377
internal_value=-0.0127411 -0.0054036 -0.0224728 -0.0176123 -0.00960638 -0.00755385 -0.00571139 -0.00764156 -0.000920407 -0.00659176 -0.0119375 -0.0116651 -0.0081697 -0.0134373 -0.00426107 0.000417173 0.00554677 0.0131577 -0.0236279 -0.0237325 -0.0230763 -0.0196388 -0.0238045 -0.00327134 -0.00638893 -0.0107335 -0.00765118 -0.0114993 -0.00968105 -0.0154206
internal_weight=847752 483331 364421 69974 249467 162437 114368 88251 233864 82349 48069 36892 20065 87030 66857 167007 10744 5911 294447 291315 191946 33556 158390 40692 15026 16006 18925 48331 13764 4113
internal_count=847752 483331 364421 69974 249467 162437 114368 88251 233864 82349 48069 36892 20065 87030 66857 167007 10744 5911 294447 291315 191946 33556 158390 40692 15026 16006 18925 48331 13764 4113
cat_boundaries=0 1 2 3 4 5 6 7
cat_threshold=1 1 377087 7355904 491831 32 360467
is_linear=0
shrinkage=0.05


Tree=109
num_leaves=31
num_cat=6
split_feature=18 18 2 3 2 7 0 0 3 4 0 3 4 3 18 3 4 4 4 0 18 4 13 17 3 3 3 3 3 3
split_gain=24112.5 3629.73 820.695 1111.64 788.325 656.898 421.282 355.59 264.099 217.813 212.914 244.677 301.488 186.457 167.685 166.495 157.681 146.176 144.427 129.675 310.877 139.611 124.016 118.265 109.577 109.301 97.4035 190.602 173.628 96.167
threshold=0.14271402359008792 0.44424292445182806 0 80.500000000000014 1 28.69999980926514 2 3 41.500000000000007 4.5000000000000009 4 41.500000000000007 4.5000000000000009 80.500000000000014 0.18460166454315188 80.500000000000014 4.5000000000000009 4.5000000000000009 4.5000000000000009 5 0.71484372019767772 4.5000000000000009 0.98212006688117992 0.07692307606339456 41.500000000000007 45.500000000000007 43.500000000000007 57.500000000000007 46.500000000000007 73.500000000000014
decision_type=2 2 1 2 1 2 1 1 2 2 1 2 2 2 2 2 2 2 2 1 2 2 2 2 2 2 2 2 2 2
left_child=2 4 3 8 5 10 19 9 -1 25 13 -12 15 24 -6 -13 -10 -8 -15 20 21 22 -3 26 -2 -7 -4 28 -28 -29
right_child=1 6 23 -5 14 7 17 -9 16 -11 11 12 -14 18 -16 -17 -18 -19 -20 -21 -22 -23 -24 -25 -26 -27 27 29 -30 -31
leaf_value=0 0 8.8366760205108356e-08 0 0 0 0 0 2.987717070983299e-06 0 -0.007348196515782033 0 0 -0.00047943768183274471 0 0 0 1.0826768597137079e-05 -0.00033179895423564873 0.034359114151585705 8.7698009138848332e-07 -0.0034263596945165384 0.0010046917614675356 8.8366760205108356e-08 0 0 0 0 0 0 0
leaf_weight=16847 11958 1182 99288 35302 38750 6778 50323 28067 14177 8784 27714 30800 10028 2947 48266 2921 3629 16642 752 156309 4837 1544 3195 3128 9828 21948 18174 112341 15170 45998
leaf_count=16847 11958 1182 99288 35302 38750 6778 50323 28067 14177 8784 27714 30800 10028 2947 48266 2921 3629 16642 752 156309 4837 1544 3195 3128 9828 21948 18174 112341 15170 45998
internal_value=-0.0127478 -0.00543067 -0.0224671 -0.0175995 -0.00962577 -0.00756945 -0.000957561 -0.00370442 -0.0112378 -0.00688833 -0.0101838 -0.0115837 -0.00925678 -0.00625123 -0.0134665 -0.0115203 -0.00699203 -0.00430795 -0.0166329 0.000385601 0.00569279 0.0133803 0.0179404 -0.023625 -0.00449142 -0.00899708 -0.0237289 -0.0230705 -0.0196347 -0.023794
internal_weight=847627 483573 364054 69955 249541 162525 234032 65577 34653 37510 96948 71463 43749 25485 87016 33721 17806 66965 3699 167067 10758 5921 4377 294099 21786 28726 290971 191683 33344 158339
internal_count=847627 483573 364054 69955 249541 162525 234032 65577 34653 37510 96948 71463 43749 25485 87016 33721 17806 66965 3699 167067 10758 5921 4377 294099 21786 28726 290971 191683 33344 158339
cat_boundaries=0 1 2 3 4 5 6
cat_threshold=1 1 377087 7372288 360727 32
is_linear=0
shrinkage=0.05


Tree=110
num_leaves=31
num_cat=7
split_feature=2 3 17 3 16 0 0 4 3 3 3 17 3 3 8 0 17 8 0 8 0 0 4 4 3 3 8 3 21 4
split_gain=15033.9 5265.19 3517.36 1808.89 1686.96 1159.68 692.747 653.044 560.726 1424.08 488.553 282.008 273.577 251.123 248.526 198.33 174.291 166.668 163.427 137.385 121.141 114.296 110.334 105.969 260.265 97.7412 94.5918 91.4396 102.556 88.7063
threshold=0 80.500000000000014 0.15384615212678912 41.500000000000007 0.18065268546342853 1 2 4.5000000000000009 45.500000000000007 56.500000000000007 73.500000000000014 0.18301435559988025 47.500000000000007 84.500000000000014 3.4000000059604649 3 0.34615384042263037 3.4000000059604649 4 3.4000000059604649 5 6 4.5000000000000009 4.5000000000000009 36.500000000000007 81.500000000000014 3.4000000059604649 78.500000000000014 4.1888229846954355 4.5000000000000009
decision_type=1 2 2 2 2 1 1 2 2 2 2 2 2 2 2 1 2 2 1 2 1 1 2 2 2 2 2 2 2 2
left_child=1 3 4 6 8 7 16 18 -2 12 -11 25 -10 14 27 19 23 22 -5 -4 -14 -19 -7 -1 -25 29 -6 -12 -29 -3
right_child=2 11 15 5 26 17 -8 -9 9 10 13 -13 20 -15 -16 -17 -18 21 -20 -21 -22 -23 -24 24 -26 -27 -28 28 -30 -31
leaf_value=0 0 0 0 0 0 8.3948422194852942e-08 0 2.6795797981438164e-05 0 0 0 0 0 0 0 0 0 0 0 0 0 0 0.0045797869687806024 0 0 0 0 0 0 -0.00058932548637603865
leaf_weight=18867 115295 4830 21348 20947 16555 106430 42644 26071 12062 122896 17801 1742 11789 17822 9581 14917 13366 22009 68745 11814 21036 18378 34107 5190 2573 36866 8708 18641 3559 703
leaf_count=18867 115295 4830 21348 20947 16555 106430 42644 26071 12062 122896 17801 1742 11789 17822 9581 14917 13366 22009 68745 11814 21036 18378 34107 5190 2573 36866 8708 18641 3559 703
internal_value=-0.0127627 -0.00609963 -0.0194201 -0.00419776 -0.0210494 -0.00237548 -0.01074 -0.0062832 -0.0219489 -0.0205486 -0.0224383 -0.0224434 -0.0125376 -0.0190174 -0.0171877 -0.00668639 -0.00600785 0.000125184 -0.00830843 -0.00452792 -0.0101714 -0.0027057 0.000938721 -0.00834773 -0.0132648 -0.0232535 -0.00857083 -0.0189202 -0.0210608 -0.0170568
internal_weight=847292 423468 423824 379327 375745 296687 82640 115763 350482 235187 190300 44141 44887 67404 49582 48079 39996 180924 89692 33162 32825 40387 140537 26630 7763 42399 25263 40001 22200 5533
internal_count=847292 423468 423824 379327 375745 296687 82640 115763 350482 235187 190300 44141 44887 67404 49582 48079 39996 180924 89692 33162 32825 40387 140537 26630 7763 42399 25263 40001 22200 5533
cat_boundaries=0 1 2 3 4 5 6 7
cat_threshold=1 7486976 491895 2449535 4198400 2449463 360531
is_linear=0
shrinkage=0.05


Tree=111
num_leaves=31
num_cat=6
split_feature=18 18 2 3 2 7 1 1 4 3 3 4 3 4 18 4 1 3 1 3 3 3 3 3 3 3 17 4 3 3
split_gain=24091.9 3642.37 832.562 1119.08 772.296 651.629 360.471 303.97 238.614 218.964 210.27 416.234 367.167 204.334 165.376 154.501 138.157 122.231 118.497 112.506 273.881 118.476 117.092 84.6342 84.5242 81.6882 81.5758 70.5449 106.394 62.4205
threshold=0.14271402359008792 0.44424292445182806 0 81.500000000000014 1 28.69999980926514 2 3 4.5000000000000009 41.500000000000007 41.500000000000007 4.5000000000000009 80.500000000000014 4.5000000000000009 0.18460166454315188 4.5000000000000009 4 45.500000000000007 5 44.500000000000007 57.500000000000007 73.500000000000014 46.500000000000007 80.500000000000014 84.500000000000014 46.500000000000007 0.30769230425357824 4.5000000000000009 36.500000000000007 55.500000000000007
decision_type=2 2 1 2 1 2 1 1 2 2 2 2 2 2 2 2 1 2 1 2 2 2 2 2 2 2 2 2 2 2
left_child=2 4 3 9 5 10 -3 -7 17 -1 18 12 16 23 -6 -8 -12 -9 26 -4 22 -22 -21 -11 -23 -16 27 -2 -29 -27
right_child=1 6 19 -5 14 7 15 8 -10 13 11 -13 -14 -15 25 -17 -18 -19 -20 20 21 24 -24 -25 -26 29 -28 28 -30 -31
leaf_value=0 0 7.9751001085110282e-08 0 0 0 2.8341337963243915e-06 0 0 0.00088514627928890652 0 0 -3.3280458885251249e-05 0 8.9456402682083162e-06 0 2.5456008082364037e-05 0 0 0 0 0 0 0 0 0 0 0 0 0 0
leaf_weight=16863 6806 162027 107109 33037 38712 25122 53035 7266 9618 14214 9116 13225 5844 4021 2228 18468 29030 23650 26117 11322 112678 30558 16204 1834 16916 23705 3657 2327 792 22319
leaf_count=16863 6806 162027 107109 33037 38712 25122 53035 7266 9618 14214 9116 13225 5844 4021 2228 18468 29030 23650 26117 11322 112678 30558 16204 1834 16916 23705 3657 2327 792 22319
internal_value=-0.0127717 -0.00544762 -0.0224713 -0.0175681 -0.00964778 -0.00761334 -0.00095962 -0.00376736 -0.00644485 -0.0115875 -0.0102189 -0.00827886 -0.0106172 -0.00805845 -0.013451 -0.00391642 -0.00882924 -0.00858617 -0.0130148 -0.0236351 -0.0228972 -0.0236891 -0.01829 -0.0105839 -0.0215939 -0.011498 -0.00920026 -0.0115592 -0.0177861 -0.0110453
internal_weight=847820 483064 364756 69969 249534 162570 233530 65656 40534 36932 96914 57215 43990 20069 86964 71503 38146 30916 39699 294787 187678 160152 27526 16048 47474 48252 13582 9925 3119 46024
internal_count=847820 483064 364756 69969 249534 162570 233530 65656 40534 36932 96914 57215 43990 20069 86964 71503 38146 30916 39699 294787 187678 160152 27526 16048 47474 48252 13582 9925 3119 46024
cat_boundaries=0 1 2 3 4 5 6
cat_threshold=1 1 3 3 1 1
is_linear=0
shrinkage=0.05


Tree=112
num_leaves=31
num_cat=7
split_feature=18 18 2 2 7 7 0 0 4 0 18 4 0 18 4 19 4 17 13 17 7 19 7 8 7 0 8 4 17 4
split_gain=24108.5 3657.17 825.208 766.93 657.757 560.568 418.49 340.031 226.632 213.289 167.158 143.044 130.631 317.37 146.44 127.545 221.651 126.635 119.372 119.048 84.2399 84.1637 75.5642 165.966 132.983 70.9707 70.4371 63.4459 62.5918 66.1412
threshold=0.14271402359008792 0.44424292445182806 0 1 28.69999980926514 27.10000038146973 2 3 4.5000000000000009 4 0.18460166454315188 4.5000000000000009 5 0.71484372019767772 4.5000000000000009 1.000000059604645 4.5000000000000009 0.34615384042263037 0.98212006688117992 0.07692307606339456 29.800000190734867 0.99999997019767772 19.69999980926514 1.0000000180025095e-35 21.500000000000004 6 3.4000000059604649 4.5000000000000009 1.0387113094329836 4.5000000000000009
decision_type=2 2 1 1 2 2 1 1 2 1 2 2 1 2 2 2 2 2 2 2 2 2 2 2 2 1 2 2 2 2
left_child=2 3 5 4 9 22 12 8 -6 17 -5 25 13 14 18 21 -17 -2 -3 -4 -7 27 -1 -24 -25 -8 -12 -11 -14 -30
right_child=1 6 19 10 7 20 11 -9 -10 15 26 -13 28 -15 -16 16 -18 -19 -20 -21 -22 -23 23 24 -26 -27 -28 -29 29 -31
leaf_value=0 0 7.996087214059742e-08 0 0 0 0 0 2.6966245276179146e-06 0.0010050788128589505 0 0 -0.00031648180692798447 -1.7884539221381556e-05 -0.0032550456973407652 0.00057222459590315633 0 -0.00034869646226379301 -7.4923118005174291e-05 7.996087214059742e-08 0 0 0 0 0 0 0 0 0 4.1715241401463331e-06 0.015100940482767767
leaf_weight=7242 18661 1208 291470 38755 30890 11105 29081 24918 9661 21722 34556 16541 108038 4843 1516 15871 5895 6931 3211 3106 7170 22557 28138 6240 10046 21092 13549 5452 31502 16511
leaf_count=7242 18661 1208 291470 38755 30890 11105 29081 24918 9661 21722 34556 16541 108038 4843 1516 15871 5895 6931 3211 3106 7170 22557 28138 6240 10046 21092 13549 5452 31502 16511
internal_value=-0.0127633 -0.00543683 -0.0224704 -0.00964706 -0.00762036 -0.017588 -0.000940405 -0.00374719 -0.00657097 -0.0102321 -0.01344 -0.00428706 0.000398138 0.00571932 0.0134751 -0.0116349 -0.00844436 -0.00630615 0.0180754 -0.0236296 -0.0100616 -0.0130336 -0.0202503 -0.0194782 -0.0154611 -0.00561706 -0.0114713 -0.0111596 3.02766e-05 0.0015324
internal_weight=847478 482961 364517 249418 162558 69941 233543 65469 40551 97089 86860 66714 166829 10778 5935 71497 21766 25592 4419 294576 18275 49731 51666 44424 16286 50173 48105 27174 156051 48013
internal_count=847478 482961 364517 249418 162558 69941 233543 65469 40551 97089 86860 66714 166829 10778 5935 71497 21766 25592 4419 294576 18275 49731 51666 44424 16286 50173 48105 27174 156051 48013
cat_boundaries=0 1 2 3 4 5 6 7
cat_threshold=1 1 377087 7372352 360727 32 2760960
is_linear=0
shrinkage=0.05


Tree=113
num_leaves=31
num_cat=6
split_feature=18 18 2 3 2 7 0 0 4 0 3 4 3 4 3 18 4 3 4 0 18 4 13 3 3 17 3 3 3 3
split_gain=24129.6 3621.4 819.157 1106.88 762.48 640.913 411.947 344.429 223.105 215.306 238.312 298.003 211.227 200.156 183.475 167.083 156.301 155.048 151.943 119.514 315.742 148.429 122.95 117.346 114.831 114.397 96.6746 188.691 172.63 94.0533
threshold=0.14271402359008792 0.44424292445182806 0 81.500000000000014 1 28.69999980926514 2 3 4.5000000000000009 4 41.500000000000007 4.5000000000000009 41.500000000000007 4.5000000000000009 80.500000000000014 0.18460166454315188 4.5000000000000009 80.500000000000014 4.5000000000000009 5 0.71484372019767772 4.5000000000000009 0.98212006688117992 41.500000000000007 44.500000000000007 0.07692307606339456 43.500000000000007 57.500000000000007 46.500000000000007 73.500000000000014
decision_type=2 2 1 2 1 2 1 1 2 1 2 2 2 2 2 2 2 2 2 1 2 2 2 2 2 2 2 2 2 2
left_child=2 4 3 12 5 9 19 8 24 14 -11 17 -1 -14 23 -6 -16 -12 -8 20 21 22 -3 -2 -7 26 -4 28 -28 -29
right_child=1 6 25 -5 15 7 18 -9 -10 10 11 -13 13 -15 16 -17 -18 -19 -20 -21 -22 -23 -24 -25 -26 -27 27 29 -30 -31
leaf_value=0 0 7.5962828533567548e-08 0 0 0 0 0 2.5617933012370188e-06 0.0005074702275019771 0 0 -0.00040913402083975632 0 8.4983582547979002e-06 0 0 0.032121348200549259 0 -0.00013939497992585537 6.2056732975748706e-07 -0.0030922934124737269 -0.00027560567263868894 7.5962828533567548e-08 0 0 0 0 0 0 0
leaf_weight=16812 13322 1187 99583 33130 38823 6315 50297 24866 9639 26282 29379 9440 16030 3993 3059 48314 810 2787 16577 156237 4816 1548 3179 11605 24480 3116 18255 112528 15113 45973
leaf_count=16812 13322 1187 99583 33130 38823 6315 50297 24866 9639 26282 29379 9440 16030 3993 3059 48314 810 2787 16577 156237 4816 1548 3179 11605 24480 3116 18255 112528 15113 45973
internal_value=-0.012768 -0.00543821 -0.022479 -0.0176156 -0.00963297 -0.00760415 -0.000969355 -0.00377718 -0.00662397 -0.0101889 -0.0117264 -0.00937365 -0.0116513 -0.00818184 -0.00655766 -0.0134045 -0.0166904 -0.011666 -0.00428503 0.000358882 0.00546089 0.013206 0.0179226 -0.00498756 -0.00870352 -0.0236341 -0.023736 -0.0230799 -0.0196626 -0.0237994
internal_weight=847495 482962 364533 69965 249121 161984 233841 65300 40434 96684 67888 41606 36835 20023 28796 87137 3869 32166 66874 166967 10730 5914 4366 24927 30795 294568 291452 191869 33368 158501
internal_count=847495 482962 364533 69965 249121 161984 233841 65300 40434 96684 67888 41606 36835 20023 28796 87137 3869 32166 66874 166967 10730 5914 4366 24927 30795 294568 291452 191869 33368 158501
cat_boundaries=0 1 2 3 4 5 6
cat_threshold=1 1 377087 7372352 360735 32
is_linear=0
shrinkage=0.05


Tree=114
num_leaves=31
num_cat=6
split_feature=18 18 2 3 2 7 0 0 4 0 3 4 3 4 3 4 3 18 4 0 18 4 17 13 3 3 3 3 3 3
split_gain=24103.4 3660.03 826.766 1107.79 777.957 644.874 400.245 339.237 229.871 217.321 244.258 303.495 216.525 198.253 187.217 165.479 164.41 157.208 149.612 129.009 310.427 151.695 120.989 119.654 113.705 109.67 96.3362 189.253 169.262 92.5576
threshold=0.14271402359008792 0.44424292445182806 0 81.500000000000014 1 28.69999980926514 2 3 4.5000000000000009 4 41.500000000000007 4.5000000000000009 41.500000000000007 4.5000000000000009 80.500000000000014 4.5000000000000009 80.500000000000014 0.18460166454315188 4.5000000000000009 5 0.71484372019767772 4.5000000000000009 0.07692307606339456 0.98212006688117992 44.500000000000007 41.500000000000007 43.500000000000007 57.500000000000007 46.500000000000007 73.500000000000014
decision_type=2 2 1 2 1 2 1 1 2 1 2 2 2 2 2 2 2 2 2 1 2 2 2 2 2 2 2 2 2 2
left_child=2 4 3 12 5 9 19 8 24 14 -11 16 -1 -14 25 -8 -12 -6 -16 20 21 23 26 -3 -7 -2 -4 28 -28 -29
right_child=1 6 22 -5 17 7 15 -9 -10 10 11 -13 13 -15 18 -17 -18 -19 -20 -21 -22 -23 -24 -25 -26 -27 27 29 -30 -31
leaf_value=0 0 7.216468710688918e-08 0 0 0 0 0 2.4337036361751678e-06 0.00092945136084090498 0 0 -0.0004032229731476463 0 8.0734403420580036e-06 0 1.9950112079858419e-05 0 0 0.032149644301264178 -1.1694491894882923e-07 -0.0029376787418500406 -0.00026182538900675452 0 7.216468710688918e-08 0 0 0 0 0 0
leaf_weight=16827 11954 1189 99414 33064 38738 6297 50235 24947 9650 27708 30758 9958 16039 3973 2954 16651 2925 48287 762 156174 4844 1531 3100 3202 24531 9837 18276 112401 15140 46077
leaf_count=16827 11954 1189 99414 33064 38738 6297 50235 24947 9650 27708 30758 9958 16039 3973 2954 16651 2925 48287 762 156174 4844 1531 3100 3202 24531 9837 18276 112401 15140 46077
internal_value=-0.0127608 -0.00543837 -0.0224715 -0.0175833 -0.009653 -0.00760764 -0.00094472 -0.00377264 -0.00659825 -0.0101981 -0.0116149 -0.00928542 -0.0116202 -0.00810514 -0.0062282 -0.00421251 -0.0115526 -0.0134671 -0.0166039 0.00036478 0.00565609 0.0133401 -0.0236322 0.0180654 -0.00870799 -0.0044617 -0.0237367 -0.0230823 -0.0196627 -0.0238033
internal_weight=847443 483132 364311 69903 249306 162281 233826 65425 40478 96856 71349 43641 36839 20012 25507 66886 33683 87025 3716 166940 10766 5922 294408 4391 30828 21791 291308 191894 33416 158478
internal_count=847443 483132 364311 69903 249306 162281 233826 65425 40478 96856 71349 43641 36839 20012 25507 66886 33683 87025 3716 166940 10766 5922 294408 4391 30828 21791 291308 191894 33416 158478
cat_boundaries=0 1 2 3 4 5 6
cat_threshold=1 1 377087 7372352 360727 32
is_linear=0
shrinkage=0.05


Tree=115
num_leaves=31
num_cat=7
split_feature=18 18 2 3 2 7 0 0 3 4 3 4 3 0 0 18 4 4 0 18 4 13 17 3 17 3 3 3 3 3
split_gain=24097.2 3590.99 817.105 1107.75 790.454 625.553 400.647 343.829 260.021 233.452 219.079 483.204 371.429 201.526 198.359 161.293 158.496 152.54 129.374 307.176 143.284 124.731 116.492 108.713 102.446 97.2669 194.427 172.565 95.3199 83.1752
threshold=0.14271402359008792 0.44424292445182806 0 80.500000000000014 1 28.69999980926514 2 3 41.500000000000007 4.5000000000000009 41.500000000000007 4.5000000000000009 80.500000000000014 4 5 0.18460166454315188 4.5000000000000009 4.5000000000000009 6 0.71484372019767772 4.5000000000000009 0.98212006688117992 0.07692307606339456 44.500000000000007 0.30769230425357824 43.500000000000007 57.500000000000007 46.500000000000007 73.500000000000014 46.500000000000007
decision_type=2 2 1 2 1 2 1 1 2 2 2 2 2 1 1 2 2 2 1 2 2 2 2 2 2 2 2 2 2 2
left_child=2 4 3 8 5 10 18 9 -1 23 14 12 13 -12 24 -6 -10 -8 19 20 21 -3 25 -7 -2 -4 27 -27 -28 -17
right_child=1 6 22 -5 15 7 17 -9 16 -11 11 -13 -14 -15 -16 29 -18 -19 -20 -21 -22 -23 -24 -25 -26 26 28 -29 -30 -31
leaf_value=0 0 6.8556452751544707e-08 0 0 0 0 0 2.3120184543664098e-06 0 0.00088297879279886082 5.0458831376595951e-06 9.0014137583814461e-06 0 0 0 0 7.6697683249551047e-06 -0.00016314225933782291 -4.9502489643529555e-07 -0.0027907948047575389 0.00059223211864223302 6.8556452751544707e-08 0 0 -7.1176962104915577e-05 0 0 0 0 0
leaf_weight=16787 8689 1196 99251 35252 38603 6298 50180 25021 14256 9618 4226 13185 5867 33952 27737 2234 3643 16595 155935 4824 1529 3164 3117 24591 3393 18205 112240 15213 45940 45913
leaf_count=16787 8689 1196 99251 35252 38603 6298 50180 25021 14256 9618 4226 13185 5867 33952 27737 2234 3643 16595 155935 4824 1529 3164 3117 24591 3393 18205 112240 15213 45940 45913
internal_value=-0.0127553 -0.00543159 -0.0224709 -0.0176135 -0.00960415 -0.00754765 -0.000974733 -0.0037732 -0.0112697 -0.00661883 -0.0100962 -0.00811463 -0.0106283 -0.00882838 -0.0129442 -0.0134582 -0.00707721 -0.00424684 0.000336618 0.00564907 0.0133172 0.0179358 -0.0236265 -0.00873855 -0.00757526 -0.0237296 -0.0230715 -0.0196062 -0.0238036 -0.0115277
internal_weight=846654 482750 363904 69938 249327 162577 233423 65528 34686 40507 97049 57230 44045 38178 39819 86750 17899 66775 166648 10713 5889 4360 293966 30889 12082 290849 191598 33418 158180 48147
internal_count=846654 482750 363904 69938 249327 162577 233423 65528 34686 40507 97049 57230 44045 38178 39819 86750 17899 66775 166648 10713 5889 4360 293966 30889 12082 290849 191598 33418 158180 48147
cat_boundaries=0 1 2 3 4 5 6 7
cat_threshold=1 1 377087 7372352 360467 360727 32
is_linear=0
shrinkage=0.05


Tree=116
num_leaves=31
num_cat=7
split_feature=18 18 2 3 2 7 0 0 4 3 4 3 3 4 0 0 18 4 0 18 4 13 17 3 3 3 3 3 17 3
split_gain=24180.8 3555.45 822.485 1118.39 789.129 626.557 395.346 343.9 225.705 223.942 484.104 373.291 214.669 231.995 191.517 189.534 163.699 162.321 137.494 303.887 141.703 127.783 119.056 117.273 96.9288 194.911 172.568 91.3158 90.6007 83.5861
threshold=0.14271402359008792 0.44424292445182806 0 81.500000000000014 1 28.69999980926514 2 3 4.5000000000000009 41.500000000000007 4.5000000000000009 80.500000000000014 39.500000000000007 4.5000000000000009 4 5 0.18460166454315188 4.5000000000000009 6 0.71484372019767772 4.5000000000000009 0.98212006688117992 0.07692307606339456 44.500000000000007 43.500000000000007 57.500000000000007 46.500000000000007 73.500000000000014 0.30769230425357824 46.500000000000007
decision_type=2 2 1 2 1 2 1 1 2 2 2 2 2 2 1 1 2 2 1 2 2 2 2 2 2 2 2 2 2 2
left_child=2 4 3 12 5 9 18 8 23 15 11 14 -1 -14 -11 28 -6 -8 19 20 21 -3 24 -7 -4 26 -26 -27 -2 -18
right_child=1 6 22 -5 16 7 17 -9 -10 10 -12 -13 13 -15 -16 -17 29 -19 -20 -21 -22 -23 -24 -25 25 27 -28 -29 -30 -31
leaf_value=0 0 6.5128630113967484e-08 0 0 0 0 0 2.1964175316480891e-06 0.00083882985315891778 4.7935889807766153e-06 8.5513430704623736e-06 0 0 7.2862799087073483e-06 0 0 0 9.1518308021492437e-06 -1.1826533073090479e-06 -0.0026512550645196621 0.00069411255476007911 6.5128630113967484e-08 0 0 0 0 0 0 -6.76181139996698e-05 0
leaf_weight=14860 8608 1206 99268 33111 38793 6307 50332 24963 9658 4200 13256 5888 17470 4532 33947 27605 2229 16603 156336 4806 1528 3207 3129 24550 18266 112432 15249 46004 3392 46000
leaf_count=14860 8608 1206 99268 33111 38793 6307 50332 24963 9658 4200 13256 5888 17470 4532 33947 27605 2229 16603 156336 4806 1528 3207 3129 24550 18266 112432 15249 46004 3392 46000
internal_value=-0.0127417 -0.00541079 -0.022469 -0.0175964 -0.00956451 -0.00750551 -0.000984112 -0.00372721 -0.00657064 -0.0100587 -0.00806017 -0.0105819 -0.0116054 -0.00846968 -0.0087733 -0.0129498 -0.0134064 -0.00423071 0.00031674 0.00578461 0.0133521 0.017896 -0.0236273 -0.00866011 -0.0237315 -0.0230756 -0.0196114 -0.0238084 -0.0076811 -0.0114615
internal_weight=847735 483414 364321 69973 249396 162374 234018 65478 40515 96896 57291 44035 36862 22002 38147 39605 87022 66935 167083 10747 5941 4413 294348 30857 291219 191951 33515 158436 12000 48229
internal_count=847735 483414 364321 69973 249396 162374 234018 65478 40515 96896 57291 44035 36862 22002 38147 39605 87022 66935 167083 10747 5941 4413 294348 30857 291219 191951 33515 158436 12000 48229
cat_boundaries=0 1 2 3 4 5 6 7
cat_threshold=1 1 377087 7372352 360467 360727 32
is_linear=0
shrinkage=0.05


Tree=117
num_leaves=31
num_cat=7
split_feature=18 18 0 18 17 4 0 0 18 4 13 4 7 0 17 0 17 0 7 17 19 0 4 18 7 19 4 17 7 17
split_gain=24169 3618.58 405.785 401.946 341.28 164.495 159.259 132.612 298.612 151.104 123.164 99.3408 99.0191 91.5815 79.1718 78.0465 72.4202 65.9296 59.7734 58.3103 57.4493 54.0079 52.0743 52.9234 48.5026 46.266 45.7234 76.5766 44.876 42.8987
threshold=0.14271402359008792 0.44424292445182806 0 0.24917653203010562 0.15384615212678912 4.5000000000000009 1 2 0.71484372019767772 4.5000000000000009 0.98212006688117992 4.5000000000000009 28.10000038146973 3 0.23376623541116717 4 0.24675325304269793 5 28.400000572204593 1.0387113094329836 1.2388720512390139 6 4.5000000000000009 1.8580787777900698 30.10000038146973 1.0742974877357485 4.5000000000000009 0.14379699528217318 30.10000038146973 0.39473684132099157
decision_type=2 2 1 2 2 2 1 1 2 2 2 2 2 1 2 1 2 1 2 2 2 1 2 2 2 2 2 2 2 2
left_child=4 3 7 17 13 15 11 8 9 10 -3 28 14 -1 -8 24 25 18 -2 -9 -12 -16 -21 -24 -4 -13 -19 -28 -5 -6
right_child=1 2 5 6 29 -7 12 19 -10 -11 20 16 -14 -15 21 -17 -18 26 -20 22 -22 -23 23 -25 -26 -27 27 -29 -30 -31
leaf_value=0 0 6.1872198608269106e-08 0 0 0 2.6652127902643265e-05 0 -1.6931609470665696e-05 -0.0025186923112936787 -0.0003130513532265324 6.1872198608269106e-08 0 0 0 0 0 -0.00083112331406233377 0 0 3.6694677664434175e-05 5.7674777498526453e-08 0 0.0071666562019429897 0.048148141553256252 0 0 0 0 0 0.038855418823694893
leaf_weight=167218 19167 1207 14367 36260 2714 16562 26965 108284 4844 1539 2960 7050 35955 193177 6515 21163 6775 47336 13997 31592 262 6488 12935 3596 14806 5525 12206 2246 23139 1182
leaf_count=167218 19167 1207 14367 36260 2714 16562 26965 108284 4844 1539 2960 7050 35955 193177 6515 21163 6775 47336 13997 31592 262 6488 12935 3596 14806 5525 12206 2246 23139 1182
internal_value=-0.0127309 -0.00540584 -0.000940449 -0.00959383 -0.0224578 -0.00423118 -0.00802181 0.00037628 0.00572907 0.0132205 0.0179104 -0.00959859 -0.00638425 -0.0226169 -0.00809773 -0.00565401 -0.00648837 -0.0121546 -0.0103379 5.91368e-06 0.0230137 -0.0048931 0.00145409 0.00372784 -0.00397235 -0.0087336 -0.0131258 -0.0106663 -0.0106134 -0.00773871
internal_weight=848032 483741 234117 249624 364291 66898 154672 167219 10812 5968 4429 78749 75923 360395 39968 50336 19350 94952 33164 156407 3222 13003 48123 16531 29173 12575 61788 14452 59399 3896
internal_count=848032 483741 234117 249624 364291 66898 154672 167219 10812 5968 4429 78749 75923 360395 39968 50336 19350 94952 33164 156407 3222 13003 48123 16531 29173 12575 61788 14452 59399 3896
cat_boundaries=0 1 2 3 4 5 6 7
cat_threshold=377087 7372352 32 5906312 2760960 656300 327959
is_linear=0
shrinkage=0.05


Tree=118
num_leaves=31
num_cat=7
split_feature=18 18 2 3 2 7 0 0 3 4 3 4 3 4 0 0 18 4 0 18 4 3 3 3 3 3 3 3 4 3
split_gain=24135 3593.61 825.111 1116.87 781.854 624.527 396.327 339.464 222.141 481.776 369.114 220.373 207.888 199.003 195.459 189.962 164.24 160.048 132.013 297.806 149.297 113.194 272.565 121.337 119.111 102.993 86.5887 85.6048 83.2596 162.679
threshold=0.14271402359008792 0.44424292445182806 0 81.500000000000014 1 28.69999980926514 2 3 41.500000000000007 4.5000000000000009 80.500000000000014 4.5000000000000009 41.500000000000007 4.5000000000000009 4 5 0.18460166454315188 4.5000000000000009 6 0.71484372019767772 4.5000000000000009 44.500000000000007 57.500000000000007 73.500000000000014 46.500000000000007 44.500000000000007 79.500000000000014 84.500000000000014 4.5000000000000009 36.500000000000007
decision_type=2 2 1 2 1 2 1 1 2 2 2 2 2 2 1 1 2 2 1 2 2 2 2 2 2 2 2 2 2 2
left_child=2 4 3 12 5 8 18 11 14 10 15 25 -1 26 28 -10 -6 -8 19 20 -3 -4 24 -24 -23 -7 -14 -25 -2 -30
right_child=1 6 21 -5 16 7 17 -9 9 -11 -12 -13 13 -15 -16 -17 -18 -19 -20 -21 -22 22 23 27 -26 -27 -28 -29 29 -31
leaf_value=0 0 5.8778588677855646e-08 0 0 0 0 0 2.0823992339559421e-06 4.5539095317377848e-06 8.1237759169392557e-06 0 0.0010792309700523473 0 6.9219659132719817e-06 0 0 0 7.3616328669096181e-06 -2.7694016841031061e-07 -0.0023927576957289945 -0.00029739878556520581 0 0 0 0 0 0 0 0 0
leaf_weight=16857 8623 4413 106713 33151 38589 5757 50267 28023 4221 13278 5859 8835 13176 4029 27770 33827 48311 16587 156226 4829 1537 11285 112631 30514 16166 22778 2842 16793 2134 1297
leaf_count=16857 8623 4413 106713 33151 38589 5757 50267 28023 4221 13278 5859 8835 13176 4029 27770 33827 48311 16587 156226 4829 1537 11285 112631 30514 16166 22778 2842 16793 2134 1297
internal_value=-0.0127458 -0.00541978 -0.0224659 -0.0175894 -0.00959619 -0.00754794 -0.00096757 -0.00377143 -0.0100937 -0.00809697 -0.0106207 -0.00689005 -0.0116058 -0.00816456 -0.0129608 -0.00882175 -0.0134241 -0.00422051 0.00033485 0.00568403 0.0131765 -0.0236275 -0.0228873 -0.0236773 -0.0182844 -0.00902839 -0.010663 -0.0215523 -0.00762185 -0.014216
internal_weight=847318 483161 364157 70055 249302 162402 233859 65393 97009 57185 43907 37370 36904 20047 39824 38048 86900 66854 167005 10779 5950 294102 187389 159938 27451 28535 16018 47307 12054 3431
internal_count=847318 483161 364157 70055 249302 162402 233859 65393 97009 57185 43907 37370 36904 20047 39824 38048 86900 66854 167005 10779 5950 294102 187389 159938 27451 28535 16018 47307 12054 3431
cat_boundaries=0 1 2 3 4 5 6 7
cat_threshold=1 1 377087 7372288 360727 360467 32
is_linear=0
shrinkage=0.05


Tree=119
num_leaves=31
num_cat=7
split_feature=18 18 2 3 2 7 0 0 3 4 3 4 3 4 0 0 4 18 0 18 4 13 3 3 3 3 3 17 3 3
split_gain=24167.7 3580.22 815.097 1102.9 786.749 638.518 401.052 338.04 224.319 480.456 376.115 217.112 207.876 197.149 193.56 189.524 159.902 158.897 139.237 292.564 149.718 127.295 112.563 274.067 119.587 119.574 108.402 89.7427 85.5163 85.072
threshold=0.12503665685653689 0.44424292445182806 0 81.500000000000014 1 28.69999980926514 2 3 41.500000000000007 4.5000000000000009 80.500000000000014 4.5000000000000009 41.500000000000007 4.5000000000000009 4 5 4.5000000000000009 0.18460166454315188 6 0.71484372019767772 4.5000000000000009 0.98212006688117992 44.500000000000007 57.500000000000007 73.500000000000014 46.500000000000007 45.500000000000007 0.30769230425357824 46.500000000000007 80.500000000000014
decision_type=2 2 1 2 1 2 1 1 2 2 2 2 2 2 1 1 2 2 1 2 2 2 2 2 2 2 2 2 2 2
left_child=2 4 3 12 5 8 18 11 15 10 14 26 -1 29 -10 27 -8 -6 19 20 21 -3 -4 25 -25 -24 -7 -2 -19 -14
right_child=1 6 22 -5 17 7 16 -9 9 -11 -12 -13 13 -15 -16 -17 -18 28 -20 -21 -22 -23 23 24 -26 -27 -28 -29 -30 -31
leaf_value=0 0 5.5839659243962862e-08 0 0 0 0 0 1.9782792722581447e-06 4.3262140551508947e-06 7.7175871210922925e-06 0 0.0010493969107869207 0 6.5758676176083829e-06 0 0 -4.9318798999786832e-06 0 -2.6309315998979509e-07 -0.0022731198109425445 -0.00028252884628694551 5.5839659243962862e-08 0 0 0 0 0 -6.4237208299686312e-05 0 0
leaf_weight=16720 8651 1193 106978 33007 38989 6701 50314 28106 4210 13266 5916 8802 14158 4021 33866 27749 16606 2250 156214 4812 1529 3210 11251 112655 47350 16199 21909 3349 45861 1832
leaf_count=16720 8651 1193 106978 33007 38989 6701 50314 28106 4210 13266 5916 8802 14158 4021 33866 27749 16606 2250 156214 4812 1529 3210 11251 112655 47350 16199 21909 3349 45861 1832
internal_value=-0.0127557 -0.00542866 -0.0224836 -0.0176231 -0.00959329 -0.00753838 -0.000983632 -0.00372493 -0.010114 -0.00811066 -0.0106258 -0.00683689 -0.0116625 -0.00822423 -0.00880345 -0.0129997 -0.0042537 -0.0134277 0.000327308 0.00583039 0.013267 0.017948 -0.0236348 -0.0228963 -0.0236882 -0.0182805 -0.00895142 -0.00772689 -0.0115052 -0.0107129
internal_weight=847674 483503 364171 69738 249625 162525 233878 65518 97007 57258 43992 37412 36731 20011 38076 39749 66920 87100 166958 10744 5932 4403 294433 187455 160005 27450 28610 12000 48111 15990
internal_count=847674 483503 364171 69738 249625 162525 233878 65518 97007 57258 43992 37412 36731 20011 38076 39749 66920 87100 166958 10744 5932 4403 294433 187455 160005 27450 28610 12000 48111 15990
cat_boundaries=0 1 2 3 4 5 6 7
cat_threshold=1 1 377087 7372288 360467 360727 32
is_linear=0
shrinkage=0.05


Tree=120
num_leaves=31
num_cat=7
split_feature=18 18 18 0 0 3 4 0 18 4 13 3 3 4 0 3 3 3 3 0 18 3 3 3 4 19 0 0 18 7
split_gain=24123.3 3587.26 402.966 399.337 162.529 152.08 151.265 137.428 298.314 141.617 129.047 121.028 119.601 94.1638 93.5671 75.3188 188.752 111.651 74.9415 74.5392 64.221 61.106 93.6956 69.7278 58.0261 54.8009 52.6654 51.7461 47.2473 47.1695
threshold=0.1122730001807213 0.44424292445182806 0.24917653203010562 0 1 42.500000000000007 4.5000000000000009 2 0.71484372019767772 4.5000000000000009 0.98212006688117992 80.500000000000014 80.500000000000014 4.5000000000000009 3 44.500000000000007 56.500000000000007 46.500000000000007 47.500000000000007 4 0.29109917581081396 83.500000000000014 73.500000000000014 80.500000000000014 4.5000000000000009 1.2388720512390139 5 6 1.0000126361846926 30.10000038146973
decision_type=2 2 2 1 1 2 2 1 2 2 2 2 2 2 1 2 2 2 2 1 2 2 2 2 2 2 1 1 2 2
left_child=14 2 11 7 5 -4 19 8 9 10 -3 18 20 -7 15 -1 17 -17 27 29 -6 22 -18 -24 -13 -12 -20 -2 -9 -5
right_child=1 3 4 6 12 13 -8 28 -10 -11 25 24 -14 -15 -16 16 21 -19 26 -21 -22 -23 23 -25 -26 -27 -28 -29 -30 -31
leaf_value=0 0 5.3047676281764718e-08 0 0 0 0 -0.00028844004580598048 -1.6058027330712408e-05 -0.0021594638203954173 0.00057256383422605868 5.3047676281764718e-08 0 0 0 0 0 0 0 0 0 0 0 0 0 0 4.9060126227509203e-08 0 0 0.00054379222727813932 0
leaf_weight=59356 9975 1208 14049 14356 36147 49174 16576 89991 4825 1522 2948 7593 5360 15432 194933 5963 54287 9456 14376 21144 34442 17155 12621 9881 1766 258 40128 21840 66133 14720
leaf_count=59356 9975 1208 14049 14356 36147 49174 16576 89991 4825 1522 2948 7593 5360 15432 194933 5963 54287 9456 14376 21144 34442 17155 12621 9881 1766 258 40128 21840 66133 14720
internal_value=-0.0127647 -0.00545284 -0.00961236 -0.000997835 -0.00803407 -0.00962849 -0.00426459 0.000309925 0.00577244 0.0132834 0.0178183 -0.0121627 -0.00638074 -0.00860446 -0.0224955 -0.0216138 -0.0208368 -0.0157095 -0.0115771 -0.00563222 -0.00583483 -0.0216783 -0.0210756 -0.0183628 -0.0175633 0.0230661 -0.0104515 -0.0135054 -6.69297e-05 -0.00398473
internal_weight=847615 483963 250282 233681 154604 78655 66796 166885 10761 5936 4414 95678 75949 64606 363652 168719 109363 15419 86319 50220 70589 93944 76789 22502 9359 3206 54504 31815 156124 29076
internal_count=847615 483963 250282 233681 154604 78655 66796 166885 10761 5936 4414 95678 75949 64606 363652 168719 109363 15419 86319 50220 70589 93944 76789 22502 9359 3206 54504 31815 156124 29076
cat_boundaries=0 1 2 3 4 5 6 7
cat_threshold=377087 7372352 32 5906312 2760960 380947 426303
is_linear=0
shrinkage=0.05


Tree=121
num_leaves=31
num_cat=7
split_feature=18 18 2 3 2 7 0 0 5 3 5 3 3 5 0 0 18 5 0 18 5 13 3 3 3 3 3 17 3 3
split_gain=24303 3702.95 821.518 1109.49 776.3 637.706 445.244 343.841 225.071 224.504 480.963 368.835 211.65 227.152 198.64 197.794 171.698 164.656 127.566 295.341 151.717 118.691 113.594 204.876 187.215 120.485 112.159 93.0432 86.7608 85.4408
threshold=0.14271402359008792 0.44424292445182806 0 81.500000000000014 1 28.69999980926514 2 3 1.0000000180025095e-35 41.500000000000007 1.0000000180025095e-35 80.500000000000014 39.500000000000007 1.0000000180025095e-35 4 5 0.18460166454315188 1.0000000180025095e-35 6 0.71484372019767772 1.0000000180025095e-35 0.98212006688117992 43.500000000000007 57.500000000000007 46.500000000000007 73.500000000000014 44.500000000000007 0.30769230425357824 46.500000000000007 84.500000000000014
decision_type=2 2 1 2 1 2 1 1 2 2 2 2 2 2 1 1 2 2 1 2 2 2 2 2 2 2 2 2 2 2
left_child=2 4 3 12 5 9 18 8 26 15 11 14 -1 -14 -11 27 -6 -8 19 20 21 -3 -4 24 -24 -25 -7 -2 -18 -27
right_child=1 6 22 -5 16 7 17 -9 -10 10 -12 -13 13 -15 -16 -17 28 -19 -20 -21 -22 -23 23 25 -26 29 -28 -29 -30 -31
leaf_value=0 0 5.0395292467676479e-08 0 0 0 0 0 1.8835627297549804e-06 0.00058993536956479249 4.1099033523933499e-06 7.3317077650376774e-06 0 0 6.2470742367279638e-06 0 0 0 2.1662147508862096e-05 5.5296286454531506e-07 -0.0020514906293756462 -0.00029703059568390118 5.0395292467676479e-08 0 0 0 0 0 -6.1025347884701995e-05 0 0
leaf_weight=14815 8662 1198 99246 33012 38607 6324 50129 24993 9647 4202 13270 5891 17501 4532 33888 27702 2220 16526 156290 4828 1524 3196 18780 112681 16232 30564 24657 3388 45971 16920
leaf_count=14815 8662 1198 99246 33012 38607 6324 50129 24993 9647 4202 13270 5891 17501 4532 33888 27702 2220 16526 156290 4828 1524 3196 18780 112681 16232 30564 24657 3388 45971 16920
internal_value=-0.0127148 -0.00536205 -0.0224661 -0.0175916 -0.00959919 -0.00756131 -0.000839677 -0.00375451 -0.00659235 -0.0101365 -0.00813217 -0.0106495 -0.0116275 -0.00852017 -0.00884878 -0.0130232 -0.0134174 -0.00429423 0.000539073 0.00580606 0.0132984 0.0180132 -0.0236227 -0.0229224 -0.0194576 -0.0236798 -0.00867064 -0.0076534 -0.0114269 -0.0215673
internal_weight=847396 483113 364283 69860 249422 162624 233691 65621 40628 97003 57251 43981 36848 22033 38090 39752 86798 66655 167036 10746 5918 4394 294423 195177 35012 160165 30981 12050 48191 47484
internal_count=847396 483113 364283 69860 249422 162624 233691 65621 40628 97003 57251 43981 36848 22033 38090 39752 86798 66655 167036 10746 5918 4394 294423 195177 35012 160165 30981 12050 48191 47484
cat_boundaries=0 1 2 3 4 5 6 7
cat_threshold=1 1 377087 7372352 360467 360727 32
is_linear=0
shrinkage=0.05


Tree=122
num_leaves=31
num_cat=8
split_feature=18 18 2 3 2 3 4 3 0 0 0 3 4 18 4 0 18 4 13 3 3 3 3 0 8 3 3 3 17 0
split_gain=24323.8 3666.64 813.697 1108.97 778.437 538.332 607.765 545.562 434.663 359.927 221.171 209.214 196.777 171.938 164.812 126.887 292.478 142.437 124.968 114.211 284.115 119.542 118.969 89.4142 99.1972 86.2877 82.3816 82.105 79.0545 76.6449
threshold=0.14271402359008792 0.44424292445182806 0 81.500000000000014 1 41.500000000000007 4.5000000000000009 80.500000000000014 2 3 4 41.500000000000007 4.5000000000000009 0.18460166454315188 4.5000000000000009 5 0.71484372019767772 4.5000000000000009 0.98212006688117992 44.500000000000007 57.500000000000007 73.500000000000014 46.500000000000007 6 1.0000000180025095e-35 84.500000000000014 80.500000000000014 46.500000000000007 0.30769230425357824 7
decision_type=2 2 1 2 1 2 2 2 1 1 1 2 2 2 2 1 2 2 2 2 2 2 2 1 2 2 2 2 2 1
left_child=2 4 3 11 5 10 7 9 15 -7 28 -1 26 -6 29 16 17 18 -3 -4 22 -22 -21 -11 -25 -23 -13 -15 -2 -10
right_child=1 8 19 -5 13 6 -8 -9 14 23 -12 12 -14 27 -16 -17 -18 -19 -20 20 21 25 -24 24 -26 -27 -28 -29 -30 -31
leaf_value=0 0 4.7875527844292666e-08 0 0 0 0 0.00029832558317061109 0 0 4.4453338727185775e-06 0 0 5.9347205248915653e-06 0 2.0579040133418992e-05 5.2531472131804934e-07 -0.0019489160979068642 0.00055878717229894685 4.7875527844292666e-08 0 0 0 0 -4.1974211097426471e-09 0 0 0 0 0 0
leaf_weight=16767 13814 1201 106905 33161 38649 41672 26160 5892 29080 9563 29006 14109 4011 2228 16652 156018 4802 1528 3167 11323 112620 30533 16250 20097 11124 16902 1823 46035 5139 21225
leaf_count=16767 13814 1201 106905 33161 38649 41672 26160 5892 29080 9563 29006 14109 4011 2228 16652 156018 4802 1528 3167 11323 112620 30533 16250 20097 11124 16902 1823 46035 5139 21225
internal_value=-0.0127181 -0.00536071 -0.0224709 -0.01762 -0.00957749 -0.0075343 -0.00567166 -0.00765382 -0.000860497 -0.00660352 -0.0119816 -0.0116331 -0.00817204 -0.0133969 -0.00426292 0.00050622 0.00577139 0.0132378 0.0178342 -0.0236217 -0.0228785 -0.0236861 -0.0181908 -0.00326151 -0.00455717 -0.0215806 -0.0106641 -0.0114068 -0.00776644 -0.00569079
internal_weight=847456 483052 364404 69871 249379 162467 114508 88348 233673 82456 47959 36710 19943 86912 66957 166716 10698 5896 4368 294533 187628 160055 27573 40784 31221 47435 15932 48263 18953 50305
internal_count=847456 483052 364404 69871 249379 162467 114508 88348 233673 82456 47959 36710 19943 86912 66957 166716 10698 5896 4368 294533 187628 160055 27573 40784 31221 47435 15932 48263 18953 50305
cat_boundaries=0 1 2 3 4 5 6 7 8
cat_threshold=1 1 377087 7355904 491831 32 360471 2760960
is_linear=0
shrinkage=0.05


Tree=123
num_leaves=31
num_cat=8
split_feature=18 18 2 3 2 3 4 3 0 0 0 3 4 4 18 0 18 4 8 17 13 3 3 3 3 3 17 0 3 0
split_gain=24407.1 3646.93 826.696 1112.02 811.992 568.761 531.763 550.991 445.862 413.93 228.123 207.904 201.45 164.873 161.085 135.294 295.21 149.408 120.411 118.417 114.021 96.7398 189.636 170.904 93.8041 84.9066 83.8031 83.3827 82.1421 79.7162
threshold=0.14271402359008792 0.44424292445182806 0 81.500000000000014 1 41.500000000000007 4.5000000000000009 80.500000000000014 2 3 4 41.500000000000007 4.5000000000000009 4.5000000000000009 0.18460166454315188 5 0.71484372019767772 4.5000000000000009 1.0000000180025095e-35 0.07692307606339456 0.98212006688117992 43.500000000000007 57.500000000000007 46.500000000000007 73.500000000000014 80.500000000000014 0.30769230425357824 6 46.500000000000007 7
decision_type=2 2 1 2 1 2 2 2 1 1 1 2 2 2 2 1 2 2 2 2 2 2 2 2 2 2 2 1 2 1
left_child=2 4 3 11 5 10 7 9 15 -7 26 -1 25 29 -6 16 17 20 -11 21 -3 -4 23 -23 -24 -13 -2 -20 -16 -10
right_child=1 8 19 -5 14 6 -8 -9 13 18 -12 12 -14 -15 28 -17 -18 -19 27 -21 -22 22 24 -25 -26 -27 -28 -29 -30 -31
leaf_value=0 0 4.5481751452078034e-08 0 0 0 0 0.00037060128916517333 0 0 -3.9875500542555146e-09 0 0 5.637984498646987e-06 1.9550088126748043e-05 0 4.9904898525214682e-07 -0.0018514702930115209 0.00050910061423204149 3.6821414911377539e-06 0 4.5481751452078034e-08 0 0 0 0 0 0 0 0 0
leaf_weight=16803 13802 1185 99346 33020 38801 41763 26149 5851 29078 25771 29118 14201 4048 16655 2247 156179 4856 1542 2929 3103 3195 18311 112471 15131 46073 1864 5126 12095 46009 21193
leaf_count=16803 13802 1185 99346 33020 38801 41763 26149 5851 29078 25771 29118 14201 4048 16655 2247 156179 4856 1542 2929 3103 3195 18311 112471 15131 46073 1864 5126 12095 46009 21193
internal_value=-0.0126969 -0.00533302 -0.0224692 -0.0175825 -0.00953583 -0.00744939 -0.00553431 -0.00738697 -0.000846684 -0.00633615 -0.0120156 -0.0116196 -0.00818998 -0.0042944 -0.0134329 0.000535585 0.00595106 0.0134498 -0.0027515 -0.0236299 0.0181621 -0.0237334 -0.023078 -0.0196564 -0.0237997 -0.0107018 -0.00772785 -0.0063099 -0.0115043 -0.00572348
internal_weight=847915 483544 364371 69936 249661 162604 114558 88409 233883 82558 48046 36916 20113 66926 87057 166957 10778 5922 40795 294435 4380 291332 191986 33442 158544 16065 18928 15024 48256 50271
internal_count=847915 483544 364371 69936 249661 162604 114558 88409 233883 82558 48046 36916 20113 66926 87057 166957 10778 5922 40795 294435 4380 291332 191986 33442 158544 16065 18928 15024 48256 50271
cat_boundaries=0 1 2 3 4 5 6 7 8
cat_threshold=1 1 377087 7355904 491831 32 360467 2760960
is_linear=0
shrinkage=0.05


Tree=124
num_leaves=31
num_cat=6
split_feature=18 18 2 3 2 7 0 0 0 3 4 4 3 4 3 18 3 4 3 4 0 18 4 13 17 3 3 3 3 3
split_gain=24439.4 3608.29 814.355 1102.06 811.026 608.253 446.395 345.129 247.348 224.22 303.839 221.574 208.606 205.804 195.867 169.695 168.797 165.278 154.516 145.721 133.854 295.514 149.252 123.919 121.036 113.845 96.9936 190.367 170.846 94.0536
threshold=0.14271402359008792 0.44424292445182806 0 81.500000000000014 1 28.69999980926514 2 3 4 41.500000000000007 4.5000000000000009 4.5000000000000009 41.500000000000007 4.5000000000000009 80.500000000000014 0.18460166454315188 41.500000000000007 4.5000000000000009 80.500000000000014 4.5000000000000009 5 0.71484372019767772 4.5000000000000009 0.98212006688117992 0.07692307606339456 44.500000000000007 43.500000000000007 57.500000000000007 46.500000000000007 73.500000000000014
decision_type=2 2 1 2 1 2 1 1 1 2 2 2 2 2 2 2 2 2 2 2 1 2 2 2 2 2 2 2 2 2
left_child=2 4 3 12 5 8 20 11 14 -10 18 25 -1 -14 16 -6 -2 -8 -11 -16 21 22 23 -3 26 -7 -4 28 -28 -29
right_child=1 6 24 -5 15 7 17 -9 9 10 -12 -13 13 -15 19 -17 -18 -19 -20 -21 -22 -23 -24 -25 -26 -27 27 29 -30 -31
leaf_value=0 0 4.3207663879474131e-08 0 0 0 0 0 1.7893845932672314e-06 0 0 -0.000403998806138771 0.00035207122470691244 0 5.3560852737146371e-06 0 0 0 1.8572583720410642e-05 0 0.031227615964150801 4.7409653598953949e-07 -0.001758896778360945 -0.00033557345522625554 4.3207663879474131e-08 0 0 0 0 0 0
leaf_weight=16854 13934 1207 99470 33169 38586 6357 50286 24951 25759 28462 9542 9675 16081 4010 3053 48242 12579 16587 2774 747 156219 4838 1536 3211 3137 24695 18247 112464 15217 46038
leaf_count=16854 13934 1207 99470 33169 38586 6357 50286 24951 25759 28462 9542 9675 16081 4010 3053 48242 12579 16587 2774 747 156219 4838 1536 3211 3137 24695 18247 112464 15217 46038
internal_value=-0.0127035 -0.00532934 -0.022475 -0.017632 -0.00951371 -0.00742949 -0.000868165 -0.00371509 -0.00994837 -0.0116545 -0.0093494 -0.00655117 -0.0116924 -0.00825121 -0.00619744 -0.013415 -0.00467789 -0.00431986 -0.0117349 -0.0168158 0.000514157 0.00589706 0.0133608 0.0180285 -0.0236277 -0.00861136 -0.0237328 -0.0230762 -0.0196495 -0.0237997
internal_weight=847927 483240 364687 70114 249356 162528 233884 65678 96850 66537 40778 40727 36945 20091 30313 86828 26513 66873 31236 3800 167011 10792 5954 4418 294573 31052 291436 191966 33464 158502
internal_count=847927 483240 364687 70114 249356 162528 233884 65678 96850 66537 40778 40727 36945 20091 30313 86828 26513 66873 31236 3800 167011 10792 5954 4418 294573 31052 291436 191966 33464 158502
cat_boundaries=0 1 2 3 4 5 6
cat_threshold=1 1 377087 7372352 491799 32
is_linear=0
shrinkage=0.05


Tree=125
num_leaves=31
num_cat=6
split_feature=18 18 0 18 0 4 3 0 18 4 3 13 3 0 4 0 3 3 3 0 18 3 3 3 4 19 7 3 3 3
split_gain=24362.7 3709.95 430.48 414.117 166.496 154.635 151.161 136.623 290.634 148.177 128.54 124.571 120.706 95.0254 90.7424 80.7725 78.3007 186.822 107.652 75.6503 62.9325 62.6824 103.906 74.0311 60.6002 54.7777 52.0715 47.7618 46.5589 43.4099
threshold=0.14271402359008792 0.44424292445182806 0 0.24917653203010562 1 4.5000000000000009 42.500000000000007 2 0.72922664880752575 4.5000000000000009 80.500000000000014 0.98212006688117992 80.500000000000014 3 4.5000000000000009 4 44.500000000000007 56.500000000000007 46.500000000000007 5 0.29109917581081396 83.500000000000014 73.500000000000014 80.500000000000014 4.5000000000000009 1.2388720512390139 30.10000038146973 54.500000000000007 48.500000000000007 36.500000000000007
decision_type=2 2 1 2 1 2 2 1 2 2 2 2 2 1 2 1 2 2 2 1 2 2 2 2 2 2 2 2 2 2
left_child=13 3 7 12 6 19 -5 8 9 11 20 -3 15 16 -8 -2 -1 18 -18 26 -6 22 -19 -24 -14 -13 -4 28 -9 -7
right_child=1 2 5 4 10 29 14 27 -10 -11 -12 25 24 -15 -16 -17 17 21 -20 -21 -22 -23 23 -25 -26 -27 -28 -29 -30 -31
leaf_value=0 0 4.1047280685500423e-08 0 0 0 -0.00035325911721431749 0 -1.7956820150620421e-06 -0.0016709519394428976 0.00019342971266065047 0 4.1047280685500423e-08 0 0 0 0 0 0 0 0 0 0 0 0 0 3.7259108133957676e-08 0 -2.7649177630441137e-05 0.010050380450452846 9.3891354738926249e-05
leaf_weight=59417 25383 1197 14383 14036 36034 199 49204 38316 4811 1544 5352 2984 7407 194937 15526 60293 5909 54423 9569 21111 34339 17188 12778 9882 1770 258 14736 84487 33362 16438
leaf_count=59417 25383 1197 14383 14036 36034 199 49204 38316 4811 1544 5352 2984 7407 194937 15526 60293 5909 54423 9569 21111 34339 17188 12778 9882 1770 258 14736 84487 33362 16438
internal_value=-0.0127007 -0.00534056 -0.000816205 -0.00958335 -0.00798671 -0.00420586 -0.00959747 0.000541568 0.00597927 0.013342 -0.00630917 0.0179827 -0.0121839 -0.0224676 -0.00857871 -0.0116001 -0.0215811 -0.0207909 -0.0156997 -0.00559028 -0.0057419 -0.0216267 -0.0210179 -0.018173 -0.0176338 0.0230722 -0.00393337 0.000165359 0.00111471 -2.85508e-05
internal_weight=847273 483170 233826 249344 154491 66867 78766 166959 10794 5983 75725 4439 94853 364103 64730 85676 169166 109749 15478 50230 70373 94271 77083 22660 9177 3242 29119 156165 71678 16637
internal_count=847273 483170 233826 249344 154491 66867 78766 166959 10794 5983 75725 4439 94853 364103 64730 85676 169166 109749 15478 50230 70373 94271 77083 22660 9177 3242 29119 156165 71678 16637
cat_boundaries=0 1 2 3 4 5 6
cat_threshold=377087 7372352 32 5906312 655788 2760960
is_linear=0
shrinkage=0.05


Tree=126
num_leaves=31
num_cat=6
split_feature=18 18 2 3 2 7 1 1 3 5 3 5 1 3 5 18 5 3 1 17 3 3 3 3 3 3 5 3 3 3
split_gain=24352.6 3649.28 827.336 1113.38 804.824 605.094 389.246 295.436 240.23 396.906 394.721 225.19 222.282 212.232 200.458 171.873 144.177 120.213 114.733 114.392 97.3143 193.317 173.712 93.4951 84.6239 83.8168 79.3666 154.489 73.1035 66.7057
threshold=0.14271402359008792 0.44424292445182806 0 81.500000000000014 1 28.69999980926514 2 3 41.500000000000007 1.0000000180025095e-35 80.500000000000014 1.0000000180025095e-35 4 41.500000000000007 1.0000000180025095e-35 0.18460166454315188 1.0000000180025095e-35 44.500000000000007 5 0.07692307606339456 43.500000000000007 57.500000000000007 46.500000000000007 73.500000000000014 46.500000000000007 80.500000000000014 1.0000000180025095e-35 36.500000000000007 78.500000000000014 55.500000000000007
decision_type=2 2 1 2 1 2 1 1 2 2 2 2 1 2 2 2 2 2 1 2 2 2 2 2 2 2 2 2 2 2
left_child=2 4 3 13 5 8 -3 -7 18 10 12 17 -10 -1 25 -6 -8 -9 26 20 -4 22 -22 -23 -17 -15 -2 -28 -25 -26
right_child=1 6 19 -5 15 7 16 11 9 -11 -12 -13 -14 14 -16 24 -18 -19 -20 -21 21 23 -24 28 29 -27 27 -29 -30 -31
leaf_value=0 0 3.8994916651225399e-08 0 0 0 1.696127191052327e-06 0 0 0 -6.2812809330648765e-06 0 0.0008064459125436519 0 0 5.0882810100289054e-06 0 -0.00028203817715396486 0 0 0 0 0 0 0 0 0 0 0 0 0
leaf_weight=16866 9897 162094 99604 33057 38767 25068 53212 6232 9141 13264 5913 9619 28946 14201 4039 2256 18496 24567 26104 3106 18185 112411 15154 10170 23746 1827 2378 1335 35798 22239
leaf_count=16866 9897 162094 99604 33057 38767 25068 53212 6232 9141 13264 5913 9619 28946 14201 4039 2256 18496 24567 26104 3106 18185 112411 15154 10170 23746 1827 2378 1335 35798 22239
internal_value=-0.0127095 -0.00535038 -0.0224688 -0.0175825 -0.00955658 -0.00747827 -0.000862268 -0.00376493 -0.00998577 -0.00791335 -0.0101989 -0.00640892 -0.0083329 -0.0116163 -0.00814148 -0.0134373 -0.00392928 -0.00849622 -0.012974 -0.0236304 -0.0237322 -0.0230735 -0.0196129 -0.0238019 -0.0114451 -0.0106501 -0.0092254 -0.0154659 -0.0219022 -0.0109813
internal_weight=847692 483274 364418 69990 249472 162464 233802 65486 96978 57264 44000 40418 38087 36933 20067 87008 71708 30799 39714 294428 291322 191718 33339 158379 48241 16028 13610 3713 45968 45985
internal_count=847692 483274 364418 69990 249472 162464 233802 65486 96978 57264 44000 40418 38087 36933 20067 87008 71708 30799 39714 294428 291322 191718 33339 158379 48241 16028 13610 3713 45968 45985
cat_boundaries=0 1 2 3 4 5 6
cat_threshold=1 1 3 3 1 1
is_linear=0
shrinkage=0.05


Tree=127
num_leaves=31
num_cat=6
split_feature=18 18 2 3 2 7 0 0 3 0 4 3 4 3 3 18 4 4 4 3 0 18 4 13 3 3 3 3 3 17
split_gain=24408.6 3674.18 819.312 1113.35 796.291 602.679 421.679 350.424 262.964 246.612 220.228 211.934 285.239 197.716 169.199 164.647 162.715 155.571 153.988 140.966 139.232 277.511 149.483 124.596 115.038 109.823 274.33 116.778 113.712 92.5783
threshold=0.1122730001807213 0.44424292445182806 0 80.500000000000014 1 28.69999980926514 2 3 41.500000000000007 4 4.5000000000000009 41.500000000000007 4.5000000000000009 80.500000000000014 41.500000000000007 0.18460166454315188 4.5000000000000009 4.5000000000000009 4.5000000000000009 80.500000000000014 5 0.71484372019767772 4.5000000000000009 0.98212006688117992 44.500000000000007 44.500000000000007 57.500000000000007 46.500000000000007 73.500000000000014 0.31789474189281469
decision_type=2 2 1 2 1 2 1 1 2 1 2 2 2 2 2 2 2 2 2 2 1 2 2 2 2 2 2 2 2 2
left_child=2 4 3 8 5 9 20 10 -1 13 24 -11 19 14 29 -6 -8 -10 -15 -13 21 22 23 -3 -7 -4 27 -27 -28 -2
right_child=1 6 25 -5 15 7 16 -9 17 11 -12 12 -14 18 -16 -17 -18 -19 -20 -21 -22 -23 -24 -25 -26 26 28 -29 -30 -31
leaf_value=0 0 3.7045170818664133e-08 0 0 0 0 0 1.6151090040512534e-06 0 0 -0.0010861074412277572 0 -0.00039803045513505693 0 0 0 4.5009184295746743e-05 4.8338669595274598e-06 0.027057115430142845 0 5.3822606411060343e-07 -0.0015874062922165853 -0.00032846821784380783 3.7045170818664133e-08 0 0 0 0 0 0
leaf_weight=16749 11111 1205 106892 35321 39142 6329 50325 24932 14207 24638 9638 27223 9001 3238 14469 48230 16623 3619 825 2678 156219 4822 1549 3198 24633 11249 112810 16056 47134 4173
leaf_count=16749 11111 1205 106892 35321 39142 6329 50325 24932 14207 24638 9638 27223 9001 3238 14469 48230 16623 3619 825 2678 156219 4822 1549 3198 24633 11249 112810 16056 47134 4173
internal_value=-0.0127125 -0.00535816 -0.0224943 -0.0176283 -0.00956925 -0.00750362 -0.000853313 -0.00379662 -0.0112502 -0.00999887 -0.00666092 -0.0118356 -0.00953936 -0.0065423 -0.00513142 -0.0134202 -0.00420562 -0.00702345 -0.0168902 -0.0118884 0.000490859 0.00598572 0.013214 0.0179139 -0.00871714 -0.0236506 -0.0229207 -0.0182888 -0.0237114 -0.00880005
internal_weight=848238 484201 364037 69896 250260 162888 233941 65532 34575 97356 40600 63540 38902 33816 29753 87372 66948 17826 4063 29901 166993 10774 5952 4403 30962 294141 187249 27305 159944 15284
internal_count=848238 484201 364037 69896 250260 162888 233941 65532 34575 97356 40600 63540 38902 33816 29753 87372 66948 17826 4063 29901 166993 10774 5952 4403 30962 294141 187249 27305 159944 15284
cat_boundaries=0 1 2 3 4 5 6
cat_threshold=1 1 377087 7372352 491807 32
is_linear=0
shrinkage=0.05


Tree=128
num_leaves=31
num_cat=8
split_feature=2 3 17 0 16 3 4 3 3 3 3 17 3 3 7 0 0 0 7 0 8 0 3 0 3 4 7 8 3 21
split_gain=15328.2 5336.7 3495 1727.4 1688.1 1164.63 610.693 561.453 555.001 1417.6 483.595 275.705 264.863 247.973 268.423 222.91 204.282 186.404 183.283 151.153 140.113 123.357 99.7673 97.2146 92.5454 274.973 91.7796 90.8426 89.3199 109.125
threshold=0 80.500000000000014 0.15384615212678912 1 0.18065268546342853 43.500000000000007 4.5000000000000009 39.500000000000007 45.500000000000007 56.500000000000007 73.500000000000014 0.18301435559988025 47.500000000000007 84.500000000000014 22.300000190734867 2 3 4 30.10000038146973 5 3.4000000059604649 6 81.500000000000014 7 38.500000000000007 4.5000000000000009 24.500000000000004 3.4000000059604649 78.500000000000014 4.1888229846954355
decision_type=1 2 2 1 2 2 2 2 2 2 2 2 2 2 2 1 1 1 2 1 2 1 2 1 2 2 2 2 2 2
left_child=1 3 4 5 8 24 15 16 -2 12 -11 22 -10 14 -12 18 -5 20 -7 26 -4 -14 -3 -20 -1 -26 -9 -6 -16 -30
right_child=2 11 17 7 27 6 -8 19 9 10 13 -13 21 -15 28 -17 -18 -19 23 -21 -22 -23 -24 -25 25 -27 -28 -29 29 -31
leaf_value=0 0 0 0 0 0 0 0.00015026421377093725 -0.0012076821773526274 0 0 0 0 0 0 0 0 0 0 0.0081070498185928652 0 0 0 0 0 0 0 0.00051406952506652945 0 0 0
leaf_weight=25082 115320 5525 20961 18602 16625 22132 26502 8434 12065 122702 7842 1740 11762 17822 19528 46286 18489 15809 6645 76398 11408 21089 36853 14895 13398 4779 97873 8652 18505 3582
leaf_count=25082 115320 5525 20961 18602 16625 22132 26502 8434 12065 122702 7842 1740 11762 17822 19528 46286 18489 15809 6645 76398 11408 21089 36853 14895 13398 4779 97873 8652 18505 3582
internal_value=-0.0127034 -0.00597799 -0.0194281 -0.0040646 -0.0210548 -0.00802156 -0.00541989 -0.00118878 -0.0219555 -0.0205608 -0.0224495 -0.0224376 -0.0125724 -0.0190427 -0.0172205 -0.00738511 -0.00679747 -0.00674997 -0.00481892 -5.02176e-05 -0.00457164 -0.0102455 -0.0232385 -0.00153668 -0.0150275 -0.0123109 0.00116891 -0.00857598 -0.0188195 -0.0209976
internal_weight=847305 423633 423672 379515 375494 159719 116460 219796 350217 234897 189981 44118 44916 67279 49457 89958 37091 48178 43672 182705 32369 32851 42378 21540 43259 18177 106307 25277 41615 22087
internal_count=847305 423633 423672 379515 375494 159719 116460 219796 350217 234897 189981 44118 44916 67279 49457 89958 37091 48178 43672 182705 32369 32851 42378 21540 43259 18177 106307 25277 41615 22087
cat_boundaries=0 1 2 3 4 5 6 7 8
cat_threshold=1 7880320 2630272 327703 2449527 327735 2449463 524416
is_linear=0
shrinkage=0.05


Tree=129
num_leaves=31
num_cat=8
split_feature=18 18 2 2 3 3 4 3 0 0 0 3 18 4 3 3 3 3 4 3 3 0 7 3 0 17 4 3 0 3
split_gain=23977.2 3345.86 810.751 765.864 1040.74 548.382 575.024 561.433 392.327 340.259 234.875 179.148 170.232 165.098 110.921 271.943 116.945 116.196 102.806 83.7911 81.7118 78.4929 92.0822 78.119 76.1011 74.1629 79.5649 184.221 66.473 65.8771
threshold=0.1122730001807213 0.44424292445182806 0 1 81.500000000000014 41.500000000000007 4.5000000000000009 80.500000000000014 2 3 4 39.500000000000007 0.18460166454315188 4.5000000000000009 44.500000000000007 57.500000000000007 46.500000000000007 73.500000000000014 4.5000000000000009 78.500000000000014 46.500000000000007 5 30.500000000000004 80.500000000000014 6 0.30769230425357824 4.5000000000000009 36.500000000000007 7 55.500000000000007
decision_type=2 2 1 1 2 2 2 2 1 1 1 2 2 2 2 2 2 2 2 2 2 1 2 2 1 2 2 2 1 2
left_child=3 2 5 4 11 10 7 8 -7 -3 25 -1 -4 24 -5 16 -16 -17 23 -19 -14 -10 -23 28 -11 26 -2 -28 -13 -22
right_child=1 9 12 14 -6 6 -8 -9 21 13 -12 18 20 -15 15 17 -18 19 -20 -21 29 22 -24 -25 -26 -27 27 -29 -30 -31
leaf_value=0 0 -4.4628160368781949e-07 0 0 0 0 0.00025742008649443543 0 0 0 0 0 0 2.4800836440354703e-05 0 0 0 0 -2.9210370769957761e-06 0 0 0 -2.4172910872029328e-05 0 0 0 0 0 0 0
leaf_weight=14703 9662 166893 39189 106879 33098 41688 26165 5948 14864 29043 29202 10041 2206 16618 11230 112843 16081 10778 4507 36408 23745 16787 9085 1810 21200 5154 2731 1372 5567 22259
leaf_count=14703 9662 166893 39189 106879 33098 41688 26165 5948 14864 29043 29202 10041 2206 16618 11230 112843 16081 10778 4507 36408 23745 16787 9085 1810 21200 5154 2731 1372 5567 22259
internal_value=-0.0128305 -0.00553734 -0.00955752 -0.0225256 -0.017814 -0.00747058 -0.00558881 -0.00751652 -0.00644594 -0.00123677 -0.0119496 -0.0120072 -0.0134415 -0.00425035 -0.0236422 -0.0229089 -0.0182976 -0.0236959 -0.00914367 -0.0216123 -0.011452 -0.00295366 -0.00461711 -0.0108853 -0.0056799 -0.00759549 -0.00951507 -0.0153485 -0.009745 -0.0110012
internal_weight=847756 483811 250057 363945 69726 162658 114537 88372 82424 233754 48121 36628 87399 66861 294219 187340 27311 160029 21925 47186 48210 40736 25872 17418 50243 18919 13765 4103 15608 46004
internal_count=847756 483811 250057 363945 69726 162658 114537 88372 82424 233754 48121 36628 87399 66861 294219 187340 27311 160029 21925 47186 48210 40736 25872 17418 50243 18919 13765 4103 15608 46004
cat_boundaries=0 1 2 3 4 5 6 7 8
cat_threshold=1 1 7355904 377087 491831 491543 2760960 7372288
is_linear=0
shrinkage=0.05


Tree=130
num_leaves=31
num_cat=8
split_feature=2 3 17 16 0 3 3 3 3 3 4 0 3 17 3 7 0 0 4 8 7 0 0 3 4 3 3 21 0 3
split_gain=14729.1 5172.65 3500.71 1674.27 1653.52 816.345 702.439 556.124 1420.04 491.226 424.979 372.257 266.742 265.527 250.763 270.009 222.086 180.165 140.154 129.439 128.542 124.019 108.241 101.309 97.203 94.4979 92.5127 111.026 86.9017 85.4473
threshold=0 80.500000000000014 0.15384615212678912 0.18065268546342853 1 41.500000000000007 43.500000000000007 45.500000000000007 56.500000000000007 73.500000000000014 4.5000000000000009 2 47.500000000000007 0.18301435559988025 84.500000000000014 22.300000190734867 3 4 4.5000000000000009 3.4000000059604649 30.10000038146973 5 6 81.500000000000014 4.5000000000000009 55.500000000000007 78.500000000000014 4.1990888118743905 7 74.500000000000014
decision_type=1 2 2 2 1 2 2 2 2 2 2 1 2 2 2 2 1 1 2 2 2 1 1 2 2 2 2 2 1 2
left_child=1 4 3 7 6 11 -1 -2 12 -10 22 -6 -9 23 15 -11 -7 19 20 -4 -18 -14 -8 24 -3 -12 29 -28 -5 -17
right_child=2 13 17 28 5 16 10 8 9 14 25 -13 21 -15 -16 26 18 -19 -20 -21 -22 -23 -24 -25 -26 -27 27 -29 -30 -31
leaf_value=0 0 0 0 0 0 0.00049217248041821815 0 0 0 0 0.0013923081499388923 0 0 0 0 0 0 0 0.00065264872412261758 5.7506992462121904e-08 0 0 0 0 0.010641323792556707 -0.00095769357088899875 0 0 0 0
leaf_weight=31532 115098 4876 19333 17103 23156 107462 19827 11975 123132 7872 7665 33224 13017 1750 17842 6143 39790 18038 23713 10630 36306 19888 45669 36899 717 11226 18962 3060 8195 13457
leaf_count=31532 115098 4876 19333 17103 23156 107462 19827 11975 123132 7872 7665 33224 13017 1750 17842 6143 39790 18038 23713 10630 36306 19888 45669 36899 717 11226 18962 3060 8195 13457
internal_value=-0.0128412 -0.00625041 -0.0194331 -0.0210574 -0.00436454 -0.00217599 -0.00934128 -0.0219542 -0.0205613 -0.0224466 -0.00696286 -0.00751064 -0.0125602 -0.02243 -0.0190129 -0.0171809 -0.000725017 -0.00671809 -0.00242314 -0.0043364 -0.0034693 -0.0102348 -0.00886848 -0.0232161 -0.0169453 -0.00035599 -0.0187869 -0.0210108 -0.00863507 -0.0162883
internal_weight=847557 423812 423745 375744 379570 263651 115919 350446 235348 190468 84387 56380 44880 44242 67336 49494 207271 48001 99809 29963 76096 32905 65496 42492 5593 18891 41622 22022 25298 19600
internal_count=847557 423812 423745 375744 379570 263651 115919 350446 235348 190468 84387 56380 44880 44242 67336 49494 207271 48001 99809 29963 76096 32905 65496 42492 5593 18891 41622 22022 25298 19600
cat_boundaries=0 1 2 3 4 5 6 7 8
cat_threshold=1 5258752 327703 360479 352375 2449471 4198400 6643831
is_linear=0
shrinkage=0.05


Tree=131
num_leaves=31
num_cat=9
split_feature=2 3 16 0 3 3 3 3 4 3 3 8 3 0 0 3 21 4 3 0 0 0 7 8 4 0 3 4 0 4
split_gain=14804.7 5198.38 3006.94 1523.96 1051.47 1050.4 2082.66 972.702 636.904 560.371 479.64 437.411 332.141 262.729 218.333 211.664 218.642 208.495 374.082 178.957 171.114 167.311 139.831 125.481 100.979 95.7757 87.9068 255.275 79.5646 77.9515
threshold=0 80.500000000000014 0.19355644285678866 1 43.500000000000007 45.500000000000007 56.500000000000007 74.500000000000014 4.5000000000000009 41.500000000000007 84.500000000000014 3.4000000059604649 47.500000000000007 2 3 78.500000000000014 4.1990888118743905 4.5000000000000009 83.500000000000014 4 5 6 28.69999980926514 3.4000000059604649 4.5000000000000009 7 38.500000000000007 4.5000000000000009 8 4.5000000000000009
decision_type=1 2 2 1 2 2 2 2 2 2 2 2 2 1 1 2 2 2 2 1 1 1 2 2 2 1 2 2 1 2
left_child=1 3 5 4 26 -2 12 -8 21 13 11 15 24 -5 -14 -9 -17 -3 -19 23 29 -6 -23 -4 -7 -13 -1 -28 -24 -11
right_child=2 17 19 9 8 6 7 10 -10 20 -12 25 14 -15 -16 16 -18 18 -20 -21 -22 22 28 -25 -26 -27 27 -29 -30 -31
leaf_value=0 0 0 0 0 0 0 0 0 0.00017776467730211857 0.00017929022852468114 0 0 0 0 0 0 0 0 0 0 -3.7881725515427391e-09 0 0 0 0 0 0 0 0 0.013968882845635112
leaf_weight=22862 115909 36298 17972 23069 19909 10288 130910 16481 25246 69404 18140 5401 20267 26545 28735 20618 4453 3531 4418 12404 89677 24510 10156 10712 3946 7537 12176 4480 28043 23377
leaf_count=22862 115909 36298 17972 23069 19909 10288 130910 16481 25246 69404 18140 5401 20267 26545 28735 20618 4453 3531 4418 12404 89677 24510 10156 10712 3946 7537 12176 4480 28043 23377
internal_value=-0.0128243 -0.00621517 -0.0194323 -0.00432398 -0.00829998 -0.0208124 -0.0190857 -0.0215481 -0.00574427 -0.0017985 -0.0169076 -0.0145632 -0.0111598 -0.00651026 -0.00920677 -0.017063 -0.0199563 -0.0224337 -0.0150994 -0.00657856 -0.000517379 -0.00786814 -0.00659649 -0.00440336 -0.0178832 -0.00653501 -0.0152778 -0.012515 -0.00470628 0.000987973
internal_weight=847474 423701 423773 379454 147382 382685 266776 203540 107864 232072 72630 54490 63236 49614 49002 41552 25071 44247 7949 41088 182458 82618 62709 28684 14234 12938 39518 16656 38199 92781
internal_count=847474 423701 423773 379454 147382 382685 266776 203540 107864 232072 72630 54490 63236 49614 49002 41552 25071 44247 7949 41088 182458 82618 62709 28684 14234 12938 39518 16656 38199 92781
cat_boundaries=0 1 2 3 4 5 6 7 8 9
cat_threshold=1 7880192 327703 2449463 2449527 327711 4198400 3709320 2621440
is_linear=0
shrinkage=0.05


Tree=132
num_leaves=31
num_cat=7
split_feature=18 18 18 17 0 0 4 3 3 3 0 0 3 3 3 3 0 19 3 3 3 3 8 0 4 4 0 13 7 3
split_gain=24170.5 2966.88 433.547 340.366 322.388 274.657 150.294 144.659 130.443 144.751 114.617 103.465 81.4573 177.748 108.366 72.8784 72.6004 70.8851 67.2229 64.6667 108.728 89.2182 63.4974 120.658 70.718 59.1255 57.0709 53.6337 53.3761 52.1139
threshold=0.14271402359008792 0.44424292445182806 0.24917653203010562 0.15384615212678912 0 1 4.5000000000000009 80.500000000000014 80.500000000000014 39.500000000000007 2 3 44.500000000000007 56.500000000000007 46.500000000000007 47.500000000000007 4 1.1524679064750674 47.500000000000007 83.500000000000014 73.500000000000014 80.500000000000014 3.4000000059604649 5 4.5000000000000009 4.5000000000000009 6 1.0270467996597292 22.300000190734867 80.500000000000014
decision_type=2 2 2 2 1 1 2 2 2 2 1 1 2 2 2 2 1 2 2 2 2 2 2 1 2 2 1 2 2 2
left_child=3 2 7 11 27 8 16 10 9 -4 -2 12 -1 14 -14 26 -6 29 -12 20 -15 28 -11 24 -24 -9 -7 -3 -22 -17
right_child=1 4 5 -5 6 15 -8 25 -10 22 18 -13 13 19 -16 17 -18 -19 -20 -21 21 -23 23 -25 -26 -27 -28 -29 -30 -31
leaf_value=0 0 5.3362884108946423e-07 0 0 0 0 -0.00015555602572964178 0 0 0 0 0 0 0 0 0 0 0 0 0 0 0 1.8940862757713698e-10 0 0 0 0 -8.6352572061607844e-05 0 0
leaf_weight=59139 17495 128368 10277 3884 29037 8146 16610 7361 4545 39515 25266 193179 5844 53845 8977 45057 21147 12134 42816 17217 1692 9816 4409 8125 1557 1756 17773 38552 10698 2914
leaf_count=59139 17495 128368 10277 3884 29037 8146 16610 7361 4545 39515 25266 193179 5844 53845 8977 45057 21147 12134 42816 17217 1692 9816 4409 8125 1557 1756 17773 38552 10698 2914
internal_value=-0.0126714 -0.0053356 -0.00913159 -0.0223948 -0.00128897 -0.00749845 -0.0042243 -0.0117954 -0.00513165 -0.00455012 -0.0111575 -0.0225535 -0.021624 -0.020809 -0.0157226 -0.00937943 -0.00558943 -0.00842484 -0.0120866 -0.0216173 -0.0209908 -0.0180469 -0.003508 -0.000626286 0.00476908 -0.0177827 -0.0115967 -0.00011412 -0.015226 -0.00928842
internal_weight=847151 482860 249146 364291 233714 154452 66794 94694 68428 63883 85577 360407 167228 108089 14821 86024 50184 60105 68082 93268 76051 22206 53606 14091 5966 9117 25919 166920 12390 47971
internal_count=847151 482860 249146 364291 233714 154452 66794 94694 68428 63883 85577 360407 167228 108089 14821 86024 50184 60105 68082 93268 76051 22206 53606 14091 5966 9117 25919 166920 12390 47971
cat_boundaries=0 1 2 3 4 5 6 7
cat_threshold=377087 737743 131468 5906312 2760960 147776 294960
is_linear=0
shrinkage=0.05


Tree=133
num_leaves=31
num_cat=6
split_feature=2 3 17 0 16 3 3 4 3 3 3 17 3 3 7 0 0 0 7 8 0 3 21 3 21 4 3 8 3 4
split_gain=15546 5385.94 3490.39 1808.76 1683.81 1071.83 690.461 629.93 555.932 1414.98 487.02 267.739 261.611 251.535 269.504 242.543 181.533 173.043 150.372 137.264 117.551 104.664 92.978 92.3365 110.493 90.546 90.4314 88.8442 86.4052 256.561
threshold=0 80.500000000000014 0.15384615212678912 1 0.18065268546342853 43.500000000000007 41.500000000000007 4.5000000000000009 45.500000000000007 56.500000000000007 73.500000000000014 0.18301435559988025 47.500000000000007 84.500000000000014 22.300000190734867 2 3 4 28.69999980926514 3.4000000059604649 5 81.500000000000014 4.1560313701629648 78.500000000000014 4.1888229846954355 4.5000000000000009 74.500000000000014 3.4000000059604649 38.500000000000007 4.5000000000000009
decision_type=1 2 2 1 2 2 2 2 2 2 2 2 2 2 2 1 1 1 2 2 1 2 2 2 2 2 2 2 2 2
left_child=1 3 4 5 8 28 15 17 -2 12 -11 21 -10 14 -12 -5 19 -7 -19 -4 -14 25 -8 26 -25 -3 -16 -6 -1 -30
right_child=2 11 16 6 27 7 22 -9 9 10 13 -13 20 -15 23 -17 -18 18 -20 -21 -22 -23 -24 24 -26 -27 -28 -29 29 -31
leaf_value=0 0 0 0 0 0 0 0.0051464361300362638 0.00016887644343701266 0 0 0 0 0 0 0 0 0 0 0 -2.8753496231060954e-09 0 0 -4.0080124821655104e-09 0 0 -0.00092125173335360548 0 0 0 0
leaf_weight=22885 115195 4857 21433 23148 16577 19815 39031 25219 11961 123121 7878 1727 14224 17835 6132 26522 14839 24532 38096 11802 18650 36905 143652 18545 3577 716 13399 8696 12173 4446
leaf_count=22885 115195 4857 21433 23148 16577 19815 39031 25219 11961 123121 7878 1727 14224 17835 6132 26522 14839 24532 38096 11802 18650 36905 143652 18545 3577 716 13399 8696 12173 4446
internal_value=-0.0126662 -0.00589358 -0.0194367 -0.0039697 -0.0210595 -0.00830672 -0.00122233 -0.00572254 -0.0219582 -0.020565 -0.022446 -0.0224109 -0.0125733 -0.0190281 -0.0171948 -0.00644957 -0.00675105 -0.00783784 -0.00654555 -0.00469319 -0.0102695 -0.0231955 0.000198842 -0.0187988 -0.0210108 -0.0168087 -0.0162933 -0.00859514 -0.0153516 -0.0126076
internal_weight=847588 423724 423864 379519 375790 147166 232353 107662 350517 235322 190487 44205 44835 67366 49531 49670 48074 82443 62628 33235 32874 42478 182683 41653 22122 5573 19531 25273 39504 16619
internal_count=847588 423724 423864 379519 375790 147166 232353 107662 350517 235322 190487 44205 44835 67366 49531 49670 48074 82443 62628 33235 32874 42478 182683 41653 22122 5573 19531 25273 39504 16619
cat_boundaries=0 1 2 3 4 5 6
cat_threshold=1 7880192 327703 2449535 4198400 2973759
is_linear=0
shrinkage=0.05


Tree=134
num_leaves=31
num_cat=10
split_feature=18 18 2 2 3 3 3 0 4 3 0 4 0 18 4 0 4 3 3 3 3 3 3 0 0 0 8 0 4 8
split_gain=24085.6 2994.91 979.462 905.333 1228.02 701.076 541.428 646.47 391.543 348.836 316.139 240.648 232.544 168.573 163.776 133.589 140.801 111.974 282.172 117.758 116.509 83.6255 82.1876 77.4357 68.3084 65.7801 108.19 70.0919 100.942 61.2347
threshold=0.1122730001807213 0.44424292445182806 0 1 80.500000000000014 41.500000000000007 80.500000000000014 2 4.5000000000000009 41.500000000000007 3 4.5000000000000009 4 0.18460166454315188 4.5000000000000009 5 4.5000000000000009 44.500000000000007 57.500000000000007 46.500000000000007 73.500000000000014 84.500000000000014 46.500000000000007 6 7 8 3.4000000059604649 9 4.5000000000000009 3.4000000059604649
decision_type=2 2 1 1 2 2 2 1 2 2 1 2 1 2 2 1 2 2 2 2 2 2 2 1 1 1 2 1 2 2
left_child=3 2 5 4 9 12 7 8 24 -1 -3 -8 -2 -4 23 16 -11 -5 19 -19 -20 -22 -15 -12 -7 -9 -27 28 -28 -24
right_child=1 10 13 17 -6 6 11 25 -10 15 14 -13 -14 22 -16 -17 -18 18 20 -21 21 -23 29 -25 -26 26 27 -29 -30 -31
leaf_value=0 0 -1.5301141429687112e-05 0 0 0 0 0 -3.7881725515427391e-09 2.410271336456596e-05 0 0 0.00018272614014427772 0 0 3.5313180517698715e-05 3.8980925168541254e-10 2.7777637284347393e-05 0 0 0 0 0 0 0 0 3.8980925168541254e-10 3.8033882030655564e-10 3.8980925168541254e-10 -0.00054550600240938884 0
leaf_weight=16693 18935 166848 39259 106810 35311 12940 5941 20434 13659 9665 29099 1457 29228 2218 16621 5637 2480 11168 112432 16065 30142 16825 32644 21181 33282 19408 3057 3349 1019 13232
leaf_count=16693 18935 166848 39259 106810 35311 12940 5941 20434 13659 9665 29099 1457 29228 2218 16621 5637 2480 11168 112432 16065 30142 16825 32644 21181 33282 19408 3057 3349 1019 13232
internal_value=-0.0126902 -0.0053847 -0.00918812 -0.0224209 -0.0173022 -0.00689529 -0.00476708 -0.00386381 -0.0073137 -0.0105896 -0.00131583 -0.0178494 -0.0119568 -0.0134589 -0.00421941 -0.00571645 -0.00866516 -0.0236382 -0.0228993 -0.0181958 -0.0237029 -0.0216115 -0.0114744 -0.0056424 -0.00951279 0.000508175 0.00213557 0.00726936 0.0116618 -0.0110199
internal_weight=847039 483811 250062 363228 69786 162709 114546 107148 59881 34475 233749 7398 48163 87353 66901 17782 12145 293442 186632 27233 159399 46967 48094 50280 46222 47267 26833 7425 4076 45876
internal_count=847039 483811 250062 363228 69786 162709 114546 107148 59881 34475 233749 7398 48163 87353 66901 17782 12145 293442 186632 27233 159399 46967 48094 50280 46222 47267 26833 7425 4076 45876
cat_boundaries=0 1 2 3 4 5 6 7 8 9 10
cat_threshold=1 1 7355936 377087 491831 7880196 2760960 4198400 557132 147712
is_linear=0
shrinkage=0.05


Tree=135
num_leaves=31
num_cat=9
split_feature=18 18 2 2 3 3 3 0 4 3 0 4 0 18 4 0 4 17 3 3 3 3 3 8 0 13 4 0 0 3
split_gain=24316.7 2950.55 1028.58 905.686 1224.46 759.999 555.68 736.254 398.712 352.765 332.097 235.284 230.404 168.943 160.027 136.935 145.723 119.464 96.8981 191.01 168.531 94.7223 82.7679 81.0013 208.355 167.559 264.412 114.486 77.0438 75.1263
threshold=0.14271402359008792 0.44424292445182806 0 1 80.500000000000014 41.500000000000007 80.500000000000014 2 4.5000000000000009 41.500000000000007 3 4.5000000000000009 4 0.18460166454315188 4.5000000000000009 5 4.5000000000000009 0.07692307606339456 43.500000000000007 57.500000000000007 46.500000000000007 73.500000000000014 46.500000000000007 3.4000000059604649 6 0.9787137806415559 4.5000000000000009 7 8 78.500000000000014
decision_type=2 2 1 1 2 2 2 1 2 2 1 2 1 2 2 1 2 2 2 2 2 2 2 2 1 2 2 1 1 2
left_child=3 2 5 4 9 12 7 8 -7 -1 -3 -8 -2 -4 28 16 -11 18 -5 20 -20 -21 -15 -9 25 27 -27 -25 -12 -23
right_child=1 10 13 17 -6 6 11 23 -10 15 14 -13 -14 22 -16 -17 -18 -19 19 21 -22 29 -24 24 -26 26 -28 -29 -30 -31
leaf_value=0 0 -6.7818653979157612e-06 0 0 0 0 0 -3.4178537624415981e-09 2.2897577696337661e-05 0 0 0.00010102397159510294 0 0 2.9572936878934127e-05 3.7031878910114192e-10 2.6388755420130023e-05 0 0 0 0 0 0 -0.002256249430252552 -3.3572745637893277e-05 3.7031878910114192e-10 -0.0024572592511809734 3.7079231067008477e-10 0 0
leaf_weight=16829 18952 166967 38716 99313 35363 46095 5838 33697 13637 9509 29051 1452 29032 2238 16604 5932 2395 3081 18184 112461 15099 10197 45946 2332 5192 3732 1409 867 21219 35768
leaf_count=16829 18952 166967 38716 99313 35363 46095 5838 33697 13637 9509 29051 1452 29032 2238 16604 5932 2395 3081 18184 112461 15099 10197 45946 2332 5192 3732 1409 867 21219 35768
internal_value=-0.0126556 -0.00529995 -0.00908614 -0.0224119 -0.0173017 -0.00673483 -0.00451703 -0.00360669 -0.0072947 -0.0106238 -0.00126614 -0.0178738 -0.0120155 -0.0134758 -0.00424317 -0.00572438 -0.00881316 -0.0236287 -0.0237324 -0.0230757 -0.0196324 -0.0237991 -0.0114997 0.00105898 0.00432678 0.00921557 0.0148172 0.000242263 -0.00564949 -0.0218868
internal_weight=847107 482976 249135 364131 70028 162235 114251 106961 59732 34665 233841 7290 47984 86900 66874 17836 11904 294103 291022 191709 33283 158426 48184 47229 13532 8340 5141 3199 50270 45965
internal_count=847107 482976 249135 364131 70028 162235 114251 106961 59732 34665 233841 7290 47984 86900 66874 17836 11904 294103 291022 191709 33283 158426 48184 47229 13532 8340 5141 3199 50270 45965
cat_boundaries=0 1 2 3 4 5 6 7 8 9
cat_threshold=1 1 7355936 377087 491831 7880192 672208 655552 2760960
is_linear=0
shrinkage=0.05


Tree=136
num_leaves=31
num_cat=9
split_feature=18 18 2 2 3 3 3 0 4 3 0 4 0 18 4 0 4 17 3 3 3 3 8 0 13 4 0 3 0 17
split_gain=24330.1 2933.42 1010.19 918.035 1229.52 759.188 549.744 734.977 386.306 343.45 331.039 235.394 226.664 165.264 163.026 134.535 136.13 122.297 95.9828 183.788 170.109 95.0194 85.2257 210.702 166.836 260.476 113.055 84.0318 78.3195 72.9157
threshold=0.14271402359008792 0.44424292445182806 0 1 80.500000000000014 41.500000000000007 80.500000000000014 2 4.5000000000000009 41.500000000000007 3 4.5000000000000009 4 0.18460166454315188 4.5000000000000009 5 4.5000000000000009 0.07692307606339456 43.500000000000007 57.500000000000007 46.500000000000007 73.500000000000014 3.4000000059604649 6 0.9787137806415559 4.5000000000000009 7 46.500000000000007 8 0.30769230425357824
decision_type=2 2 1 1 2 2 2 1 2 2 1 2 1 2 2 1 2 2 2 2 2 2 2 1 2 2 1 2 1 2
left_child=3 2 5 4 9 12 7 8 -7 -1 -3 -8 29 -4 28 16 -11 18 -5 20 -20 -21 -9 24 26 -26 -24 -15 -12 -2
right_child=1 10 13 17 -6 6 11 22 -10 15 14 -13 -14 27 -16 -17 -18 -19 19 21 -22 -23 23 -25 25 -27 -28 -29 -30 -31
leaf_value=0 0 -7.9590051285374326e-06 0 0 0 0 0 -3.2469610743195179e-09 2.175269881152078e-05 0 0 0.00014176572930827802 0 0 2.809429003498742e-05 3.5180284964608482e-10 2.5069317649123523e-05 0 0 0 0 0 -0.0021434369587399241 -3.1894108355998615e-05 3.5180284964608482e-10 -0.0023343962886219248 3.5225269513658056e-10 0 0 0
leaf_weight=16824 13814 167058 38706 99502 35390 46172 5853 33735 13715 9538 29017 1445 29040 2221 16545 5927 2420 3099 18353 112398 15155 45977 2342 5229 3727 1420 882 45995 21210 5122
leaf_count=16824 13814 167058 38706 99502 35390 46172 5853 33735 13715 9538 29017 1445 29040 2221 16545 5927 2420 3099 18353 112398 15155 45977 2342 5229 3727 1420 882 45995 21210 5122
internal_value=-0.012659 -0.00530204 -0.00907392 -0.0224106 -0.0172681 -0.00674663 -0.00453458 -0.00363078 -0.00731047 -0.0105815 -0.00127871 -0.0178131 -0.0120268 -0.0134247 -0.00425414 -0.00575762 -0.00880682 -0.0236347 -0.0237398 -0.0230863 -0.0197222 -0.0237981 0.00102598 0.00436765 0.00927992 0.0148776 0.000372208 -0.0114713 -0.00567275 -0.00775625
internal_weight=847831 483248 249418 364583 70099 162496 114520 107222 59887 34709 233830 7298 47976 86922 66772 17885 11958 294484 291385 191883 33508 158375 47335 13600 8371 5147 3224 48216 50227 18936
internal_count=847831 483248 249418 364583 70099 162496 114520 107222 59887 34709 233830 7298 47976 86922 66772 17885 11958 294484 291385 191883 33508 158375 47335 13600 8371 5147 3224 48216 50227 18936
cat_boundaries=0 1 2 3 4 5 6 7 8 9
cat_threshold=1 1 7355936 377087 491831 7880192 672208 655552 2760960
is_linear=0
shrinkage=0.05


Tree=137
num_leaves=31
num_cat=7
split_feature=18 18 18 0 17 0 4 3 3 3 0 0 3 4 3 3 3 8 0 0 4 13 0 3 3 3 4 3 13 7
split_gain=24286.7 2898.23 423.578 337.924 336.665 285.289 165.098 145.776 142.447 135.772 126.01 101.275 99.0818 107.687 79.0145 172.568 108.011 74.9028 91.374 73.9796 63.993 63.8468 65.2634 63.8058 108.66 86.2922 60.4187 57.5229 54.2744 51.7279
threshold=0.14271402359008792 0.44424292445182806 0.24917653203010562 0 0.15384615212678912 1 4.5000000000000009 80.500000000000014 80.500000000000014 47.500000000000007 2 3 41.500000000000007 4.5000000000000009 44.500000000000007 56.500000000000007 47.500000000000007 3.4000000059604649 4 5 4.5000000000000009 0.9787137806415559 6 83.500000000000014 73.500000000000014 80.500000000000014 4.5000000000000009 47.500000000000007 1.0270467996597292 22.300000190734867
decision_type=2 2 2 1 2 1 2 2 2 2 1 1 2 2 2 2 2 2 1 1 2 2 1 2 2 2 2 2 2 2
left_child=4 2 7 28 11 12 19 10 9 -7 -2 14 -4 -14 -1 16 -16 -11 20 -5 21 22 -19 24 -17 29 -9 -12 -3 -26
right_child=1 3 5 6 -6 8 -8 26 -10 17 27 -13 13 -15 15 23 -18 18 -20 -21 -22 -23 -24 -25 25 -27 -28 -29 -30 -31
leaf_value=0 0 2.0090479968420064e-06 0 0 0 0 2.6283850319168978e-05 0 0 0 0 0 0 0 0 0 0 3.2516962900089458e-10 0 0 0 3.2521579735386653e-10 -9.4704313788568492e-12 0 0 0 0 0 -0.00011521148855299822 0
leaf_weight=58943 21221 128320 12629 29126 3873 24314 16628 7438 5353 32661 24060 193307 50285 15607 7302 54058 7582 664 6701 21175 1810 3074 1097 17223 1675 9741 1745 40540 38643 10693
leaf_count=58943 21221 128320 12629 29126 3873 24314 16628 7438 5353 32661 24060 193307 50285 15607 7302 54058 7582 664 6701 21175 1810 3074 1097 17223 1675 9741 1745 40540 38643 10693
internal_value=-0.0126568 -0.00530557 -0.00905752 -0.00130808 -0.0224026 -0.00743944 -0.00430952 -0.0116837 -0.00524616 -0.00464833 -0.011043 -0.0225601 -0.00955132 -0.00877497 -0.0216399 -0.0208393 -0.0158392 -0.00305117 0.0001049 -0.00573796 0.0042562 0.00726474 -0.000326519 -0.0216361 -0.0210147 -0.0180616 -0.0176712 -0.0121429 -0.000104658 -0.0152895
internal_weight=847488 483091 249199 233892 364397 154195 66929 95004 75674 70321 85821 360524 78521 65892 167217 108274 14884 46007 13346 50301 6645 4835 1761 93390 76167 22109 9183 64600 166963 12368
internal_count=847488 483091 249199 233892 364397 154195 66929 95004 75674 70321 85821 360524 78521 65892 167217 108274 14884 46007 13346 50301 6645 4835 1761 93390 76167 22109 9183 64600 166963 12368
cat_boundaries=0 1 2 3 4 5 6 7
cat_threshold=377087 7388704 655756 5906312 672064 2760960 16640
is_linear=0
shrinkage=0.05


Tree=138
num_leaves=31
num_cat=7
split_feature=18 18 2 2 3 3 3 1 3 4 1 4 18 1 4 17 4 1 3 3 3 3 3 3 3 17 4 3 6 18
split_gain=24286.5 2904.08 998.068 914.02 1220.2 760.264 543.564 404.982 348.468 332.083 299.44 241.411 167.188 164.969 150.913 115.749 107.17 115.683 97.8181 192.445 170.367 94.9159 86.0999 82.9196 71.881 70.8116 78.5609 229.333 67.0441 61.0312
threshold=0.14271402359008792 0.44424292445182806 0 1 80.500000000000014 41.500000000000007 80.500000000000014 2 41.500000000000007 4.5000000000000009 3 4.5000000000000009 0.18460166454315188 4 4.5000000000000009 0.07692307606339456 4.5000000000000009 5 43.500000000000007 57.500000000000007 46.500000000000007 73.500000000000014 46.500000000000007 44.500000000000007 78.500000000000014 0.30769230425357824 4.5000000000000009 36.500000000000007 6 0.94961351156234752
decision_type=2 2 1 1 2 2 2 1 2 2 1 2 2 1 2 2 2 1 2 2 2 2 2 2 2 2 2 2 1 2
left_child=3 2 5 4 8 13 7 -7 -1 23 -3 -8 -4 25 29 18 17 -10 -5 20 -20 -21 -14 -9 -23 26 -2 -28 -24 -12
right_child=1 10 12 15 -6 6 11 9 16 -11 14 -13 22 -15 -16 -17 -18 -19 19 21 -22 24 28 -25 -26 -27 27 -29 -30 -31
leaf_value=0 0 -1.4065275823075346e-05 0 0 0 1.3704175577208233e-10 0 0 0 2.066506387094474e-05 0 0.00067529784089125902 0 0 -0.00024382321582160362 0 2.3815851766667345e-05 0 0 0 0 0 0 0 0 0 0 0 0 -0.00016437462938913782
leaf_weight=16941 13290 162100 38672 99643 35256 43499 5817 5265 4480 14855 38418 1446 2249 22614 18416 3092 3640 9703 18266 112413 15180 10218 13354 43413 35699 6643 3679 1884 32715 14643
leaf_count=16941 13290 162100 38672 99643 35256 43499 5817 5265 4480 14855 38418 1446 2249 22614 18416 3092 3640 9703 18266 112413 15180 10218 13354 43413 35699 6643 3679 1884 32715 14643
internal_value=-0.0126636 -0.00531025 -0.00906243 -0.0224063 -0.0172715 -0.00674748 -0.00452798 -0.00362976 -0.0106245 -0.00617417 -0.00130396 -0.0177647 -0.0133843 -0.0120204 -0.00399968 -0.023627 -0.00574398 -0.00770817 -0.0237291 -0.0230688 -0.0196227 -0.0237968 -0.0114233 -0.00817207 -0.0218813 -0.0092488 -0.0108166 -0.0158053 -0.0109569 -0.00535374
internal_weight=847503 482972 249395 364531 70020 162405 114295 107032 34764 63533 233577 7263 86990 48110 71477 294511 17823 14183 291419 191776 33446 158330 48318 48678 45917 25496 18853 5563 46069 53061
internal_count=847503 482972 249395 364531 70020 162405 114295 107032 34764 63533 233577 7263 86990 48110 71477 294511 17823 14183 291419 191776 33446 158330 48318 48678 45917 25496 18853 5563 46069 53061
cat_boundaries=0 1 2 3 4 5 6 7
cat_threshold=1 1 3 3 3 3 16
is_linear=0
shrinkage=0.05


Tree=139
num_leaves=31
num_cat=8
split_feature=18 18 2 2 3 3 3 0 5 3 0 5 0 18 5 0 5 17 3 3 3 3 3 8 0 5 3 3 0 17
split_gain=24322 2917.66 1015.89 917.617 1229.32 756.3 554.744 736.818 381.873 342.35 335.693 237.916 228.847 170.338 160.899 137.525 129.976 116.811 96.3563 189.648 173.764 91.8661 82.9195 79.6787 205.333 132.783 77.4197 73.0853 73.0298 71.4572
threshold=0.14271402359008792 0.44424292445182806 0 1 80.500000000000014 41.500000000000007 80.500000000000014 2 1.0000000180025095e-35 41.500000000000007 3 1.0000000180025095e-35 4 0.18460166454315188 1.0000000180025095e-35 5 1.0000000180025095e-35 0.07692307606339456 43.500000000000007 57.500000000000007 46.500000000000007 73.500000000000014 46.500000000000007 3.4000000059604649 6 1.0000000180025095e-35 45.500000000000007 78.500000000000014 7 0.30769230425357824
decision_type=2 2 1 1 2 2 2 1 2 2 1 2 1 2 2 1 2 2 2 2 2 2 2 2 1 2 2 2 1 2
left_child=3 2 5 4 9 12 7 8 28 -1 -3 -8 29 -4 26 16 -11 18 -5 20 -20 -21 -15 -9 25 -25 -12 -23 -7 -2
right_child=1 10 13 17 -6 6 11 23 -10 15 14 -13 -14 22 -16 -17 -18 -19 19 21 -22 27 -24 24 -26 -27 -28 -29 -30 -31
leaf_value=0 0 -8.8265752247793349e-06 0 0 0 0 0 -2.8825660182307388e-09 1.9631810677397501e-05 0 0 0.00050520304094609988 0 0 -1.9532704826796811e-06 0 2.262505917833398e-05 0 0 0 0 0 0 3.2736061937517647e-10 -3.0299409790286471e-05 -0.0017578740906101613 0 0 0 0
leaf_weight=16754 13810 167073 38754 99489 35174 12902 5858 33779 13696 8859 5219 1430 29185 2237 16665 6732 2191 3090 18217 112409 15196 10228 46044 6180 5242 2101 45012 35783 33197 5159
leaf_count=16754 13810 167073 38754 99489 35174 12902 5858 33779 13696 8859 5219 1430 29185 2237 16665 6732 2191 3090 18217 112409 15196 10228 46044 6180 5242 2101 45012 35783 33197 5159
internal_value=-0.0126533 -0.00530372 -0.00906425 -0.0224134 -0.0172551 -0.00672992 -0.00451698 -0.00360864 -0.00729663 -0.0105542 -0.00129237 -0.017865 -0.0119865 -0.0134236 -0.00428512 -0.00572208 -0.00915009 -0.0236347 -0.0237373 -0.0230824 -0.0196593 -0.0238044 -0.0114419 0.0010547 0.00429823 0.0091937 -0.00569817 -0.0219225 -0.0094758 -0.00769666
internal_weight=847665 483543 249574 364122 69710 162539 114385 107097 59795 34536 233969 7288 48154 87035 66896 17782 11050 294412 291322 191833 33413 158420 48281 47302 13523 8281 50231 46011 46099 18969
internal_count=847665 483543 249574 364122 69710 162539 114385 107097 59795 34536 233969 7288 48154 87035 66896 17782 11050 294412 291322 191833 33413 158420 48281 47302 13523 8281 50231 46011 46099 18969
cat_boundaries=0 1 2 3 4 5 6 7 8
cat_threshold=1 1 7355936 377087 491831 7355904 672208 4198400
is_linear=0
shrinkage=0.05


Tree=140
num_leaves=31
num_cat=10
split_feature=18 18 2 2 3 3 3 0 4 3 0 4 0 18 4 0 4 3 3 3 3 3 8 0 13 4 0 3 0 0
split_gain=24348.8 2952.88 1016.45 923.698 1234.89 758.418 551.198 714.81 408.029 350.229 336.9 233.516 228.256 166.482 156.942 140.305 141.267 111.947 272.12 121.145 115.445 87.0104 83.351 212.147 177.496 249.114 116.362 81.2949 77.9104 68.8968
threshold=0.14271402359008792 0.44424292445182806 0 1 80.500000000000014 41.500000000000007 80.500000000000014 2 4.5000000000000009 41.500000000000007 3 4.5000000000000009 4 0.18460166454315188 4.5000000000000009 5 4.5000000000000009 44.500000000000007 57.500000000000007 73.500000000000014 46.500000000000007 84.500000000000014 3.4000000059604649 6 0.9787137806415559 4.5000000000000009 7 46.500000000000007 8 9
decision_type=2 2 1 1 2 2 2 1 2 2 1 2 1 2 2 1 2 2 2 2 2 2 2 1 2 2 1 2 1 1
left_child=3 2 5 4 9 12 7 8 29 -1 -3 -8 -2 -4 28 16 -11 -5 20 -20 -19 -21 -9 24 26 -26 -24 -15 -12 -7
right_child=1 10 13 17 -6 6 11 22 -10 15 14 -13 -14 27 -16 -17 -18 18 19 21 -22 -23 23 -25 25 -27 -28 -29 -30 -31
leaf_value=0 0 -4.9945863363805863e-06 0 0 0 0 0 -2.9404847196920056e-09 1.8650220143527627e-05 0 0 7.5652398750996171e-05 0 0 -1.8556069585451418e-06 3.3421270716378059e-10 2.1493806219417282e-05 0 0 0 0 0 3.1827202941099268e-10 -2.8784439300772148e-05 3.1099258840641767e-10 -0.002129782776512408 -0.0020362651340230463 0 0 0
leaf_weight=16800 18856 166721 38768 106900 35223 12870 5848 33654 13646 8867 28998 1455 29025 2221 16596 6783 2210 11297 112765 30390 16175 16825 795 5200 3708 1404 2401 45913 21178 33116
leaf_count=16800 18856 166721 38768 106900 35223 12870 5848 33654 13646 8867 28998 1455 29025 2221 16596 6783 2210 11297 112765 30390 16175 16825 795 5200 3708 1404 2401 45913 21178 33116
internal_value=-0.0126508 -0.00528248 -0.00907164 -0.022409 -0.0172413 -0.00673116 -0.0045148 -0.00360601 -0.00724322 -0.010541 -0.00124361 -0.0178043 -0.0120126 -0.0134341 -0.00424441 -0.00566629 -0.00913006 -0.0236358 -0.0228995 -0.0236889 -0.0183023 -0.0215625 0.000994234 0.00431226 0.00926304 0.0150528 3.12891e-05 -0.0114701 -0.00563915 -0.00949746
internal_weight=846608 482373 248880 364235 69883 161978 114097 106794 59632 34660 233493 7303 47881 86902 66772 17860 11077 294352 187452 159980 27472 47215 47162 13508 8308 5112 3196 48134 50176 45986
internal_count=846608 482373 248880 364235 69883 161978 114097 106794 59632 34660 233493 7303 47881 86902 66772 17860 11077 294352 187452 159980 27472 47215 47162 13508 8308 5112 3196 48134 50176 45986
cat_boundaries=0 1 2 3 4 5 6 7 8 9 10
cat_threshold=1 1 7355936 377087 491831 7355904 672208 16640 2760960 4198400
is_linear=0
shrinkage=0.05


Tree=141
num_leaves=31
num_cat=9
split_feature=18 18 2 2 3 3 3 0 5 0 3 5 0 18 5 0 5 17 3 3 3 3 3 8 0 13 5 0 0 3
split_gain=24342.9 2907.56 1011.75 905.954 1221.06 741.346 540.7 717.548 398.676 345.781 338.206 246.661 229.287 176.807 159.056 137.746 139.067 117.695 97.1295 187.676 173.194 94.7584 88.5822 86.8698 202.978 178.291 240.341 117.894 77.8937 73.6887
threshold=0.14271402359008792 0.44424292445182806 0 1 80.500000000000014 41.500000000000007 80.500000000000014 2 1.0000000180025095e-35 3 41.500000000000007 1.0000000180025095e-35 4 0.18460166454315188 1.0000000180025095e-35 5 1.0000000180025095e-35 0.07692307606339456 43.500000000000007 57.500000000000007 46.500000000000007 73.500000000000014 46.500000000000007 3.4000000059604649 6 0.9787137806415559 1.0000000180025095e-35 7 8 78.500000000000014
decision_type=2 2 1 1 2 2 2 1 2 1 2 2 1 2 2 1 2 2 2 2 2 2 2 2 1 2 2 1 1 2
left_child=3 2 5 4 10 12 7 8 -7 -3 -1 -8 -2 -4 28 16 -12 18 -5 20 -20 -21 -15 -9 25 27 -27 -25 -11 -23
right_child=1 9 13 17 -6 6 11 23 -10 14 15 -13 -14 22 -16 -17 -18 -19 19 21 -22 29 -24 24 -26 26 -28 -29 -30 -31
leaf_value=0 0 -8.1355171467213379e-06 0 0 0 0 0 -2.7934604837074054e-09 1.7717709136351247e-05 0 0 0.00061249017686184118 0 0 -0.00015284752926685298 -1.671063535818903e-11 2.0419115908446417e-05 0 0 0 0 0 0 -0.0019344520762770317 -2.7345217335733543e-05 2.9544295898609677e-10 -0.0020232936376867877 3.0235842794044302e-10 0 0
leaf_weight=16810 18943 166849 38845 99347 35363 46206 5845 33631 13735 29024 8939 1453 29070 2254 16571 6765 2182 3141 18292 112455 15078 10230 45980 2358 5204 3707 1398 898 21142 35780
leaf_count=16810 18943 166849 38845 99347 35363 46206 5845 33631 13735 29024 8939 1453 29070 2254 16571 6765 2182 3141 18292 112455 15078 10230 45980 2358 5204 3707 1398 898 21142 35780
internal_value=-0.0126534 -0.00529405 -0.00904702 -0.0224108 -0.0173008 -0.006716 -0.00452812 -0.0036311 -0.00726135 -0.00128497 -0.0106367 -0.0176966 -0.0119306 -0.0133956 -0.00432641 -0.00585094 -0.00926916 -0.0236272 -0.023731 -0.0230739 -0.0196659 -0.0237915 -0.0113737 0.000980808 0.00435864 0.00917752 0.0150196 4.60688e-05 -0.00572998 -0.02188
internal_weight=847495 483113 249527 364382 70059 162448 114435 107137 59941 233586 34696 7298 48013 87079 66737 17886 11121 294323 291182 191835 33370 158465 48234 47196 13565 8361 5105 3256 50166 46010
internal_count=847495 483113 249527 364382 70059 162448 114435 107137 59941 233586 34696 7298 48013 87079 66737 17886 11121 294323 291182 191835 33370 158465 48234 47196 13565 8361 5105 3256 50166 46010
cat_boundaries=0 1 2 3 4 5 6 7 8 9
cat_threshold=1 1 7355936 377087 491831 7355904 672208 655552 2760960
is_linear=0
shrinkage=0.05


Tree=142
num_leaves=31
num_cat=6
split_feature=18 18 2 2 3 3 3 1 3 4 1 4 1 18 4 17 4 1 3 3 3 3 3 3 17 4 3 3 8 3
split_gain=24428.2 2911.72 1032.49 914.356 1214.78 761.024 569.421 411.952 347.575 347.294 279.773 234.028 168.621 161.826 148.206 118.786 104.485 123.202 97.0876 189.537 172.071 93.3785 82.2337 79.7607 73.2297 75.8745 235.638 71.4757 63.6409 62.0654
threshold=0.14271402359008792 0.44424292445182806 0 1 80.500000000000014 41.500000000000007 80.500000000000014 2 41.500000000000007 4.5000000000000009 3 4.5000000000000009 4 0.18460166454315188 4.5000000000000009 0.07692307606339456 4.5000000000000009 5 43.500000000000007 57.500000000000007 46.500000000000007 73.500000000000014 46.500000000000007 44.500000000000007 0.30769230425357824 4.5000000000000009 36.500000000000007 78.500000000000014 3.4000000059604649 55.500000000000007
decision_type=2 2 1 1 2 2 2 1 2 2 1 2 1 2 2 2 2 1 2 2 2 2 2 2 2 2 2 2 2 2
left_child=3 2 5 4 8 12 7 -7 -1 23 -3 -8 24 -4 -12 18 17 -10 -5 20 -20 -21 -15 -9 25 -2 -27 -23 29 -24
right_child=1 10 13 15 -6 6 11 9 16 -11 14 -13 -14 22 -16 -17 -18 -19 19 21 -22 27 28 -25 -26 26 -28 -29 -30 -31
leaf_value=0 0 -1.2264178096527517e-05 0 0 0 8.3499859645093653e-11 0 0 -1.5875103590279579e-11 1.6831823679533683e-05 0 6.8018175219384979e-05 0 0 -1.3057426550927565e-05 0 1.9398160113024096e-05 0 0 0 0 0 0 0 0 0 0 0 0 0
leaf_weight=16898 13296 162134 38706 99706 35249 43673 5883 5285 4481 14899 53006 1422 22544 2244 18466 3112 3669 9729 18263 112360 15192 10193 18098 43262 6654 3665 1892 35713 13288 14678
leaf_count=16898 13296 162134 38706 99706 35249 43673 5883 5285 4481 14899 53006 1422 22544 2244 18466 3112 3669 9729 18263 112360 15192 10193 18098 43262 6654 3665 1892 35713 13288 14678
internal_value=-0.0126389 -0.00526537 -0.00902154 -0.0224098 -0.0172743 -0.00666764 -0.00445012 -0.00352902 -0.0106442 -0.00610108 -0.00125382 -0.0179569 -0.0119482 -0.0134168 -0.00385971 -0.0236307 -0.00578472 -0.00772695 -0.0237345 -0.0230764 -0.019657 -0.0237992 -0.0114867 -0.00815138 -0.00914978 -0.010745 -0.0156514 -0.0218991 -0.0110314 -0.0122147
internal_weight=847660 483095 249489 364565 70026 162475 114424 107119 34777 63446 233606 7305 48051 87014 71472 294539 17879 14210 291427 191721 33455 158266 48308 48547 25507 18853 5557 45906 46064 32776
internal_count=847660 483095 249489 364565 70026 162475 114424 107119 34777 63446 233606 7305 48051 87014 71472 294539 17879 14210 291427 191721 33455 158266 48308 48547 25507 18853 5557 45906 46064 32776
cat_boundaries=0 1 2 3 4 5 6
cat_threshold=1 1 3 3 3 3
is_linear=0
shrinkage=0.05


Tree=143
num_leaves=31
num_cat=6
split_feature=18 18 2 2 3 3 3 1 3 4 1 4 1 18 4 17 4 1 3 3 3 3 3 3 17 4 3 8 3 3
split_gain=24358.7 2900.27 1001.75 914.735 1241.81 748.431 549.386 415.615 341.037 340.153 290.453 238.574 175.832 168.905 151.267 123.252 106.184 123.063 98.6159 196.316 171.457 93.5569 83.843 83.4371 74.5087 74.7229 238.616 71.6463 71.3887 62.2782
threshold=0.14271402359008792 0.44424292445182806 0 1 80.500000000000014 41.500000000000007 80.500000000000014 2 41.500000000000007 4.5000000000000009 3 4.5000000000000009 4 0.18460166454315188 4.5000000000000009 0.07692307606339456 4.5000000000000009 5 43.500000000000007 57.500000000000007 46.500000000000007 73.500000000000014 45.500000000000007 46.500000000000007 0.30769230425357824 4.5000000000000009 36.500000000000007 3.4000000059604649 78.500000000000014 55.500000000000007
decision_type=2 2 1 1 2 2 2 1 2 2 1 2 1 2 2 2 2 1 2 2 2 2 2 2 2 2 2 2 2 2
left_child=3 2 5 4 8 12 7 -7 -1 22 -3 -8 24 -4 -12 18 17 -10 -5 20 -20 -21 -9 -15 25 -2 -27 29 -23 -25
right_child=1 10 13 15 -6 6 11 9 16 -11 14 -13 -14 23 -16 -17 -18 -19 19 21 -22 28 -24 27 -26 26 -28 -29 -30 -31
leaf_value=0 0 -1.1650969191701141e-05 0 0 0 7.9324866662838974e-11 0 0 -1.5081348410765601e-11 1.5990232495556997e-05 0 0.00044213485135718376 0 0 -0.00015159030532037044 0 1.8428252107372895e-05 0 0 0 0 0 0 0 0 0 0 0 0 0
leaf_weight=16787 13218 162086 38692 99465 35297 43599 5860 6793 4474 14859 53188 1462 22569 2224 18549 3103 3634 9691 18227 112380 15278 10255 41952 18038 6652 3651 1895 13307 35682 14604
leaf_count=16787 13218 162086 38692 99465 35297 43599 5860 6793 4474 14859 53188 1462 22569 2224 18549 3103 3634 9691 18227 112380 15278 10255 41952 18038 6652 3651 1895 13307 35682 14604
internal_value=-0.012633 -0.00527289 -0.00902386 -0.022396 -0.0172535 -0.00670697 -0.00451059 -0.00360554 -0.0105202 -0.0061826 -0.00127244 -0.0177615 -0.011949 -0.0133584 -0.00392107 -0.0236168 -0.00569835 -0.00765443 -0.0237224 -0.0230599 -0.0195829 -0.0237958 -0.00820238 -0.0113824 -0.00908322 -0.0106987 -0.0155698 -0.0109246 -0.0218947 -0.0121852
internal_weight=847471 483198 249375 364273 69883 162510 114525 107203 34586 63604 233823 7322 47985 86865 71737 294390 17799 14165 291287 191822 33505 158317 48745 48173 25416 18764 5546 45949 45937 32642
internal_count=847471 483198 249375 364273 69883 162510 114525 107203 34586 63604 233823 7322 47985 86865 71737 294390 17799 14165 291287 191822 33505 158317 48745 48173 25416 18764 5546 45949 45937 32642
cat_boundaries=0 1 2 3 4 5 6
cat_threshold=1 1 3 3 3 3
is_linear=0
shrinkage=0.05


Tree=144
num_leaves=31
num_cat=9
split_feature=18 18 2 2 3 3 3 0 4 0 3 4 0 18 4 0 4 17 3 3 3 3 8 0 13 4 0 3 3 0
split_gain=24391.1 2935.5 1007.86 915.265 1230.4 747.627 553.905 736.098 391.787 344.769 335.255 236.168 230.454 170.549 157.775 136.102 138.022 115.987 96.9111 189.703 173.694 93.6038 85.1957 212.052 183.068 226.288 115.104 84.787 75.7177 72.2663
threshold=0.14271402359008792 0.44424292445182806 0 1 80.500000000000014 41.500000000000007 80.500000000000014 2 4.5000000000000009 3 41.500000000000007 4.5000000000000009 4 0.18460166454315188 4.5000000000000009 5 4.5000000000000009 0.07692307606339456 43.500000000000007 57.500000000000007 46.500000000000007 73.500000000000014 3.4000000059604649 6 0.9787137806415559 4.5000000000000009 7 46.500000000000007 45.500000000000007 8
decision_type=2 2 1 1 2 2 2 1 2 1 2 2 1 2 2 1 2 2 2 2 2 2 2 1 2 2 1 2 2 1
left_child=3 2 5 4 10 12 7 8 29 -3 -1 -8 -2 -4 28 16 -12 18 -5 20 -20 -21 -9 -24 26 -26 -25 -15 -11 -7
right_child=1 9 13 17 -6 6 11 22 -10 14 15 -13 -14 27 -16 -17 -18 -19 19 21 -22 -23 23 24 25 -27 -28 -29 -30 -31
leaf_value=0 0 -4.3380811622254904e-06 0 0 0 0 0 -2.6537874595220348e-09 1.5190720870779148e-05 0 0 1.5737618641525857e-05 0 0 -0.00014431427965926337 3.1833760357350102e-10 1.7506839502004247e-05 0 0 0 0 0 -2.5977964610183185e-05 2.8724050654342086e-10 2.7300309629033814e-10 -0.0019221289639436848 -0.0018377293811268479 0 0 0
leaf_weight=16849 18954 166924 38659 99624 35302 12933 5872 33728 13716 5239 9484 1457 29131 2212 16554 5913 2390 3098 18287 112281 15150 45994 5253 792 3670 1418 2424 46092 45031 33318
leaf_count=16849 18954 166924 38659 99624 35302 12933 5872 33728 13716 5239 9484 1457 29131 2212 16554 5913 2390 3098 18287 112281 15150 45994 5253 792 3670 1418 2424 46092 45031 33318
internal_value=-0.0126429 -0.00527947 -0.00904993 -0.0224113 -0.0172696 -0.00672697 -0.00453107 -0.00362231 -0.00729988 -0.00125284 -0.0105743 -0.0178299 -0.0119596 -0.0133951 -0.00428749 -0.00578653 -0.00886907 -0.0236326 -0.023735 -0.0230776 -0.0196556 -0.0238005 0.00104292 0.00439072 0.00935771 0.0152712 3.10945e-05 -0.0114142 -0.00568232 -0.00950196
internal_weight=847749 483377 249629 364372 69938 162666 114581 107252 59967 233748 34636 7329 48085 86963 66824 17787 11874 294434 291336 191712 33437 158275 47285 13557 8304 5088 3216 48304 50270 46251
internal_count=847749 483377 249629 364372 69938 162666 114581 107252 59967 233748 34636 7329 48085 86963 66824 17787 11874 294434 291336 191712 33437 158275 47285 13557 8304 5088 3216 48304 50270 46251
cat_boundaries=0 1 2 3 4 5 6 7 8 9
cat_threshold=1 1 7355936 377087 491831 7880192 360463 16640 4198400
is_linear=0
shrinkage=0.05


Tree=145
num_leaves=31
num_cat=7
split_feature=17 16 3 3 3 3 0 3 4 0 3 0 4 7 0 0 3 3 3 0 4 3 17 7 7 4 21 3 0 3
split_gain=11304.8 5651.97 794.119 1141.18 1460.6 766.86 483.068 314.064 261.056 236.513 202.875 152.372 134.329 100.766 91.7721 85.9921 83.4882 79.8393 78.05 75.6646 75.3716 71.8867 67.8496 60.9641 60.711 60.6763 59.9439 52.8058 44.5021 42.6782
threshold=0.24675325304269793 0.44520319998264318 81.500000000000014 45.500000000000007 56.500000000000007 74.500000000000014 0 47.500000000000007 4.5000000000000009 1 78.500000000000014 2 4.5000000000000009 22.800000190734867 3 4 41.500000000000007 47.500000000000007 84.500000000000014 5 4.5000000000000009 46.500000000000007 2.0064102411270146 22.300000190734867 25.899999618530277 4.5000000000000009 4.1888229846954355 74.500000000000014 6 52.500000000000007
decision_type=2 2 2 2 2 2 1 2 2 1 2 1 2 2 1 1 2 2 2 1 2 2 2 2 2 2 2 2 1 2
left_child=1 2 3 28 7 14 8 20 21 16 19 -9 15 -12 -6 -8 -3 -17 -4 -7 -5 -2 -14 -21 -13 -18 -15 -19 -1 -26
right_child=6 9 18 4 5 10 12 11 -10 -11 13 24 22 26 -16 17 25 27 -20 23 -22 -23 -24 -25 29 -27 -28 -29 -30 -31
leaf_value=0 0 0 0 0 0 0 0 0 -0.0003081318596343289 0 0 6.1708468515180125e-11 0 0 0 0 0 0 0 0 0 0 0.017159644609018011 0 0 0 0 0 0 0
leaf_weight=76012 5823 4248 32091 12278 52457 8694 42808 23010 12304 61904 6896 5707 32221 15578 123496 16487 22832 47803 36348 3213 4697 28391 10763 14909 10349 6744 3788 13156 101047 11671
leaf_count=76012 5823 4248 32091 12278 52457 8694 42808 23010 12304 61904 6896 5707 32221 15578 123496 16487 22832 47803 36348 3213 4697 28391 10763 14909 10349 6744 3788 13156 101047 11671
internal_value=-0.0126367 -0.0159475 -0.0179249 -0.0171977 -0.0153022 -0.0172096 -0.00256703 -0.00885072 -0.00706134 -0.00474678 -0.0119419 -0.00688107 -0.00128577 -0.0150655 -0.0187986 -0.00214338 -0.00810871 -0.00313727 -0.0229595 -0.00888276 -0.0147378 -0.00930905 0.0011132 -0.00702901 -0.00437953 -0.00716966 -0.0169137 -0.00230278 -0.0203744 -0.00557221
internal_weight=847725 637969 542241 473802 296743 229031 209756 67712 46518 95728 53078 50737 163238 26262 175953 120254 33824 77446 68439 26816 16975 34214 42984 18122 27727 29576 19366 60959 177059 22020
internal_count=847725 637969 542241 473802 296743 229031 209756 67712 46518 95728 53078 50737 163238 26262 175953 120254 33824 77446 68439 26816 16975 34214 42984 18122 27727 29576 19366 60959 177059 22020
cat_boundaries=0 1 2 3 4 5 6 7
cat_threshold=5258752 7356032 5283392 1704904 262165 3185664 7880192
is_linear=0
shrinkage=0.05


Tree=146
num_leaves=31
num_cat=8
split_feature=18 18 2 2 3 3 3 0 4 3 0 4 0 3 3 3 4 0 4 17 3 3 3 3 8 8 0 13 4 0
split_gain=24395.5 2898.3 993.327 910.52 1224.11 752.316 551.837 725.359 391.614 343.086 326.542 240.261 231.12 158.76 197.445 190.517 153.935 135.941 138.039 129.67 96.8676 191.472 173.89 94.7523 91.3224 86.8331 214.168 185.66 227.533 116.981
threshold=0.14271402359008792 0.44424292445182806 0 1 80.500000000000014 41.500000000000007 80.500000000000014 2 4.5000000000000009 41.500000000000007 3 4.5000000000000009 4 46.500000000000007 55.500000000000007 74.500000000000014 4.5000000000000009 5 4.5000000000000009 0.07692307606339456 43.500000000000007 57.500000000000007 46.500000000000007 73.500000000000014 3.4000000059604649 3.4000000059604649 6 0.9787137806415559 4.5000000000000009 7
decision_type=2 2 1 1 2 2 2 1 2 2 1 2 1 2 2 2 2 1 2 2 2 2 2 2 2 2 1 2 2 1
left_child=3 2 5 4 9 12 7 8 -7 -1 -3 -8 -2 -4 -15 -16 -12 18 -11 20 -5 22 -22 -23 -17 -9 27 29 -29 -27
right_child=1 10 13 19 -6 6 11 25 -10 17 16 -13 -14 14 15 24 -18 -19 -20 -21 21 23 -24 -25 -26 26 -28 28 -30 -31
leaf_value=0 0 -7.5122270405256844e-06 0 0 0 0 0 -2.5210980865459331e-09 1.4431184827240192e-05 0 0 0.00055557113575784446 0 0 0 0 -6.1647551627364014e-05 3.0242072339482593e-10 1.6631497526904035e-05 0 0 0 0 0 0 -0.0017458430115480741 -2.4679066379674024e-05 2.5935294147582122e-10 -0.0018260225157465005 2.7287848121624982e-10
leaf_weight=16782 19010 166914 5959 99510 35345 46148 5879 33720 13631 9516 50367 1441 29026 36436 15780 19875 16598 5897 2407 3101 18318 112439 15182 46020 8883 2330 5248 3694 1408 889
leaf_count=16782 19010 166914 5959 99510 35345 46148 5879 33720 13631 9516 50367 1441 29026 36436 15780 19875 16598 5897 2407 3101 18318 112439 15182 46020 8883 2330 5248 3694 1408 889
internal_value=-0.0126422 -0.00527558 -0.00902571 -0.0224081 -0.0172799 -0.00671699 -0.00451184 -0.00360378 -0.00726346 -0.0105948 -0.00127726 -0.0177937 -0.0119681 -0.0133393 -0.0127597 -0.0149928 -0.00422658 -0.00576319 -0.00883055 -0.0236258 -0.023734 -0.0230777 -0.0196433 -0.0238038 -0.0125704 0.00102381 0.00440158 0.00938363 0.0153273 -7.76639e-06
internal_weight=847753 483236 249357 364517 69947 162424 114388 107068 59779 34602 233879 7320 48036 86933 80974 44538 66965 17820 11923 294570 291469 191959 33500 158459 28758 47289 13569 8321 5102 3219
internal_count=847753 483236 249357 364517 69947 162424 114388 107068 59779 34602 233879 7320 48036 86933 80974 44538 66965 17820 11923 294570 291469 191959 33500 158459 28758 47289 13569 8321 5102 3219
cat_boundaries=0 1 2 3 4 5 6 7 8
cat_threshold=1 1 7355936 377087 491831 7880192 672208 655552
is_linear=0
shrinkage=0.05


Tree=147
num_leaves=31
num_cat=8
split_feature=18 18 2 2 3 3 3 0 4 0 3 4 0 4 3 3 3 0 4 17 3 3 3 3 8 0 13 4 0 8
split_gain=24479.4 2910.1 992.395 904.787 1214.82 743.506 550.441 727.493 391.607 337.645 336.352 241.188 227.113 160.944 156.166 200.746 190.543 141.321 143.791 124.185 96.76 190.237 167.027 93.1587 88.2475 208.433 180.523 224.862 111.449 86.289
threshold=0.14271402359008792 0.44424292445182806 0 1 80.500000000000014 41.500000000000007 80.500000000000014 2 4.5000000000000009 3 41.500000000000007 4.5000000000000009 4 4.5000000000000009 46.500000000000007 55.500000000000007 74.500000000000014 5 4.5000000000000009 0.07692307606339456 43.500000000000007 57.500000000000007 46.500000000000007 73.500000000000014 3.4000000059604649 6 0.9787137806415559 4.5000000000000009 7 3.4000000059604649
decision_type=2 2 1 1 2 2 2 1 2 1 2 2 1 2 2 2 2 1 2 2 2 2 2 2 2 1 2 2 1 2
left_child=3 2 5 4 10 12 7 8 -7 -3 -1 -8 -2 -11 -4 -16 -17 18 -12 20 -5 22 -22 -23 -9 26 28 -28 -26 -18
right_child=1 9 14 19 -6 6 11 24 -10 13 17 -13 -14 -15 15 16 29 -19 -20 -21 21 23 -24 -25 25 -27 27 -29 -30 -31
leaf_value=0 0 -7.1362258792477113e-06 0 0 0 0 0 -2.3950431822186363e-09 1.3709625585878183e-05 0 0 0.023063204307440362 0 2.1417767692971657e-05 0 0 0 2.8729968722508465e-10 1.5799922650558832e-05 0 0 0 0 0 -0.0016585506620155331 -2.3445113060690323e-05 2.4591177283308735e-10 -0.0017520536269062935 2.5923455715543732e-10 0
leaf_weight=16809 18897 166922 5916 99471 35342 46268 5869 33758 13727 50215 9508 1444 29105 16614 36398 15812 19887 5867 2425 3114 18198 112454 15210 46133 2334 5217 3688 1402 882 8918
leaf_count=16809 18897 166922 5916 99471 35342 46268 5869 33758 13727 50215 9508 1444 29105 16614 36398 15812 19887 5867 2425 3114 18198 112454 15210 46133 2334 5217 3688 1402 882 8918
internal_value=-0.0126318 -0.00525288 -0.00900822 -0.0224143 -0.0173025 -0.00670255 -0.00451418 -0.00360938 -0.00726398 -0.00124417 -0.0106439 -0.0177868 -0.0119266 -0.00424715 -0.0133206 -0.0127479 -0.014996 -0.00585393 -0.00897388 -0.0236282 -0.0237343 -0.0230786 -0.0196495 -0.023801 0.00102927 0.00444243 0.00935546 0.0152259 9.32836e-05 -0.0125751
internal_weight=847804 483273 249522 364531 69951 162591 114589 107276 59995 233751 34609 7313 48002 66829 86931 81015 44617 17800 11933 294580 291466 191995 33408 158587 47281 13523 8306 5090 3216 28805
internal_count=847804 483273 249522 364531 69951 162591 114589 107276 59995 233751 34609 7313 48002 66829 86931 81015 44617 17800 11933 294580 291466 191995 33408 158587 47281 13523 8306 5090 3216 28805
cat_boundaries=0 1 2 3 4 5 6 7 8
cat_threshold=1 1 7355936 377087 491831 7880192 672208 655552
is_linear=0
shrinkage=0.05


Tree=148
num_leaves=31
num_cat=7
split_feature=18 18 18 0 17 0 4 3 3 3 0 0 8 0 3 3 3 3 4 0 19 3 3 3 3 4 17 4 3 0
split_gain=24433 2921.35 412.314 354.114 347.332 281.422 151.899 149.729 149.287 161.109 118.268 102.132 97.8913 93.2124 82.4597 173.81 106.693 81.3746 75.1504 74.1891 69.8731 65.3288 109.584 84.8942 59.4812 71.8289 72.0297 54.1838 112.153 69.9573
threshold=0.14271402359008792 0.44424292445182806 0.24917653203010562 0 0.15384615212678912 1 4.5000000000000009 80.500000000000014 80.500000000000014 39.500000000000007 2 3 3.4000000059604649 4 44.500000000000007 56.500000000000007 46.500000000000007 47.500000000000007 4.5000000000000009 5 1.1524679064750674 83.500000000000014 73.500000000000014 80.500000000000014 47.500000000000007 4.5000000000000009 0.3026315718889237 4.5000000000000009 36.500000000000007 6
decision_type=2 2 2 1 2 1 2 2 2 2 1 1 2 1 2 2 2 2 2 1 2 2 2 2 2 2 2 2 2 1
left_child=4 2 7 -3 11 8 19 10 9 27 -2 14 -11 18 -1 16 -16 -7 -14 -5 -19 22 -17 -24 -12 -26 -27 29 -29 -4
right_child=1 3 5 6 -6 17 -8 -9 -10 12 24 -13 13 -15 15 21 -18 20 -20 -21 -22 -23 23 -25 25 26 -28 28 -30 -31
leaf_value=0 0 -2.3687904704847273e-06 0 0 0 0 -0.00023282123710753212 0 0 0 0 0 2.2054391646876383e-10 0 0 0 0 0 0 0 0 0 0 0 0 0 1.5406592981716445e-05 0 0 0
leaf_weight=58999 21251 166948 4170 29037 3892 24263 16551 9127 5089 41507 23993 193675 5384 7211 5866 53994 8989 45996 2015 21225 11504 17083 12398 9757 31261 7858 1255 1986 1207 4047
leaf_count=58999 21251 166948 4170 29037 3892 24263 16551 9127 5089 41507 23993 193675 5384 7211 5866 53994 8989 45996 2015 21225 11504 17083 12398 9757 31261 7858 1255 1986 1207 4047
internal_value=-0.0126287 -0.00525141 -0.0090186 -0.00123663 -0.0223979 -0.00742507 -0.00431251 -0.0116151 -0.00515724 -0.00453559 -0.0109662 -0.0225582 -0.00343434 8.55578e-05 -0.0216334 -0.020814 -0.015791 -0.00943741 0.00402551 -0.00568123 -0.00841391 -0.0216144 -0.0209875 -0.0180264 -0.0120357 -0.0108659 -0.00695984 -0.0099518 -0.0154792 -0.00780394
internal_weight=847538 482885 249124 233761 364653 154379 66813 94745 72616 67527 85618 360761 56117 14610 167086 108087 14855 81763 7399 50262 57500 93232 76149 22155 64367 40374 9113 11410 3193 8217
internal_count=847538 482885 249124 233761 364653 154379 66813 94745 72616 67527 85618 360761 56117 14610 167086 108087 14855 81763 7399 50262 57500 93232 76149 22155 64367 40374 9113 11410 3193 8217
cat_boundaries=0 1 2 3 4 5 6 7
cat_threshold=377087 999887 655756 5906312 672064 2760960 327687
is_linear=0
shrinkage=0.05


Tree=149
num_leaves=31
num_cat=9
split_feature=18 18 2 2 7 0 0 5 7 8 7 0 5 13 5 18 17 7 17 19 19 0 6 7 7 7 8 0 0 7
split_gain=24371.7 2950.59 1003.25 907.349 531.814 525.442 348.222 305.843 196.569 332.184 323.071 162.39 154.204 148.635 179.398 144.712 140.821 139.692 124.526 113.664 114.682 100.386 96.2259 243.197 94.4898 87.099 74.9898 74.7979 66.2912 64.8145
threshold=0.14271402359008792 0.44424292445182806 0 1 27.10000038146973 2 3 1.0000000180025095e-35 28.69999980926514 3.4000000059604649 21.500000000000004 4 1.0000000180025095e-35 0.9787137806415559 1.0000000180025095e-35 0.18460166454315188 0.31789474189281469 30.10000038146973 0.07692307606339456 1.0024905204772951 0.99999997019767772 5 6 25.10000038146973 19.69999980926514 29.800000190734867 3.4000000059604649 7 8 24.10000038146973
decision_type=2 2 1 1 2 1 1 2 2 2 2 1 2 2 2 2 2 2 2 2 2 1 1 2 2 2 2 1 1 2
left_child=3 2 5 4 22 7 -3 17 9 16 -11 13 27 21 29 -4 -7 -2 -5 20 -9 -12 23 24 -1 -6 -17 -8 -18 -15
right_child=1 6 15 18 25 8 12 19 -10 10 11 -13 -14 14 -16 26 28 -19 -20 -21 -22 -23 -24 -25 -26 -27 -28 -29 -30 -31
leaf_value=0 0 -3.5968859533692162e-06 0 0 0 0 0 0 -2.4169122699477784e-05 0 2.4627282929766551e-10 0 -0.00019169502710358888 2.1232461279438807e-10 0 0 0 0 0 0.00014935405220718032 0 -0.0015756231394684307 0 0 0 0 0 0 1.4978882043310347e-09 2.3408970576037579e-10
leaf_weight=7226 37089 166918 38696 291215 11093 27567 29010 5222 31133 3994 978 7564 16588 1252 1538 34707 4129 19253 3105 8006 4211 2537 20005 5415 19113 7092 13500 21172 5394 2695
leaf_count=7226 37089 166918 38696 291215 11093 27567 29010 5222 31133 3994 978 7564 16588 1252 1538 34707 4129 19253 3105 8006 4211 2537 20005 5415 19113 7092 13500 21172 5394 2695
internal_value=-0.0126415 -0.00527892 -0.00906069 -0.0224071 -0.0172881 -0.00674235 -0.00124183 -0.00986062 -0.00414935 -0.00587878 -0.000780718 0.00229715 -0.0042932 0.0068313 0.0119827 -0.0133974 -0.0087045 -0.0116529 -0.0236236 -0.00407564 -0.00779445 -0.00118777 -0.0198724 -0.0181259 -0.0201156 -0.00993264 -0.0115694 -0.00567534 -0.00346267 0.0176273
internal_weight=847417 483153 249465 364264 69944 162562 233688 73781 88781 57648 20558 16564 66770 9000 5485 86903 37090 56342 294320 17439 9433 3515 51759 31754 26339 18185 48207 50182 9523 3947
internal_count=847417 483153 249465 364264 69944 162562 233688 73781 88781 57648 20558 16564 66770 9000 5485 86903 37090 56342 294320 17439 9433 3515 51759 31754 26339 18185 48207 50182 9523 3947
cat_boundaries=0 1 2 3 4 5 6 7 8 9
cat_threshold=1 1 7355904 377087 672208 16656 28 2760960 540904
is_linear=0
shrinkage=0.05


Tree=150
num_leaves=31
num_cat=8
split_feature=18 18 2 2 3 3 0 3 4 3 0 0 3 3 3 7 4 4 4 3 0 4 17 8 0 13 4 3 3 0
split_gain=24537 2849.86 1050.07 924.635 1242.6 677.943 593.495 534.136 531.333 345.221 343.189 170.884 160.122 156.773 210.991 188.123 152.073 148.223 135.307 214.328 134.984 142.906 127.703 112.208 162.702 156.448 194.387 111.616 108.061 97.9766
threshold=0.14271402359008792 0.44424292445182806 0 1 80.500000000000014 39.500000000000007 2 80.500000000000014 4.5000000000000009 41.500000000000007 3 4 80.500000000000014 46.500000000000007 55.500000000000007 22.800000190734867 4.5000000000000009 4.5000000000000009 4.5000000000000009 36.500000000000007 5 4.5000000000000009 0.07692307606339456 3.4000000059604649 6 0.9787137806415559 4.5000000000000009 44.500000000000007 41.500000000000007 7
decision_type=2 2 1 1 2 2 1 2 2 2 1 1 2 2 2 2 2 2 2 2 1 2 2 2 1 2 2 2 2 1
left_child=3 2 5 4 9 11 7 23 12 -1 -3 -2 27 -4 -15 -16 -12 -9 -13 -20 21 -11 -5 -7 -25 29 28 -8 -27 -26
right_child=1 10 13 22 -6 6 8 17 -10 20 16 18 -14 14 15 -17 -18 -19 19 -21 -22 -23 -24 24 25 26 -28 -29 -30 -31
leaf_value=0 0 -4.3831454177018044e-06 0 0 0 0 0 0 1.3024144306584275e-05 0 0 0 0 0 0 0 -0.00020274284261643239 0.023281873740424192 0 0 2.729347028638304e-10 1.5009926518030893e-05 0 -2.2272857407655806e-05 2.3395918783278219e-10 -1.0616230639719403e-11 -0.0014905043652273687 0 2.2238522047235697e-10 -0.001496841982495009
leaf_weight=16856 15454 166983 5905 291006 35237 33963 9056 3488 16800 9466 50298 16897 2357 36548 8494 35964 16594 887 4039 2303 5877 2423 3113 4108 942 151 1441 44345 3685 2452
leaf_count=16856 15454 166983 5905 291006 35237 33963 9056 3488 16800 9466 50298 16897 2357 36548 8494 35964 16594 887 4039 2303 5877 2423 3113 4108 942 151 1441 44345 3685 2452
internal_value=-0.0125889 -0.0052031 -0.00892263 -0.0223931 -0.0172222 -0.0065484 -0.00474126 -0.000613668 -0.007648 -0.0104948 -0.00123859 -0.0123246 -0.00999767 -0.0133582 -0.0127849 -0.0150985 -0.00426445 -0.01732 -0.00959934 -0.015831 -0.00563154 -0.00869191 -0.0236213 0.000949895 0.00494366 0.00882099 0.0142174 -0.00943475 0.0200991 0.000456688
internal_weight=847132 483154 249279 363978 69859 162368 123675 51117 72558 34622 233875 38693 55758 86911 81006 44458 66892 4375 23239 6342 17766 11889 294119 46742 12779 8671 5277 53401 3836 3394
internal_count=847132 483154 249279 363978 69859 162368 123675 51117 72558 34622 233875 38693 55758 86911 81006 44458 66892 4375 23239 6342 17766 11889 294119 46742 12779 8671 5277 53401 3836 3394
cat_boundaries=0 1 2 3 4 5 6 7 8
cat_threshold=1 1 737759 377087 7880192 7880192 65551 16656
is_linear=0
shrinkage=0.05


Tree=151
num_leaves=31
num_cat=7
split_feature=18 18 2 2 3 3 0 3 4 0 3 0 3 3 3 3 4 4 0 4 4 3 8 0 13 4 3 3 3 3
split_gain=24513.6 2860.36 1037.43 917.644 1238.05 693.175 601.499 544.366 522.005 356.557 341.052 166.084 163.169 195.196 192.869 161.459 153.165 152.358 135.013 136.967 132.427 200.691 122.903 142.935 146.328 175.972 111.253 209.542 190.545 114.769
threshold=0.1122730001807213 0.44424292445182806 0 1 80.500000000000014 39.500000000000007 2 80.500000000000014 4.5000000000000009 3 41.500000000000007 4 46.500000000000007 55.500000000000007 74.500000000000014 80.500000000000014 4.5000000000000009 4.5000000000000009 5 4.5000000000000009 4.5000000000000009 36.500000000000007 3.4000000059604649 6 0.9787137806415559 4.5000000000000009 43.500000000000007 57.500000000000007 46.500000000000007 73.500000000000014
decision_type=2 2 1 1 2 2 1 2 2 1 2 1 2 2 2 2 2 2 1 2 2 2 2 1 2 2 2 2 2 2
left_child=3 2 5 4 10 11 7 22 15 -3 -1 -2 -4 -14 -15 -8 -11 -9 19 -12 -13 -22 -7 -24 -25 -26 -5 28 -28 -29
right_child=1 9 12 26 -6 6 8 17 -10 16 18 20 13 14 -16 -17 -18 -19 -20 -21 21 -23 23 24 25 -27 27 29 -30 -31
leaf_value=0 0 -3.261873587190812e-06 0 0 0 0 0 0 1.2372937091255062e-05 0 0 0 0 0 0 0 -0.0002014582817661545 0.02220163492994575 2.5928796772063894e-10 1.4259430192129349e-05 0 0 -2.1159214537273016e-05 1.8550511978880323e-10 2.1079243787979631e-10 -0.0014159791469660003 0 0 0 0
leaf_weight=16719 16850 166980 6037 99280 35153 34019 53550 3546 16818 50413 9492 15956 36469 15870 29114 2386 16661 892 5869 2426 3832 2169 4123 3339 3857 1457 18647 112766 16042 47046
leaf_count=16719 16850 166980 6037 99280 35153 34019 53550 3546 16818 50413 9492 15956 36469 15870 29114 2386 16661 892 5869 2426 3832 2169 4123 3339 3857 1457 18647 112766 16042 47046
internal_value=-0.0125997 -0.00523467 -0.00895043 -0.0224147 -0.0172551 -0.00659054 -0.00476522 -0.00061423 -0.00768718 -0.00126125 -0.0105272 -0.0124224 -0.0133415 -0.0127537 -0.0149575 -0.0100105 -0.00434008 -0.0173502 -0.00570782 -0.0087609 -0.00954045 -0.0158765 0.00097286 0.0051542 0.00879891 0.0139631 -0.0236381 -0.0229429 -0.0194204 -0.0237075
internal_weight=847778 484338 250284 363440 69659 162794 123987 51233 72754 234054 34506 38807 87490 81453 44984 55936 67074 4438 17787 11918 21957 6001 46795 12776 8653 5314 293781 194501 34689 159812
internal_count=847778 484338 250284 363440 69659 162794 123987 51233 72754 234054 34506 38807 87490 81453 44984 55936 67074 4438 17787 11918 21957 6001 46795 12776 8653 5314 293781 194501 34689 159812
cat_boundaries=0 1 2 3 4 5 6 7
cat_threshold=1 1 737759 377087 7880200 7880192 65551
is_linear=0
shrinkage=0.05


Tree=152
num_leaves=31
num_cat=11
split_feature=18 18 2 2 0 7 0 4 7 6 7 0 4 18 17 7 17 19 19 6 7 7 7 0 6 4 13 0 21 0
split_gain=24516.9 2867.29 1025.85 921.104 575.826 525.398 334.647 305.663 229.694 318.658 311.102 187.515 156.262 151.426 146.578 137.416 122.257 105.46 110.985 95.7429 245.27 95.4705 89.1162 73.3524 71.2274 68.0361 106.13 71.4164 70.9872 66.7146
threshold=0.14271402359008792 0.44424292445182806 0 1 2 27.10000038146973 3 4.5000000000000009 28.69999980926514 4 21.500000000000004 5 4.5000000000000009 0.18460166454315188 0.31789474189281469 30.10000038146973 0.07692307606339456 1.005101263523102 0.99999997019767772 6 25.10000038146973 19.69999980926514 29.800000190734867 7 8 4.5000000000000009 0.98038461804389965 9 4.1560313701629648 10
decision_type=2 2 1 1 1 2 1 2 2 1 2 1 2 2 2 2 2 2 2 1 2 2 2 1 1 2 2 1 2 1
left_child=3 2 4 5 7 19 -3 15 9 10 -6 25 23 -4 -11 -2 -5 18 -9 20 21 -1 -7 -8 -15 26 27 -12 -28 -16
right_child=1 6 13 16 8 22 12 17 -10 14 11 -13 -14 24 29 -17 -18 -19 -20 -21 -22 -23 -24 -25 -26 -27 28 -29 -30 -31
leaf_value=0 0 -6.0988798138479982e-06 0 0 0 0 0 0 -2.2960666564503894e-05 0 -0.0014219998926455145 0 -8.9872779371003016e-06 0 0 0 0 9.3845865998346797e-05 0 0 0 0 0 0 0 0 -0.00025732171230173471 2.1298597245170294e-10 2.0134107063410589e-10 1.8322423523143914e-09
leaf_weight=7192 37090 166967 38698 291537 3994 11116 29072 5221 30962 27499 1597 8970 16579 13546 4165 19298 3103 7984 4184 19919 5403 19141 7145 21155 34671 1883 232 792 3018 5395
leaf_count=7192 37090 166967 38698 291537 3994 11116 29072 5221 30962 27499 1597 8970 16579 13546 4165 19298 3103 7984 4184 19919 5403 19141 7145 21155 34671 1883 232 792 3018 5395
internal_value=-0.0126126 -0.00522422 -0.00895559 -0.0224008 -0.00660786 -0.0172414 -0.00124662 -0.00986996 -0.00388711 -0.00575593 -0.000748927 0.00228293 -0.00423701 -0.0133392 -0.00852127 -0.0116585 -0.0236251 -0.00407585 -0.00766348 -0.0198185 -0.0180779 -0.0200746 -0.00995154 -0.00562695 -0.0114695 0.00809878 0.0108574 0.00285684 0.0167385 -0.00319038
internal_weight=847528 482972 249199 364556 162284 69916 233773 73777 88507 57545 20486 16492 66806 86915 37059 56388 294640 17389 9405 51655 31736 26333 18261 50227 48217 7522 5639 2389 3250 9560
internal_count=847528 482972 249199 364556 162284 69916 233773 73777 88507 57545 20486 16492 66806 86915 37059 56388 294640 17389 9405 51655 31736 26333 18261 50227 48217 7522 5639 2389 3250 9560
cat_boundaries=0 1 2 3 4 5 6 7 8 9 10 11
cat_threshold=1 1 7355904 377087 16 147920 28 2760960 16 131264 540904
is_linear=0
shrinkage=0.05


Tree=153
num_leaves=31
num_cat=7
split_feature=18 18 2 2 3 3 0 3 4 3 0 4 0 3 3 3 4 4 3 0 4 17 3 3 3 3 3 3 8 0
split_gain=24532.6 2855.59 1024.03 912.503 1221.77 643.35 559.192 635.183 490.987 338.492 332.224 197.209 174.362 162.542 212.292 184.78 158.052 137.39 213.406 136.146 131.618 120.115 96.4371 189.707 168.694 95.7573 108.915 93.7673 88.3366 79.225
threshold=0.13445998728275302 0.44424292445182806 0 1 80.500000000000014 39.500000000000007 2 80.500000000000014 4.5000000000000009 41.500000000000007 3 4.5000000000000009 4 46.500000000000007 55.500000000000007 74.500000000000014 4.5000000000000009 4.5000000000000009 36.500000000000007 5 4.5000000000000009 0.07692307606339456 43.500000000000007 57.500000000000007 46.500000000000007 80.500000000000014 44.500000000000007 73.500000000000014 3.4000000059604649 6
decision_type=2 2 1 1 2 2 1 2 2 2 1 2 1 2 2 2 2 2 2 1 2 2 2 2 2 2 2 2 2 1
left_child=3 2 5 4 9 12 8 -8 25 -1 -3 -9 -2 -4 29 -16 -12 -14 -19 20 -11 22 -5 24 -24 26 -7 -25 -17 -15
right_child=1 10 13 21 -6 6 7 11 -10 19 16 -13 17 14 15 28 -18 18 -20 -21 -22 -23 23 27 -26 -27 -28 -29 -30 -31
leaf_value=0 0 -5.7981332442653402e-06 0 0 0 0 1.5498912160135498e-10 0 -1.2698540698919668e-06 0 0 0.022422621564291284 0 0 0 0 -8.5379140402408463e-06 0 0 -1.4327280990227321e-11 1.3546458682522881e-05 0 0 0 0 0 0 0 0 0
leaf_weight=16833 15390 166902 5962 99427 35155 8139 52000 4395 15307 8857 50300 1107 16900 11468 15814 19922 16623 4052 2371 6707 2173 3030 18296 112457 15145 1507 41466 46042 8929 24993
leaf_count=16833 15390 166902 5962 99427 35155 8139 52000 4395 15307 8857 50300 1107 16900 11468 15814 19922 16623 4052 2371 6707 2173 3030 18296 112457 15145 1507 41466 46042 8929 24993
internal_value=-0.0126128 -0.0052315 -0.00894955 -0.022415 -0.0172718 -0.00660655 -0.00484886 -0.001238 -0.00797355 -0.0105973 -0.00126067 -0.0173937 -0.012233 -0.013325 -0.0127394 -0.0150504 -0.0042367 -0.00949192 -0.0157208 -0.00577747 -0.00918931 -0.0236331 -0.0237361 -0.0230814 -0.0196593 -0.0103273 -0.00995011 -0.0238035 -0.0126694 -0.00990853
internal_weight=847669 483547 249722 364122 69725 162634 123921 57502 66419 34570 233825 5502 38713 87088 81126 44665 66923 23323 6423 17737 11030 294397 291367 191940 33441 51112 49605 158499 28851 36461
internal_count=847669 483547 249722 364122 69725 162634 123921 57502 66419 34570 233825 5502 38713 87088 81126 44665 66923 23323 6423 17737 11030 294397 291367 191940 33441 51112 49605 158499 28851 36461
cat_boundaries=0 1 2 3 4 5 6 7
cat_threshold=1 1 7355936 377087 7880192 7355904 2449431
is_linear=0
shrinkage=0.05


Tree=154
num_leaves=31
num_cat=6
split_feature=2 3 17 0 16 3 3 4 3 3 3 3 17 0 3 7 8 0 0 4 3 3 3 3 0 7 8 4 3 21
split_gain=15631.6 5450.76 3555.64 1837.02 1701.29 910.35 699.236 635.131 558.748 1424.11 491.542 270.524 257.367 254.283 251.92 267.95 163.18 139.446 125.387 116.408 169.111 149.512 131.034 102.505 97.9525 97.9019 94.5801 92.4828 90.3061 109.396
threshold=0 80.500000000000014 0.15384615212678912 1 0.18065268546342853 43.500000000000007 39.500000000000007 4.5000000000000009 45.500000000000007 56.500000000000007 73.500000000000014 47.500000000000007 0.18301435559988025 2 84.500000000000014 22.300000190734867 3.4000000059604649 3 4 4.5000000000000009 54.500000000000007 44.500000000000007 74.500000000000014 81.500000000000014 5 28.69999980926514 3.4000000059604649 4.5000000000000009 78.500000000000014 4.1888229846954355
decision_type=1 2 2 1 2 2 2 2 2 2 2 2 2 1 2 2 2 1 1 2 2 2 2 2 1 2 2 2 2 2
left_child=1 3 4 5 8 -1 13 17 -2 11 -11 -10 23 -5 15 -12 -4 -7 -13 21 -21 -8 -22 27 -23 -19 -6 -3 -17 -30
right_child=2 12 16 6 26 7 19 -9 9 10 14 18 -14 -15 -16 28 -18 25 -20 20 22 24 -24 -25 -26 -27 -28 -29 29 -31
leaf_value=0 0 0 0 0 0 0 -2.0101261559865444e-05 0.00012947163647719019 0 0 0 0 0 0 0 0 0 0 0 0.017442144701141599 -0.0025854832609514501 -2.0607401049301195e-05 0.034202228700724216 0 1.5474568567095113e-10 0 0 0.0080510264683550988 0 0
leaf_weight=36270 115394 4852 30823 18595 16580 19825 19407 22891 12125 122874 7855 17101 1719 23225 17850 19606 17190 21577 15825 20704 22510 10175 6229 36962 123985 34301 8670 698 18478 3570
leaf_count=36270 115394 4852 30823 18595 16580 19825 19407 22891 12125 122874 7855 17101 1719 23225 17850 19606 17190 21577 15825 20704 22510 10175 6229 36962 123985 34301 8670 698 18478 3570
internal_value=-0.0126207 -0.00583152 -0.0194096 -0.00389643 -0.0210461 -0.00858208 -0.00131494 -0.00609114 -0.0219486 -0.0205509 -0.0224439 -0.0125574 -0.022443 -0.0072023 -0.0190112 -0.0171752 -0.00659665 -0.00829789 -0.0102062 -0.000102212 0.00200787 -0.000781581 -0.000474094 -0.0232099 -0.000188208 -0.00701492 -0.00851089 -0.0168739 -0.0187725 -0.0209679
internal_weight=847866 423925 423941 379694 375928 134864 244830 98594 350678 235284 190233 45051 44231 41820 67359 49509 48013 75703 32926 203010 49443 153567 28739 42512 134160 55878 25250 5550 41654 22048
internal_count=847866 423925 423941 379694 375928 134864 244830 98594 350678 235284 190233 45051 44231 41820 67359 49509 48013 75703 32926 203010 49443 153567 28739 42512 134160 55878 25250 5550 41654 22048
cat_boundaries=0 1 2 3 4 5 6
cat_threshold=1 7355904 327703 4198400 1220544 32
is_linear=0
shrinkage=0.05


Tree=155
num_leaves=31
num_cat=7
split_feature=18 18 2 2 3 3 0 3 4 3 0 0 0 4 4 3 3 3 4 4 3 3 17 3 3 3 3 3 8 0
split_gain=24578.4 2665.31 1134.43 1011.91 1353.36 723.347 719.723 645.427 507.372 410.478 328.483 237.998 175.086 169.802 161.69 160.358 202.842 187.482 158.069 133.867 218.861 124.855 123.026 97.9354 96.8867 191.435 171.368 95.5626 83.1202 78.1635
threshold=0.14271402359008792 0.44424292445182806 0 1 80.500000000000014 39.500000000000007 2 80.500000000000014 4.5000000000000009 39.500000000000007 3 4 5 4.5000000000000009 4.5000000000000009 46.500000000000007 55.500000000000007 74.500000000000014 4.5000000000000009 4.5000000000000009 36.500000000000007 80.500000000000014 0.07692307606339456 44.500000000000007 43.500000000000007 57.500000000000007 46.500000000000007 73.500000000000014 3.4000000059604649 6
decision_type=2 2 1 1 2 2 1 2 2 2 1 1 1 2 2 2 2 2 2 2 2 2 2 2 2 2 2 2 2 1
left_child=3 2 5 4 9 12 8 -8 21 -1 -3 14 -2 -9 -11 -4 29 -18 -12 -14 -21 23 24 -7 -5 26 -26 -27 -19 -17
right_child=1 10 15 22 -6 6 7 13 -10 11 18 -13 19 -15 -16 16 17 28 -20 20 -22 -23 -24 -25 25 27 -28 -29 -30 -31
leaf_value=0 0 -7.8133385512080838e-06 0 0 0 0 1.757872767387853e-10 0 5.3442011163273967e-06 0 0 2.4085047170062309e-10 0 0.019886567137079009 6.3955539245372285e-06 0 0 0 -4.2283960712152791e-05 0 0 0 0 0 0 0 0 0 0 0
leaf_weight=14893 15455 166956 5960 99477 35353 8361 51054 3964 15558 9735 50336 7701 16923 1007 2469 12602 15688 19893 16555 4048 2330 1902 3113 41893 18305 112455 15179 46066 8901 23990
leaf_count=14893 15455 166956 5960 99477 35353 8361 51054 3964 15558 9735 50336 7701 16923 1007 2469 12602 15688 19893 16555 4048 2330 1902 3113 41893 18305 112455 15179 46066 8901 23990
internal_value=-0.0125442 -0.00515034 -0.00874457 -0.0223428 -0.0169459 -0.00627727 -0.00441029 -0.000217275 -0.0078783 -0.00994597 -0.00131507 -0.00524868 -0.0122381 -0.017416 -0.00958736 -0.0133511 -0.0127692 -0.0150375 -0.00427535 -0.00948587 -0.0156632 -0.0102433 -0.0236279 -0.00976738 -0.0237335 -0.0230774 -0.0196422 -0.023803 -0.0126415 -0.0100118
internal_weight=848122 483376 249529 364746 70151 162495 123739 56025 67714 34798 233847 19905 38756 4971 12204 87034 81074 44482 66891 23301 6378 52156 294595 50254 291482 192005 33484 158521 28794 36592
internal_count=848122 483376 249529 364746 70151 162495 123739 56025 67714 34798 233847 19905 38756 4971 12204 87034 81074 44482 66891 23301 6378 52156 294595 50254 291482 192005 33484 158521 28794 36592
cat_boundaries=0 1 2 3 4 5 6 7
cat_threshold=1 1 7618080 377087 7355904 7880192 2449439
is_linear=0
shrinkage=0.05


Tree=156
num_leaves=31
num_cat=8
split_feature=18 18 2 3 2 0 3 0 5 3 3 5 0 3 2 18 3 0 5 3 17 0 3 3 7 3 3 3 3 3
split_gain=24508.4 2684.85 1015.28 1355.23 835.596 592.648 506.992 481.544 452.411 409.502 258.362 246.264 234.16 222.99 178.842 193.795 164.597 162.324 153.792 146.154 127.208 122.765 107.952 173.502 138.309 97.9265 97.613 190.032 170.39 92.8219
threshold=0.14271402359008792 0.30224989354610449 0 80.500000000000014 1 2 39.500000000000007 3 1.0000000180025095e-35 39.500000000000007 80.500000000000014 1.0000000180025095e-35 4 80.500000000000014 5 0.48072651028633123 80.500000000000014 6 1.0000000180025095e-35 43.500000000000007 0.07692307606339456 7 46.500000000000007 55.500000000000007 22.800000190734867 36.500000000000007 43.500000000000007 57.500000000000007 46.500000000000007 73.500000000000014
decision_type=2 2 1 2 1 1 2 1 2 2 2 2 1 2 1 2 2 1 2 2 2 1 2 2 2 2 2 2 2 2
left_child=2 4 3 9 6 11 21 10 13 -1 -8 19 18 17 16 -16 -7 -9 -11 -3 26 -2 -6 -24 -25 -13 -4 28 -28 -29
right_child=1 5 20 -5 22 14 7 8 -10 12 -12 25 -14 -15 15 -17 -18 -19 -20 -21 -22 -23 23 24 -26 -27 27 29 -30 -31
leaf_value=0 0 0 0 0 0 0 1.7806056962856321e-10 -2.4672731384933838e-05 5.0769910605110269e-06 0 0 0 2.2880794811559191e-10 0 0 -0.00015662793071160048 0 0 6.0757762283103665e-06 0 0 0 0 0 0 0 0 0 0 0
leaf_weight=14868 14252 5683 99421 35261 5317 178018 23517 8172 12881 9687 1692 490 7728 3472 13096 32026 2554 31091 2459 53809 3099 15658 25987 6145 30023 19268 18197 112311 15202 46014
leaf_count=14868 14252 5683 99421 35261 5317 178018 23517 8172 12881 9687 1692 490 7728 3472 13096 32026 2554 31091 2459 53809 3099 15658 25987 6145 30023 19268 18197 112311 15202 46014
internal_value=-0.0125406 -0.00515745 -0.0223338 -0.0169218 -0.0100331 -0.00230813 -0.00736059 -0.00530251 -0.00790008 -0.00991307 0.000431222 -0.00602763 -0.00521787 -0.0103773 -0.00100175 -0.00381743 -0.000298219 -0.00930329 -0.00954261 -0.00763464 -0.0236214 -0.0129221 -0.0144193 -0.0138344 -0.0160736 -0.00119192 -0.0237286 -0.0230694 -0.0196421 -0.0237924
internal_weight=847398 483151 364247 70003 178207 304944 110735 80825 55616 34742 25209 79250 19874 42735 225694 45122 180572 39263 12146 59492 294244 29910 67472 62155 36168 19758 291145 191724 33399 158325
internal_count=847398 483151 364247 70003 178207 304944 110735 80825 55616 34742 25209 79250 19874 42735 225694 45122 180572 39263 12146 59492 294244 29910 67472 62155 36168 19758 291145 191724 33399 158325
cat_boundaries=0 1 2 3 4 5 6 7 8
cat_threshold=1 1 7355904 672200 7355904 1 360503 7880200
is_linear=0
shrinkage=0.05


Tree=157
num_leaves=31
num_cat=10
split_feature=18 18 2 2 0 7 0 4 7 8 7 0 4 18 19 7 17 19 6 7 17 7 8 4 13 6 7 0 0 0
split_gain=24522.1 2688.94 1120.93 1011.3 701.343 552.045 341.877 302.364 170.231 203.356 274.843 228.655 150.074 145.355 127.6 124.898 123.505 121.46 117.89 286.927 117.058 111.377 141.326 105.128 130.098 90.2606 118.956 86.5965 81.762 77.3063
threshold=0.14271402359008792 0.44424292445182806 0 1 2 27.10000038146973 3 4.5000000000000009 21.500000000000004 3.4000000059604649 28.10000038146973 4 4.5000000000000009 0.18460166454315188 1.005101263523102 30.10000038146973 0.07692307606339456 0.99999997019767772 5 25.10000038146973 0.090326342731714263 21.500000000000004 3.4000000059604649 4.5000000000000009 0.98038461804389965 6 25.899999618530277 7 8 9
decision_type=2 2 1 1 1 2 1 2 2 2 2 1 2 2 2 2 2 2 1 2 2 2 2 2 2 1 2 1 1 1
left_child=3 2 4 5 7 18 -3 15 -6 10 20 23 29 -4 17 -2 -5 -9 19 21 25 -1 -23 24 28 26 -10 -7 -11 -8
right_child=1 6 13 16 8 27 12 14 9 11 -12 -13 -14 -15 -16 -17 -18 -19 -20 -21 -22 22 -24 -25 -26 -27 -28 -29 -30 -31
leaf_value=0 0 -5.1133699706662111e-06 0 0 0 0 0 0 0 -0.001350899922289343 0 -2.7998427412602272e-11 -0.00018839491004337208 0 0.00012899305349780513 0 0 0 0 0 0 0 0 0 1.7247347544506202e-10 0 0 0 1.6915754114713507e-10 0
leaf_weight=13516 42107 166859 38668 291102 3644 6291 29134 5787 5989 1586 32057 7304 16630 48196 9120 21200 3110 4834 19949 5433 8206 9750 3122 1873 3231 9704 5039 11917 813 21160
leaf_count=13516 42107 166859 38668 291102 3644 6291 29134 5787 5989 1586 32057 7304 16630 48196 9120 21200 3110 4834 19949 5433 8206 9750 3122 1873 3231 9704 5039 11917 813 21160
internal_value=-0.0125429 -0.00515797 -0.00876972 -0.02234 -0.00631869 -0.0169375 -0.00130559 -0.00953129 -0.00295887 -0.00245178 -0.00372776 0.00280442 -0.00432441 -0.0133548 -0.00412973 -0.0112172 -0.023625 -0.00785472 -0.0195712 -0.0176502 -0.00726035 -0.0198101 -0.0164815 0.00892786 0.0123535 -0.00926105 -0.00614695 -0.00944914 0.00353272 -0.00568656
internal_weight=847331 483141 249358 364190 162494 69978 233783 83048 79446 75802 60995 14807 66924 86864 19741 63307 294212 10621 51770 31821 28938 26388 12872 7503 5630 20732 11028 18208 2399 50294
internal_count=847331 483141 249358 364190 162494 69978 233783 83048 79446 75802 60995 14807 66924 86864 19741 63307 294212 10621 51770 31821 28938 26388 12872 7503 5630 20732 11028 18208 2399 50294
cat_boundaries=0 1 2 3 4 5 6 7 8 9 10
cat_threshold=1 1 7355936 377087 147920 28 12 950765 131264 2760960
is_linear=0
shrinkage=0.05


Tree=158
num_leaves=31
num_cat=7
split_feature=18 18 2 2 3 0 3 3 3 3 5 0 0 5 18 5 5 17 5 3 3 3 3 3 3 0 3 0 8 3
split_gain=24650.1 2663.04 1148.85 1001.45 1348.79 751.784 505.794 642.206 411.433 344.499 418.643 330.22 227.136 195.556 158.215 154.602 147.295 124.685 120.815 231.609 99.995 97.5241 190.541 176.57 94.1323 87.9213 82.8617 80.4979 109.73 74.6599
threshold=0.14271402359008792 0.44424292445182806 0 1 80.500000000000014 2 80.500000000000014 39.500000000000007 39.500000000000007 41.500000000000007 1.0000000180025095e-35 3 4 1.0000000180025095e-35 0.18460166454315188 1.0000000180025095e-35 1.0000000180025095e-35 0.07692307606339456 1.0000000180025095e-35 35.500000000000007 80.500000000000014 43.500000000000007 57.500000000000007 46.500000000000007 73.500000000000014 5 46.500000000000007 6 3.4000000059604649 45.500000000000007
decision_type=2 2 1 1 2 1 2 2 2 2 2 1 1 2 2 2 2 2 2 2 2 2 2 2 2 1 2 1 2 2
left_child=3 2 5 4 8 9 7 18 -1 -2 20 -3 15 -8 -4 -10 29 21 25 -20 -11 -5 23 -23 -24 -7 -16 -9 -29 -13
right_child=1 11 14 17 -6 6 13 27 12 10 -12 16 -14 -15 26 -17 -18 -19 19 -21 -22 22 24 -25 -26 -27 -28 28 -30 -31
leaf_value=0 0 -4.8577014721329007e-06 0 0 0 0 0 -3.9724542540682579e-11 0 0 -0.00031343171028729586 0 2.1736755070981231e-10 0.020258818363950989 0 5.7719874168948489e-06 -0.00017897516454120347 0 0 0 0 0 0 0 0 0 0 1.0027623451217659e-06 1.4994473221710761e-10 0
leaf_weight=14892 21267 167184 38763 99324 35327 6353 4371 24373 9909 46236 14097 5236 7326 1105 2241 2575 16640 3109 3062 3029 1468 18304 112389 15127 45935 9544 45983 20334 7200 45031
leaf_count=14892 21267 167184 38763 99324 35327 6353 4371 24373 9909 46236 14097 5236 7326 1105 2241 2575 16640 3109 3062 3029 1468 18304 112389 15127 45935 9544 45983 20334 7200 45031
internal_value=-0.0125191 -0.00511921 -0.00871401 -0.0223428 -0.016969 -0.0062308 -0.00274971 -0.00166351 -0.00996773 -0.00955548 -0.00766776 -0.00128892 -0.00524735 -0.0174123 -0.0133511 -0.00934449 -0.00425714 -0.023622 -0.00882527 -0.0148128 -0.00990483 -0.0237284 -0.0230697 -0.0196397 -0.0237939 -0.00653111 -0.0114393 0.00137024 0.00322212 -0.00560756
internal_weight=847734 483517 249426 364217 70029 162439 79371 73895 34702 83068 61801 234091 19810 5476 86987 12484 66907 294188 21988 6091 47704 291079 191755 33431 158324 15897 48224 51907 27534 50267
internal_count=847734 483517 249426 364217 70029 162439 79371 73895 34702 83068 61801 234091 19810 5476 86987 12484 66907 294188 21988 6091 47704 291079 191755 33431 158324 15897 48224 51907 27534 50267
cat_boundaries=0 1 2 3 4 5 6 7
cat_threshold=1 1 7355936 377087 7355908 327703 557134
is_linear=0
shrinkage=0.05


Tree=159
num_leaves=31
num_cat=7
split_feature=18 18 2 2 3 0 3 3 3 3 4 0 0 4 3 3 3 4 4 4 3 3 3 3 3 3 0 8 3 0
split_gain=24606.4 2718.52 1112.74 996.838 1338.09 691.119 480.441 597.631 409.865 343.993 429.223 341.378 226.971 209.516 159.974 196.057 189.439 151.787 151.539 115.831 238.901 110.299 200.801 183.724 118.183 101.935 90.8753 87.0579 82.9467 80.9873
threshold=0.1122730001807213 0.44424292445182806 0 1 80.500000000000014 2 80.500000000000014 39.500000000000007 39.500000000000007 41.500000000000007 4.5000000000000009 3 4 4.5000000000000009 46.500000000000007 55.500000000000007 74.500000000000014 4.5000000000000009 4.5000000000000009 4.5000000000000009 35.500000000000007 43.500000000000007 57.500000000000007 46.500000000000007 73.500000000000014 80.500000000000014 5 3.4000000059604649 84.500000000000014 6
decision_type=2 2 1 1 2 1 2 2 2 2 2 1 1 2 2 2 2 2 2 2 2 2 2 2 2 2 1 2 2 1
left_child=3 2 5 4 8 9 7 19 -1 -2 25 -3 17 -8 -4 29 -17 -10 -13 26 -21 -5 23 -23 -24 -11 -7 -18 -26 -16
right_child=1 11 14 21 -6 6 13 -9 12 10 -12 18 -14 -15 15 16 27 -19 -20 20 -22 22 24 -25 28 -27 -28 -29 -30 -31
leaf_value=0 0 -4.3104685268245697e-06 0 0 0 0 0 1.4088571938901e-10 0 0 2.0494727021850271e-05 0 2.0649917317432171e-10 0.021142797426214166 0 0 0 5.4833880460501062e-06 -0.00017002640631414329 0 0 0 0 0 0 0 0 0 0 0
leaf_weight=14671 21293 166973 6026 99383 35242 6351 4392 51921 9871 46138 14062 50174 7287 1131 12516 15830 20044 2559 16645 3070 3027 18632 112684 16015 30266 1510 9563 8963 16849 23946
leaf_count=14671 21293 166973 6026 99383 35242 6351 4392 51921 9871 46138 14062 50174 7287 1131 12516 15830 20044 2559 16645 3070 3027 18632 112684 16015 30266 1510 9563 8963 16849 23946
internal_value=-0.0125404 -0.0051522 -0.00877912 -0.0223703 -0.0169912 -0.00633241 -0.00299786 -0.00193556 -0.00997441 -0.00952291 -0.00763328 -0.0012772 -0.00526576 -0.0172234 -0.0133309 -0.0127483 -0.0149625 -0.00936897 -0.00429716 -0.0088399 -0.0146999 -0.023645 -0.0229524 -0.0195017 -0.0237006 -0.00989863 -0.00659482 -0.0125616 -0.0215977 -0.0100255
internal_weight=847034 483575 249783 363459 69630 162458 79455 73932 34388 83003 61710 233792 19717 5523 87325 81299 44837 12430 66819 22011 6097 293829 194446 34647 159799 47648 15914 29007 47115 36462
internal_count=847034 483575 249783 363459 69630 162458 79455 73932 34388 83003 61710 233792 19717 5523 87325 81299 44837 12430 66819 22011 6097 293829 194446 34647 159799 47648 15914 29007 47115 36462
cat_boundaries=0 1 2 3 4 5 6 7
cat_threshold=1 1 7355936 377087 7355908 327703 2449439
is_linear=0
shrinkage=0.05


Tree=160
num_leaves=31
num_cat=7
split_feature=18 18 2 2 3 0 3 3 3 3 5 0 0 5 5 3 3 3 5 17 5 3 3 3 3 3 3 8 0 0
split_gain=24614.6 2722.62 1121.3 1007.62 1350.89 684.015 493.647 608.404 415.504 345.057 423.616 342.322 232.025 194.115 158.028 157.942 209.013 186.378 152.283 127.022 122.914 224.995 105.925 96.2249 191.418 174.189 92.5159 90.4042 86.5068 80.8934
threshold=0.14271402359008792 0.44424292445182806 0 1 80.500000000000014 2 80.500000000000014 39.500000000000007 39.500000000000007 41.500000000000007 1.0000000180025095e-35 3 4 1.0000000180025095e-35 1.0000000180025095e-35 46.500000000000007 55.500000000000007 74.500000000000014 1.0000000180025095e-35 0.07692307606339456 1.0000000180025095e-35 35.500000000000007 80.500000000000014 43.500000000000007 57.500000000000007 46.500000000000007 73.500000000000014 3.4000000059604649 5 6
decision_type=2 2 1 1 2 1 2 2 2 2 2 1 1 2 2 2 2 2 2 2 2 2 2 2 2 2 2 2 1 1
left_child=3 2 5 4 8 9 7 20 -1 -2 22 -3 18 -8 -13 -4 29 -18 -10 23 28 -22 -11 -5 25 -25 -26 -19 -7 -17
right_child=1 11 15 19 -6 6 13 -9 12 10 -12 14 -14 -15 -16 16 17 27 -20 -21 21 -23 -24 24 26 -27 -28 -29 -30 -31
leaf_value=0 0 -4.0949451004833416e-06 0 0 0 0 0 1.3384143341955949e-10 0 0 1.9469990670757758e-05 0 1.9617421451560563e-10 0.018188737574442733 -0.00016152508599843614 0 0 0 5.2092186437476014e-06 0 0 0 0 0 0 0 0 0 0 0
leaf_weight=14816 21268 167028 5942 99462 35366 6377 4388 51929 9701 46124 14058 50294 7676 1095 16676 12583 15774 19857 2458 3107 3068 3058 1523 18271 112639 15189 45997 8918 9564 23844
leaf_count=14816 21268 167028 5942 99462 35366 6377 4388 51929 9701 46124 14058 50294 7676 1095 16676 12583 15774 19857 2458 3107 3068 3058 1523 18271 112639 15189 45997 8918 9564 23844
internal_value=-0.0125423 -0.00514329 -0.00877832 -0.0223493 -0.0169577 -0.00632587 -0.00300954 -0.00193727 -0.00994127 -0.00950104 -0.00760919 -0.00126946 -0.00520923 -0.0174859 -0.00428934 -0.013362 -0.0127847 -0.0150817 -0.0095016 -0.0236305 -0.00889224 -0.0149119 -0.00985949 -0.0237376 -0.023084 -0.0196473 -0.0238089 -0.0126872 -0.00657895 -0.00997543
internal_weight=848050 483368 249370 364682 70017 162452 79479 73996 34651 82973 61705 233998 19835 5483 66970 86918 80976 44549 12159 294665 22067 6126 47647 291558 192096 33460 158636 28775 15941 36427
internal_count=848050 483368 249370 364682 70017 162452 79479 73996 34651 82973 61705 233998 19835 5483 66970 86918 80976 44549 12159 294665 22067 6126 47647 291558 192096 33460 158636 28775 15941 36427
cat_boundaries=0 1 2 3 4 5 6 7
cat_threshold=1 1 7355936 377087 7355904 327703 2449439
is_linear=0
shrinkage=0.05


Tree=161
num_leaves=31
num_cat=7
split_feature=18 18 2 2 3 0 3 3 3 3 4 0 0 4 3 3 3 4 4 4 3 17 3 0 3 3 3 3 8 0
split_gain=24542 2685.65 1104.48 992.951 1331.28 700.39 491.528 633.357 415.196 345.84 361.218 330.25 226.751 202.339 157.978 203.638 191.88 156.494 155.123 122.045 224.657 118.857 108.277 98.0768 97.8476 193.226 174.752 94.5805 89.6721 83.1076
threshold=0.14271402359008792 0.44424292445182806 0 1 80.500000000000014 2 80.500000000000014 39.500000000000007 39.500000000000007 43.500000000000007 4.5000000000000009 3 4 4.5000000000000009 46.500000000000007 55.500000000000007 74.500000000000014 4.5000000000000009 4.5000000000000009 4.5000000000000009 35.500000000000007 0.07692307606339456 80.500000000000014 5 43.500000000000007 57.500000000000007 46.500000000000007 73.500000000000014 3.4000000059604649 6
decision_type=2 2 1 1 2 1 2 2 2 2 2 1 1 2 2 2 2 2 2 2 2 2 2 1 2 2 2 2 2 1
left_child=3 2 5 4 8 9 7 19 -1 -2 22 -3 18 -8 -4 29 -17 -13 -10 23 -21 24 -11 -7 -5 26 -26 -27 -18 -16
right_child=1 11 14 21 -6 6 13 -9 12 10 -12 17 -14 -15 15 16 28 -19 -20 20 -22 -23 -24 -25 25 27 -28 -29 -30 -31
leaf_value=0 0 -4.334618054401605e-06 0 0 0 0 0 1.2762288331752433e-10 0 0 -6.2020623613360948e-05 0 1.8636550378982534e-10 0.018019716076375654 0 0 0 -0.00015344883169851432 4.9487577115602212e-06 0 0 0 0 0 0 0 0 0 0 0
leaf_weight=14861 25741 167170 5960 99488 35250 6332 4392 51949 9874 42939 12879 50114 7320 1128 11469 15753 19874 16628 2538 3097 3024 3107 1484 9587 18276 112560 15192 45938 8930 24946
leaf_count=14861 25741 167170 5960 99488 35250 6332 4392 51949 9874 42939 12879 50114 7320 1128 11469 15753 19874 16628 2538 3097 3024 3107 1484 9587 18276 112560 15192 45938 8930 24946
internal_value=-0.0125548 -0.00516864 -0.00877732 -0.0223528 -0.0169928 -0.00634443 -0.00298891 -0.00191549 -0.0100244 -0.00955565 -0.00739416 -0.00131973 -0.00527063 -0.0173822 -0.0133265 -0.0127482 -0.015015 -0.00429276 -0.00938255 -0.0090177 -0.015018 -0.0236237 -0.00953166 -0.00671053 -0.0237274 -0.0230679 -0.0196158 -0.0237968 -0.0125885 -0.0099746
internal_weight=847800 483396 249484 364404 69843 162552 79509 73989 34593 83043 57302 233912 19732 5520 86932 80972 44557 66742 12412 22040 6121 294561 44423 15919 291454 191966 33468 158498 28804 36415
internal_count=847800 483396 249484 364404 69843 162552 79509 73989 34593 83043 57302 233912 19732 5520 86932 80972 44557 66742 12412 22040 6121 294561 44423 15919 291454 191966 33468 158498 28804 36415
cat_boundaries=0 1 2 3 4 5 6 7
cat_threshold=1 1 7355936 377087 7355908 327703 2449431
is_linear=0
shrinkage=0.05


Tree=162
num_leaves=31
num_cat=7
split_feature=18 18 2 2 3 0 3 3 3 0 3 4 0 4 3 3 3 4 4 4 3 17 3 3 3 3 3 0 8 0
split_gain=24527.8 2718.35 1114.35 1010.35 1353.65 698.378 496.417 617.748 406.745 341.041 337.799 418.001 234.073 195.439 160.075 200.953 194.756 154.394 149.945 118.64 228.071 113.55 101.281 96.6933 187.251 168.92 94.8094 93.2044 89.2414 81.2601
threshold=0.11947405338287355 0.44424292445182806 0 1 80.500000000000014 2 80.500000000000014 39.500000000000007 39.500000000000007 3 41.500000000000007 4.5000000000000009 4 4.5000000000000009 46.500000000000007 55.500000000000007 74.500000000000014 4.5000000000000009 4.5000000000000009 4.5000000000000009 35.500000000000007 0.07692307606339456 80.500000000000014 43.500000000000007 57.500000000000007 46.500000000000007 73.500000000000014 5 3.4000000059604649 6
decision_type=2 2 1 1 2 1 2 2 2 1 2 2 1 2 2 2 2 2 2 2 2 2 2 2 2 2 2 1 2 1
left_child=3 2 5 4 8 10 7 19 -1 -3 -2 22 18 -8 -4 29 -17 -11 -10 27 -21 23 -12 -5 25 -25 -26 -7 -18 -16
right_child=1 9 14 21 -6 6 13 -9 12 17 11 -13 -14 -15 15 16 28 -19 -20 20 -22 -23 -24 24 26 -27 -28 -29 -30 -31
leaf_value=0 0 -3.977814814440779e-06 0 0 0 0 0 1.212417391516481e-10 0 0 0 -0.0002980865421533124 1.7704722860033406e-10 0.016378314891901814 0 0 0 -0.00014577639011358859 4.7013198259822105e-06 0 0 0 0 0 0 0 0 0 0 0
leaf_weight=14731 21362 167009 5965 99353 35267 7939 4430 51949 9654 50294 46224 14045 7710 1127 12510 15829 20082 16594 2470 3066 3014 2812 1489 18335 112468 15165 45985 8026 8914 23961
leaf_count=14731 21362 167009 5965 99353 35267 7939 4430 51949 9654 50294 46224 14045 7710 1127 12510 15829 20082 16594 2470 3066 3014 2812 1489 18335 112468 15165 45985 8026 8914 23961
internal_value=-0.0125478 -0.00517161 -0.00879719 -0.0223536 -0.0169471 -0.00635193 -0.00300178 -0.00191975 -0.00991538 -0.00129747 -0.00955672 -0.00768322 -0.005241 -0.017415 -0.0133556 -0.0127755 -0.0150178 -0.00431403 -0.00956816 -0.00893286 -0.0148766 -0.0236373 -0.00991501 -0.0237338 -0.0230784 -0.0196821 -0.0237965 -0.00666928 -0.0125828 -0.0100196
internal_weight=847779 483829 249932 363950 69832 162671 79551 73994 34565 233897 83120 61758 19834 5557 87261 81296 44825 66888 12124 22045 6080 294118 47713 291306 191953 33500 158453 15965 28996 36471
internal_count=847779 483829 249932 363950 69832 162671 79551 73994 34565 233897 83120 61758 19834 5557 87261 81296 44825 66888 12124 22045 6080 294118 47713 291306 191953 33500 158453 15965 28996 36471
cat_boundaries=0 1 2 3 4 5 6 7
cat_threshold=1 1 7355936 377087 7355904 360471 2449439
is_linear=0
shrinkage=0.05


Tree=163
num_leaves=31
num_cat=7
split_feature=18 18 2 2 3 0 3 3 3 3 4 0 0 4 3 3 3 4 4 17 4 3 3 3 3 3 3 0 8 0
split_gain=24521.3 2680.21 1114.91 1012.24 1366.18 687.402 484.275 618.197 408.735 338.061 348.375 326.094 234.957 198.967 162.142 203.164 189.498 154.972 147.338 120.04 119.217 230.396 110.394 98.2336 192.699 171.698 95.676 91.956 91.4921 82.1195
threshold=0.14271402359008792 0.44424292445182806 0 1 80.500000000000014 2 80.500000000000014 39.500000000000007 39.500000000000007 43.500000000000007 4.5000000000000009 3 4 4.5000000000000009 46.500000000000007 55.500000000000007 74.500000000000014 4.5000000000000009 4.5000000000000009 0.07692307606339456 4.5000000000000009 35.500000000000007 80.500000000000014 43.500000000000007 57.500000000000007 46.500000000000007 73.500000000000014 5 3.4000000059604649 6
decision_type=2 2 1 1 2 1 2 2 2 2 2 1 1 2 2 2 2 2 2 2 2 2 2 2 2 2 2 1 2 1
left_child=3 2 5 4 8 9 7 20 -1 -2 22 -3 17 -8 -4 29 -17 -10 -13 23 27 -22 -11 -5 25 -25 -26 -7 -18 -16
right_child=1 11 14 19 -6 6 13 -9 12 10 -12 18 -14 -15 15 16 28 -19 -20 -21 21 -23 -24 24 26 -27 -28 -29 -30 -31
leaf_value=0 0 -4.7111078765157082e-06 0 0 0 0 0 1.1470613062512289e-10 0 0 -0.00033009631882733995 0 1.6819486717031736e-10 0.016299814527961781 0 0 0 4.4662538346830998e-06 -0.00013848757060790917 0 0 0 0 0 0 0 0 0 0 0
leaf_weight=14842 25682 166874 5968 99593 35346 6405 4378 51965 9647 42898 12888 50101 7717 1104 12551 15813 19821 2452 16606 3090 3096 3048 1484 18256 112457 15228 46055 9552 8930 23890
leaf_count=14842 25682 166874 5968 99593 35346 6405 4378 51965 9647 42898 12888 50101 7717 1104 12551 15813 19821 2452 16606 3090 3096 3048 1484 18256 112457 15228 46055 9552 8930 23890
internal_value=-0.0125509 -0.00516216 -0.00876598 -0.022338 -0.0169333 -0.00632062 -0.00299844 -0.00193746 -0.00987939 -0.00950495 -0.0073686 -0.00131314 -0.00518016 -0.0173386 -0.0133349 -0.0127489 -0.0150132 -0.00952391 -0.00426765 -0.0236219 -0.0089419 -0.01486 -0.00947006 -0.0237258 -0.0230648 -0.0196183 -0.0237928 -0.00666322 -0.0125952 -0.00997983
internal_weight=847737 483054 249473 364683 70004 162500 79548 74066 34658 82952 57270 233581 19816 5482 86973 81005 44564 12099 66707 294679 22101 6144 44382 291589 191996 33484 158512 15957 28751 36441
internal_count=847737 483054 249473 364683 70004 162500 79548 74066 34658 82952 57270 233581 19816 5482 86973 81005 44564 12099 66707 294679 22101 6144 44382 291589 191996 33484 158512 15957 28751 36441
cat_boundaries=0 1 2 3 4 5 6 7
cat_threshold=1 1 7355936 377087 7355904 327703 2449439
is_linear=0
shrinkage=0.05


Tree=164
num_leaves=31
num_cat=7
split_feature=18 18 2 2 3 0 3 3 3 0 3 4 0 4 3 3 3 4 4 17 4 3 3 3 3 3 3 0 8 0
split_gain=24582.7 2734.8 1116.1 997.328 1339.6 693.636 491.027 618.189 407.78 339.098 335.469 357.886 237.687 194.625 162.284 200.121 194.381 153.912 150.23 125.792 125.036 222.515 106.534 97.852 191.332 169.803 95.529 92.0853 88.046 80.3257
threshold=0.14271402359008792 0.44424292445182806 0 1 80.500000000000014 2 80.500000000000014 39.500000000000007 39.500000000000007 3 43.500000000000007 4.5000000000000009 4 4.5000000000000009 46.500000000000007 55.500000000000007 74.500000000000014 4.5000000000000009 4.5000000000000009 0.07692307606339456 4.5000000000000009 35.500000000000007 80.500000000000014 43.500000000000007 57.500000000000007 46.500000000000007 73.500000000000014 5 3.4000000059604649 6
decision_type=2 2 1 1 2 1 2 2 2 1 2 2 1 2 2 2 2 2 2 2 2 2 2 2 2 2 2 1 2 1
left_child=3 2 5 4 8 10 7 20 -1 -3 -2 22 18 -8 -4 29 -17 -11 -10 23 27 -22 -12 -5 25 -25 -26 -7 -18 -16
right_child=1 9 14 19 -6 6 13 -9 12 17 11 -13 -14 -15 15 16 28 -19 -20 -21 21 -23 -24 24 26 -27 -28 -29 -30 -31
leaf_value=0 0 -3.2390208081912697e-06 0 0 0 0 0 1.0944434566280956e-10 0 0 0 -0.00026524818642786077 1.597851238118015e-10 0.014465402573335895 0 0 0 -0.00013156319207751371 4.2429411429489446e-06 0 0 0 0 0 0 0 0 0 0 0
leaf_weight=14862 25710 167004 5935 99305 35236 6361 4371 51978 9906 50192 42902 12917 7319 1122 12555 15696 19836 16576 2553 3102 3070 3040 1483 18244 112030 15218 45892 9606 8882 23822
leaf_count=14862 25710 167004 5935 99305 35236 6361 4371 51978 9906 50192 42902 12917 7319 1122 12555 15696 19836 16576 2553 3102 3070 3040 1483 18244 112030 15218 45892 9606 8882 23822
internal_value=-0.0125238 -0.00513168 -0.00877486 -0.0223426 -0.0169736 -0.0063312 -0.00299341 -0.00192391 -0.00999134 -0.00124673 -0.0095282 -0.00740027 -0.0052887 -0.0174176 -0.0133553 -0.0127691 -0.0150212 -0.00425814 -0.00948552 -0.0236196 -0.00893351 -0.0150164 -0.00953194 -0.0237265 -0.0230657 -0.0196312 -0.0237934 -0.00660581 -0.0125757 -0.0100194
internal_weight=846725 483058 249286 363667 69876 162560 79548 74055 34640 233772 83012 57302 19778 5493 86726 80791 44414 66768 12459 293791 22077 6110 44385 290689 191384 33462 157922 15967 28718 36377
internal_count=846725 483058 249286 363667 69876 162560 79548 74055 34640 233772 83012 57302 19778 5493 86726 80791 44414 66768 12459 293791 22077 6110 44385 290689 191384 33462 157922 15967 28718 36377
cat_boundaries=0 1 2 3 4 5 6 7
cat_threshold=1 1 7355936 377087 7355908 327703 2449439
is_linear=0
shrinkage=0.05


Tree=165
num_leaves=31
num_cat=7
split_feature=18 18 2 2 3 0 3 3 3 3 4 0 0 4 4 3 3 3 4 4 3 3 3 3 3 3 0 8 3 0
split_gain=24591.8 2688.85 1118.59 1004.44 1346.07 692.97 487.513 617.195 416.685 342.003 425.86 335.922 232.786 203.655 160.714 158.713 206.694 189.541 153.98 123.851 227.686 114.074 205.637 188.837 120.779 100.338 90.4466 89.1264 83.7979 79.8559
threshold=0.14271402359008792 0.44424292445182806 0 1 80.500000000000014 2 80.500000000000014 39.500000000000007 39.500000000000007 41.500000000000007 4.5000000000000009 3 4 4.5000000000000009 4.5000000000000009 46.500000000000007 55.500000000000007 74.500000000000014 4.5000000000000009 4.5000000000000009 35.500000000000007 43.500000000000007 57.500000000000007 46.500000000000007 73.500000000000014 80.500000000000014 5 3.4000000059604649 84.500000000000014 6
decision_type=2 2 1 1 2 1 2 2 2 2 2 1 1 2 2 2 2 2 2 2 2 2 2 2 2 2 1 2 2 1
left_child=3 2 5 4 8 9 7 19 -1 -2 25 -3 14 -8 -10 -4 29 -18 -13 26 -21 -5 23 -23 -24 -11 -7 -19 -26 -17
right_child=1 11 15 21 -6 6 13 -9 12 10 -12 18 -14 -15 -16 16 17 27 -20 20 -22 22 24 -25 28 -27 -28 -29 -30 -31
leaf_value=0 0 -3.3814176394833912e-06 0 0 0 0 0 1.0397212837966907e-10 0 0 6.6269074688313584e-05 0 1.5179586762121141e-10 0.014621159260378403 4.0307940858014974e-06 0 0 0 -0.00012498503247363805 0 0 0 0 0 0 0 0 0 0 0
leaf_weight=14838 21190 167050 5975 99542 35268 7944 4427 52003 9928 46250 14047 50244 7325 1124 2544 12561 15728 19843 16585 3097 3075 18721 112663 16289 30603 1479 8037 8918 16898 23844
leaf_count=14838 21190 167050 5975 99542 35268 7944 4427 52003 9928 46250 14047 50244 7325 1124 2544 12561 15728 19843 16585 3097 3075 18721 112663 16289 30603 1479 8037 8918 16898 23844
internal_value=-0.0125406 -0.00514598 -0.00875604 -0.0223445 -0.016956 -0.00630974 -0.00297898 -0.00190949 -0.00995453 -0.00950817 -0.00762918 -0.00129415 -0.0052066 -0.0172717 -0.00935747 -0.013337 -0.0127562 -0.0150425 -0.00428979 -0.00889834 -0.0149141 -0.0236226 -0.0229201 -0.0194487 -0.0236789 -0.00988131 -0.006575 -0.0126291 -0.0215643 -0.00996223
internal_weight=848040 483421 249542 364619 69903 162673 79707 74156 34635 82966 61776 233879 19797 5551 12472 86869 80894 44489 66829 22153 6172 294716 195174 35010 160164 47729 15981 28761 47501 36405
internal_count=848040 483421 249542 364619 69903 162673 79707 74156 34635 82966 61776 233879 19797 5551 12472 86869 80894 44489 66829 22153 6172 294716 195174 35010 160164 47729 15981 28761 47501 36405
cat_boundaries=0 1 2 3 4 5 6 7
cat_threshold=1 1 7355936 377087 7355908 360471 2449439
is_linear=0
shrinkage=0.05


Tree=166
num_leaves=31
num_cat=7
split_feature=18 18 2 2 3 0 3 3 3 3 5 0 0 5 3 3 3 5 5 5 3 17 3 3 3 3 3 0 8 0
split_gain=24582.2 2743.06 1123.25 1010.35 1349.37 704.977 472.842 623.5 410.128 343.264 359.106 342.303 231.603 203.827 156.357 205.105 195.187 155.521 152.671 124.85 225.826 123.439 105.812 97.8605 193.515 171.322 94.9389 89.8233 85.6427 81.58
threshold=0.14271402359008792 0.44424292445182806 0 1 80.500000000000014 2 80.500000000000014 39.500000000000007 39.500000000000007 43.500000000000007 1.0000000180025095e-35 3 4 1.0000000180025095e-35 46.500000000000007 55.500000000000007 74.500000000000014 1.0000000180025095e-35 1.0000000180025095e-35 1.0000000180025095e-35 35.500000000000007 0.07692307606339456 80.500000000000014 43.500000000000007 57.500000000000007 46.500000000000007 73.500000000000014 5 3.4000000059604649 6
decision_type=2 2 1 1 2 1 2 2 2 2 2 1 1 2 2 2 2 2 2 2 2 2 2 2 2 2 2 1 2 1
left_child=3 2 5 4 8 9 7 19 -1 -2 22 -3 17 -8 -4 29 -17 -10 -13 27 -21 23 -11 -5 25 -25 -26 -7 -18 -16
right_child=1 11 14 21 -6 6 13 -9 12 10 -12 18 -14 -15 15 16 28 -19 -20 20 -22 -23 -24 24 26 -27 -28 -29 -30 -31
leaf_value=0 0 -2.9079988858075367e-06 0 0 0 0 0 9.877352196068562e-11 0 0 -1.7561493796682919e-05 0 1.4420607424015083e-10 0.015071313151353639 0 0 0 3.8292543815114227e-06 -0.00011873578084995614 0 0 0 0 0 0 0 0 0 0 0
leaf_weight=14816 25607 167026 5973 99426 35266 6356 4362 51964 9933 42913 12782 50249 7370 1116 12570 15872 19893 2560 16560 3101 3032 3070 1481 18188 112464 15279 45941 9633 8877 23879
leaf_count=14816 25607 167026 5973 99426 35266 6356 4362 51964 9933 42913 12782 50249 7370 1116 12570 15872 19893 2560 16560 3101 3032 3070 1481 18188 112464 15279 45941 9633 8877 23879
internal_value=-0.0125311 -0.00513765 -0.0087852 -0.0223383 -0.0169365 -0.00632796 -0.00296579 -0.00191804 -0.00993324 -0.00955787 -0.00740433 -0.00124714 -0.00523712 -0.0171413 -0.0133672 -0.0127921 -0.0150643 -0.00937975 -0.00427161 -0.00894811 -0.015013 -0.0236218 -0.00953057 -0.0237269 -0.0230672 -0.0196126 -0.0237971 -0.00662174 -0.0126086 -0.0100092
internal_weight=847559 483246 249411 364313 69945 162347 79564 74086 34679 82783 57176 233835 19863 5478 87064 81091 44642 12493 66809 22122 6133 294368 44394 291298 191872 33467 158405 15989 28770 36449
internal_count=847559 483246 249411 364313 69945 162347 79564 74086 34679 82783 57176 233835 19863 5478 87064 81091 44642 12493 66809 22122 6133 294368 44394 291298 191872 33467 158405 15989 28770 36449
cat_boundaries=0 1 2 3 4 5 6 7
cat_threshold=1 1 7355936 377087 7355908 327703 2449439
is_linear=0
shrinkage=0.05


Tree=167
num_leaves=31
num_cat=11
split_feature=18 18 2 2 0 7 0 4 4 18 2 7 8 7 6 7 7 8 0 19 19 7 19 0 0 8 0 18 7 2
split_gain=24559.9 2708.42 1003.58 836.292 591.457 534.174 444.682 228.601 205.845 202.145 193.235 122.22 211.992 279.955 118.774 287.743 110.406 144.078 108.45 96.3153 104.424 91.4771 86.4464 82.0986 76.9807 65.8933 63.1068 60.9701 59.0052 53.6167
threshold=0.1122730001807213 0.30224989354610449 0 1 2 27.10000038146973 3 4.5000000000000009 4.5000000000000009 0.45069313049316412 4 28.69999980926514 3.4000000059604649 21.500000000000004 5 25.10000038146973 21.500000000000004 3.4000000059604649 6 1.005101263523102 0.99999997019767772 30.10000038146973 1.1416118144989016 7 8 3.4000000059604649 9 0.72922664880752575 28.899999618530277 10
decision_type=2 2 1 1 1 2 1 2 2 2 1 2 2 2 1 2 2 2 1 2 2 2 2 1 1 2 1 2 2 1
left_child=2 3 5 6 7 14 8 27 21 10 -6 12 22 -14 15 16 -1 -18 -15 20 -10 -2 -8 -7 -11 -5 -17 -3 -22 -9
right_child=1 4 -4 25 9 23 11 29 19 24 -12 -13 13 18 -16 26 17 -19 -20 -21 28 -23 -24 -25 -26 -27 -28 -29 -30 -31
leaf_value=0 0 0 0 0 0 0 0 0.00064114288916003459 0 9.567252901409875e-06 0 -6.880437032358606e-05 0 -8.4174455860650523e-11 0 1.3544794792809108e-10 0 0 1.0567803238362143e-10 -0.00033229353784020228 0 0 9.5236458252943078e-07 0 0 0 0 0 -0.015766309099597829 0
leaf_weight=13502 31713 36701 293628 51668 34287 6413 20933 11998 4025 125302 13930 15847 2810 4086 19843 1235 9674 3137 5274 6084 3098 13737 2626 11707 67969 16177 4189 11298 785 3330
leaf_count=13502 31713 36701 293628 51668 34287 6413 20933 11998 4025 125302 13930 15847 2810 4086 19843 1235 9674 3137 5274 6084 3098 13737 2626 11707 67969 16177 4189 11298 785 3330
internal_value=-0.0125385 -0.00515922 -0.022362 -0.0100436 -0.00229311 -0.0169684 -0.00737088 -0.0065937 -0.0103184 -0.00116502 -0.00406133 -0.00397104 -0.0055928 -0.000234182 -0.0195628 -0.0176339 -0.019801 -0.0164761 0.00392094 -0.00501715 -0.00865579 -0.0119527 -0.00836092 -0.00958333 -0.000442513 -0.0144171 -0.00715339 -0.00829236 -0.0145055 -0.00127871
internal_weight=847006 483678 363328 178863 304815 69700 111018 63327 59442 241488 48217 51576 35729 12170 51580 31737 26313 12811 9360 13992 7908 45450 23559 18120 193271 67845 5424 47999 3883 15328
internal_count=847006 483678 363328 178863 304815 69700 111018 63327 59442 241488 48217 51576 35729 12170 51580 31737 26313 12811 9360 13992 7908 45450 23559 18120 193271 67845 5424 47999 3883 15328
cat_boundaries=0 1 2 3 4 5 6 7 8 9 10 11
cat_threshold=1 1 5258752 7355936 1 28 622606 950767 327775 180674 1
is_linear=0
shrinkage=0.05


Tree=168
num_leaves=31
num_cat=7
split_feature=18 18 2 2 3 0 3 3 3 3 4 0 0 4 3 3 3 4 4 17 4 3 3 3 3 3 3 8 0 0
split_gain=24516.2 2719.25 1106.46 1003.42 1338.62 680.066 492.026 631.188 411.395 337.894 424.773 336.564 227.171 197.397 160.776 204.002 181.055 155.174 154.841 125.184 123.622 216.469 102.641 97.903 192.052 173.717 94.7973 87.1892 86.7648 77.8445
threshold=0.14271402359008792 0.44424292445182806 0 1 80.500000000000014 2 80.500000000000014 39.500000000000007 39.500000000000007 41.500000000000007 4.5000000000000009 3 4 4.5000000000000009 46.500000000000007 55.500000000000007 74.500000000000014 4.5000000000000009 4.5000000000000009 0.07692307606339456 4.5000000000000009 35.500000000000007 80.500000000000014 43.500000000000007 57.500000000000007 46.500000000000007 73.500000000000014 3.4000000059604649 5 6
decision_type=2 2 1 1 2 1 2 2 2 2 2 1 1 2 2 2 2 2 2 2 2 2 2 2 2 2 2 2 1 1
left_child=3 2 5 4 8 9 7 20 -1 -2 22 -3 17 -8 -4 29 -17 -10 -13 23 28 -22 -11 -5 25 -25 -26 -18 -7 -16
right_child=1 11 14 19 -6 6 13 -9 12 10 -12 18 -14 -15 15 16 27 -19 -20 -21 21 -23 -24 24 26 -27 -28 -29 -30 -31
leaf_value=0 0 -3.0669468132188446e-06 0 0 0 0 0 8.8077422674527448e-11 0 0 6.3833695643732055e-05 0 1.3544794792809108e-10 0.012418393660261557 0 0 0 3.6377916624358511e-06 -0.00011279899180745832 0 0 0 0 0 0 0 0 0 0 0
leaf_weight=14818 21224 166746 5958 99572 35267 8005 4423 51969 9666 46213 13960 50114 7687 1118 12574 15686 19922 2463 16589 3099 3062 3006 1473 18182 112511 15241 45906 8908 8041 23898
leaf_count=14818 21224 166746 5958 99572 35267 8005 4423 51969 9666 46213 13960 50114 7687 1118 12574 15686 19922 2463 16589 3099 3062 3006 1473 18182 112511 15241 45906 8908 8041 23898
internal_value=-0.0125529 -0.00516449 -0.0087943 -0.0223434 -0.0169579 -0.00635839 -0.00305711 -0.00198257 -0.00997575 -0.00952884 -0.00765662 -0.00128604 -0.00526342 -0.0174292 -0.0133468 -0.0127636 -0.015035 -0.00952097 -0.0042874 -0.0236216 -0.00905761 -0.0151368 -0.00990228 -0.0237279 -0.0230677 -0.0196235 -0.0237943 -0.012683 -0.00675869 -0.00999123
internal_weight=847301 482889 249440 364412 69901 162494 79624 74083 34634 82870 61646 233449 19816 5541 86946 80988 44516 12129 66703 294511 22114 6068 47686 291412 191840 33423 158417 28830 16046 36472
internal_count=847301 482889 249440 364412 69901 162494 79624 74083 34634 82870 61646 233449 19816 5541 86946 80988 44516 12129 66703 294511 22114 6068 47686 291412 191840 33423 158417 28830 16046 36472
cat_boundaries=0 1 2 3 4 5 6 7
cat_threshold=1 1 7355936 377087 7355904 360471 2449439
is_linear=0
shrinkage=0.05


Tree=169
num_leaves=31
num_cat=9
split_feature=18 18 2 2 0 0 4 19 4 18 17 19 19 0 17 8 0 0 4 13 8 17 19 4 19 0 13 0 17 4
split_gain=24587.4 2719.86 1111.67 996.033 681.781 335.394 307.021 158.857 155.037 153.793 140.903 133.634 129.325 122.14 112.354 82.8384 137.478 78.1511 75.8302 77.5448 71.6726 67.0162 59.1824 57.0325 110.109 56.1863 52.5514 52.492 52.3078 46.8867
threshold=0.1122730001807213 0.44424292445182806 0 1 2 3 4.5000000000000009 1.0355983972549441 4.5000000000000009 0.18460166454315188 0.19230768829584124 1.0024905204772951 0.99999997019767772 4 0.07692307606339456 3.4000000059604649 5 6 4.5000000000000009 0.98038461804389965 3.4000000059604649 0.40789474546909338 0.99999997019767772 4.5000000000000009 0.99668008089065563 7 1.0270467996597292 8 0.14379699528217318 4.5000000000000009
decision_type=2 2 1 1 1 1 2 2 2 2 2 2 2 1 2 2 1 1 2 2 2 2 2 2 2 1 2 1 2 2
left_child=3 2 4 10 6 26 25 15 17 -4 13 12 -8 29 -5 21 18 -7 19 27 -11 23 -15 -6 -25 -2 -3 -17 -14 -1
right_child=1 5 9 14 7 8 11 -9 -10 20 -12 -13 28 22 -16 16 -18 -19 -20 -21 -22 -23 -24 24 -26 -27 -28 -29 -30 -31
leaf_value=0 0 9.244478393443476e-06 0 0 0 0 0 7.6568910244365404e-11 -0.00010715904221708541 0 0 0.00019497694706898492 0 0 0 9.5938869742380389e-11 0 0 0 8.5235327758043311e-11 0 0 0 0 0 0 -0.00012704069064834228 -0.0012833549702797398 -0.0014380190863907897 0
leaf_weight=27750 15805 128395 39219 291247 26572 29106 5849 20985 16637 34550 2030 9102 3634 17001 2647 573 6850 21188 1333 2679 13563 12424 16559 2386 4371 47384 38629 1303 1174 6496
leaf_count=27750 15805 128395 39219 291247 26572 29106 5849 20985 16637 34550 2030 9102 3634 17001 2647 573 6850 21188 1333 2679 13563 12424 16559 2386 4371 47384 38629 1303 1174 6496
internal_value=-0.0125409 -0.00515561 -0.00878437 -0.0223623 -0.00633835 -0.00128176 -0.00950903 -0.00302758 -0.00427205 -0.0133336 -0.0169948 -0.0040703 -0.00787041 -0.0173834 -0.0236378 -0.00436691 -0.000800754 -0.00565674 0.00479824 0.00787596 -0.0114392 -0.00535976 -0.0195427 -0.0065281 -0.0106297 -0.0112112 -8.32166e-05 7.99574e-05 -0.0139455 -0.0152572
internal_weight=847441 483711 249756 363730 162424 233955 82948 79476 66931 87332 69836 19759 10657 67806 293894 58491 12738 50294 5888 4555 48113 45753 33560 33329 6757 63189 167024 1876 4808 34246
internal_count=847441 483711 249756 363730 162424 233955 82948 79476 66931 87332 69836 19759 10657 67806 293894 58491 12738 50294 5888 4555 48113 45753 33560 33329 6757 63189 167024 1876 4808 34246
cat_boundaries=0 1 2 3 4 5 6 7 8 9
cat_threshold=1 1 7355936 377087 1712008 147904 2760960 4198400 16640
is_linear=0
shrinkage=0.05


Tree=170
num_leaves=31
num_cat=7
split_feature=18 18 2 2 3 0 3 3 3 0 3 4 0 4 4 3 3 3 4 4 3 3 3 3 3 3 8 3 0 0
split_gain=24799.3 2825.44 1125.63 999.935 1349.49 697.228 450.581 620.533 411.216 379.464 340.363 411.384 231.397 190.455 163.01 162.21 207.761 194.224 148.545 128.869 220.412 111.343 204.374 186.633 117.112 101.583 91.226 83.1702 82.4572 81.1228
threshold=0.1122730001807213 0.44424292445182806 0 1 80.500000000000014 2 80.500000000000014 39.500000000000007 39.500000000000007 3 41.500000000000007 4.5000000000000009 4 4.5000000000000009 4.5000000000000009 46.500000000000007 55.500000000000007 74.500000000000014 4.5000000000000009 4.5000000000000009 35.500000000000007 43.500000000000007 57.500000000000007 46.500000000000007 73.500000000000014 80.500000000000014 3.4000000059604649 78.500000000000014 5 6
decision_type=2 2 1 1 2 1 2 2 2 1 2 2 1 2 2 2 2 2 2 2 2 2 2 2 2 2 2 2 1 1
left_child=3 2 5 4 8 10 7 19 -1 -3 -2 25 18 -8 29 -4 28 -18 -10 -7 -21 -5 23 -23 -24 -12 -19 -26 -17 -11
right_child=1 9 15 21 -6 6 13 -9 12 14 11 -13 -14 -15 -16 16 17 26 -20 20 -22 22 24 -25 27 -27 -28 -29 -30 -31
leaf_value=0 0 1.1291334068777434e-06 0 0 0 0 0 7.9885306721841733e-11 0 0 0 -0.00025904205360965487 1.3022337313173874e-10 0.011891276991742035 -3.7410462548503889e-05 0 0 0 3.4559020793140585e-06 0 0 0 0 0 0 0 0 0 0 0
leaf_weight=14681 21379 166849 6042 99347 35298 16044 4394 51971 9890 29155 46178 14013 7317 1144 16613 12636 15897 20069 2549 3101 3039 18621 112648 16069 10691 1487 8949 36459 23901 21201
leaf_count=14681 21379 166849 6042 99347 35298 16044 4394 51971 9890 29155 46178 14013 7317 1144 16613 12636 15897 20069 2549 3101 3039 18621 112648 16069 10691 1487 8949 36459 23901 21201
internal_value=-0.0124924 -0.00508055 -0.00877304 -0.0223608 -0.0169782 -0.00631429 -0.00297197 -0.00194491 -0.00993626 -0.00112866 -0.00951973 -0.00763643 -0.00522626 -0.0167299 -0.00430769 -0.0133466 -0.0127603 -0.0150378 -0.00937224 -0.00894564 -0.0151059 -0.0236382 -0.0229425 -0.0194638 -0.0236977 -0.00985052 -0.0126042 -0.0216055 -0.00996045 -0.00572524
internal_weight=847632 484062 250244 363570 69735 162750 79693 74155 34437 233818 83057 61678 19756 5538 66969 87494 81452 44915 12439 22184 6140 293835 194488 34690 159798 47665 29018 47150 36537 50356
internal_count=847632 484062 250244 363570 69735 162750 79693 74155 34437 233818 83057 61678 19756 5538 66969 87494 81452 44915 12439 22184 6140 293835 194488 34690 159798 47665 29018 47150 36537 50356
cat_boundaries=0 1 2 3 4 5 6 7
cat_threshold=1 1 7355936 377087 7355908 2449439 2760960
is_linear=0
shrinkage=0.05


Tree=171
num_leaves=31
num_cat=6
split_feature=18 18 2 2 3 0 3 3 3 0 3 4 0 4 3 3 3 4 4 4 3 17 3 3 3 3 3 8 0 3
split_gain=24804.8 2800 1133.43 1005.8 1348.66 706.634 452.083 620.038 413.456 383.632 345.945 350.353 230.067 189.568 161.153 204.555 185.3 156.655 155.557 126.989 221.262 122.269 110.762 97.4297 192.24 173.704 93.6833 86.797 78.1717 76.4979
threshold=0.14271402359008792 0.44424292445182806 0 1 80.500000000000014 2 80.500000000000014 39.500000000000007 39.500000000000007 3 43.500000000000007 4.5000000000000009 4 4.5000000000000009 46.500000000000007 55.500000000000007 74.500000000000014 4.5000000000000009 4.5000000000000009 4.5000000000000009 35.500000000000007 0.07692307606339456 80.500000000000014 43.500000000000007 57.500000000000007 46.500000000000007 73.500000000000014 3.4000000059604649 5 56.500000000000007
decision_type=2 2 1 1 2 1 2 2 2 1 2 2 1 2 2 2 2 2 2 2 2 2 2 2 2 2 2 2 1 2
left_child=3 2 5 4 8 10 7 19 -1 -3 -2 22 17 -8 -4 -16 29 -10 -11 28 -21 23 -12 -5 25 -25 -26 -18 -7 -17
right_child=1 9 14 21 -6 6 13 -9 12 18 11 -13 -14 -15 15 16 27 -19 -20 20 -22 -23 -24 24 26 -27 -28 -29 -30 -31
leaf_value=0 0 2.7361151184996122e-06 0 0 0 0 0 7.5891041385749639e-11 0 0 0 -0.00019683817428523226 1.2371220447515179e-10 0.012130377379534141 0 0 0 3.2831069753483562e-06 -9.9930566978805946e-05 0 0 0 0 0 0 0 0 0 0 0
leaf_weight=14817 25630 166635 5989 99533 35286 6353 4374 51903 9855 50173 42913 12853 7301 1117 36446 4372 19916 2556 16481 3069 3027 3095 1496 18318 112499 15163 46016 8916 9547 11375
leaf_count=14817 25630 166635 5989 99533 35286 6353 4374 51903 9855 50173 42913 12853 7301 1117 36446 4372 19916 2556 16481 3069 3027 3095 1496 18318 112499 15163 46016 8916 9547 11375
internal_value=-0.0125008 -0.00506517 -0.00874944 -0.0223469 -0.0169509 -0.00628073 -0.00290806 -0.00187993 -0.00992571 -0.00112811 -0.00950942 -0.00734955 -0.00518212 -0.0167501 -0.0133536 -0.0127686 -0.0150402 -0.00932091 -0.00433367 -0.00891526 -0.0150509 -0.0236255 -0.0094536 -0.0237305 -0.0230724 -0.0196298 -0.0237995 -0.0126578 -0.00656289 -0.0194021
internal_weight=847024 482585 249296 364439 69815 162282 79390 73899 34529 233289 82892 57262 19712 5491 87014 81025 44579 12411 66654 21996 6096 294624 44409 291529 191996 33481 158515 28832 15900 15747
internal_count=847024 482585 249296 364439 69815 162282 79390 73899 34529 233289 82892 57262 19712 5491 87014 81025 44579 12411 66654 21996 6096 294624 44409 291529 191996 33481 158515 28832 15900 15747
cat_boundaries=0 1 2 3 4 5 6
cat_threshold=1 1 7355936 377087 7355908 327703
is_linear=0
shrinkage=0.05


Tree=172
num_leaves=31
num_cat=7
split_feature=18 18 2 2 3 0 3 3 3 0 3 4 0 4 3 3 7 4 4 4 3 17 3 3 3 3 3 3 0 0
split_gain=24802.1 2817.45 1115.63 994.615 1337.8 701.05 449.177 618.252 402.854 376.569 347.04 350.805 239.45 189.701 155.879 204.628 195.63 150.484 147.644 125.992 218.578 123.167 109.221 97.5148 195.354 179.2 93.5938 88.1042 81.9466 77.5627
threshold=0.14271402359008792 0.44424292445182806 0 1 80.500000000000014 2 80.500000000000014 39.500000000000007 39.500000000000007 3 43.500000000000007 4.5000000000000009 4 4.5000000000000009 46.500000000000007 55.500000000000007 22.800000190734867 4.5000000000000009 4.5000000000000009 4.5000000000000009 35.500000000000007 0.07692307606339456 80.500000000000014 43.500000000000007 57.500000000000007 46.500000000000007 73.500000000000014 74.500000000000014 5 6
decision_type=2 2 1 1 2 1 2 2 2 1 2 2 1 2 2 2 2 2 2 2 2 2 2 2 2 2 2 2 1 1
left_child=3 2 5 4 8 10 7 19 -1 -3 -2 22 18 -8 -4 28 -17 -11 -10 29 -21 23 -12 -5 25 -25 -26 -18 -16 -7
right_child=1 9 14 21 -6 6 13 -9 12 17 11 -13 -14 -15 15 16 27 -19 -20 20 -22 -23 -24 24 26 -27 -28 -29 -30 -31
leaf_value=0 0 9.3587098060887564e-07 0 0 0 0 0 7.2056288623203235e-11 0 0 0 -0.00027629631645804286 1.1752659425139422e-10 0.011523858510557435 0 0 0 -9.493403862986566e-05 3.1189516265809382e-06 0 0 0 0 0 0 0 0 0 0 0
leaf_weight=14897 25686 166966 5968 99439 35363 6399 4370 51857 9713 50211 42786 12845 7617 1109 12623 8511 15747 16604 2426 3069 3017 3116 1485 18211 112446 15171 45995 20267 23855 9615
leaf_count=14897 25686 166966 5968 99439 35363 6399 4370 51857 9713 50211 42786 12845 7617 1109 12623 8511 15747 16604 2426 3069 3017 3116 1485 18211 112446 15171 45995 20267 23855 9615
internal_value=-0.0125014 -0.00507133 -0.00877005 -0.0223496 -0.0169933 -0.00632065 -0.00296365 -0.00194065 -0.0100114 -0.00112851 -0.00953968 -0.00737009 -0.00533003 -0.0167777 -0.0133392 -0.0127647 -0.0150393 -0.00430041 -0.00968598 -0.00894344 -0.0150674 -0.0236235 -0.00948081 -0.0237293 -0.0230706 -0.0195944 -0.023803 -0.0166505 -0.00998821 -0.00661609
internal_weight=847384 482990 249209 364394 70016 162238 79436 73957 34653 233781 82802 57116 19756 5479 86971 81003 44525 66815 12139 22100 6086 294378 44271 291262 191823 33382 158441 36014 36478 16014
internal_count=847384 482990 249209 364394 70016 162238 79436 73957 34653 233781 82802 57116 19756 5479 86971 81003 44525 66815 12139 22100 6086 294378 44271 291262 191823 33382 158441 36014 36478 16014
cat_boundaries=0 1 2 3 4 5 6 7
cat_threshold=1 1 7355936 377087 7355904 2449439 327703
is_linear=0
shrinkage=0.05


Tree=173
num_leaves=31
num_cat=7
split_feature=18 18 2 2 3 0 3 3 3 0 3 4 0 4 3 3 3 4 4 4 3 17 3 3 3 3 3 6 0 3
split_gain=24824.6 2842.09 1113.27 1002.26 1358.91 702.457 454.177 613.865 405.552 374.447 342.06 435.483 229.192 190.061 160.075 203.963 186.481 154.787 152.427 127.439 223.32 112.455 101.365 97.2749 188.291 169.353 96.5444 88.6807 78.9019 77.5198
threshold=0.11947405338287355 0.44424292445182806 0 1 80.500000000000014 2 80.500000000000014 39.500000000000007 39.500000000000007 3 41.500000000000007 4.5000000000000009 4 4.5000000000000009 46.500000000000007 55.500000000000007 74.500000000000014 4.5000000000000009 4.5000000000000009 4.5000000000000009 35.500000000000007 0.07692307606339456 80.500000000000014 43.500000000000007 57.500000000000007 46.500000000000007 73.500000000000014 5 6 56.500000000000007
decision_type=2 2 1 1 2 1 2 2 2 1 2 2 1 2 2 2 2 2 2 2 2 2 2 2 2 2 2 1 1 2
left_child=3 2 5 4 8 10 7 19 -1 -3 -2 22 17 -8 -4 28 29 -10 -11 -7 -21 23 -12 -5 25 -25 -26 -18 -16 -17
right_child=1 9 14 21 -6 6 13 -9 12 18 11 -13 -14 -15 15 16 27 -19 -20 20 -22 -23 -24 24 26 -27 -28 -29 -30 -31
leaf_value=0 0 2.5311411332447682e-06 0 0 0 0 0 6.8453474192043081e-11 0 0 0 9.7250838079191947e-05 1.116502645388245e-10 0.01094766558502956 0 0 0 2.9630040452518911e-06 -9.0187336698372371e-05 0 0 0 0 0 0 0 0 0 0 0
leaf_weight=14751 21334 167008 5991 99451 35277 15953 4405 51866 9898 50157 46203 14024 7355 1112 12604 4361 8895 2564 16651 3089 3026 2793 1488 18235 112351 15162 46025 20082 23875 11447
leaf_count=14751 21334 167008 5991 99451 35277 15953 4405 51866 9898 50157 46203 14024 7355 1112 12604 4361 8895 2564 16651 3089 3026 2793 1488 18235 112351 15162 46025 20082 23875 11447
internal_value=-0.0124908 -0.00506746 -0.0087763 -0.0223563 -0.0169722 -0.00633015 -0.00296781 -0.00193551 -0.00992681 -0.00110578 -0.00954532 -0.00765981 -0.00525433 -0.0168071 -0.0133319 -0.0127504 -0.0150112 -0.00938101 -0.00426906 -0.00892016 -0.0150572 -0.0236353 -0.00993741 -0.023731 -0.023073 -0.0196612 -0.0237924 -0.0126281 -0.00997492 -0.0193794
internal_weight=847433 483571 249755 363862 69845 162500 79451 73934 34568 233816 83049 61715 19817 5517 87255 81264 44785 12462 66808 22068 6115 294017 47691 291224 191773 33397 158376 28977 36479 15808
internal_count=847433 483571 249755 363862 69845 162500 79451 73934 34568 233816 83049 61715 19817 5517 87255 81264 44785 12462 66808 22068 6115 294017 47691 291224 191773 33397 158376 28977 36479 15808
cat_boundaries=0 1 2 3 4 5 6 7
cat_threshold=1 1 7355936 377087 7355908 16 2449439
is_linear=0
shrinkage=0.05


Tree=174
num_leaves=31
num_cat=6
split_feature=18 18 2 2 3 0 3 3 3 0 3 5 0 5 3 3 3 5 5 5 3 3 3 3 3 3 8 3 0 3
split_gain=24881 2823.14 1099.3 1001.07 1337.3 695.642 457.309 624.616 413.508 377.528 341.945 430.573 226.321 180.548 161.467 205.381 189.753 152.123 149.714 121.341 227.15 110.734 280.885 117.614 112.742 100.89 89.4337 80.2581 78.5814 77.92
threshold=0.1122730001807213 0.44424292445182806 0 1 80.500000000000014 2 80.500000000000014 39.500000000000007 39.500000000000007 3 41.500000000000007 1.0000000180025095e-35 4 1.0000000180025095e-35 46.500000000000007 55.500000000000007 74.500000000000014 1.0000000180025095e-35 1.0000000180025095e-35 1.0000000180025095e-35 35.500000000000007 44.500000000000007 57.500000000000007 46.500000000000007 73.500000000000014 80.500000000000014 3.4000000059604649 78.500000000000014 5 56.500000000000007
decision_type=2 2 1 1 2 1 2 2 2 1 2 2 1 2 2 2 2 2 2 2 2 2 2 2 2 2 2 2 1 2
left_child=3 2 5 4 8 10 7 19 -1 -3 -2 25 18 -8 -4 -16 29 -11 -10 28 -21 -5 23 -23 -24 -12 -18 -26 -7 -17
right_child=1 9 14 21 -6 6 13 -9 12 17 11 -13 -14 -15 15 16 26 -19 -20 20 -22 22 24 -25 27 -27 -28 -29 -30 -31
leaf_value=0 0 2.3832093962831107e-06 0 0 0 0 0 6.5030800482440921e-11 0 0 0 9.2388296175232353e-05 1.0606775131188328e-10 0.0093576301212764026 0 0 0 -8.5677969863453749e-05 2.8148538429892968e-06 0 0 0 0 0 0 0 0 0 0 0
leaf_weight=14698 21324 166927 6014 106989 35207 6347 4400 51944 9629 50276 46072 14060 7615 1100 36646 4401 20127 16567 2471 3108 3040 11156 112600 16094 10697 1467 8937 36427 9658 11460
leaf_count=14698 21324 166927 6014 106989 35207 6347 4400 51944 9629 50276 46072 14060 7615 1100 36646 4401 20127 16567 2471 3108 3040 11156 112600 16094 10697 1467 8937 36427 9658 11460
internal_value=-0.0124877 -0.00506128 -0.00875362 -0.0223712 -0.01698 -0.00632015 -0.00297995 -0.00194778 -0.0099708 -0.00111092 -0.00952486 -0.00763689 -0.0052384 -0.0168909 -0.0132691 -0.0126862 -0.0149521 -0.0042859 -0.0094839 -0.00897734 -0.014948 -0.023648 -0.0229139 -0.018222 -0.0237143 -0.00991028 -0.0125516 -0.0216609 -0.00668385 -0.0193509
internal_weight=847458 483875 250105 363583 69620 162520 79597 74097 34413 233770 82923 61599 19715 5500 87585 81571 44925 66843 12100 22153 6148 293963 186974 27250 159724 47539 29064 47124 16005 15861
internal_count=847458 483875 250105 363583 69620 162520 79597 74097 34413 233770 82923 61599 19715 5500 87585 81571 44925 66843 12100 22153 6148 293963 186974 27250 159724 47539 29064 47124 16005 15861
cat_boundaries=0 1 2 3 4 5 6
cat_threshold=1 1 7355936 377087 7355904 327703
is_linear=0
shrinkage=0.05


Tree=175
num_leaves=31
num_cat=7
split_feature=18 18 2 2 3 0 3 3 3 0 3 4 0 4 4 3 3 3 4 4 3 17 3 3 3 3 3 8 0 0
split_gain=24770.4 2830.84 1119.62 1014.74 1360.83 695.991 451.415 612.412 407.623 372.272 339.247 422.962 239.45 181.257 165.494 158.369 202.587 191.43 151.398 125.323 225.125 124.804 98.6815 97.3645 191.27 169.957 94.0908 90.6467 76.5456 74.5575
threshold=0.14271402359008792 0.44424292445182806 0 1 80.500000000000014 2 80.500000000000014 39.500000000000007 39.500000000000007 3 41.500000000000007 4.5000000000000009 4 4.5000000000000009 4.5000000000000009 46.500000000000007 55.500000000000007 74.500000000000014 4.5000000000000009 4.5000000000000009 35.500000000000007 0.07692307606339456 80.500000000000014 43.500000000000007 57.500000000000007 46.500000000000007 73.500000000000014 3.4000000059604649 5 6
decision_type=2 2 1 1 2 1 2 2 2 1 2 2 1 2 2 2 2 2 2 2 2 2 2 2 2 2 2 2 1 1
left_child=3 2 5 4 8 10 7 19 -1 -3 -2 22 18 -8 -11 -4 28 -18 -10 29 -21 23 -12 -5 25 -25 -26 -19 -17 -7
right_child=1 9 15 21 -6 6 13 -9 12 14 11 -13 -14 -15 -16 16 17 27 -20 20 -22 -23 -24 24 26 -27 -28 -29 -30 -31
leaf_value=0 0 6.4335990510203791e-07 0 0 0 0 0 6.1345939582634993e-11 0 0 0 -0.00020927617789454449 1.0076436374628912e-10 0.0083302012150346279 0.00013474196782207738 0 0 0 2.6741111508398318e-06 0 0 0 0 0 0 0 0 0 0 0
leaf_weight=14876 21238 167213 5969 99531 35425 6385 4355 51832 9651 50312 46172 14026 7693 1121 16622 12591 15789 19886 2479 3089 3044 3108 1460 18338 112442 15208 45865 8912 23833 9573
leaf_count=14876 21238 167213 5969 99531 35425 6385 4355 51832 9651 50312 46172 14026 7693 1121 16622 12591 15789 19886 2479 3089 3044 3108 1460 18338 112442 15208 45865 8912 23833 9573
internal_value=-0.0124981 -0.00507672 -0.00878498 -0.0223376 -0.0169321 -0.00633183 -0.00298486 -0.00195913 -0.00989438 -0.00112888 -0.0095361 -0.00766 -0.00519977 -0.0168371 -0.0042797 -0.0133623 -0.0127831 -0.0150431 -0.00957166 -0.00893011 -0.0150049 -0.0236248 -0.00990721 -0.0237311 -0.0230727 -0.0196432 -0.0237995 -0.0126172 -0.0100167 -0.00659544
internal_weight=848038 483422 249275 364616 70124 162295 79399 73923 34699 234147 82896 61658 19823 5476 66934 86980 81011 44587 12130 22091 6133 294492 47632 291384 191853 33546 158307 28798 36424 15958
internal_count=848038 483422 249275 364616 70124 162295 79399 73923 34699 234147 82896 61658 19823 5476 66934 86980 81011 44587 12130 22091 6133 294492 47632 291384 191853 33546 158307 28798 36424 15958
cat_boundaries=0 1 2 3 4 5 6 7
cat_threshold=1 1 7355936 377087 7355904 2449439 327703
is_linear=0
shrinkage=0.05


Tree=176
num_leaves=31
num_cat=6
split_feature=18 18 2 2 3 0 3 3 3 0 3 4 0 4 3 3 3 4 4 4 3 3 3 3 3 3 8 3 0 3
split_gain=24823.2 2796.22 1105.43 996.141 1339.92 708.549 456.262 605.241 408.809 376.137 351.96 419.617 227.896 188.517 162.175 205.18 191.063 155.31 154.108 125.382 218.047 113.258 205.851 185.149 118.754 101.804 88.2556 82.9153 79.2632 77.439
threshold=0.14271402359008792 0.44424292445182806 0 1 80.500000000000014 2 80.500000000000014 39.500000000000007 39.500000000000007 3 41.500000000000007 4.5000000000000009 4 4.5000000000000009 46.500000000000007 55.500000000000007 74.500000000000014 4.5000000000000009 4.5000000000000009 4.5000000000000009 35.500000000000007 43.500000000000007 57.500000000000007 46.500000000000007 73.500000000000014 80.500000000000014 3.4000000059604649 84.500000000000014 5 56.500000000000007
decision_type=2 2 1 1 2 1 2 2 2 1 2 2 1 2 2 2 2 2 2 2 2 2 2 2 2 2 2 2 1 2
left_child=3 2 5 4 8 10 7 19 -1 -3 -2 25 17 -8 -4 28 29 -10 -11 -7 -21 -5 23 -23 -24 -12 -18 -26 -16 -17
right_child=1 9 14 21 -6 6 13 -9 12 18 11 -13 -14 -15 15 16 26 -19 -20 20 -22 22 24 -25 27 -27 -28 -29 -30 -31
leaf_value=0 0 6.1119036713522295e-07 0 0 0 0 0 5.8752164172446064e-11 0 0 0 -0.00021315633199502253 9.4178322958922482e-11 0.0092034289576182707 0 0 0 2.5404055932978402e-06 -8.8131169761384936e-05 0 0 0 0 0 0 0 0 0 0 0
leaf_weight=14897 21298 166916 5970 99540 35356 15895 4386 51922 9682 50225 46183 14043 7644 1128 12589 4418 19785 2446 16533 3038 3021 18735 112505 16231 30500 1476 8855 16856 23831 11408
leaf_count=14897 21298 166916 5970 99540 35356 15895 4386 51922 9682 50225 46183 14043 7644 1128 12589 4418 19785 2446 16533 3038 3021 18735 112505 16231 30500 1476 8855 16856 23831 11408
internal_value=-0.0125007 -0.00506668 -0.00875059 -0.0223529 -0.0169929 -0.00631535 -0.00293703 -0.00190184 -0.0100082 -0.00113727 -0.00954524 -0.00763346 -0.00529537 -0.0168118 -0.0133036 -0.0127167 -0.0149957 -0.00955264 -0.00430895 -0.00886171 -0.0149818 -0.0236279 -0.0229269 -0.0194518 -0.023687 -0.00987169 -0.0125594 -0.0215865 -0.0099341 -0.0194048
internal_weight=847312 482920 249246 364392 70025 162390 79390 73876 34669 233674 83000 61702 19772 5514 86856 80886 44466 12128 66758 21954 6059 294367 194827 34966 159861 47659 28640 47356 36420 15826
internal_count=847312 482920 249246 364392 70025 162390 79390 73876 34669 233674 83000 61702 19772 5514 86856 80886 44466 12128 66758 21954 6059 294367 194827 34966 159861 47659 28640 47356 36420 15826
cat_boundaries=0 1 2 3 4 5 6
cat_threshold=1 1 7355936 377087 7355904 2449439
is_linear=0
shrinkage=0.05


Tree=177
num_leaves=31
num_cat=6
split_feature=18 18 2 2 3 3 3 1 3 4 1 4 1 3 3 3 1 4 4 3 17 4 3 3 3 3 8 3 3 3
split_gain=24831.1 2827 1130.64 1003.4 1345.36 621.002 515.239 407.217 407.007 352.885 288.438 217.435 166.586 157.079 204.955 192.541 144.833 133.27 125.211 226.816 123.967 117.415 96.584 189.311 174.99 94.0819 90.505 73.5222 72.9292 58.5985
threshold=0.14271402359008792 0.44424292445182806 0 1 80.500000000000014 39.500000000000007 80.500000000000014 2 39.500000000000007 4.5000000000000009 3 4.5000000000000009 4 46.500000000000007 55.500000000000007 74.500000000000014 5 4.5000000000000009 4.5000000000000009 35.500000000000007 0.07692307606339456 4.5000000000000009 43.500000000000007 57.500000000000007 46.500000000000007 73.500000000000014 3.4000000059604649 56.500000000000007 78.500000000000014 45.500000000000007
decision_type=2 2 1 1 2 2 2 1 2 2 1 2 1 2 2 2 1 2 2 2 2 2 2 2 2 2 2 2 2 2
left_child=3 2 5 4 8 12 7 -7 -1 29 -3 -8 18 -4 -15 27 -10 -18 -2 -20 22 -12 -5 24 -24 -25 -17 -16 -27 -9
right_child=1 10 13 20 -6 6 11 9 16 -11 21 -13 -14 14 15 26 17 -19 19 -21 -22 -23 23 25 -26 28 -28 -29 -30 -31
leaf_value=0 0 5.7643497038043268e-07 0 0 0 -1.0483430391926613e-10 0 0 9.1017229411028563e-11 0.00010889050686094908 0 -0.0010599853161371259 0 0 0 0 0 2.4133853136329484e-06 0 0 0 -0.00013658996839981764 0 0 0 0 0 0 0 0
leaf_weight=14808 15412 162118 5959 99440 35300 47683 5849 10602 6379 16197 53252 1471 17464 36430 4389 19914 10613 2785 3056 2828 3111 18521 18293 112370 15125 10187 8891 11415 35736 41949
leaf_count=14808 15412 162118 5959 99440 35300 47683 5849 10602 6379 16197 53252 1471 17464 36430 4389 19914 10613 2785 3056 2828 3111 18521 18293 112370 15125 10187 8891 11415 35736 41949
internal_value=-0.0124898 -0.00506185 -0.00876391 -0.0223504 -0.0169647 -0.00630127 -0.00457148 -0.00376253 -0.00995591 -0.00622473 -0.00111259 -0.0174385 -0.011824 -0.0133641 -0.012788 -0.0150603 -0.00526243 -0.00821152 -0.00884023 -0.0150493 -0.0236295 -0.00375124 -0.0237355 -0.0230797 -0.0196601 -0.0238016 -0.0126271 -0.0194951 -0.0218948 -0.0082144
internal_weight=847547 483400 249509 364147 69885 162511 123751 116431 34585 68748 233891 7320 38760 86998 81039 44609 19777 13398 21296 5884 294262 71773 291151 191711 33418 158293 28805 15804 45923 52551
internal_count=847547 483400 249509 364147 69885 162511 123751 116431 34585 68748 233891 7320 38760 86998 81039 44609 19777 13398 21296 5884 294262 71773 291151 191711 33418 158293 28805 15804 45923 52551
cat_boundaries=0 1 2 3 4 5 6
cat_threshold=1 1 3 3 3 3
is_linear=0
shrinkage=0.05


Tree=178
num_leaves=31
num_cat=7
split_feature=18 18 2 2 3 0 3 3 3 0 3 5 0 5 3 3 3 5 5 5 3 3 3 3 3 3 8 3 0 0
split_gain=24840.7 2857.81 1121.16 1006.37 1343.16 714.383 466.234 623.341 415.239 373.672 337.351 362.262 230.307 185.244 157.295 195.966 192.847 154.4 139.305 128.816 216.666 109.898 272.681 115.53 114.429 108.452 88.5989 81.387 76.6437 75.4324
threshold=0.1122730001807213 0.44424292445182806 0 1 80.500000000000014 2 80.500000000000014 39.500000000000007 39.500000000000007 3 43.500000000000007 1.0000000180025095e-35 4 1.0000000180025095e-35 46.500000000000007 55.500000000000007 74.500000000000014 1.0000000180025095e-35 1.0000000180025095e-35 1.0000000180025095e-35 35.500000000000007 44.500000000000007 57.500000000000007 46.500000000000007 73.500000000000014 80.500000000000014 3.4000000059604649 78.500000000000014 5 6
decision_type=2 2 1 1 2 1 2 2 2 1 2 2 1 2 2 2 2 2 2 2 2 2 2 2 2 2 2 2 1 1
left_child=3 2 5 4 8 10 7 19 -1 -3 -2 25 18 -8 -4 29 -17 28 -10 -7 -21 -5 23 -23 -24 -12 -18 -26 -11 -16
right_child=1 9 14 21 -6 6 13 -9 12 17 11 -13 -14 -15 15 16 26 -19 -20 20 -22 22 24 -25 27 -27 -28 -29 -30 -31
leaf_value=0 0 2.2440707734559307e-06 0 0 0 0 0 6.1056271159787067e-11 0 0 0 -0.00021623808295329874 8.6466367940477127e-11 0.0080203664688366424 0 0 0 -7.6895112853324804e-05 2.292716047951301e-06 0 0 0 0 0 0 0 0 0 0 0
leaf_weight=14697 25839 167044 6019 106988 35295 16016 4438 52038 9624 29075 42940 12887 7698 1123 12661 15751 20091 16655 2451 3076 3040 11155 112635 16045 10685 1494 8947 36316 21137 23995
leaf_count=14697 25839 167044 6019 106988 35295 16016 4438 52038 9624 29075 42940 12887 7698 1123 12661 15751 20091 16655 2451 3076 3040 11155 112635 16045 10685 1494 8947 36316 21137 23995
internal_value=-0.0124908 -0.0050751 -0.00878782 -0.0223679 -0.0169695 -0.00633599 -0.002953 -0.00190643 -0.00994923 -0.00110138 -0.00957797 -0.00744099 -0.00521797 -0.0169169 -0.0133541 -0.0127776 -0.0149964 -0.00425969 -0.00952213 -0.00893503 -0.0151079 -0.0236497 -0.022918 -0.0182904 -0.0237064 -0.00958163 -0.0125801 -0.0216341 -0.00564407 -0.0100666
internal_weight=847855 484266 250355 363589 69765 162891 79731 74170 34470 233911 83160 57321 19773 5561 87464 81445 44789 66867 12075 22132 6116 293824 186836 27200 159636 44434 29038 47001 50212 36656
internal_count=847855 484266 250355 363589 69765 162891 79731 74170 34470 233911 83160 57321 19773 5561 87464 81445 44789 66867 12075 22132 6116 293824 186836 27200 159636 44434 29038 47001 50212 36656
cat_boundaries=0 1 2 3 4 5 6 7
cat_threshold=1 1 7355936 377087 7355904 2760960 2449439
is_linear=0
shrinkage=0.05


Tree=179
num_leaves=31
num_cat=7
split_feature=18 18 2 2 3 0 3 3 3 0 3 5 0 5 3 3 3 5 5 5 3 17 3 3 3 3 3 8 0 0
split_gain=24785.9 2807.78 1117.63 1014.9 1367.66 696.387 455.427 615.865 406.15 367.606 339.379 365.815 227.527 189.393 159.796 204.152 188.151 152.327 145.837 121.337 222.946 117.637 110.063 98.0274 191.998 170.928 93.8288 88.7237 81.4513 79.0856
threshold=0.14271402359008792 0.44424292445182806 0 1 80.500000000000014 2 80.500000000000014 39.500000000000007 39.500000000000007 3 43.500000000000007 1.0000000180025095e-35 4 1.0000000180025095e-35 46.500000000000007 55.500000000000007 74.500000000000014 1.0000000180025095e-35 1.0000000180025095e-35 1.0000000180025095e-35 35.500000000000007 0.07692307606339456 80.500000000000014 43.500000000000007 57.500000000000007 46.500000000000007 73.500000000000014 3.4000000059604649 5 6
decision_type=2 2 1 1 2 1 2 2 2 1 2 2 1 2 2 2 2 2 2 2 2 2 2 2 2 2 2 2 1 1
left_child=3 2 5 4 8 10 7 19 -1 -3 -2 22 18 -8 -4 28 -17 -11 -10 29 -21 23 -12 -5 25 -25 -26 -18 -16 -7
right_child=1 9 14 21 -6 6 13 -9 12 17 11 -13 -14 -15 15 16 27 -19 -20 20 -22 -23 -24 24 26 -27 -28 -29 -30 -31
leaf_value=0 0 4.3540968318861451e-07 0 0 0 0 0 5.7963256908538794e-11 0 0 0 0.00011425788566556658 8.2143049543453264e-11 0.0084269114084096607 0 0 0 -7.3050357210658568e-05 2.1780802455537357e-06 0 0 0 0 0 0 0 0 0 0 0
leaf_weight=14798 25642 166920 5921 99592 35205 6407 4404 51921 9703 50199 42872 12849 7707 1121 12594 15761 19895 16558 2449 3057 3025 3084 1473 18286 112210 15222 46084 8905 23917 9570
leaf_count=14798 25642 166920 5921 99592 35205 6407 4404 51921 9703 50199 42872 12849 7707 1121 12594 15761 19895 16558 2449 3057 3025 3084 1473 18286 112210 15222 46084 8905 23917 9570
internal_value=-0.012493 -0.00506598 -0.00875653 -0.0223392 -0.0169212 -0.00630602 -0.00296202 -0.00192822 -0.0098703 -0.00112816 -0.00951404 -0.00737228 -0.0051979 -0.01681 -0.0133295 -0.0127504 -0.0150215 -0.00426371 -0.00945568 -0.0089272 -0.0149375 -0.0236245 -0.00952475 -0.0237273 -0.0230665 -0.0196281 -0.0237943 -0.0126181 -0.0099785 -0.00663923
internal_weight=847351 483011 249334 364340 69862 162341 79505 73980 34657 233677 82836 57194 19859 5525 86993 81072 44561 66757 12152 22059 6082 294478 44345 291394 191802 33508 158294 28800 36511 15977
internal_count=847351 483011 249334 364340 69862 162341 79505 73980 34657 233677 82836 57194 19859 5525 86993 81072 44561 66757 12152 22059 6082 294478 44345 291394 191802 33508 158294 28800 36511 15977
cat_boundaries=0 1 2 3 4 5 6 7
cat_threshold=1 1 7355936 377087 7355904 2449439 327703
is_linear=0
shrinkage=0.05


Tree=180
num_leaves=31
num_cat=9
split_feature=18 18 2 2 0 7 0 4 4 18 7 8 7 0 19 19 19 17 7 6 7 7 8 4 13 17 0 0 0 7
split_gain=24769.1 2823.4 1117.57 1003.94 712.757 549.329 376.976 313.073 152.601 152.594 150.216 306.886 297.485 160.774 129.373 127.828 125.61 124.421 123.799 118.307 283.135 108.523 137.53 103.212 141.486 90.1335 86.7481 86.5273 80.5243 73.5158
threshold=0.13445998728275302 0.44424292445182806 0 1 2 27.10000038146973 3 4.5000000000000009 4.5000000000000009 0.28571933507919317 28.69999980926514 3.4000000059604649 21.500000000000004 4 1.005101263523102 0.99999997019767772 1.0997642278671267 0.07692307606339456 30.10000038146973 5 25.10000038146973 21.500000000000004 3.4000000059604649 4.5000000000000009 0.98038461804389965 0.14570175111293796 6 7 8 28.899999618530277
decision_type=2 2 1 1 1 2 1 2 2 2 2 2 2 1 2 2 2 2 2 1 2 2 2 2 2 2 1 1 1 2
left_child=3 2 4 5 7 19 -3 18 28 -4 11 16 -13 23 15 -9 25 -5 -2 20 21 -1 -23 24 27 -6 -7 -14 -8 -17
right_child=1 6 9 17 10 26 8 14 -10 -11 -12 12 13 -15 -16 29 -18 -19 -20 -21 -22 22 -24 -25 -26 -27 -28 -29 -30 -31
leaf_value=0 0 4.1783662013892601e-07 0 0 0 0 0 0 -6.9397839350125644e-05 0 2.3564894631990839e-06 0 6.2140086957061465e-11 -8.9863754061960477e-11 0.0002331310802362784 0 -3.82844551221827e-12 0 0 0 0 0 0 -5.2839016191810714e-12 6.8818703288037184e-11 0 0 -0.0012191872665698702 0 -0.014977993644617937
leaf_weight=13450 42142 167019 67358 291235 20905 6491 29052 5797 16613 19735 27478 3672 818 7299 9118 3767 4969 3062 21146 19954 5460 9721 3123 1857 3254 7729 11690 1581 21071 1095
leaf_count=13450 42142 167019 67358 291235 20905 6491 29052 5797 16613 19735 27478 3672 818 7299 9118 3767 4969 3062 21146 19954 5460 9721 3123 1857 3254 7729 11690 1581 21071 1095
internal_value=-0.0125015 -0.00508346 -0.00878023 -0.0223493 -0.00633244 -0.0169623 -0.0011342 -0.00957177 -0.00431037 -0.013351 -0.0029489 -0.0045273 0.000647963 0.00380681 -0.00408176 -0.00782203 -0.0073736 -0.0236286 -0.0112889 -0.0195908 -0.0176631 -0.0198201 -0.016533 0.00893617 0.0123076 -0.00864706 -0.00948655 0.00309504 -0.00568751 -0.0138009
internal_weight=847661 483475 249720 364186 162627 69889 233755 83065 66736 87093 79562 52084 18481 14809 19777 10659 33603 294297 63288 51708 31754 26294 12844 7510 5653 28634 18181 2399 50123 4862
internal_count=847661 483475 249720 364186 162627 69889 233755 83065 66736 87093 79562 52084 18481 14809 19777 10659 33603 294297 63288 51708 31754 26294 12844 7510 5653 28634 18181 2399 50123 4862
cat_boundaries=0 1 2 3 4 5 6 7 8 9
cat_threshold=1 1 7355936 377087 147920 28 967119 16656 2760960
is_linear=0
shrinkage=0.05


Tree=181
num_leaves=31
num_cat=7
split_feature=18 18 2 2 3 0 3 3 3 0 3 4 0 4 3 3 7 4 4 4 3 17 3 3 3 3 3 3 0 0
split_gain=24850.7 2819.79 1140.82 1001.55 1345.7 712.469 454.51 602.897 406.41 376.956 338.145 353.728 229.672 191.649 159.959 193.572 183.403 153.059 150.286 122.873 233.342 121.31 107.443 95.8892 190.887 173.731 93.6433 85.9183 80.5814 80.4187
threshold=0.13445998728275302 0.44424292445182806 0 1 80.500000000000014 2 80.500000000000014 39.500000000000007 39.500000000000007 3 43.500000000000007 4.5000000000000009 4 4.5000000000000009 46.500000000000007 55.500000000000007 22.800000190734867 4.5000000000000009 4.5000000000000009 4.5000000000000009 35.500000000000007 0.07692307606339456 80.500000000000014 43.500000000000007 57.500000000000007 46.500000000000007 73.500000000000014 74.500000000000014 5 6
decision_type=2 2 1 1 2 1 2 2 2 1 2 2 1 2 2 2 2 2 2 2 2 2 2 2 2 2 2 2 1 1
left_child=3 2 5 4 8 10 7 19 -1 -3 -2 22 17 -8 -4 28 -17 -10 -11 29 -21 23 -12 -5 25 -25 -26 -18 -16 -7
right_child=1 9 14 21 -6 6 13 -9 12 18 11 -13 -14 -15 15 16 27 -19 -20 20 -22 -23 -24 24 26 -27 -28 -29 -30 -31
leaf_value=0 0 1.4635350453873209e-06 0 0 0 0 0 5.1664359591968931e-11 0 0 0 -0.00029237296657489922 7.8035897066280612e-11 0.0084028839989172856 0 0 0 2.069176233276049e-06 -6.5927947382619356e-05 0 0 0 0 0 0 0 0 0 0 0
leaf_weight=14772 25643 167171 5970 99330 35360 6386 4379 51949 9894 50256 42975 12977 7302 1118 12542 8587 15718 2540 16595 3095 3036 3055 1495 18277 112356 15151 46017 20320 23792 9611
leaf_count=14772 25643 167171 5970 99330 35360 6386 4379 51949 9894 50256 42975 12977 7302 1118 12542 8587 15718 2540 16595 3095 3036 3055 1495 18277 112356 15151 46017 20320 23792 9611
internal_value=-0.0124898 -0.00506203 -0.00875896 -0.022357 -0.0169756 -0.00628781 -0.00290511 -0.00187609 -0.00995132 -0.00111913 -0.00952587 -0.00739595 -0.00525689 -0.0167773 -0.013383 -0.0128006 -0.0150067 -0.00938605 -0.00429211 -0.00878751 -0.0148059 -0.023635 -0.0095154 -0.0237391 -0.023086 -0.0196527 -0.0238107 -0.0165714 -0.0100911 -0.0064809
internal_weight=847669 483615 249593 364054 69868 162664 79574 74077 34508 234022 83090 57447 19736 5497 86929 80959 44625 12434 66851 22128 6131 294186 44470 291131 191801 33428 158373 36038 36334 15997
internal_count=847669 483615 249593 364054 69868 162664 79574 74077 34508 234022 83090 57447 19736 5497 86929 80959 44625 12434 66851 22128 6131 294186 44470 291131 191801 33428 158373 36038 36334 15997
cat_boundaries=0 1 2 3 4 5 6 7
cat_threshold=1 1 7355936 377087 7355908 2449439 327703
is_linear=0
shrinkage=0.05


Tree=182
num_leaves=31
num_cat=7
split_feature=18 18 2 2 3 0 3 3 3 0 3 4 0 4 4 3 3 3 4 4 3 17 3 3 3 3 3 8 0 0
split_gain=24865.7 2818.15 1129.71 994.78 1336.94 697.088 472.636 584.795 413.405 365.523 342.628 427.212 224.801 187.033 160.379 159.708 196.536 187.798 145.864 128.152 230.452 116.494 101.427 96.8936 194.342 175.706 93.0436 87.9863 79.6143 78.0568
threshold=0.12503665685653689 0.44424292445182806 0 1 80.500000000000014 2 80.500000000000014 39.500000000000007 39.500000000000007 3 41.500000000000007 4.5000000000000009 4 4.5000000000000009 4.5000000000000009 46.500000000000007 55.500000000000007 74.500000000000014 4.5000000000000009 4.5000000000000009 35.500000000000007 0.07692307606339456 80.500000000000014 43.500000000000007 57.500000000000007 46.500000000000007 73.500000000000014 3.4000000059604649 5 6
decision_type=2 2 1 1 2 1 2 2 2 1 2 2 1 2 2 2 2 2 2 2 2 2 2 2 2 2 2 2 1 1
left_child=3 2 5 4 8 10 7 19 -1 -3 -2 22 18 -8 -11 -4 28 -18 -10 29 -21 23 -12 -5 25 -25 -26 -19 -17 -7
right_child=1 9 15 21 -6 6 13 -9 12 14 11 -13 -14 -15 -16 16 17 27 -20 20 -22 -23 -24 24 26 -27 -28 -29 -30 -31
leaf_value=0 0 3.2376803686261371e-07 0 0 0 0 0 4.8607620043427664e-11 0 0 0 4.2646524960452385e-05 7.4134102212966576e-11 0.0068692581823201933 0.00011329295790339368 0 0 0 1.9657174216122465e-06 0 0 0 0 0 0 0 0 0 0 0
leaf_weight=14757 21252 166888 5946 99457 35239 6393 4449 51977 9628 50287 46208 14056 7649 1119 16571 12546 15778 19971 2453 3084 3020 2927 1489 18291 112367 15170 46028 8944 23892 9626
leaf_count=14757 21252 166888 5946 99457 35239 6393 4449 51977 9628 50287 46208 14056 7649 1119 16571 12546 15778 19971 2453 3084 3020 2927 1489 18291 112367 15170 46028 8944 23892 9626
internal_value=-0.0124899 -0.00505899 -0.00875195 -0.0223613 -0.0169915 -0.00629161 -0.00294937 -0.00189406 -0.0099929 -0.00111317 -0.00949798 -0.00761461 -0.00525849 -0.0169989 -0.00423671 -0.0133482 -0.0127685 -0.0149906 -0.00950087 -0.00870248 -0.0148673 -0.0236338 -0.00987221 -0.0237335 -0.0230769 -0.0196146 -0.0238084 -0.0125964 -0.0100431 -0.00635339
internal_weight=847462 483496 249750 363966 69726 162673 79668 74100 34487 233746 83005 61753 19730 5568 66858 87077 81131 44693 12081 22123 6104 294240 47697 291313 191856 33461 158395 28915 36438 16019
internal_count=847462 483496 249750 363966 69726 162673 79668 74100 34487 233746 83005 61753 19730 5568 66858 87077 81131 44693 12081 22123 6104 294240 47697 291313 191856 33461 158395 28915 36438 16019
cat_boundaries=0 1 2 3 4 5 6 7
cat_threshold=1 1 7355936 377087 7355904 2449439 327703
is_linear=0
shrinkage=0.05


Tree=183
num_leaves=31
num_cat=3
split_feature=2 3 17 16 3 1 4 1 3 3 3 3 17 3 7 8 4 3 3 3 4 3 21 8 3 4 3 4 7 21
split_gain=16137 5510.56 3626.07 1705.32 1448.57 910.537 628.672 585.049 559.923 1408.25 489.728 272.895 264.96 252.023 268.341 175.299 148.071 254.597 125.079 115.607 93.9548 93.3304 112.781 92.5772 90.0138 87.3252 84.1587 74.0754 66.4934 61.2248
threshold=0 80.500000000000014 0.15384615212678912 0.18065268546342853 39.500000000000007 1 4.5000000000000009 2 45.500000000000007 56.500000000000007 73.500000000000014 47.500000000000007 0.18301435559988025 84.500000000000014 22.300000190734867 3.4000000059604649 4.5000000000000009 36.500000000000007 45.500000000000007 81.500000000000014 5.5000000000000009 78.500000000000014 4.1888229846954355 3.4000000059604649 74.500000000000014 4.5000000000000009 63.500000000000007 4.5000000000000009 25.899999618530277 4.1608099937438974
decision_type=1 2 2 2 2 1 2 1 2 2 2 2 2 2 2 2 2 2 2 2 2 2 2 2 2 2 2 2 2 2
left_child=1 4 3 8 7 20 18 16 -2 11 -11 27 19 14 -12 -4 -1 -18 -7 25 29 24 -23 -5 -16 -3 -20 -10 -13 -6
right_child=2 12 15 23 5 6 -8 -9 9 10 13 28 -14 -15 21 -17 17 -19 26 -21 -22 22 -24 -25 -26 -27 -28 -29 -30 -31
leaf_value=0 0 0 0 0 0.00022057028946739776 0 0.00012103131346301059 0 0 0 0 0 0 0 0 0 0 0 0 0 0.010697659622278971 0 0 0 0 -0.0014976715184283782 0 0 0 -1.6716213110806428e-05
leaf_weight=27052 115215 4834 30859 16578 43361 16400 33295 28294 8082 122682 7817 5462 1739 17822 6165 17197 6516 3915 46940 36848 16854 18587 3585 8641 13442 729 40919 3940 27362 115992
leaf_count=27052 115215 4834 30859 16578 43361 16400 33295 28294 8082 122682 7817 5462 1739 17822 6165 17197 6516 3915 46940 36848 16854 18587 3585 8641 13442 729 40919 3940 27362 115992
internal_value=-0.0124858 -0.00558689 -0.0193888 -0.0210443 -0.00364206 -0.00222773 -0.00527609 -0.0103885 -0.0219487 -0.0205486 -0.0224287 -0.0125786 -0.0223058 -0.0190053 -0.0171728 -0.00645705 -0.00628584 -0.0113484 -0.00718667 -0.0230901 0.000152227 -0.0187636 -0.0209859 -0.00848666 -0.0162506 -0.0163716 -0.00643844 -0.0190235 -0.0102181 -0.000223247
internal_weight=847124 423688 423436 375380 379538 313761 137554 65777 350161 234946 190100 44846 44150 67418 49596 48056 37483 10431 104259 42411 176207 41779 22172 25219 19607 5563 87859 12022 32824 159353
internal_count=847124 423688 423436 375380 379538 313761 137554 65777 350161 234946 190100 44846 44150 67418 49596 48056 37483 10431 104259 42411 176207 41779 22172 25219 19607 5563 87859 12022 32824 159353
cat_boundaries=0 1 2 3
cat_threshold=1 3 3
is_linear=0
shrinkage=0.05


Tree=184
num_leaves=31
num_cat=8
split_feature=18 18 2 2 3 0 3 3 0 3 3 4 0 4 3 3 3 4 4 3 3 3 3 3 3 8 3 0 0 0
split_gain=25095.7 2679.86 1225.27 949.055 1284.58 812.886 497.879 688.972 371.561 354.587 350.535 354.667 287.21 190.245 160.069 196.583 193.382 159.003 125.534 231.256 110.831 203.834 188.536 114.97 107.932 87.319 81.5086 79.9259 79.785 74.6753
threshold=0.1122730001807213 0.44424292445182806 0 1 80.500000000000014 2 80.500000000000014 39.500000000000007 3 39.500000000000007 43.500000000000007 4.5000000000000009 4 4.5000000000000009 46.500000000000007 55.500000000000007 74.500000000000014 4.5000000000000009 4.5000000000000009 35.500000000000007 43.500000000000007 57.500000000000007 46.500000000000007 73.500000000000014 80.500000000000014 3.4000000059604649 78.500000000000014 5 6 7
decision_type=2 2 1 1 2 1 2 2 1 2 2 2 1 2 2 2 2 2 2 2 2 2 2 2 2 2 2 1 1 1
left_child=3 2 5 4 9 10 7 18 -3 -1 -2 24 -11 -8 -4 28 -17 29 27 -20 -5 22 -22 -23 -12 -18 -25 -7 -16 -10
right_child=1 8 14 20 -6 6 13 -9 17 12 11 -13 -14 -15 15 16 25 -19 19 -21 21 23 -24 26 -26 -27 -28 -29 -30 -31
leaf_value=0 0 1.1391928694500622e-06 0 0 0 0 0 8.3569715706736375e-07 0 0 0 -9.1774781839163905e-05 8.3561888426449884e-07 0.0071786128165041707 0 0 0 -6.8296197908658074e-05 0 0 0 0 0 0 0 0 0 0 0 0
leaf_weight=14671 25686 166973 6014 99535 35247 6366 4397 51937 28966 12078 42958 12832 7642 1123 12552 15904 20091 16590 3080 3035 18624 112720 16042 10739 1478 8960 36464 9597 23941 21175
leaf_count=14671 25686 166973 6014 99535 35247 6366 4397 51937 28966 12078 42958 12832 7642 1123 12552 15904 20091 16590 3080 3035 18624 112720 16042 10739 1478 8960 36464 9597 23941 21175
internal_value=-0.0124787 -0.00501654 -0.00861539 -0.0224002 -0.0171516 -0.00604702 -0.00243416 -0.00135412 -0.0011675 -0.0102767 -0.00950955 -0.00733394 -0.00589757 -0.0169203 -0.013387 -0.0128057 -0.0150189 -0.00432081 -0.00875306 -0.0148446 -0.0236429 -0.0229488 -0.019473 -0.0237022 -0.00944842 -0.0125925 -0.0216305 -0.00641953 -0.0100793 -0.00572535
internal_weight=847417 483655 249951 363762 69638 162489 79535 74015 233704 34391 82954 57268 19720 5520 87462 81448 44955 66731 22078 6115 294124 194589 34666 159923 44436 29051 47203 15963 36493 50141
internal_count=847417 483655 249951 363762 69638 162489 79535 74015 233704 34391 82954 57268 19720 5520 87462 81448 44955 66731 22078 6115 294124 194589 34666 159923 44436 29051 47203 15963 36493 50141
cat_boundaries=0 1 2 3 4 5 6 7 8
cat_threshold=1 1 7355936 377087 7355904 327703 2449439 2760960
is_linear=0
shrinkage=0.05


Tree=185
num_leaves=31
num_cat=7
split_feature=18 18 2 2 3 0 3 3 0 3 4 3 0 4 3 3 7 4 4 3 17 3 3 3 3 3 3 0 0 3
split_gain=24884.2 2818.91 1126.7 906.874 1230.94 697.408 457.654 590.21 370.163 337.527 354.532 326.666 260.303 195.437 160.309 206.6 184.988 157.182 124.861 233.665 114.882 110.736 97.9717 197.067 176.754 93.2541 86.3167 79.1213 76.1557 75.6836
threshold=0.12503665685653689 0.44424292445182806 0 1 80.500000000000014 2 80.500000000000014 39.500000000000007 3 43.500000000000007 4.5000000000000009 39.500000000000007 4 4.5000000000000009 46.500000000000007 55.500000000000007 22.800000190734867 4.5000000000000009 4.5000000000000009 35.500000000000007 0.07692307606339456 80.500000000000014 43.500000000000007 57.500000000000007 46.500000000000007 73.500000000000014 74.500000000000014 5 6 56.500000000000007
decision_type=2 2 1 1 2 1 2 2 1 2 2 2 1 2 2 2 2 2 2 2 2 2 2 2 2 2 2 1 1 2
left_child=3 2 5 4 11 9 7 18 -3 -2 21 -1 -13 -8 -4 28 -17 -10 27 -20 22 -11 -5 24 -24 -25 29 -7 -16 -18
right_child=1 8 14 20 -6 6 13 -9 17 10 -12 12 -14 -15 15 16 26 -19 19 -21 -22 -23 23 25 -26 -27 -28 -29 -30 -31
leaf_value=0 0 1.0822332259775589e-06 0 0 0 0 0 7.9391503940485947e-07 0 0 -0.00022764874761527232 0 7.9383794005127388e-07 0.0082548578151807935 0 0 0 -6.4881388013225178e-05 0 0 0 0 0 0 0 0 0 0 0 0
leaf_weight=14697 25742 166970 5930 99409 35354 6384 4438 51897 50181 43189 12806 12097 7668 1117 12574 8506 4370 16632 3110 3055 2932 1495 18303 112462 15195 46017 20314 9573 24012 11416
leaf_count=14697 25742 166970 5930 99409 35354 6384 4438 51897 50181 43189 12806 12097 7668 1117 12574 8506 4370 16632 3110 3055 2932 1495 18303 112462 15195 46017 20314 9573 24012 11416
internal_value=-0.0125388 -0.00510672 -0.00879833 -0.0224115 -0.0172883 -0.00634252 -0.00299432 -0.00195592 -0.00116016 -0.00954206 -0.00741259 -0.0105638 -0.00636605 -0.0168362 -0.0133875 -0.0128079 -0.0150921 -0.00430503 -0.00879441 -0.0148378 -0.0236268 -0.00951459 -0.0237259 -0.0230662 -0.0195818 -0.0238027 -0.0166551 -0.00645955 -0.010023 -0.0194286
internal_weight=847845 483711 249928 364134 69816 162806 79574 74019 233783 83232 57490 34462 19765 5555 87122 81192 44606 66813 22122 6165 294318 44684 291386 191977 33498 158479 36100 15957 36586 15786
internal_count=847845 483711 249928 364134 69816 162806 79574 74019 233783 83232 57490 34462 19765 5555 87122 81192 44606 66813 22122 6165 294318 44684 291386 191977 33498 158479 36100 15957 36586 15786
cat_boundaries=0 1 2 3 4 5 6 7
cat_threshold=1 1 7355936 377087 7355904 327703 2449439
is_linear=0
shrinkage=0.05


Tree=186
num_leaves=31
num_cat=6
split_feature=18 18 2 2 3 0 3 3 0 3 4 3 0 4 3 3 3 4 4 3 3 3 3 3 3 8 3 0 3 3
split_gain=24906.9 2794.13 1124.38 925.112 1243.84 698.914 457.803 592.767 366.383 344.556 355.669 337.291 262.004 188.909 162.319 203.663 181.391 152.389 129.369 227.049 111.294 201.63 186.595 117.513 109.88 89.0469 83.4782 80.8131 79.6968 76.8758
threshold=0.14271402359008792 0.44424292445182806 0 1 80.500000000000014 2 80.500000000000014 39.500000000000007 3 43.500000000000007 4.5000000000000009 39.500000000000007 4 4.5000000000000009 46.500000000000007 55.500000000000007 74.500000000000014 4.5000000000000009 4.5000000000000009 35.500000000000007 43.500000000000007 57.500000000000007 46.500000000000007 73.500000000000014 80.500000000000014 3.4000000059604649 84.500000000000014 5 56.500000000000007 45.500000000000007
decision_type=2 2 1 1 2 1 2 2 1 2 2 2 1 2 2 2 2 2 2 2 2 2 2 2 2 2 2 1 2 2
left_child=3 2 5 4 11 9 7 18 -3 -2 24 -1 -13 -8 -4 -16 28 29 27 -20 -5 22 -22 -23 -11 -18 -25 -7 -17 -10
right_child=1 8 14 20 -6 6 13 -9 17 10 -12 12 -14 -15 15 16 25 -19 19 -21 21 23 -24 26 -26 -27 -28 -29 -30 -31
leaf_value=0 0 1.0281215646786809e-06 0 0 0 0 0 7.5421928743461652e-07 0 0 -0.00018873314020861852 0 7.5414604304871028e-07 0.0064702851975344811 0 0 0 -6.163731861256391e-05 0 0 0 0 0 0 0 0 0 0 0 0
leaf_weight=14830 25636 166901 6000 99437 35393 6398 4376 51896 5203 42970 12871 12134 7712 1099 36490 4361 19888 16589 3095 3016 18707 112638 16188 30437 1483 8849 16874 9552 11381 45078
leaf_count=14830 25636 166901 6000 99437 35393 6398 4376 51896 5203 42970 12871 12134 7712 1099 36490 4361 19888 16589 3095 3016 18707 112638 16188 30437 1483 8849 16874 9552 11381 45078
internal_value=-0.012539 -0.00509529 -0.00877693 -0.0224095 -0.0172462 -0.00631989 -0.00296632 -0.00193389 -0.00116813 -0.00952935 -0.00737562 -0.0105159 -0.00625315 -0.0169178 -0.0133648 -0.0127768 -0.0150481 -0.00429501 -0.00879947 -0.0149853 -0.0236389 -0.0229443 -0.0195006 -0.0236955 -0.00949486 -0.0126849 -0.0216044 -0.00642947 -0.0193622 -0.00566665
internal_weight=847482 483132 249361 364350 70069 162392 79432 73957 233771 82960 57324 34676 19846 5475 86969 80969 44479 66870 22061 6111 294281 194844 34895 159949 44453 28737 47311 15950 15742 50281
internal_count=847482 483132 249361 364350 70069 162392 79432 73957 233771 82960 57324 34676 19846 5475 86969 80969 44479 66870 22061 6111 294281 194844 34895 159949 44453 28737 47311 15950 15742 50281
cat_boundaries=0 1 2 3 4 5 6
cat_threshold=1 1 7355936 377087 7355904 327703
is_linear=0
shrinkage=0.05


Tree=187
num_leaves=31
num_cat=9
split_feature=18 18 2 2 0 7 0 4 18 7 4 7 19 19 17 8 7 0 6 7 17 0 0 7 6 7 8 21 7 8
split_gain=24962.1 2837.67 1118.83 920.196 702.611 581.313 356.25 295.015 153.04 151.121 146.599 131.312 128.348 130.798 123.618 120.179 248.131 98.363 92.7393 230.305 83.5896 80.8877 76.1102 70.625 70.2858 88.5452 69.7671 63.005 58.5455 63.5356
threshold=0.14271402359008792 0.44424292445182806 0 1 2 27.10000038146973 3 4.5000000000000009 0.30224989354610449 21.500000000000004 4.5000000000000009 30.10000038146973 1.005101263523102 0.99999997019767772 0.07692307606339456 3.4000000059604649 27.10000038146973 4 5 23.500000000000004 0.090326342731714263 6 7 28.899999618530277 8 25.899999618530277 3.4000000059604649 4.1608099937438974 19.69999980926514 3.4000000059604649
decision_type=2 2 1 1 1 2 1 2 2 2 2 2 2 2 2 2 2 1 1 2 2 1 1 2 1 2 2 2 2 2
left_child=3 2 4 5 7 18 -3 11 26 -6 22 -2 13 -9 -5 16 20 -7 19 28 24 27 -8 -15 25 -11 -4 -17 -1 -30
right_child=1 6 8 14 9 17 10 12 -10 15 -12 -13 -14 23 -16 21 -18 -19 -20 -21 -22 -23 -24 -25 -26 -27 -28 -29 29 -31
leaf_value=0 0 9.767154864447471e-07 0 0 0 0 0 0 0 0 -5.8555452681935723e-05 0 0.00017280000136460838 0 0 -1.1147464059259261e-05 0 0 0 0 0 -1.1913825724924951e-07 0 -0.01424231747437848 0 0 0 7.1666573210558949e-07 0 0
leaf_weight=7222 42142 167152 51169 291355 3659 5767 29035 5816 19520 5987 16601 21158 9070 3692 3089 1670 40727 12556 19968 10948 5586 7759 21074 1084 5387 3340 16181 5403 6330 7282
leaf_count=7222 42142 167152 51169 291355 3659 5767 29035 5816 19520 5987 16601 21158 9070 3692 3089 1670 40727 12556 19968 10948 5586 7759 21074 1084 5387 3340 16181 5403 6330 7282
internal_value=-0.0125313 -0.00507934 -0.00879005 -0.0224099 -0.00634109 -0.0172602 -0.00112288 -0.00955985 -0.0133706 -0.00298134 -0.00421163 -0.0112227 -0.00421117 -0.0079494 -0.0236354 -0.002503 -0.00348411 -0.00960678 -0.01997 -0.0182562 -0.008 0.00153385 -0.00556138 -0.0140808 -0.00997689 -0.00732302 -0.0145004 0.00539672 -0.0213473 -0.0194167
internal_weight=847729 483212 249350 364517 162480 70073 233862 82962 86870 79518 66710 63300 19662 10592 294444 75859 61027 18323 51750 31782 20300 14832 50109 4776 14714 9327 67350 7073 20834 13612
internal_count=847729 483212 249350 364517 162480 70073 233862 82962 86870 79518 66710 63300 19662 10592 294444 75859 61027 18323 51750 31782 20300 14832 50109 4776 14714 9327 67350 7073 20834 13612
cat_boundaries=0 1 2 3 4 5 6 7 8 9
cat_threshold=1 1 7355936 377087 950733 28 917713 2760960 12
is_linear=0
shrinkage=0.05


Tree=188
num_leaves=31
num_cat=8
split_feature=18 18 2 2 3 0 3 3 0 3 5 3 0 5 5 3 3 7 5 3 17 3 6 3 3 3 3 3 0 0
split_gain=24966.4 2794.46 1140.93 905.694 1226.01 717.197 456.694 558.16 370.548 339.657 353.58 336.406 262.68 193.923 163.837 158.194 204.059 188.814 128.708 240.349 122.496 108.634 103.452 97.5181 190.053 172.273 96.144 86.1057 81.1202 78.0795
threshold=0.12503665685653689 0.44424292445182806 0 1 80.500000000000014 2 80.500000000000014 39.500000000000007 3 43.500000000000007 1.0000000180025095e-35 39.500000000000007 4 1.0000000180025095e-35 1.0000000180025095e-35 46.500000000000007 55.500000000000007 22.800000190734867 1.0000000180025095e-35 35.500000000000007 0.07692307606339456 80.500000000000014 5 43.500000000000007 57.500000000000007 46.500000000000007 73.500000000000014 74.500000000000014 6 7
decision_type=2 2 1 1 2 1 2 2 1 2 2 2 1 2 2 2 2 2 2 2 2 2 1 2 2 2 2 2 1 1
left_child=3 2 5 4 11 9 7 18 -3 -2 21 -1 -13 -8 29 -4 28 -18 22 -20 23 -11 -7 -5 25 -25 -26 -19 -17 -10
right_child=1 8 15 20 -6 6 13 -9 14 10 -12 12 -14 -15 -16 16 17 27 19 -21 -22 -23 -24 24 26 -27 -28 -29 -30 -31
leaf_value=0 0 9.2787971212250959e-07 0 0 0 5.9631862488170184e-09 0 6.8080987401334081e-07 0 0 -0.00025463079540823802 0 7.1643874089627474e-07 0.0063645816113111989 0.00010686070247546421 0 0 0 0 0 0 0 0 0 0 0 0 0 0 0
leaf_weight=14766 25641 166786 5937 99424 35311 1783 4407 51726 29095 42878 12887 12118 7635 1143 16565 11433 8573 15812 3071 3009 2941 1500 14215 18295 112541 15157 46002 20235 25051 21197
leaf_count=14766 25641 166786 5937 99424 35311 1783 4407 51726 29095 42878 12887 12118 7635 1143 16565 11433 8573 15812 3071 3009 2941 1500 14215 18295 112541 15157 46002 20235 25051 21197
internal_value=-0.0125275 -0.00507357 -0.00875558 -0.0224121 -0.0172927 -0.0062782 -0.00287914 -0.00183933 -0.0011448 -0.00953013 -0.00738977 -0.010592 -0.00632436 -0.0167117 -0.00428949 -0.0133739 -0.0127971 -0.015065 -0.00849488 -0.0146875 -0.0236265 -0.00950696 -0.00614139 -0.023729 -0.0230708 -0.0196461 -0.0237934 -0.0166512 -0.0100236 -0.00571065
internal_weight=847134 482944 249301 364190 69830 162260 79354 73804 233643 82906 57265 34519 19753 5550 66857 87041 81104 44620 22078 6080 294360 44378 15998 291419 191995 33452 158543 36047 36484 50292
internal_count=847134 482944 249301 364190 69830 162260 79354 73804 233643 82906 57265 34519 19753 5550 66857 87041 81104 44620 22078 6080 294360 44378 15998 291419 191995 33452 158543 36047 36484 50292
cat_boundaries=0 1 2 3 4 5 6 7 8
cat_threshold=1 1 7355936 377087 7355904 16 2449431 2760960
is_linear=0
shrinkage=0.05


Tree=189
num_leaves=31
num_cat=9
split_feature=18 18 2 2 0 7 0 4 18 4 7 8 7 19 19 7 0 6 7 7 8 19 0 7 8 6 7 0 13 4
split_gain=24922.9 2764.65 1151.14 920.058 722.083 584.457 360.791 313.335 154.369 153.91 152.622 139.995 253.025 127.374 130.023 124.83 96.0574 88.5766 227.617 91.3432 100.037 80.0576 75.9335 75.8091 70.0794 62.7278 79.7268 58.672 81.6154 100.951
threshold=0.11947405338287355 0.44424292445182806 0 1 2 27.10000038146973 3 4.5000000000000009 0.18460166454315188 4.5000000000000009 21.500000000000004 3.4000000059604649 27.10000038146973 1.0024905204772951 0.99999997019767772 30.10000038146973 4 5 25.10000038146973 21.500000000000004 3.4000000059604649 1.1559036970138552 6 28.899999618530277 3.4000000059604649 7 25.899999618530277 8 0.9787137806415559 4.5000000000000009
decision_type=2 2 1 1 1 2 1 2 2 2 2 2 2 2 2 2 1 1 2 2 2 2 1 2 2 1 2 1 2 2
left_child=3 2 4 5 7 17 -3 15 -4 22 -6 12 21 14 -9 -2 -7 18 19 -1 -21 25 -8 -16 -10 26 -12 -13 -29 -30
right_child=1 6 8 -5 10 16 9 13 24 -11 11 27 -14 -15 23 -17 -18 -19 -20 20 -22 -23 -24 -25 -26 -27 -28 28 29 -31
leaf_value=0 0 8.8148572651638405e-07 0 0 0 0 0 0 0 -6.0970715171612151e-05 0 -1.4722197106767404e-07 0 0.0002574086558173705 0 0 0 0 0 0 0 7.5395862125069627e-07 0 -0.013516978088668117 0 0 0 -0.00037445010227742087 6.4679256653272255e-07 -0.0014796110752786798
leaf_weight=13467 42185 166952 39133 293922 3658 5762 29040 5811 34613 16526 7706 7162 40725 9141 3717 21111 12398 19890 5466 9699 3079 2037 21109 1080 13561 6556 3965 3455 3187 1022
leaf_count=13467 42185 166952 39133 293922 3658 5762 29040 5811 34613 16526 7706 7162 40725 9141 3717 21111 12398 19890 5466 9699 3079 2037 21109 1080 13561 6556 3965 3455 3187 1022
internal_value=-0.0125234 -0.00508499 -0.00874142 -0.0224113 -0.00625377 -0.0172493 -0.00117506 -0.00951388 -0.0133721 -0.00428395 -0.00284558 -0.00236464 -0.00342398 -0.00401666 -0.00774416 -0.0112306 -0.00953469 -0.0199642 -0.0182868 -0.0202258 -0.0171975 -0.00798954 -0.00566362 -0.0138368 -0.0114771 -0.00904016 -0.00682091 0.00199312 0.00502997 0.00971133
internal_weight=847135 483452 249825 363683 162518 69761 233627 83045 87307 66675 79473 75815 60989 19749 10608 63296 18160 51601 31711 26245 12778 20264 50149 4797 48174 18227 11671 14826 7664 4209
internal_count=847135 483452 249825 363683 162518 69761 233627 83045 87307 66675 79473 75815 60989 19749 10608 63296 18160 51601 31711 26245 12778 20264 50149 4797 48174 18227 11671 14826 7664 4209
cat_boundaries=0 1 2 3 4 5 6 7 8 9
cat_threshold=1 1 7355936 377087 950733 28 2760960 12 49422
is_linear=0
shrinkage=0.05


Tree=190
num_leaves=31
num_cat=6
split_feature=18 18 2 2 3 3 3 1 4 3 1 4 1 1 3 3 3 17 4 3 4 3 3 3 3 8 3 3 8 3
split_gain=24932.4 2779.12 1146.86 911.286 1236.78 566.599 511.828 638.977 410.833 330.097 280.106 216.978 215.272 162.545 153.946 203.371 186.269 131.232 123.526 243.067 115.716 97.4274 190.319 170.314 95.5497 87.3287 76.1273 71.886 67.3783 54.1268
threshold=0.14271402359008792 0.44424292445182806 0 1 80.500000000000014 39.500000000000007 80.500000000000014 2 4.5000000000000009 39.500000000000007 3 4.5000000000000009 4 5 46.500000000000007 55.500000000000007 74.500000000000014 0.07692307606339456 4.5000000000000009 35.500000000000007 4.5000000000000009 43.500000000000007 57.500000000000007 46.500000000000007 73.500000000000014 3.4000000059604649 56.500000000000007 78.500000000000014 3.4000000059604649 47.500000000000007
decision_type=2 2 1 1 2 2 2 1 2 2 1 2 1 1 2 2 2 2 2 2 2 2 2 2 2 2 2 2 2 2
left_child=3 2 5 4 9 13 7 -7 -9 -1 -3 -8 -11 18 -4 29 26 21 28 -20 -12 -5 23 -23 -24 -18 -17 -26 -2 -16
right_child=1 10 14 17 -6 6 11 8 -10 12 20 -13 -14 -15 15 16 25 -19 19 -21 -22 22 24 -25 27 -27 -28 -29 -30 -31
leaf_value=0 0 -1.4350617476716762e-06 0 0 0 6.1442975198603765e-07 0 0 3.8350211303584775e-05 6.8061680385146098e-07 0 -0.00044543123248983406 0 0 0 0 0 0 0 0 -0.00011581471976139231 0 0 0 0 0 0 0 1.302995393527209e-08 0
leaf_weight=14859 13640 162163 5930 99336 35338 47770 5840 52407 16189 6381 53269 1436 13446 17470 4848 4404 19835 3123 3073 2814 18485 18247 112396 15230 10258 8910 11393 35748 1713 31567
leaf_count=14859 13640 162163 5930 99336 35338 47770 5840 52407 16189 6381 53269 1436 13446 17470 4848 4404 19835 3123 3073 2814 18485 18247 112396 15230 10258 8910 11393 35748 1713 31567
internal_value=-0.0125246 -0.00507724 -0.00875094 -0.0224 -0.0172734 -0.00626971 -0.00461696 -0.00381254 -0.00690392 -0.0105662 -0.00116291 -0.0174821 -0.00634362 -0.0115487 -0.0133872 -0.0128176 -0.0150835 -0.0236196 -0.00859529 -0.0147571 -0.00376373 -0.0237289 -0.0230709 -0.0196456 -0.0237948 -0.0126866 -0.0194451 -0.0218754 -0.00623819 -0.010046
internal_weight=847518 483156 249239 364362 70024 162352 123642 116366 68596 34686 233917 7276 19827 38710 86887 80957 44542 294338 21240 5887 71754 291215 191879 33477 158402 28745 15797 46006 15353 36415
internal_count=847518 483156 249239 364362 70024 162352 123642 116366 68596 34686 233917 7276 19827 38710 86887 80957 44542 294338 21240 5887 71754 291215 191879 33477 158402 28745 15797 46006 15353 36415
cat_boundaries=0 1 2 3 4 5 6
cat_threshold=1 1 3 3 3 3
is_linear=0
shrinkage=0.05


Tree=191
num_leaves=31
num_cat=3
split_feature=18 18 18 17 1 1 3 3 4 3 4 3 4 3 4 3 3 3 4 4 1 17 7 7 3 4 18 3 3 3
split_gain=24976.5 2755.71 400.245 364.256 285.164 227.99 156.967 155.489 114.421 114.016 105.022 92.4478 215.422 80.3328 116.142 74.3479 193.6 82.9941 65.6408 61.6007 89.8029 74.6078 61.7355 52.3813 52.1333 50.0731 47.8236 46.3165 245.242 246.408
threshold=0.14271402359008792 0.44424292445182806 0.21786327660083774 0.15384615212678912 0 1 80.500000000000014 80.500000000000014 4.5000000000000009 39.500000000000007 4.5000000000000009 35.500000000000007 4.5000000000000009 35.500000000000007 4.5000000000000009 83.500000000000014 73.500000000000014 80.500000000000014 4.5000000000000009 4.5000000000000009 2 0.23376623541116717 23.500000000000004 22.300000190734867 72.500000000000014 4.5000000000000009 1.014649033546448 60.500000000000007 45.500000000000007 56.500000000000007
decision_type=2 2 2 2 1 1 2 2 2 2 2 2 2 2 2 2 2 2 2 2 1 2 2 2 2 2 2 2 2 2
left_child=3 2 6 15 -3 7 13 11 26 -7 -11 12 -4 14 -2 16 27 23 -19 20 22 -21 24 -18 -15 -8 -6 28 -1 -30
right_child=1 4 5 -5 8 9 25 -9 -10 10 -12 -13 -14 19 -16 -17 17 18 -20 21 -22 -23 -24 -25 -26 -27 -28 -29 29 -31
leaf_value=0 0 -1.3625043532945562e-06 0 0 0 0 0 0 -0.00011002398377332268 0 0 0 0 1.8685682358533448e-05 0 0 0 0 0 0 0 1.4636263332630624e-05 0 0 0 0 -0.0028089472099785684 0 0 0
leaf_weight=131474 6420 162335 4926 3885 43768 8585 7353 5692 18458 51382 16488 66482 1910 525 2353 44715 2254 16958 3265 15211 32676 2765 23599 18912 1488 1735 9300 99283 18046 25492
leaf_count=131474 6420 162335 4926 3885 43768 8585 7353 5692 18458 51382 16488 66482 1910 525 2353 44715 2254 16958 3265 15211 32676 2765 23599 18912 1488 1735 9300 99283 18046 25492
internal_value=-0.0125163 -0.00506644 -0.0087205 -0.0224033 -0.00116661 -0.00716254 -0.0112938 -0.00527651 -0.00379669 -0.00910972 -0.00842419 -0.00465916 -0.010196 -0.0106263 -0.0151573 -0.0225674 -0.0222971 -0.0191095 -0.0214001 -0.010105 -0.0108942 -0.00754617 -0.00866248 -0.016921 -0.000260805 -0.0175396 -0.00497663 -0.0227781 -0.0222888 -0.0190362
internal_weight=847735 483451 249590 364284 233861 155465 94125 79010 71526 76455 67870 73318 6836 85037 8773 360399 315684 41389 20223 76264 58288 17976 25612 21166 2013 9088 53068 274295 175012 43538
internal_count=847735 483451 249590 364284 233861 155465 94125 79010 71526 76455 67870 73318 6836 85037 8773 360399 315684 41389 20223 76264 58288 17976 25612 21166 2013 9088 53068 274295 175012 43538
cat_boundaries=0 1 2 3
cat_threshold=3 3 3
is_linear=0
shrinkage=0.05


Tree=192
num_leaves=31
num_cat=7
split_feature=18 18 2 2 3 0 3 3 0 3 4 3 0 4 3 3 3 4 17 4 3 3 3 3 3 8 3 8 0 0
split_gain=24923.2 2755.68 1131.05 920.715 1234.59 714.197 446.785 561.782 367.628 338.032 346.264 335.591 266.506 196.794 159.925 202.744 192.893 152.224 122.62 113.504 263.951 109.257 95.9142 184.253 169.824 92.912 92.7327 82.6546 77.9036 77.1548
threshold=0.14271402359008792 0.44424292445182806 0 1 80.500000000000014 2 80.500000000000014 39.500000000000007 3 43.500000000000007 4.5000000000000009 39.500000000000007 4 4.5000000000000009 46.500000000000007 55.500000000000007 74.500000000000014 4.5000000000000009 0.07692307606339456 4.5000000000000009 35.500000000000007 80.500000000000014 43.500000000000007 57.500000000000007 46.500000000000007 3.4000000059604649 73.500000000000014 3.4000000059604649 5 6
decision_type=2 2 1 1 2 1 2 2 1 2 2 2 1 2 2 2 2 2 2 2 2 2 2 2 2 2 2 2 1 1
left_child=3 2 5 4 11 9 7 19 -3 -2 21 -1 -13 -8 -4 28 -17 29 22 27 -21 -11 -5 24 -24 -18 -25 -7 -16 -10
right_child=1 8 14 18 -6 6 13 -9 17 10 -12 12 -14 -15 15 16 25 -19 -20 20 -22 -23 23 26 -26 -27 -28 -29 -30 -31
leaf_value=0 0 9.7728974523887633e-07 0 0 0 0 0 5.8374454928223661e-07 0 0 -0.00033384863025670932 0 6.4658596365888797e-07 0.0076523446195007451 0 0 0 -4.6630244236295799e-05 0 0 0 0 0 0 0 0 0 1.2975243436806351e-08 0 0
leaf_weight=14852 25624 166876 5932 99368 35279 14286 4380 51925 29060 42994 12912 12074 7676 1114 12495 15743 19756 16608 3124 3120 3056 1481 18217 112341 15184 8873 45932 1765 23913 21084
leaf_count=14852 25624 166876 5932 99368 35279 14286 4380 51925 29060 42994 12912 12074 7676 1114 12495 15743 19756 16608 3124 3120 3056 1481 18217 112341 15184 8873 45932 1765 23913 21084
internal_value=-0.012529 -0.005083 -0.00873856 -0.022408 -0.017249 -0.00627993 -0.0028962 -0.00187723 -0.00118115 -0.009525 -0.0073941 -0.0105384 -0.00626835 -0.0166545 -0.0133505 -0.0127686 -0.0150376 -0.00431683 -0.0236336 -0.00852904 -0.0142892 -0.00948679 -0.0237394 -0.0230858 -0.0197112 -0.012593 -0.023798 -0.00631269 -0.0100033 -0.00569161
internal_weight=847044 482997 249369 364047 69881 162657 79646 74152 233628 83011 57387 34602 19750 5494 86712 80780 44372 66752 294166 22227 6176 44475 291042 191674 33401 28629 158273 16051 36408 50144
internal_count=847044 482997 249369 364047 69881 162657 79646 74152 233628 83011 57387 34602 19750 5494 86712 80780 44372 66752 294166 22227 6176 44475 291042 191674 33401 28629 158273 16051 36408 50144
cat_boundaries=0 1 2 3 4 5 6 7
cat_threshold=1 1 7355936 377087 7355904 2449439 2760960
is_linear=0
shrinkage=0.05


Tree=193
num_leaves=31
num_cat=6
split_feature=18 18 2 2 3 0 3 3 0 3 4 3 0 4 3 3 3 4 4 3 3 3 3 3 3 8 8 3 0 3
split_gain=24904.4 2812.98 1137.01 904.126 1216.29 710.433 452.789 556.635 357.84 335.671 350.223 330.563 266.191 194.377 157.786 199.429 188.523 157.692 115.485 252.628 111.918 281.366 118.33 114.517 107.999 89.539 84.0265 82.8253 78.7025 77.2655
threshold=0.1122730001807213 0.44424292445182806 0 1 80.500000000000014 2 80.500000000000014 39.500000000000007 3 43.500000000000007 4.5000000000000009 39.500000000000007 4 4.5000000000000009 46.500000000000007 55.500000000000007 74.500000000000014 4.5000000000000009 4.5000000000000009 35.500000000000007 44.500000000000007 57.500000000000007 46.500000000000007 73.500000000000014 80.500000000000014 3.4000000059604649 3.4000000059604649 78.500000000000014 5 56.500000000000007
decision_type=2 2 1 1 2 1 2 2 1 2 2 2 1 2 2 2 2 2 2 2 2 2 2 2 2 2 2 2 1 2
left_child=3 2 5 4 11 9 7 18 -3 -2 24 -1 -13 -8 -4 28 29 -10 26 -20 -5 22 -22 -23 -11 -18 -7 -25 -16 -17
right_child=1 8 14 20 -6 6 13 -9 17 10 -12 12 -14 -15 15 16 25 -19 19 -21 21 23 -24 27 -26 -27 -28 -29 -30 -31
leaf_value=0 0 9.2842525797693255e-07 0 0 0 0 0 5.5454469666424141e-07 0 0 -0.00025453434882520554 0 6.142566654759436e-07 0.0061224380966965258 0 0 0 -4.4298732024481005e-05 0 0 0 0 0 0 0 0 1.2326481264966033e-08 0 0 0
leaf_weight=14751 25747 166995 6003 106871 35353 14159 4397 51878 50210 43008 12853 12109 7624 1134 12619 4427 20085 16680 3092 3016 11247 112698 16086 10736 1480 8975 1779 36368 23927 11549
leaf_count=14751 25747 166995 6003 106871 35353 14159 4397 51878 50210 43008 12853 12109 7624 1134 12619 4427 20085 16680 3092 3016 11247 112698 16086 10736 1480 8975 1779 36368 23927 11549
internal_value=-0.0125382 -0.00510839 -0.0087943 -0.0224218 -0.0173078 -0.00631971 -0.00293809 -0.00190601 -0.00116649 -0.00955197 -0.00742357 -0.0106267 -0.00639411 -0.0167375 -0.0133867 -0.012811 -0.015038 -0.00425635 -0.00856164 -0.0144073 -0.0236366 -0.0228994 -0.0182115 -0.0237012 -0.00952392 -0.0126394 -0.00632137 -0.0216309 -0.0100668 -0.019401
internal_weight=847856 484013 250128 363843 69837 162543 79455 73924 233885 83088 57341 34484 19733 5531 87585 81582 45036 66890 22046 6108 294006 187135 27333 159802 44488 29060 15938 47104 36546 15976
internal_count=847856 484013 250128 363843 69837 162543 79455 73924 233885 83088 57341 34484 19733 5531 87585 81582 45036 66890 22046 6108 294006 187135 27333 159802 44488 29060 15938 47104 36546 15976
cat_boundaries=0 1 2 3 4 5 6
cat_threshold=1 1 7355936 377087 7355904 2449439
is_linear=0
shrinkage=0.05


Tree=194
num_leaves=31
num_cat=8
split_feature=18 18 2 2 3 0 3 3 0 3 4 3 0 4 3 3 3 4 4 3 3 3 3 3 3 6 3 0 3 0
split_gain=24967.2 2800.57 1140.53 914.566 1229.48 721.818 461.655 563.41 354.01 347.338 357.001 331.254 257.699 185.463 157.495 204.928 186.202 151.207 116.545 258.189 111.319 279.283 121.017 114.481 108.899 88.2808 81.0223 78.8594 78.4502 77.1069
threshold=0.1122730001807213 0.44424292445182806 0 1 80.500000000000014 2 80.500000000000014 39.500000000000007 3 43.500000000000007 4.5000000000000009 39.500000000000007 4 4.5000000000000009 46.500000000000007 55.500000000000007 74.500000000000014 4.5000000000000009 4.5000000000000009 35.500000000000007 44.500000000000007 57.500000000000007 46.500000000000007 73.500000000000014 80.500000000000014 5 78.500000000000014 6 56.500000000000007 7
decision_type=2 2 1 1 2 1 2 2 1 2 2 2 1 2 2 2 2 2 2 2 2 2 2 2 2 1 2 1 2 1
left_child=3 2 5 4 11 9 7 18 -3 -2 24 -1 -13 -8 -4 29 28 27 -7 -20 -5 22 -22 -23 -11 -18 -25 -10 -17 -16
right_child=1 8 14 20 -6 6 13 -9 17 10 -12 12 -14 -15 15 16 25 -19 19 -21 21 23 -24 26 -26 -27 -28 -29 -30 -31
leaf_value=0 0 8.8200399507808582e-07 0 0 0 0 0 5.2683117523956102e-07 0 0 -0.0001390633050388592 0 5.8354383220214629e-07 0.0045314557295334122 0 0 0 -4.2083795423256961e-05 0 0 0 0 0 0 0 0 0 0 0 0
leaf_weight=14729 25831 167095 5957 106873 35282 16026 4399 51849 29113 42988 12853 12092 7629 1126 12574 4434 8907 16519 3091 3017 11231 112638 16043 10730 1506 20056 36367 21277 11464 23994
leaf_count=14729 25831 167095 5957 106873 35282 16026 4399 51849 29113 42988 12853 12092 7629 1126 12574 4434 8907 16519 3091 3017 11231 112638 16043 10730 1506 20056 36367 21277 11464 23994
internal_value=-0.0125174 -0.0050804 -0.00875928 -0.0224183 -0.0172704 -0.0062845 -0.00287671 -0.00183589 -0.00114891 -0.00954044 -0.0073731 -0.0105515 -0.00631433 -0.016819 -0.0133666 -0.0127924 -0.0150571 -0.0042219 -0.00851405 -0.014391 -0.0236398 -0.0229041 -0.018228 -0.0237025 -0.00949341 -0.0126705 -0.0216325 -0.00558345 -0.019405 -0.0100142
internal_weight=847690 484076 250072 363614 69732 162686 79508 73983 234004 83178 57347 34450 19721 5525 87386 81429 44861 66909 22134 6108 293882 187009 27274 159735 44494 28963 47097 50390 15898 36568
internal_count=847690 484076 250072 363614 69732 162686 79508 73983 234004 83178 57347 34450 19721 5525 87386 81429 44861 66909 22134 6108 293882 187009 27274 159735 44494 28963 47097 50390 15898 36568
cat_boundaries=0 1 2 3 4 5 6 7 8
cat_threshold=1 1 7355936 377087 7355904 16 2760960 2449439
is_linear=0
shrinkage=0.05


Tree=195
num_leaves=31
num_cat=6
split_feature=18 18 2 2 3 0 3 3 0 3 4 3 0 4 3 3 3 4 17 4 3 3 3 3 3 3 8 3 0 8
split_gain=24983.7 2765.3 1148.35 922.706 1244.11 709.295 454.335 550.086 367.223 343.339 367.901 336.906 264.414 187.498 157.339 200.345 192.128 156.67 119.18 112.386 259.23 105.325 96.7961 191.478 173.172 93.0714 91.2592 77.4394 76.7376 76.2048
threshold=0.14271402359008792 0.44424292445182806 0 1 80.500000000000014 2 80.500000000000014 39.500000000000007 3 43.500000000000007 4.5000000000000009 39.500000000000007 4 4.5000000000000009 46.500000000000007 55.500000000000007 74.500000000000014 4.5000000000000009 0.07692307606339456 4.5000000000000009 35.500000000000007 80.500000000000014 43.500000000000007 57.500000000000007 46.500000000000007 73.500000000000014 3.4000000059604649 56.500000000000007 5 3.4000000059604649
decision_type=2 2 1 1 2 1 2 2 1 2 2 2 1 2 2 2 2 2 2 2 2 2 2 2 2 2 2 2 1 2
left_child=3 2 5 4 11 9 7 19 -3 -2 21 -1 -13 -8 -4 28 27 -10 22 29 -21 -11 -5 24 -24 -25 -18 -17 -16 -7
right_child=1 8 14 18 -6 6 13 -9 17 10 -12 12 -14 -15 15 16 26 -19 -20 20 -22 -23 23 25 -26 -27 -28 -29 -30 -31
leaf_value=0 0 8.3790379532418159e-07 0 0 0 0 0 5.0048852822293474e-07 0 0 0.00018757392468428415 0 5.5436664059203902e-07 0.0048721555838156074 0 0 0 -3.9979605652094114e-05 0 0 0 0 0 0 0 0 0 0 0 1.1113370003419868e-08
leaf_weight=14869 25558 166998 5957 99315 35443 14194 4364 52004 50323 42999 12964 12113 7714 1107 12616 4350 19842 16597 3095 3068 3036 1465 18277 112647 15156 45909 8920 11392 23907 1770
leaf_count=14869 25558 166998 5957 99315 35443 14194 4364 52004 50323 42999 12964 12113 7714 1107 12616 4350 19842 16597 3095 3068 3036 1465 18277 112647 15156 45909 8920 11392 23907 1770
internal_value=-0.0125179 -0.0050652 -0.0087267 -0.0224012 -0.0172475 -0.00624519 -0.0028701 -0.00184348 -0.00115959 -0.00947877 -0.0073344 -0.0105171 -0.00625032 -0.0167748 -0.0133634 -0.0127868 -0.0150391 -0.00428881 -0.0236291 -0.00845795 -0.0142284 -0.00949532 -0.0237328 -0.0230772 -0.0196385 -0.0238023 -0.0126087 -0.0194797 -0.0100423 -0.00625157
internal_weight=847969 483431 249513 364538 70139 162529 79543 74072 233918 82986 57428 34696 19827 5471 86984 81027 44504 66920 294399 22068 6104 44464 291304 191989 33433 158556 28762 15742 36523 15964
internal_count=847969 483431 249513 364538 70139 162529 79543 74072 233918 82986 57428 34696 19827 5471 86984 81027 44504 66920 294399 22068 6104 44464 291304 191989 33433 158556 28762 15742 36523 15964
cat_boundaries=0 1 2 3 4 5 6
cat_threshold=1 1 7355936 377087 7355904 2449439
is_linear=0
shrinkage=0.05


Tree=196
num_leaves=31
num_cat=7
split_feature=18 18 2 2 3 3 3 1 4 3 1 1 4 3 3 3 1 4 17 4 3 3 3 3 3 6 3 3 3 4
split_gain=24944.5 2825.81 1124.9 924.622 1245.86 577.876 524.337 622.771 422.214 336.241 276.058 221.974 212.653 159.567 203.108 188.309 155.23 119.247 118.149 110.333 252.628 96.1202 190.543 168.991 91.942 90.2303 75.8526 70.0004 53.8088 67.0006
threshold=0.12503665685653689 0.44424292445182806 0 1 80.500000000000014 39.500000000000007 80.500000000000014 2 4.5000000000000009 39.500000000000007 3 4 4.5000000000000009 46.500000000000007 55.500000000000007 74.500000000000014 5 4.5000000000000009 0.07692307606339456 4.5000000000000009 35.500000000000007 43.500000000000007 57.500000000000007 46.500000000000007 73.500000000000014 6 56.500000000000007 78.500000000000014 47.500000000000007 4.5000000000000009
decision_type=2 2 1 1 2 2 2 1 2 2 1 1 2 2 2 2 1 2 2 2 2 2 2 2 2 1 2 2 2 2
left_child=3 2 5 4 9 16 7 -7 -9 -1 -3 -11 -8 -4 28 26 19 -12 21 -2 -21 -5 23 -23 -24 -17 -16 -26 29 -15
right_child=1 10 13 18 -6 6 12 8 -10 11 17 -13 -14 14 15 25 -18 -19 -20 20 -22 22 24 -25 27 -27 -28 -29 -30 -31
leaf_value=0 0 4.9361056376739238e-07 0 0 0 4.7541471824083466e-07 0 0 0.00017819522845006995 5.2690373483796554e-07 0 0 -0.0010723752106822006 0 0 0 0 -9.0845982495991345e-05 0 0 0 0 0 0 0 0 0 0 0 0
leaf_weight=14711 15416 162251 5960 99478 35329 47880 5920 52454 16158 6376 53121 13311 1455 3539 4417 8861 17546 18529 2936 3068 2836 18279 112505 15151 10217 19922 11407 35862 31679 1312
leaf_count=14711 15416 162251 5960 99478 35329 47880 5920 52454 16158 6376 53121 13311 1455 3539 4417 8861 17546 18529 2936 3068 2836 18279 112505 15151 10217 19922 11407 35862 31679 1312
internal_value=-0.0125276 -0.00508666 -0.00878437 -0.022412 -0.0172347 -0.00632985 -0.00466085 -0.00384232 -0.00689575 -0.0104614 -0.00113713 -0.00618809 -0.0175898 -0.0133704 -0.0127904 -0.0150543 -0.011649 -0.00372174 -0.023638 -0.00876699 -0.0145833 -0.0237386 -0.023085 -0.0196545 -0.0238082 -0.0126455 -0.0194357 -0.021927 -0.010026 -0.0149299
internal_weight=847886 483731 249830 364155 69727 162733 123867 116492 68612 34398 233901 19687 7375 87097 81137 44607 38866 71650 294428 21320 5904 291492 192014 33430 158584 28783 15824 46079 36530 4851
internal_count=847886 483731 249830 364155 69727 162733 123867 116492 68612 34398 233901 19687 7375 87097 81137 44607 38866 71650 294428 21320 5904 291492 192014 33430 158584 28783 15824 46079 36530 4851
cat_boundaries=0 1 2 3 4 5 6 7
cat_threshold=1 1 3 3 3 3 16
is_linear=0
shrinkage=0.05


Tree=197
num_leaves=31
num_cat=9
split_feature=18 18 2 2 0 7 0 4 7 4 18 8 7 7 19 19 17 17 0 6 7 6 7 7 0 13 4 0 7 8
split_gain=24960.3 2818.81 1119.34 908.492 711.265 577.387 360.023 308.929 156.952 153.116 150.108 145.715 246.693 124.342 123.745 135.77 122.007 107.5 102.353 95.1104 141.163 88.6633 228.489 76.0008 73.0817 87.5761 89.0348 71.4704 66.7503 63.6472
threshold=0.1122730001807213 0.44424292445182806 0 1 2 27.10000038146973 3 4.5000000000000009 21.500000000000004 4.5000000000000009 0.30224989354610449 3.4000000059604649 28.10000038146973 30.10000038146973 1.005101263523102 0.99999997019767772 0.090326342731714263 0.07692307606339456 4 5 25.899999618530277 6 23.800000190734867 28.899999618530277 7 0.9787137806415559 4.5000000000000009 8 22.800000190734867 1.0000000180025095e-35
decision_type=2 2 1 1 1 2 1 2 2 2 2 2 2 2 2 2 2 2 1 1 2 1 2 2 1 2 2 1 2 2
left_child=3 2 4 5 7 21 -3 13 -6 27 28 12 16 -2 15 -9 19 -5 -7 20 -10 22 -1 -17 25 -13 -27 -8 -4 -24
right_child=1 6 10 17 8 18 9 14 11 -11 -12 24 -14 -15 -16 23 -18 -19 -20 -21 -22 -23 29 -25 -26 26 -28 -29 -30 -31
leaf_value=0 0 7.7132807736960306e-07 0 0 0 0 0 0 0 -3.343832624468984e-05 0 -0.00041826918677910084 0 0 0.00026070456901064373 0 0 0 0 0 4.6686045000802503e-07 0 0 -0.012865179968213833 -2.4814145296495896e-07 4.5168026722429405e-07 -0.0014056305290755149 0 0 0
leaf_weight=21178 42185 166957 6192 291551 3696 5875 28988 5814 5994 16624 19561 3164 32046 21127 9096 3746 8191 2652 12260 9703 5076 19910 5276 1089 7808 2930 938 21125 61720 5125
leaf_count=21178 42185 166957 6192 291551 3696 5875 28988 5814 5994 16624 19561 3164 32046 21127 9096 3746 8191 2652 12260 9703 5076 19910 5276 1089 7808 2930 938 21125 61720 5125
internal_value=-0.0125241 -0.0050832 -0.00877273 -0.0224181 -0.00631923 -0.0172821 -0.00113503 -0.00955524 -0.00293881 -0.00423877 -0.0133335 -0.00244891 -0.00352975 -0.0112593 -0.00409597 -0.00775425 -0.00687405 -0.0236336 -0.00960987 -0.00891181 -0.00572653 -0.0199844 -0.0182999 -0.0139452 0.00199461 0.0056873 0.010742 -0.0056188 -0.0144452 -0.0122368
internal_weight=847597 483770 250076 363827 162603 69624 233694 83057 79546 66737 87473 75850 61010 63312 19745 10649 28964 294203 18135 20773 11070 51489 31579 4835 14840 7032 3868 50113 67912 10401
internal_count=847597 483770 250076 363827 162603 69624 233694 83057 79546 66737 87473 75850 61010 63312 19745 10649 28964 294203 18135 20773 11070 51489 31579 4835 14840 7032 3868 50113 67912 10401
cat_boundaries=0 1 2 3 4 5 6 7 8 9
cat_threshold=1 1 7355936 377087 950735 12 28 917713 2760960
is_linear=0
shrinkage=0.05


Tree=198
num_leaves=31
num_cat=7
split_feature=18 18 2 2 3 0 3 3 0 3 5 3 0 5 3 3 3 5 5 3 3 3 3 3 3 8 3 0 8 0
split_gain=24936.2 2803.65 1141.59 917.374 1234.64 698.799 451.882 549.149 358.695 341.955 355.536 338.511 262.395 188.229 160.914 202.697 190.572 159.55 114.44 255.263 111.281 284.756 119.32 113.049 105.937 92.1415 83.1484 81.4957 79.9821 77.8611
threshold=0.1122730001807213 0.44424292445182806 0 1 80.500000000000014 2 80.500000000000014 39.500000000000007 3 43.500000000000007 1.0000000180025095e-35 39.500000000000007 4 1.0000000180025095e-35 46.500000000000007 55.500000000000007 74.500000000000014 1.0000000180025095e-35 1.0000000180025095e-35 35.500000000000007 44.500000000000007 57.500000000000007 46.500000000000007 73.500000000000014 80.500000000000014 3.4000000059604649 84.500000000000014 5 3.4000000059604649 6
decision_type=2 2 1 1 2 1 2 2 1 2 2 2 1 2 2 2 2 2 2 2 2 2 2 2 2 2 2 1 2 1
left_child=3 2 5 4 11 9 7 18 -3 -2 24 -1 -13 -8 -4 27 -17 29 28 -20 -5 22 -22 -23 -11 -18 -25 -16 -7 -10
right_child=1 8 14 20 -6 6 13 -9 17 10 -12 12 -14 -15 15 16 25 -19 19 -21 21 23 -24 26 -26 -27 -28 -29 -30 -31
leaf_value=0 0 7.3276167350112289e-07 0 0 0 0 0 4.2909672738464818e-07 0 0 -0.00015039859744363395 0 5.0030312182053881e-07 0.0047454747798424297 0 0 0 -1.1925089221387353e-05 0 0 0 0 0 0 0 0 0 0 2.3561561349794688e-08 0
leaf_weight=14826 25713 167072 6059 106967 35291 14206 4410 51919 29095 42833 12864 12104 7724 1131 12585 15882 20083 16591 3073 3027 11205 112578 16062 30164 1479 9012 16910 23937 1770 21177
leaf_count=14826 25713 167072 6059 106967 35291 14206 4410 51919 29095 42833 12864 12104 7724 1131 12585 15882 20083 16591 3073 3027 11205 112578 16062 30164 1479 9012 16910 23937 1770 21177
internal_value=-0.0125277 -0.00509208 -0.0087737 -0.0224175 -0.0172711 -0.0062929 -0.00294358 -0.00191263 -0.00115791 -0.00950524 -0.00735274 -0.0105673 -0.00629413 -0.0167163 -0.0133757 -0.0127913 -0.0150382 -0.00425246 -0.0085183 -0.0143443 -0.0236423 -0.0229063 -0.0181841 -0.0237128 -0.00947712 -0.0126336 -0.0216553 -0.0100241 -0.00629382 -0.00565623
internal_weight=847749 483918 249983 363831 69945 162425 79536 73995 233935 82889 57176 34654 19828 5541 87558 81499 44977 66863 22076 6100 293886 186919 27267 159652 44312 29095 47074 36522 15976 50272
internal_count=847749 483918 249983 363831 69945 162425 79536 73995 233935 82889 57176 34654 19828 5541 87558 81499 44977 66863 22076 6100 293886 186919 27267 159652 44312 29095 47074 36522 15976 50272
cat_boundaries=0 1 2 3 4 5 6 7
cat_threshold=1 1 7355936 377087 7355904 2449439 2760960
is_linear=0
shrinkage=0.05


Tree=199
num_leaves=31
num_cat=7
split_feature=18 18 2 2 3 0 3 3 0 3 4 3 0 4 3 3 3 4 4 3 3 3 3 3 3 8 3 0 0 8
split_gain=24999.6 2823.97 1130.91 915.67 1236.6 706.088 459.117 551.036 376.753 341.927 363.832 336.197 260.634 193.748 160.066 198.711 191.1 157.283 113.228 259.907 111.149 204.092 186.101 115.085 106.737 86.3645 83.2057 82.8693 75.9297 74.5769
threshold=0.1122730001807213 0.44424292445182806 0 1 80.500000000000014 2 80.500000000000014 39.500000000000007 3 43.500000000000007 4.5000000000000009 39.500000000000007 4 4.5000000000000009 46.500000000000007 55.500000000000007 74.500000000000014 4.5000000000000009 4.5000000000000009 35.500000000000007 43.500000000000007 57.500000000000007 46.500000000000007 73.500000000000014 80.500000000000014 3.4000000059604649 78.500000000000014 5 6 3.4000000059604649
decision_type=2 2 1 1 2 1 2 2 1 2 2 2 1 2 2 2 2 2 2 2 2 2 2 2 2 2 2 1 1 2
left_child=3 2 5 4 11 9 7 18 -3 -2 24 -1 -13 -8 -4 27 -17 28 29 -20 -5 22 -22 -23 -11 -18 -25 -16 -10 -7
right_child=1 8 14 20 -6 6 13 -9 17 10 -12 12 -14 -15 15 16 25 -19 19 -21 21 23 -24 26 -26 -27 -28 -29 -30 -31
leaf_value=0 0 9.3110061165080364e-07 0 0 0 0 0 4.0765451616929912e-07 0 0 9.6288282149167308e-05 0 4.7528796572951194e-07 0.00447654693350856 0 0 0 -3.1170155471385984e-05 0 0 0 0 0 0 0 0 0 0 0 2.1786696084007091e-08
leaf_weight=14682 25708 166931 6003 99404 35363 14232 4446 51836 29027 42965 12921 12110 7723 1142 12652 15906 20080 16623 3094 3040 18669 112647 16082 10728 1489 8967 36523 23887 21195 1782
leaf_count=14682 25708 166931 6003 99404 35363 14232 4446 51836 29027 42965 12921 12110 7723 1142 12652 15906 20080 16623 3094 3040 18669 112647 16082 10728 1489 8967 36523 23887 21195 1782
internal_value=-0.0125166 -0.00507113 -0.00876354 -0.0224171 -0.0172722 -0.00629784 -0.00293031 -0.00188689 -0.00112009 -0.00952156 -0.0073756 -0.0105396 -0.0062938 -0.0167502 -0.0133473 -0.0127669 -0.0149929 -0.00429175 -0.00848835 -0.0142648 -0.0236397 -0.022945 -0.0194721 -0.0236998 -0.0095222 -0.0125805 -0.0216286 -0.0100283 -0.00568775 -0.00627576
internal_weight=847857 483926 250150 363931 69878 162655 79572 73984 233776 83083 57375 34515 19833 5588 87495 81492 44953 66845 22148 6134 294053 194649 34751 159898 44454 29047 47251 36539 50222 16014
internal_count=847857 483926 250150 363931 69878 162655 79572 73984 233776 83083 57375 34515 19833 5588 87495 81492 44953 66845 22148 6134 294053 194649 34751 159898 44454 29047 47251 36539 50222 16014
cat_boundaries=0 1 2 3 4 5 6 7
cat_threshold=1 1 7355936 377087 7355904 2449439 2760960
is_linear=0
shrinkage=0.05


Tree=200
num_leaves=31
num_cat=7
split_feature=18 18 2 2 3 0 3 3 0 3 3 4 0 4 4 3 3 3 17 4 3 3 3 3 3 3 8 0 8 0
split_gain=24954.5 2800.88 1139.61 912.422 1236.17 712.235 459.36 543.968 353.327 341.597 338.727 436.05 249.839 187.057 162.086 161.727 196.063 195.727 117.652 116.027 260.92 99.8527 97.8948 195.457 176.685 93.963 88.4888 82.0821 77.5971 75.4601
threshold=0.11947405338287355 0.44424292445182806 0 1 80.500000000000014 2 80.500000000000014 39.500000000000007 3 39.500000000000007 41.500000000000007 4.5000000000000009 4 4.5000000000000009 4.5000000000000009 46.500000000000007 55.500000000000007 74.500000000000014 0.07692307606339456 4.5000000000000009 35.500000000000007 80.500000000000014 43.500000000000007 57.500000000000007 46.500000000000007 73.500000000000014 3.4000000059604649 5 3.4000000059604649 6
decision_type=2 2 1 1 2 1 2 2 1 2 2 2 1 2 2 2 2 2 2 2 2 2 2 2 2 2 2 1 2 1
left_child=3 2 5 4 9 10 7 19 -3 -1 -2 21 -11 -8 27 -4 29 -18 22 28 -21 -12 -5 24 -24 -25 -19 -10 -7 -17
right_child=1 8 15 18 -6 6 13 -9 14 12 11 -13 -14 -15 -16 16 17 26 -20 20 -22 -23 23 25 -26 -27 -28 -29 -30 -31
leaf_value=0 0 6.495685592435265e-07 0 0 0 0 0 3.8727179036083422e-07 0 0 0 0.00016985774157425419 4.5152356744303633e-07 0.0034768481288996625 0.00017579332944300254 0 0 0 0 0 0 0 0 0 0 0 0 0 2.1294148478104597e-08 0
leaf_weight=14753 21345 166949 5971 99313 35297 14169 4413 51968 29051 12105 46245 14087 7638 1136 16621 12525 15823 20009 2784 3094 3004 1481 18205 112504 15197 46057 8941 21083 1757 23959
leaf_count=14753 21345 166949 5971 99313 35297 14169 4413 51968 29051 12105 46245 14087 7638 1136 16621 12525 15823 20009 2784 3094 3004 1481 18205 112504 15197 46057 8941 21083 1757 23959
internal_value=-0.0125163 -0.00507437 -0.00875386 -0.022408 -0.0172686 -0.00628169 -0.00289783 -0.00185763 -0.00113948 -0.0105375 -0.00951688 -0.00764281 -0.00623639 -0.0167733 -0.00421366 -0.013365 -0.0127814 -0.0149984 -0.0236278 -0.00844306 -0.014308 -0.00992436 -0.0237256 -0.0230663 -0.0195901 -0.0237986 -0.0125544 -0.0056329 -0.00619741 -0.0100606
internal_weight=847484 483631 249927 363853 69793 162699 79541 73992 233704 34496 83158 61813 19743 5549 66755 87228 81257 44773 294060 22024 6098 47726 291276 191963 33402 158561 28950 50134 15926 36484
internal_count=847484 483631 249927 363853 69793 162699 79541 73992 233704 34496 83158 61813 19743 5549 66755 87228 81257 44773 294060 22024 6098 47726 291276 191963 33402 158561 28950 50134 15926 36484
cat_boundaries=0 1 2 3 4 5 6 7
cat_threshold=1 1 7355936 377087 7355904 2760960 2449439
is_linear=0
shrinkage=0.05


Tree=201
num_leaves=31
num_cat=6
split_feature=18 18 2 2 3 0 3 3 0 3 5 3 0 5 3 3 3 5 17 5 3 3 3 3 3 3 8 8 3 0
split_gain=24952.6 2776.6 1140.39 916.862 1229.3 715.328 463.998 549.262 371.886 342.315 350.411 334.64 261.52 178.968 160.994 202.95 194.805 158.042 123.304 114.551 260.426 107.331 97.3014 195.393 172.687 93.1191 89.9027 79.0068 75.7567 73.8773
threshold=0.14271402359008792 0.44424292445182806 0 1 80.500000000000014 2 80.500000000000014 39.500000000000007 3 43.500000000000007 1.0000000180025095e-35 39.500000000000007 4 1.0000000180025095e-35 46.500000000000007 55.500000000000007 74.500000000000014 1.0000000180025095e-35 0.07692307606339456 1.0000000180025095e-35 35.500000000000007 80.500000000000014 43.500000000000007 57.500000000000007 46.500000000000007 73.500000000000014 3.4000000059604649 3.4000000059604649 56.500000000000007 5
decision_type=2 2 1 1 2 1 2 2 1 2 2 2 1 2 2 2 2 2 2 2 2 2 2 2 2 2 2 2 2 1
left_child=3 2 5 4 11 9 7 19 -3 -2 21 -1 -13 -8 -4 -16 28 29 22 27 -21 -11 -5 24 -24 -25 -18 -7 -17 -10
right_child=1 8 14 18 -6 6 13 -9 17 10 -12 12 -14 -15 15 16 26 -19 -20 20 -22 -23 23 25 -26 -27 -28 -29 -30 -31
leaf_value=0 0 6.1709013128135023e-07 0 0 0 0 0 3.6790820084279249e-07 0 0 -0.0002719655235532416 0 4.2894738907088447e-07 0.0033030057224546772 0 0 0 -3.8401314169966816e-05 0 0 0 0 0 0 0 0 0 2.0229441054199369e-08 0 0
leaf_weight=14881 25604 167052 5926 99426 35269 14141 4381 52085 29065 42957 12901 12124 7700 1096 36526 4396 19794 16518 3098 3094 3058 1483 18293 112445 15227 46039 8934 1765 11404 21202
leaf_count=14881 25604 167052 5926 99426 35269 14141 4381 52085 29065 42957 12901 12124 7700 1096 36526 4396 19794 16518 3098 3094 3058 1483 18293 112445 15227 46039 8934 1765 11404 21202
internal_value=-0.0125249 -0.00507652 -0.00874482 -0.0224026 -0.0172578 -0.00627241 -0.00288585 -0.00184879 -0.00116181 -0.00952173 -0.00737648 -0.010577 -0.00632314 -0.0169299 -0.0133657 -0.0127841 -0.0150501 -0.00431507 -0.0236249 -0.00846178 -0.0142555 -0.00948245 -0.0237304 -0.023073 -0.0196047 -0.0238065 -0.0125975 -0.00622092 -0.0195095 -0.00571001
internal_weight=847884 483382 249545 364502 69974 162565 79620 74143 233837 82945 57341 34705 19824 5477 86980 81054 44528 66785 294528 22058 6152 44440 291430 192004 33520 158484 28728 15906 15800 50267
internal_count=847884 483382 249545 364502 69974 162565 79620 74143 233837 82945 57341 34705 19824 5477 86980 81054 44528 66785 294528 22058 6152 44440 291430 192004 33520 158484 28728 15906 15800 50267
cat_boundaries=0 1 2 3 4 5 6
cat_threshold=1 1 7355936 377087 7355904 2760960
is_linear=0
shrinkage=0.05


Tree=202
num_leaves=31
num_cat=7
split_feature=18 18 2 2 3 0 3 3 0 3 4 3 0 4 3 3 3 4 4 3 3 3 3 3 3 8 3 0 8 0
split_gain=24944.7 2807.9 1140.03 921.765 1240.39 703.092 456.296 549.091 366.869 342.099 359.368 334.695 264.893 191.18 159.91 202.366 187.978 157.274 116.035 256.584 111.362 277.637 121.364 116.249 107.029 88.6494 82.9062 80.4708 79.3434 74.8512
threshold=0.1122730001807213 0.44424292445182806 0 1 80.500000000000014 2 80.500000000000014 39.500000000000007 3 43.500000000000007 4.5000000000000009 39.500000000000007 4 4.5000000000000009 46.500000000000007 55.500000000000007 74.500000000000014 4.5000000000000009 4.5000000000000009 35.500000000000007 44.500000000000007 57.500000000000007 46.500000000000007 73.500000000000014 80.500000000000014 3.4000000059604649 84.500000000000014 5 3.4000000059604649 6
decision_type=2 2 1 1 2 1 2 2 1 2 2 2 1 2 2 2 2 2 2 2 2 2 2 2 2 2 2 1 2 1
left_child=3 2 5 4 11 9 7 18 -3 -2 24 -1 -13 -8 -4 27 -17 29 28 -20 -5 22 -22 -23 -11 -18 -25 -16 -7 -10
right_child=1 8 14 20 -6 6 13 -9 17 10 -12 12 -14 -15 15 16 25 -19 19 -21 21 23 -24 26 -26 -27 -28 -29 -30 -31
leaf_value=0 0 5.8623562471728269e-07 0 0 0 0 0 3.4950992203766501e-07 0 0 9.6579257140658333e-05 0 4.0750001961734025e-07 0.0038820727869236685 0 0 0 -3.6481248461468473e-05 0 0 0 0 0 0 0 0 0 0 1.9217969001489402e-08 0
leaf_weight=14692 25743 167104 5990 106906 35278 14175 4390 51892 19987 43049 12854 12118 7685 1133 12625 15856 20069 16594 3077 3015 11149 112743 15994 30265 1491 9020 16839 23976 1777 30245
leaf_count=14692 25743 167104 5990 106906 35278 14175 4390 51892 19987 43049 12854 12118 7685 1133 12625 15856 20069 16594 3077 3015 11149 112743 15994 30265 1491 9020 16839 23976 1777 30245
internal_value=-0.012518 -0.00508385 -0.00876657 -0.0224133 -0.017247 -0.00628982 -0.00292535 -0.00189015 -0.00114607 -0.00950395 -0.00735704 -0.0105051 -0.00626294 -0.0167889 -0.0133671 -0.0127879 -0.0150356 -0.00427689 -0.00850118 -0.0143713 -0.0236398 -0.0229039 -0.0182285 -0.0236978 -0.00948249 -0.0126483 -0.0216118 -0.0100277 -0.0062594 -0.00567168
internal_weight=847731 484062 250132 363669 69773 162596 79459 73936 233930 83137 57394 34495 19803 5523 87536 81546 44945 66826 22044 6092 293896 186990 27143 159847 44540 29089 47104 36601 15952 50232
internal_count=847731 484062 250132 363669 69773 162596 79459 73936 233930 83137 57394 34495 19803 5523 87536 81546 44945 66826 22044 6092 293896 186990 27143 159847 44540 29089 47104 36601 15952 50232
cat_boundaries=0 1 2 3 4 5 6 7
cat_threshold=1 1 7355936 377087 7355904 2449439 2752768
is_linear=0
shrinkage=0.05


Tree=203
num_leaves=31
num_cat=6
split_feature=18 18 2 2 3 0 3 3 0 3 4 3 0 4 3 3 3 4 17 4 3 3 3 3 3 3 8 0 3 8
split_gain=24948.4 2776.69 1134.84 919.739 1243.53 703.532 459.971 558.667 366.26 341.94 360.152 339.634 263.504 193.854 156.279 205.107 192.509 153.576 120.767 114.131 254.775 105.896 96.6144 189.884 171.787 93.3056 92.2806 82.6522 77.4899 77.3713
threshold=0.12503665685653689 0.44424292445182806 0 1 80.500000000000014 2 80.500000000000014 39.500000000000007 3 43.500000000000007 4.5000000000000009 39.500000000000007 4 4.5000000000000009 46.500000000000007 55.500000000000007 74.500000000000014 4.5000000000000009 0.07692307606339456 4.5000000000000009 35.500000000000007 80.500000000000014 43.500000000000007 57.500000000000007 46.500000000000007 73.500000000000014 3.4000000059604649 5 45.500000000000007 3.4000000059604649
decision_type=2 2 1 1 2 1 2 2 1 2 2 2 1 2 2 2 2 2 2 2 2 2 2 2 2 2 2 1 2 2
left_child=3 2 5 4 11 9 7 19 -3 -2 21 -1 -13 -8 -4 27 -17 28 22 29 -21 -11 -5 24 -24 -25 -18 -16 -10 -7
right_child=1 8 14 18 -6 6 13 -9 17 10 -12 12 -14 -15 15 16 26 -19 -20 20 -22 -23 23 25 -26 -27 -28 -29 -30 -31
leaf_value=0 0 5.5692384348141859e-07 0 0 0 0 0 3.3203729469876966e-07 0 0 -6.9032781904448847e-05 0 3.8712501863647324e-07 0.0044055569691469065 0 0 0 -3.4657186038395047e-05 0 0 0 0 0 0 0 0 0 0 0 1.8257070551414933e-08
leaf_weight=14700 25671 166646 5918 99432 35281 14187 4415 51863 5234 42863 12950 12107 7717 1124 12586 15885 19935 16617 2946 3061 2998 1480 18300 112417 15138 45845 8877 23897 45051 1776
leaf_count=14700 25671 166646 5918 99432 35281 14187 4415 51863 5234 42863 12950 12107 7717 1124 12586 15885 19935 16617 2946 3061 2998 1480 18300 112417 15138 45845 8877 23897 45051 1776
internal_value=-0.0125213 -0.00507293 -0.00874077 -0.0224086 -0.0172491 -0.00627109 -0.00290619 -0.00186472 -0.00115479 -0.00949092 -0.00734339 -0.0105028 -0.00623234 -0.0168036 -0.0133453 -0.0127735 -0.0150441 -0.0042795 -0.0236334 -0.00853692 -0.0143794 -0.00948571 -0.0237353 -0.0230793 -0.0196558 -0.0238026 -0.0126076 -0.00999164 -0.00565725 -0.0063193
internal_weight=846917 483034 249486 363883 69805 162388 79424 73885 233548 82964 57293 34524 19824 5539 87098 81180 44697 66902 294078 22022 6059 44343 291132 191700 33438 158262 28812 36483 50285 15963
internal_count=846917 483034 249486 363883 69805 162388 79424 73885 233548 82964 57293 34524 19824 5539 87098 81180 44697 66902 294078 22022 6059 44343 291132 191700 33438 158262 28812 36483 50285 15963
cat_boundaries=0 1 2 3 4 5 6
cat_threshold=1 1 7355936 377087 7355904 2449439
is_linear=0
shrinkage=0.05


Tree=204
num_leaves=31
num_cat=6
split_feature=18 18 2 2 3 0 3 3 0 3 4 3 0 4 3 3 3 4 17 4 3 3 3 3 3 3 8 8 0 3
split_gain=25001.9 2769.57 1135.71 914.557 1234.24 711.495 454.37 556.197 362.896 344.824 352.882 331.638 256.471 185.714 161.028 203.569 193.459 158.752 124.005 113.571 257.01 108.311 97.1278 188.422 169.291 97.058 83.5084 78.3405 78.9616 77.0324
threshold=0.14271402359008792 0.44424292445182806 0 1 80.500000000000014 2 80.500000000000014 39.500000000000007 3 43.500000000000007 4.5000000000000009 39.500000000000007 4 4.5000000000000009 46.500000000000007 55.500000000000007 74.500000000000014 4.5000000000000009 0.07692307606339456 4.5000000000000009 35.500000000000007 80.500000000000014 43.500000000000007 57.500000000000007 46.500000000000007 73.500000000000014 3.4000000059604649 3.4000000059604649 5 45.500000000000007
decision_type=2 2 1 1 2 1 2 2 1 2 2 2 1 2 2 2 2 2 2 2 2 2 2 2 2 2 2 2 1 2
left_child=3 2 5 4 11 9 7 19 -3 -2 21 -1 -13 -8 -4 -16 -17 29 22 27 -21 -11 -5 24 -24 -25 -18 28 -7 -10
right_child=1 8 14 18 -6 6 13 -9 17 10 -12 12 -14 -15 15 16 26 -19 -20 20 -22 -23 23 25 -26 -27 -28 -29 -30 -31
leaf_value=0 0 5.2907765130734757e-07 0 0 0 0 0 3.1543542996383118e-07 0 0 -0.00014396501634177171 0 3.6776876770464961e-07 0.0034993454064618876 0 0 0 -3.292432673647529e-05 0 0 0 0 0 0 0 0 0 1.7344217023844185e-08 0 0
leaf_weight=14865 25627 166905 5919 99408 35188 5652 4384 51974 5265 42861 12866 12107 7684 1102 36510 15760 19842 16595 3124 3081 3026 1472 18280 112578 15193 45958 8852 1764 8530 45058
leaf_count=14865 25627 166905 5919 99408 35188 5652 4384 51974 5265 42861 12866 12107 7684 1102 36510 15760 19842 16595 3124 3081 3026 1472 18280 112578 15193 45958 8852 1764 8530 45058
internal_value=-0.0125171 -0.00505797 -0.00872515 -0.0224054 -0.0172613 -0.00625589 -0.00287621 -0.00184764 -0.00114927 -0.00949889 -0.0073406 -0.0105638 -0.00632484 -0.0167608 -0.0133389 -0.0127569 -0.015029 -0.0042598 -0.0236251 -0.00850111 -0.0142992 -0.00945627 -0.0237314 -0.0230746 -0.0196659 -0.0237943 -0.0125845 -0.00628057 -0.00751657 -0.00565894
internal_weight=847430 483045 249222 364385 69844 162339 79513 74027 233823 82826 57199 34656 19791 5486 86883 80964 44454 66918 294541 22053 6107 44333 291417 192009 33473 158536 28694 15946 14182 50323
internal_count=847430 483045 249222 364385 69844 162339 79513 74027 233823 82826 57199 34656 19791 5486 86883 80964 44454 66918 294541 22053 6107 44333 291417 192009 33473 158536 28694 15946 14182 50323
cat_boundaries=0 1 2 3 4 5 6
cat_threshold=1 1 7355936 377087 7355904 327703
is_linear=0
shrinkage=0.05


Tree=205
num_leaves=31
num_cat=6
split_feature=18 18 0 17 0 3 18 5 3 5 18 3 0 3 0 5 0 3 0 3 3 3 3 3 3 17 3 5 5 3
split_gain=24988.1 2796.52 461.682 379.983 365.442 262.616 225.113 152.687 151.609 148.364 125.829 107.689 97.2164 87.9223 93.808 81.9915 77.5941 66.5689 65.6584 64.5073 178.016 101.897 59.0716 106.451 74.488 55.5412 53.5121 105.513 50.9409 49.9453
threshold=0.14271402359008792 0.44424292445182806 0 0.15384615212678912 1 80.500000000000014 0.29799713194370275 1.0000000180025095e-35 35.500000000000007 1.0000000180025095e-35 0.24917653203010562 80.500000000000014 2 47.500000000000007 3 1.0000000180025095e-35 4 43.500000000000007 5 44.500000000000007 56.500000000000007 46.500000000000007 83.500000000000014 73.500000000000014 80.500000000000014 0.24675325304269793 35.500000000000007 1.0000000180025095e-35 1.0000000180025095e-35 43.500000000000007
decision_type=2 2 1 2 1 2 2 2 2 2 2 2 1 2 1 2 1 2 1 2 2 2 2 2 2 2 2 2 2 2
left_child=3 2 5 12 -3 8 11 16 9 18 29 13 19 14 17 -15 -6 26 -2 -1 21 -21 23 -22 -25 -17 27 -4 -13 -10
right_child=1 4 6 -5 7 -7 -8 -9 10 -11 -12 28 -14 15 -16 25 -18 -19 -20 20 22 -23 -24 24 -26 -27 -28 -29 -30 -31
leaf_value=0 7.9995080999935731e-05 5.0262376874198031e-07 0 0 0 0 0 -3.1278110399651526e-05 0 0 0 0 0 0 0 0 0 0 0 0 0 0 0 0 0 -1.5021428157173534e-06 0 0 0 0
leaf_weight=58983 1157 166870 2648 3906 29069 7208 44684 16544 5257 1817 49830 6572 193713 52920 25597 12524 21138 3181 3662 5848 53887 8941 17242 12344 9736 3238 4486 1056 1526 21821
leaf_count=58983 1157 166870 2648 3906 29069 7208 44684 16544 5257 1817 49830 6572 193713 52920 25597 12524 21138 3181 3662 5848 53887 8941 17242 12344 9736 3238 4486 1056 1526 21821
internal_value=-0.0125178 -0.00505654 -0.00874113 -0.0223981 -0.0011265 -0.00589509 -0.0103704 -0.00425286 -0.00510569 -0.0123568 -0.00448003 -0.0115523 -0.0225661 -0.0111264 -0.0130924 -0.0100681 -0.00562621 -0.00928082 -0.00776613 -0.0216624 -0.0209374 -0.0158412 -0.021746 -0.0211464 -0.0182224 -0.00690268 -0.00690476 -0.0113526 -0.0171092 -0.00722358
internal_weight=847405 482805 249184 364600 233621 90752 158432 66751 83544 6636 76908 113748 360694 105650 36968 68682 50207 11371 4819 166981 107998 14789 93209 75967 22080 15762 8190 3704 8098 27078
internal_count=847405 482805 249184 364600 233621 90752 158432 66751 83544 6636 76908 113748 360694 105650 36968 68682 50207 11371 4819 166981 107998 14789 93209 75967 22080 15762 8190 3704 8098 27078
cat_boundaries=0 1 2 3 4 5 6
cat_threshold=672205 377087 5906312 360498 2760960 5
is_linear=0
shrinkage=0.05


Tree=206
num_leaves=31
num_cat=7
split_feature=17 16 3 3 3 3 0 4 3 0 3 0 17 0 0 0 3 3 4 7 3 3 21 4 3 4 7 0 3 3
split_gain=11273.8 5724.86 813.794 885.576 1440.42 739.117 472.776 307.46 293.696 274.764 200.004 136.888 114.534 98.576 89.6818 88.4147 78.4741 77.0324 76.584 73.801 71.7105 56.9231 56.0685 52.5215 61.1349 51.5615 50.0599 49.4466 49.089 42.2112
threshold=0.19230768829584124 0.30066643655300146 81.500000000000014 45.500000000000007 56.500000000000007 74.500000000000014 0 4.5000000000000009 47.500000000000007 1 78.500000000000014 2 1.013157904148102 3 4 5 84.500000000000014 45.500000000000007 4.5000000000000009 22.800000190734867 46.500000000000007 35.500000000000007 4.1888229846954355 4.5000000000000009 53.500000000000007 4.5000000000000009 23.500000000000004 6 53.500000000000007 57.500000000000007
decision_type=2 2 2 2 2 2 1 2 2 1 2 1 2 1 1 1 2 2 2 2 2 2 2 2 2 2 2 1 2 2
left_child=1 2 3 13 8 15 7 20 18 17 14 -10 27 -1 -7 -6 -4 -3 -5 -12 -2 -15 -21 -14 -25 -19 -23 -8 -13 -17
right_child=6 9 16 4 5 10 12 -9 11 -11 19 28 23 21 -16 29 -18 25 -20 22 -22 26 -24 24 -26 -27 -28 -29 -30 -31
leaf_value=0 0 0 0 0 0 0 0 0 0 0 0 0 0 0 0 0 0 0 0 0 0 0 0 0.019514074045803308 -0.00033965149096337743 0 0 0 0 0
leaf_weight=75825 6252 5999 31794 12146 22572 11053 28829 12438 20524 64010 6839 17911 40721 29608 15415 7723 36239 19351 4679 15647 29095 6239 3588 10832 11275 5755 64030 73499 11582 145123
leaf_count=75825 6252 5999 31794 12146 22572 11053 28829 12438 20524 64010 6839 17911 40721 29608 15415 7723 36239 19351 4679 15647 29095 6239 3588 10832 11275 5755 64030 73499 11582 145123
internal_value=-0.0125144 -0.0158592 -0.0178565 -0.0171174 -0.0154427 -0.0173353 -0.00256116 -0.00694058 -0.00898836 -0.00455054 -0.0121332 -0.0070661 -0.00129355 -0.0199272 -0.00907133 -0.0188934 -0.0229679 -0.00840511 -0.0147028 -0.0152412 -0.00932116 -0.0188766 -0.0168274 0.00038677 0.0023488 -0.00719151 -0.0181036 -0.00232537 -0.00487832 -0.0193296
internal_weight=846593 633652 538537 470504 294802 227960 212941 47785 66842 95115 52542 50017 165156 175702 26468 175418 68033 31105 16825 26074 35347 99877 19235 62828 22107 25106 70269 102328 29493 152846
internal_count=846593 633652 538537 470504 294802 227960 212941 47785 66842 95115 52542 50017 165156 175702 26468 175418 68033 31105 16825 26074 35347 99877 19235 62828 22107 25106 70269 102328 29493 152846
cat_boundaries=0 1 2 3 4 5 6 7
cat_threshold=5258752 7355904 5283328 7355920 3186432 655496 262165
is_linear=0
shrinkage=0.05


Tree=207
num_leaves=31
num_cat=8
split_feature=18 18 2 2 0 0 4 18 17 4 17 19 19 0 19 19 4 0 0 8 8 17 19 0 17 13 8 21 4 4
split_gain=24873.1 2771.89 1129.24 926.634 703.405 352.644 306.736 154.128 152.162 148.747 127.081 125.688 127.744 116.038 111.828 79.3061 96.624 84.2382 77.473 75.8176 75.3911 74.082 58.8419 57.9043 51.5346 45.7261 86.3752 96.2708 68.0969 36.4521
threshold=0.14271402359008792 0.44424292445182806 0 1 2 3 4.5000000000000009 0.18460166454315188 0.19230768829584124 4.5000000000000009 0.07692307606339456 1.005101263523102 0.99999997019767772 4 1.0295199751853945 0.99999997019767772 4.5000000000000009 5 6 3.4000000059604649 3.4000000059604649 0.10457963496446611 0.99999997019767772 7 0.14379699528217318 0.9787137806415559 1.0000000180025095e-35 4.1608099937438974 4.5000000000000009 4.5000000000000009
decision_type=2 2 1 1 1 1 2 2 2 2 2 2 2 1 2 2 2 1 1 2 2 2 2 1 2 2 2 2 2 2
left_child=3 2 4 8 6 -3 23 -4 13 18 -5 12 -8 -1 15 17 19 25 -7 -17 -9 -18 29 -2 -14 -6 -27 -28 -29 -15
right_child=1 5 7 10 14 9 11 20 -10 -11 -12 -13 24 22 -16 16 21 -19 -20 -21 -22 -23 -24 -25 -26 26 27 28 -30 -31
leaf_value=0 0 4.7749258030488121e-07 0 0 -0.0011182376010376834 0 0 0 0 -2.9714204879668956e-05 0 0.00026130117247906236 0 0 1.6484148536438355e-08 0 0 0 0 2.998310956723683e-07 0 -0.0014380190863907897 0 0 -0.001407674297774367 0 -1.0971469167806433e-05 2.9966365846563959e-07 -0.0013642337903841907 0
leaf_weight=29271 15860 166947 38676 291368 4024 29106 5826 34712 2078 16520 3112 9105 3673 17494 21558 15723 5288 22178 21222 2553 13596 1475 19253 47345 1203 4537 546 1441 302 1871
leaf_count=29271 15860 166947 38676 291368 4024 29106 5826 34712 2078 16520 3112 9105 3673 17494 21558 15723 5288 22178 21222 2553 13596 1475 19253 47345 1203 4537 546 1441 302 1871
internal_value=-0.0125348 -0.00509902 -0.00876318 -0.022398 -0.00630376 -0.00118683 -0.00952398 -0.0133617 -0.0172256 -0.00425529 -0.0236269 -0.00409577 -0.00776958 -0.0176336 -0.002945 -0.00408709 -0.00620931 -0.0024782 -0.00560722 -0.00431987 -0.0114784 -0.0113152 -0.019447 -0.0112266 -0.0137408 0.0011326 0.00362584 0.0115443 0.0172834 -0.0213981
internal_weight=847863 483416 249621 364447 162637 233795 83012 86984 69967 66848 294480 19807 10702 67889 79625 58067 25039 33028 50328 18276 48308 6763 38618 63205 4876 10850 6826 2289 1743 19365
internal_count=847863 483416 249621 364447 162637 233795 83012 86984 69967 66848 294480 19807 10702 67889 79625 58067 25039 33028 50328 18276 48308 6763 38618 63205 4876 10850 6826 2289 1743 19365
cat_boundaries=0 1 2 3 4 5 6 7 8
cat_threshold=1 1 7355936 377087 1707912 655488 2760960 4198400
is_linear=0
shrinkage=0.05


Tree=208
num_leaves=31
num_cat=9
split_feature=18 18 2 2 0 7 0 4 18 4 7 8 7 7 19 19 17 0 6 7 0 13 21 4 17 0 7 8 6 7
split_gain=24979.9 2746.87 1148.98 917.803 730.135 587.309 367.567 297.403 154.149 152.502 144.877 133.501 221.243 129.554 120.542 129.102 113.999 99.1648 87.9633 226.821 79.0917 83.8848 121.097 112.538 78.6098 73.31 73.0513 72.449 67.84 86.3471
threshold=0.11947405338287355 0.44424292445182806 0 1 2 27.10000038146973 3 4.5000000000000009 0.18460166454315188 4.5000000000000009 21.500000000000004 3.4000000059604649 27.10000038146973 30.10000038146973 1.005101263523102 0.99999997019767772 0.07692307606339456 4 5 23.500000000000004 6 0.9787137806415559 4.1608099937438974 4.5000000000000009 0.24675325304269793 7 28.899999618530277 3.4000000059604649 8 25.899999618530277
decision_type=2 2 1 1 1 2 1 2 2 2 2 2 2 2 2 2 2 1 1 2 1 2 2 2 2 1 2 2 1 2
left_child=3 2 4 5 7 18 -3 13 -4 25 -6 12 24 -2 15 -9 -5 -7 19 -1 21 -13 -23 -24 28 -8 -17 -10 29 -12
right_child=1 6 8 16 10 17 9 14 27 -11 11 20 -14 -15 -16 26 -18 -19 -20 -21 -22 22 23 -25 -26 -27 -28 -29 -30 -31
leaf_value=0 0 4.5361795128963719e-07 0 0 0 0 0 0 0 -2.8228494635685507e-05 0 -0.00039689564781167147 0 0 0.00016771899910452854 0 0 0 0 0 -3.6519929449270672e-07 -1.0423046862376908e-05 2.9882569742959276e-07 -0.001221141585804109 0 0 -0.012221920969803141 0 0 -2.3343022500401254e-08
leaf_weight=20802 42197 166899 39092 291308 3665 6458 29035 5846 34713 16576 6149 3148 40898 21120 9039 3720 2817 11725 19946 10977 7835 855 2276 752 5226 21212 1093 13533 5417 3416
leaf_count=20802 42197 166899 39092 291308 3665 6458 29035 5846 34713 16576 6149 3148 40898 21120 9039 3720 2817 11725 19946 10977 7835 855 2276 752 5226 21212 1093 13533 5417 3416
internal_value=-0.0125151 -0.00506934 -0.00871255 -0.0224088 -0.00622864 -0.0172591 -0.00117255 -0.00950949 -0.0133384 -0.00430588 -0.00280707 -0.00233902 -0.00337283 -0.0111799 -0.00414509 -0.00774697 -0.0236327 -0.00952951 -0.0199763 -0.0183059 0.0019104 0.00575557 0.0106812 0.0153732 -0.00765291 -0.00567845 -0.0138116 -0.0114476 -0.00949473 -0.00693734
internal_weight=847745 483712 249990 364033 162652 69908 233722 83015 87338 66823 79637 75972 61106 63317 19698 10659 294125 18183 51725 31779 14866 7031 3883 3028 20208 50247 4813 48246 14982 9565
internal_count=847745 483712 249990 364033 162652 69908 233722 83015 87338 66823 79637 75972 61106 63317 19698 10659 294125 18183 51725 31779 14866 7031 3883 3028 20208 50247 4813 48246 14982 9565
cat_boundaries=0 1 2 3 4 5 6 7 8 9
cat_threshold=1 1 7355936 377087 950767 28 917713 2760960 12
is_linear=0
shrinkage=0.05


Tree=209
num_leaves=31
num_cat=8
split_feature=2 3 17 0 16 3 3 3 3 4 3 3 17 3 7 4 3 0 8 0 0 3 7 0 0 3 21 3 0 4
split_gain=16099.5 5381.27 3642.79 2096.02 1682.16 869.258 607.909 552.84 1401.39 544.372 487.549 272.328 268.593 246.603 279.626 233.218 174.285 173.495 172.674 135.266 125.625 123.966 102.739 92.2624 89.7815 88.7498 110.504 87.6381 85.579 83.73
threshold=0 80.500000000000014 0.15384615212678912 1 0.18065268546342853 43.500000000000007 38.500000000000007 45.500000000000007 56.500000000000007 4.5000000000000009 73.500000000000014 47.500000000000007 0.18301435559988025 84.500000000000014 22.300000190734867 4.5000000000000009 35.500000000000007 2 3.4000000059604649 3 4 81.500000000000014 28.69999980926514 5 6 78.500000000000014 4.1990888118743905 74.500000000000014 7 4.5000000000000009
decision_type=1 2 2 1 2 2 2 2 2 2 2 2 2 2 2 2 2 1 2 1 1 2 2 1 1 2 2 2 1 2
left_child=1 3 4 5 7 -1 15 -2 11 19 -10 -9 21 14 -12 17 -17 -5 23 -7 -13 29 -21 -4 -6 27 -27 -16 -20 -3
right_child=2 12 18 6 24 9 -8 8 10 -11 13 20 -14 -15 25 16 -18 -19 28 22 -22 -23 -24 -25 -26 26 -28 -29 -30 -31
leaf_value=0 0 0 0 3.4135974976196406e-08 0 0 2.6968980709992465e-07 0 0 0.00023985016389988282 0 0 0 0 0 0 0 0 1.5081109839626218e-05 0 0 0 0 0 0 0 0 0 0 -0.0014227879425069592
leaf_weight=36174 115169 4874 19840 11567 16065 19762 208059 12014 123163 22761 7885 14301 1746 17841 6216 5615 4444 14674 11130 21535 18595 36684 34240 10998 9202 19028 3072 13392 6108 722
leaf_count=36174 115169 4874 19840 11567 16065 19762 208059 12014 123163 22761 7885 14301 1746 17841 6216 5615 4444 14674 11130 21535 18595 36684 34240 10998 9202 19028 3072 13392 6108 722
internal_value=-0.0125253 -0.00562194 -0.0194098 -0.00369908 -0.0210671 -0.00871232 -0.00093987 -0.0219649 -0.0205766 -0.00627429 -0.0224488 -0.0126308 -0.0221676 -0.0190312 -0.0172177 -0.00691047 -0.0133835 -0.00442914 -0.0064502 -0.00831679 -0.0102778 -0.0229612 -0.00705252 -0.00869058 -0.00860708 -0.0188501 -0.0210226 -0.0164015 -0.00244228 -0.0160293
internal_weight=846876 422857 424019 378831 375943 134472 244359 350676 235507 98298 190597 44910 44026 67434 49593 36300 10059 26241 48076 75537 32896 42280 55775 30838 25267 41708 22100 19608 17238 5596
internal_count=846876 422857 424019 378831 375943 134472 244359 350676 235507 98298 190597 44910 44026 67434 49593 36300 10059 26241 48076 75537 32896 42280 55775 30838 25267 41708 22100 19608 17238 5596
cat_boundaries=0 1 2 3 4 5 6 7 8
cat_threshold=1 7355904 327703 4198400 2973759 352383 2449527 2580595
is_linear=0
shrinkage=0.05


Tree=210
num_leaves=31
num_cat=8
split_feature=18 18 2 2 3 0 3 3 0 3 4 3 0 4 3 3 3 4 17 3 4 3 3 3 3 3 6 6 3 0
split_gain=24999.2 2704.58 1155.01 930.029 1246.4 744.349 394.556 522.164 368.048 348.772 390.335 346.399 271.092 161.42 159.416 203.436 189.106 147.979 120.858 103.662 102.723 259.597 96.5047 185.055 166.116 94.4209 89.0557 81.8661 77.3323 74.5379
threshold=0.13445998728275302 0.44424292445182806 0 1 80.500000000000014 2 80.500000000000014 39.500000000000007 3 42.500000000000007 4.5000000000000009 39.500000000000007 4 4.5000000000000009 46.500000000000007 55.500000000000007 74.500000000000014 4.5000000000000009 0.07692307606339456 80.500000000000014 4.5000000000000009 35.500000000000007 43.500000000000007 57.500000000000007 46.500000000000007 73.500000000000014 5 6 56.500000000000007 7
decision_type=2 2 1 1 2 1 2 2 1 2 2 2 1 2 2 2 2 2 2 2 2 2 2 2 2 2 1 1 2 1
left_child=3 2 5 4 11 9 7 20 -3 -2 19 -1 -13 -8 -4 -16 28 29 22 -11 27 -22 -5 24 -24 -25 -18 -7 -17 -10
right_child=1 8 14 18 -6 6 13 -9 17 10 -12 12 -14 -15 15 16 26 -19 -20 -21 21 -23 23 25 -26 -27 -28 -29 -30 -31
leaf_value=0 0 4.1745256337015912e-07 0 0 0 1.9753015120771893e-08 0 2.7040015896390134e-07 0 0 9.0407676000942293e-05 0 3.3615126523994938e-07 0.0025654892527534889 0 0 0 -7.9682427030403145e-05 0 0 0 0 0 0 0 0 0 0 0 0
leaf_weight=14816 23478 167031 5970 99483 35262 1771 4377 52008 29110 44494 13442 12157 7645 1124 36433 4393 8923 16605 3031 1487 3066 3070 18349 112555 15200 45892 19926 14194 11346 21123
leaf_count=14816 23478 167031 5970 99483 35262 1771 4377 52008 29110 44494 13442 12157 7645 1124 36433 4393 8923 16605 3031 1487 3066 3070 18349 112555 15200 45892 19926 14194 11346 21123
internal_value=-0.0125133 -0.00505849 -0.00867949 -0.0224024 -0.0172167 -0.0061905 -0.00273612 -0.00177745 -0.00119543 -0.00950628 -0.00746891 -0.0104772 -0.00615089 -0.0156562 -0.0133293 -0.0127482 -0.015013 -0.00433072 -0.0236328 -0.00965997 -0.00821569 -0.0137141 -0.0237361 -0.0230812 -0.0197077 -0.0237955 -0.0126079 -0.00610241 -0.0194215 -0.00568401
internal_weight=847761 483371 249502 364390 69880 162511 79610 74109 233869 82901 59423 34618 19802 5501 86991 81021 44588 66838 294510 45981 22101 6136 291479 191996 33549 158447 28849 15965 15739 50233
internal_count=847761 483371 249502 364390 69880 162511 79610 74109 233869 82901 59423 34618 19802 5501 86991 81021 44588 66838 294510 45981 22101 6136 291479 191996 33549 158447 28849 15965 15739 50233
cat_boundaries=0 1 2 3 4 5 6 7 8
cat_threshold=1 1 7355936 377087 7355904 16 16 2760960
is_linear=0
shrinkage=0.05


Tree=211
num_leaves=31
num_cat=6
split_feature=18 18 2 2 3 0 3 3 0 3 4 3 0 4 3 3 3 4 3 3 3 3 4 3 3 8 8 3 0 3
split_gain=25001.1 2767.13 1156.2 914.722 1224.81 745.032 403.813 514.888 366.633 340.115 400.438 322.462 261.755 164.774 159.951 204.539 189.55 155.218 110.673 205.887 189.187 115.293 105.621 264.753 105.343 88.5877 88.5409 82.3906 82.0414 77.3244
threshold=0.1122730001807213 0.44424292445182806 0 1 80.500000000000014 2 80.500000000000014 39.500000000000007 3 42.500000000000007 4.5000000000000009 39.500000000000007 4 4.5000000000000009 46.500000000000007 55.500000000000007 74.500000000000014 4.5000000000000009 43.500000000000007 57.500000000000007 46.500000000000007 73.500000000000014 4.5000000000000009 35.500000000000007 80.500000000000014 3.4000000059604649 3.4000000059604649 84.500000000000014 5 56.500000000000007
decision_type=2 2 1 1 2 1 2 2 1 2 2 2 1 2 2 2 2 2 2 2 2 2 2 2 2 2 2 2 1 2
left_child=3 2 5 4 11 9 7 22 -3 -2 24 -1 -13 -8 -4 28 29 -10 -5 20 -20 -21 26 -24 -11 -18 -7 -23 -16 -17
right_child=1 8 14 18 -6 6 13 -9 17 10 -12 12 -14 -15 15 16 25 -19 19 21 -22 27 23 -25 -26 -27 -28 -29 -30 -31
leaf_value=0 0 3.9657993520165117e-07 0 0 0 0 0 2.5687991425492178e-07 0 0 0.00014282015715426087 0 3.1908827570242343e-07 0.0036420769529895342 0 0 0 -2.2832948552381075e-05 0 0 0 0 0 0 0 0 1.9441590857405459e-08 0 0 0
leaf_weight=14710 23558 166915 6021 99528 35110 14231 4418 51932 50307 44483 13435 12082 7668 1092 12652 4408 20122 16680 18596 112571 16127 30193 3122 3050 1525 8964 1771 16881 23959 11498
leaf_count=14710 23558 166915 6021 99528 35110 14231 4418 51932 50307 44483 13435 12082 7668 1092 12652 4408 20122 16680 18596 112571 16127 30193 3122 3050 1525 8964 1771 16881 23959 11498
internal_value=-0.0125129 -0.00507252 -0.00872709 -0.0224237 -0.0172682 -0.00623228 -0.00277548 -0.00180485 -0.00116267 -0.00954663 -0.00753285 -0.0105717 -0.00639747 -0.0158348 -0.0133571 -0.0127768 -0.0150349 -0.00428713 -0.0236441 -0.0229498 -0.0194604 -0.0237087 -0.00818301 -0.0137395 -0.00975048 -0.0126349 -0.00603987 -0.0216308 -0.0100018 -0.0194235
internal_weight=847609 484143 250241 363466 69570 162617 79616 74106 233902 83001 59443 34460 19750 5510 87624 81603 44992 66987 293896 194368 34723 159645 22174 6172 46008 29086 16002 47074 36611 15906
internal_count=847609 484143 250241 363466 69570 162617 79616 74106 233902 83001 59443 34460 19750 5510 87624 81603 44992 66987 293896 194368 34723 159645 22174 6172 46008 29086 16002 47074 36611 15906
cat_boundaries=0 1 2 3 4 5 6
cat_threshold=1 1 7355936 377087 7355904 2449439
is_linear=0
shrinkage=0.05


Tree=212
num_leaves=31
num_cat=6
split_feature=18 18 0 17 0 18 3 4 3 4 18 3 0 3 0 4 3 0 3 3 8 3 3 3 3 17 0 3 3 3
split_gain=24980.4 2746.41 493.412 371.011 354.809 232.796 227.152 153.529 134.767 140.575 114.107 108.306 96.9857 91.3582 94.4935 81.5317 75.1804 67.8062 64.1566 61.8899 75.1912 65.922 60.4377 181.085 102.751 57.9343 56.9594 56.6143 107.306 74.8918
threshold=0.11947405338287355 0.44424292445182806 0 0.15384615212678912 1 0.32810029387474066 80.500000000000014 4.5000000000000009 35.500000000000007 4.5000000000000009 0.24142409861087802 80.500000000000014 2 47.500000000000007 3 4.5000000000000009 45.500000000000007 4 43.500000000000007 43.500000000000007 3.4000000059604649 39.500000000000007 44.500000000000007 56.500000000000007 46.500000000000007 0.21192982047796252 5 83.500000000000014 73.500000000000014 80.500000000000014
decision_type=2 2 1 2 1 2 2 2 2 2 2 2 1 2 1 2 2 1 2 2 2 2 2 2 2 2 1 2 2 2
left_child=3 2 6 12 -3 11 8 16 9 17 19 13 22 14 18 -15 -6 -2 -4 20 21 -10 -1 24 -24 -17 -18 28 -25 -30
right_child=1 4 5 -5 7 -7 -8 -9 10 -11 -12 -13 -14 15 -16 25 26 -19 -20 -21 -22 -23 23 27 -26 -27 -28 -29 29 -31
leaf_value=0 7.5993620151190128e-05 3.7675093844156865e-07 0 0 0 0 0 -2.169130112476202e-05 0 0 0 0 0 0 0 0 0 0 0 0 6.1724544417190924e-07 1.198507537775185e-06 0 0 0 -1.4270356749314858e-06 0 0 0 0
leaf_weight=59076 1151 167011 8267 3701 5229 44199 7270 16564 2729 1823 49944 8197 193202 53284 25809 12532 30543 3730 3231 21926 732 1731 5912 53947 8968 3283 14536 17119 12346 9715
leaf_count=59076 1151 167011 8267 3701 5229 44199 7270 16564 2729 1823 49944 8197 193202 53284 25809 12532 30543 3730 3231 21926 732 1731 5912 53947 8968 3283 14536 17119 12346 9715
internal_value=-0.0125091 -0.00506361 -0.00870884 -0.0224037 -0.00116971 -0.0103915 -0.00577181 -0.00424703 -0.00503665 -0.0118362 -0.00444512 -0.0115811 -0.0225655 -0.0111544 -0.0131483 -0.0100779 -0.00562237 -0.00741139 -0.00934567 -0.0070562 -0.00214753 -0.0045852 -0.0216638 -0.0209618 -0.0158401 -0.00692539 -0.00496406 -0.0217802 -0.0211951 -0.0182573
internal_weight=847707 483721 249838 363986 233883 158802 91036 66872 83766 6704 77062 114603 360285 106406 37307 69099 50308 4881 11498 27118 5192 4460 167083 108007 14880 15815 45079 93127 76008 22061
internal_count=847707 483721 249838 363986 233883 158802 91036 66872 83766 6704 77062 114603 360285 106406 37307 69099 50308 4881 11498 27118 5192 4460 167083 108007 14880 15815 45079 93127 76008 22061
cat_boundaries=0 1 2 3 4 5 6
cat_threshold=672205 377087 5906312 360498 5 2761472
is_linear=0
shrinkage=0.05


Tree=213
num_leaves=31
num_cat=9
split_feature=18 18 2 2 3 0 3 3 0 3 4 3 0 4 3 3 3 4 17 4 3 3 3 3 3 3 6 0 0 0
split_gain=24971.4 2729.96 1143.77 924.923 1239.97 743.625 404.095 517.865 363.265 344.969 425.298 329.565 261.608 164.62 161.781 205.913 191.283 154.143 121.804 103.019 255.465 102.553 96.542 188.31 169.308 93.9563 90.5892 77.0909 74.141 72.4338
threshold=0.14271402359008792 0.44424292445182806 0 1 80.500000000000014 2 80.500000000000014 39.500000000000007 3 41.500000000000007 4.5000000000000009 39.500000000000007 4 4.5000000000000009 46.500000000000007 55.500000000000007 74.500000000000014 4.5000000000000009 0.07692307606339456 4.5000000000000009 35.500000000000007 80.500000000000014 43.500000000000007 57.500000000000007 46.500000000000007 73.500000000000014 5 6 7 8
decision_type=2 2 1 1 2 1 2 2 1 2 2 2 1 2 2 2 2 2 2 2 2 2 2 2 2 2 1 1 1 1
left_child=3 2 5 4 11 9 7 19 -3 -2 21 -1 -13 -8 -4 27 -17 28 22 -7 -21 29 -5 24 -24 -25 -18 -16 -10 -11
right_child=1 8 14 18 -6 6 13 -9 17 10 -12 12 -14 -15 15 16 26 -19 -20 20 -22 -23 23 25 -26 -27 -28 -29 -30 -31
leaf_value=0 0 3.579133915194902e-07 0 0 0 0 0 2.4403283311874994e-07 0 0 7.8746284343182132e-05 0 3.0313386191730229e-07 0.0030309815761923849 0 0 0 -2.0606736068523921e-05 0 0 0 0 0 0 0 0 0 0 0 0
leaf_weight=14884 21238 166890 5963 99472 35296 15963 4407 52039 29086 12936 13989 12185 7692 1114 12569 15766 8834 16503 3115 3045 3041 1484 18191 112496 15127 45909 19812 23844 21195 33081
leaf_count=14884 21238 166890 5963 99472 35296 15963 4407 52039 29086 12936 13989 12185 7692 1114 12569 15766 8834 16503 3115 3045 3041 1484 18191 112496 15127 45909 19812 23844 21195 33081
internal_value=-0.0125203 -0.00506282 -0.00870416 -0.0224018 -0.0172385 -0.00622702 -0.00277603 -0.00180394 -0.0011807 -0.0095464 -0.00765002 -0.0105355 -0.00632263 -0.0158259 -0.0133377 -0.0127513 -0.0150365 -0.00429679 -0.0236309 -0.008226 -0.0137611 -0.00990663 -0.0237361 -0.0230803 -0.0196635 -0.023799 -0.0126021 -0.00996416 -0.00567361 -0.00948943
internal_weight=847166 482799 249125 364367 70057 162337 79609 74088 233674 82728 61490 34761 19877 5521 86788 80825 44412 66784 294310 22049 6086 47501 291195 191723 33318 158405 28646 36413 50281 46017
internal_count=847166 482799 249125 364367 70057 162337 79609 74088 233674 82728 61490 34761 19877 5521 86788 80825 44412 66784 294310 22049 6086 47501 291195 191723 33318 158405 28646 36413 50281 46017
cat_boundaries=0 1 2 3 4 5 6 7 8 9
cat_threshold=1 1 7355936 377087 7355904 16 2449439 2760960 4198400
is_linear=0
shrinkage=0.05


Tree=214
num_leaves=31
num_cat=7
split_feature=18 18 2 2 3 0 3 3 0 3 4 3 0 4 4 3 3 3 17 3 4 3 3 3 3 3 8 0 3 0
split_gain=25000.4 2766.28 1143.2 924.631 1234.09 744.477 398.632 512.457 357.766 335.729 356.087 328.125 265.615 166.215 159.476 159.33 200.813 190.737 122.104 110.311 107.534 257.143 97.3765 192.441 171.949 92.2295 87.6712 78.2241 76.9995 75.7733
threshold=0.14271402359008792 0.44424292445182806 0 1 80.500000000000014 2 80.500000000000014 39.500000000000007 3 43.500000000000007 4.5000000000000009 39.500000000000007 4 4.5000000000000009 4.5000000000000009 46.500000000000007 55.500000000000007 74.500000000000014 0.07692307606339456 80.500000000000014 4.5000000000000009 35.500000000000007 43.500000000000007 57.500000000000007 46.500000000000007 73.500000000000014 3.4000000059604649 5 56.500000000000007 6
decision_type=2 2 1 1 2 1 2 2 1 2 2 2 1 2 2 2 2 2 2 2 2 2 2 2 2 2 2 1 2 1
left_child=3 2 5 4 11 9 7 20 -3 -2 19 -1 -13 -8 29 -4 27 28 22 -11 -7 -22 -5 24 -24 -25 -19 -17 -18 -10
right_child=1 8 15 18 -6 6 13 -9 14 10 -12 12 -14 -15 -16 16 17 26 -20 -21 21 -23 23 25 -26 -27 -28 -29 -30 -31
leaf_value=0 0 3.4001772194351571e-07 0 0 0 0 0 2.3182134624565518e-07 0 0 -0.00027264483198045263 0 2.8797716882143716e-07 0.0033084240265304349 4.3327692241892925e-05 0 0 0 0 0 0 0 0 0 0 0 0 0 0 0
leaf_weight=14805 25632 166920 5946 99422 35148 15956 4394 51924 20127 42988 12835 12204 7671 1116 16576 12584 4374 19944 3106 1495 3067 3055 18248 112480 15274 45847 8875 23817 11378 30197
leaf_count=14805 25632 166920 5946 99422 35148 15956 4394 51924 20127 42988 12835 12204 7671 1116 16576 12584 4374 19944 3106 1495 3067 3055 18248 112480 15274 45847 8875 23817 11378 30197
internal_value=-0.0125058 -0.00504977 -0.00871301 -0.0223979 -0.0172252 -0.00623684 -0.00277848 -0.00181279 -0.00114276 -0.00955039 -0.00742437 -0.0105334 -0.00633585 -0.0157532 -0.0042318 -0.0133413 -0.0127612 -0.0150114 -0.0236249 -0.00954129 -0.00819368 -0.0138272 -0.02373 -0.0230719 -0.0196304 -0.0238006 -0.0125933 -0.0100059 -0.0194356 -0.00563349
internal_weight=847405 483200 249380 364205 69828 162462 79512 74002 233820 82950 57318 34680 19875 5510 66900 86918 80972 44571 294377 44483 22078 6122 291271 191849 33522 158327 28819 36401 15752 50324
internal_count=847405 483200 249380 364205 69828 162462 79512 74002 233820 82950 57318 34680 19875 5510 66900 86918 80972 44571 294377 44483 22078 6122 291271 191849 33522 158327 28819 36401 15752 50324
cat_boundaries=0 1 2 3 4 5 6 7
cat_threshold=1 1 7355936 377087 7355904 2449439 2752768
is_linear=0
shrinkage=0.05


Tree=215
num_leaves=31
num_cat=7
split_feature=18 18 2 2 3 0 3 3 0 3 4 3 0 3 3 3 4 4 17 3 4 3 3 3 3 3 8 0 3 0
split_gain=24945.6 2744.16 1140.3 933.387 1251.27 742.658 398.612 536.001 365.525 341.745 357.508 326.916 259.418 161.615 205.799 187.263 157.612 150.848 116.632 108.848 108.45 255.17 97.1827 189.716 172.195 94.2936 90.9087 77.1568 76.5441 75.6736
threshold=0.13445998728275302 0.44424292445182806 0 1 80.500000000000014 2 80.500000000000014 39.500000000000007 3 43.500000000000007 4.5000000000000009 39.500000000000007 4 46.500000000000007 55.500000000000007 74.500000000000014 4.5000000000000009 4.5000000000000009 0.07692307606339456 80.500000000000014 4.5000000000000009 35.500000000000007 43.500000000000007 57.500000000000007 46.500000000000007 73.500000000000014 3.4000000059604649 5 56.500000000000007 6
decision_type=2 2 1 1 2 1 2 2 1 2 2 2 1 2 2 2 2 2 2 2 2 2 2 2 2 2 2 1 2 1
left_child=3 2 5 4 11 9 7 20 -3 -2 19 -1 -13 -4 29 28 -8 27 22 -11 -7 -22 -5 24 -24 -25 -17 -10 -16 -15
right_child=1 8 13 18 -6 6 16 -9 17 10 -12 12 -14 14 15 26 -18 -19 -20 -21 21 -23 23 25 -26 -27 -28 -29 -30 -31
leaf_value=0 0 3.2301683584633997e-07 0 0 0 0 0 2.2024368309552444e-07 0 0 -0.00018989822958778813 0 2.7357831038036528e-07 0 0 0 0.0019381406623301956 -2.174278387719237e-05 0 0 0 0 0 0 0 0 0 0 0 0
leaf_weight=14770 25685 166868 5934 99277 35223 16014 4413 51939 29158 42951 12862 12161 7698 12575 4372 19912 1109 16598 3002 1483 3099 3060 18264 112336 15137 45981 8940 21266 11392 23936
leaf_count=14770 25685 166868 5934 99277 35223 16014 4413 51939 29158 42951 12862 12161 7698 12575 4372 19912 1109 16598 3002 1483 3099 3060 18264 112336 15137 45981 8940 21266 11392 23936
internal_value=-0.0125049 -0.00506353 -0.00870909 -0.0223947 -0.0171992 -0.00623666 -0.00278615 -0.00182089 -0.00117192 -0.00954652 -0.00739929 -0.0104501 -0.00626039 -0.0133271 -0.0127445 -0.0150226 -0.0157461 -0.00429049 -0.0236291 -0.00952424 -0.00832882 -0.0139674 -0.0237302 -0.0230727 -0.0196484 -0.0237951 -0.0126282 -0.00565207 -0.019405 -0.0099607
internal_weight=847415 483566 249676 363849 69852 162615 79634 74112 233890 82981 57296 34629 19859 87061 81127 44616 5522 67022 293997 44434 22173 6159 290995 191718 33401 158317 28852 50424 15764 36511
internal_count=847415 483566 249676 363849 69852 162615 79634 74112 233890 82981 57296 34629 19859 87061 81127 44616 5522 67022 293997 44434 22173 6159 290995 191718 33401 158317 28852 50424 15764 36511
cat_boundaries=0 1 2 3 4 5 6 7
cat_threshold=1 1 7355936 377087 7355904 2760960 2449439
is_linear=0
shrinkage=0.05


Tree=216
num_leaves=31
num_cat=7
split_feature=18 18 2 2 3 0 3 3 0 3 4 3 0 4 3 3 3 4 17 3 4 3 3 3 3 3 8 0 0 3
split_gain=24980.9 2738.91 1144.18 917.679 1237.41 753.603 396.338 529.288 360.352 340.798 364.542 334.905 267.821 168.944 160.58 201.781 187.125 155.286 115.287 109.281 108.7 257.389 98.2854 189.594 170.611 95.7225 91.4428 79.0186 76.7679 75.084
threshold=0.12503665685653689 0.44424292445182806 0 1 80.500000000000014 2 80.500000000000014 39.500000000000007 3 43.500000000000007 4.5000000000000009 39.500000000000007 4 4.5000000000000009 46.500000000000007 55.500000000000007 74.500000000000014 4.5000000000000009 0.07692307606339456 80.500000000000014 4.5000000000000009 35.500000000000007 43.500000000000007 57.500000000000007 46.500000000000007 73.500000000000014 3.4000000059604649 5 6 56.500000000000007
decision_type=2 2 1 1 2 1 2 2 1 2 2 2 1 2 2 2 2 2 2 2 2 2 2 2 2 2 2 1 1 2
left_child=3 2 5 4 11 9 7 20 -3 -2 19 -1 -13 -8 -4 27 29 28 22 -11 -7 -22 -5 24 -24 -25 -18 -16 -10 -17
right_child=1 8 14 18 -6 6 13 -9 17 10 -12 12 -14 -15 15 16 26 -19 -20 -21 21 -23 23 25 -26 -27 -28 -29 -30 -31
leaf_value=0 0 3.0686599405402294e-07 0 0 0 0 0 2.092310254191792e-07 0 0 -0.00010819158911173909 0 2.5989939486134708e-07 0.0035067406007323835 0 0 0 -2.0655644683332751e-05 0 0 0 0 0 0 0 0 0 0 0 0
leaf_weight=14742 25752 166827 5941 99468 35308 15960 4428 51975 29107 42914 12917 12134 7672 1125 12560 4405 19972 16573 2939 1494 3112 3036 18339 112609 15157 45890 8899 23957 21224 11399
leaf_count=14742 25752 166827 5941 99468 35308 15960 4428 51975 29107 42914 12917 12134 7672 1125 12560 4405 19972 16573 2939 1494 3112 3036 18339 112609 15157 45890 8899 23957 21224 11399
internal_value=-0.0125137 -0.00506481 -0.00870436 -0.0224025 -0.0172505 -0.0062283 -0.00275155 -0.00178617 -0.00117432 -0.00955956 -0.0074143 -0.010523 -0.00627588 -0.0156357 -0.0133282 -0.0127476 -0.0150011 -0.00427414 -0.023625 -0.00956472 -0.00826624 -0.0139151 -0.0237244 -0.0230635 -0.0196456 -0.0237858 -0.0126069 -0.00999055 -0.00565705 -0.0193748
internal_weight=847835 483577 249846 364258 69856 162713 79636 74083 233731 83077 57325 34548 19806 5553 87133 81192 44675 66904 294402 44408 22108 6148 291463 191995 33496 158499 28871 36517 50331 15804
internal_count=847835 483577 249846 364258 69856 162713 79636 74083 233731 83077 57325 34548 19806 5553 87133 81192 44675 66904 294402 44408 22108 6148 291463 191995 33496 158499 28871 36517 50331 15804
cat_boundaries=0 1 2 3 4 5 6 7
cat_threshold=1 1 7355936 377087 7355904 2449439 2760960
is_linear=0
shrinkage=0.05


Tree=217
num_leaves=31
num_cat=7
split_feature=18 18 2 2 3 0 3 3 0 3 4 3 0 4 3 3 3 4 3 3 3 3 4 3 3 8 3 0 3 0
split_gain=25020.7 2725.35 1166.17 920.419 1231.64 738.97 393.803 515.476 369.887 343.39 419.191 343.177 262.589 163.486 159.035 199.738 188.276 151.859 113.202 201.026 189.993 120.931 111.144 251.866 106.091 88.8007 85.8817 80.4552 75.128 74.1003
threshold=0.14271402359008792 0.44424292445182806 0 1 80.500000000000014 2 80.500000000000014 39.500000000000007 3 41.500000000000007 4.5000000000000009 39.500000000000007 4 4.5000000000000009 46.500000000000007 55.500000000000007 74.500000000000014 4.5000000000000009 43.500000000000007 57.500000000000007 46.500000000000007 73.500000000000014 4.5000000000000009 35.500000000000007 80.500000000000014 3.4000000059604649 84.500000000000014 5 56.500000000000007 6
decision_type=2 2 1 1 2 1 2 2 1 2 2 2 1 2 2 2 2 2 2 2 2 2 2 2 2 2 2 1 2 1
left_child=3 2 5 4 11 9 7 22 -3 -2 24 -1 -13 -8 -4 27 28 29 -5 20 -20 -21 -7 -24 -11 -18 -23 -16 -17 -10
right_child=1 8 14 18 -6 6 13 -9 17 10 -12 12 -14 -15 15 16 25 -19 19 21 -22 26 23 -25 -26 -27 -28 -29 -30 -31
leaf_value=0 0 2.9152269435132178e-07 0 0 0 0 0 1.9876947414822023e-07 0 0 -0.00013582124706059754 0 2.4690442511827971e-07 0.0027413270625701036 0 0 0 -1.9622862449166113e-05 0 0 0 0 0 0 0 0 0 0 0 0
leaf_weight=14802 21185 167268 5938 99537 35250 15967 4398 51915 29048 46132 14051 12086 7685 1112 12534 4367 19933 16552 18757 112756 16267 30512 3084 3021 1495 8898 16939 23845 11334 21251
leaf_count=14802 21185 167268 5938 99537 35250 15967 4398 51915 29048 46132 14051 12086 7685 1112 12534 4367 19933 16552 18757 112756 16267 30512 3084 3021 1495 8898 16939 23845 11334 21251
internal_value=-0.0125158 -0.00505609 -0.00869521 -0.022405 -0.0172432 -0.00619364 -0.0027485 -0.00178849 -0.00118241 -0.00949736 -0.00761211 -0.0105378 -0.00622756 -0.0156443 -0.0133718 -0.0127921 -0.0150375 -0.00432577 -0.0236277 -0.0229281 -0.0194966 -0.0236783 -0.00818911 -0.0139271 -0.00985103 -0.0126383 -0.0215607 -0.0100436 -0.019443 -0.00569345
internal_weight=847919 483328 249209 364591 69823 162360 79497 73987 234119 82863 61678 34573 19771 5510 86849 80911 44532 66851 294768 195231 35024 160207 22072 6105 47627 28831 47451 36379 15701 50299
internal_count=847919 483328 249209 364591 69823 162360 79497 73987 234119 82863 61678 34573 19771 5510 86849 80911 44532 66851 294768 195231 35024 160207 22072 6105 47627 28831 47451 36379 15701 50299
cat_boundaries=0 1 2 3 4 5 6 7
cat_threshold=1 1 7355936 377087 7355904 2449439 2760960
is_linear=0
shrinkage=0.05


Tree=218
num_leaves=31
num_cat=6
split_feature=18 18 2 2 3 3 1 3 4 3 1 1 1 3 3 3 4 17 3 4 4 3 3 3 3 3 8 3 3 3
split_gain=25047.6 2752.48 1132.82 915.723 1234.63 561.371 477.084 506.895 441.498 325.962 278.525 227.33 179.904 159.991 207.372 190.34 149.189 122.473 120.397 119.338 107.756 244.702 97.2532 190.24 170.61 93.3492 84.2225 75.4414 71.58 54.2116
threshold=0.14271402359008792 0.44424292445182806 0 1 80.500000000000014 39.500000000000007 2 80.500000000000014 4.5000000000000009 39.500000000000007 3 4 5 46.500000000000007 55.500000000000007 74.500000000000014 4.5000000000000009 0.07692307606339456 79.500000000000014 4.5000000000000009 4.5000000000000009 35.500000000000007 43.500000000000007 57.500000000000007 46.500000000000007 73.500000000000014 3.4000000059604649 56.500000000000007 78.500000000000014 47.500000000000007
decision_type=2 2 1 1 2 2 1 2 2 2 1 1 1 2 2 2 2 2 2 2 2 2 2 2 2 2 2 2 2 2
left_child=3 2 5 4 9 12 7 -7 18 -1 -3 -11 20 -4 29 27 -9 22 -8 -12 -2 -22 -5 24 -24 -25 -17 -16 -27 -15
right_child=1 10 13 17 -6 6 8 16 -10 11 19 -13 -14 14 15 26 -18 -19 -20 -21 21 -23 23 25 -26 28 -28 -29 -30 -31
leaf_value=0 0 2.5163958516196628e-07 0 0 0 1.7467206514504242e-07 0 0 -2.4050783979120014e-05 2.3481463013789419e-07 0 0 0 0 0 0 0.0022730467724328576 0 0 -7.6534259675068553e-05 0 0 0 0 0 0 0 0 0 0
leaf_weight=14876 15406 162074 5923 99408 35351 47804 51325 4210 16566 6384 53098 13374 17426 4874 4393 19898 1051 3091 2861 18559 3025 2799 18309 112430 15167 10275 8882 11349 35710 31579
leaf_count=14876 15406 162074 5923 99408 35351 47804 51325 4210 16566 6384 53098 13374 17426 4874 4393 19898 1051 3091 2861 18559 3025 2799 18309 112430 15167 10275 8882 11349 35710 31579
internal_value=-0.0125058 -0.00504055 -0.00869438 -0.0224035 -0.0172626 -0.0062298 -0.00458762 -0.00100283 -0.00727509 -0.0105532 -0.00114223 -0.00634427 -0.0114898 -0.0133024 -0.0127221 -0.0150117 -0.0157337 -0.0236256 -0.00946001 -0.00373777 -0.00838512 -0.0141827 -0.0237307 -0.0230731 -0.0196484 -0.0237968 -0.0125938 -0.0194321 -0.021899 -0.00992579
internal_weight=847477 483102 249371 364375 69985 162473 123817 53065 70752 34634 233731 19758 38656 86898 80975 44522 5261 294390 54186 71657 21230 5824 291299 191891 33476 158415 28780 15742 45985 36453
internal_count=847477 483102 249371 364375 69985 162473 123817 53065 70752 34634 233731 19758 38656 86898 80975 44522 5261 294390 54186 71657 21230 5824 291299 191891 33476 158415 28780 15742 45985 36453
cat_boundaries=0 1 2 3 4 5 6
cat_threshold=1 1 3 3 3 3
is_linear=0
shrinkage=0.05


Tree=219
num_leaves=31
num_cat=7
split_feature=18 18 2 2 3 0 3 3 0 3 4 3 0 3 3 7 4 4 3 3 3 3 3 4 3 3 3 0 0 3
split_gain=24964.5 2773.61 1153.02 912.464 1231 742.281 397.189 532.959 364.619 341.566 354.554 338.868 251.632 163.167 203.995 188.83 156.449 152.246 111.062 281.876 119.563 113.567 108.56 107.732 260.502 85.7688 82.8056 80.1105 77.5161 76.4319
threshold=0.1122730001807213 0.44424292445182806 0 1 80.500000000000014 2 80.500000000000014 39.500000000000007 3 43.500000000000007 4.5000000000000009 39.500000000000007 4 46.500000000000007 55.500000000000007 22.800000190734867 4.5000000000000009 4.5000000000000009 44.500000000000007 57.500000000000007 46.500000000000007 73.500000000000014 80.500000000000014 4.5000000000000009 35.500000000000007 74.500000000000014 78.500000000000014 5 6 56.500000000000007
decision_type=2 2 1 1 2 1 2 2 1 2 2 2 1 2 2 2 2 2 2 2 2 2 2 2 2 2 2 1 1 2
left_child=3 2 5 4 11 9 7 23 -3 -2 22 -1 -13 -4 28 -16 -8 27 -5 20 -20 -21 -11 -7 -25 29 -23 -10 -15 -17
right_child=1 8 13 18 -6 6 16 -9 17 10 -12 12 -14 14 15 25 -18 -19 19 21 -22 26 -24 24 -26 -27 -28 -29 -30 -31
leaf_value=0 0 2.6436458037565738e-07 0 0 0 0 0 1.8009478528170035e-07 0 0 -0.00023611449789446784 0 2.22818472355471e-07 0 0 0 0.0017343662842715908 -1.4815006342954377e-05 0 0 0 0 0 0 0 0 0 0 0 0
leaf_weight=14710 25761 167045 6043 106716 35234 15947 4392 52028 29027 42984 12865 12127 7635 12595 8599 4414 1126 16539 11268 112356 16107 10747 1496 3125 3045 20439 36344 21134 23946 11395
leaf_count=14710 25761 167045 6043 106716 35234 15947 4392 52028 29027 42984 12865 12127 7635 12595 8599 4414 1126 16539 11268 112356 16107 10747 1496 3125 3045 20439 36344 21134 23946 11395
internal_value=-0.0125124 -0.00507635 -0.00873501 -0.0224194 -0.0172768 -0.00624735 -0.00279737 -0.00183458 -0.00116013 -0.00955291 -0.00740562 -0.0105593 -0.00628226 -0.0133663 -0.0127777 -0.0150372 -0.0157394 -0.00428496 -0.0236406 -0.0229055 -0.0182183 -0.0237102 -0.00952001 -0.00833635 -0.0139465 -0.0166175 -0.021649 -0.00565728 -0.0100045 -0.0193829
internal_weight=847189 483945 250200 363244 69706 162769 79663 74145 233745 83106 57345 34472 19762 87431 81388 44847 5518 66700 293538 186822 27375 159447 44480 22117 6170 36248 47091 50161 36541 15809
internal_count=847189 483945 250200 363244 69706 162769 79663 74145 233745 83106 57345 34472 19762 87431 81388 44847 5518 66700 293538 186822 27375 159447 44480 22117 6170 36248 47091 50161 36541 15809
cat_boundaries=0 1 2 3 4 5 6 7
cat_threshold=1 1 7355936 377087 7355904 2760960 2449439
is_linear=0
shrinkage=0.05


Tree=220
num_leaves=31
num_cat=8
split_feature=18 18 2 2 3 0 3 3 0 3 4 3 0 3 3 3 4 4 3 3 3 3 4 3 3 8 3 0 0 0
split_gain=25022.4 2750.85 1152.5 918.122 1233.75 746.208 414.195 523.552 364.786 350.116 435.633 332.959 262.614 161.446 207.114 193.411 157.544 154.85 110.499 276.728 116.36 114.143 110.284 252.155 99.6635 84.8018 81.691 78.3595 74.9769 74.7303
threshold=0.1122730001807213 0.44424292445182806 0 1 80.500000000000014 2 80.500000000000014 39.500000000000007 3 41.500000000000007 4.5000000000000009 39.500000000000007 4 46.500000000000007 55.500000000000007 74.500000000000014 4.5000000000000009 4.5000000000000009 44.500000000000007 57.500000000000007 46.500000000000007 73.500000000000014 4.5000000000000009 35.500000000000007 80.500000000000014 3.4000000059604649 84.500000000000014 5 6 7
decision_type=2 2 1 1 2 1 2 2 1 2 2 2 1 2 2 2 2 2 2 2 2 2 2 2 2 2 2 1 1 1
left_child=3 2 5 4 11 9 7 22 -3 -2 24 -1 -13 -4 27 -16 -8 29 -5 20 -20 -21 -7 -24 28 -17 -23 -15 -11 -10
right_child=1 8 13 18 -6 6 16 -9 17 10 -12 12 -14 14 15 25 -18 -19 19 21 -22 26 23 -25 -26 -27 -28 -29 -30 -31
leaf_value=0 0 2.5114635135687448e-07 0 0 0 0 0 1.7109421969568937e-07 0 0 0.00018007789406009698 0 2.1167754873769746e-07 0 0 0 0.0017365058392846801 -1.4074256025806658e-05 0 0 0 0 0 0 0 0 0 0 0 0
leaf_weight=14703 21319 166837 5999 107030 35383 16003 4412 51930 29126 12897 14068 12081 7693 14422 15856 20064 1115 16661 11169 112540 16013 30196 3074 3015 1482 8888 16904 22114 33344 21107
leaf_count=14703 21319 166837 5999 107030 35383 16003 4412 51930 29126 12897 14068 12081 7693 14422 15856 20064 1115 16661 11169 112540 16013 30196 3074 3015 1482 8888 16904 22114 33344 21107
internal_value=-0.0125133 -0.00506338 -0.00870913 -0.0224217 -0.0172695 -0.00622145 -0.00275864 -0.00177312 -0.00116384 -0.00953441 -0.00762935 -0.0105382 -0.0063012 -0.0133419 -0.0127582 -0.0150364 -0.0159625 -0.004283 -0.0236466 -0.0229127 -0.0182492 -0.0237068 -0.00822017 -0.0139473 -0.00990874 -0.0126053 -0.0216401 -0.00996414 -0.00949969 -0.00566908
internal_weight=847445 483733 250002 363712 69860 162659 79549 74022 233731 83110 61791 34477 19774 87343 81344 44808 5527 66894 293852 186822 27182 159640 22092 6089 47723 28952 47100 36536 46241 50233
internal_count=847445 483733 250002 363712 69860 162659 79549 74022 233731 83110 61791 34477 19774 87343 81344 44808 5527 66894 293852 186822 27182 159640 22092 6089 47723 28952 47100 36536 46241 50233
cat_boundaries=0 1 2 3 4 5 6 7 8
cat_threshold=1 1 7355936 377087 7355904 6643743 4198400 2760960
is_linear=0
shrinkage=0.05


Tree=221
num_leaves=31
num_cat=6
split_feature=18 18 2 2 3 0 3 3 0 3 4 3 0 3 3 3 4 4 3 3 3 3 3 4 3 8 3 3 0 3
split_gain=24977.1 2752.91 1158.39 912.159 1234.59 739.231 416.155 523.537 360.521 341.44 356.938 333.043 260.761 160.788 201.28 190.822 155.413 154.967 111.904 111.154 202.633 186.085 116.466 107.543 262.32 89.518 83.0519 76.0784 75.9455 75.6346
threshold=0.1122730001807213 0.44424292445182806 0 1 80.500000000000014 2 80.500000000000014 39.500000000000007 3 43.500000000000007 4.5000000000000009 39.500000000000007 4 46.500000000000007 55.500000000000007 74.500000000000014 4.5000000000000009 4.5000000000000009 80.500000000000014 43.500000000000007 57.500000000000007 46.500000000000007 73.500000000000014 4.5000000000000009 35.500000000000007 3.4000000059604649 78.500000000000014 45.500000000000007 5 56.500000000000007
decision_type=2 2 1 1 2 1 2 2 1 2 2 2 1 2 2 2 2 2 2 2 2 2 2 2 2 2 2 2 1 2
left_child=3 2 5 4 11 9 7 23 -3 -2 18 -1 -13 -4 28 29 27 -8 -11 -5 21 -21 -22 -7 -25 -17 -24 -10 -15 -16
right_child=1 8 13 19 -6 6 17 -9 16 10 -12 12 -14 14 15 25 -18 -19 -20 20 22 -23 26 24 -26 -27 -28 -29 -30 -31
leaf_value=0 0 2.3858903378903073e-07 0 0 0 0 0 1.6253794693468758e-07 0 0 -0.00012502581531689312 0 2.0109367130081259e-07 0 0 0 -1.3370543224516324e-05 0.0013939893243785834 0 0 0 0 0 0 0 0 0 0 0 0
leaf_weight=14693 25668 167055 6004 99434 35177 16021 4420 51923 5286 43053 12835 12116 7611 14479 4436 20131 16562 1106 1498 18657 112516 16047 10718 3101 3020 8914 36349 44866 22115 11504
leaf_count=14693 25668 167055 6004 99434 35177 16021 4420 51923 5286 43053 12835 12116 7611 14479 4436 20131 16562 1106 1498 18657 112516 16047 10718 3101 3020 8914 36349 44866 22115 11504
internal_value=-0.0125126 -0.00507488 -0.00871965 -0.0224209 -0.0172741 -0.00622322 -0.00277855 -0.00179133 -0.00117349 -0.00952278 -0.00737985 -0.0105418 -0.00629721 -0.0133556 -0.0127744 -0.0150144 -0.00428032 -0.0160152 -0.00949642 -0.0236404 -0.0229445 -0.0194819 -0.0236975 -0.00822871 -0.0138662 -0.012602 -0.0216091 -0.00566777 -0.0100208 -0.0194103
internal_weight=847315 483997 250228 363318 69597 162645 79591 74065 233769 83054 57386 34420 19727 87583 81579 44985 66714 5526 44551 293721 194287 34704 159583 22142 6121 29045 47067 50152 36594 15940
internal_count=847315 483997 250228 363318 69597 162645 79591 74065 233769 83054 57386 34420 19727 87583 81579 44985 66714 5526 44551 293721 194287 34704 159583 22142 6121 29045 47067 50152 36594 15940
cat_boundaries=0 1 2 3 4 5 6
cat_threshold=1 1 7355936 377087 7355904 6643743
is_linear=0
shrinkage=0.05


Tree=222
num_leaves=31
num_cat=6
split_feature=18 18 2 2 3 0 3 3 0 3 4 3 0 3 3 3 4 4 3 3 3 3 4 3 3 8 3 3 0 3
split_gain=25012.5 2741.74 1144.24 910.037 1227.2 741.462 409.419 520.653 367.708 333.02 431.196 331.435 261.571 157.964 198.848 188.227 153.584 145.428 112.329 282.831 121.218 115.821 110.628 253.455 103.486 88.6367 82.6887 77.347 76.3698 75.7667
threshold=0.1122730001807213 0.44424292445182806 0 1 80.500000000000014 2 80.500000000000014 39.500000000000007 3 41.500000000000007 4.5000000000000009 39.500000000000007 4 46.500000000000007 55.500000000000007 74.500000000000014 4.5000000000000009 4.5000000000000009 44.500000000000007 57.500000000000007 46.500000000000007 73.500000000000014 4.5000000000000009 35.500000000000007 80.500000000000014 3.4000000059604649 84.500000000000014 56.500000000000007 5 45.500000000000007
decision_type=2 2 1 1 2 1 2 2 1 2 2 2 1 2 2 2 2 2 2 2 2 2 2 2 2 2 2 2 1 2
left_child=3 2 5 4 11 9 7 22 -3 -2 24 -1 -13 -4 28 27 -8 29 -5 20 -20 -21 -7 -24 -11 -17 -23 -16 -15 -10
right_child=1 8 13 18 -6 6 16 -9 17 10 -12 12 -14 14 15 25 -18 -19 19 21 -22 26 23 -25 -26 -27 -28 -29 -30 -31
leaf_value=0 0 2.2665958209957922e-07 0 0 0 0 0 1.5441104958795321e-07 0 0 0.00012039242516957108 0 1.9103898773577194e-07 0 0 0 0.0011719348350301695 -6.5567373189792414e-05 0 0 0 0 0 0 0 0 0 0 0 0
leaf_weight=14779 21354 166939 5999 107001 35249 16030 4417 51862 5220 46199 14037 12056 7626 14399 4441 20072 1139 16576 11258 112734 16134 30169 3074 3036 1482 8910 16908 11460 22140 45026
leaf_count=14779 21354 166939 5999 107001 35249 16030 4417 51862 5220 46199 14037 12056 7626 14399 4441 20072 1139 16576 11258 112734 16134 30169 3074 3036 1482 8910 16908 11460 22140 45026
internal_value=-0.0125154 -0.00506664 -0.00870592 -0.0224182 -0.0172816 -0.0062261 -0.00277498 -0.00179252 -0.00117374 -0.00952974 -0.00766875 -0.0105721 -0.00632304 -0.0133192 -0.0127423 -0.0149717 -0.0158657 -0.00430782 -0.0236353 -0.0228967 -0.0182024 -0.0237013 -0.00821138 -0.0139362 -0.00993635 -0.0125733 -0.0216183 -0.0193431 -0.0100037 -0.00564821
internal_weight=847726 483812 250051 363914 69710 162630 79558 74002 233761 83072 61718 34461 19682 87421 81422 44883 5556 66822 294204 187203 27392 159811 22140 6110 47681 28982 47077 15901 36539 50246
internal_count=847726 483812 250051 363914 69710 162630 79558 74002 233761 83072 61718 34461 19682 87421 81422 44883 5556 66822 294204 187203 27392 159811 22140 6110 47681 28982 47077 15901 36539 50246
cat_boundaries=0 1 2 3 4 5 6
cat_threshold=1 1 7355936 377087 7355904 6643743
is_linear=0
shrinkage=0.05


Tree=223
num_leaves=31
num_cat=7
split_feature=2 3 17 0 16 3 3 3 3 4 3 3 17 3 7 4 3 0 8 0 0 3 7 0 3 21 3 8 4 0
split_gain=16045.2 5432.73 3625.36 2087.14 1696.81 864.711 608.552 561.593 1421.09 550.181 493.904 268.682 259.367 250.35 272.676 229.768 180.215 173.537 164.204 141.074 125.759 121.672 103.453 94.8672 93.3299 112.351 90.5052 89.2347 84.4771 81.0106
threshold=0 80.500000000000014 0.15384615212678912 1 0.18065268546342853 43.500000000000007 38.500000000000007 45.500000000000007 56.500000000000007 4.5000000000000009 73.500000000000014 47.500000000000007 0.18301435559988025 84.500000000000014 22.300000190734867 4.5000000000000009 35.500000000000007 2 3.4000000059604649 3 4 81.500000000000014 28.69999980926514 5 78.500000000000014 4.1888229846954355 74.500000000000014 3.4000000059604649 4.5000000000000009 6
decision_type=1 2 2 1 2 2 2 2 2 2 2 2 2 2 2 2 2 1 2 1 1 2 2 1 2 2 2 2 2 1
left_child=1 3 4 5 7 -1 15 -2 11 19 -10 -9 21 14 -12 17 -17 -5 23 -7 -13 28 -21 -4 26 -26 -16 -6 -3 -8
right_child=2 12 18 6 27 9 29 8 10 -11 13 20 -14 -15 24 16 -18 -19 -20 22 -22 -23 -24 -25 25 -27 -28 -29 -30 -31
leaf_value=0 0 0 0 1.5482099867652341e-08 0 0 2.5059110087708519e-07 0 0 0.00025182278361503887 0 0 0 0 0 0 0 0 0 0 0 0 0 0 0 0 0 0 -8.0075248871525068e-05 -4.9040538367409565e-07
leaf_weight=36124 115306 4834 19832 11595 16620 19911 81008 12026 122961 22850 7900 11866 1723 17815 6154 5651 4469 14675 17147 21637 21100 36924 34350 10952 18569 3537 13461 8686 719 127230
leaf_count=36124 115306 4834 19832 11595 16620 19911 81008 12026 122961 22850 7900 11866 1723 17815 6154 5651 4469 14675 17147 21637 21100 36924 34350 10952 18569 3537 13461 8686 719 127230
internal_value=-0.0125152 -0.00563406 -0.0193925 -0.00370184 -0.0210434 -0.00869538 -0.00094834 -0.0219456 -0.0205452 -0.00627456 -0.0224338 -0.0125533 -0.022224 -0.018995 -0.0171696 -0.00691399 -0.0133152 -0.00444804 -0.00644207 -0.00832235 -0.0102196 -0.0229954 -0.00703207 -0.00862623 -0.0187825 -0.0210101 -0.016272 -0.00853948 -0.0160949 9.41231e-05
internal_weight=847632 423700 423932 379500 376001 134872 244628 350695 235389 98748 190397 44992 44200 67436 49621 36390 10120 26270 47931 75898 32966 42477 55987 30784 41721 22106 19615 25306 5553 208238
internal_count=847632 423700 423932 379500 376001 134872 244628 350695 235389 98748 190397 44992 44200 67436 49621 36390 10120 26270 47931 75898 32966 42477 55987 30784 41721 22106 19615 25306 5553 208238
cat_boundaries=0 1 2 3 4 5 6 7
cat_threshold=1 7355904 327703 4198400 2449463 352383 917649
is_linear=0
shrinkage=0.05


Tree=224
num_leaves=31
num_cat=9
split_feature=18 18 2 2 3 0 3 3 0 3 3 4 0 4 4 3 3 3 3 4 17 3 3 3 3 6 0 3 0 0
split_gain=25133.4 2662.89 1190.05 941.711 1271.29 797.153 451.141 579.177 350.33 343.099 336.039 335.818 312.995 172.681 169.18 199.516 158.91 202.371 188.839 152.417 118.368 96.7238 191.413 173.225 95.1071 90.5509 80.5614 79.8818 78.789 78.6739
threshold=0.13445998728275302 0.44424292445182806 0 1 80.500000000000014 2 80.500000000000014 38.500000000000007 3 43.500000000000007 38.500000000000007 4.5000000000000009 4 4.5000000000000009 4.5000000000000009 35.500000000000007 46.500000000000007 55.500000000000007 74.500000000000014 4.5000000000000009 0.07692307606339456 43.500000000000007 57.500000000000007 46.500000000000007 73.500000000000014 5 6 79.500000000000014 7 8
decision_type=2 2 1 1 2 1 2 2 1 2 2 2 1 2 2 2 2 2 2 2 2 2 2 2 2 1 1 2 1 1
left_child=3 2 5 4 10 9 7 14 -3 -2 -1 27 -12 -8 -7 -16 -4 26 -19 28 21 -5 23 -23 -24 -20 -18 -11 -10 -9
right_child=1 8 16 20 -6 6 13 29 19 11 12 -13 -14 -15 15 -17 17 18 25 -21 -22 22 24 -25 -26 -27 -28 -29 -30 -31
leaf_value=0 0 2.3984687217830504e-07 0 0 0 0 0 -8.2997310582694269e-06 0 0 0 -0.00013738528499027895 1.6476006219538643e-07 0.0020528036575219208 0 0 0 0 0 -9.4236474038008866e-06 0 0 0 0 0 0 0 0 0 1.7140657735919025e-07
leaf_weight=13516 22638 167132 5949 99554 35253 15563 4768 24334 29008 37753 12819 11300 8190 1226 3396 2577 12579 15762 8969 16546 3065 18317 112400 15191 45880 19863 23909 2064 21213 36973
leaf_count=13516 22638 167132 5949 99554 35253 15563 4768 24334 29008 37753 12819 11300 8190 1226 3396 2577 12579 15762 8969 16546 3065 18317 112400 15191 45880 19863 23909 2064 21213 36973
internal_value=-0.0124747 -0.00500287 -0.00859466 -0.0223949 -0.0171723 -0.00606887 -0.0028777 -0.00191959 -0.00116963 -0.00991087 -0.0103526 -0.00764276 -0.00639607 -0.0161245 -0.00897335 -0.0161267 -0.0133134 -0.0127346 -0.0149942 -0.00423087 -0.0236327 -0.0237355 -0.0230791 -0.0196461 -0.0238059 -0.0125884 -0.00997314 -0.00980172 -0.00560274 0.000558256
internal_weight=847707 483522 249623 364185 69778 162592 88837 82843 233899 73755 34525 51117 21009 5994 21536 5973 87031 81082 44594 66767 294407 291342 191788 33508 158280 28832 36488 39817 50221 61307
internal_count=847707 483522 249623 364185 69778 162592 88837 82843 233899 73755 34525 51117 21009 5994 21536 5973 87031 81082 44594 66767 294407 291342 191788 33508 158280 28832 36488 39817 50221 61307
cat_boundaries=0 1 2 3 4 5 6 7 8 9
cat_threshold=1 1 7355904 377087 7355904 16 2449439 2760960 33068
is_linear=0
shrinkage=0.05


Tree=225
num_leaves=31
num_cat=6
split_feature=2 3 17 0 16 3 3 3 3 4 3 3 17 3 7 4 0 3 0 0 3 0 8 7 8 3 21 3 4 3
split_gain=16274.4 5485.55 3614.73 2162.36 1694.36 869.347 655.924 562.536 1411.01 542.141 494.038 271.578 258.258 255.369 277.175 222.69 173.665 171.635 171.261 139.71 121.597 121.306 120.245 98.8592 92.1994 89.9929 109.399 90.4671 82.0628 80.4289
threshold=0 80.500000000000014 0.15384615212678912 1 0.60642904043197643 43.500000000000007 38.500000000000007 45.500000000000007 56.500000000000007 4.5000000000000009 73.500000000000014 47.500000000000007 0.18301435559988025 84.500000000000014 22.300000190734867 4.5000000000000009 2 35.500000000000007 3 4 81.500000000000014 5 3.4000000059604649 28.400000572204593 3.4000000059604649 78.500000000000014 4.1990888118743905 74.500000000000014 4.5000000000000009 55.500000000000007
decision_type=1 2 2 1 2 2 2 2 2 2 2 2 2 2 2 2 1 2 1 1 2 1 2 2 2 2 2 2 2 2
left_child=1 3 4 5 7 -1 15 -2 11 19 -10 -9 20 14 -12 16 -5 -17 22 -7 28 -13 -4 -21 -6 27 -27 -16 -3 -11
right_child=2 12 18 6 24 9 -8 8 10 29 13 21 -14 -15 25 17 -18 -19 -20 23 -22 -23 -24 -25 -26 26 -28 -29 -30 -31
leaf_value=0 0 0 0 1.4703786151476689e-08 0 0 1.2543411021490733e-07 0 0 0.0015339046717769867 0 0 0 0 0 0 0 0 0 0 0 0 1.4112936043660435e-05 0 0 0 0 0 -0.00076317822612104484 -0.00091733436960338317
leaf_weight=36157 115426 4856 19430 11590 16542 19915 208328 12069 123032 8955 7882 12959 1751 17874 6138 5650 14740 4465 18036 20506 36914 19961 10610 35361 8615 18962 3111 13373 710 13887
leaf_count=36157 115426 4856 19430 11590 16542 19915 208328 12069 123032 8955 7882 12959 1751 17874 6138 5650 14740 4465 18036 20506 36914 19961 10610 35361 8615 18962 3111 13373 710 13887
internal_value=-0.0124675 -0.00553813 -0.0193931 -0.00359619 -0.021044 -0.00868177 -0.000795501 -0.0219429 -0.0205407 -0.00625101 -0.0224227 -0.012577 -0.0222022 -0.0189798 -0.0171289 -0.00698381 -0.00456134 -0.0132897 -0.00648348 -0.00828627 -0.0229779 -0.0102248 -0.00416639 -0.00699975 -0.00850956 -0.0187584 -0.0209453 -0.0162844 -0.0160888 0.00050127
internal_weight=847805 423785 424020 379554 375944 134781 244773 350787 235361 98624 190372 44989 44231 67340 49466 36445 26330 10115 48076 75782 42480 32920 30040 55867 25157 41584 22073 19511 5566 22842
internal_count=847805 423785 424020 379554 375944 134781 244773 350787 235361 98624 190372 44989 44231 67340 49466 36445 26330 10115 48076 75782 42480 32920 30040 55867 25157 41584 22073 19511 5566 22842
cat_boundaries=0 1 2 3 4 5 6
cat_threshold=1 7355904 327703 352375 4198400 2449471
is_linear=0
shrinkage=0.05


Tree=226
num_leaves=31
num_cat=6
split_feature=18 18 2 2 3 0 3 3 3 0 3 4 0 4 4 3 3 3 3 4 4 17 3 3 3 3 7 0 3 3
split_gain=25018.6 2677.55 1205.64 990.285 1323.17 780.02 448.419 571.606 399.227 355.446 337.539 332.548 213.925 172.587 171.696 198.43 159.573 205.936 188.164 156.199 148.451 117.438 95.9141 188.585 169.717 93.2927 84.327 81.348 79.8306 76.8583
threshold=0.12503665685653689 0.44424292445182806 0 1 80.500000000000014 2 80.500000000000014 38.500000000000007 39.500000000000007 3 43.500000000000007 4.5000000000000009 4 4.5000000000000009 4.5000000000000009 35.500000000000007 46.500000000000007 55.500000000000007 74.500000000000014 4.5000000000000009 4.5000000000000009 0.07692307606339456 43.500000000000007 57.500000000000007 46.500000000000007 73.500000000000014 22.300000190734867 5 79.500000000000014 56.500000000000007
decision_type=2 2 1 1 2 1 2 2 2 1 2 2 1 2 2 2 2 2 2 2 2 2 2 2 2 2 2 1 2 2
left_child=3 2 5 4 8 10 7 14 -1 -3 -2 28 20 -8 -7 -16 -4 27 29 -11 -10 22 -5 24 -24 -25 -20 -18 -12 -19
right_child=1 9 16 21 -6 6 13 -9 12 19 11 -13 -14 -15 15 -17 17 18 26 -21 -22 -23 23 25 -26 -27 -28 -29 -30 -31
leaf_value=0 0 2.215828230586444e-07 0 0 0 0 0 1.0515997239022962e-07 0 0 0 -0.000192936154646452 1.5470320096014288e-07 0.0017865685441286112 0 0 0 0 0 -8.952465033610842e-06 1.7098936981804185e-05 0 0 0 0 0 0 0 0 0
leaf_weight=14744 22747 166831 5940 99362 35327 15577 4793 61273 9584 50318 37774 11333 7729 1244 3388 2578 12606 4400 8039 16610 2476 2974 18311 112525 15145 46035 20797 23910 2066 11486
leaf_count=14744 22747 166831 5940 99362 35327 15577 4793 61273 9584 50318 37774 11333 7729 1244 3388 2578 12606 4400 8039 16610 2476 2974 18311 112525 15145 46035 20797 23910 2066 11486
internal_value=-0.0124701 -0.00501747 -0.00861499 -0.0223679 -0.0170162 -0.00607364 -0.00291544 -0.00195675 -0.0100563 -0.00117076 -0.00986812 -0.00761681 -0.00541589 -0.0160717 -0.00896231 -0.016175 -0.01336 -0.0127816 -0.0150563 -0.00424871 -0.00957332 -0.023638 -0.0237389 -0.0230864 -0.0196751 -0.0238061 -0.0126491 -0.00999562 -0.00976657 -0.0194259
internal_weight=847922 483710 249951 364212 69860 162773 88853 82816 34533 233759 73920 51173 19789 6037 21543 5966 87178 81238 44722 66928 12060 294352 291378 192016 33456 158560 28836 36516 39840 15886
internal_count=847922 483710 249951 364212 69860 162773 88853 82816 34533 233759 73920 51173 19789 6037 21543 5966 87178 81238 44722 66928 12060 294352 291378 192016 33456 158560 28836 36516 39840 15886
cat_boundaries=0 1 2 3 4 5 6
cat_threshold=1 1 7355904 377087 7355904 2449439
is_linear=0
shrinkage=0.05


Tree=227
num_leaves=31
num_cat=6
split_feature=18 18 2 2 3 0 3 3 3 0 3 4 0 4 3 3 3 4 4 3 4 3 3 3 3 8 3 3 3 0
split_gain=24968.5 2652.85 1202.13 982.305 1315.76 770.228 461.752 567.052 395.042 362.378 337.853 334.006 213.115 163.58 162.03 206.404 190.824 161.146 159.326 207.586 151.769 112.828 272.701 120.725 116.814 87.9872 85.5178 80.3795 78.1885 77.0667
threshold=0.14271402359008792 0.44424292445182806 0 1 80.500000000000014 2 80.500000000000014 38.500000000000007 39.500000000000007 3 43.500000000000007 4.5000000000000009 4 4.5000000000000009 46.500000000000007 55.500000000000007 74.500000000000014 4.5000000000000009 4.5000000000000009 35.500000000000007 4.5000000000000009 44.500000000000007 57.500000000000007 73.500000000000014 46.500000000000007 3.4000000059604649 84.500000000000014 79.500000000000014 56.500000000000007 5
decision_type=2 2 1 1 2 1 2 2 2 1 2 2 1 2 2 2 2 2 2 2 2 2 2 2 2 2 2 2 2 1
left_child=3 2 5 4 8 10 7 18 -1 -3 -2 27 20 29 -4 -16 28 -8 -7 -20 -10 -5 24 -24 -23 -18 -25 -12 -17 -11
right_child=1 9 14 21 -6 6 17 -9 12 13 11 -13 -14 -15 15 16 25 -19 19 -21 -22 22 23 26 -26 -27 -28 -29 -30 -31
leaf_value=0 0 2.1050368190571218e-07 0 0 0 0 0 9.9901973770718136e-08 0 0 0 -0.00018328934691412939 1.4696495548870999e-07 -8.504841781930299e-06 0 0 0 -0.00016620425295705844 0 0 1.6243990132713974e-05 0 0 0 0 0 0 0 0 0
leaf_weight=14931 22707 166876 5967 106906 35246 15513 4804 61386 9693 29063 37715 11405 7670 16620 36414 4395 19936 1220 3370 2590 2471 11247 112674 30474 16240 8886 16876 2044 11405 21212
leaf_count=14931 22707 166876 5967 106906 35246 15513 4804 61386 9693 29063 37715 11405 7670 16620 36414 4395 19936 1220 3370 2590 2471 11247 112674 30474 16240 8886 16876 2044 11405 21212
internal_value=-0.0124824 -0.00503383 -0.00861688 -0.0223653 -0.017042 -0.00608065 -0.00294371 -0.00197233 -0.0101402 -0.00120577 -0.00985335 -0.00760202 -0.00551578 -0.0043147 -0.0133613 -0.0127758 -0.0150554 -0.0163098 -0.00896591 -0.0159144 -0.00962707 -0.0236312 -0.0228921 -0.0236824 -0.0182914 -0.0126344 -0.0215639 -0.00976571 -0.0194715 -0.00573695
internal_weight=847956 483528 249757 364428 70011 162754 88883 82859 34765 233771 73871 51164 19834 66895 87003 81036 44622 6024 21473 5960 12164 294417 187511 160024 27487 28822 47350 39759 15800 50275
internal_count=847956 483528 249757 364428 70011 162754 88883 82859 34765 233771 73871 51164 19834 66895 87003 81036 44622 6024 21473 5960 12164 294417 187511 160024 27487 28822 47350 39759 15800 50275
cat_boundaries=0 1 2 3 4 5 6
cat_threshold=1 1 7355904 377087 7355904 2760960
is_linear=0
shrinkage=0.05


Tree=228
num_leaves=31
num_cat=7
split_feature=18 18 2 2 3 0 3 3 3 0 3 4 0 4 3 3 3 4 3 4 4 3 3 3 3 8 3 0 3 0
split_gain=24979.8 2702.79 1186.78 998.089 1331.56 783.392 454.772 570.578 392.623 355.937 336.337 334.927 210.601 170.77 159.998 197.79 183.638 159.564 211.875 152.479 151.958 111.413 280.217 118.892 115.051 87.1883 84.8991 84.0159 82.9454 80.3166
threshold=0.1122730001807213 0.44424292445182806 0 1 80.500000000000014 2 80.500000000000014 38.500000000000007 39.500000000000007 3 43.500000000000007 4.5000000000000009 4 4.5000000000000009 46.500000000000007 55.500000000000007 74.500000000000014 4.5000000000000009 35.500000000000007 4.5000000000000009 4.5000000000000009 44.500000000000007 57.500000000000007 46.500000000000007 73.500000000000014 3.4000000059604649 79.500000000000014 5 78.500000000000014 6
decision_type=2 2 1 1 2 1 2 2 2 1 2 2 1 2 2 2 2 2 2 2 2 2 2 2 2 2 2 1 2 1
left_child=3 2 5 4 8 10 7 17 -1 -3 -2 26 20 -8 -4 27 -17 -7 -19 29 -10 -5 23 -23 -24 -18 -12 -16 -26 -11
right_child=1 9 14 21 -6 6 13 -9 12 19 11 -13 -14 -15 15 16 25 18 -20 -21 -22 22 24 -25 28 -27 -28 -29 -30 -31
leaf_value=0 0 1.9997849781042659e-07 0 0 0 0 0 9.4906875082182221e-08 0 0 0 -0.00018839997925158527 1.3936436686217174e-07 0.0011600110314978708 0 0 0 0 0 -8.0795996928337843e-06 1.5431790626078277e-05 0 0 0 0 0 0 0 0 0
leaf_weight=14746 22671 166846 5981 106908 35307 15526 4796 61285 9684 29023 37868 11320 7721 1235 12620 15865 20165 3372 2571 16628 2482 11210 112594 16063 10702 8972 2078 23884 36300 21187
leaf_count=14746 22671 166846 5981 106908 35307 15526 4796 61285 9684 29023 37868 11320 7721 1235 12620 15865 20165 3372 2571 16628 2482 11210 112594 16063 10702 8972 2078 23884 36300 21187
internal_value=-0.0124621 -0.00502038 -0.00863168 -0.0223626 -0.0169946 -0.00610673 -0.00293964 -0.00197392 -0.0100287 -0.00115369 -0.00990811 -0.00766687 -0.00544451 -0.0161955 -0.013328 -0.0127488 -0.0149671 -0.00898854 -0.0159557 -0.00423648 -0.00953926 -0.0236406 -0.0229041 -0.0182204 -0.0237045 -0.0126103 -0.00981825 -0.010014 -0.0216267 -0.00561143
internal_weight=847610 483893 250209 363717 69940 162722 88785 82754 34633 233684 73937 51266 19887 6031 87487 81506 45002 21469 5943 66838 12166 293777 186869 27273 159596 29137 39946 36504 47002 50210
internal_count=847610 483893 250209 363717 69940 162722 88785 82754 34633 233684 73937 51266 19887 6031 87487 81506 45002 21469 5943 66838 12166 293777 186869 27273 159596 29137 39946 36504 47002 50210
cat_boundaries=0 1 2 3 4 5 6 7
cat_threshold=1 1 7355904 377087 7355904 2449439 2760960
is_linear=0
shrinkage=0.05


Tree=229
num_leaves=31
num_cat=7
split_feature=18 18 2 2 3 0 3 3 3 0 3 4 0 4 3 4 3 3 3 4 4 3 3 3 3 8 3 0 0 3
split_gain=25067.3 2669.95 1189.93 974.766 1310.87 776.615 464.159 566.634 396.62 375.64 328.425 403.699 200.644 168.495 200.723 159.6 158.451 205.703 192.439 151.752 150.512 110.668 277.769 116.165 113.559 89.7479 82.6164 82.3422 77.1155 74.7076
threshold=0.1122730001807213 0.44424292445182806 0 1 80.500000000000014 2 80.500000000000014 38.500000000000007 39.500000000000007 3 41.500000000000007 4.5000000000000009 4 4.5000000000000009 35.500000000000007 4.5000000000000009 46.500000000000007 55.500000000000007 74.500000000000014 4.5000000000000009 4.5000000000000009 44.500000000000007 57.500000000000007 46.500000000000007 73.500000000000014 3.4000000059604649 84.500000000000014 5 6 56.500000000000007
decision_type=2 2 1 1 2 1 2 2 2 1 2 2 1 2 2 2 2 2 2 2 2 2 2 2 2 2 2 1 1 2
left_child=3 2 5 4 8 10 7 13 -1 -3 -2 -12 20 -7 -15 -8 -4 27 29 28 -10 -5 23 -23 -24 -20 -26 -18 -11 -19
right_child=1 9 16 21 -6 6 15 -9 12 19 11 -13 -14 14 -16 -17 17 18 25 -21 -22 22 24 -25 26 -27 -28 -29 -30 -31
leaf_value=0 0 1.8997957291990525e-07 0 0 0 0 0 9.0162146061152573e-08 0 0 0 0.00018274892150063203 1.3239614851906314e-07 0 0 0.00085469656972092523 0 0 0 -3.6876588604584097e-05 1.4660201094774362e-05 0 0 0 0 0 0 0 0 0
leaf_weight=14735 18672 166926 5963 107013 35265 15516 4847 61285 9647 29107 42769 12392 7649 3371 2586 1189 12607 4386 20041 16637 2468 11282 112556 16078 30201 8927 16903 23997 21260 11537
leaf_count=14735 18672 166926 5963 107013 35265 15516 4847 61285 9647 29107 42769 12392 7649 3371 2586 1189 12607 4386 20041 16637 2468 11282 112556 16078 30201 8927 16903 23997 21260 11537
internal_value=-0.0124677 -0.00501395 -0.00860557 -0.0223845 -0.0170711 -0.00607633 -0.00292442 -0.00194845 -0.0101416 -0.00117428 -0.00986519 -0.00792634 -0.00551255 -0.00893797 -0.0160861 -0.0163105 -0.0133087 -0.012733 -0.0150013 -0.00433641 -0.00951134 -0.0236452 -0.0229115 -0.0182566 -0.0237091 -0.0125742 -0.0216478 -0.0099511 -0.00570463 -0.0194169
internal_weight=847812 484015 250085 363797 69764 162627 88794 82758 34499 233930 73833 55161 19764 21473 5957 6036 87458 81495 44891 67004 12115 294033 187020 27360 159660 28968 47104 36604 50367 15923
internal_count=847812 484015 250085 363797 69764 162627 88794 82758 34499 233930 73833 55161 19764 21473 5957 6036 87458 81495 44891 67004 12115 294033 187020 27360 159660 28968 47104 36604 50367 15923
cat_boundaries=0 1 2 3 4 5 6 7
cat_threshold=1 1 7355904 377087 7355904 2449439 2760960
is_linear=0
shrinkage=0.05


Tree=230
num_leaves=31
num_cat=6
split_feature=18 18 2 2 3 3 1 3 4 3 1 1 3 3 3 1 4 3 4 4 17 3 4 3 3 3 3 8 3 3
split_gain=24985.6 2662.77 1192.76 991.181 1339.2 572.583 516.462 515.519 466.906 397.599 289.203 177.152 158.642 209.063 191.162 155.496 151.005 188.596 146.972 145.063 124.013 120.427 110.802 97.2015 192.777 169.983 93.3288 86.6205 73.9151 72.4849
threshold=0.14271402359008792 0.44424292445182806 0 1 80.500000000000014 38.500000000000007 2 80.500000000000014 4.5000000000000009 39.500000000000007 3 4 46.500000000000007 55.500000000000007 74.500000000000014 5 4.5000000000000009 35.500000000000007 4.5000000000000009 4.5000000000000009 0.07692307606339456 80.500000000000014 4.5000000000000009 43.500000000000007 57.500000000000007 46.500000000000007 73.500000000000014 3.4000000059604649 78.500000000000014 56.500000000000007
decision_type=2 2 1 1 2 2 1 2 2 2 1 1 2 2 2 1 2 2 2 2 2 2 2 2 2 2 2 2 2 2
left_child=3 2 5 4 9 15 7 -7 21 -1 -3 -11 -4 -14 29 16 -2 -18 -13 -9 23 -8 -12 -5 25 -25 -26 -16 -28 -15
right_child=1 10 12 20 -6 6 8 19 -10 11 22 18 13 14 27 -17 17 -19 -20 -21 -22 -23 -24 24 26 -27 28 -29 -30 -31
leaf_value=0 0 -2.0911882865947951e-06 0 0 0 8.5654512279663794e-08 0 0 0 1.2603176736863848e-07 0 0 0 0 0 0 0 0 1.3927191040035646e-05 0.0019505992268310903 0 0 -8.3091240293045926e-05 0 0 0 0 0 0 0
leaf_weight=14852 13687 162256 5976 99468 35343 50286 54139 4232 17261 6401 53003 10617 36498 4354 19861 15005 3056 2187 2813 1053 3116 1650 18449 18245 112532 15206 10227 8904 35726 11451
leaf_count=14852 13687 162256 5976 99468 35343 50286 54139 4232 17261 6401 53003 10617 36498 4354 19861 15005 3056 2187 2813 1053 3116 1650 18449 18245 112532 15206 10227 8904 35726 11451
internal_value=-0.0124711 -0.00501657 -0.00860777 -0.0223541 -0.0170073 -0.00607852 -0.00455427 -0.000920728 -0.00731727 -0.0100272 -0.00118117 -0.00539433 -0.0133312 -0.0127516 -0.0150494 -0.0118558 -0.00882524 -0.0160452 -0.00865327 -0.0157758 -0.0236254 -0.00954176 -0.00383141 -0.0237315 -0.0230741 -0.019625 -0.0238021 -0.0126221 -0.0219034 -0.0194669
internal_weight=847854 483308 249600 364546 70026 162556 128621 55571 73050 34683 233708 19831 87044 81068 44570 33935 18930 5243 13430 5285 294520 55789 71452 291404 191936 33451 158485 28765 45953 15805
internal_count=847854 483308 249600 364546 70026 162556 128621 55571 73050 34683 233708 19831 87044 81068 44570 33935 18930 5243 13430 5285 294520 55789 71452 291404 191936 33451 158485 28765 45953 15805
cat_boundaries=0 1 2 3 4 5 6
cat_threshold=1 1 3 3 3 3
is_linear=0
shrinkage=0.05


Tree=231
num_leaves=31
num_cat=5
split_feature=18 18 2 2 3 1 3 3 3 3 4 1 1 3 3 3 4 3 4 4 4 3 17 3 3 3 3 8 3 3
split_gain=25014.1 2686.18 1196.79 984.622 1317.59 568.588 393.644 379.584 505.679 333.595 477.066 277.251 172.648 158.539 200.175 192.136 154.634 184.495 146.873 137.088 120.556 117.94 110.754 96.0299 187.482 169.933 92.7591 91.2176 75.6489 73.7091
threshold=0.1122730001807213 0.44424292445182806 0 1 80.500000000000014 2 39.500000000000007 80.500000000000014 38.500000000000007 38.500000000000007 4.5000000000000009 3 4 46.500000000000007 55.500000000000007 74.500000000000014 4.5000000000000009 35.500000000000007 4.5000000000000009 4.5000000000000009 4.5000000000000009 79.500000000000014 0.07692307606339456 43.500000000000007 57.500000000000007 46.500000000000007 73.500000000000014 3.4000000059604649 56.500000000000007 78.500000000000014
decision_type=2 2 1 1 2 1 2 2 2 2 2 1 1 2 2 2 2 2 2 2 2 2 2 2 2 2 2 2 2 2
left_child=3 2 5 4 6 7 -1 8 16 -7 21 -3 -8 -4 -15 28 -2 -18 -14 -9 -13 -11 23 -5 25 -25 -26 -17 -16 -28
right_child=1 11 13 22 -6 9 12 19 -10 10 -12 20 18 14 15 27 17 -19 -20 -21 -22 -23 -24 24 26 -27 29 -29 -30 -31
leaf_value=0 0 -1.9921972525765549e-06 0 0 0 0 1.1973017900020656e-07 0 9.5368436419276257e-08 0 0 0 0 0 0 0 0 0 1.3230831488033864e-05 0.00088376937757097824 -5.9569768611671344e-05 0 0 0 0 0 0 0 0 0
leaf_weight=14790 13699 162088 6039 99340 35288 15029 6366 4205 50267 53033 17244 53056 10558 36566 4393 20108 3090 2195 2803 1050 18561 2902 2626 18330 112598 15108 10207 8964 11387 35711
leaf_count=14790 13699 162088 6039 99340 35288 15029 6366 4205 50267 53033 17244 53056 10558 36566 4393 20108 3090 2195 2803 1050 18561 2902 2626 18330 112598 15108 10207 8964 11387 35711
internal_value=-0.012471 -0.00502391 -0.0086246 -0.0223781 -0.01704 -0.00608921 -0.0100943 -0.00287187 -0.00188914 -0.00880546 -0.00741299 -0.00116953 -0.00547093 -0.0133417 -0.0127619 -0.0150004 -0.00884166 -0.0161069 -0.00869606 -0.0158278 -0.0037601 -0.00965451 -0.0236459 -0.023738 -0.023085 -0.0196827 -0.0238026 -0.0125894 -0.0194423 -0.0219086
internal_weight=847601 483876 250171 363725 69805 162714 34517 74506 69251 88208 73179 233705 19727 87457 81418 44852 18984 5285 13361 5255 71617 55935 293920 291294 191954 33438 158516 29072 15780 45918
internal_count=847601 483876 250171 363725 69805 162714 34517 74506 69251 88208 73179 233705 19727 87457 81418 44852 18984 5285 13361 5255 71617 55935 293920 291294 191954 33438 158516 29072 15780 45918
cat_boundaries=0 1 2 3 4 5
cat_threshold=1 1 3 3 3
is_linear=0
shrinkage=0.05


Tree=232
num_leaves=31
num_cat=6
split_feature=18 18 2 2 3 0 3 3 3 0 3 4 0 4 4 4 3 3 3 7 4 3 3 3 3 3 3 3 0 3
split_gain=25029.9 2687.62 1194.92 980.965 1316.97 764.583 449.809 565.01 384.617 368.54 342.008 326.206 211.21 170.175 167.247 162.858 204.608 162.233 202.698 193.718 147.023 111 204.277 190.244 115.461 89.0457 83.0288 82.6048 82.5044 74.9732
threshold=0.1122730001807213 0.44424292445182806 0 1 80.500000000000014 2 80.500000000000014 38.500000000000007 39.500000000000007 3 43.500000000000007 4.5000000000000009 4 4.5000000000000009 4.5000000000000009 4.5000000000000009 35.500000000000007 46.500000000000007 55.500000000000007 22.800000190734867 4.5000000000000009 43.500000000000007 57.500000000000007 46.500000000000007 73.500000000000014 74.500000000000014 79.500000000000014 78.500000000000014 5 45.500000000000007
decision_type=2 2 1 1 2 1 2 2 2 1 2 2 1 2 2 2 2 2 2 2 2 2 2 2 2 2 2 2 1 2
left_child=3 2 5 4 8 10 7 15 -1 -3 -2 26 20 -8 29 -7 -17 -4 28 -20 -10 -5 23 -23 -24 -21 -12 -26 -19 -11
right_child=1 9 17 21 -6 6 13 -9 12 14 11 -13 -14 -15 -16 16 -18 18 19 25 -22 22 24 -25 27 -27 -28 -29 -30 -31
leaf_value=0 0 3.8464987123247756e-07 0 0 0 0 0 7.6601803068499634e-08 0 0 0 -0.00020278603766981699 1.1348824377466774e-07 0.001431442411947248 1.3012601672729733e-06 0 0 0 0 0 1.2569289913632171e-05 0 0 0 0 0 0 0 0 0
leaf_weight=14753 22760 167112 6004 99560 35340 15551 4827 61273 9633 5225 37669 11373 7645 1239 16577 3388 2593 12564 8576 15879 2455 18690 112518 16085 10733 20427 2074 36316 23937 45004
leaf_count=14753 22760 167112 6004 99560 35340 15551 4827 61273 9633 5225 37669 11373 7645 1239 16577 3388 2593 12564 8576 15879 2455 18690 112518 16085 10733 20427 2074 36316 23937 45004
internal_value=-0.0124658 -0.00501847 -0.00862138 -0.0223767 -0.0170495 -0.00608905 -0.00296323 -0.00200078 -0.0100983 -0.00116579 -0.0098476 -0.00757884 -0.00553261 -0.0161062 -0.00430436 -0.00896805 -0.0159798 -0.0133375 -0.0127524 -0.0150027 -0.00964209 -0.0236424 -0.0229469 -0.0194745 -0.0237037 -0.0165992 -0.00971555 -0.0216237 -0.00998534 -0.0057422
internal_weight=847780 484052 250134 363728 69826 162747 88871 82805 34486 233918 73876 51116 19733 6066 66806 21532 5981 87387 81383 44882 12088 293902 194342 34775 159567 36306 39743 47049 36501 50229
internal_count=847780 484052 250134 363728 69826 162747 88871 82805 34486 233918 73876 51116 19733 6066 66806 21532 5981 87387 81383 44882 12088 293902 194342 34775 159567 36306 39743 47049 36501 50229
cat_boundaries=0 1 2 3 4 5 6
cat_threshold=1 1 7355904 377087 7355904 2449439
is_linear=0
shrinkage=0.05


Tree=233
num_leaves=31
num_cat=6
split_feature=18 18 2 2 3 0 3 3 3 0 3 4 0 4 3 4 3 3 7 4 4 17 3 3 3 3 3 0 3 3
split_gain=25017.6 2682.16 1187.01 979.802 1329.19 781.254 438.456 566.015 397.119 358.848 335.094 334.011 214.259 166.874 203.259 166.182 159.36 203.068 191.907 155.668 150.571 128.353 96.14 185.935 169.996 94.7235 87.5871 83.0196 80.3758 77.531
threshold=0.14271402359008792 0.44424292445182806 0 1 80.500000000000014 2 80.500000000000014 38.500000000000007 39.500000000000007 3 43.500000000000007 4.5000000000000009 4 4.5000000000000009 35.500000000000007 4.5000000000000009 46.500000000000007 55.500000000000007 22.800000190734867 4.5000000000000009 4.5000000000000009 0.07692307606339456 43.500000000000007 57.500000000000007 46.500000000000007 73.500000000000014 74.500000000000014 5 79.500000000000014 56.500000000000007
decision_type=2 2 1 1 2 1 2 2 2 1 2 2 1 2 2 2 2 2 2 2 2 2 2 2 2 2 2 1 2 2
left_child=3 2 5 4 8 10 7 13 -1 -3 -2 28 20 -7 -15 -8 -4 27 -19 -11 -10 22 -5 24 -24 -25 29 -18 -12 -20
right_child=1 9 16 21 -6 6 15 -9 12 19 11 -13 -14 14 -16 -17 17 18 26 -21 -22 -23 23 25 -26 -27 -28 -29 -30 -31
leaf_value=0 0 3.6541737767085365e-07 0 0 0 0 0 7.2772186436643497e-08 0 0 0 -0.00018531243013343644 1.0806925786146286e-07 0 0 0.0014232162039644392 0 0 0 -5.1629159967592602e-05 1.1940825417950564e-05 0 0 0 0 0 0 0 0 0
leaf_weight=14809 22594 167064 5914 99486 35369 15551 4734 61149 9651 50301 37801 11358 7650 3402 2579 1205 12496 8504 4366 16625 2447 3113 18225 112356 15095 46037 20182 23775 2050 11416
leaf_count=14809 22594 167064 5914 99486 35369 15551 4734 61149 9651 50301 37801 11358 7650 3402 2579 1205 12496 8504 4366 16625 2447 3113 18225 112356 15095 46037 20182 23775 2050 11416
internal_value=-0.0124726 -0.00501215 -0.00862327 -0.0223668 -0.0170466 -0.00610212 -0.00293636 -0.00199411 -0.0100725 -0.00116821 -0.00990171 -0.00766516 -0.00543093 -0.00896573 -0.0160634 -0.0160591 -0.0133489 -0.0127686 -0.0150333 -0.00426153 -0.00956805 -0.0236309 -0.0237388 -0.0230844 -0.0196894 -0.0237986 -0.0166305 -0.00999214 -0.00982096 -0.0194209
internal_weight=847304 483066 249076 364238 69926 162423 88620 82681 34557 233990 73803 51209 19748 21532 5981 5939 86653 80739 44468 66926 12098 294312 291199 191713 33320 158393 35964 36271 39851 15782
internal_count=847304 483066 249076 364238 69926 162423 88620 82681 34557 233990 73803 51209 19748 21532 5981 5939 86653 80739 44468 66926 12098 294312 291199 191713 33320 158393 35964 36271 39851 15782
cat_boundaries=0 1 2 3 4 5 6
cat_threshold=1 1 7355904 377087 7355904 2449439
is_linear=0
shrinkage=0.05


Tree=234
num_leaves=31
num_cat=9
split_feature=18 18 2 2 0 7 0 4 4 18 7 7 8 7 17 6 7 7 8 19 19 0 0 19 13 21 4 6 7 0
split_gain=24986 2689.33 1181.7 980.288 772.692 565.764 355.444 305.686 163.736 151.617 148.122 142.263 133.533 223.963 118.273 106.134 262.37 103.661 130.111 100.889 120.265 88.381 87.9557 84.362 83.4592 107.916 121.368 79.8025 81.1134 76.4074
threshold=0.13445998728275302 0.44424292445182806 0 1 2 27.10000038146973 3 4.5000000000000009 4.5000000000000009 0.18460166454315188 21.500000000000004 30.10000038146973 3.4000000059604649 27.10000038146973 0.07692307606339456 4 25.10000038146973 21.500000000000004 3.4000000059604649 1.005101263523102 0.99999997019767772 5 6 1.1559036970138552 0.9787137806415559 4.1608099937438974 4.5000000000000009 7 25.899999618530277 8
decision_type=2 2 1 1 1 2 1 2 2 2 2 2 2 2 2 1 2 2 2 2 2 1 1 2 2 2 2 1 2 1
left_child=3 2 4 5 7 15 -3 11 29 -4 -6 -2 13 23 -5 16 17 -1 -19 20 -9 24 -7 27 -14 -26 -27 28 -12 -8
right_child=1 6 9 14 10 22 8 19 -10 -11 12 -13 21 -15 -16 -17 -18 18 -20 -21 -22 -23 -24 -25 25 26 -28 -29 -30 -31
leaf_value=0 0 3.4714650878731095e-07 0 0 0 0 0 0 3.8176551572889549e-06 0 0 0 -0.00037647784652011714 0 0 0 0 0 0 0.00024994926376912884 0 -6.9157309219965838e-08 0 2.9758022631695139e-07 -1.0102464913980246e-05 8.3292985932147108e-08 -0.0012187782950238433 0 0 0
leaf_weight=13504 37218 166955 38638 291103 4000 5739 29130 5238 16621 48187 8456 19313 3186 45869 3032 19968 5441 9751 3097 7934 4187 9524 12452 2309 860 2262 746 7177 4416 21256
leaf_count=13504 37218 166955 38638 291103 4000 5739 29130 5238 16621 48187 8456 19313 3186 45869 3032 19968 5441 9751 3097 7934 4187 9524 12452 2309 860 2262 746 7177 4416 21256
internal_value=-0.012469 -0.00501921 -0.00863017 -0.0223618 -0.00611651 -0.0170417 -0.00116814 -0.00989378 -0.00424407 -0.0133403 -0.00297219 -0.0116772 -0.00252904 -0.00350704 -0.023627 -0.0197074 -0.0178796 -0.0199491 -0.0167341 -0.00409154 -0.00758886 0.00149596 -0.0094566 -0.00761025 0.0057333 0.0106774 0.015143 -0.00865255 -0.00628008 -0.00566427
internal_weight=847569 483482 249520 364087 162695 69952 233962 73890 67007 86825 88805 56531 84805 68227 294135 51761 31793 26352 12848 17359 9425 16578 18191 22358 7054 3868 3008 20049 12872 50386
internal_count=847569 483482 249520 364087 162695 69952 233962 73890 67007 86825 88805 56531 84805 68227 294135 51761 31793 26352 12848 17359 9425 16578 18191 22358 7054 3868 3008 20049 12872 50386
cat_boundaries=0 1 2 3 4 5 6 7 8 9
cat_threshold=1 1 7355904 377087 28 917713 950733 12 2760960
is_linear=0
shrinkage=0.05


Tree=235
num_leaves=31
num_cat=5
split_feature=18 18 2 2 3 1 3 3 3 3 4 1 1 3 3 3 4 3 4 4 3 4 3 3 3 3 8 3 3 3
split_gain=24991.3 2688.41 1180.62 984.263 1327.91 574.793 393.438 388.081 495.352 342.264 467.104 275.356 168.741 157.678 205.147 188.959 152.778 200.248 146.11 143.968 116.516 115.555 111.382 283.945 118.013 113.141 90.7092 80.8777 75.6543 57.0188
threshold=0.1122730001807213 0.44424292445182806 0 1 80.500000000000014 2 39.500000000000007 80.500000000000014 38.500000000000007 38.500000000000007 4.5000000000000009 3 4 46.500000000000007 55.500000000000007 74.500000000000014 4.5000000000000009 35.500000000000007 4.5000000000000009 4.5000000000000009 80.500000000000014 4.5000000000000009 44.500000000000007 57.500000000000007 46.500000000000007 73.500000000000014 3.4000000059604649 84.500000000000014 56.500000000000007 56.500000000000007
decision_type=2 2 1 1 2 1 2 2 2 2 2 1 1 2 2 2 2 2 2 2 2 2 2 2 2 2 2 2 2 2
left_child=3 2 5 4 6 7 -1 8 16 -7 20 -3 -8 -4 -15 28 -2 -18 -14 -9 -11 -13 -5 24 -24 -25 -17 -27 -16 -26
right_child=1 11 13 22 -6 9 12 19 -10 10 -12 21 18 14 15 26 17 -19 -20 -21 -22 -23 23 25 29 27 -28 -29 -30 -31
leaf_value=0 0 -3.9495457192728628e-06 0 0 0 0 1.0266579496838971e-07 0 7.8963580403022184e-08 0 -1.4205881055873542e-08 0 0 0 0 0 0 0 1.1343784147053035e-05 0.0021930550496689519 0 -7.3632677615658533e-05 0 0 0 0 0 0 0 0
leaf_weight=14793 13757 162208 6005 106845 35159 15058 6336 4236 50183 54091 17294 53172 10603 36504 4435 20012 3109 2189 2793 1043 1659 18445 11213 112661 11916 30203 8958 16908 11429 4199
leaf_count=14793 13757 162208 6005 106845 35159 15058 6336 4236 50183 54091 17294 53172 10603 36504 4435 20012 3109 2189 2793 1043 1659 18445 11213 112661 11916 30203 8958 16908 11429 4199
internal_value=-0.0124684 -0.00502416 -0.00862911 -0.0223725 -0.0170297 -0.00611076 -0.0100644 -0.00287715 -0.00188119 -0.00884443 -0.00743045 -0.00117043 -0.00544294 -0.0133179 -0.0127407 -0.0150065 -0.00874442 -0.0159589 -0.00861927 -0.0159453 -0.0096574 -0.00375243 -0.023639 -0.0229035 -0.0181938 -0.0237091 -0.0126044 -0.0216515 -0.019393 -0.015453
internal_weight=847416 483787 249962 363629 69684 162619 34525 74517 69238 88102 73044 233825 19732 87343 81338 44834 19055 5298 13396 5279 55750 71617 293945 187100 27328 159772 28970 47111 15864 16115
internal_count=847416 483787 249962 363629 69684 162619 34525 74517 69238 88102 73044 233825 19732 87343 81338 44834 19055 5298 13396 5279 55750 71617 293945 187100 27328 159772 28970 47111 15864 16115
cat_boundaries=0 1 2 3 4 5
cat_threshold=1 1 3 3 3
is_linear=0
shrinkage=0.05


end of trees

feature_importances:
slot=2614
sku=1054
dow=943
roll_7d=731
fg=545
temp_c=350
lag_7d=255
rain_mm_h=175
is_weekend=115
cat=94
ratio_so_far=68
price_ratio=62
weather=31
lag_1d=22
rating=21

parameters:
[boosting: gbdt]
[objective: quantile]
[metric: quantile]
[tree_learner: serial]
[device_type: cpu]
[data_sample_strategy: bagging]
[data: ]
[valid: ]
[num_iterations: 600]
[learning_rate: 0.05]
[num_leaves: 31]
[num_threads: 4]
[seed: 0]
[deterministic: 0]
[force_col_wise: 0]
[force_row_wise: 0]
[histogram_pool_size: -1]
[max_depth: -1]
[min_data_in_leaf: 20]
[min_sum_hessian_in_leaf: 0.001]
[bagging_fraction: 0.9]
[pos_bagging_fraction: 1]
[neg_bagging_fraction: 1]
[bagging_freq: 1]
[bagging_seed: 7719]
[bagging_by_query: 0]
[feature_fraction: 0.9]
[feature_fraction_bynode: 1]
[feature_fraction_seed: 2437]
[extra_trees: 0]
[extra_seed: 11797]
[early_stopping_round: 0]
[early_stopping_min_delta: 0]
[first_metric_only: 0]
[max_delta_step: 0]
[lambda_l1: 0]
[lambda_l2: 0]
[linear_lambda: 0]
[min_gain_to_split: 0]
[drop_rate: 0.1]
[max_drop: 50]
[skip_drop: 0.5]
[xgboost_dart_mode: 0]
[uniform_drop: 0]
[drop_seed: 21238]
[top_rate: 0.2]
[other_rate: 0.1]
[min_data_per_group: 100]
[max_cat_threshold: 32]
[cat_l2: 10]
[cat_smooth: 10]
[max_cat_to_onehot: 4]
[top_k: 20]
[monotone_constraints: ]
[monotone_constraints_method: basic]
[monotone_penalty: 0]
[feature_contri: ]
[forcedsplits_filename: ]
[refit_decay_rate: 0.9]
[cegb_tradeoff: 1]
[cegb_penalty_split: 0]
[cegb_penalty_feature_lazy: ]
[cegb_penalty_feature_coupled: ]
[path_smooth: 0]
[interaction_constraints: ]
[verbosity: -1]
[saved_feature_importance_type: 0]
[use_quantized_grad: 0]
[num_grad_quant_bins: 4]
[quant_train_renew_leaf: 0]
[stochastic_rounding: 1]
[linear_tree: 0]
[max_bin: 255]
[max_bin_by_feature: ]
[min_data_in_bin: 3]
[bin_construct_sample_cnt: 200000]
[data_random_seed: 38]
[is_enable_sparse: 1]
[enable_bundle: 1]
[use_missing: 1]
[zero_as_missing: 0]
[feature_pre_filter: 1]
[pre_partition: 0]
[two_round: 0]
[header: 0]
[label_column: ]
[weight_column: ]
[group_column: ]
[ignore_column: ]
[categorical_feature: 0,1,2,6]
[forcedbins_filename: ]
[precise_float_parser: 0]
[parser_config_file: ]
[objective_seed: 8855]
[num_class: 1]
[is_unbalance: 0]
[scale_pos_weight: 1]
[sigmoid: 1]
[boost_from_average: 1]
[reg_sqrt: 0]
[alpha: 0.5]
[fair_c: 1]
[poisson_max_delta_step: 0.7]
[tweedie_variance_power: 1.5]
[lambdarank_truncation_level: 30]
[lambdarank_norm: 1]
[label_gain: ]
[lambdarank_position_bias_regularization: 0]
[eval_at: ]
[multi_error_top_k: 1]
[auc_mu_weights: ]
[num_machines: 1]
[local_listen_port: 12400]
[time_out: 120]
[machine_list_filename: ]
[machines: ]
[gpu_platform_id: -1]
[gpu_device_id: -1]
[gpu_device_id_list: ]
[gpu_use_dp: 0]
[num_gpu: 1]

end of parameters

pandas_categorical:null
