tree
version=v4
num_class=1
num_tree_per_iteration=1
label_index=0
max_feature_idx=3
objective=quantile
feature_names=platform eta_pred_s rain hour
feature_infos=-1:1:0 [540:1516.3199462890625] [0:6] [0:23]
tree_sizes=2703 2826 2845 2837 2835 2879 2845 2869 2838 2862 2884 2900 2857 2848 2854 2883 2873 2866 2869 2873 2901 2914 2906 2875 2886 2865 2913 2882 2903 2934 2928 2893 2922 2909 2926 2892 2887 2908 2921 2932 2935 2918 2859 2937 2843 2947 2894

Tree=0
num_leaves=31
num_cat=4
split_feature=1 1 1 3 3 3 2 3 3 3 0 3 3 3 2 0 2 3 3 3 0 0 2 3 2 3 3 3 2 3
split_gain=202.285 89.5728 6.92119 3.37352 1.47225 1.08736 0.936596 0.879503 0.902599 0.869659 0.76749 0.45292 0.333357 0.82083 0.495358 0.32054 0.289764 0.274182 0.251774 0.231339 0.191196 0.169254 0.766215 0.70393 0.215226 0.23384 0.165271 0.237877 0.41037 0.695942
threshold=675.00000000000011 594.00000000000011 772.20001220703136 11.500000000000002 20.500000000000004 12.500000000000002 3.4000000059604649 14.500000000000002 17.500000000000004 12.500000000000002 0 18.500000000000004 14.500000000000002 13.500000000000002 1.0000000180025095e-35 1 3.4000000059604649 12.500000000000002 19.500000000000004 11.500000000000002 2 3 3.4000000059604649 19.500000000000004 3.4000000059604649 19.500000000000004 14.500000000000002 18.500000000000004 3.4000000059604649 17.500000000000004
decision_type=2 2 2 2 2 2 2 2 2 2 1 2 2 2 2 1 2 2 2 2 1 1 2 2 2 2 2 2 2 2
left_child=1 3 15 -1 9 16 -6 -7 -9 10 -3 -10 13 14 -11 19 20 -4 -14 -2 -5 22 23 -13 25 -23 -17 28 -28 -30
right_child=2 4 17 5 6 7 -8 8 11 12 -12 21 18 -15 -16 26 -18 -19 -20 -21 -22 24 -24 -25 -26 -27 27 -29 29 -31
leaf_value=427.12568924476045 433.1907090534645 432.38848519126577 439.27804670538916 429.16461035617743 433.51006552509762 427.80530427002776 429.03514724806189 429.47190433663695 426.13479506433293 432.42896595902818 431.65709110511847 428.14806495851815 432.31593501309453 433.04770100891704 434.8896772130297 434.68831533064241 429.93899927760731 439.99345876211032 432.50221696744785 435.52525542491657 428.01004195180724 427.40419611640306 426.33288441016134 429.11405398202425 429.15188232608733 428.2788684445286 434.4614066232308 434.13687423077454 436.52887442428283 427.58603622084672
leaf_weight=253 40 1622 2813 463 3142 777 41 384 155 5947 1351 335 2280 2527 136 653 167 18749 4579 1278 368 268 84 183 61 140 37 305 27 23
leaf_count=253 40 1622 2813 463 3142 777 41 384 155 5947 1351 335 2280 2527 136 653 167 18749 4579 1278 368 268 84 183 61 140 37 305 27 23
internal_value=434.107 434.103 434.111 434.095 434.105 434.095 434.106 434.094 434.095 434.105 434.104 434.094 434.105 434.105 434.105 434.108 434.097 434.111 434.104 434.109 434.096 434.095 434.096 434.096 434.094 434.094 434.107 434.106 434.103 434.1
internal_weight=49188 25263 23925 3638 21625 3385 3183 2387 1610 18442 2973 1226 15469 8610 6083 2363 998 21562 6859 1318 831 1071 602 518 469 408 1045 392 87 50
internal_count=49188 25263 23925 3638 21625 3385 3183 2387 1610 18442 2973 1226 15469 8610 6083 2363 998 21562 6859 1318 831 1071 602 518 469 408 1045 392 87 50
cat_boundaries=0 1 2 3 4
cat_threshold=2 2 2 2
is_linear=0
shrinkage=1


Tree=1
num_leaves=31
num_cat=6
split_feature=1 1 1 3 3 3 3 2 3 3 3 0 3 3 2 3 0 3 3 0 2 3 0 3 3 2 3 2 0 0
split_gain=182.66 79.8141 6.5026 3.38789 1.15423 0.929401 0.722127 0.660342 0.657305 0.764626 0.69884 0.638386 0.326347 0.788965 0.450046 0.296787 0.2804 0.270271 0.282431 0.235619 0.603399 0.234482 0.173756 0.165271 0.237877 0.41037 0.695942 0.129537 0.535897 0.410585
threshold=675.00000000000011 594.00000000000011 772.20001220703136 11.500000000000002 20.500000000000004 12.500000000000002 12.500000000000002 3.4000000059604649 14.500000000000002 17.500000000000004 18.500000000000004 0 14.500000000000002 13.500000000000002 1.0000000180025095e-35 19.500000000000004 1 18.500000000000004 12.500000000000002 2 1.0000000180025095e-35 19.500000000000004 3 14.500000000000002 18.500000000000004 3.4000000059604649 17.500000000000004 3.4000000059604649 4 5
decision_type=2 2 2 2 2 2 2 2 2 2 2 1 2 2 2 2 1 2 2 1 2 2 1 2 2 2 2 2 1 1
left_child=1 3 16 -1 6 19 11 -6 -7 22 -11 -3 13 14 -8 17 -2 18 -4 -5 -21 -14 -10 -18 25 -25 -27 29 -29 -12
right_child=2 4 15 5 7 8 12 -9 9 10 27 -13 21 -15 -16 -17 23 -19 -20 20 -22 -23 -24 24 -26 26 -28 28 -30 -31
leaf_value=-6.562513120667381 1.1539192314633544 -1.6154849309523478 4.8607028923235962 -4.6081122056774673 -0.56119941715044208 -5.9236749969161169 -1.5774330092556863 -4.7676225975639888 -4.2492093197537404 -7.4939536502692157 -5.3918724379151879 -2.3029953719308436 -1.683682098433319 -0.99582206236019033 0.73563556950570275 5.6947596887362897 0.54635540006168526 3.9313616060460341 6.0471379329206725 -5.7175932337389686 -3.0467018227938523 -1.508577061341192 -4.1934869628155953 0.3330612150947786 0.028000766185896281 2.2764809480836732 -6.1297869631462456 -7.3077496651904994 -4.6578916242201025 -6.1541755079230267
leaf_weight=253 1318 1622 2813 553 3142 777 5947 41 214 155 518 1351 2280 2527 136 8697 653 2857 7195 353 92 4579 170 37 305 27 23 84 61 408
leaf_count=253 1318 1622 2813 553 3142 777 5947 41 214 155 518 1351 2280 2527 136 8697 653 2857 7195 353 92 4579 170 37 305 27 23 84 61 408
internal_value=5.09883e-05 -0.00350718 0.00380815 -0.0117295 -0.00212393 -0.011229 -0.00230604 -0.0010688 -0.0118718 -0.0111801 -0.0119119 -0.00316246 -0.00214144 -0.00189547 -0.00226566 0.00413561 0.000820144 0.00395258 0.00409952 -0.00969138 -0.0107191 -0.00245021 -0.00884375 8.61246e-05 -0.000887755 -0.00365517 -0.0072 -0.0113669 -0.0130345 -0.0111058
internal_weight=49188 25263 23925 3638 21625 3385 18442 3183 2387 1610 1226 2973 15469 8610 6083 21562 2363 12865 10008 998 445 6859 384 1045 392 87 50 1071 145 926
internal_count=49188 25263 23925 3638 21625 3385 18442 3183 2387 1610 1226 2973 15469 8610 6083 21562 2363 12865 10008 998 445 6859 384 1045 392 87 50 1071 145 926
cat_boundaries=0 1 2 3 4 5 6
cat_threshold=2 2 2 2 2 2
is_linear=0
shrinkage=0.06


Tree=2
num_leaves=31
num_cat=6
split_feature=1 1 1 3 3 3 2 3 3 3 0 3 3 3 2 3 0 0 3 0 2 0 2 3 3 3 3 3 0 3
split_gain=161.473 68.189 5.82408 3.07991 1.00279 0.685148 0.673571 0.482279 0.545375 0.848498 0.478584 0.367818 0.321486 0.769872 0.409385 0.277489 0.269897 0.261336 0.259528 0.243175 0.67444 0.239216 0.642371 0.422752 0.217489 0.214796 0.210983 0.182891 0.165871 0.165271
threshold=675.00000000000011 594.00000000000011 772.20001220703136 11.500000000000002 20.500000000000004 12.500000000000002 3.4000000059604649 12.500000000000002 14.500000000000002 17.500000000000004 0 19.500000000000004 14.500000000000002 13.500000000000002 1.0000000180025095e-35 18.500000000000004 1 2 19.500000000000004 3 1.0000000180025095e-35 4 3.4000000059604649 19.500000000000004 11.500000000000002 18.500000000000004 12.500000000000002 15.500000000000002 5 14.500000000000002
decision_type=2 2 2 2 2 2 2 2 2 2 1 2 2 2 2 2 1 1 2 1 2 1 2 2 2 2 2 2 1 2
left_child=1 3 17 -1 5 10 -6 19 -9 27 -3 25 13 14 -7 16 -11 24 -14 -5 -21 22 23 -17 -2 26 -4 -10 -20 -19
right_child=2 4 11 7 6 12 -8 8 9 15 -12 -13 18 -15 -16 21 -18 29 28 20 -22 -23 -24 -25 -26 -27 -28 -29 -30 -31
leaf_value=-6.1687623334273365 -0.93062965437335721 -1.5185558350952078 4.5690607187841792 -4.3316254733368202 -0.52752745212141683 -1.4827870287003451 -4.4815652417101477 -5.5682544971011483 -4.2009602703558855 -7.7459307895407434 -2.1648156496149942 5.3530741074121133 -1.5826611725273187 -0.9360727386185772 0.69149743533536134 -5.2779676034602208 -5.5425206258146407 0.51357407605798244 -1.4471103096126898 -5.3745376397146307 -2.8638997134262203 -5.7090169286851467 -6.8692846852790694 -4.3699379213644693 1.2638439347915846 3.695479909683272 5.6843096569454312 -2.7842731172864328 -1.311480083576289 -0.51609516017922119
leaf_weight=253 40 1622 2813 553 3142 5947 41 777 299 83 1351 8697 2280 2527 136 335 72 653 2527 353 92 469 84 183 1278 2857 7195 85 2052 392
leaf_count=253 40 1622 2813 553 3142 5947 41 777 299 83 1351 8697 2280 2527 136 335 72 653 2527 353 92 469 84 183 1278 2857 7195 85 2052 392
internal_value=9.00222e-05 -0.00325543 0.00362257 -0.0108554 -0.00197688 -0.00214662 -0.000993402 -0.0103781 -0.0108412 -0.0102112 -0.00298083 0.00393247 -0.00198629 -0.00174216 -0.00210784 -0.0109821 -0.0133548 0.000794753 -0.00229275 -0.00927054 -0.0103146 -0.0106387 -0.00984718 -0.00905791 0.0013566 0.00372872 0.00385971 -0.00775 -0.00203232 8.61246e-05
internal_weight=49188 25263 23925 3638 21625 18442 3183 3385 2387 1610 2973 21562 15469 8610 6083 1226 155 2363 6859 998 445 1071 602 518 1318 12865 10008 384 4579 1045
internal_count=49188 25263 23925 3638 21625 18442 3183 3385 2387 1610 2973 21562 15469 8610 6083 1226 155 2363 6859 998 445 1071 602 518 1318 12865 10008 384 4579 1045
cat_boundaries=0 1 2 3 4 5 6
cat_threshold=2 2 2 2 2 2
is_linear=0
shrinkage=0.06


Tree=3
num_leaves=31
num_cat=6
split_feature=1 1 1 3 3 2 3 3 3 3 3 3 2 3 3 0 3 0 0 2 0 3 0 3 3 0 3 3 2 3
split_gain=143.951 58.3314 5.47188 2.71146 0.868334 0.683578 0.466448 0.44745 0.322327 0.84262 0.310844 0.712728 0.380152 0.303664 0.267988 0.247683 0.246155 0.281903 0.234379 0.217144 0.338598 0.195136 0.179696 0.171454 0.213644 0.165069 0.146358 0.237877 0.41037 0.695942
threshold=675.00000000000011 594.00000000000011 772.20001220703136 11.500000000000002 20.500000000000004 3.4000000059604649 12.500000000000002 12.500000000000002 14.500000000000002 17.500000000000004 14.500000000000002 13.500000000000002 1.0000000180025095e-35 19.500000000000004 19.500000000000004 0 18.500000000000004 1 2 3.4000000059604649 3 15.500000000000002 4 18.500000000000004 12.500000000000002 5 14.500000000000002 18.500000000000004 3.4000000059604649 17.500000000000004
decision_type=2 2 2 2 2 2 2 2 2 2 2 2 2 2 2 1 2 1 1 2 1 2 1 2 2 1 2 2 2 2
left_child=1 3 15 22 6 -6 18 19 -9 21 11 12 -8 23 -12 -2 17 -11 -3 20 -5 -10 -1 24 -4 -16 -17 28 -28 -30
right_child=2 4 13 7 5 -7 10 8 9 16 14 -13 -14 -15 25 26 -18 -19 -20 -21 -22 -23 -24 -25 -26 -27 27 -29 29 -31
leaf_value=-6.2409417418934856 1.0305759684521718 -1.4274424849894967 4.2949170756571302 -4.1095430151945678 -0.49587580499413092 -4.2126713272075387 -1.3938198069783254 -5.2341592272750814 -3.9489026541345322 -7.2811749421682981 -1.4877015021756801 -0.87990837430146251 0.65000758921524038 5.0318896609673862 -1.3602836910359279 0.48275963149450374 -5.1943267863820886 -5.2099693882657627 -2.0349267106380955 -3.4224664278859231 -5.0656937236361408 -2.6172167302492468 -5.6156591270445153 3.4737511151022749 5.3432510775287039 -1.2327912785617128 0.34404325179984541 0.057286429825498995 2.1708578008094057 -5.7310340357467142
leaf_weight=137 1318 1622 2813 463 3142 41 5947 777 299 83 2280 2527 136 8697 2527 653 1071 72 1351 167 368 85 116 2857 7195 2052 37 305 27 23
leaf_count=137 1318 1622 2813 463 3142 41 5947 777 299 83 2280 2527 136 8697 2527 653 1071 72 1351 167 368 85 116 2857 7195 2052 37 305 27 23
internal_value=0.000124177 -0.00303456 0.00345956 -0.0100638 -0.00185202 -0.000936852 -0.00200998 -0.00961595 -0.010062 -0.00957764 -0.00187769 -0.00163763 -0.00198948 0.00375995 -0.00217903 0.000718578 -0.0103458 -0.0125806 -0.00269828 -0.0085491 -0.00894585 -0.007125 -0.0160553 0.00357482 0.00369185 -0.00191439 2.87084e-05 -0.000887755 -0.00365517 -0.0072
internal_weight=49188 25263 23925 3638 21625 3183 18442 3385 2387 1610 15469 8610 6083 21562 6859 2363 1226 155 2973 998 831 384 253 12865 10008 4579 1045 392 87 50
internal_count=49188 25263 23925 3638 21625 3183 18442 3385 2387 1610 15469 8610 6083 21562 6859 2363 1226 155 2973 998 831 384 253 12865 10008 4579 1045 392 87 50
cat_boundaries=0 1 2 3 4 5 6
cat_threshold=2 2 2 2 2 2
is_linear=0
shrinkage=0.06


Tree=4
num_leaves=31
num_cat=7
split_feature=1 1 1 3 3 2 3 3 3 3 3 2 0 2 3 3 0 0 0 3 3 3 0 0 2 2 3 3 3 0
split_gain=129.88 52.3031 5.32765 3.01225 0.678824 0.68693 0.513821 0.498196 0.444731 0.390325 0.262212 0.261036 0.259488 0.335515 0.256416 0.817189 0.232089 0.218406 0.216996 0.206934 0.195357 0.195136 0.15318 0.15064 0.139504 0.136687 0.161782 0.16671 0.129808 0.141276
threshold=675.00000000000011 594.00000000000011 772.20001220703136 11.500000000000002 20.500000000000004 3.4000000059604649 12.500000000000002 14.500000000000002 17.500000000000004 12.500000000000002 12.500000000000002 1.0000000180025095e-35 0 1.0000000180025095e-35 14.500000000000002 13.500000000000002 1 2 3 19.500000000000004 11.500000000000002 15.500000000000002 4 5 1.0000000180025095e-35 1.0000000180025095e-35 21.500000000000004 22.500000000000004 21.500000000000004 6
decision_type=2 2 2 2 2 2 2 2 2 2 2 2 1 2 2 2 1 1 1 2 2 2 1 1 2 2 2 2 2 1
left_child=1 3 18 16 9 25 12 22 21 17 -4 14 24 -14 15 -11 -1 -3 20 -16 -2 -9 -8 -21 -5 26 -6 -28 29 -27
right_child=2 4 10 6 5 -7 7 8 -10 11 -12 -13 13 -15 19 -17 -18 -19 -20 23 -22 -23 -24 -25 -26 28 27 -29 -30 -31
leaf_value=-5.8664852373798757 -0.93662643321808559 -1.3417959358901259 4.0372220511177028 -3.7277989438583208 -0.58318823494883643 -3.9599110475750865 -5.5440218045078975 -3.71196849488646 -5.1335601374821849 -1.3101906185596248 4.621193530083751 -0.030707727971038139 -4.7481237579135867 -2.4867177449474909 -1.4119679766998547 -0.6958741607156832 -5.2787195794218436 -1.9128311079998093 -0.011325489879022592 -1.277172895693925 1.1261787405969597 -2.4601837264342916 -4.1125552726282919 -1.2111473036137101 -3.8921295002492067 3.9293551741093435 0.33253955408098362 -1.864470591807128 -2.2939194132715715 -1.6579258263292536
leaf_weight=137 40 1622 2813 449 2476 41 457 299 1226 5947 18749 309 353 92 2274 2458 116 1351 1045 2479 1278 85 320 2002 104 29 496 70 48 23
leaf_count=137 40 1622 2813 449 2476 41 457 299 1226 5947 18749 309 353 92 2274 2458 116 1351 1045 2479 1278 85 320 2002 104 29 496 70 48 23
internal_value=0.000153452 -0.00284693 0.00332163 -0.00950302 -0.00172717 -0.000918002 -0.00903102 -0.00950901 -0.00890683 -0.00186683 0.00361803 -0.00174581 -0.00788778 -0.00896629 -0.001781 -0.00155979 -0.0158182 -0.00249647 0.000617012 -0.00205625 0.00112898 -0.007125 -0.0107568 -0.00181968 -0.00701989 -0.000817314 -0.000745562 0.000169612 -0.003 -0.000923077
internal_weight=49188 25263 23925 3638 21625 3183 3385 2387 1610 18442 21562 15469 998 445 15160 8405 253 2973 2363 6755 1318 384 777 4481 553 3142 3042 566 100 52
internal_count=49188 25263 23925 3638 21625 3183 3385 2387 1610 18442 21562 15469 998 445 15160 8405 253 2973 2363 6755 1318 384 777 4481 553 3142 3042 566 100 52
cat_boundaries=0 1 2 3 4 5 6 7
cat_threshold=2 2 2 2 2 2 2
is_linear=0
shrinkage=0.06


Tree=5
num_leaves=31
num_cat=5
split_feature=1 1 1 3 3 2 3 3 3 3 0 3 3 2 0 3 3 3 0 0 0 2 3 2 3 3 3 2 3 3
split_gain=115.75 43.5793 4.75134 2.2272 0.642888 0.465475 0.365642 0.287437 0.482409 0.352772 0.258255 0.245419 0.692439 0.3316 0.244136 0.22894 0.258607 0.256154 0.216996 0.205901 0.205605 0.232743 0.195357 0.189138 0.178764 0.155495 0.138124 0.135264 0.128594 0.237877
threshold=675.00000000000011 594.00000000000011 772.20001220703136 11.500000000000002 20.500000000000004 1.0000000180025095e-35 12.500000000000002 12.500000000000002 14.500000000000002 17.500000000000004 0 14.500000000000002 13.500000000000002 1.0000000180025095e-35 1 19.500000000000004 18.500000000000004 13.500000000000002 2 3 4 1.0000000180025095e-35 11.500000000000002 1.0000000180025095e-35 21.500000000000004 21.500000000000004 18.500000000000004 1.0000000180025095e-35 14.500000000000002 18.500000000000004
decision_type=2 2 2 2 2 2 2 2 2 2 1 2 2 2 1 2 2 2 1 1 1 2 2 2 2 2 2 2 2 2
left_child=1 3 18 10 6 24 14 20 -9 19 -1 12 13 -8 -3 16 17 -4 22 -10 23 -22 -2 -5 -6 -7 -11 -13 -20 -30
right_child=2 4 15 7 5 25 11 8 9 26 -12 27 -14 -15 -16 -17 -18 -19 28 -21 21 -23 -24 -25 -26 -27 -28 -29 29 -31
leaf_value=-5.5144961231370822 -0.88042884722500159 -1.2612881797367197 4.2386122746838462 -3.5041310072268219 -0.54819694085190462 -1.1168503186990253 -1.2315791814460488 -4.5874683653681014 -3.2825468754059046 -5.9885625860804357 -4.961996404656535 -1.2044383578157711 -0.78536142220043414 0.61284959754058832 -1.7980612415198209 4.4527046695043166 2.9880544363911121 5.6200952770856443 0.45447358299757523 -3.2301678598840473 -4.4632363324387736 -2.3375146802506412 1.0586080161611413 -3.6586017302342544 0.18216390116828959 -2.9276276367177134 -4.5746535709502343 0.49828508240132829 -1.4047973275355459 0.054528773428709196
leaf_weight=137 40 1622 8041 449 2476 84 5947 777 214 155 116 6755 2527 136 1351 8697 2857 1967 653 170 353 92 1278 104 566 57 1071 104 87 305
leaf_count=137 40 1622 8041 449 2476 84 5947 777 214 155 116 6755 2527 136 1351 8697 2857 1967 653 170 353 92 1278 104 566 57 1071 104 87 305
internal_value=0.000180288 -0.00265218 0.00317116 -0.00872787 -0.00163006 -0.000842601 -0.00176597 -0.00832201 -0.00867951 -0.00808696 -0.0141581 -0.00164885 -0.00143554 -0.00178234 -0.00237538 0.00345107 0.00329032 0.00343405 0.000617012 -0.0065 -0.00746693 -0.00842697 0.00112898 -0.00669439 -0.00068639 -0.00421277 -0.00858401 -0.00191661 -2.87079e-05 -0.000887755
internal_weight=49188 25263 23925 3638 21625 3183 18442 3385 2387 1610 253 15469 8610 6083 2973 21562 12865 10008 2363 384 998 445 1318 553 3042 141 1226 6859 1045 392
internal_count=49188 25263 23925 3638 21625 3183 18442 3385 2387 1610 253 15469 8610 6083 2973 21562 12865 10008 2363 384 998 445 1318 553 3042 141 1226 6859 1045 392
cat_boundaries=0 1 2 3 4 5
cat_threshold=2 2 2 2 2
is_linear=0
shrinkage=0.06


Tree=6
num_leaves=31
num_cat=6
split_feature=1 1 1 3 3 2 3 0 0 0 0 2 3 3 3 3 3 3 2 0 2 3 2 3 3 3 0 3 3 2
split_gain=103.075 37.508 4.33295 1.97097 0.581784 0.486536 0.274446 0.264347 0.239053 0.237405 0.215998 0.242041 0.205453 0.261108 0.178196 0.218018 0.280458 0.181619 0.430252 0.198632 0.868865 0.459118 0.207588 0.177644 0.155495 0.150645 0.131621 0.111979 0.237877 0.41037
threshold=675.00000000000011 594.00000000000011 772.20001220703136 11.500000000000002 20.500000000000004 1.0000000180025095e-35 12.500000000000002 0 1 2 3 1.0000000180025095e-35 19.500000000000004 18.500000000000004 12.500000000000002 14.500000000000002 17.500000000000004 19.500000000000004 1.0000000180025095e-35 4 3.4000000059604649 18.500000000000004 3.4000000059604649 12.500000000000002 21.500000000000004 21.500000000000004 5 14.500000000000002 18.500000000000004 3.4000000059604649
decision_type=2 2 2 2 2 2 2 1 1 1 1 2 2 2 2 2 2 2 2 1 2 2 2 2 2 2 1 2 2 2
left_child=1 3 8 9 6 25 7 -3 -2 -1 -8 -12 13 23 -5 -16 26 19 -19 20 21 -18 -21 -4 -7 -6 -17 -10 29 -29
right_child=2 4 12 14 5 24 10 -9 27 -11 11 -13 -14 -15 15 16 17 18 -20 22 -22 -23 -24 -25 -26 -27 -28 28 -30 -31
leaf_value=-5.1836263557488582 0.83765420493955389 -1.1856108889525172 3.5406719915696101 -3.6805492914611508 -0.51530512440079179 -1.0498392995770822 -1.233101882101713 -1.6901775670286325 0.42720516801771963 -4.6642766203771426 -0.96661954065623867 0.66389606934146783 4.1855423893340573 2.8087711702076454 -4.3122202634460143 -3.0855940628815506 -6.1769770822244432 -3.9075853678191144 0.6929265893295451 -4.6895215839882196 -5.670363619810165 -4.0671371175637363 -3.3734145245107152 4.4857553414443156 -2.7519699785146505 0.17123406709819278 -3.0363577882910056 0.40836802573672909 0.051257047022985489 -2.4124049041067424
leaf_weight=137 1318 1622 2813 998 2476 84 8472 1351 653 116 6840 157 8697 2857 777 214 83 306 30 340 73 335 59 7195 57 566 170 37 305 50
leaf_count=137 1318 1622 2813 998 2476 84 8472 1351 653 116 6840 157 8697 2857 777 214 83 306 30 340 73 335 59 7195 57 566 170 37 305 50
internal_value=0.000208344 -0.00246455 0.00303072 -0.00810115 -0.0015163 -0.000767201 -0.00164559 -0.00217356 0.000591621 -0.0132095 -0.00154412 -0.00129741 0.00329802 0.00314574 -0.00771935 -0.00800084 -0.00760248 -0.00804568 -0.00685714 -0.00849438 -0.00768635 -0.00663158 -0.00948872 0.00329017 -0.00421277 -0.000607495 -0.0061875 -8.61242e-05 -0.000887755 -0.00365517
internal_weight=49188 25263 23925 3638 21625 3183 18442 2973 2363 253 15469 6997 21562 12865 3385 2387 1610 1226 336 890 491 418 399 10008 141 3042 384 1045 392 87
internal_count=49188 25263 23925 3638 21625 3183 18442 2973 2363 253 15469 6997 21562 12865 3385 2387 1610 1226 336 890 491 418 399 10008 141 3042 384 1045 392 87
cat_boundaries=0 1 2 3 4 5 6
cat_threshold=2 2 2 2 2 2
is_linear=0
shrinkage=0.06


Tree=7
num_leaves=31
num_cat=4
split_feature=1 1 1 3 3 2 3 0 3 0 2 0 3 3 3 3 3 3 3 0 2 2 3 3 2 2 3 3 2 3
split_gain=91.8439 33.5864 3.84939 1.28876 0.58597 0.296275 0.285333 0.221477 0.191073 0.189031 0.226268 0.188152 0.183635 0.278363 0.190264 0.172155 0.255512 0.243162 0.173949 0.229473 0.569992 0.166802 0.134196 0.130659 0.115917 0.128011 0.111979 0.237877 0.41037 0.695942
threshold=675.00000000000011 594.00000000000011 772.20001220703136 11.500000000000002 20.500000000000004 1.0000000180025095e-35 12.500000000000002 0 11.500000000000002 1 1.0000000180025095e-35 2 19.500000000000004 18.500000000000004 13.500000000000002 12.500000000000002 14.500000000000002 17.500000000000004 18.500000000000004 3 3.4000000059604649 1.0000000180025095e-35 19.500000000000004 21.500000000000004 1.0000000180025095e-35 3.4000000059604649 14.500000000000002 18.500000000000004 3.4000000059604649 17.500000000000004
decision_type=2 2 2 2 2 2 2 1 2 1 2 1 2 2 2 2 2 2 2 1 2 2 2 2 2 2 2 2 2 2
left_child=1 3 7 -1 6 -6 11 8 -2 -8 -11 -3 13 14 24 -5 -17 -18 -19 20 -20 22 -21 -7 -4 -26 -9 28 -28 -30
right_child=2 4 12 15 5 23 9 26 -10 10 -12 -13 -14 -15 -16 16 17 18 19 21 -22 -23 -24 -25 25 -27 27 -29 29 -31
leaf_value=-4.4839058124337052 -0.87786236868787448 -1.1144742356153665 4.2783085501229721 -3.459716333973482 -0.3590201606562084 -0.98684894160245873 -1.1591157691756098 0.40157285793665548 0.94483228289509946 -0.90862236821686593 0.62406230518097849 -1.5887669130069151 3.9344098459740144 2.6402448999951864 5.0137442399738479 -4.053487047639253 -3.0111521166929873 -5.3121785834383592 -3.6135013786899672 -4.3404362105367502 -5.2227533572848435 -2.9393198092634134 -3.7959661534546965 -2.5868517798037725 2.4703349098615019 3.9166979976469212 0.38386594419252673 0.048181624201605475 2.2703179960521198 -5.1574603303106343
leaf_weight=253 40 1622 193 998 3042 84 8472 653 1278 6840 157 1351 8697 2857 1967 777 384 155 518 257 84 81 131 57 1013 6835 37 305 27 23
leaf_count=253 40 1622 193 998 3042 84 8472 653 1278 6840 157 1351 8697 2857 1967 777 384 155 518 257 84 81 131 57 1013 6835 37 305 27 23
internal_value=0.000201025 -0.00232205 0.0028652 -0.00765585 -0.00142474 -0.00067295 -0.00155449 0.00056623 0.00108346 -0.00145103 -0.00122024 -0.00209284 0.00311715 0.00297318 0.0031223 -0.00734712 -0.0076238 -0.00719255 -0.00760522 -0.00733333 -0.00655814 -0.00832836 -0.00884536 -0.0033617 0.00299291 0.00295719 -8.61242e-05 -0.000887755 -0.00365517 -0.0072
internal_weight=49188 25263 23925 3638 21625 3183 18442 2363 1318 15469 6997 2973 21562 12865 10008 3385 2387 1610 1226 1071 602 469 388 141 8041 7848 1045 392 87 50
internal_count=49188 25263 23925 3638 21625 3183 18442 2363 1318 15469 6997 2973 21562 12865 10008 3385 2387 1610 1226 1071 602 469 388 141 8041 7848 1045 392 87 50
cat_boundaries=0 1 2 3 4
cat_threshold=2 2 2 2
is_linear=0
shrinkage=0.06


Tree=8
num_leaves=31
num_cat=5
split_feature=1 1 1 3 3 2 3 3 0 0 2 0 3 3 3 3 3 2 3 2 3 0 3 3 2 3 0 3 3 3
split_gain=82.4915 30.1042 3.54694 1.40037 0.578105 0.313125 0.307798 0.228997 0.226004 0.168355 0.158742 0.150156 0.149419 0.550935 0.166258 0.130659 0.115853 0.22109 0.120457 0.117489 0.107223 0.101831 0.101122 0.257048 0.27 0.695942 0.0979797 0.195565 0.325445 0.0949839
threshold=675.00000000000011 594.00000000000011 772.20001220703136 11.500000000000002 20.500000000000004 1.0000000180025095e-35 12.500000000000002 12.500000000000002 0 1 1.0000000180025095e-35 2 14.500000000000002 13.500000000000002 19.500000000000004 21.500000000000004 13.500000000000002 3.4000000059604649 19.500000000000004 1.0000000180025095e-35 21.500000000000004 3 14.500000000000002 18.500000000000004 3.4000000059604649 17.500000000000004 4 13.500000000000002 14.500000000000002 19.500000000000004
decision_type=2 2 2 2 2 2 2 2 1 1 2 1 2 2 2 2 2 2 2 2 2 1 2 2 2 2 1 2 2 2
left_child=1 3 8 11 6 20 9 -4 -2 -3 12 -1 13 -8 -14 -7 17 -10 19 -18 -6 -16 -21 24 -24 -26 27 -12 -29 -5
right_child=2 4 7 29 5 15 10 -9 16 -11 26 -13 14 -15 21 -17 18 -19 -20 22 -22 -23 23 -25 25 -27 -28 28 -30 -31
leaf_value=-4.6035744256579045 0.73070501566947421 -1.0476057814784439 3.0932297922166208 -3.7191275035889797 -0.46284560729737106 -0.92763800510631278 -1.0337538429671114 3.613657922059919 -0.47741639868152674 -1.4934408982265006 0.6683120745284884 -4.1153856744084907 -1.124144523442667 -0.49448551120833256 -0.98474316140670226 -2.4316406730155449 5.9113043816861834 2.1502280130612221 2.4809779017326856 0.0073279807306960258 0.18250123271167468 -0.9536976493955569 0.20718453789115188 -0.44597214478135355 2.1340989162889912 -4.8480127104919957 0.58661856687011937 -3.4053593561606781 1.479605001595939 -3.1101698749860143
leaf_weight=137 1318 1622 2813 3049 2476 84 5947 18749 68 1351 65 116 2274 2458 2479 57 24 183 25 402 566 2002 30 263 27 23 157 36 51 336
leaf_count=137 1318 1622 2813 3049 2476 84 5947 18749 68 1351 65 116 2274 2458 2479 57 24 183 25 402 566 2002 30 263 27 23 157 36 51 336
internal_value=0.000197365 -0.0021938 0.00272226 -0.00724354 -0.00134428 -0.000597549 -0.00147316 0.0029641 0.000515447 -0.00203229 -0.0013657 -0.0115494 -0.00139314 -0.00122427 -0.00160326 -0.0033617 -0.00014354 0.00098008 -0.00049874 -0.000631989 -0.000469428 -0.00139121 -0.0007651 -0.00152187 -0.0045 -0.0072 -1.94173e-05 -0.00110526 -0.00296552 -0.00692171
internal_weight=49188 25263 23925 3638 21625 3183 18442 21562 2363 2973 15469 253 15160 8405 6755 141 1045 251 794 769 3042 4481 745 343 80 50 309 152 87 3385
internal_count=49188 25263 23925 3638 21625 3183 18442 21562 2363 2973 15469 253 15160 8405 6755 141 1045 251 794 769 3042 4481 745 343 80 50 309 152 87 3385
cat_boundaries=0 1 2 3 4 5
cat_threshold=2 2 2 2 2
is_linear=0
shrinkage=0.06


Tree=9
num_leaves=31
num_cat=4
split_feature=1 1 1 3 3 2 3 3 0 0 3 3 3 2 3 3 2 3 2 2 0 2 3 3 2 3 0 3 3 3
split_gain=75.0667 25.8139 3.29463 1.26298 0.575452 0.326068 0.305101 0.283879 0.208923 0.16289 0.130659 0.128924 0.390982 0.254124 0.185256 0.115853 0.22109 0.120457 0.117489 0.11146 0.104638 0.426804 0.101122 0.257048 0.27 0.695942 0.0952976 0.093628 0.309649 0.38564
threshold=675.00000000000011 594.00000000000011 772.20001220703136 11.500000000000002 20.500000000000004 1.0000000180025095e-35 12.500000000000002 12.500000000000002 0 1 21.500000000000004 14.500000000000002 13.500000000000002 1.0000000180025095e-35 19.500000000000004 13.500000000000002 3.4000000059604649 19.500000000000004 1.0000000180025095e-35 3.4000000059604649 2 1.0000000180025095e-35 14.500000000000002 18.500000000000004 3.4000000059604649 17.500000000000004 3 14.500000000000002 17.500000000000004 15.500000000000002
decision_type=2 2 2 2 2 2 2 2 1 1 2 2 2 2 2 2 2 2 2 2 1 2 2 2 2 2 1 2 2 2
left_child=1 3 8 26 7 -6 19 9 -2 -3 -7 12 13 -9 -13 16 -10 18 -17 -4 21 -14 -20 24 -24 -26 -1 -5 29 -29
right_child=2 4 6 27 5 10 -8 11 15 -11 -12 14 20 -15 -16 17 -18 -19 22 -21 -22 -23 23 -25 25 -27 -28 28 -30 -31
leaf_value=-4.3273599601184323 0.68686271472930682 -0.98474943458973596 2.360087333652209 -3.2625266375037878 -0.30970821457899433 -0.87197972479993469 3.3968384467363233 -0.97172861238908603 -0.44877141476063342 -1.4038344443329116 -2.2857422326346133 -1.0516132896869412 -0.79166570477198994 0.67363435758401236 -0.9095895052891535 5.5566261187850117 2.0212143322775487 2.3321192276287253 0.0068883018868552874 2.9505828944318422 -0.070342375076027114 -3.2010377947910387 0.19475346561768447 -0.41921381609447167 2.0060529813116501 -4.5571319478624748 -3.8684625339439798 -2.7045645324530923 -3.7531490120284148 -1.5303256190149637
leaf_weight=137 1318 1622 399 1775 3042 84 18749 5947 68 1351 57 2280 1323 136 4579 24 183 25 402 2414 1168 36 30 263 27 23 116 299 1226 85
leaf_count=137 1318 1622 399 1775 3042 84 18749 5947 68 1351 57 2280 1323 136 4579 24 183 25 402 2414 1168 36 30 263 27 23 116 299 1226 85
internal_value=0.000208344 -0.00207268 0.00261693 -0.00674876 -0.00128601 -0.000540999 0.00285001 -0.0014146 0.000490055 -0.00195156 -0.0033617 -0.0013114 -0.00115679 -0.00141739 -0.00150547 -0.00014354 0.00098008 -0.00049874 -0.000631989 0.00226733 -0.000529481 -0.000887417 -0.0007651 -0.00152187 -0.0045 -0.0072 -0.0108379 -0.00644313 -0.0061118 -0.004625
internal_weight=49188 25263 23925 3638 21625 3183 21562 18442 2363 2973 141 15469 8610 6083 6859 1045 251 794 769 2813 2527 1359 745 343 80 50 253 3385 1610 384
internal_count=49188 25263 23925 3638 21625 3183 21562 18442 2363 2973 141 15469 8610 6083 6859 1045 251 794 769 2813 2527 1359 745 343 80 50 253 3385 1610 384
cat_boundaries=0 1 2 3 4
cat_threshold=2 2 2 2
is_linear=0
shrinkage=0.06


Tree=10
num_leaves=31
num_cat=4
split_feature=1 1 1 3 3 2 3 3 3 0 2 0 3 2 3 2 3 3 3 3 3 0 2 2 3 0 3 3 3 3
split_gain=67.0063 22.5531 2.96256 1.23502 0.469407 0.326068 0.266887 0.223929 0.180431 0.151967 0.188372 0.138379 0.153839 0.177471 0.131112 0.434746 0.178822 0.153751 0.384929 0.352587 0.201943 0.186632 0.207981 0.154602 0.130659 0.115567 0.114158 0.363536 0.199085 0.184109
threshold=675.00000000000011 594.00000000000011 772.20001220703136 11.500000000000002 20.500000000000004 1.0000000180025095e-35 12.500000000000002 12.500000000000002 11.500000000000002 0 1.0000000180025095e-35 1 13.500000000000002 3.4000000059604649 19.500000000000004 1.0000000180025095e-35 12.500000000000002 14.500000000000002 17.500000000000004 15.500000000000002 18.500000000000004 2 3.4000000059604649 3.4000000059604649 21.500000000000004 3 14.500000000000002 16.500000000000004 13.500000000000002 19.500000000000004
decision_type=2 2 2 2 2 2 2 2 2 1 2 1 2 2 2 2 2 2 2 2 2 1 2 2 2 1 2 2 2 2
left_child=1 3 8 -1 6 -6 25 -4 -2 -8 26 -10 13 -13 16 -16 -5 -18 19 -19 -20 23 -23 -22 -7 -3 28 -28 -11 -29
right_child=2 4 7 14 5 24 9 -9 11 10 -12 12 -14 -15 15 -17 17 18 20 -21 21 22 -24 -25 -26 -27 27 29 -30 -31
leaf_value=-3.735840571186535 -0.38644351274409361 -0.92566446851435213 2.7306010310177147 -2.8332341054695065 -0.29112572170425322 -0.81966094131193901 -0.97597131747871935 3.1930281399321454 0.80308828209746586 -0.74968115131866619 0.5377865641552384 -2.9076124980750762 -0.17808947045740409 2.9886487010793847 -3.0390470815891053 1.2395093157464419 -3.3913785763153306 -2.5422906605059059 -4.5451112774950131 -1.4385060818740669 -3.1579622168514683 -3.7046386268294009 -2.5463138735472226 -4.5684400102474196 -2.1485976986765363 -1.3196043776729367 -3.2358196105730688 -0.86285513091140953 -0.10455860424372304 -0.84190042011447419
leaf_weight=253 79 1622 2813 998 3042 84 8472 18749 1278 2649 157 46 794 166 306 30 777 299 155 85 335 268 59 73 57 1351 54 1000 1135 2002
leaf_count=253 79 1622 2813 998 3042 84 8472 18749 1278 2649 157 46 794 166 306 30 777 299 155 85 335 268 59 73 57 1351 54 1000 1135 2002
internal_value=0.000205904 -0.00194917 0.0024815 -0.00631996 -0.00121387 -0.000540999 -0.00133001 0.00270253 0.000464664 -0.00122994 -0.00102301 0.000562172 3.57855e-05 0.0014717 -0.00601772 -0.00489286 -0.00614169 -0.00646221 -0.00605651 -0.00446875 -0.00674157 -0.00632653 -0.0073945 -0.00547059 -0.0033617 -0.00185066 -0.00107018 -0.00134293 -0.000849894 -0.00125516
internal_weight=49188 25263 23925 3638 21625 3183 18442 21562 2363 15469 6997 2284 1006 212 3385 336 3049 2051 1274 384 890 735 327 408 141 2973 6840 3056 3784 3002
internal_count=49188 25263 23925 3638 21625 3183 18442 21562 2363 15469 6997 2284 1006 212 3385 336 3049 2051 1274 384 890 735 327 408 141 2973 6840 3056 3784 3002
cat_boundaries=0 1 2 3 4
cat_threshold=2 2 2 2
is_linear=0
shrinkage=0.06


Tree=11
num_leaves=31
num_cat=3
split_feature=1 1 1 3 3 2 3 3 3 3 3 3 2 0 3 2 3 2 3 0 2 3 2 2 0 3 3 3 3 3
split_gain=60.5022 20.4946 2.59873 1.12901 0.416024 0.330441 0.212543 0.204038 0.378448 0.213667 0.180431 0.148815 0.188247 0.138379 0.153839 0.177471 0.130659 0.117085 0.111738 0.108821 0.108783 0.106654 0.186667 0.108141 0.0979797 0.195565 0.325445 0.0912785 0.374487 0.128559
threshold=675.00000000000011 594.00000000000011 772.20001220703136 11.500000000000002 20.500000000000004 1.0000000180025095e-35 12.500000000000002 19.500000000000004 18.500000000000004 12.500000000000002 11.500000000000002 19.500000000000004 1.0000000180025095e-35 0 13.500000000000002 3.4000000059604649 21.500000000000004 1.0000000180025095e-35 19.500000000000004 1 1.0000000180025095e-35 13.500000000000002 1.0000000180025095e-35 3.4000000059604649 2 13.500000000000002 14.500000000000002 14.500000000000002 13.500000000000002 19.500000000000004
decision_type=2 2 2 2 2 2 2 2 2 2 2 2 2 1 2 2 2 2 2 1 2 2 2 2 1 2 2 2 2 2
left_child=1 3 10 -1 6 -6 19 8 9 -4 -2 -5 -13 -12 15 -15 -7 27 20 -3 -16 22 -11 -24 25 -19 -27 28 -8 -29
right_child=2 4 7 11 5 16 17 -9 -10 21 13 12 -14 14 18 -17 -18 24 -20 -21 -22 -23 23 -25 -26 26 -28 29 -30 -31
leaf_value=-3.5116901369153424 -0.3632569019794471 -0.87012460040349082 2.566764969156651 -3.1033253143497581 -0.27365817840199835 -0.77048128483322187 -0.86040797015196369 3.0861337846918704 1.8696187354717722 3.4093985665918911 0.75490298517161813 -2.8567042566937593 1.165138756801656 -2.7331557481905713 5.2339139198853548 2.8093297790146208 -2.019681836755943 0.64635356765045793 2.2028774421984463 -1.2404281150125609 -0.36743403333215041 4.1007081150517148 1.6521373134658153 3.2633567081625801 0.50551937030592486 -2.9504172480548547 1.5124837772952258 -0.93585177731744684 -0.45040716032680711 -0.8110310830656291
leaf_weight=253 79 1622 2813 3049 3042 84 5947 8697 2857 193 1278 306 30 46 24 166 57 65 25 1351 745 1967 614 4421 157 36 51 2274 2458 4481
leaf_count=253 79 1622 2813 3049 3042 84 5947 8697 2857 193 1278 306 30 46 24 166 57 65 25 1351 745 1967 614 4421 157 36 51 2274 2458 4481
internal_value=0.000191266 -0.00185655 0.00235361 -0.00602309 -0.00115561 -0.000522149 -0.00126494 0.00256062 0.00240886 0.00258273 0.000464664 -0.00573412 -0.00453571 0.000562172 3.57855e-05 0.0014717 -0.0033617 -0.00117564 -0.000347607 -0.00172957 -0.000475943 0.00275608 0.00261438 0.00254419 -1.94173e-05 -0.00110526 -0.00296552 -0.00119921 -0.00106722 -0.00136343
internal_weight=49188 25263 23925 3638 21625 3183 18442 21562 12865 10008 2363 3385 336 2284 1006 212 141 15469 794 2973 769 7195 5228 5035 309 152 87 15160 8405 6755
internal_count=49188 25263 23925 3638 21625 3183 18442 21562 12865 10008 2363 3385 336 2284 1006 212 141 15469 794 2973 769 7195 5228 5035 309 152 87 15160 8405 6755
cat_boundaries=0 1 2 3
cat_threshold=2 2 2
is_linear=0
shrinkage=0.06


Tree=12
num_leaves=31
num_cat=5
split_feature=1 1 1 3 3 2 3 3 2 0 3 3 3 0 3 3 2 0 3 3 3 3 0 2 3 3 3 2 0 3
split_gain=53.5566 16.9836 2.25873 0.879512 0.343011 0.330441 0.243311 0.219719 0.185724 0.251408 0.168861 0.196858 0.322441 0.22271 0.130659 0.121428 0.150922 0.114 0.106884 0.269865 0.185363 0.160986 0.201821 0.196117 0.141161 0.109044 0.096307 0.126385 0.0938972 0.0857172
threshold=675.00000000000011 594.00000000000011 772.20001220703136 11.500000000000002 20.500000000000004 1.0000000180025095e-35 20.500000000000004 12.500000000000002 1.0000000180025095e-35 0 12.500000000000002 18.500000000000004 19.500000000000004 1 21.500000000000004 13.500000000000002 1.0000000180025095e-35 2 14.500000000000002 17.500000000000004 15.500000000000002 18.500000000000004 3 3.4000000059604649 12.500000000000002 19.500000000000004 11.500000000000002 3.4000000059604649 4 21.500000000000004
decision_type=2 2 2 2 2 2 2 2 2 1 2 2 2 1 2 2 2 1 2 2 2 2 1 2 2 2 2 2 1 2
left_child=1 3 26 -1 7 29 10 28 17 -10 -4 15 -13 -14 -7 16 -12 -8 24 20 -20 -21 -23 25 -5 -24 27 -2 -3 -6
right_child=2 4 6 18 5 14 8 -9 9 -11 11 12 13 -15 -16 -17 -18 -19 19 21 -22 22 23 -25 -26 -27 -28 -29 -30 -31
leaf_value=-3.3009887287004234 -0.48306795638428413 -0.81791712437928255 2.4127590710072537 -2.4770405402803499 -0.38260534397841295 -0.72425240774322752 3.8001249053310695 -0.75047225644996562 2.9697744764182539 4.5450080717030348 3.2048346525963769 1.7574416113434665 2.9277780202939923 2.0874510416995986 -1.8985009265505879 3.8546656281486125 2.9348493338765307 -2.0371226970928888 -2.2035537020145655 -4.0862050819843247 -1.1659961981006348 -2.863694500171142 -3.2961607903586492 -1.9756456791196046 -3.001696342875424 -2.6448233922056943 0.31405405993777774 0.10286796107151758 -1.166002428111808 0.22402068563009037
leaf_weight=253 35 1622 2813 998 2476 84 65 15469 1822 1411 193 2857 2972 2370 57 1967 5035 57 299 155 85 602 268 61 777 140 2284 44 1351 566
leaf_count=253 35 1622 2813 998 2476 84 65 15469 1822 1411 193 2857 2972 2370 57 1967 5035 57 299 155 85 602 268 61 777 140 2284 44 1351 566
internal_value=0.000191266 -0.00173542 0.00222571 -0.00552831 -0.00109734 -0.000522149 0.0024187 -0.00119662 0.00288823 0.00297495 0.00233218 0.00241029 0.00220929 0.00248446 -0.0033617 0.00263933 0.00248814 0.000590164 -0.00527326 -0.00491925 -0.00353125 -0.005354 -0.00509244 -0.00602559 -0.00559437 -0.0065 0.000464664 -0.00159494 -0.00166902 -0.000390532
internal_weight=49188 25263 23925 3638 21625 3183 21562 18442 3355 3233 18207 15394 8199 5342 141 7195 5228 122 3385 1610 384 1226 1071 469 1775 408 2363 79 2973 3042
internal_count=49188 25263 23925 3638 21625 3183 21562 18442 3355 3233 18207 15394 8199 5342 141 7195 5228 122 3385 1610 384 1226 1071 469 1775 408 2363 79 2973 3042
cat_boundaries=0 1 2 3 4 5
cat_threshold=2 2 2 2 2
is_linear=0
shrinkage=0.06


Tree=13
num_leaves=31
num_cat=6
split_feature=1 1 1 3 3 2 3 3 2 0 0 3 3 2 3 2 2 2 0 0 0 2 2 3 2 3 3 3 0 3
split_gain=47.7729 14.729 2.02773 0.708982 0.318921 0.314724 0.305354 0.202479 0.174341 0.242448 0.14997 0.170217 0.311565 0.177065 0.166959 0.151474 0.14992 0.128941 0.260779 0.114 0.11369 0.161135 0.109152 0.105079 0.34403 0.375173 0.0907366 0.424648 0.148002 0.238573
threshold=675.00000000000011 594.00000000000011 772.20001220703136 11.500000000000002 20.500000000000004 3.4000000059604649 20.500000000000004 12.500000000000002 1.0000000180025095e-35 0 1 19.500000000000004 18.500000000000004 3.4000000059604649 13.500000000000002 1.0000000180025095e-35 3.4000000059604649 3.4000000059604649 2 3 4 1.0000000180025095e-35 3.4000000059604649 19.500000000000004 1.0000000180025095e-35 15.500000000000002 17.500000000000004 14.500000000000002 5 18.500000000000004
decision_type=2 2 2 2 2 2 2 2 2 1 1 2 2 2 2 2 2 2 1 1 1 2 2 2 2 2 2 2 1 2
left_child=1 3 -2 -1 7 -6 10 -3 19 -10 11 12 13 -4 -15 -12 -14 23 -19 -8 22 -22 -9 24 26 -26 27 -5 29 -28
right_child=2 4 6 17 5 -7 8 20 9 -11 15 -13 16 14 -16 -17 -18 18 -20 -21 21 -23 -24 -25 25 -27 28 -29 -30 -31
leaf_value=-3.102929404978398 0.25958912843556908 -0.96158816610859277 1.7217735594476318 -2.5795687628708612 -0.26400940575455861 -2.6361210793328049 3.5721174110112051 -0.81873923486014755 2.7915880078331585 4.2723075874008529 3.302276537626518 2.7521113390763525 -0.081148335163190949 2.9975042939009664 3.6142889787985095 2.0690682179740212 1.8543079735436889 -2.3321710528925732 -1.3748810106638483 -1.9148953352673139 -0.59867194660395584 0.52021654347456514 -2.7418796250562796 -2.1938431187979561 -6.4531084584669278 -1.7406502956416299 -4.3352126509178843 -1.472226585210991 -3.0037297844443116 -2.745398871340234
leaf_weight=253 2363 2973 861 1579 3142 41 65 8438 1822 1411 239 2972 140 3805 885 7864 1441 175 138 57 6840 157 34 323 37 29 83 372 329 320
leaf_count=253 2363 2973 861 1579 3142 41 65 8438 1822 1411 239 2972 140 3805 885 7864 1441 175 138 57 6840 157 34 323 37 29 83 372 329 320
internal_value=0.000186387 -0.0016333 0.00210784 -0.00516548 -0.00103907 -0.000484448 0.0022907 -0.0011348 0.00281669 0.00290071 0.00219377 0.00234798 0.00218901 0.00240065 0.00254584 0.00200148 0.00144592 -0.00493648 -0.00377636 0.000590164 -0.00104764 -0.000868658 -0.00119547 -0.00505469 -0.00517497 -0.00945455 -0.0050697 -0.00485597 -0.00563934 -0.00486849
internal_weight=49188 25263 23925 3638 21625 3183 21562 18442 3355 3233 18207 10104 7132 5551 4690 8103 1581 3385 313 122 15469 6997 8472 3072 2749 66 2683 1951 732 403
internal_count=49188 25263 23925 3638 21625 3183 21562 18442 3355 3233 18207 10104 7132 5551 4690 8103 1581 3385 313 122 15469 6997 8472 3072 2749 66 2683 1951 732 403
cat_boundaries=0 1 2 3 4 5 6
cat_threshold=2 2 2 2 2 2
is_linear=0
shrinkage=0.06


Tree=14
num_leaves=31
num_cat=7
split_feature=1 1 1 3 3 3 0 2 3 2 0 3 2 0 0 2 2 3 0 3 3 3 3 3 3 0 2 3 3 0
split_gain=42.1485 13.732 1.86796 0.706089 0.325237 0.284981 0.185787 0.34077 0.170812 0.165183 0.168328 0.127387 0.11773 0.139063 0.11215 0.113756 0.111808 0.770886 0.121403 0.16558 0.253284 0.107753 0.230022 0.18442 0.125676 0.102816 0.131756 0.267153 0.111931 0.100045
threshold=675.00000000000011 594.00000000000011 772.20001220703136 11.500000000000002 20.500000000000004 20.500000000000004 0 1.0000000180025095e-35 11.500000000000002 3.4000000059604649 1 12.500000000000002 1.0000000180025095e-35 2 3 3.4000000059604649 1.0000000180025095e-35 15.500000000000002 4 17.500000000000004 14.500000000000002 14.500000000000002 16.500000000000004 13.500000000000002 19.500000000000004 5 3.4000000059604649 19.500000000000004 18.500000000000004 6
decision_type=2 2 2 2 2 2 1 2 2 2 1 2 2 1 1 2 2 2 1 2 2 2 2 2 2 1 2 2 2 1
left_child=1 3 8 -1 11 25 -7 -8 -2 16 -11 -3 -6 -14 15 -13 18 -18 -5 20 -20 23 -23 -16 -24 26 27 28 -4 -10
right_child=2 4 5 9 12 6 7 -9 29 10 -12 14 13 -15 21 -17 17 -19 19 -21 -22 22 24 -25 -26 -27 -28 -29 -30 -31
leaf_value=-2.9167536406796941 -0.32805275818375546 -0.90389287614207769 1.6184671458807742 -2.5129871310095777 -0.22674348183447704 2.6027161265024277 -1.800001615151275 4.0159691321568012 0.67519021475892027 -2.1922407897190181 -1.292388150024018 -0.76961488076853701 -0.22276691053375769 -1.2042287918983436 -0.55941633322745132 -2.5773668475529017 -6.065921950958912 -0.60792073369963262 -2.3282940410894 -2.7630022977618465 -1.5584693476174571 -2.8866364097124459 -0.67163079025391315 0.048124765485998748 -0.6617758734227448 2.0581678112959652 2.5462940870986897 3.256581662550079 -0.076279435053401123 0.019855378270931898
leaf_weight=253 79 2973 861 1689 3042 1887 57 1411 1278 175 138 8438 90 51 2720 34 37 46 673 460 167 55 1002 1168 2052 8103 8738 365 140 1006
leaf_count=253 79 2973 861 1689 3042 1887 57 1411 1278 175 138 8438 90 51 2720 34 37 46 673 460 167 55 1002 1168 2052 8103 8738 365 140 1006
internal_value=0.000185167 -0.00152405 0.00198997 -0.00493458 -0.000950289 0.00216548 0.00267362 0.00317984 0.000388489 -0.00470606 -0.00339297 -0.00104696 -0.000390198 -0.00208511 -0.000977826 -0.00112465 -0.00483984 -0.00701205 -0.00477952 -0.00521538 -0.00471429 -0.000800057 -0.00106336 -0.000589506 -0.000994106 0.00207184 0.00219953 0.00165154 0.00114486 0.000483363
internal_weight=49188 25263 23925 3638 21625 21562 3355 1468 2363 3385 313 18442 3183 141 15469 8472 3072 83 2989 1300 840 6997 3109 3888 3054 18207 10104 1366 1001 2284
internal_count=49188 25263 23925 3638 21625 21562 3355 1468 2363 3385 313 18442 3183 141 15469 8472 3072 83 2989 1300 840 6997 3109 3888 3054 18207 10104 1366 1001 2284
cat_boundaries=0 1 2 3 4 5 6 7
cat_threshold=2 2 2 2 2 2 2
is_linear=0
shrinkage=0.06


Tree=15
num_leaves=31
num_cat=6
split_feature=1 1 1 3 3 3 0 2 3 3 0 3 2 0 0 2 3 0 2 3 3 3 3 3 2 0 2 2 3 3
split_gain=37.5844 12.1006 1.62487 0.626512 0.287094 0.205094 0.244163 0.322644 0.210582 0.289099 0.247344 0.152296 0.142868 0.129661 0.127322 0.21225 0.112171 0.102646 0.251217 0.871111 0.138784 0.244138 0.134538 0.321943 0.102194 0.098196 0.142787 0.117982 0.0960448 0.181106
threshold=675.00000000000011 594.00000000000011 772.20001220703136 11.500000000000002 20.500000000000004 20.500000000000004 0 1.0000000180025095e-35 18.500000000000004 19.500000000000004 1 12.500000000000002 3.4000000059604649 2 3 1.0000000180025095e-35 12.500000000000002 4 1.0000000180025095e-35 15.500000000000002 12.500000000000002 14.500000000000002 17.500000000000004 18.500000000000004 3.4000000059604649 5 1.0000000180025095e-35 3.4000000059604649 14.500000000000002 19.500000000000004
decision_type=2 2 2 2 2 2 1 2 2 2 1 2 2 1 1 2 2 1 2 2 2 2 2 2 2 1 2 2 2 2
left_child=1 3 -2 -1 16 8 -7 -8 11 -10 -11 24 17 -14 -6 -16 -3 18 20 -20 -5 -22 -23 -24 -4 27 28 -18 -27 -30
right_child=2 4 5 12 14 6 7 -9 9 10 -12 -13 13 -15 15 -17 25 -19 19 -21 21 22 23 -25 -26 26 -28 -29 29 -31
leaf_value=-2.7417484222389121 0.23394343826510525 -0.84965930357355202 1.5554601470424756 -1.6361986095627628 -0.027884150268323336 2.4465531589122835 -1.6920015182421968 3.7750109842273947 1.4043609529066587 2.3958516731038122 1.7145698174414257 2.6648764051928127 -2.0607063423358785 -1.2148448610225773 -0.40824921952601501 -1.1319750643844431 -0.72343798792242531 -2.3501055029924993 -7.0700845981444873 1.3314248845752761 -3.1399533395393915 -1.0359027826232352 -3.9243206640022366 -2.2243198547849579 1.9994987572658434 -0.43525515067166792 0.50069704283237981 -2.4227248366997265 -0.72762922268691677 -0.62206932533506909
leaf_weight=253 2363 2973 399 449 1733 1887 57 1411 2857 2972 2370 7195 175 138 1399 51 8438 1338 20 25 457 205 83 495 2414 3784 157 34 1054 2002
leaf_count=253 2363 2973 399 449 1733 1887 57 1411 2857 2972 2370 7195 175 138 1399 51 8438 1338 20 25 457 205 83 495 2414 3784 157 34 1054 2002
internal_value=0.000177848 -0.00143617 0.00188213 -0.00463771 -0.000897572 0.00204582 0.0024769 0.00305722 0.00196639 0.00174094 0.0020015 0.00215108 -0.00442245 -0.00320128 -0.000371348 -0.000786207 -0.000988396 -0.00454687 -0.00424221 -0.00866667 -0.00412433 -0.00445161 -0.00380843 -0.00427682 0.00177675 -0.000923524 -0.000757181 -0.00106091 -0.000798245 -0.00104843
internal_weight=49188 25263 23925 3638 21625 21562 3355 1468 18207 8199 5342 10008 3385 313 3183 1450 18442 3072 1734 45 1689 1240 783 578 2813 15469 6997 8472 6840 3056
internal_count=49188 25263 23925 3638 21625 21562 3355 1468 18207 8199 5342 10008 3385 313 3183 1450 18442 3072 1734 45 1689 1240 783 578 2813 15469 6997 8472 6840 3056
cat_boundaries=0 1 2 3 4 5 6
cat_threshold=2 2 2 2 2 2
is_linear=0
shrinkage=0.06


Tree=16
num_leaves=31
num_cat=7
split_feature=1 1 1 3 3 3 0 2 3 3 0 3 3 0 2 3 3 0 3 2 0 2 3 3 3 2 0 0 3 3
split_gain=33.3267 10.8737 1.49263 0.630972 0.232454 0.183419 0.261678 0.305014 0.200303 0.30869 0.247539 0.164546 0.1417 0.127322 0.21225 0.126882 0.095727 0.122179 0.110376 0.107396 0.0913394 0.122767 0.0974601 0.190403 0.132294 0.0907033 0.129661 0.104936 0.103818 0.145494
threshold=675.00000000000011 594.00000000000011 772.20001220703136 11.500000000000002 20.500000000000004 20.500000000000004 0 1.0000000180025095e-35 18.500000000000004 19.500000000000004 1 11.500000000000002 12.500000000000002 2 1.0000000180025095e-35 12.500000000000002 12.500000000000002 3 19.500000000000004 1.0000000180025095e-35 4 3.4000000059604649 14.500000000000002 13.500000000000002 19.500000000000004 3.4000000059604649 5 6 18.500000000000004 12.500000000000002
decision_type=2 2 2 2 2 2 1 2 2 2 1 2 2 1 2 2 2 1 2 2 1 2 2 2 2 2 1 1 2 2
left_child=1 3 11 -1 15 8 -7 -8 12 -10 -11 -2 -4 -6 -15 -3 -13 -18 19 -19 21 -17 23 -22 -24 27 -27 -5 29 -29
right_child=2 4 5 25 13 6 7 -9 9 10 -12 16 -14 14 -16 20 17 18 -20 -21 22 -23 24 -25 -26 26 -28 28 -30 -31
leaf_value=-2.5772435169045775 -0.3224061989886377 -0.79867974535913844 1.8724167413147854 -2.2387946976577169 -0.026211101252223243 2.2997599693775452 -1.5904814271476653 3.5485103251737518 1.3200992957322604 2.2521005727175822 1.61169562839494 0.96339362034541864 2.5049838208812458 -0.38375426635445509 -1.0640565605213761 -0.68003170864708073 0.52684703057422211 4.8702325643976714 2.021058275371979 -0.37112221878999435 -0.49973604419350637 -2.2773613464977425 -0.68328647175690094 0.047943580892463714 -0.58474516149727485 -1.9370639617957248 -1.1419541693612223 -2.4214612127820443 -2.4648397344249338 -1.7123474941354584
leaf_weight=253 79 2973 2813 1734 1733 1887 57 1411 2857 2972 2370 474 7195 1399 51 8438 1013 24 25 748 2720 34 1057 1168 2052 175 138 368 408 562
leaf_count=253 79 2973 2813 1734 1733 1887 57 1411 2857 2972 2370 474 7195 1399 51 8438 1013 24 25 748 2720 34 1057 1168 2052 175 138 368 408 562
internal_value=0.000164431 -0.00135542 0.00176928 -0.00439032 -0.000844855 0.00192617 0.00233383 0.00293461 0.00185105 0.00163117 0.00190041 0.000337707 0.00203118 -0.000371348 -0.000786207 -0.00092658 0.000430823 0.000232044 -0.000323714 -0.000450777 -0.000857586 -0.000990085 -0.000697156 -0.000496913 -0.000947571 -0.0041743 -0.00320128 -0.00427344 -0.00467265 -0.00432258
internal_weight=49188 25263 23925 3638 21625 21562 3355 1468 18207 8199 5342 2363 10008 3183 1450 18442 2284 1810 797 772 15469 8472 6997 3888 3109 3385 313 3072 1338 930
internal_count=49188 25263 23925 3638 21625 21562 3355 1468 18207 8199 5342 2363 10008 3183 1450 18442 2284 1810 797 772 15469 8472 6997 3888 3109 3385 313 3072 1338 930
cat_boundaries=0 1 2 3 4 5 6 7
cat_threshold=2 2 2 2 2 2 2
is_linear=0
shrinkage=0.06


Tree=17
num_leaves=31
num_cat=6
split_feature=1 1 1 3 3 2 1 2 0 3 3 3 0 2 3 0 2 3 3 0 3 2 2 2 3 3 2 0 3 0
split_gain=29.8261 9.69635 1.3103 0.361947 0.266043 0.183932 0.130832 0.114854 0.154185 0.148663 0.135163 0.183367 0.115996 0.182789 0.105313 0.170629 0.261948 0.123317 0.286159 0.256645 0.110898 0.159955 0.176852 0.090092 0.101332 0.188615 0.226344 0.11893 0.245374 0.0960324
threshold=675.00000000000011 594.00000000000011 772.20001220703136 11.500000000000002 13.500000000000002 1.0000000180025095e-35 1179.3599853515627 3.4000000059604649 0 20.500000000000004 14.500000000000002 20.500000000000004 1 1.0000000180025095e-35 20.500000000000004 2 1.0000000180025095e-35 18.500000000000004 19.500000000000004 3 13.500000000000002 1.0000000180025095e-35 3.4000000059604649 3.4000000059604649 17.500000000000004 15.500000000000002 1.0000000180025095e-35 4 18.500000000000004 5
decision_type=2 2 2 2 2 2 2 2 1 2 2 2 1 2 2 1 2 2 2 1 2 2 2 2 2 2 2 1 2 1
left_child=1 3 -2 -1 5 -3 14 10 9 -9 -6 -12 -13 -14 17 -16 -17 20 -19 -20 21 -4 -23 24 25 26 -5 28 -26 -25
right_child=2 4 6 23 7 -7 -8 8 -10 -11 11 12 13 -15 15 16 -18 18 19 -21 -22 22 -24 29 27 -27 -28 -29 -30 -31
leaf_value=-2.422608905890304 0.22225710546600178 -0.66698314881315812 2.4776960391542229 -1.9085875669305761 -0.25866402556327178 1.0557443193333049 26.319430519179399 -2.1782913617722368 1.1744279511779621 -0.93207665964359421 -0.5715668942056823 0.012279531522759726 -0.36072901037318761 -0.99768102603289488 2.1301875911736952 -1.4950525415188054 3.2879299375334541 1.2408933379883262 2.1114870316646179 1.5057521913347807 2.9812731442711686 1.0302803527790334 2.1588541743038139 -1.820840124087981 -3.55453374230264 -0.66644519476771258 -5.1736169045368268 -2.3083254443660302 -1.8175657498616304 -1.0734369191995494
leaf_weight=253 2363 8920 193 1869 2513 136 27 20 40 29 6825 1704 1399 39 1879 57 1398 2857 2970 2366 1967 1013 6835 175 83 85 37 480 518 138
leaf_count=253 2363 8920 193 1869 2513 136 27 20 40 29 6825 1704 1399 39 1879 57 1398 2857 2970 2366 1967 1013 6835 175 83 85 37 480 518 138
internal_value=0.000160771 -0.00127705 0.001679 -0.00414294 -0.000794913 -0.00104284 0.00182599 -0.000616278 -0.00276404 -0.00502041 -0.000600961 -0.00070011 -0.000320815 -0.000717663 0.00182076 0.00213077 0.00261856 0.00176397 0.00159136 0.00185082 0.00190528 0.00180649 0.00176453 -0.00397932 -0.00407812 -0.00382421 -0.00394753 -0.00454579 -0.00398336 -0.00300958
internal_weight=49188 25263 23925 3638 21625 9056 21562 12569 89 49 12480 9967 3142 1438 21535 3334 1455 18201 8193 5336 10008 8041 7848 3385 3072 1991 1906 1081 601 313
internal_count=49188 25263 23925 3638 21625 9056 21562 12569 89 49 12480 9967 3142 1438 21535 3334 1455 18201 8193 5336 10008 8041 7848 3385 3072 1991 1906 1081 601 313
cat_boundaries=0 1 2 3 4 5 6
cat_threshold=2 2 2 2 2 2
is_linear=0
shrinkage=0.06


Tree=18
num_leaves=31
num_cat=5
split_feature=1 1 1 3 3 2 1 2 0 3 3 3 3 2 3 3 0 3 3 3 0 2 0 2 2 3 3 3 0 2
split_gain=26.9889 8.318 1.21472 0.4606 0.252364 0.177315 0.135939 0.117938 0.154185 0.148663 0.131768 0.155569 0.109335 0.141288 0.21137 0.13715 0.106836 0.267205 0.17979 0.0991666 0.206435 0.256558 0.144963 0.15222 0.12621 0.275923 0.121953 0.10618 0.0938737 0.0894892
threshold=675.00000000000011 594.00000000000011 772.20001220703136 11.500000000000002 13.500000000000002 1.0000000180025095e-35 1179.3599853515627 3.4000000059604649 0 20.500000000000004 14.500000000000002 19.500000000000004 17.500000000000004 1.0000000180025095e-35 19.500000000000004 15.500000000000002 1 18.500000000000004 18.500000000000004 20.500000000000004 2 1.0000000180025095e-35 3 1.0000000180025095e-35 3.4000000059604649 19.500000000000004 18.500000000000004 18.500000000000004 4 1.0000000180025095e-35
decision_type=2 2 2 2 2 2 2 2 1 2 2 2 2 2 2 2 1 2 2 2 1 2 1 2 2 2 2 2 1 2
left_child=1 3 -2 -1 5 -3 19 10 9 -9 28 -12 15 16 -15 -5 17 -14 -18 22 -21 -22 24 -24 25 26 -4 -25 -6 -30
right_child=2 4 6 12 7 -7 -8 8 -10 -11 11 -13 13 14 -16 -17 18 -19 -20 20 21 -23 23 27 -26 -27 -28 -29 29 -31
leaf_value=-2.2772523715368869 0.20892167913804266 -0.62696415988437026 1.1493507330803858 -1.7756622935201278 -0.55024420610504643 0.99239966017330594 24.740264688028635 -2.0475938800659041 1.1039622741072843 -0.87615206006497826 -0.60984155187350708 -0.40877235978803583 -3.3412617177644823 -2.7431191706420677 1.8494219069827591 -0.62645848308164864 -1.7492761287216649 -1.8474790366467007 -2.1784498249825401 2.0023763357032736 -1.4053493890276763 3.0906541412814454 2.570528765648985 1.8038160608366902 2.0294549269192537 2.6556204061479081 -0.30962388414783049 1.2686757807975617 0.04555904360512613 1.6950979634054533
leaf_weight=253 2363 8920 861 2074 1352 136 27 20 40 29 2280 7687 83 158 30 85 72 495 388 1879 57 1398 239 4278 8736 365 140 3582 1135 26
leaf_count=253 2363 8920 861 2074 1352 136 27 20 40 29 2280 7687 83 158 30 85 72 495 388 1879 57 1398 239 4278 8736 365 140 3582 1135 26
internal_value=0.000159551 -0.00120817 0.00160376 -0.00386256 -0.000761618 -0.00100309 0.00174529 -0.000587636 -0.00276404 -0.00502041 -0.000572115 -0.000670011 -0.00367799 -0.00413051 -0.00261702 -0.00342103 -0.00440462 -0.00386159 -0.00508696 0.00173996 0.00204079 0.00257732 0.00168485 0.00149574 0.00183647 0.00130015 0.000785215 0.00145038 -0.000183844 0.000211887
internal_weight=49188 25263 23925 3638 21625 9056 21562 12569 89 49 12480 9967 3385 1226 188 2159 1038 578 460 21535 3334 1455 18201 8099 10102 1366 1001 7860 2513 1161
internal_count=49188 25263 23925 3638 21625 9056 21562 12569 89 49 12480 9967 3385 1226 188 2159 1038 578 460 21535 3334 1455 18201 8099 10102 1366 1001 7860 2513 1161
cat_boundaries=0 1 2 3 4 5
cat_threshold=2 2 2 2 2
is_linear=0
shrinkage=0.06


Tree=19
num_leaves=31
num_cat=6
split_feature=1 1 1 3 3 2 3 1 2 0 3 3 3 0 2 3 2 3 0 3 0 2 2 3 3 0 2 3 0 2
split_gain=23.9838 7.64336 0.547259 0.391096 0.205522 0.167617 0.152364 0.142052 0.120017 0.154185 0.148663 0.119039 0.151015 0.103145 0.186573 0.09038 0.0868107 0.287917 0.0892051 0.0811002 0.0844072 0.0983173 0.0760461 0.0737962 0.123223 0.0709562 0.0699747 0.0693595 0.161336 0.230445
threshold=772.20001220703136 594.00000000000011 675.00000000000011 11.500000000000002 13.500000000000002 1.0000000180025095e-35 11.500000000000002 1179.3599853515627 3.4000000059604649 0 20.500000000000004 14.500000000000002 20.500000000000004 1 1.0000000180025095e-35 12.500000000000002 1.0000000180025095e-35 19.500000000000004 2 12.500000000000002 3 1.0000000180025095e-35 3.4000000059604649 21.500000000000004 22.500000000000004 4 3.4000000059604649 20.500000000000004 5 1.0000000180025095e-35
decision_type=2 2 2 2 2 2 2 2 2 1 2 2 2 1 2 2 2 2 1 2 1 2 2 2 2 1 2 2 1 2
left_child=1 3 4 -1 5 -3 -4 27 11 10 -10 25 -13 -14 23 26 17 -17 22 20 -5 -22 -18 -15 -25 -6 -8 -2 -29 -30
right_child=7 2 6 19 8 -7 15 -9 9 -11 -12 12 13 14 -16 16 18 -19 -20 -21 21 -23 -24 24 -26 -27 -28 28 29 -31
leaf_value=-2.140617229244675 1.6669555166174772 -0.58934631029130746 -0.32893255412556072 -1.1349193623782061 -0.51722955373874357 0.93285568056290769 0.0072257665333006569 23.255848806746915 -1.9247382472619501 1.037724537660847 -0.82358293646108105 -0.5113776825201376 0.036069101218674855 -0.55286713180833658 -0.9132938228836377 3.5931723954203663 -0.39765907001285883 -0.77812768016763467 -0.26086574873795254 -1.9510969022498064 -2.0414902060836901 -0.37274257161050173 0.63803669872717472 0.5849644032575384 -1.4678806022480455 0.060067448126500264 1.3758399208863825 1.8822337555610771 -1.3210284256860165 2.9052148928045582
leaf_weight=253 18201 8920 79 553 1352 136 127 27 20 40 29 6825 1704 1134 39 50 130 27 764 2387 353 92 839 232 33 1161 347 1879 57 1398
leaf_count=253 18201 8920 79 553 1352 136 127 27 20 40 29 6825 1704 1134 39 50 130 27 764 2387 353 92 839 232 33 1161 347 1879 57 1398
internal_value=0.000151013 -0.00101947 -0.000630815 -0.00358219 -0.000725549 -0.000943463 0.000236141 0.00165068 -0.000568541 -0.00276404 -0.00502041 -0.000552884 -0.000645931 -0.000301718 -0.000675939 0.000325745 0.000132597 0.0021039 4.50089e-05 -0.00341211 -0.00295792 -0.00357303 0.000427245 -0.00056183 0.000339623 -0.000183844 0.00106329 0.00164523 0.00189682 0.00237113
internal_weight=49188 27626 23988 3638 21625 9056 2363 21562 12569 89 49 12480 9967 3142 1438 2284 1810 77 1733 3385 998 445 969 1399 265 2513 474 21535 3334 1455
internal_count=49188 27626 23988 3638 21625 9056 2363 21562 12569 89 49 12480 9967 3142 1438 2284 1810 77 1733 3385 998 445 969 1399 265 2513 474 21535 3334 1455
cat_boundaries=0 1 2 3 4 5 6
cat_threshold=2 2 2 2 2 2
is_linear=0
shrinkage=0.06


Tree=20
num_leaves=31
num_cat=4
split_feature=1 1 1 3 3 2 1 3 3 2 0 0 2 3 3 3 3 3 3 3 3 0 3 2 3 0 2 3 3 2
split_gain=21.6038 6.75463 0.500917 0.468267 0.184608 0.159225 0.147002 0.0867965 0.116055 0.128438 0.139063 0.0802196 0.123385 0.0729085 0.0974711 0.0724068 0.110419 0.30515 0.103579 0.0697945 0.169161 0.117195 0.280051 0.111769 0.118113 0.0697348 0.0670441 0.206492 0.0942297 0.0701415
threshold=772.20001220703136 594.00000000000011 675.00000000000011 11.500000000000002 13.500000000000002 1.0000000180025095e-35 1179.3599853515627 14.500000000000002 20.500000000000004 1.0000000180025095e-35 0 1 1.0000000180025095e-35 21.500000000000004 22.500000000000004 12.500000000000002 18.500000000000004 19.500000000000004 14.500000000000002 17.500000000000004 15.500000000000002 2 18.500000000000004 1.0000000180025095e-35 18.500000000000004 3 1.0000000180025095e-35 19.500000000000004 14.500000000000002 3.4000000059604649
decision_type=2 2 2 2 2 2 2 2 2 2 1 1 2 2 2 2 2 2 2 2 2 1 2 2 2 1 2 2 2 2
left_child=1 3 4 -1 5 -3 15 11 -9 13 -11 12 -6 25 -15 -2 18 -18 -17 20 -5 22 -21 24 -23 -10 27 28 -4 -28
right_child=6 2 26 19 7 -7 -8 8 9 10 -12 -13 -14 14 -16 16 17 -19 -20 21 -22 23 -24 -25 -26 -27 29 -29 -30 -31
leaf_value=-2.0121801954899934 1.4096399425667687 -0.55398553167382836 2.1328893748286668 -1.5504398062164479 -0.35447702257402625 0.87688433972913316 21.860497878342098 -0.47086665118344284 -0.069332058748886996 -0.17090144768689916 -0.86102833436781911 0.047842427194002536 -1.7581665090901628 0.42904032458251207 -1.528667694968993 1.9955241045313228 0.96928572191949736 1.7457699960822304 6.990681431619719 -3.0237202005636252 -0.47180515996176248 -1.5272537468633789 -1.79029200646457 -1.2096036667597878 -1.9306770213486015 -0.51969510389983609 -0.32103180822672017 -0.73144001935757608 3.3775820516951445 0.22403539034263559
leaf_weight=253 2813 8920 34 2074 1323 136 27 6859 1342 90 51 1168 36 496 70 7150 2857 8670 45 83 85 72 602 81 388 1134 354 27 50 1898
leaf_count=253 2813 8920 34 2074 1323 136 27 6859 1342 90 51 1168 36 496 70 7150 2857 8670 45 83 85 72 602 81 388 1134 354 27 50 1898
internal_value=0.000152232 -0.000958662 -0.000593296 -0.00336778 -0.00068393 -0.000890459 0.00157555 -0.000535126 -0.00061422 -0.000314797 -0.00208511 -0.000220815 -0.000534216 -0.000232741 0.000381626 0.00157 0.00161265 0.00149753 0.00179708 -0.00318168 -0.00297638 -0.00354323 -0.0030219 -0.00420333 -0.00456522 -0.000373182 0.000236141 0.00167568 0.00314286 0.000165187
internal_weight=49188 27626 23988 3638 21625 9056 21562 12569 10042 3183 141 2527 1359 3042 566 21535 18722 11527 7195 3385 2159 1226 685 541 460 2476 2363 111 84 2252
internal_count=49188 27626 23988 3638 21625 9056 21562 12569 10042 3183 141 2527 1359 3042 566 21535 18722 11527 7195 3385 2159 1226 685 541 460 2476 2363 111 84 2252
cat_boundaries=0 1 2 3 4
cat_threshold=2 2 2 2
is_linear=0
shrinkage=0.06


Tree=21
num_leaves=31
num_cat=4
split_feature=1 1 1 3 3 1 2 0 3 2 2 3 3 3 2 0 3 0 2 3 3 3 0 3 3 2 2 2 3 3
split_gain=19.5249 6.02137 0.402233 0.359129 0.195805 0.153356 0.0961213 0.0716304 0.253895 0.213302 0.196242 0.0699195 0.0681412 0.0649206 0.133966 0.139063 0.115066 0.068525 0.123385 0.0638464 0.0974711 0.0577303 0.0601702 0.118045 0.110376 0.107396 0.0753311 0.0622298 0.0621871 0.192614
threshold=772.20001220703136 594.00000000000011 675.00000000000011 11.500000000000002 13.500000000000002 1179.3599853515627 1.0000000180025095e-35 0 20.500000000000004 1.0000000180025095e-35 1.0000000180025095e-35 11.500000000000002 18.500000000000004 20.500000000000004 1.0000000180025095e-35 1 14.500000000000002 2 1.0000000180025095e-35 21.500000000000004 22.500000000000004 12.500000000000002 3 19.500000000000004 19.500000000000004 1.0000000180025095e-35 1.0000000180025095e-35 3.4000000059604649 14.500000000000002 18.500000000000004
decision_type=2 2 2 2 2 2 2 1 2 2 2 2 2 2 2 1 2 1 2 2 2 2 1 2 2 2 2 2 2 2
left_child=1 3 4 -1 6 7 -3 -2 9 -9 -10 -4 -11 16 19 -16 17 18 -6 -15 -21 -13 23 26 25 -24 -23 -28 -27 -30
right_child=5 2 11 -5 13 -7 -8 8 10 12 -12 21 -14 14 15 -17 -18 -19 -20 20 -22 22 24 -25 -26 28 27 -29 29 -31
leaf_value=-1.8914493837605948 1.6289357965791083 -0.52074639977339765 -0.28993469238442232 -1.5660177617989905 -0.33320840121958439 20.54886800564157 0.82427127934538447 2.1965482624411177 -1.3465129199097907 1.4939503598445196 2.6261557994713507 0.86410129326883656 1.0118994623156699 -0.24068906673763563 -0.16064736082568506 -0.80936663430575095 -0.44261465211243717 0.044971881562363474 -1.6526765185447516 0.40329790510756197 -1.436947633270854 3.0500704279772535 4.1339026166306407 -0.09837374140680559 1.8892154872123921 0.084132716000013943 -0.31254569526673437 0.59505643169194511 -1.1513250132516457 -0.41236966964111388
leaf_weight=253 11981 8920 79 3385 1323 27 136 239 57 4278 1398 474 3582 2476 90 51 6859 1168 36 496 70 26 24 41 25 405 113 833 80 263
leaf_count=253 11981 8920 79 3385 1323 27 136 239 57 4278 1398 474 3582 2476 90 51 6859 1168 36 496 70 26 24 41 25 405 113 833 80 263
internal_value=0.000127836 -0.000928256 -0.000583291 -0.00320286 -0.000664508 0.00148094 -0.000877208 0.00147527 0.00135273 0.00122163 0.00208247 0.000159966 0.00116794 -0.000511258 -0.000277097 -0.00208511 -0.000590667 -0.000244559 -0.000534216 -0.000193294 0.000381626 0.000220666 6.62986e-05 0.000373149 -0.000323714 -0.000450777 0.000506173 0.000418605 -0.00057754 -0.00117201
internal_weight=49188 27626 23988 3638 21625 21562 9056 21535 9554 8099 1455 2363 7860 12569 3183 141 9386 2527 1359 3042 566 2284 1810 1013 797 772 972 946 748 343
internal_count=49188 27626 23988 3638 21625 21562 9056 21535 9554 8099 1455 2363 7860 12569 3183 141 9386 2527 1359 3042 566 2284 1810 1013 797 772 972 946 748 343
cat_boundaries=0 1 2 3 4
cat_threshold=2 2 2 2
is_linear=0
shrinkage=0.06


Tree=22
num_leaves=31
num_cat=4
split_feature=1 1 1 3 1 3 2 3 3 3 3 3 3 0 3 2 3 2 2 3 3 2 0 2 0 3 3 0 2 3
split_gain=17.422 5.42804 0.394559 0.201664 0.159075 0.150321 0.0890166 0.0795395 0.0925988 0.331152 0.117888 0.0782117 0.13522 0.0880249 0.310887 0.0785093 0.0803277 0.0682439 0.156924 0.077239 0.0757122 0.0656847 0.0639943 0.0631798 0.0881449 0.0674812 0.108755 0.0797054 0.194258 0.0641909
threshold=772.20001220703136 594.00000000000011 675.00000000000011 11.500000000000002 1179.3599853515627 13.500000000000002 1.0000000180025095e-35 12.500000000000002 18.500000000000004 19.500000000000004 14.500000000000002 17.500000000000004 15.500000000000002 0 18.500000000000004 1.0000000180025095e-35 18.500000000000004 1.0000000180025095e-35 3.4000000059604649 13.500000000000002 13.500000000000002 3.4000000059604649 1 3.4000000059604649 2 14.500000000000002 20.500000000000004 3 1.0000000180025095e-35 22.500000000000004
decision_type=2 2 2 2 2 2 2 2 2 2 2 2 2 1 2 2 2 2 2 2 2 2 1 2 1 2 2 1 2 2
left_child=1 3 5 -1 7 6 -3 -2 10 21 17 12 -5 14 -13 16 -15 20 19 -19 -9 -10 -20 25 -25 -7 -27 -28 29 -29
right_child=4 2 -4 11 -6 23 -8 8 9 -11 -12 13 -14 15 -16 -17 -18 18 22 -21 -22 -23 -24 24 -26 26 27 28 -30 -31
leaf_value=-1.7779624207349605 1.2273253982180166 -0.48950161578699525 0.093587399361997031 -1.3634523521355211 19.315935925303076 -0.14184775450159576 0.77481500258466063 1.9187227876354516 0.12814952778394284 1.5191944385206346 6.478363873119215 -2.7483359228218682 -0.34953578465611579 -1.3416574563436359 -1.588913420368754 -1.0430663810462601 -1.7208753343597436 0.41503099648215669 2.0650486158543391 4.6419877371195915 2.1221642339249707 0.86172871073253987 1.6133501912630583 -1.6518697703008636 1.0302699435989473 -0.42588614337117747 0.047357421707283534 -0.20283933250837791 -0.75827249539020436 -1.2018708464187726
leaf_weight=253 2813 8920 2363 2074 27 2513 136 193 243 8670 45 83 85 72 602 81 388 614 3318 174 187 2614 2664 49 40 6825 1704 1366 39 33
leaf_count=253 2813 8920 2363 2074 27 2513 136 193 243 8670 45 83 85 72 602 81 388 614 3318 174 187 2614 2664 49 40 6825 1704 1366 39 33
internal_value=0.000119298 -0.000878303 -0.000550775 -0.00303793 0.00139746 -0.000631214 -0.000817579 0.00139169 0.00143639 0.00133096 0.00160528 -0.0029158 -0.00269847 -0.00329853 -0.00284672 -0.00387061 -0.00417391 0.00158601 0.0015421 0.000746193 0.00236842 0.000770739 0.00164694 -0.000496937 -0.00208989 -0.000485577 -0.000555633 -0.000263526 -0.000592489 -0.000476054
internal_weight=49188 27626 23988 3638 21562 21625 9056 21535 18722 11527 7195 3385 2159 1226 685 541 460 7150 6770 788 380 2857 5982 12569 89 12480 9967 3142 1438 1399
internal_count=49188 27626 23988 3638 21562 21625 9056 21535 18722 11527 7195 3385 2159 1226 685 541 460 7150 6770 788 380 2857 5982 12569 89 12480 9967 3142 1438 1399
cat_boundaries=0 1 2 3 4
cat_threshold=2 2 2 2
is_linear=0
shrinkage=0.06


Tree=23
num_leaves=31
num_cat=6
split_feature=1 1 1 3 1 3 3 3 3 2 0 3 3 2 2 3 3 0 0 2 3 3 3 2 0 3 3 0 2 0
split_gain=15.7032 4.92346 0.3374 0.180359 0.16392 0.144438 0.0971934 0.116678 0.0881364 0.0844317 0.0840618 0.326909 0.117803 0.104317 0.0736618 0.110428 0.0752389 0.19552 0.191062 0.0988884 0.162686 0.0777364 0.0728551 0.0658583 0.0881449 0.0628154 0.0964487 0.0709562 0.0694262 0.156574
threshold=772.20001220703136 594.00000000000011 675.00000000000011 11.500000000000002 1179.3599853515627 13.500000000000002 17.500000000000004 15.500000000000002 12.500000000000002 1.0000000180025095e-35 0 18.500000000000004 18.500000000000004 1.0000000180025095e-35 1.0000000180025095e-35 13.500000000000002 20.500000000000004 1 2 3.4000000059604649 19.500000000000004 18.500000000000004 18.500000000000004 3.4000000059604649 3 14.500000000000002 20.500000000000004 4 1.0000000180025095e-35 5
decision_type=2 2 2 2 2 2 2 2 2 2 1 2 2 2 2 2 2 1 1 2 2 2 2 2 1 2 2 1 2 1
left_child=1 3 5 -1 8 9 7 -5 -2 -3 11 -8 -12 -14 15 -10 17 19 -18 20 22 -19 -16 25 -25 27 -27 -7 -28 -30
right_child=4 2 -4 6 -6 23 10 -9 14 -11 12 -13 13 -15 16 -17 18 21 -20 -21 -22 -23 -24 24 -26 26 28 -29 29 -31
leaf_value=-1.6712846754908617 1.1536858743249365 -0.46013151883977577 0.087972155400278265 -1.2816452110073888 18.156979769784893 -0.43642378981670732 -2.5834357674525563 -0.32856363757674995 1.8035994203773249 0.72832610242958107 -1.2611580089630183 -1.4935786151466306 -1.6176228142981597 -0.98048239818348293 0.93582711020848131 1.8545707961545941 1.5055441217548071 1.5100869511414237 2.3774347851918285 1.5228442884353153 1.8776984674899597 0.89948177193277501 -0.61278606038775474 -1.5527575840828101 0.96845374698300923 -0.40033297476890539 -0.14568685577924498 0.059405407983623489 0.14717857847042068 -0.71277614566679226
leaf_weight=253 2813 8920 2363 2074 27 1352 83 85 193 136 72 602 388 81 439 438 1814 3032 1398 7373 314 3582 139 49 40 6825 3042 1161 61 39
leaf_count=253 2813 8920 2363 2074 27 1352 83 85 193 136 72 602 388 81 439 438 1814 3032 1398 7373 314 3582 139 49 40 6825 3042 1161 61 39
internal_value=0.000114418 -0.000832694 -0.00052076 -0.0028895 0.00132789 -0.000595144 -0.002774 -0.00253173 0.00132203 -0.000777827 -0.00320065 -0.00275912 -0.0037597 -0.00410661 0.00136908 0.00200634 0.00134686 0.00129001 0.00161021 0.00148457 0.000887893 0.00104687 0.000290658 -0.000463521 -0.00208989 -0.000451923 -0.000519514 -0.000183844 -0.00024443 -0.0018
internal_weight=49188 27626 23988 3638 21562 21625 3385 2159 21535 9056 1226 685 541 469 18722 631 18091 14879 3212 8265 892 6614 578 12569 89 12480 9967 2513 3142 100
internal_count=49188 27626 23988 3638 21562 21625 3385 2159 21535 9056 1226 685 541 469 18722 631 18091 14879 3212 8265 892 6614 578 12569 89 12480 9967 2513 3142 100
cat_boundaries=0 1 2 3 4 5 6
cat_threshold=2 2 2 2 2 2
is_linear=0
shrinkage=0.06


Tree=24
num_leaves=31
num_cat=6
split_feature=1 1 1 1 3 3 3 3 0 3 3 2 3 3 0 3 3 3 2 2 0 3 2 3 3 0 0 3 0 2
split_gain=13.605 4.47318 0.301232 0.170825 0.160243 0.144107 0.128047 0.117362 0.0994236 0.343334 0.117803 0.104317 0.0933518 0.0894183 0.203273 0.0889743 0.290675 0.131083 0.0777816 0.0681984 0.0881449 0.0562307 0.120539 0.0974711 0.063705 0.0709562 0.0542532 0.0529425 0.0718913 0.0939745
threshold=772.20001220703136 594.00000000000011 675.00000000000011 1179.3599853515627 11.500000000000002 17.500000000000004 14.500000000000002 13.500000000000002 0 18.500000000000004 18.500000000000004 1.0000000180025095e-35 12.500000000000002 12.500000000000002 1 18.500000000000004 19.500000000000004 14.500000000000002 1.0000000180025095e-35 3.4000000059604649 2 21.500000000000004 1.0000000180025095e-35 22.500000000000004 14.500000000000002 3 4 20.500000000000004 5 1.0000000180025095e-35
decision_type=2 2 2 2 2 2 2 2 1 2 2 2 2 2 1 2 2 2 2 2 1 2 2 2 2 1 1 2 1 2
left_child=1 4 7 12 -1 6 13 18 9 -7 -10 -12 26 -6 -15 17 -17 -14 -3 21 -21 24 23 -23 25 -9 -2 -26 -29 -30
right_child=3 2 -4 -5 5 8 -8 19 10 -11 11 -13 15 14 -16 16 -18 -19 -20 20 -22 22 -24 -25 27 -27 -28 28 29 -31
leaf_value=-1.5710075949614088 1.3165591455626939 -0.43252362770938935 0.082693826076261467 17.067560983597797 -1.143321653999698 -2.4284296214054026 -0.6759133126297433 -0.41023836242770356 -1.1854885284252361 -1.4039638982378317 -1.5205654454402702 -0.92165345429247392 1.5788081183870439 -2.1334143436760336 -0.87789509150856015 0.74406660030420313 1.3344822597955972 5.9987506475183414 0.68462653628380477 -1.4595921290378404 0.91034652216402834 0.40001160209836711 -0.46571984425548407 -1.277372675044889 -0.37631299628277132 0.055841083504607238 0.76214791951114869 0.00058316353047530359 -0.45316048236433176 -0.57486958286947576
leaf_weight=253 1567 8920 2363 27 998 83 384 1352 72 602 388 81 7150 457 320 2857 8670 45 136 49 40 496 48 70 6825 1161 1246 1371 1134 23
leaf_count=253 1567 8920 2363 27 998 83 384 1352 72 602 388 81 7150 457 320 2857 8670 45 136 49 40 496 48 70 6825 1161 1246 1371 1134 23
internal_value=0.000101 -0.000780569 -0.000483241 0.0012305 -0.00274107 -0.0026322 -0.00233719 -0.000553526 -0.00315171 -0.00267153 -0.0037597 -0.00410661 0.00122452 -0.00255211 -0.00303475 0.00127294 0.0011696 0.0014385 -0.000718198 -0.000434879 -0.00208989 -0.000423077 0.000136808 0.000381626 -0.000452048 -0.000183844 0.00090224 -0.00052411 -0.000289557 -0.000637856
internal_weight=49188 27626 23988 21562 3638 3385 2159 21625 1226 685 541 469 21535 1775 777 18722 11527 7195 9056 12569 89 12480 614 566 11866 2513 2813 9353 2528 1157
internal_count=49188 27626 23988 21562 3638 3385 2159 21625 1226 685 541 469 21535 1775 777 18722 11527 7195 9056 12569 89 12480 614 566 11866 2513 2813 9353 2528 1157
cat_boundaries=0 1 2 3 4 5 6
cat_threshold=2 2 2 2 2 2
is_linear=0
shrinkage=0.06


Tree=25
num_leaves=31
num_cat=5
split_feature=1 1 1 1 3 3 0 3 3 3 3 3 3 3 2 2 0 3 0 3 3 3 2 2 0 3 2 2 3 0
split_gain=11.8672 3.7633 0.253716 0.176654 0.155277 0.126903 0.147996 0.413058 0.122684 0.106524 0.105195 0.096654 0.346185 0.136557 0.0911333 0.0871036 0.190363 0.0828089 0.0805846 0.0775625 0.0748076 0.0679108 0.0654327 0.06537 0.118932 0.0629905 0.0575689 0.0930264 0.0997592 0.0964139
threshold=772.20001220703136 594.00000000000011 675.00000000000011 1179.3599853515627 11.500000000000002 17.500000000000004 0 18.500000000000004 12.500000000000002 18.500000000000004 20.500000000000004 18.500000000000004 19.500000000000004 14.500000000000002 1.0000000180025095e-35 1.0000000180025095e-35 1 14.500000000000002 2 21.500000000000004 19.500000000000004 11.500000000000002 3.4000000059604649 3.4000000059604649 3 12.500000000000002 3.4000000059604649 1.0000000180025095e-35 13.500000000000002 4
decision_type=2 2 2 2 2 2 1 2 2 2 2 2 2 2 2 2 1 2 1 2 2 2 2 2 1 2 2 2 2 1
left_child=1 4 10 8 -1 17 7 -7 18 -8 -3 13 -13 26 -11 -12 19 23 -2 -17 22 -4 -9 -6 -25 -23 27 29 -29 -10
right_child=3 2 21 -5 5 6 9 20 11 14 15 12 -14 -15 -16 16 -18 -19 -20 -21 -22 25 -24 24 -26 -27 -28 28 -30 -31
leaf_value=-1.476747139263723 1.2375655968289334 -0.33885075620823324 -0.28839381369166855 16.043507324581931 -1.3226261191730804 -2.2827238441210773 -1.1143592167197209 -1.2196388182350835 0.73640061443782545 -1.4293315187138522 -0.13800279289698808 0.69942260428594971 1.2544133242078612 5.6388256086672399 -0.86635424703492503 0.67497722252232617 -0.64143335097011889 -0.63535851387195863 0.71641904434047887 -1.4350888419011414 -0.5349338163946884 0.79640001282239514 -2.5635121780169321 -0.26919131929465834 0.10559580131122402 0.033128306272190253 1.5559624381987933 0.22891431436754933 4.2125903591766791 1.7436345877927826
leaf_weight=253 1567 18442 79 27 1608 83 72 335 211 388 3042 2857 8670 45 81 53 51 384 1246 37 194 474 73 90 77 1810 5982 614 174 169
leaf_count=253 1567 18442 79 27 1608 83 72 335 211 388 3042 2857 8670 45 81 53 51 384 1246 37 194 474 73 90 77 1810 5982 614 174 169
internal_value=9.49014e-05 -0.000728444 -0.000455728 0.0011498 -0.00252666 -0.0024195 -0.00290701 -0.00232117 0.00114372 -0.0036488 -0.000520231 0.00119923 0.00109152 0.00137179 -0.00397868 -0.000201696 -0.00165957 -0.00214266 0.000774263 2.23517e-10 -0.00177409 0.000134575 -0.00223529 -0.00231549 -0.00118563 0.000194396 0.00135105 0.000965754 0.000593909 0.00173684
internal_weight=49188 27626 23988 21562 3638 3385 1226 685 21535 541 21625 18722 11527 7195 469 3183 141 2159 2813 90 602 2363 408 1775 167 2284 7150 1168 788 380
internal_count=49188 27626 23988 21562 3638 3385 1226 685 21535 541 21625 18722 11527 7195 469 3183 141 2159 2813 90 602 2363 408 1775 167 2284 7150 1168 788 380
cat_boundaries=0 1 2 3 4 5
cat_threshold=2 2 2 2 2
is_linear=0
shrinkage=0.06


Tree=26
num_leaves=31
num_cat=4
split_feature=1 1 1 1 3 3 0 2 3 3 2 3 0 3 3 3 0 2 3 2 2 2 2 3 3 3 3 3 0 2
split_gain=10.6221 3.15283 0.256198 0.180732 0.102522 0.101882 0.192573 0.252763 0.111043 0.216419 0.109081 0.095614 0.162673 0.450335 0.101957 0.0958114 0.0927628 0.160515 0.0927272 0.0788402 0.07779 0.0739322 0.0707125 0.0647416 0.0554395 0.0545192 0.0551978 0.073545 0.081937 0.126549
threshold=772.20001220703136 594.00000000000011 675.00000000000011 1179.3599853515627 13.500000000000002 20.500000000000004 0 1.0000000180025095e-35 19.500000000000004 18.500000000000004 3.4000000059604649 17.500000000000004 1 18.500000000000004 11.500000000000002 18.500000000000004 2 1.0000000180025095e-35 19.500000000000004 1.0000000180025095e-35 3.4000000059604649 3.4000000059604649 1.0000000180025095e-35 15.500000000000002 13.500000000000002 22.500000000000004 20.500000000000004 14.500000000000002 3 1.0000000180025095e-35
decision_type=2 2 2 2 2 2 1 2 2 2 2 2 1 2 2 2 1 2 2 2 2 2 2 2 2 2 2 2 1 2
left_child=1 11 4 5 22 6 8 -8 9 10 -2 14 13 -13 -1 -14 -7 -18 20 -17 -15 -11 -3 -16 -12 26 27 28 29 -6
right_child=3 2 -4 -5 25 16 7 -9 -10 21 24 12 15 18 23 19 17 -19 -20 -21 -22 -23 -24 -25 -26 -27 -28 -29 -30 -31
leaf_value=-1.3881423109078981 0.53656938254030451 -0.386241164674334 0.058076402592585771 15.080896885107014 -0.23357425736915388 1.2299993340109994 1.6390165233919054 0.85152241620088942 1.2183520700250801 -0.60448823352510772 1.4619164204882349 -2.145760413473814 -1.0474976637165376 -1.1464604891409793 -1.0634302676260432 -1.3435716275910203 -1.6234817938359229 2.0794549630401136 -0.5028377874110066 -0.81437299221283066 -2.409701447335916 0.74498898475991038 0.66387998947926885 -0.23017350973204412 1.9129739642926051 -1.5531575299273137 -0.11744032141415207 -0.32357480074782757 0.064200689821916512 -1.2533317130542798
leaf_weight=253 861 8920 2363 27 1323 1879 239 7860 2970 140 3805 83 72 335 2074 388 57 1398 194 81 73 1441 136 85 885 75 3108 6859 1168 36
leaf_count=253 861 8920 2363 27 1323 1879 239 7860 2970 140 3805 83 72 335 2074 388 57 1398 194 81 73 1441 136 85 885 75 3108 6859 1168 36
internal_value=9.61212e-05 -0.000682835 -0.000433216 0.00109415 -0.000498034 0.001088 0.00103214 0.000814175 0.00120689 0.00107852 0.00125491 -0.00232875 -0.0027602 -0.00214599 -0.00210945 -0.00353789 0.00139292 0.00175258 -0.00157475 -0.00385075 -0.00208824 0.000459203 -0.000651943 -0.00197591 0.00136887 -0.000387143 -0.000377461 -0.000450032 -0.000173328 -0.000490066
internal_weight=49188 27626 23988 21562 21625 21535 18201 8099 10102 7132 5551 3638 1226 685 2412 541 3334 1455 602 469 408 1581 9056 2159 4690 12569 12494 9386 2527 1359
internal_count=49188 27626 23988 21562 21625 21535 18201 8099 10102 7132 5551 3638 1226 685 2412 541 3334 1455 602 469 408 1581 9056 2159 4690 12569 12494 9386 2527 1359
cat_boundaries=0 1 2 3 4
cat_threshold=2 2 2 2
is_linear=0
shrinkage=0.06


Tree=27
num_leaves=31
num_cat=5
split_feature=1 1 1 1 3 0 2 3 3 0 2 3 3 3 0 2 2 3 2 3 3 3 3 0 0 2 2 3 2 3
split_gain=9.63838 2.562 0.462375 0.184441 0.0993336 0.159153 0.197887 0.114475 0.196391 0.0994574 0.156301 0.0968664 0.0891332 0.159376 0.12883 0.0841109 0.0697306 0.0689678 0.0679791 0.0651942 0.0612224 0.0558178 0.0553972 0.245637 0.135042 0.07779 0.0505018 0.0490979 0.187518 0.0467766
threshold=675.00000000000011 594.00000000000011 772.20001220703136 1179.3599853515627 20.500000000000004 0 1.0000000180025095e-35 19.500000000000004 18.500000000000004 1 1.0000000180025095e-35 13.500000000000002 17.500000000000004 19.500000000000004 2 3.4000000059604649 3.4000000059604649 19.500000000000004 1.0000000180025095e-35 15.500000000000002 13.500000000000002 22.500000000000004 18.500000000000004 3 4 3.4000000059604649 3.4000000059604649 21.500000000000004 1.0000000180025095e-35 18.500000000000004
decision_type=2 2 2 2 2 1 2 2 2 1 2 2 2 2 1 2 2 2 2 2 2 2 2 1 1 2 2 2 2 2
left_child=1 12 -2 4 5 7 17 8 15 -6 -11 18 19 22 -15 -4 -10 -7 -3 -1 -17 27 23 -14 25 -24 -26 -13 -29 -8
right_child=2 11 3 -5 9 6 29 -9 16 10 -12 21 13 14 -16 20 -18 -19 -20 -21 -22 -23 24 -25 26 -27 -28 28 -30 -31
leaf_value=-1.0209091839661855 0.054591818437031217 -0.36306669479387332 0.50437521958788778 14.176043072000596 1.1561993739703371 1.7650353037942714 1.0296819575378853 1.1452509458235771 -0.56821893951360147 -1.5260728862057669 1.9546876652577065 -0.25587022746440535 -2.0170147886653864 -0.47266752016634594 -0.801348484482171 1.3742014352589398 0.70028964567431551 0.69008732012888452 0.62404719011051357 -0.21636309914812255 1.7981955264350471 -1.4599680781316746 -1.0776728597925216 -0.984647803893547 -1.4094984820507739 -2.2651193604957607 -0.99720045645671795 0.39133749283113617 -0.56680709773390725 0.69843962360894007
leaf_weight=2327 2363 8920 861 27 1879 183 4278 2970 140 57 1398 11946 83 194 142 3805 1441 56 136 85 885 75 335 72 268 73 59 496 52 3582
leaf_count=2327 2363 8920 861 27 1879 183 4278 2970 140 57 1398 11946 83 194 142 3805 1441 56 136 85 885 75 335 72 268 73 59 496 52 3582
internal_value=9.36816e-05 -0.000723667 0.00095674 0.00104406 0.00103785 0.000982693 0.000784542 0.00114156 0.00101122 0.00133893 0.00171134 -0.000475838 -0.00219681 -0.00261338 -0.0015 0.00117925 0.000421253 0.00248536 -0.000625441 -0.00198507 0.00127932 -0.000368048 -0.00303371 -0.00406452 -0.00281633 -0.00208824 -0.00372477 -0.000358252 0.000197081 0.000732825
internal_weight=49188 25263 23925 21562 21535 18201 8099 10102 7132 3334 1455 21625 3638 1226 336 5551 1581 239 9056 2412 4690 12569 890 155 735 408 327 12494 548 7860
internal_count=49188 25263 23925 21562 21535 18201 8099 10102 7132 3334 1455 21625 3638 1226 336 5551 1581 239 9056 2412 4690 12569 890 155 735 408 327 12494 548 7860
cat_boundaries=0 1 2 3 4 5
cat_threshold=2 2 2 2 2
is_linear=0
shrinkage=0.06


Tree=28
num_leaves=31
num_cat=4
split_feature=1 1 1 1 3 0 2 3 3 3 3 0 2 2 2 2 3 3 3 0 0 2 2 3 3 3 3 3 3 2
split_gain=8.73559 2.35437 0.414218 0.187979 0.119657 0.124193 0.149719 0.144057 0.12241 0.172053 0.0900228 0.0874312 0.152144 0.0790109 0.065652 0.0646382 0.0574625 0.0525204 0.133679 0.246756 0.245637 0.0989569 0.0884795 0.0612802 0.0493229 0.0486599 0.0884385 0.0481672 0.0477976 0.0696013
threshold=675.00000000000011 594.00000000000011 772.20001220703136 1179.3599853515627 20.500000000000004 0 1.0000000180025095e-35 19.500000000000004 19.500000000000004 18.500000000000004 13.500000000000002 1 1.0000000180025095e-35 3.4000000059604649 3.4000000059604649 1.0000000180025095e-35 22.500000000000004 17.500000000000004 18.500000000000004 2 3 3.4000000059604649 1.0000000180025095e-35 15.500000000000002 13.500000000000002 12.500000000000002 18.500000000000004 11.500000000000002 13.500000000000002 3.4000000059604649
decision_type=2 2 2 2 2 1 2 2 2 2 2 1 2 2 2 2 2 2 2 1 1 2 2 2 2 2 2 2 2 2
left_child=1 17 -2 4 5 8 7 -7 9 13 15 -6 -13 -4 -11 -3 -12 23 20 21 -19 -20 -21 27 -15 -8 28 -1 -27 -30
right_child=2 10 3 -5 11 6 25 -9 -10 14 16 12 -14 24 -16 -17 -18 18 19 22 -22 -23 -24 -25 -26 26 -28 -29 29 -31
leaf_value=-1.2435992212154543 0.051316309330810134 -0.34128269310624099 0.47411270641261211 13.325480487680556 1.086827411532115 1.659133185566612 0.56056163925572378 0.64868208092115076 1.0765358890741616 -0.53412580314278557 -0.21884097070111541 -1.4345085130334201 1.8374064053422465 1.291749349143406 0.65827226693385565 0.58660435870388339 -1.3723699934437739 -1.895993901345463 -0.80340497638502484 -1.1783874210125134 -0.92556893565993392 -2.0218237535293051 -0.7056785852926577 -0.20338131319923586 1.6903037948489441 0.95255078749981292 0.65653324619240494 -0.93836990053051117 7.1140493975242629 1.6841207869422918
leaf_weight=253 2363 8920 861 27 1879 183 1246 56 2970 140 12494 57 1398 3805 1441 136 75 83 518 388 72 84 81 85 885 2259 3582 2074 82 691
leaf_count=253 2363 8920 861 27 1879 183 1246 56 2970 140 12494 57 1398 3805 1441 136 75 83 518 388 72 84 81 85 885 2259 3582 2074 82 691
internal_value=9.24618e-05 -0.000685667 0.000914107 0.000996754 0.000990481 0.000929949 0.000754908 0.00223431 0.00107028 0.000935502 -0.000448092 0.00132094 0.0016701 0.00109278 0.000383302 -0.000592314 -0.00034418 -0.00209786 -0.00241762 -0.00217927 -0.00406452 -0.00137542 -0.00321109 -0.00193532 0.00118977 0.000709924 0.00077472 -0.00199312 0.00101319 0.00142044
internal_weight=49188 25263 23925 21562 21535 18201 8099 239 10102 7132 21625 3334 1455 5551 1581 9056 12569 3638 1226 1071 155 602 469 2412 4690 7860 6614 2327 3032 773
internal_count=49188 25263 23925 21562 21535 18201 8099 239 10102 7132 21625 3334 1455 5551 1581 9056 12569 3638 1226 1071 155 602 469 2412 4690 7860 6614 2327 3032 773
cat_boundaries=0 1 2 3 4
cat_threshold=2 2 2 2
is_linear=0
shrinkage=0.06


Tree=29
num_leaves=31
num_cat=3
split_feature=1 1 1 1 3 0 2 3 0 2 3 3 3 2 2 2 3 3 2 3 3 0 3 2 2 3 2 3 3 3
split_gain=7.67055 2.13067 0.191762 0.176791 0.0925499 0.10614 0.155777 0.144057 0.0912315 0.143996 0.0776134 0.0649169 0.161728 0.0940425 0.065652 0.0601023 0.0594676 0.0596285 0.0906624 0.0556373 0.0729269 0.113847 0.257893 0.0745628 0.375564 0.131266 0.0567973 0.0630323 0.0525005 0.0484874
threshold=772.20001220703136 594.00000000000011 1179.3599853515627 675.00000000000011 20.500000000000004 0 1.0000000180025095e-35 19.500000000000004 1 1.0000000180025095e-35 13.500000000000002 19.500000000000004 18.500000000000004 3.4000000059604649 3.4000000059604649 1.0000000180025095e-35 22.500000000000004 21.500000000000004 1.0000000180025095e-35 11.500000000000002 17.500000000000004 2 18.500000000000004 3.4000000059604649 1.0000000180025095e-35 14.500000000000002 1.0000000180025095e-35 18.500000000000004 13.500000000000002 19.500000000000004
decision_type=2 2 2 2 2 1 2 2 1 2 2 2 2 2 2 2 2 2 2 2 2 1 2 2 2 2 2 2 2 2
left_child=1 19 4 10 5 11 7 -7 -6 -10 15 12 13 -2 -14 -3 17 -12 -19 -1 23 22 -22 24 25 -21 27 -23 -15 -24
right_child=2 3 -4 -5 8 6 -8 -9 9 -11 16 -13 14 28 -16 -17 -18 18 -20 20 21 26 29 -25 -26 -27 -28 -29 -30 -31
leaf_value=-1.1689832679425274 0.44566594402785625 -0.32080573151986763 12.525951658419721 0.048237330770962934 1.0216177668401882 1.5595851944326169 0.70081555854960143 0.6097611560658811 -1.3484380022514164 1.7271620210217133 -0.22738755557447232 1.0119437357297101 -0.50207825495421843 1.214244388194802 0.6187759309178239 0.55140809718165051 -1.2900277938371469 0.38098770150333505 -0.51966821362780591 -0.99241272221679189 -1.7822342672647369 -0.87003479952033669 -1.1963822615627395 -0.040509065053491895 -3.3940680710762994 -0.17903248168825711 -0.66333787017509738 -1.1076841757517615 1.588885567158004 -0.39610317037326404
leaf_weight=253 861 8920 27 2363 1879 183 7860 56 57 1398 11946 2970 140 3805 1441 136 75 496 52 1579 83 72 408 168 40 372 81 388 885 194
leaf_count=253 861 8920 27 2363 1879 183 7860 56 57 1398 11946 2970 140 3805 1441 136 75 496 52 1579 83 72 408 168 40 372 81 388 885 194
internal_value=9.85608e-05 -0.000563382 0.000946666 -0.000358179 0.00094033 0.000887094 0.000725275 0.00223431 0.00123095 0.00158763 -0.000412023 0.00101683 0.000918677 0.00107116 0.000383302 -0.000545936 -0.000315538 -0.000305426 0.00030657 -0.00191644 -0.00185229 -0.00222186 -0.00170803 -0.00164243 -0.00174485 -0.00162686 -0.00287246 -0.00313043 0.00117697 -0.00127575
internal_weight=49188 27626 21562 23988 21535 18201 8099 239 3334 1455 21625 10102 7132 5551 1581 9056 12569 12494 548 3638 3385 1226 685 2159 1991 1951 541 460 4690 602
internal_count=49188 27626 21562 23988 21535 18201 8099 239 3334 1455 21625 10102 7132 5551 1581 9056 12569 12494 548 3638 3385 1226 685 2159 1991 1951 541 460 4690 602
cat_boundaries=0 1 2 3
cat_threshold=2 2 2
is_linear=0
shrinkage=0.06


Tree=30
num_leaves=31
num_cat=3
split_feature=1 1 1 1 3 3 3 3 3 3 3 3 0 3 2 2 3 2 3 2 2 0 2 3 2 3 3 2 3 0
split_gain=6.76794 2.12255 0.196436 0.155909 0.090928 0.0680177 0.18857 0.162575 0.0631886 0.0611648 0.059996 0.0677005 0.093193 0.257893 0.0711877 0.379508 0.123424 0.0557314 0.0550413 0.0906624 0.0527519 0.0964139 0.0801228 0.125156 0.0485235 0.0533505 0.0484874 0.0479937 0.0471091 0.110342
threshold=772.20001220703136 594.00000000000011 1179.3599853515627 675.00000000000011 12.500000000000002 18.500000000000004 19.500000000000004 14.500000000000002 13.500000000000002 22.500000000000004 11.500000000000002 17.500000000000004 0 18.500000000000004 3.4000000059604649 1.0000000180025095e-35 14.500000000000002 1.0000000180025095e-35 21.500000000000004 1.0000000180025095e-35 1.0000000180025095e-35 1 3.4000000059604649 13.500000000000002 1.0000000180025095e-35 18.500000000000004 19.500000000000004 3.4000000059604649 14.500000000000002 2
decision_type=2 2 2 2 2 2 2 2 2 2 2 2 1 2 2 2 2 2 2 2 2 1 2 2 2 2 2 2 2 1
left_child=1 10 4 8 -2 7 -7 20 17 18 -1 14 13 -13 15 16 -12 -3 28 -20 21 -6 23 -22 25 -14 27 -15 29 -10
right_child=2 3 -4 -5 5 6 -8 -9 9 -11 11 12 24 26 -16 -17 -18 -19 19 -21 22 -23 -24 -25 -26 -27 -28 -29 -30 -31
leaf_value=-1.0988442718659768 0.65508051185715332 -0.30155738762867718 11.77439455891454 0.045343090924704517 0.57457318241743904 0.48301859735568425 0.86855279311276368 4.9791463830724467 -0.33455665672908935 -1.2126261262069167 -0.93286795888378482 -1.6753002112288515 -0.8178327115491163 -0.89302525392810361 -0.038078521150283678 -3.1904239868117226 -0.16829053278696277 0.51832361135075156 0.35812843941313532 -0.48848812081013648 0.06920671968440173 1.2416503000940857 1.1621969890137906 3.8421915424719577 -0.62353759796459141 -1.0412231252066544 -0.3723369801508698 -1.9361198379604923 -0.24726776095790168 0.10247457365700256
leaf_weight=253 2813 8920 27 2363 211 2857 8670 45 1359 75 1579 83 72 335 168 40 372 136 496 52 614 169 5982 174 81 388 194 73 9419 1168
leaf_count=253 2813 8920 27 2363 211 2857 8670 45 1359 75 1579 83 72 335 168 40 372 136 496 52 614 169 5982 174 81 388 194 73 9419 1168
internal_value=8.88024e-05 -0.000532976 0.000885447 -0.000328164 0.000879034 0.000926824 0.000836471 0.00107158 -0.000378728 -0.00029167 -0.00188345 -0.00181684 -0.00217292 -0.00170803 -0.00161464 -0.00171472 -0.0015961 -0.000499558 -0.000281415 0.00030657 0.00104895 0.00173684 0.00101034 0.000441625 -0.00276155 -0.003 -0.00127575 -0.00164706 -0.000308388 -7.83536e-05
internal_weight=49188 27626 21562 23988 21535 18722 11527 7195 21625 12569 3638 3385 1226 685 2159 1991 1951 9056 12494 548 7150 380 6770 788 541 460 602 408 11946 2527
internal_count=49188 27626 21562 23988 21535 18722 11527 7195 21625 12569 3638 3385 1226 685 2159 1991 1951 9056 12494 548 7150 380 6770 788 541 460 602 408 11946 2527
cat_boundaries=0 1 2 3
cat_threshold=2 2 2
is_linear=0
shrinkage=0.06


Tree=31
num_leaves=31
num_cat=5
split_feature=1 1 1 1 3 3 3 3 3 3 3 3 2 2 2 0 3 2 3 3 2 3 0 0 0 2 0 3 3 3
split_gain=5.93273 1.87646 0.200734 0.1253 0.0723265 0.0659314 0.0684801 0.0644963 0.063233 0.0626563 0.193731 0.0809634 0.107247 0.120955 0.0533078 0.0530054 0.158907 0.109703 0.0988766 0.0683052 0.0651572 0.051188 0.0850241 0.0452858 0.0444336 0.0436612 0.0568383 0.0426922 0.0840348 0.0924534
threshold=772.20001220703136 594.00000000000011 1179.3599853515627 675.00000000000011 12.500000000000002 11.500000000000002 12.500000000000002 13.500000000000002 22.500000000000004 18.500000000000004 19.500000000000004 13.500000000000002 1.0000000180025095e-35 3.4000000059604649 1.0000000180025095e-35 0 18.500000000000004 3.4000000059604649 12.500000000000002 19.500000000000004 1.0000000180025095e-35 14.500000000000002 1 2 3 3.4000000059604649 4 12.500000000000002 14.500000000000002 17.500000000000004
decision_type=2 2 2 2 2 2 2 2 2 2 2 2 2 2 2 1 2 2 2 2 2 2 1 1 1 2 1 2 2 2
left_child=1 15 4 7 23 24 25 14 -9 11 -11 12 -6 -14 -3 19 17 18 -17 27 -18 -13 -23 -2 -5 26 -7 -1 -29 -30
right_child=2 3 -4 5 9 6 -8 8 -10 10 -12 21 13 -15 -16 16 20 -19 -20 -21 -22 22 -24 -25 -26 -27 -28 28 29 -31
leaf_value=-0.4815018283647623 0.8034801347226459 -0.28346394437095573 11.067930885379669 -0.81034525963996773 1.0659948659200653 0.65959916961914011 0.015686710772495439 -0.1839651878716419 -1.1398685586345001 0.45403748151434342 0.81643962552600091 1.474230191965185 0.065054316503336748 1.0392013796832766 0.48722419466970646 -1.1174559603241323 -0.97874973769425422 0.28533786953213963 -0.51469931778301281 -0.34999676134181806 -0.58612534208671718 0.45050201555710828 11.04550561230559 0.44557417667597743 -0.021959636768305018 1.1489082238734927 -2.8145980837282036 -1.6291725139116908 -0.019378590119023115 -1.1820538237794811
leaf_weight=690 1567 8920 27 40 193 81 1810 12494 75 2857 8670 1922 614 4421 136 484 388 77 562 194 81 23 22 1246 39 347 46 457 214 491
leaf_count=690 1567 8920 27 40 193 81 1810 12494 75 2857 8670 1922 614 4421 136 484 388 77 562 194 81 23 22 1246 39 347 46 457 214 491
internal_value=8.39231e-05 -0.000498226 0.000829793 -0.000305653 0.000823311 0.000109183 0.000168126 -0.000350982 -0.000263028 0.000865933 0.000779214 0.00100486 0.000881408 0.000828203 -0.000473056 -0.001768 -0.00202764 -0.00164025 -0.00180115 -0.00156598 -0.00295522 0.00133299 0.00333333 0.000539638 -0.00159494 0.000810127 -0.000141732 -0.00167819 -0.00190017 -0.00148936
internal_weight=49188 27626 21562 23988 21535 2363 2284 21625 12569 18722 11527 7195 5228 5035 9056 3638 1592 1123 1046 2046 469 1967 45 2813 79 474 127 1852 1162 705
internal_count=49188 27626 21562 23988 21535 2363 2284 21625 12569 18722 11527 7195 5228 5035 9056 3638 1592 1123 1046 2046 469 1967 45 2813 79 474 127 1852 1162 705
cat_boundaries=0 1 2 3 4 5
cat_threshold=2 2 2 2 2
is_linear=0
shrinkage=0.06


Tree=32
num_leaves=31
num_cat=5
split_feature=1 1 1 1 0 3 2 3 2 3 0 0 3 3 2 3 2 3 3 3 3 3 3 3 2 3 0 2 0 3
split_gain=5.37121 1.71961 0.203553 0.0993743 0.0920228 0.158907 0.109703 0.0988766 0.0759913 0.0732652 0.175599 0.11358 0.0699922 0.0653355 0.0651572 0.053671 0.0515254 0.0508846 0.0454595 0.0673241 0.0579048 0.0779513 0.0689857 0.0447809 0.0906624 0.0517048 0.0766469 0.139603 0.0421974 0.112237
threshold=772.20001220703136 594.00000000000011 1179.3599853515627 675.00000000000011 0 18.500000000000004 3.4000000059604649 12.500000000000002 1.0000000180025095e-35 20.500000000000004 1 2 13.500000000000002 22.500000000000004 1.0000000180025095e-35 13.500000000000002 1.0000000180025095e-35 19.500000000000004 12.500000000000002 11.500000000000002 14.500000000000002 17.500000000000004 18.500000000000004 21.500000000000004 1.0000000180025095e-35 14.500000000000002 3 1.0000000180025095e-35 4 19.500000000000004
decision_type=2 2 2 2 1 2 2 2 2 2 1 1 2 2 2 2 2 2 2 2 2 2 2 2 2 2 1 2 1 2
left_child=1 4 8 12 17 6 7 -6 15 11 -11 -10 16 23 -7 -2 -3 18 19 -1 -20 -22 -23 25 -25 26 27 -14 29 -5
right_child=2 3 -4 28 5 14 -8 -9 9 10 -12 -13 13 -15 -16 -17 -18 -19 20 -21 21 22 -24 24 -26 -27 -28 -29 -30 -31
leaf_value=-1.3359012971769255 1.0020351739648616 -0.26645610770869788 10.403855032256885 0.3891013119824171 -1.0504086027046833 -0.92002475343259782 0.26821759736021022 -0.48381735871603126 0.82571648746218529 0.88909956110976729 1.5224327546420886 0.57729981903460714 -0.14632256602656071 -1.0714764451164316 -0.55095782156151241 1.1005712882921166 0.45799074298952491 -0.3289969556613101 -1.5314221630769906 -0.24162321209153445 -0.018215874711882876 -1.5038589691283528 -0.95628457072036932 0.34767864432064699 -0.44814092228922958 -0.22139378402812723 0.10736401050988206 -1.1048945743705791 -0.051817737627681527 -0.12670931791875284
leaf_weight=137 193 8920 27 1277 484 388 77 562 9832 1814 1398 7860 1323 75 81 438 136 194 457 553 214 83 408 496 52 9419 1168 36 1045 41
leaf_count=137 193 8920 27 1277 484 388 77 562 9832 1814 1398 7860 1323 75 81 438 136 194 457 553 214 83 408 496 52 9419 1168 36 1045 41
internal_value=8.39231e-05 -0.000469992 0.000793619 -0.000285643 -0.00168554 -0.00202764 -0.00164025 -0.00180115 0.000787091 0.000767509 0.00103113 0.000719648 -0.000326011 -0.000234386 -0.00295522 0.00143582 -0.00045318 -0.00141935 -0.0015162 -0.00113043 -0.00174527 -0.00140426 -0.00182077 -0.000223787 0.00030657 -0.000248116 -7.12285e-06 -0.000313466 8.3792e-05 0.00030956
internal_weight=49188 27626 21562 23988 3638 1592 1123 1046 21535 20904 3212 17692 21625 12569 469 631 9056 2046 1852 690 1162 705 491 12494 548 11946 2527 1359 2363 1318
internal_count=49188 27626 21562 23988 3638 1592 1123 1046 21535 20904 3212 17692 21625 12569 469 631 9056 2046 1852 690 1162 705 491 12494 548 11946 2527 1359 2363 1318
cat_boundaries=0 1 2 3 4 5
cat_threshold=2 2 2 2 2
is_linear=0
shrinkage=0.06


Tree=33
num_leaves=31
num_cat=3
split_feature=1 1 1 3 1 0 3 2 3 3 2 3 3 3 2 2 3 3 3 3 3 2 3 3 3 3 2 2 0 0
split_gain=4.53793 1.53693 0.209029 0.0961695 0.0752744 0.0662654 0.166822 0.0942033 0.0605412 0.058213 0.0548315 0.0479452 0.171372 0.0783858 0.0461394 0.118757 0.046007 0.0446332 0.0508327 0.0698297 0.0646855 0.0375088 0.160482 0.0765228 0.0492814 0.245055 0.351297 0.175941 0.074417 0.0483278
threshold=772.20001220703136 594.00000000000011 1179.3599853515627 12.500000000000002 675.00000000000011 0 18.500000000000004 3.4000000059604649 22.500000000000004 12.500000000000002 1.0000000180025095e-35 18.500000000000004 19.500000000000004 13.500000000000002 3.4000000059604649 1.0000000180025095e-35 12.500000000000002 19.500000000000004 12.500000000000002 14.500000000000002 17.500000000000004 1.0000000180025095e-35 19.500000000000004 16.500000000000004 15.500000000000002 18.500000000000004 3.4000000059604649 3.4000000059604649 1 2
decision_type=2 2 2 2 2 1 2 2 2 2 2 2 2 2 2 2 2 2 2 2 2 2 2 2 2 2 2 2 1 1
left_child=1 5 3 -2 8 17 7 16 9 -3 -8 13 -13 14 15 -5 -7 18 -1 -20 -21 22 23 29 27 26 -26 -23 -28 -6
right_child=2 4 -4 11 21 6 10 -9 -10 -11 -12 12 -14 -15 -16 -17 -18 -19 19 20 -22 24 -24 -25 25 -27 28 -29 -30 -31
leaf_value=-0.43304400831787054 0.54712721744838 -0.33424455307060835 9.7796237303214753 0.94191306352697213 0.71854394069304006 -0.98738408654240173 -0.86482326822664268 0.25212454151859787 -1.0071878584094449 -0.16398099809194075 -0.51790035226782261 0.39215724348140951 0.70911325914615186 1.3744823297324376 0.94221120959120575 0.016079581911943384 -0.45478831719307067 -0.30925713832163237 -1.4395368332923726 -0.01712292222917064 -1.0537535201094907 -0.58591838646532179 -0.70828663563294181 3.1981961795718425 0.37597762595848166 0.15433881589079892 -0.14620507585934889 0.38412578220920285 -2.3764533003645827 3.8138091147336959
leaf_weight=690 2813 2973 27 193 26 484 388 77 75 18577 81 2857 8670 1967 4421 614 562 194 457 214 491 220 27 38 56 629 31 1281 35 20
leaf_count=690 2813 2973 27 193 26 484 388 77 75 18577 81 2857 8670 1967 4421 614 562 194 457 214 491 220 27 38 56 629 31 1281 35 20
internal_value=7.1725e-05 -0.000437414 0.000724052 0.000717437 -0.000263131 -0.00158659 -0.00187688 -0.00147996 -0.000298266 -0.000292343 -0.00282729 0.000766585 0.000690726 0.000888117 0.000766641 0.000349443 -0.00162906 -0.0013607 -0.0014514 -0.00169363 -0.00131915 5.84006e-05 0.00113514 0.00242857 5.32882e-06 -0.000391478 -0.00285246 0.000203864 -0.00581818 0.000782609
internal_weight=49188 27626 21562 21535 23988 3638 1592 1123 21625 21550 469 18722 11527 7195 5228 807 1046 2046 1852 1162 705 2363 111 84 2252 751 122 1501 66 46
internal_count=49188 27626 21562 21535 23988 3638 1592 1123 21625 21550 469 18722 11527 7195 5228 807 1046 2046 1852 1162 705 2363 111 84 2252 751 122 1501 66 46
cat_boundaries=0 1 2 3
cat_threshold=2 2 2
is_linear=0
shrinkage=0.06


Tree=34
num_leaves=31
num_cat=4
split_feature=1 1 1 3 3 2 3 3 3 3 2 2 3 0 3 3 3 3 3 3 2 2 0 2 2 3 2 0 2 0
split_gain=3.8683 1.33186 0.214578 0.092867 0.0635912 0.0634083 0.0718784 0.407471 0.0716942 0.0603298 0.128274 0.23594 0.139668 0.0963413 0.055969 0.0403561 0.0389269 0.038317 0.137925 0.0484141 0.0490204 0.104057 0.0343259 0.0630197 0.0356218 0.0341341 0.0327345 0.163814 0.0549693 0.0350127
threshold=772.20001220703136 594.00000000000011 1179.3599853515627 12.500000000000002 22.500000000000004 3.4000000059604649 15.500000000000002 18.500000000000004 12.500000000000002 17.500000000000004 3.4000000059604649 1.0000000180025095e-35 14.500000000000002 0 19.500000000000004 11.500000000000002 14.500000000000002 18.500000000000004 19.500000000000004 13.500000000000002 1.0000000180025095e-35 3.4000000059604649 1 1.0000000180025095e-35 1.0000000180025095e-35 21.500000000000004 3.4000000059604649 2 1.0000000180025095e-35 3
decision_type=2 2 2 2 2 2 2 2 2 2 2 2 2 1 2 2 2 2 2 2 2 2 1 2 2 2 2 1 2 1
left_child=1 9 3 -2 5 8 16 -8 15 10 11 12 -1 14 -11 -3 -7 19 -19 20 -5 -22 24 -24 -17 -20 27 28 -21 -28
right_child=2 4 -4 17 -6 6 7 -9 -10 13 -12 -13 -14 -15 -16 22 -18 18 25 26 21 -23 23 -25 -26 -27 29 -29 -30 -31
leaf_value=-0.80285476620111551 0.51429958440147572 -0.38856880486545831 9.192846306502183 0.8853982797153549 -0.94675658690487785 0.30310379343779303 -1.4634531511711621 0.14733343587885753 -0.14997518744317423 -0.99052830890292265 0.033576333045184585 -2.8498050199961966 -0.072104392181996851 -0.79999798726575044 -0.29070171002233391 -0.12144381041288851 0.65746675324950954 0.36862780887252594 0.66049756552607486 -0.14354671013676579 0.015114806997226896 0.88567853701573585 -0.44055805828116262 -3.706456379591784 0.63183224378622072 3.6691351134123975 1.2033548732381085 3.6178070020230959 3.4775606756519073 1.2657320464280177
leaf_weight=1832 2813 35 27 193 75 1300 66 625 18754 491 168 40 372 541 194 1642 33 2857 8621 111 614 4421 1365 32 61 49 885 175 105 691
leaf_count=1832 2813 35 27 193 75 1300 66 625 18754 491 168 40 372 541 194 1642 33 2857 8621 111 614 4421 1365 32 61 49 885 175 105 691
internal_value=5.22081e-05 -0.000417867 0.000654485 0.000647783 -0.000255628 -0.000250157 7.11465e-05 -0.00042547 -0.000279866 -0.00148763 -0.00131343 -0.00143315 -0.00135027 -0.00183034 -0.00135766 -0.000545454 0.000328582 0.00069608 0.000628264 0.000804726 0.000709258 0.000673287 -0.00052258 -0.000743021 -0.00034175 0.000747405 0.00105846 0.00154987 0.000444445 0.000936548
internal_weight=49188 27626 21562 21535 23988 23913 2024 691 21889 3638 2412 2244 2204 1226 685 3135 1333 18722 11527 7195 5228 5035 3100 1397 1703 8670 1967 391 216 1576
internal_count=49188 27626 21562 21535 23988 23913 2024 691 21889 3638 2412 2244 2204 1226 685 3135 1333 18722 11527 7195 5228 5035 3100 1397 1703 8670 1967 391 216 1576
cat_boundaries=0 1 2 3 4
cat_threshold=2 2 2 2
is_linear=0
shrinkage=0.06


Tree=35
num_leaves=31
num_cat=5
split_feature=1 1 1 3 2 2 3 0 3 3 1 3 3 3 0 3 2 3 3 3 3 2 2 2 3 3 0 3 0 0
split_gain=3.4619 1.26364 0.217492 0.079007 0.116581 0.112041 0.125688 0.0963413 0.0731175 0.0648742 0.0616758 0.0620605 0.0618874 0.055969 0.0444336 0.0441245 0.0906624 0.038156 0.0356163 0.12122 0.0443177 0.0539338 0.0909448 0.0336878 0.160482 0.0765228 0.0483278 0.0335579 0.0687014 0.0644537
threshold=772.20001220703136 594.00000000000011 1179.3599853515627 17.500000000000004 3.4000000059604649 1.0000000180025095e-35 14.500000000000002 0 12.500000000000002 22.500000000000004 675.00000000000011 11.500000000000002 12.500000000000002 19.500000000000004 1 21.500000000000004 1.0000000180025095e-35 21.500000000000004 18.500000000000004 19.500000000000004 13.500000000000002 1.0000000180025095e-35 3.4000000059604649 1.0000000180025095e-35 19.500000000000004 16.500000000000004 2 12.500000000000002 3 4
decision_type=2 2 2 2 2 2 2 1 2 2 2 2 2 2 1 2 2 2 2 2 2 2 2 2 2 2 1 2 1 1
left_child=1 3 8 4 5 6 27 13 -2 10 12 14 -3 -5 -12 -14 -17 18 20 -20 21 -10 -23 24 25 26 -13 29 -29 -1
right_child=2 9 -4 7 -6 -7 -8 -9 17 -11 11 23 15 -15 -16 16 -18 -19 19 -21 -22 22 -24 -25 -26 -27 -28 28 -30 -31
leaf_value=-0.40345505595344422 0.4834416093373865 -0.30690325126159906 8.6412755281120557 -0.93109661036874725 0.031561753062474052 -2.678816718796424 -0.067778128651077796 -0.75199810802980682 0.83227438293243494 -0.8899511916905849 -0.7266013913006657 0.68357387412336479 -0.15933046201268325 -0.27325960742099309 0.040936237175303633 0.34565529679351242 -0.40241509581977308 3.4489870066076547 0.34651014034017408 0.62086771159451226 1.2007148568260428 0.014207918577393137 0.83253782479478833 0.03211515399783782 -0.6567909262483772 3.0153029200441219 3.6096705546151377 -1.3049933373227633 -0.31361483128067336 -0.87692837367781296
leaf_weight=586 2813 2973 27 491 168 40 372 541 193 75 40 26 18029 194 39 496 52 49 2857 8621 1967 614 4421 2173 27 38 20 457 320 469
leaf_count=586 2813 2973 27 491 168 40 372 541 193 75 40 26 18029 194 39 496 52 49 2857 8621 1967 614 4421 2173 27 38 20 457 320 469
internal_value=4.85486e-05 -0.000396148 0.00061831 -0.00143815 -0.00123881 -0.00135294 -0.00129583 -0.00183034 0.000611563 -0.000238119 -0.000232593 5.84006e-05 -0.000264501 -0.00135766 -0.00159494 -0.000223825 0.00030657 0.000654417 0.00065003 0.000584423 0.000754691 0.000663351 0.000625621 0.000115587 0.00113514 0.00242857 0.000782609 -0.0015 -0.00179923 -0.00127962
internal_weight=49188 27626 21562 3638 2412 2244 2204 1226 21535 23988 23913 2363 21550 685 79 18577 548 18722 18673 11478 7195 5228 5035 2284 111 84 46 1832 777 1055
internal_count=49188 27626 21562 3638 2412 2244 2204 1226 21535 23988 23913 2363 21550 685 79 18577 548 18722 18673 11478 7195 5228 5035 2284 111 84 46 1832 777 1055
cat_boundaries=0 1 2 3 4 5
cat_threshold=2 2 2 2 2
is_linear=0
shrinkage=0.06


Tree=36
num_leaves=31
num_cat=5
split_feature=1 1 1 1 3 2 2 3 3 2 3 0 3 3 0 3 0 0 3 3 3 3 2 3 3 0 2 2 3 3
split_gain=3.00359 1.05544 0.224833 0.139694 0.0930909 0.10186 0.119786 0.0999388 0.0858432 0.0804038 0.0685484 0.0622834 0.05326 0.0467058 0.0538657 0.0475372 0.0622064 0.0465849 0.0403815 0.0401792 0.0998687 0.0608483 0.0357606 0.160482 0.0765228 0.0483278 0.0297311 0.0787153 0.0280144 0.0264367
threshold=675.00000000000011 594.00000000000011 1179.3599853515627 772.20001220703136 17.500000000000004 3.4000000059604649 1.0000000180025095e-35 14.500000000000002 19.500000000000004 1.0000000180025095e-35 12.500000000000002 0 12.500000000000002 12.500000000000002 1 11.500000000000002 2 3 21.500000000000004 18.500000000000004 19.500000000000004 13.500000000000002 1.0000000180025095e-35 19.500000000000004 16.500000000000004 4 1.0000000180025095e-35 3.4000000059604649 18.500000000000004 18.500000000000004
decision_type=2 2 2 2 2 2 2 2 2 2 2 1 2 2 1 2 1 1 2 2 2 2 2 2 2 1 2 2 2 2
left_child=1 4 3 22 5 6 7 13 17 11 -3 -10 -5 15 -15 -1 -17 29 19 21 -21 26 23 24 25 -2 -14 -28 -19 -6
right_child=2 10 -4 12 8 -7 -8 -9 9 -11 -12 -13 18 14 -16 16 -18 28 -20 20 -22 -23 -24 -25 -26 -27 27 -29 -30 -31
leaf_value=-0.74689484372425574 0.64255944167596446 -0.28848905618590376 8.1227989964253329 0.45443511277714321 -1.2351047246177824 0.029668047878725474 -2.5180877156686376 -0.063711440932013544 -0.37235288505548053 2.6596683897260709 -0.14322351878128178 -0.49702088258353339 0.78233791995649193 -1.2266937370833988 -0.29479794140383203 -0.18227054925080666 -0.83836931009839299 -0.5884446835169137 3.2420477862111929 0.32571953191976377 0.58361564889883977 1.1286719654164805 0.0058808180525633975 -0.61738347067347377 2.8343847448414747 3.3930903213382289 0.013355443462749935 0.78258555530709872 -0.86898080553863333 -0.72038479011428003
leaf_weight=253 26 2973 27 2813 83 168 40 372 175 30 18652 131 193 457 320 449 353 72 49 2857 8621 1967 2252 27 38 20 614 4421 327 408
leaf_count=253 26 2973 27 2813 83 168 40 372 175 30 18652 131 193 457 320 449 353 72 49 2857 8621 1967 2252 27 38 20 614 4421 327 408
internal_value=4.6109e-05 -0.000410165 0.0005279 0.000521718 -0.00135569 -0.0011393 -0.00124599 -0.00118693 -0.0017814 -0.000964285 -0.000251098 -0.0012549 0.00056977 -0.001369 -0.00172201 -0.001109 -0.000882793 -0.00208989 0.000606346 0.000601832 0.000532149 0.000712995 8.3792e-05 0.00113514 0.00242857 0.000782609 0.000605968 0.000577955 -0.00257143 -0.00169857
internal_weight=49188 25263 23925 23898 3638 2412 2244 2204 1226 336 21625 306 21535 1832 777 1055 802 890 18722 18673 11478 7195 2363 111 84 46 5228 5035 399 491
internal_count=49188 25263 23925 23898 3638 2412 2244 2204 1226 336 21625 306 21535 1832 777 1055 802 890 18722 18673 11478 7195 2363 111 84 46 5228 5035 399 491
cat_boundaries=0 1 2 3 4 5
cat_threshold=2 2 2 2 2
is_linear=0
shrinkage=0.06


Tree=37
num_leaves=31
num_cat=5
split_feature=1 1 1 1 3 3 3 3 2 0 2 0 0 3 3 3 3 3 3 0 2 3 3 3 2 2 0 3 2 3
split_gain=2.67028 0.904012 0.226898 0.124136 0.0839874 0.0800196 0.075735 0.123586 0.0659623 0.0688652 0.0621965 0.0605418 0.0538657 0.0504401 0.0479013 0.041747 0.043049 0.0932493 0.058524 0.0360847 0.0357606 0.0352342 0.0334702 0.032175 0.031628 0.0729316 0.0285161 0.0280144 0.0260646 0.119886
threshold=675.00000000000011 594.00000000000011 1179.3599853515627 772.20001220703136 12.500000000000002 19.500000000000004 17.500000000000004 14.500000000000002 3.4000000059604649 0 1.0000000180025095e-35 1 2 12.500000000000002 12.500000000000002 21.500000000000004 18.500000000000004 19.500000000000004 13.500000000000002 3 1.0000000180025095e-35 11.500000000000002 18.500000000000004 19.500000000000004 1.0000000180025095e-35 3.4000000059604649 4 18.500000000000004 3.4000000059604649 16.500000000000004
decision_type=2 2 2 2 2 2 2 2 2 1 2 1 1 2 2 2 2 2 2 1 2 2 2 2 2 2 1 2 2 2
left_child=1 4 3 20 8 6 7 12 9 21 -7 22 -6 -5 26 16 18 -18 24 -9 23 -1 -8 -2 -15 -26 -3 -13 29 -22
right_child=2 14 -4 13 5 10 11 19 -10 -11 -12 27 -14 15 -16 -17 17 -19 -20 -21 28 -23 -24 -25 25 -27 -28 -29 -30 -31
leaf_value=-1.1125722988945097 2.0303264964184815 -0.078433643622684027 7.6354310566398134 0.42716900601051422 -1.1530921128583953 -0.43303963252565997 -1.1609984411407162 0.0091726800434946652 0.024286097276549297 -0.77705189435121724 2.5000882863425078 -0.55313800250589906 -0.27711006491960233 0.73539764475910263 -0.13463010765440564 3.0475249190385227 0.30617636000457649 0.54859870996491267 1.0609516474914895 -0.43910151117105972 -0.65351581733034569 -0.26869075822323563 -0.67716170270742326 -0.58034046243306536 0.012554116854986223 0.73563042198866968 -0.38648697425915884 -0.81684195720631581 0.14341142942536519 0.43078140190026959
leaf_weight=137 84 1622 27 2813 457 306 83 214 167 484 30 72 320 193 18652 49 2857 8621 1967 170 232 463 408 27 614 4421 1351 327 1898 122
leaf_count=137 84 1622 27 2813 457 306 83 214 167 484 30 72 320 193 18652 49 2857 8621 1967 170 232 463 408 27 614 4421 1351 327 1898 122
internal_value=4.85486e-05 -0.000381665 0.000502822 0.000496611 -0.00125673 -0.00146544 -0.00160605 -0.00128682 -0.000858513 -0.00102952 -0.000607143 -0.00202247 -0.00172201 0.000541909 -0.000234451 0.000577503 0.000572913 0.000500784 0.000687978 -0.00040625 8.3792e-05 -0.0006 -0.00157637 0.00113514 0.000583015 0.000554121 -0.000458123 -0.00257143 3.19718e-05 -0.000440678
internal_weight=49188 25263 23925 23898 3638 2387 2051 1161 1251 1084 336 890 777 21535 21625 18722 18673 11478 7195 384 2363 600 491 111 5228 5035 2973 399 2252 354
internal_count=49188 25263 23925 23898 3638 2387 2051 1161 1251 1084 336 890 777 21535 21625 18722 18673 11478 7195 384 2363 600 491 111 5228 5035 2973 399 2252 354
cat_boundaries=0 1 2 3 4 5
cat_threshold=2 2 2 2 2
is_linear=0
shrinkage=0.06


Tree=38
num_leaves=31
num_cat=5
split_feature=1 1 1 0 3 3 2 3 3 3 3 1 3 3 3 2 3 3 3 2 0 2 0 2 2 3 0 3 0 2
split_gain=2.42699 0.816592 0.224749 0.0729231 0.0659097 0.167692 0.0709923 0.0607827 0.0460592 0.108732 0.0567611 0.0460537 0.0540275 0.0425154 0.0404978 0.0375088 0.0366116 0.0868014 0.0443982 0.0326099 0.12149 0.0549693 0.0398461 0.0325985 0.0701225 0.032175 0.0285161 0.0273266 0.114862 0.164332
threshold=772.20001220703136 594.00000000000011 1179.3599853515627 0 18.500000000000004 19.500000000000004 3.4000000059604649 12.500000000000002 12.500000000000002 14.500000000000002 17.500000000000004 675.00000000000011 12.500000000000002 21.500000000000004 11.500000000000002 1.0000000180025095e-35 18.500000000000004 19.500000000000004 13.500000000000002 3.4000000059604649 1 1.0000000180025095e-35 2 1.0000000180025095e-35 3.4000000059604649 19.500000000000004 3 20.500000000000004 4 1.0000000180025095e-35
decision_type=2 2 2 1 2 2 2 2 2 2 2 2 2 2 2 2 2 2 2 2 1 2 1 2 2 2 1 2 1 2
left_child=1 3 7 8 6 -6 -5 -2 14 -10 -11 12 26 16 -1 25 18 -18 23 20 21 -20 -21 -9 -25 -13 -3 -19 -29 -30
right_child=2 11 -4 4 5 -7 -8 13 9 10 -12 15 -14 -15 -16 -17 17 27 19 22 -22 -23 -24 24 -26 -27 -28 28 29 -31
leaf_value=-1.0458179609608385 0.40153886564988339 -0.073727625005321901 7.1773051932414225 -0.58838088494154128 -0.7678314397739382 -0.23889062990949014 0.22985153515170736 0.69127378607355461 -1.0839065860868902 0.0086223192408851901 -0.56635318471839591 1.9085069066333733 -0.12655230119514149 2.8646734238962095 -0.10987534657947087 0.0031554443996960578 0.28780577840430055 0.40625369863331645 -0.3383542157126021 0.92773327265977734 3.1973182737176646 3.0654867269287478 0.98636781545829078 0.011800869843687924 0.6914925966693527 -0.5455200346870811 -0.36329775580360774 0.48209101503669671 -2.0608485489896715 1.2423482624076245
leaf_weight=137 2813 1622 27 1046 327 142 77 193 457 214 685 84 18652 49 553 2252 2857 5336 111 885 175 105 691 614 4421 27 1351 1857 42 1386
leaf_count=137 2813 1622 27 1046 327 142 77 193 457 214 685 84 18652 49 553 2252 2857 5336 111 885 175 105 691 614 4421 27 1351 1857 42 1386
internal_value=5.22081e-05 -0.000320133 0.000529265 -0.00115778 -0.00146231 -0.0020597 -0.00121282 0.000522406 -0.000920821 -0.00112389 -0.000740823 -0.000193096 -0.000220578 0.000561479 -0.000521739 5.84006e-05 0.000556847 0.00049033 0.000662961 0.000905948 0.00139642 0.000444445 0.000784264 0.000571538 0.000542205 0.00113514 -0.000458123 0.000585315 0.000721461 0.00112605
internal_weight=49188 27626 21562 3638 1592 469 1123 21535 2046 1356 899 23988 21625 18722 690 2363 18673 11478 7195 1967 391 216 1576 5228 5035 111 2973 8621 3285 1428
internal_count=49188 27626 21562 3638 1592 469 1123 21535 2046 1356 899 23988 21625 18722 690 2363 18673 11478 7195 1967 391 216 1576 5228 5035 111 2973 8621 3285 1428
cat_boundaries=0 1 2 3 4 5
cat_threshold=2 2 2 2 2
is_linear=0
shrinkage=0.06


Tree=39
num_leaves=31
num_cat=4
split_feature=1 1 1 0 3 3 3 2 3 1 3 3 3 3 3 2 0 3 3 0 2 2 3 0 3 2 3 2 2 2
split_gain=2.22949 0.77815 0.226581 0.070688 0.0744883 0.167692 0.0706779 0.0667434 0.0434468 0.0424624 0.0499747 0.0395389 0.121876 0.048226 0.0404978 0.0375088 0.0344493 0.032175 0.0303764 0.101772 0.160619 0.0652817 0.0609211 0.0445475 0.0871621 0.0437613 0.0348688 0.0320736 0.0479777 0.0319588
threshold=772.20001220703136 594.00000000000011 1179.3599853515627 0 18.500000000000004 19.500000000000004 12.500000000000002 3.4000000059604649 21.500000000000004 675.00000000000011 12.500000000000002 12.500000000000002 14.500000000000002 17.500000000000004 11.500000000000002 1.0000000180025095e-35 1 19.500000000000004 20.500000000000004 2 1.0000000180025095e-35 3.4000000059604649 18.500000000000004 3 19.500000000000004 3.4000000059604649 13.500000000000002 3.4000000059604649 1.0000000180025095e-35 3.4000000059604649
decision_type=2 2 2 1 2 2 2 2 2 2 2 2 2 2 2 2 1 2 2 1 2 2 2 1 2 2 2 2 2 2
left_child=1 3 6 11 7 -6 -2 -5 18 10 16 14 -13 -14 -1 17 -3 -11 22 -20 -21 -22 26 24 25 -24 27 28 -8 -26
right_child=2 9 -4 4 5 -7 8 -9 -10 15 -12 12 13 -15 -16 -17 -18 -19 19 20 21 -23 23 -25 29 -27 -28 -29 -30 -31
leaf_value=-0.98306888330318765 0.37744653371088943 -0.069303967505001077 6.746666881646938 -0.55307803184504789 -0.72176155338750159 -0.22455719211492237 0.6497973589091407 0.21606044304260649 2.6927930184624378 1.7939964922353715 -0.11895916312343265 -1.018872190921678 0.008104980086432078 -0.53237199363529053 -0.10328282578470173 0.0029661177357151935 -0.34149989045539086 -0.51278883260585761 0.45316555413449805 -1.9371976360502912 1.7077026192169273 1.0612731772746906 -0.69933972541826162 0.26767824649454153 1.2013052928436521 0.35426320930145949 0.94022333356168297 0.65000304086919003 0.011092817653066977 0.56263293851654228
leaf_weight=137 2813 1622 27 1046 327 142 193 77 49 84 18652 457 214 685 553 2252 1351 27 1857 42 92 1294 140 3642 365 1441 1967 4421 614 2605
leaf_count=137 2813 1622 27 1046 327 142 193 77 49 84 18652 457 214 685 553 2252 1351 27 1857 42 92 1294 140 3642 365 1441 1967 4421 614 2605
internal_value=4.97685e-05 -0.000307102 0.000507003 -0.00112479 -0.00142462 -0.0020597 0.000500116 -0.00115939 0.00054225 -0.000183091 -0.00020948 -0.000891495 -0.00107965 -0.000674082 -0.000521739 5.84006e-05 -0.000437941 0.00113514 0.000537568 0.000703197 0.00108403 0.00119481 0.00050221 0.000390333 0.000515491 0.000155598 0.000629604 0.000548585 0.000200744 0.000707071
internal_weight=49188 27626 21562 3638 1592 469 21535 1123 18722 23988 21625 2046 1356 899 690 2363 2973 111 18673 3285 1428 1386 15388 8193 4551 1581 7195 5228 807 2970
internal_count=49188 27626 21562 3638 1592 469 21535 1123 18722 23988 21625 2046 1356 899 690 2363 2973 111 18673 3285 1428 1386 15388 8193 4551 1581 7195 5228 807 2970
cat_boundaries=0 1 2 3 4
cat_threshold=2 2 2 2
is_linear=0
shrinkage=0.06


Tree=40
num_leaves=31
num_cat=4
split_feature=1 1 1 3 0 3 3 2 3 1 3 0 3 3 3 3 3 2 3 3 3 0 3 3 2 0 3 3 3 2
split_gain=1.99055 0.644069 0.0821222 0.0647079 0.0569947 0.0464741 0.108659 0.0609021 0.0451806 0.0347941 0.0499747 0.0344493 0.0340699 0.0806913 0.0336017 0.0279903 0.109152 0.049036 0.0737742 0.0404978 0.0244929 0.191304 0.0220595 0.0354618 0.0906624 0.0278047 0.0878492 0.192746 0.0580569 0.0598994
threshold=772.20001220703136 594.00000000000011 1179.3599853515627 12.500000000000002 0 17.500000000000004 19.500000000000004 3.4000000059604649 21.500000000000004 675.00000000000011 12.500000000000002 1 18.500000000000004 19.500000000000004 12.500000000000002 12.500000000000002 14.500000000000002 1.0000000180025095e-35 15.500000000000002 11.500000000000002 14.500000000000002 2 22.500000000000004 21.500000000000004 1.0000000180025095e-35 3 14.500000000000002 16.500000000000004 20.500000000000004 3.4000000059604649
decision_type=2 2 2 2 1 2 2 2 2 2 2 1 2 2 2 2 2 2 2 2 2 1 2 2 2 1 2 2 2 2
left_child=1 4 3 -2 15 7 -7 14 12 10 11 -3 20 -14 -6 19 -17 18 -18 -1 -5 -22 23 25 -25 28 -27 -28 29 -12
right_child=2 9 -4 8 5 6 -8 -9 -10 -11 22 -13 13 -15 -16 16 17 -19 -20 -21 21 -23 -24 24 -26 26 27 -29 -30 -31
leaf_value=-0.92408475030499626 0.35479974168823575 -0.065145729454701498 6.3418668687481246 0.56453332249420551 -0.66194124568294455 -0.6732047587345289 -0.21108376058802833 0.20309681646005173 2.5312254373546907 0.020069360216322527 -0.19966087688616085 -0.32100989702806715 0.25447673691037154 0.46269349391092873 -0.25346910661974265 -0.95773985946637707 0.25533132805549369 -1.0163200181241143 -0.65622960726294532 -0.097085856237621254 -0.096239031359618823 9.8401908558818754 -0.80515221474389798 0.35631788443115625 -0.34686828462533298 0.066748366944685805 -2.2194271437726445 -0.18865062035732308 0.15826312197025696 -1.0195022817347956
leaf_weight=137 2813 1622 27 7150 484 399 142 77 49 2363 8438 1351 2857 8621 490 457 159 116 624 553 23 22 75 496 52 3888 55 4219 1395 34
leaf_count=137 2813 1622 27 7150 484 399 142 77 49 2363 8438 1351 2857 8621 490 457 159 116 624 553 23 22 75 496 52 3888 55 4219 1395 34
internal_value=3.87902e-05 -0.000298414 0.000470829 0.000466682 -0.00104233 -0.00131156 -0.0017634 -0.00107897 0.000506997 -0.000185593 -0.00020948 -0.000437941 0.000502223 0.000438056 -0.00120739 -0.000832844 -0.00099115 -0.000607341 -0.000436781 -0.000521739 0.000604587 0.002 -0.000173064 -0.000168918 0.00030657 -0.000183371 -0.000101445 -0.00028919 -0.00025114 -0.000310198
internal_weight=49188 27626 21562 21535 3638 1592 541 1051 18722 23988 21625 2973 18673 11478 974 2046 1356 899 783 690 7195 45 18652 18577 548 18029 8162 4274 9867 8472
internal_count=49188 27626 21562 21535 3638 1592 541 1051 18722 23988 21625 2973 18673 11478 974 2046 1356 899 783 690 7195 45 18652 18577 548 18029 8162 4274 9867 8472
cat_boundaries=0 1 2 3 4
cat_threshold=2 2 2 2
is_linear=0
shrinkage=0.06


Tree=41
num_leaves=31
num_cat=5
split_feature=1 1 1 3 0 3 3 2 3 3 3 2 3 3 3 3 3 2 2 0 2 0 2 3 3 0 3 3 0 2
split_gain=1.74535 0.573266 0.0833708 0.0531786 0.0530816 0.0595122 0.121553 0.0547833 0.0466243 0.0333153 0.0854352 0.049036 0.0484832 0.0334078 0.0311799 0.0661495 0.0340214 0.0352787 0.0285633 0.0854799 0.0549693 0.033711 0.0277498 0.0619586 0.260294 0.0827957 0.0599557 0.0450605 0.0608993 0.0650932
threshold=772.20001220703136 594.00000000000011 1179.3599853515627 12.500000000000002 0 18.500000000000004 19.500000000000004 3.4000000059604649 21.500000000000004 12.500000000000002 14.500000000000002 1.0000000180025095e-35 11.500000000000002 15.500000000000002 18.500000000000004 19.500000000000004 13.500000000000002 3.4000000059604649 3.4000000059604649 1 1.0000000180025095e-35 2 3.4000000059604649 15.500000000000002 18.500000000000004 3 12.500000000000002 11.500000000000002 4 1.0000000180025095e-35
decision_type=2 2 2 2 1 2 2 2 2 2 2 2 2 2 2 2 2 2 2 1 2 1 2 2 2 1 2 2 1 2
left_child=1 4 3 -2 9 7 -7 -6 14 12 -11 13 -1 -12 16 -16 17 -5 19 20 -18 -20 26 -24 25 -25 27 -3 -29 -30
right_child=2 22 -4 8 5 6 -8 -9 -10 10 11 -13 -14 -15 15 -17 18 -19 21 -21 -22 -23 23 24 -26 -27 -28 28 29 -31
leaf_value=-0.86863966528669723 0.3335117571869422 -0.33042420618848156 5.9613548566232408 0.050413674736890957 -0.50468520353716029 -0.6380635746601786 -0.19841873495274512 0.19091100747244807 2.3793519111134094 -0.90027546789839563 0.24001144837216429 -0.95534081703666651 -0.09126070486336281 -0.61685583082716788 0.23920813269574978 0.43493188427627272 -0.40833836213319952 0.5771308590673907 0.78178387693683815 2.9151937779312536 2.7912721239496725 0.83690034716744321 0.32125279226200831 -0.062081481667165685 0.057091803592294821 -2.1585148127020872 -0.099611818534710558 -0.052320682396726853 -0.29366336528466719 -3.448709261440583
leaf_weight=137 2813 35 27 807 1046 327 142 77 49 457 159 116 553 624 2857 8621 111 4421 885 175 105 691 1333 31 626 35 18828 1703 1365 32
leaf_count=137 2813 35 27 807 1046 327 142 77 49 457 159 116 553 624 2857 8621 111 4421 885 175 105 691 1333 31 626 35 18828 1703 1365 32
internal_value=4.12298e-05 -0.000274524 0.000445784 0.000441607 -0.00097636 -0.00123618 -0.00180384 -0.000999109 0.000478154 -0.000774193 -0.000946902 -0.000607341 -0.000434782 -0.000436781 0.000473304 0.000411919 0.00057123 0.000491201 0.000783935 0.00124297 0.000444445 0.000670051 -0.000168084 4.44447e-05 -0.000416185 -0.004 -0.000187679 -0.000430622 -0.000406451 -0.000700071
internal_weight=49188 27626 21562 21535 3638 1592 469 1123 18722 2046 1356 899 690 783 18673 11478 7195 5228 1967 391 216 1576 23988 2025 692 66 21963 3135 3100 1397
internal_count=49188 27626 21562 21535 3638 1592 469 1123 18722 2046 1356 899 690 783 18673 11478 7195 5228 1967 391 216 1576 23988 2025 692 66 21963 3135 3100 1397
cat_boundaries=0 1 2 3 4 5
cat_threshold=2 2 2 2 2
is_linear=0
shrinkage=0.06


Tree=42
num_leaves=31
num_cat=6
split_feature=1 1 1 3 3 3 0 0 1 3 0 3 3 2 3 3 3 3 2 3 0 2 3 0 2 0 2 3 3 3
split_gain=1.49549 0.471868 0.0851909 0.0560313 0.0484198 0.0452972 0.0444336 0.0413137 0.0336081 0.0457612 0.0332142 0.026693 0.0558234 0.0547833 0.026464 0.0233208 0.0228053 0.182712 0.113897 0.246154 0.0827957 0.0321258 0.039142 0.0377849 0.0264692 0.03307 0.0245361 0.0229895 0.0227962 0.0484832
threshold=772.20001220703136 594.00000000000011 1179.3599853515627 12.500000000000002 21.500000000000004 11.500000000000002 0 1 675.00000000000011 12.500000000000002 2 19.500000000000004 18.500000000000004 3.4000000059604649 12.500000000000002 22.500000000000004 15.500000000000002 18.500000000000004 3.4000000059604649 16.500000000000004 3 3.4000000059604649 14.500000000000002 4 3.4000000059604649 5 1.0000000180025095e-35 13.500000000000002 12.500000000000002 11.500000000000002
decision_type=2 2 2 2 2 2 1 1 2 2 1 2 2 2 2 2 2 2 2 2 1 2 2 1 2 1 2 2 2 2
left_child=1 7 3 -2 -5 6 -3 28 9 10 -7 12 13 14 -9 -11 21 18 19 -18 -20 23 -23 27 25 26 -19 -10 29 -1
right_child=2 5 -4 4 -6 8 -8 11 16 15 -12 -13 -14 -15 -16 -17 17 24 20 -21 -22 22 -24 -25 -26 -27 -28 -29 -30 -31
leaf_value=-0.81652128536949475 0.31350105175572557 -0.62589321083575211 5.6036735652258489 0.42593793685794618 2.2365907964466043 -0.058097744743616883 0.095592159931659343 -0.59194365872973664 0.63242128560329203 -0.094486766256408034 -0.2841295012893022 -0.18651361085558163 -0.59977976018056778 0.17945634702410188 -0.26868835093489318 -0.75086637274718304 -0.70989145235218309 1.2798170062634604 -0.058356592767134993 0.68131181524983686 -2.0290039239399618 0.37723381533319256 0.58628768108916918 -0.85147502520651597 0.15146192302830824 1.6782569810304744 -0.10104928957151198 -0.026097504113956799 -0.68104804879685488 -0.085785062571560433
leaf_weight=137 2813 40 27 18673 49 1622 39 484 81 18577 1351 142 327 77 562 75 20 38 31 45 35 1204 33 89 551 60 44 53 1356 553
leaf_count=137 2813 40 27 18673 49 1622 39 484 81 18577 1351 142 327 77 562 75 20 38 31 45 35 1204 33 89 551 60 44 53 1356 553
internal_value=3.51307e-05 -0.000257149 0.00040961 0.000405387 0.000442902 -0.00016058 -0.00159494 -0.000893898 -0.000155841 -0.000178959 -0.000397578 -0.00112312 -0.0012 -0.000999109 -0.00111281 -0.000144113 6.30475e-05 -0.00018932 -0.00224427 -0.000461538 -0.004 0.00020548 0.00032498 -0.000457399 0.000199134 0.000929578 0.000146342 0.000179105 -0.000715542 -0.000434782
internal_weight=49188 27626 21562 21535 18722 23988 79 3638 23909 21625 2973 1592 1450 1123 1046 18652 2284 824 131 65 66 1460 1237 223 693 142 82 134 2046 690
internal_count=49188 27626 21562 21535 18722 23988 79 3638 23909 21625 2973 1592 1450 1123 1046 18652 2284 824 131 65 66 1460 1237 223 693 142 82 134 2046 690
cat_boundaries=0 1 2 3 4 5 6
cat_threshold=2 2 2 2 2 2
is_linear=0
shrinkage=0.06


Tree=43
num_leaves=31
num_cat=4
split_feature=1 1 1 3 3 0 3 2 3 3 3 2 0 3 3 3 2 3 3 3 2 3 0 2 0 2 2 3 3 2
split_gain=1.23182 0.394917 0.0868884 0.0521181 0.040329 0.0310187 0.0292159 0.0897724 0.0520769 0.0387892 0.0356428 0.22656 0.100254 0.0253496 0.0374003 0.0389628 0.0548861 0.0643001 0.0238322 0.0301378 0.0906624 0.0215213 0.0788122 0.142687 0.066669 0.0336407 0.0283125 0.0251724 0.0942923 0.0678934
threshold=772.20001220703136 594.00000000000011 1179.3599853515627 21.500000000000004 12.500000000000002 0 13.500000000000002 3.4000000059604649 11.500000000000002 17.500000000000004 18.500000000000004 3.4000000059604649 1 11.500000000000002 12.500000000000002 14.500000000000002 1.0000000180025095e-35 15.500000000000002 22.500000000000004 21.500000000000004 1.0000000180025095e-35 20.500000000000004 2 1.0000000180025095e-35 3 3.4000000059604649 3.4000000059604649 14.500000000000002 19.500000000000004 3.4000000059604649
decision_type=2 2 2 2 2 1 2 2 2 2 2 2 1 2 2 2 2 2 2 2 2 2 1 2 1 2 2 2 2 2
left_child=1 5 3 4 -2 13 7 8 -3 -8 11 -11 -13 -1 -15 -16 17 -17 19 -12 -21 24 26 -24 27 -25 -23 29 -29 -6
right_child=2 6 -4 -5 21 -7 9 -9 -10 10 18 12 -14 14 15 16 -18 -19 -20 20 -22 22 23 25 -26 -27 -28 28 -30 -31
leaf_value=-0.76753000824732454 0.29469098865038207 -0.31633428341307196 5.2674531513122949 2.1023953486598055 0.046954906816541318 -0.43383950534774041 0.06416646160210529 0.65677148640187677 -0.14687640754899994 0.50184025582810776 -0.11140486057854714 -0.027383335363316517 -3.7948725375856132 -0.080637958817265973 -0.80539605689668059 0.26647364439764598 -0.8571574850866559 -0.5389815980497269 -0.70581439038235294 0.34658472645275196 -0.31441027246034764 -0.049501005440439436 -1.9003795767899838 1.5258266631612059 0.26254955771152255 0.91818298773550389 0.51627956759218252 0.068622553817077686 0.47567600638034491 0.67579866758229834
leaf_weight=137 2813 35 27 49 643 1592 3690 435 9145 43 9970 24 23 553 457 159 116 624 75 496 52 177 42 92 6853 1294 1680 1604 2970 3318
leaf_count=137 2813 35 27 49 643 1592 3690 435 9145 43 9970 24 23 553 457 159 116 624 75 496 52 177 42 92 6853 1294 1680 1604 2970 3318
internal_value=3.63506e-05 -0.000228915 0.000376218 0.000371953 0.000367495 -0.000811435 -0.00014057 -0.000221529 -0.000261438 -8.64118e-05 -0.000144341 -0.00133333 -0.00421277 -0.000656891 -0.000600314 -0.000769911 -0.0005406 -0.000360153 -0.000134239 -0.00012664 0.00030657 0.0003994 0.000538813 0.00087395 0.000369639 0.000978355 0.000281099 0.000481547 0.000385658 0.000592275
internal_weight=49188 27626 21562 21535 21486 3638 23988 9615 9180 14373 10683 90 47 2046 1909 1356 899 783 10593 10518 548 18673 3285 1428 15388 1386 1857 8535 4574 3961
internal_count=49188 27626 21562 21535 21486 3638 23988 9615 9180 14373 10683 90 47 2046 1909 1356 899 783 10593 10518 548 18673 3285 1428 15388 1386 1857 8535 4574 3961
cat_boundaries=0 1 2 3 4
cat_threshold=2 2 2 2
is_linear=0
shrinkage=0.06


Tree=44
num_leaves=31
num_cat=6
split_feature=1 1 1 3 3 0 0 3 1 2 3 3 3 3 0 3 2 0 0 3 3 2 3 2 3 3 3 0 3 3
split_gain=1.07702 0.362659 0.0884592 0.0537654 0.0468908 0.0444336 0.0421771 0.0368329 0.0339697 0.0354462 0.032175 0.0320803 0.029687 0.0663916 0.0330758 0.198552 0.057824 0.0252157 0.0251904 0.0384703 0.0700124 0.0675 0.14029 0.0509453 0.0625 0.0281109 0.0271959 0.0245178 0.0483278 0.0241812
threshold=772.20001220703136 594.00000000000011 1179.3599853515627 21.500000000000004 11.500000000000002 0 1 12.500000000000002 675.00000000000011 1.0000000180025095e-35 19.500000000000004 12.500000000000002 18.500000000000004 19.500000000000004 2 14.500000000000002 3.4000000059604649 3 4 14.500000000000002 18.500000000000004 3.4000000059604649 17.500000000000004 3.4000000059604649 13.500000000000002 13.500000000000002 19.500000000000004 5 18.500000000000004 22.500000000000004
decision_type=2 2 2 2 2 1 1 2 2 2 2 2 2 2 1 2 2 1 1 2 2 2 2 2 2 2 2 1 2 2
left_child=1 6 3 7 5 -3 -1 -2 11 10 27 17 14 -14 16 -16 -9 -6 26 23 21 -21 -23 24 -20 -25 -11 28 -10 -13
right_child=2 4 -4 -5 8 -7 -8 12 9 18 -12 29 13 -15 15 -17 -18 -19 19 20 -22 22 -24 25 -26 -27 -28 -29 -30 -31
leaf_value=-0.45292868568475281 0.27700952933136053 -0.56935956118082343 4.9514059622335544 1.9762516277402176 -0.045799295606060469 0.10883668734054594 -0.40780913502687555 0.093127039623436367 0.26819529561972066 0.45199472478207892 -0.54735368389149808 -0.08213326864631075 0.18354639505983641 0.35473912926931933 0.40814641333497553 9.1457863695380706 0.61882698471963438 -0.25826914675900409 -3.1818856197888192 0.15124342468085594 -0.14873533288816154 2.1312339346055507 -3.5671801853304772 2.0796868418862902 0.13596608392895518 0.050689995252420204 0.025747280396035917 3.0546697416884601 1.9911623148655997 -0.66346552695941319
leaf_weight=2046 2813 40 27 49 1622 39 1592 657 26 1191 27 18577 2857 8621 3189 22 3327 1351 32 30 279 27 23 166 32 370 23 38 20 75
leaf_count=2046 2813 40 27 49 1622 39 1592 657 26 1191 27 18577 2857 8621 3189 22 3327 1351 32 30 279 27 23 166 32 370 23 38 20 75
internal_value=2.78119e-05 -0.000220227 0.000345608 0.000341305 -0.000135568 -0.00159494 -0.000778449 0.000336778 -0.000130746 8.93172e-05 0.00113514 -0.000153988 0.000367268 0.000307371 0.000462822 0.000319527 0.000578313 -0.000337033 3.58953e-05 -0.000193952 -0.000685237 -0.00225 -0.0036 0.0001 -0.0015 0.000291045 0.000217463 0.00171429 0.000782609 -0.000124812
internal_weight=49188 27626 21562 21535 23988 79 3638 21486 23909 2284 111 21625 18673 11478 7195 3211 3984 2973 2173 959 359 80 50 600 64 536 1214 84 46 18652
internal_count=49188 27626 21562 21535 23988 79 3638 21486 23909 2284 111 21625 18673 11478 7195 3211 3984 2973 2173 959 359 80 50 600 64 536 1214 84 46 18652
cat_boundaries=0 1 2 3 4 5 6
cat_threshold=2 2 2 2 2 2
is_linear=0
shrinkage=0.06


Tree=45
num_leaves=31
num_cat=4
split_feature=1 1 1 3 0 0 3 2 2 3 3 3 3 3 2 3 3 3 3 3 0 2 0 3 2 3 3 3 3 2
split_gain=0.976893 0.297135 0.0891778 0.0545226 0.053107 0.0346634 0.121587 0.132438 0.0447035 0.0548625 0.0754121 0.0480208 0.0352058 0.0301095 0.0257278 0.0571222 0.0475556 0.15454 0.0406679 0.0337567 0.0414343 0.0715151 0.0295489 0.02761 0.025829 0.0211106 0.0199279 0.0179873 0.0652678 0.0300334
threshold=772.20001220703136 594.00000000000011 1179.3599853515627 21.500000000000004 0 1 20.500000000000004 1.0000000180025095e-35 3.4000000059604649 19.500000000000004 20.500000000000004 14.500000000000002 12.500000000000002 19.500000000000004 3.4000000059604649 11.500000000000002 15.500000000000002 18.500000000000004 14.500000000000002 12.500000000000002 2 1.0000000180025095e-35 3 13.500000000000002 1.0000000180025095e-35 18.500000000000004 20.500000000000004 12.500000000000002 14.500000000000002 1.0000000180025095e-35
decision_type=2 2 2 2 1 1 2 2 2 2 2 2 2 2 2 2 2 2 2 2 1 2 1 2 2 2 2 2 2 2
left_child=1 4 3 5 27 8 -7 -8 9 25 -11 12 -10 -13 15 -3 18 22 23 20 24 -22 -18 -16 -17 -2 -19 -1 -29 -30
right_child=2 14 -4 -5 -6 6 7 -9 11 10 -12 13 -14 -15 16 19 17 26 -20 -21 21 -23 -24 -25 -26 -27 -28 28 29 -31
leaf_value=-0.23094956387906448 -0.027863962937775138 -0.30388442764872026 4.6543216044995388 1.857676530075804 -0.38334058692526352 0.21054858938742624 -1.8076411499387437 0.92714422355929205 0.47750893013533641 0.99998826823134168 -0.067815292870171739 0.18311813477870714 0.59812112844418586 0.41026603642290865 0.59848131994486964 -0.043051337588281058 -0.080331880566232028 0.16789875529875731 0.52014074904076779 -0.077406036972394551 -0.2346870600317493 -2.9909724826014892 -1.8096088083639559 0.081904540102450477 0.57616890930836118 -0.72768684721362653 -2.2527444461727564 -0.72989657234179617 -0.11182702137219344 -0.77855231484037202
leaf_weight=690 861 35 27 49 1592 8099 42 1386 1363 365 177 1450 3318 4285 435 1642 31 585 33 18828 1365 32 35 865 61 140 41 457 783 116
leaf_count=690 861 35 27 49 1592 8099 42 1386 1363 365 177 1450 3318 4285 435 1642 31 585 33 18828 1365 32 35 865 61 140 41 457 783 116
internal_value=2.90317e-05 -0.000207196 0.000331695 0.000327374 -0.000712479 0.000322815 0.000237431 0.000747899 0.000390836 8.94364e-05 0.000575646 0.000435484 0.000578082 0.000319094 -0.000130565 -0.000149433 7.40743e-05 -0.00032948 0.000283571 -0.000145567 -0.000329032 -0.000571224 -0.00309091 0.000230769 -0.000130358 -0.000173826 -3.83384e-05 -0.000510264 -0.000637168 -0.000340378
internal_weight=49188 27626 21562 21535 3638 21486 9527 1428 11959 1543 542 10416 4681 5735 23988 21963 2025 692 1333 21928 3100 1397 66 1300 1703 1001 626 2046 1356 899
internal_count=49188 27626 21562 21535 3638 21486 9527 1428 11959 1543 542 10416 4681 5735 23988 21963 2025 692 1333 21928 3100 1397 66 1300 1703 1001 626 2046 1356 899
cat_boundaries=0 1 2 3 4
cat_threshold=2 2 2 2
is_linear=0
shrinkage=0.06


Tree=46
num_leaves=31
num_cat=6
split_feature=1 1 1 3 3 0 0 0 3 2 2 3 3 3 2 3 3 1 3 0 3 3 3 2 3 2 3 0 0 2
split_gain=0.85635 0.266819 0.0906238 0.0560529 0.0473742 0.0444336 0.0371945 0.0277182 0.0925363 0.125817 0.0348925 0.0548625 0.0754121 0.049288 0.0275395 0.0434165 0.0254494 0.0243365 0.0289754 0.0308117 0.0246172 0.0228053 0.110342 0.0628908 0.246154 0.0321258 0.039142 0.0377849 0.0295489 0.0282022
threshold=772.20001220703136 594.00000000000011 1179.3599853515627 21.500000000000004 11.500000000000002 0 1 2 20.500000000000004 1.0000000180025095e-35 3.4000000059604649 19.500000000000004 20.500000000000004 14.500000000000002 3.4000000059604649 12.500000000000002 12.500000000000002 675.00000000000011 12.500000000000002 3 22.500000000000004 15.500000000000002 18.500000000000004 3.4000000059604649 16.500000000000004 3.4000000059604649 14.500000000000002 4 5 1.0000000180025095e-35
decision_type=2 2 2 2 2 1 1 1 2 2 2 2 2 2 2 2 2 2 2 1 2 2 2 2 2 2 2 1 1 2
left_child=1 6 3 7 5 -3 -1 10 -9 -10 11 -2 -13 16 15 -8 -12 18 19 -6 -20 25 23 24 -23 27 -27 -19 -25 -24
right_child=2 4 -4 -5 17 -7 14 8 9 -11 13 12 -14 -15 -16 -17 -18 21 20 -21 -22 22 29 28 -26 26 -28 -29 -30 -31
leaf_value=-0.40230476054740277 -0.13991989997244361 -0.5169649218510517 4.3750623082295688 1.7462159382712581 -0.040468257614400045 0.12053955175903525 -0.48292768556795862 0.19791567402418322 -1.6991826809424206 0.87151557014573688 0.44885839432721919 0.93998897213745813 -0.063746375297963551 0.3181859603484804 -0.00038961828979495295 -0.25875406086730651 0.56223386073753534 0.23996226309590837 -0.072560910309189139 -0.22869177435155733 -0.61901323312350742 -0.68369810468876702 1.6890519244779238 -0.075511967732257976 0.59867441533709598 0.33557059830128455 0.488932304098322 -0.49869526260048724 -1.7010322798621174 0.10342573073073884
leaf_weight=2046 1001 40 27 49 1622 39 484 8099 42 1386 1363 365 177 5735 138 970 3318 134 18577 1351 75 20 64 31 45 1204 33 89 35 629
leaf_count=2046 1001 40 27 49 1622 39 484 8099 42 1386 1363 365 177 5735 138 970 3318 134 18577 1351 75 20 64 31 45 1204 33 89 35 629
internal_value=2.0493e-05 -0.00020068 0.000303868 0.000299513 -0.000128064 -0.00159494 -0.000679494 0.00029489 0.000218537 0.000663866 0.000355716 8.94364e-05 0.000575646 0.000395162 -0.000896985 -0.000973865 0.000539628 -0.000123217 -0.00014289 -0.000316851 -0.000115162 6.30475e-05 -0.00018932 -0.00178626 -0.000461538 0.00020548 0.00032498 -0.000457399 -0.00309091 0.000112554
internal_weight=49188 27626 21562 21535 23988 79 3638 21486 9527 1428 11959 1543 542 10416 1592 1454 4681 23909 21625 2973 18652 2284 824 131 65 1460 1237 223 66 693
internal_count=49188 27626 21562 21535 23988 79 3638 21486 9527 1428 11959 1543 542 10416 1592 1454 4681 23909 21625 2973 18652 2284 824 131 65 1460 1237 223 66 693
cat_boundaries=0 1 2 3 4 5 6
cat_threshold=2 2 2 2 2 2
is_linear=0
shrinkage=0.06


end of trees

feature_importances:
hour=709
rain=302
platform=232
eta_pred_s=167

parameters:
[boosting: gbdt]
[objective: quantile]
[metric: quantile]
[tree_learner: serial]
[device_type: cpu]
[data_sample_strategy: bagging]
[data: ]
[valid: ]
[num_iterations: 400]
[learning_rate: 0.06]
[num_leaves: 31]
[num_threads: 4]
[seed: 0]
[deterministic: 0]
[force_col_wise: 0]
[force_row_wise: 0]
[histogram_pool_size: -1]
[max_depth: -1]
[min_data_in_leaf: 20]
[min_sum_hessian_in_leaf: 0.001]
[bagging_fraction: 1]
[pos_bagging_fraction: 1]
[neg_bagging_fraction: 1]
[bagging_freq: 0]
[bagging_seed: 7719]
[bagging_by_query: 0]
[feature_fraction: 1]
[feature_fraction_bynode: 1]
[feature_fraction_seed: 2437]
[extra_trees: 0]
[extra_seed: 11797]
[early_stopping_round: 0]
[early_stopping_min_delta: 0]
[first_metric_only: 0]
[max_delta_step: 0]
[lambda_l1: 0]
[lambda_l2: 0]
[linear_lambda: 0]
[min_gain_to_split: 0]
[drop_rate: 0.1]
[max_drop: 50]
[skip_drop: 0.5]
[xgboost_dart_mode: 0]
[uniform_drop: 0]
[drop_seed: 21238]
[top_rate: 0.2]
[other_rate: 0.1]
[min_data_per_group: 100]
[max_cat_threshold: 32]
[cat_l2: 10]
[cat_smooth: 10]
[max_cat_to_onehot: 4]
[top_k: 20]
[monotone_constraints: ]
[monotone_constraints_method: basic]
[monotone_penalty: 0]
[feature_contri: ]
[forcedsplits_filename: ]
[refit_decay_rate: 0.9]
[cegb_tradeoff: 1]
[cegb_penalty_split: 0]
[cegb_penalty_feature_lazy: ]
[cegb_penalty_feature_coupled: ]
[path_smooth: 0]
[interaction_constraints: ]
[verbosity: -1]
[saved_feature_importance_type: 0]
[use_quantized_grad: 0]
[num_grad_quant_bins: 4]
[quant_train_renew_leaf: 0]
[stochastic_rounding: 1]
[linear_tree: 0]
[max_bin: 255]
[max_bin_by_feature: ]
[min_data_in_bin: 3]
[bin_construct_sample_cnt: 200000]
[data_random_seed: 38]
[is_enable_sparse: 1]
[enable_bundle: 1]
[use_missing: 1]
[zero_as_missing: 0]
[feature_pre_filter: 1]
[pre_partition: 0]
[two_round: 0]
[header: 0]
[label_column: ]
[weight_column: ]
[group_column: ]
[ignore_column: ]
[categorical_feature: 0]
[forcedbins_filename: ]
[precise_float_parser: 0]
[parser_config_file: ]
[objective_seed: 8855]
[num_class: 1]
[is_unbalance: 0]
[scale_pos_weight: 1]
[sigmoid: 1]
[boost_from_average: 1]
[reg_sqrt: 0]
[alpha: 0.1]
[fair_c: 1]
[poisson_max_delta_step: 0.7]
[tweedie_variance_power: 1.5]
[lambdarank_truncation_level: 30]
[lambdarank_norm: 1]
[label_gain: ]
[lambdarank_position_bias_regularization: 0]
[eval_at: ]
[multi_error_top_k: 1]
[auc_mu_weights: ]
[num_machines: 1]
[local_listen_port: 12400]
[time_out: 120]
[machine_list_filename: ]
[machines: ]
[gpu_platform_id: -1]
[gpu_device_id: -1]
[gpu_device_id_list: ]
[gpu_use_dp: 0]
[num_gpu: 1]

end of parameters

pandas_categorical:null
