tree
version=v4
num_class=1
num_tree_per_iteration=1
label_index=0
max_feature_idx=3
objective=quantile
feature_names=platform eta_pred_s rain hour
feature_infos=-1:1:0 [540:1516.3199462890625] [0:6] [0:23]
tree_sizes=2693 2830 2838 2805 2803 2843 2869 2870 2843 2810 2836 2877 2833 2879 2879 2846 2873 2881 2871 2836 2855 2830 2903 2894 2846 2840 2864 2868 2842 2838 2830 2794 2810 2823 2830 2803 2831 2799 2870 2807 2799 2855 2832 2807 2803 2866 2790

Tree=0
num_leaves=31
num_cat=5
split_feature=1 1 1 3 3 3 3 3 3 3 3 3 3 3 1 3 3 0 2 0 0 3 3 3 3 3 3 0 0 2
split_gain=1421.47 125.098 18.1188 8.40434 5.73153 4.34325 2.87175 3.28725 3.95711 2.60977 1.85566 4.0477 2.16261 1.74984 1.5925 1.12631 0.856714 1.00407 0.736201 0.685729 0.682408 0.646289 0.759162 1.76257 0.712791 0.563645 0.808748 0.645237 0.525038 0.591073
threshold=772.20001220703136 594.00000000000011 675.00000000000011 20.500000000000004 12.500000000000002 20.500000000000004 12.500000000000002 15.500000000000002 19.500000000000004 11.500000000000002 17.500000000000004 13.500000000000002 19.500000000000004 13.500000000000002 1179.3599853515627 11.500000000000002 22.500000000000004 0 3.4000000059604649 1 2 13.500000000000002 18.500000000000004 17.500000000000004 14.500000000000002 19.500000000000004 12.500000000000002 3 4 3.4000000059604649
decision_type=2 2 2 2 2 2 2 2 2 2 2 2 2 2 2 2 2 1 2 1 1 2 2 2 2 2 2 1 1 2
left_child=1 9 3 4 -3 6 18 13 -9 -1 11 -6 -12 -8 -7 20 -5 -18 -2 -10 -4 28 23 24 -23 26 -11 -28 29 -17
right_child=5 2 15 16 10 14 7 8 19 25 12 -13 -14 -15 -16 21 17 -19 -20 -21 -22 22 -24 -25 -26 -27 27 -29 -30 -31
leaf_value=673.4649609375 692.81961914062504 681.14475585937498 682.55201843261716 683.84507263183593 682.40608886718746 695.11805786132811 694.3803662109375 691.95043762207035 694.32706970214849 676.65890991210938 681.41848022460943 683.72439514160158 682.53618530273434 696.08248535156247 740.67093017578122 683.96746582031255 682.87051757812503 692.73563232421873 691.61156799316404 694.05284545898439 684.67325683593754 685.06268920898435 686.27598266601558 679.43572998046875 688.07429260253912 675.76812469482422 676.03727691650386 676.44514526367186 688.22286804199223 686.63800048828125
leaf_weight=253 399 2973 40 3108 6083 3334 5228 2870 2972 998 2139 2668 4579 1954 21 81 41 34 2414 2370 39 920 693 89 102 336 1162 889 212 187
leaf_count=253 399 2973 40 3108 6083 3334 5228 2870 2972 998 2139 2668 4579 1954 21 81 41 34 2414 2370 39 920 693 89 102 336 1162 889 212 187
internal_value=686.848 686.839 686.841 686.84 686.84 686.86 686.859 686.86 686.859 686.829 686.84 686.841 686.839 686.86 686.862 686.846 686.843 686.849 686.857 686.86 686.839 686.846 686.845 686.844 686.845 686.829 686.829 686.828 686.848 686.846
internal_weight=49188 27626 23988 21625 18442 21562 18207 15394 8212 3638 15469 8751 6718 7182 3355 2363 3183 75 2813 5342 79 2284 1804 1111 1022 3385 3049 2051 480 268
internal_count=49188 27626 23988 21625 18442 21562 18207 15394 8212 3638 15469 8751 6718 7182 3355 2363 3183 75 2813 5342 79 2284 1804 1111 1022 3385 3049 2051 480 268
cat_boundaries=0 1 2 3 4 5
cat_threshold=2 2 2 2 2
is_linear=0
shrinkage=1


Tree=1
num_leaves=31
num_cat=4
split_feature=1 1 1 3 3 3 3 3 3 3 1 3 3 3 3 3 3 0 3 0 3 0 3 3 3 3 0 2 2 2
split_gain=1262.52 114.291 16.9836 7.98519 4.98337 3.75468 3.27125 2.17793 2.88973 3.05119 1.75919 1.72692 3.21888 1.90875 1.49159 0.92509 0.897154 0.877423 0.762606 1.00407 0.758047 0.635502 0.514913 0.594358 1.11944 0.644178 0.525038 0.591073 0.482669 0.410776
threshold=772.20001220703136 594.00000000000011 675.00000000000011 20.500000000000004 12.500000000000002 20.500000000000004 11.500000000000002 12.500000000000002 18.500000000000004 19.500000000000004 1179.3599853515627 17.500000000000004 13.500000000000002 19.500000000000004 13.500000000000002 12.500000000000002 19.500000000000004 0 22.500000000000004 1 11.500000000000002 2 13.500000000000002 18.500000000000004 17.500000000000004 14.500000000000002 3 3.4000000059604649 3.4000000059604649 3.4000000059604649
decision_type=2 2 2 2 2 2 2 2 2 2 2 2 2 2 2 2 2 1 2 1 2 1 2 2 2 2 1 2 2 2
left_child=1 6 3 4 -3 7 -1 28 14 -10 29 12 -6 -13 -9 -8 21 -11 -5 -20 -4 -17 26 24 25 -24 27 -22 -2 -7
right_child=5 2 20 18 11 10 15 8 9 17 -12 13 -14 -15 -16 16 -18 -19 19 -21 22 -23 23 -25 -26 -27 -28 -29 -30 -31
leaf_value=-12.580077832031249 5.613300878906248 -5.3610706054687487 -3.8220676391601547 -2.8227728393554683 -4.175417578124998 9.9248464599609374 -9.5777657958984381 7.0804031250000001 4.7386524536132786 7.0303044067382778 50.593533251953126 -5.1037697021484405 -2.9362096801757818 -4.0531269287109355 8.7084029296875016 -10.162100811767575 -10.415103900146484 6.7725336181640614 -3.738854589843752 5.5343532714843757 -2.707723242187503 -9.7787045654296865 -1.678213256835936 -0.53771740722655981 -6.9675549316406249 1.1526939331054655 1.2923548461914038 -0.197420654296875 4.4777328002929693 7.4929055419921884
leaf_weight=253 399 2973 79 3108 6083 349 998 5228 2857 2972 21 2139 2668 4579 1967 1162 336 2370 41 34 81 889 920 693 89 102 212 187 2414 2985
leaf_count=253 399 2973 79 3108 6083 349 998 5228 2857 2972 21 2139 2668 4579 1967 1162 336 2370 41 34 81 889 920 693 89 102 212 187 2414 2985
internal_value=-3.65943e-05 -0.00852892 -0.00702601 -0.00755376 -0.00803275 0.0108441 -0.0184387 0.0105042 0.0107847 0.0100146 0.0126885 -0.00760036 -0.00704491 -0.00832391 0.0116623 -0.0179468 -0.0185882 0.0108611 -0.00477851 0.0012 -0.00219636 -0.019059 -0.0019965 -0.0024612 -0.00332133 -0.0027593 -0.00025 -0.00201493 0.00896907 0.0125795
internal_weight=49188 27626 23988 21625 18442 21562 3638 18207 15394 8199 3355 15469 8751 6718 7195 3385 2387 5342 3183 75 2363 2051 2284 1804 1111 1022 480 268 2813 3334
internal_count=49188 27626 23988 21625 18442 21562 3638 18207 15394 8199 3355 15469 8751 6718 7195 3385 2387 5342 3183 75 2363 2051 2284 1804 1111 1022 480 268 2813 3334
cat_boundaries=0 1 2 3 4
cat_threshold=2 2 2 2
is_linear=0
shrinkage=0.06


Tree=2
num_leaves=31
num_cat=4
split_feature=1 1 1 3 3 1 3 3 3 3 3 3 3 3 3 3 3 3 0 0 3 0 3 2 2 3 3 3 3 0
split_gain=1126.37 110.645 15.5585 7.66715 4.71217 2.94278 2.70916 2.59981 1.84861 2.58305 2.44625 1.65128 2.69262 1.83139 1.4368 0.874337 0.844292 0.984175 0.813132 0.8044 0.619098 0.618881 0.503869 0.455299 0.428868 0.412192 0.544044 0.776631 0.594997 0.525038
threshold=772.20001220703136 594.00000000000011 675.00000000000011 20.500000000000004 12.500000000000002 1179.3599853515627 11.500000000000002 12.500000000000002 20.500000000000004 18.500000000000004 19.500000000000004 17.500000000000004 13.500000000000002 19.500000000000004 13.500000000000002 22.500000000000004 12.500000000000002 19.500000000000004 0 1 11.500000000000002 2 21.500000000000004 3.4000000059604649 3.4000000059604649 13.500000000000002 18.500000000000004 17.500000000000004 14.500000000000002 3
decision_type=2 2 2 2 2 2 2 2 2 2 2 2 2 2 2 2 2 2 1 1 2 1 2 2 2 2 2 2 2 1
left_child=1 6 3 4 -3 7 -1 24 9 14 -11 12 -6 -13 -9 -5 -8 21 -12 -17 -4 -18 -10 -15 -2 29 27 28 -27 -22
right_child=5 2 20 15 11 -7 16 8 22 10 18 13 -14 23 -16 19 17 -19 -20 -21 25 -23 -24 -25 -26 26 -28 -29 -30 -31
leaf_value=-11.825273162109372 5.2765028261718747 -5.0394063691406243 -3.5927435808105428 -2.6534064689941395 -3.9248925234374972 35.470894889648442 -9.0030998481445295 6.6555789375000014 7.2053539145507823 4.454333306396479 6.5941910983886665 -4.7975435200195307 -2.7600370993652334 -3.8086063051757764 8.1858987539062511 -3.5145233144531267 -9.5523747630615201 -9.7901976661376935 6.330684774902342 5.2022920751953121 -1.2927372802734407 -9.1919822915039031 15.552751668457033 -5.4491232729492136 4.2090688322753911 -1.5775204614257767 -0.5054543627929684 -6.5495016357421871 1.0835322971191408 1.2148135554199189
leaf_weight=253 399 2973 79 3108 6083 27 998 5228 3285 2857 2970 2139 2668 4545 1967 41 1162 336 2366 34 268 889 49 34 2414 920 693 89 102 212
leaf_count=253 399 2973 79 3108 6083 27 998 5228 3285 2857 2970 2139 2668 4545 1967 41 1162 336 2366 34 268 889 49 34 2414 920 693 89 102 212
internal_value=-7.31886e-05 -0.00809455 -0.00661581 -0.00712092 -0.00759028 0.0102041 -0.017845 0.0101792 0.0104348 0.0101573 0.00942878 -0.00716982 -0.00662667 -0.00787734 0.0109868 -0.00440151 -0.0173973 -0.0180101 0.0101874 0.002 -0.00199323 -0.0185032 0.0117157 -0.00720026 0.00847849 -0.00181261 -0.00222838 -0.00305131 -0.00258317 -0.00025
internal_weight=49188 27626 23988 21625 18442 21562 3638 21535 18722 15388 8193 15469 8751 6718 7195 3183 3385 2387 5336 75 2363 2051 3334 4579 2813 2284 1804 1111 1022 480
internal_count=49188 27626 23988 21625 18442 21562 3638 21535 18722 15388 8193 15469 8751 6718 7195 3183 3385 2387 5336 75 2363 2051 3334 4579 2813 2284 1804 1111 1022 480
cat_boundaries=0 1 2 3 4
cat_threshold=2 2 2 2
is_linear=0
shrinkage=0.06


Tree=3
num_leaves=31
num_cat=6
split_feature=1 1 1 3 3 1 3 3 3 3 3 3 3 3 3 3 3 0 3 0 3 0 2 2 2 3 0 0 2 0
split_gain=997.004 101.022 13.726 6.81469 4.63018 3.12675 2.67172 2.46122 2.03298 2.10594 1.80956 1.42716 2.24266 1.78119 1.29411 0.774028 0.645196 0.605257 0.60358 0.593027 0.522923 0.512253 0.506696 0.612494 0.455019 0.412248 0.378626 0.37229 0.88894 0.333179
threshold=772.20001220703136 594.00000000000011 675.00000000000011 20.500000000000004 12.500000000000002 1179.3599853515627 11.500000000000002 20.500000000000004 17.500000000000004 13.500000000000002 19.500000000000004 12.500000000000002 18.500000000000004 19.500000000000004 13.500000000000002 12.500000000000002 19.500000000000004 0 22.500000000000004 1 14.500000000000002 2 3.4000000059604649 1.0000000180025095e-35 3.4000000059604649 21.500000000000004 3 4 3.4000000059604649 5
decision_type=2 2 2 2 2 2 2 2 2 2 2 2 2 2 2 2 2 1 2 1 2 1 2 2 2 2 1 1 2 1
left_child=1 6 3 4 -3 7 -1 11 9 -6 -10 26 14 -14 -13 27 -17 -15 -5 -20 -16 -22 23 -12 29 -9 -2 -8 -29 -4
right_child=5 2 24 18 8 -7 15 25 10 -11 22 12 13 17 20 16 -18 -19 19 -21 21 -23 -24 -25 -26 -27 -28 28 -30 -31
leaf_value=-11.115756772382808 4.4734662306591781 -4.7370419869921898 -2.3090566196044935 -2.4942020808544907 -3.6893989720312468 33.342641196269533 -7.9106201560839828 6.7730326796777378 -4.5096909088183583 -2.5944348734033178 -3.5912300635839802 6.256244201250003 4.187073308012689 6.1985396324853443 7.6079033980078128 -8.8207087153417927 -9.2027858061694303 5.9508436884082014 -3.3036519155859421 4.8901545506835964 5.6952897627539025 11.148742881650389 -5.1221758765722596 -0.81300740733398014 -0.76705175624999578 14.619586568349609 3.4414050734326156 -9.2911456687792953 -7.1954321678027329 -0.64975766147460257
leaf_weight=253 1567 2973 268 3108 6083 27 553 3285 2139 2668 4481 5228 2857 2970 1922 2051 336 2366 41 34 23 22 34 64 1898 49 1246 368 77 197
leaf_count=253 1567 2973 268 3108 6083 27 553 3285 2139 2668 4481 5228 2857 2970 1922 2051 336 2366 41 34 23 22 34 64 1898 49 1246 368 77 197
internal_value=-7.44084e-05 -0.00762108 -0.0062081 -0.00668254 -0.00712504 0.00959466 -0.0169379 0.00956907 -0.00670826 -0.00610559 -0.0074933 0.00929454 0.00952171 0.00884291 0.0102946 -0.0164934 -0.01708 0.00949025 -0.00411876 0.0012 0.0116065 0.018 -0.00682027 -0.00676568 -0.00186627 0.0110678 0.0080519 -0.0150902 -0.016382 -0.00354839
internal_weight=49188 27626 23988 21625 18442 21562 3638 21535 15469 8751 6718 18201 15388 8193 7195 3385 2387 5336 3183 75 1967 45 4579 4545 2363 3334 2813 998 445 465
internal_count=49188 27626 23988 21625 18442 21562 3638 21535 15469 8751 6718 18201 15388 8193 7195 3385 2387 5336 3183 75 1967 45 4579 4545 2363 3334 2813 998 445 465
cat_boundaries=0 1 2 3 4 5 6
cat_threshold=2 2 2 2 2 2
is_linear=0
shrinkage=0.06


Tree=4
num_leaves=31
num_cat=6
split_feature=1 1 1 3 3 1 3 3 3 3 3 3 3 3 3 3 3 3 3 3 3 0 2 0 2 0 0 3 0 0
split_gain=881.362 91.0128 12.229 5.97713 4.10974 3.31718 2.52426 2.21486 1.93533 1.5158 1.49905 1.10907 1.79131 1.0109 0.947079 0.831306 0.692877 0.817208 1.98628 0.683327 0.565689 0.593027 0.557018 0.545286 0.539868 0.529688 0.512253 0.506754 0.451925 0.439531
threshold=772.20001220703136 594.00000000000011 675.00000000000011 12.500000000000002 20.500000000000004 1179.3599853515627 20.500000000000004 11.500000000000002 17.500000000000004 19.500000000000004 13.500000000000002 12.500000000000002 18.500000000000004 19.500000000000004 13.500000000000002 12.500000000000002 14.500000000000002 17.500000000000004 18.500000000000004 14.500000000000002 22.500000000000004 0 3.4000000059604649 1 1.0000000180025095e-35 2 3 21.500000000000004 4 5
decision_type=2 2 2 2 2 2 2 2 2 2 2 2 2 2 2 2 2 2 2 2 2 1 2 1 2 1 1 2 1 1
left_child=1 7 3 -3 8 6 11 -1 10 -10 -5 29 14 -14 -13 -9 -17 23 28 -16 -6 -22 24 -18 -11 -15 -21 -8 -19 -2
right_child=5 2 -4 4 20 -7 27 15 9 22 -12 12 13 25 19 16 17 18 -20 26 21 -23 -24 -25 -26 -27 -28 -29 -30 -31
leaf_value=-10.448811366039838 4.2050582568196297 -4.4528194677726605 -0.91962811078710271 -3.4680350337093748 -2.3445499560032204 31.342082724493366 6.3666507188970742 -7.9054451171290969 -4.2391094542892569 -3.3757562597689388 -2.4387687809991188 5.8808695491750065 3.9358489095319258 5.8266272545362243 7.1514291941273447 -9.1483164755487305 -7.886739937462794 -10.873988472619043 -7.8478449151234821 5.3535723769886703 -3.105432800650783 4.5967452776425786 -4.8148453239779263 -5.789331793007225 -0.76422696289394021 5.593793067103709 10.479818308751366 13.742411374248631 -9.0239558164447242 3.2349207690266573
leaf_weight=253 1567 2973 2363 6083 3108 27 3285 998 2139 4481 2668 5228 2857 2970 1922 777 214 83 1071 23 41 34 34 170 64 2366 22 49 72 1246
leaf_count=253 1567 2973 2363 6083 3108 27 3285 998 2139 4481 2668 5228 2857 2970 1922 777 214 83 1071 23 41 34 34 170 64 2366 22 49 72 1246
internal_value=-0.000108563 -0.00720408 -0.00586293 -0.00631075 -0.0059125 0.00898247 0.00895612 -0.0160473 -0.0063165 -0.00708247 -0.00572849 0.00867809 0.00887835 0.0082717 0.00956915 -0.0156425 -0.0162505 -0.0155404 -0.0162969 0.0106914 -0.0039491 0.0012 -0.00646648 -0.013125 -0.00640924 0.00875937 0.018 0.0104739 -0.0226452 0.00758265
internal_weight=49188 27626 23988 21625 18652 21562 21535 3638 15469 6718 8751 18201 15388 8193 7195 3385 2387 1610 1226 1967 3183 75 4579 384 4545 5336 45 3334 155 2813
internal_count=49188 27626 23988 21625 18652 21562 21535 3638 15469 6718 8751 18201 15388 8193 7195 3385 2387 1610 1226 1967 3183 75 4579 384 4545 5336 45 3334 155 2813
cat_boundaries=0 1 2 3 4 5 6
cat_threshold=2 2 2 2 2 2
is_linear=0
shrinkage=0.06


Tree=5
num_leaves=31
num_cat=4
split_feature=1 1 1 3 3 1 3 3 3 3 3 3 3 3 3 0 2 3 3 3 3 0 3 0 3 2 2 0 2 3
split_gain=785.096 86.2841 11.406 5.71551 3.96344 3.5033 2.48591 1.77232 1.73309 1.39569 1.20262 0.879034 0.746993 0.681754 1.87103 0.727516 0.603748 0.580526 1.11466 1.2509 0.750641 0.586758 0.50919 0.593027 0.48724 0.479158 0.47151 0.467422 0.452777 0.406723
threshold=772.20001220703136 594.00000000000011 675.00000000000011 12.500000000000002 20.500000000000004 1179.3599853515627 20.500000000000004 17.500000000000004 11.500000000000002 19.500000000000004 13.500000000000002 13.500000000000002 14.500000000000002 17.500000000000004 18.500000000000004 0 3.4000000059604649 12.500000000000002 15.500000000000002 14.500000000000002 19.500000000000004 1 22.500000000000004 2 13.500000000000002 1.0000000180025095e-35 3.4000000059604649 3 3.4000000059604649 21.500000000000004
decision_type=2 2 2 2 2 2 2 2 2 2 2 2 2 2 2 1 2 2 2 2 2 1 2 1 2 2 2 1 2 2
left_child=1 8 3 -3 7 6 17 10 -1 -9 -5 -10 -13 15 27 -14 25 -2 19 24 -20 26 -6 -24 -19 -11 -22 -15 -4 -8
right_child=5 2 28 4 22 -7 29 9 11 16 -12 12 13 14 -16 -17 -18 18 20 -21 21 -23 23 -25 -26 -27 -28 -29 -30 -31
leaf_value=-9.8218826840774458 3.5823654398772464 -4.1856502997063014 -1.579653237953853 -3.2599529316868119 -2.2038769586430269 29.461557761023762 5.9846516757632502 -3.9847628870318998 -7.4229995136169737 -3.1732108841827995 -2.292442654139172 -8.6203510197306485 -7.4135355412150234 -10.221549164261898 -7.3769742202160744 -5.4419718854267893 -4.5259546045392511 5.5280173762245042 3.7573157728115709 9.476022470564418 6.6300630665296758 5.2581654830774891 -2.9191068326117375 4.3209405609840266 6.7223434424797048 -0.71837334512030104 5.2472652149671761 -8.4825184674580392 -0.66585096422776813 12.917866691793714
leaf_weight=253 2813 2973 465 6083 3108 27 3285 2139 1001 4481 2668 774 214 83 1071 170 34 5228 2870 32 365 2366 41 34 1922 64 2605 72 1898 49
leaf_count=253 2813 2973 465 6083 3108 27 3285 2139 1001 4481 2668 774 214 83 1071 170 34 5228 2870 32 365 2366 41 34 1922 64 2605 72 1898 49
internal_value=-0.000179312 -0.00687613 -0.00557029 -0.00600277 -0.00561334 0.00840089 0.00837381 -0.00601008 -0.0154865 -0.00674308 -0.00544738 -0.0151285 -0.015755 -0.0150186 -0.0157096 -0.0128125 -0.006152 0.00809791 0.00824279 0.00878864 0.00776505 0.00818591 -0.0036852 0.0012 0.00873566 -0.00609241 0.00874747 -0.021871 -0.00161236 0.00988002
internal_weight=49188 27626 23988 21625 18652 21562 21535 15469 3638 6718 8751 3385 2384 1610 1226 384 4579 18201 15388 7182 8206 5336 3183 75 7150 4545 2970 155 2363 3334
internal_count=49188 27626 23988 21625 18652 21562 21535 15469 3638 6718 8751 3385 2384 1610 1226 384 4579 18201 15388 7182 8206 5336 3183 75 7150 4545 2970 155 2363 3334
cat_boundaries=0 1 2 3 4
cat_threshold=2 2 2 2
is_linear=0
shrinkage=0.06


Tree=6
num_leaves=31
num_cat=3
split_feature=1 1 1 3 1 3 3 3 3 3 3 3 2 3 2 3 3 3 0 3 3 3 3 0 3 3 2 2 0 2
split_gain=701.499 77.4304 10.552 4.92891 2.97131 2.9487 2.33884 1.60984 1.52495 1.22715 1.20763 1.02925 0.642077 0.637378 0.611605 0.709669 1.23669 0.738303 0.548857 0.564756 1.50024 0.540115 0.482054 0.593027 0.447466 1.14748 0.438075 0.433663 0.415723 0.408135
threshold=772.20001220703136 594.00000000000011 675.00000000000011 20.500000000000004 1179.3599853515627 12.500000000000002 20.500000000000004 11.500000000000002 17.500000000000004 19.500000000000004 13.500000000000002 13.500000000000002 3.4000000059604649 19.500000000000004 3.4000000059604649 14.500000000000002 12.500000000000002 19.500000000000004 0 18.500000000000004 17.500000000000004 13.500000000000002 22.500000000000004 1 17.500000000000004 14.500000000000002 3.4000000059604649 1.0000000180025095e-35 2 1.0000000180025095e-35
decision_type=2 2 2 2 2 2 2 2 2 2 2 2 2 2 2 2 2 2 1 2 2 2 2 1 2 2 2 2 1 2
left_child=1 7 3 5 6 -3 14 -1 11 -10 -9 -7 27 18 21 16 -16 -17 19 20 -12 -2 -5 -24 25 -20 -4 -11 -19 -15
right_child=4 2 26 22 -6 8 -8 10 9 12 13 -13 -14 29 15 17 -18 28 24 -21 -22 -23 23 -25 -26 -27 -28 -29 -30 -31
leaf_value=-9.2325697230327997 4.7183651422447834 -3.9345112817239261 -1.4848740436766228 -2.0716443411244447 27.693864295362339 -3.0643557557856025 5.6908002363502641 -6.9776195427999523 -3.7456771138099838 -2.9828182311318301 -7.8960260183612654 -2.1548960948908187 -4.2543973282668954 -7.7878955008898281 3.2475809014240711 3.4742590285913137 5.4073836969322837 4.9324293020691421 -7.6638837403607747 -6.2047003743033589 -9.6082562144061843 5.6287913821271029 -2.7439604226550318 4.0616841273249857 -7.6505789730118519 -5.1154535723011803 -0.62589990637410431 -0.67527094441308233 4.9195603197178386 -5.4475247123156096
leaf_weight=253 1206 2973 465 3108 27 6083 3334 1001 2139 4481 670 2668 34 306 2414 2629 5982 2605 318 408 83 1266 41 34 399 170 1898 64 2099 30
leaf_count=253 1206 2973 465 3108 27 6083 3334 1001 2139 4481 670 2668 34 306 2414 2629 5982 2605 318 408 83 1266 41 34 399 170 1898 64 2099 30
internal_value=-0.000224445 -0.00655469 -0.00531766 -0.00573364 0.0078861 -0.00610997 0.00786116 -0.0147114 -0.00577736 -0.00645728 -0.0143663 -0.0052554 -0.00590304 -0.0151007 0.00759354 0.00745566 0.0078323 0.00702441 -0.015498 -0.0163566 -0.0173307 0.00847087 -0.00355325 0.0012 -0.0143743 -0.0131557 -0.00151079 -0.00584158 0.00747449 -0.0126786
internal_weight=49188 27626 23988 21625 21562 18442 21535 3638 15469 6718 3385 8751 4579 2384 18201 15729 8396 7333 2048 1161 753 2472 3183 75 887 488 2363 4545 4704 336
internal_count=49188 27626 23988 21625 21562 18442 21535 3638 15469 6718 3385 8751 4579 2384 18201 15729 8396 7333 2048 1161 753 2472 3183 75 887 488 2363 4545 4704 336
cat_boundaries=0 1 2 3
cat_threshold=2 2 2
is_linear=0
shrinkage=0.06


Tree=7
num_leaves=31
num_cat=3
split_feature=1 1 1 3 1 3 3 3 3 3 3 3 2 2 3 3 3 3 3 3 0 2 0 2 3 0 3 2 2 3
split_gain=624.13 72.403 9.47983 4.58781 3.11602 2.78625 2.3752 1.88053 1.46467 1.23713 1.17544 0.764971 0.694308 0.675074 0.641938 0.541302 1.15424 0.580354 0.513058 2.21811 0.617047 0.493649 0.483181 0.444073 0.494949 0.516534 0.439886 0.387093 0.377258 0.314467
threshold=772.20001220703136 594.00000000000011 675.00000000000011 20.500000000000004 1179.3599853515627 12.500000000000002 20.500000000000004 11.500000000000002 17.500000000000004 13.500000000000002 19.500000000000004 13.500000000000002 3.4000000059604649 3.4000000059604649 14.500000000000002 14.500000000000002 12.500000000000002 19.500000000000004 17.500000000000004 18.500000000000004 0 3.4000000059604649 1 3.4000000059604649 22.500000000000004 2 13.500000000000002 3.4000000059604649 1.0000000180025095e-35 13.500000000000002
decision_type=2 2 2 2 2 2 2 2 2 2 2 2 2 2 2 2 2 2 2 2 1 2 1 2 2 1 2 2 2 2
left_child=1 7 3 5 6 -3 13 -1 11 -9 -10 -7 28 26 -11 16 -15 -17 20 22 -16 -4 -20 24 -5 -26 -2 -8 -12 -18
right_child=4 2 21 23 -6 8 27 9 10 14 12 -13 -14 15 18 17 29 -19 19 -21 -22 -23 -24 -25 25 -27 -28 -29 -30 -31
leaf_value=-8.6786155396508295 4.4352632337100948 -3.6984406048204934 -1.3957816010560236 -1.929445290031981 26.032232437640598 -2.8804944104384638 7.132545264161438 -6.5589623702319546 -3.5209364869813862 -7.6293683974451385 -2.8038491372639234 -2.0256023291973726 -3.9991334885708807 3.0527260473386284 -6.494961847640452 3.2658034868758361 4.8765917981632239 4.6278016175269592 -9.0317608415418125 -6.5400440842670333 -4.8085263579631121 -0.58834591199165742 -7.5145326210298453 -7.418136085930418 -1.4168905463191663 3.8179830796854888 5.2910638991994752 5.122101855958312 -0.63475468774829547 6.000182983060304
leaf_weight=253 1206 2973 465 3068 27 6083 349 1001 2139 774 4481 2668 34 2414 214 2629 4421 4704 83 1071 170 1898 72 41 40 34 1266 2985 64 1561
leaf_count=253 1206 2973 465 3068 27 6083 349 1001 2139 774 4481 2668 34 2414 214 2629 4421 4704 83 1071 170 1898 72 41 40 34 1266 2985 64 1561
internal_value=-0.000242742 -0.00621371 -0.00501751 -0.00541179 0.00740748 -0.00577486 0.00738194 -0.0141012 -0.00545155 -0.0137282 -0.00611789 -0.00494001 -0.00557545 0.00711225 -0.0144715 0.00696739 0.00729633 0.00659075 -0.0137888 -0.0143883 -0.011875 -0.00140923 -0.0210968 -0.0033082 -0.00322724 0.00162162 0.00803398 0.00885423 -0.00551155 0.00774323
internal_weight=49188 27626 23988 21625 21562 18442 21535 3638 15469 3385 6718 8751 4579 18201 2384 15729 8396 7333 1610 1226 384 2363 155 3183 3142 74 2472 3334 4545 5982
internal_count=49188 27626 23988 21625 21562 18442 21535 3638 15469 3385 6718 8751 4579 18201 2384 15729 8396 7333 1610 1226 384 2363 155 3183 3142 74 2472 3334 4545 5982
cat_boundaries=0 1 2 3
cat_threshold=2 2 2
is_linear=0
shrinkage=0.06


Tree=8
num_leaves=31
num_cat=5
split_feature=1 1 1 3 1 3 3 3 3 3 3 3 3 3 3 3 0 2 2 2 3 0 2 3 0 2 0 3 0 3
split_gain=554.952 65.7939 8.12939 3.69844 2.58444 2.5267 1.94881 1.40241 1.32141 1.31135 0.958838 0.638878 0.524752 0.68351 1.10337 0.775312 0.559178 0.614732 0.47153 0.463164 0.468036 0.516534 0.45054 0.445298 0.428491 0.428478 0.580494 0.395741 0.367086 0.858781
threshold=772.20001220703136 594.00000000000011 675.00000000000011 20.500000000000004 1179.3599853515627 12.500000000000002 20.500000000000004 11.500000000000002 17.500000000000004 19.500000000000004 13.500000000000002 13.500000000000002 12.500000000000002 18.500000000000004 14.500000000000002 19.500000000000004 0 3.4000000059604649 3.4000000059604649 3.4000000059604649 22.500000000000004 1 3.4000000059604649 13.500000000000002 2 1.0000000180025095e-35 3 14.500000000000002 4 19.500000000000004
decision_type=2 2 2 2 2 2 2 2 2 2 2 2 2 2 2 2 1 2 2 2 2 1 2 2 1 2 1 2 1 2
left_child=1 7 3 5 6 -3 12 -1 11 -10 -9 -7 24 14 23 -15 17 -17 -8 20 -5 -22 28 -14 -2 26 -25 -12 29 -4
right_child=4 2 22 19 -6 8 18 10 9 -11 27 -13 13 15 -16 16 -18 -19 -20 -21 21 -23 -24 25 -26 -27 -28 -29 -30 -31
leaf_value=-8.1578986072717772 3.275974175590413 -3.4765341685312658 -2.8557090213989134 -1.8136785726300648 24.470298491382163 -2.7076647458121554 6.7045925483117523 -6.1654246280180383 -3.3096802977624997 -2.6258110601218392 -7.1716062935984333 -1.904066189445532 4.5792978039453081 3.045000541335162 7.4518942147905562 5.5770679656582978 4.3561869872722152 4.3588154468933729 4.8147757446008104 -6.9730479207745928 -1.3318771135400129 3.5889040949043576 -0.55304515727216086 2.4286912797935178 2.4220711121838532 5.6551829904048097 10.894345576668517 -6.0728820573340414 -0.28797598217770881 3.7135916661499206
leaf_weight=253 1567 2973 233 3068 27 6083 349 1001 2139 4579 774 2668 5228 2857 45 365 2366 2605 2985 41 40 34 1898 104 1246 1735 83 1610 197 35
leaf_count=253 1567 2973 233 3068 27 6083 349 1001 2139 4579 774 2668 5228 2857 45 365 2366 2605 2985 41 40 34 1898 104 1246 1735 83 1610 197 35
internal_value=-0.000209807 -0.00584015 -0.00469985 -0.00506497 0.00700399 -0.00539096 0.00698073 -0.013359 -0.00508307 -0.00571599 -0.0130369 -0.00459719 0.00673644 0.00687419 0.0073009 0.00649945 0.00692654 0.00747475 0.00831434 -0.00317625 -0.00309357 0.00162162 -0.00135844 0.00724196 0.00598294 0.00802289 0.00529412 -0.0136913 -0.00303226 -0.00447761
internal_weight=49188 27626 23988 21625 21562 18442 21535 3638 15469 6718 3385 8751 18201 15388 7195 8193 5336 2970 3334 3183 3142 74 2363 7150 2813 1922 187 2384 465 268
internal_count=49188 27626 23988 21625 21562 18442 21535 3638 15469 6718 3385 8751 18201 15388 7195 8193 5336 2970 3334 3183 3142 74 2363 7150 2813 1922 187 2384 465 268
cat_boundaries=0 1 2 3 4 5
cat_threshold=2 2 2 2 2
is_linear=0
shrinkage=0.06


Tree=9
num_leaves=31
num_cat=6
split_feature=1 1 1 3 3 3 1 3 3 3 0 3 2 3 3 3 0 2 3 3 3 0 2 0 0 3 3 3 0 3
split_gain=495.517 61.0049 7.3183 3.29831 2.4788 2.30752 2.12637 1.48122 1.13717 0.997882 0.62717 0.622273 0.603363 0.63413 0.536092 0.53481 0.442133 0.435875 0.418924 0.616229 1.19942 0.408202 0.388188 0.343847 0.336145 0.327319 0.720259 0.32719 0.320488 0.815462
threshold=772.20001220703136 594.00000000000011 675.00000000000011 12.500000000000002 20.500000000000004 20.500000000000004 1179.3599853515627 11.500000000000002 17.500000000000004 19.500000000000004 0 13.500000000000002 1.0000000180025095e-35 14.500000000000002 13.500000000000002 22.500000000000004 1 3.4000000059604649 14.500000000000002 17.500000000000004 18.500000000000004 2 3.4000000059604649 3 4 12.500000000000002 15.500000000000002 21.500000000000004 5 19.500000000000004
decision_type=2 2 2 2 2 2 2 2 2 2 1 2 2 2 2 2 1 2 2 2 2 1 2 1 1 2 2 2 1 2
left_child=1 7 3 -3 10 8 27 -1 14 23 -2 -9 13 -12 -5 22 -17 28 -13 21 24 -20 -7 -10 -21 -14 -27 -6 29 -4
right_child=4 2 17 5 6 15 -8 11 9 -11 12 18 25 -15 -16 16 -18 -19 19 20 -22 -23 -24 -25 -26 26 -28 -29 -30 -31
leaf_value=-7.6684246908354678 4.006302302359944 -3.2679421184193869 -2.6843664801149814 -2.5452048610634255 4.6453288971903834 -1.7048578582722642 35.089106949086727 -5.7954991503369548 -2.9820998461076873 -2.4682623965145307 4.3867444123809038 -6.7413099159825283 2.2767468454528217 7.902682842195663 -1.7898222180788002 -2.4143967377041733 3.3735698492100958 -0.51986244783582836 -5.7408912133419854 -8.1254822676092662 -5.7832685157709687 -4.1556418530452808 -6.1066975162312449 -3.2151839525529997 -6.6992877403280131 4.3936172282273676 3.5719794641290616 10.971118407356684 -0.27069742324704521 3.4907761661809262
leaf_weight=253 10104 2973 233 6083 3285 3068 21 1001 1142 4579 169 774 1246 70 2668 41 34 1898 214 83 1071 170 40 997 72 3026 3592 49 197 35
leaf_count=253 10104 2973 233 6083 3285 3068 21 1001 1142 4579 169 774 1246 70 2668 41 34 1898 214 83 1071 170 40 997 72 3026 3592 49 197 35
internal_value=-0.000204928 -0.00552523 -0.00442721 -0.00477364 0.00661163 -0.0044778 0.00811028 -0.0127653 -0.00478053 -0.00536767 0.00633548 -0.0124343 0.00594224 0.00891213 -0.00432979 -0.0030066 0.002 -0.00125688 -0.0129614 -0.0124099 -0.0130669 -0.0103125 -0.00312741 -0.00643759 -0.018 0.00585198 0.00601995 0.0079904 -0.00290323 -0.00425373
internal_weight=49188 27626 23988 21625 21562 18652 3355 3638 15469 6718 18207 3385 8103 239 8751 3183 75 2363 2384 1610 1226 384 3108 2139 155 7864 6618 3334 465 268
internal_count=49188 27626 23988 21625 21562 18652 3355 3638 15469 6718 18207 3385 8103 239 8751 3183 75 2363 2384 1610 1226 384 3108 2139 155 7864 6618 3334 465 268
cat_boundaries=0 1 2 3 4 5 6
cat_threshold=2 2 2 2 2 2
is_linear=0
shrinkage=0.06


Tree=10
num_leaves=31
num_cat=6
split_feature=1 1 1 3 3 1 3 3 0 3 3 2 3 3 3 3 2 3 2 3 3 0 0 2 3 3 0 0 0 3
split_gain=437.096 56.3968 6.22134 3.04029 2.57743 2.21519 1.91855 1.72936 0.889642 0.825426 1.05381 0.710307 0.659941 0.544638 0.636423 0.48788 0.486184 0.48416 0.449423 0.445604 1.45157 0.443582 0.426574 0.419418 0.394229 0.65263 0.366262 0.323483 0.320488 0.815462
threshold=772.20001220703136 594.00000000000011 675.00000000000011 20.500000000000004 20.500000000000004 1179.3599853515627 12.500000000000002 11.500000000000002 0 17.500000000000004 19.500000000000004 1.0000000180025095e-35 22.500000000000004 13.500000000000002 14.500000000000002 13.500000000000002 3.4000000059604649 14.500000000000002 3.4000000059604649 17.500000000000004 18.500000000000004 1 2 3.4000000059604649 15.500000000000002 12.500000000000002 3 4 5 19.500000000000004
decision_type=2 2 2 2 2 2 2 2 1 2 2 2 2 2 2 2 2 2 2 2 2 1 1 2 2 2 1 1 1 2
left_child=1 7 3 6 8 16 -3 -1 -2 15 27 17 23 -9 -15 -8 -6 -10 28 26 21 -21 -18 -5 25 -13 -16 -11 29 -4
right_child=4 2 18 12 5 -7 9 13 11 10 -12 24 -14 14 19 -17 22 -19 -20 20 -22 -23 -24 -25 -26 -27 -28 -29 -30 -31
leaf_value=-7.2083192093853423 3.7659241642183483 -3.0718655913142263 -2.5233044913080858 -1.6025663867759294 6.0235972615816191 32.983760532141524 -2.3924925693996193 -5.4477692013167394 4.1235397476380466 -2.8031738553412286 -2.3201666527236577 2.1401420347256499 0.73645717192936666 -6.3368313210235732 -5.3964377405414643 -1.6824328849940706 4.2323342610152075 7.4285218716639241 -0.48867070096567655 -7.6379533315527075 -5.4362724048247122 -6.2973304759083311 4.3423183918745822 -5.7402956652573671 3.3576606962813171 4.1300001945337224 -3.9063033418625648 -3.0222729153998169 -0.25445557785222261 3.281329596210071
leaf_weight=253 10104 2973 233 3068 349 21 6083 1001 169 1142 4579 1246 75 774 214 2668 1688 70 1898 83 1071 72 1297 40 3592 3026 170 997 197 35
leaf_count=253 10104 2973 233 3068 349 21 6083 1001 169 1142 4579 1246 75 774 214 2668 1688 70 1898 83 1071 72 1297 40 3592 3026 170 997 197 35
internal_value=-0.000213467 -0.00521031 -0.00415458 -0.00447399 0.00618867 0.00771684 -0.00476955 -0.0121715 0.00590707 -0.00450126 -0.00500149 0.00543873 -0.00276155 -0.0118139 -0.012307 -0.00411724 0.00759448 0.00866109 -0.00123149 -0.0116273 -0.012186 -0.0176129 0.00734673 -0.00289575 0.00534079 0.00573034 -0.00984375 -0.00610098 -0.00290323 -0.00425373
internal_weight=49188 27626 23988 21625 21562 3355 18442 3638 18207 15469 6718 8103 3183 3385 2384 8751 3334 239 2363 1610 1226 155 2985 3108 7864 4272 384 2139 465 268
internal_count=49188 27626 23988 21625 21562 3355 18442 3638 18207 15469 6718 8103 3183 3385 2384 8751 3334 239 2363 1610 1226 155 2985 3108 7864 4272 384 2139 465 268
cat_boundaries=0 1 2 3 4 5 6
cat_threshold=2 2 2 2 2 2
is_linear=0
shrinkage=0.06


Tree=11
num_leaves=31
num_cat=3
split_feature=1 1 1 3 3 1 3 3 0 2 3 3 3 3 0 2 2 2 2 3 0 3 3 2 3 3 3 3 3 2
split_gain=387.639 51.7334 5.38191 2.60719 2.60061 2.29752 1.99671 1.85425 0.993784 0.774013 0.632147 0.837003 0.624638 0.543827 0.490827 0.643906 0.44091 0.417519 0.408336 0.388976 0.384655 0.815462 0.780986 0.381998 0.543478 0.374328 0.525258 0.958929 0.721292 0.373628
threshold=772.20001220703136 594.00000000000011 675.00000000000011 20.500000000000004 20.500000000000004 1179.3599853515627 11.500000000000002 12.500000000000002 0 1.0000000180025095e-35 17.500000000000004 19.500000000000004 22.500000000000004 14.500000000000002 1 1.0000000180025095e-35 3.4000000059604649 3.4000000059604649 3.4000000059604649 13.500000000000002 2 19.500000000000004 19.500000000000004 1.0000000180025095e-35 15.500000000000002 13.500000000000002 18.500000000000004 17.500000000000004 14.500000000000002 3.4000000059604649
decision_type=2 2 2 2 2 2 2 2 1 2 2 2 2 2 1 2 2 2 2 2 1 2 2 2 2 2 2 2 2 2
left_child=1 6 3 7 8 14 -1 -3 -2 13 17 -12 16 -10 15 -6 -5 19 20 -9 21 23 -22 24 -4 -8 27 28 -27 -28
right_child=4 2 18 12 5 -7 25 10 9 -11 11 -13 -14 -15 -16 -17 -18 -19 -20 -21 22 -23 -24 -25 -26 26 29 -29 -30 -31
leaf_value=-6.7758200568222238 3.5399687143652443 -2.8875536558353723 -0.84046335073585166 -1.5064124035693724 7.9731372364335993 31.004734900213034 -5.1209030492377332 -2.2383082496106455 3.8761273627797661 3.2026740572866732 -2.7616979015598164 -2.1809566535602403 0.69226974161360433 6.9828105593640863 4.2316511145339861 3.9983948157058555 -5.3958779253419262 -4.6538859230376906 -0.45935045890773379 -1.5540174294725488 0.12188841697516181 3.0844498204374666 -3.6263582198412494 -1.5225531944858517 -6.4834185225620171 -5.9566214417621559 -4.9211586826055393 -6.2904097742376708 -4.0984674997492494 -6.6151301130714293
leaf_weight=253 10104 2973 23 3068 65 21 1001 6045 169 7864 2139 4579 75 70 1455 1814 40 52 1898 2654 177 35 20 187 23 774 926 155 384 145
leaf_count=253 10104 2973 23 3068 65 21 1001 6045 169 7864 2139 4579 75 70 1455 1814 40 52 1898 2654 177 35 20 187 23 774 926 155 384 145
internal_value=-0.000204928 -0.00491059 -0.00389945 -0.00419653 0.00582414 0.00735917 -0.0115778 -0.00447023 0.00554128 0.00504628 -0.00420648 -0.00464424 -0.00261074 0.00841004 0.00723455 0.00659393 -0.00274131 -0.00387041 -0.0011807 -0.00383837 -0.00277419 -0.00425373 -0.000761421 -0.00553648 -0.0104348 -0.0111935 -0.0116023 -0.0124067 -0.0118135 -0.0106162
internal_weight=49188 27626 23988 21625 21562 3355 3638 18442 18207 8103 15469 6718 3183 239 3334 1879 3108 8751 2363 8699 465 268 197 233 46 3385 2384 1313 1158 1071
internal_count=49188 27626 23988 21625 21562 3355 3638 18442 18207 8103 15469 6718 3183 239 3334 1879 3108 8751 2363 8699 465 268 197 233 46 3385 2384 1313 1158 1071
cat_boundaries=0 1 2 3
cat_threshold=2 2 2
is_linear=0
shrinkage=0.06


Tree=12
num_leaves=31
num_cat=5
split_feature=1 1 1 3 3 3 1 3 0 2 2 3 2 3 3 2 0 3 3 2 3 0 0 2 3 2 2 0 3 3
split_gain=343.855 46.4892 4.49268 2.23606 2.1433 1.99938 1.7828 1.50558 1.01218 0.675771 0.570746 0.488961 0.47793 0.467032 0.725823 0.421452 0.384655 0.815462 0.780986 0.381998 0.543478 0.373967 0.346043 0.730752 0.374571 0.415924 0.35431 0.342565 0.341758 0.28776
threshold=772.20001220703136 594.00000000000011 675.00000000000011 12.500000000000002 11.500000000000002 20.500000000000004 1179.3599853515627 20.500000000000004 0 1.0000000180025095e-35 3.4000000059604649 22.500000000000004 3.4000000059604649 17.500000000000004 19.500000000000004 3.4000000059604649 1 19.500000000000004 19.500000000000004 1.0000000180025095e-35 15.500000000000002 2 3 1.0000000180025095e-35 21.500000000000004 1.0000000180025095e-35 3.4000000059604649 4 13.500000000000002 14.500000000000002
decision_type=2 2 2 2 2 2 2 2 1 2 2 2 2 2 2 2 1 2 2 2 2 1 1 2 2 2 2 1 2 2
left_child=1 4 3 -3 -1 8 22 12 -2 29 11 -9 13 28 27 16 17 19 -18 20 -4 -13 23 -7 25 -24 -27 -15 -5 -10
right_child=5 2 15 7 -6 6 -8 10 9 -11 -12 21 -14 14 -16 -17 18 -19 -20 -21 -22 -23 24 -25 -26 26 -28 -29 -30 -31
leaf_value=-6.3692708534128899 3.3275705915033278 -2.7143004364852481 -0.79003554969170176 -2.1040097546340051 -4.9871469939853137 7.4947490022475858 29.144450806200254 -1.4160276593552112 3.6435597210129775 3.0105136138494717 -5.5200927791182881 -1.1928242972779413 -4.2256928067179285 -2.4692815499271634 -2.049850230909128 -0.43178943137327225 0.11457511195665347 2.8993828312112169 -3.408776726650776 -1.431200002816704 -6.0944134112082953 3.0854320434449138 1.3707298687803109 3.7584911267635039 8.6132370839420993 7.2248186138974981 3.7126958953181974 -2.6752346663822344 -1.4607763837041965 6.5638419258022394
leaf_weight=253 10104 2973 23 6045 3385 65 21 3068 169 7864 41 40 86 1142 4545 1898 177 35 20 187 23 34 42 1814 27 92 1294 997 2654 70
leaf_count=253 10104 2973 23 6045 3385 65 21 3068 169 7864 41 40 86 1142 4545 1898 177 35 20 187 23 34 42 1814 27 92 1294 997 2654 70
internal_value=-0.000165894 -0.00459784 -0.00363932 -0.00391075 -0.0109181 0.00551248 0.00685842 -0.00366717 0.00526446 0.0047649 -0.00247879 -0.00238701 -0.00391169 -0.00388676 -0.00426391 -0.00115531 -0.00277419 -0.00425373 -0.000761421 -0.00553648 -0.0104348 0.00243243 0.00674865 0.00621075 0.0074433 0.00731092 0.00748918 -0.00517532 -0.00359697 0.00790795
internal_weight=49188 27626 23988 21625 3638 21562 3355 18652 18207 8103 3183 3142 15469 15383 6684 2363 465 268 197 233 46 74 3334 1879 1455 1428 1386 2139 8699 239
internal_count=49188 27626 23988 21625 3638 21562 3355 18652 18207 8103 3183 3142 15469 15383 6684 2363 465 268 197 233 46 74 3334 1879 1455 1428 1386 2139 8699 239
cat_boundaries=0 1 2 3 4 5
cat_threshold=2 2 2 2 2
is_linear=0
shrinkage=0.06


Tree=13
num_leaves=31
num_cat=3
split_feature=1 1 1 3 3 3 1 3 0 2 2 3 3 2 3 3 0 0 3 3 2 2 2 3 3 3 3 3 3 3
split_gain=301.979 42.6299 3.7897 2.17315 1.85932 1.23709 1.36511 1.18696 0.928757 0.59909 0.592362 0.533729 0.748607 0.491313 0.462214 0.42549 0.35954 0.320488 0.73923 0.520919 0.318204 0.309998 0.431829 0.317548 0.529625 0.606168 0.345797 0.279636 0.358185 0.474284
threshold=772.20001220703136 594.00000000000011 675.00000000000011 11.500000000000002 20.500000000000004 20.500000000000004 1179.3599853515627 12.500000000000002 0 1.0000000180025095e-35 3.4000000059604649 17.500000000000004 19.500000000000004 3.4000000059604649 22.500000000000004 21.500000000000004 1 2 19.500000000000004 19.500000000000004 3.4000000059604649 3.4000000059604649 1.0000000180025095e-35 12.500000000000002 14.500000000000002 19.500000000000004 13.500000000000002 11.500000000000002 13.500000000000002 18.500000000000004
decision_type=2 2 2 2 2 2 2 2 1 2 2 2 2 2 2 2 1 1 2 2 2 2 2 2 2 2 2 2 2 2
left_child=1 3 4 -1 7 8 15 -3 21 -10 14 20 16 17 -6 -7 -13 19 -19 -4 -9 22 -2 -23 26 -26 -25 -15 -29 -30
right_child=5 2 13 -5 10 6 -8 11 9 -11 -12 12 -14 27 -16 -17 -18 18 -20 -21 -22 23 -24 24 25 -27 -28 28 29 -31
leaf_value=-5.9871146022081163 3.6227674504090919 -2.5514424102961333 -2.1946810299914521 -4.6879181743461933 -1.3310659997938978 3.6208228456811318 27.395783757828244 -1.8043866009965881 4.8123545850178262 2.8298827970185005 -5.1888872123711911 -2.3211246569315356 -1.9271082404920821 -3.0878177468824766 0.8491243345461339 9.1807421753118241 -2.5147205863992985 0.10770060523925166 -3.2042501230517288 2.7254198613385414 -4.1211111992523533 1.9703041227723224 4.1070089911766692 3.4323539405336465 2.1557956660238595 3.1906107788110805 4.6437745167821438 0.85760187914290775 -1.0837827616017148 0.30063731629623364
leaf_weight=253 270 2973 233 3385 3068 3285 21 8699 239 7864 41 1142 4579 44 74 49 997 177 20 35 52 1363 1096 2442 1450 2607 876 353 950 551
leaf_count=253 270 2973 233 3385 3068 3285 21 8699 239 7864 41 1142 4579 44 74 49 997 177 20 35 52 1363 1096 2442 1450 2607 876 353 950 551
internal_value=-0.000201269 -0.00435459 -0.00343672 -0.0104068 -0.00368601 0.00512012 0.00617884 -0.00391715 0.00492503 0.0044465 -0.00234684 -0.00370612 -0.00410837 -0.00115531 -0.00225334 0.00608278 -0.00503506 -0.00290323 -0.00106599 -0.00425373 -0.00339733 0.00530879 0.00614934 0.00517739 0.00533288 0.00487306 0.00589512 -0.000727081 -0.000614887 -0.00101932
internal_weight=49188 27626 23988 3638 21625 21562 3355 18442 18207 8103 3183 15469 6718 2363 3142 3334 2139 465 197 268 8751 10104 1366 8738 7375 4057 3318 1898 1854 1501
internal_count=49188 27626 23988 3638 21625 21562 3355 18442 18207 8103 3183 15469 6718 2363 3142 3334 2139 465 197 268 8751 10104 1366 8738 7375 4057 3318 1898 1854 1501
cat_boundaries=0 1 2 3
cat_threshold=2 2 2
is_linear=0
shrinkage=0.06


Tree=14
num_leaves=31
num_cat=3
split_feature=1 1 1 3 3 3 3 0 2 1 3 3 2 2 2 0 3 3 3 3 2 3 2 3 3 3 3 3 0 3
split_gain=265.055 38.2917 3.7819 2.23019 1.63723 1.1218 1.06369 0.686471 0.604894 0.58496 0.561301 0.605965 0.515838 0.380668 0.346792 0.342138 0.314515 0.310278 0.305023 0.880211 0.463556 0.442112 0.402784 0.345998 0.303754 0.295706 0.565281 0.294795 0.292342 0.454812
threshold=772.20001220703136 594.00000000000011 675.00000000000011 11.500000000000002 12.500000000000002 20.500000000000004 20.500000000000004 0 3.4000000059604649 1179.3599853515627 17.500000000000004 19.500000000000004 1.0000000180025095e-35 3.4000000059604649 3.4000000059604649 1 14.500000000000002 21.500000000000004 14.500000000000002 19.500000000000004 3.4000000059604649 12.500000000000002 1.0000000180025095e-35 13.500000000000002 22.500000000000004 12.500000000000002 15.500000000000002 11.500000000000002 2 19.500000000000004
decision_type=2 2 2 2 2 2 2 1 2 2 2 2 2 2 2 1 2 2 2 2 2 2 2 2 2 2 2 2 1 2
left_child=1 3 4 -1 -3 10 7 18 24 17 14 15 16 28 -6 -12 -9 -8 21 -20 -21 -2 -23 -24 -7 -14 -27 -15 29 -4
right_child=6 2 13 -5 5 8 9 12 -10 -11 11 -13 25 27 -16 -17 -18 -19 19 20 -22 22 23 -25 -26 26 -28 -29 -30 -31
leaf_value=-5.6278877260756328 2.0573507679841101 -2.3983558656783681 -2.0630001681919659 -4.4066430838854194 -1.6961234049367908 -1.2512020398062669 3.4035734749402651 3.1362048626511316 -4.8775539796289173 25.752036732358551 -2.1818571775156466 -1.8114817460625567 1.4691492845528296 -2.9025486820695279 -3.8738445272972113 -2.3638373512153383 5.8812701351530379 8.6298976447931164 1.8279890637577385 4.1404450190888795 2.9991741320824143 3.489238073306419 3.2982999111328786 4.399399754759588 0.7981768744733676 3.3396159547724142 2.6136168264151558 -0.35418030467077299 -0.21731733927823141 2.5618946696582294
leaf_weight=253 1567 2973 233 3385 8699 3068 3285 169 41 21 1142 4579 1246 44 52 997 70 49 1604 365 2607 211 2776 974 74 3026 3592 1854 197 35
leaf_count=253 1567 2973 233 3385 8699 3068 3285 169 41 21 1142 4579 1246 44 52 997 70 49 1604 365 2607 211 2776 974 74 3026 3592 1854 197 35
internal_value=-0.000235423 -0.00412655 -0.00325663 -0.00986256 -0.00350566 -0.00329723 0.00475002 0.00456912 -0.00227144 0.00573174 -0.00350831 -0.00392081 0.00415772 -0.000977571 -0.00319164 -0.00475456 0.00690377 0.00566887 0.00489905 0.00453671 0.00514805 0.00519899 0.00553648 0.00568 -0.00217696 0.00407426 0.00423391 -0.000600632 -0.00251613 -0.00380597
internal_weight=49188 27626 23988 3638 21625 18652 21562 18207 3183 3355 15469 6718 8103 2363 8751 2139 239 3334 10104 4576 2972 5528 3961 3750 3142 7864 6618 1898 465 268
internal_count=49188 27626 23988 3638 21625 18652 21562 18207 3183 3355 15469 6718 8103 2363 8751 2139 239 3334 10104 4576 2972 5528 3961 3750 3142 7864 6618 1898 465 268
cat_boundaries=0 1 2 3
cat_threshold=2 2 2
is_linear=0
shrinkage=0.06


Tree=15
num_leaves=31
num_cat=4
split_feature=1 1 1 3 3 3 3 3 3 3 3 3 3 0 0 2 2 3 2 1 0 3 3 2 0 3 3 2 3 3
split_gain=235.416 35.1901 3.28708 2.43251 1.40244 0.956777 0.847089 0.711983 0.996667 0.792231 0.534547 0.645739 0.499354 0.719543 0.483555 0.614348 0.405461 0.36506 0.346382 0.330276 0.305776 0.282752 0.255664 0.250569 0.42033 0.527604 0.435765 0.326294 0.782609 0.264976
threshold=772.20001220703136 594.00000000000011 675.00000000000011 11.500000000000002 20.500000000000004 12.500000000000002 20.500000000000004 18.500000000000004 12.500000000000002 19.500000000000004 17.500000000000004 19.500000000000004 14.500000000000002 0 1 3.4000000059604649 3.4000000059604649 11.500000000000002 3.4000000059604649 1179.3599853515627 2 22.500000000000004 13.500000000000002 3.4000000059604649 3 19.500000000000004 19.500000000000004 1.0000000180025095e-35 15.500000000000002 14.500000000000002
decision_type=2 2 2 2 2 2 2 2 2 2 2 2 2 1 1 2 2 2 2 2 1 2 2 2 1 2 2 2 2 2
left_child=1 3 4 -1 5 -3 7 8 18 -9 22 20 -10 -14 15 -11 21 -4 -2 -8 -12 -6 -7 24 26 -26 27 28 -19 -29
right_child=6 2 17 -5 16 10 19 9 12 14 11 -13 13 -15 -16 -17 -18 23 -20 -21 -22 -23 -24 -25 25 -27 -28 29 -30 -31
leaf_value=-5.2902144625110941 2.482445048627278 -2.2544545137376666 -2.656587289465667 -4.1422444988522917 -1.176129917417893 -1.7783733346249595 3.2670708423325241 1.6902561310650868 3.2281016349348488 3.8920183179435432 -2.0509457468647065 -1.7027928412988034 2.8379886540514803 7.2923389371137022 2.9676390504245682 2.8192236841574685 -4.5849007408511806 -0.48717254481920008 1.591573906475378 24.20691452841703 -2.222007110142417 0.7502862620049654 -1.1905686827478144 -0.33292948639052722 0.86899440615658696 -2.9989560753119346 2.4081809894787329 -1.932784000873887 -5.4732877346447957 -0.44382725524399802
leaf_weight=253 399 2973 79 3385 3068 6083 3334 2857 7150 365 1142 4579 23 22 2370 2607 41 23 2414 21 997 74 2668 1854 155 20 35 98 23 76
leaf_count=253 399 2973 79 3385 3068 6083 3334 2857 7150 365 1142 4579 23 22 2370 2607 41 23 2414 21 997 74 2668 1854 155 20 35 98 23 76
internal_value=-0.000218346 -0.00388547 -0.00305153 -0.00938428 -0.0032837 -0.00348444 0.0044801 0.00431867 0.00465827 0.00390413 -0.00329498 -0.00369753 0.00503266 0.0113333 0.00433545 0.00484522 -0.00212064 -0.000926788 0.00370068 0.00535618 -0.0045582 -0.00204328 -0.00298594 -0.000788091 -0.00209302 0.000171429 -0.00364706 -0.00463636 -0.00913043 -0.00344828
internal_weight=49188 27626 23988 3638 21625 18442 21562 18207 10008 8199 15469 6718 7195 45 5342 2972 3183 2363 2813 3355 2139 3142 8751 2284 430 175 255 220 46 174
internal_count=49188 27626 23988 3638 21625 18442 21562 18207 10008 8199 15469 6718 7195 45 5342 2972 3183 2363 2813 3355 2139 3142 8751 2284 430 175 255 220 46 174
cat_boundaries=0 1 2 3 4
cat_threshold=2 2 2 2
is_linear=0
shrinkage=0.06


Tree=16
num_leaves=31
num_cat=4
split_feature=1 1 1 3 3 2 3 3 3 3 3 3 3 0 2 3 3 3 3 0 3 2 3 0 2 0 3 3 3 3
split_gain=209.736 30.458 3.13114 2.7478 1.3866 0.755078 0.737878 0.527125 0.677381 0.853603 0.449954 0.52412 0.342481 0.296398 0.273367 0.306427 0.270033 0.303691 0.65552 0.93802 0.309193 0.244463 0.232671 0.265442 0.231932 0.22259 0.201276 0.195097 0.739486 0.31281
threshold=772.20001220703136 594.00000000000011 675.00000000000011 11.500000000000002 12.500000000000002 3.4000000059604649 20.500000000000004 12.500000000000002 14.500000000000002 19.500000000000004 17.500000000000004 19.500000000000004 20.500000000000004 0 3.4000000059604649 11.500000000000002 13.500000000000002 18.500000000000004 17.500000000000004 1 14.500000000000002 3.4000000059604649 13.500000000000002 2 3.4000000059604649 3 21.500000000000004 12.500000000000002 14.500000000000002 17.500000000000004
decision_type=2 2 2 2 2 2 2 2 2 2 2 2 2 1 2 2 2 2 2 1 2 2 2 1 2 1 2 2 2 2
left_child=1 3 4 -1 -3 26 10 -7 -9 -10 21 25 13 -11 -4 -16 -17 18 20 -20 -18 22 23 -6 -8 -12 -2 -5 -29 -30
right_child=5 2 14 27 6 7 24 8 9 12 11 -13 -14 -15 15 16 17 -19 19 -21 -22 -23 -24 -25 -26 -27 -28 28 29 -31
leaf_value=-4.9728015947604263 3.1867629670693032 -2.1191872429134082 -0.68946915024634103 -3.728330597703684 -1.8772873896255895 1.496079472086858 -1.0824340706150042 3.0031721171969386 1.6683268471855557 2.6500702631080206 -1.9278890020528228 -1.6006252708208761 2.9486943129742142 2.7921093939225283 -2.5690005237774174 0.84737235385801335 -0.88014935896195079 0.32382566478213448 -2.3004010182881278 -7.4086004811787527 1.4859436032108919 -3.5523455951381959 -1.0916650793610734 -1.2914798945084021 -4.3098066964001118 -2.088686683533874 7.3087992621280797 -4.4848534574774224 -2.7591222847001333 -3.9102763004351551
leaf_weight=253 2783 2973 465 998 3349 2414 3142 5982 2629 2607 1142 4579 3006 2103 44 353 851 551 24 23 52 52 2654 2696 41 997 38 777 384 1226
leaf_count=253 2783 2973 465 998 3349 2414 3142 5982 2629 2607 1142 4579 3006 2103 44 353 851 551 24 23 52 52 2654 2696 41 997 38 777 384 1226
internal_value=-0.000213467 -0.0036748 -0.00289895 -0.00879054 -0.00312555 0.00422132 -0.00293373 0.00408356 0.00420592 0.00391203 -0.00310492 -0.00347425 0.00423017 0.00391083 -0.000825222 -0.000505796 -0.00038835 -0.000739507 -0.00138947 -0.00829787 -0.0010299 -0.00282139 -0.00279687 -0.00300248 -0.00210179 -0.00424965 0.00513648 -0.00833973 -0.00863427 -0.00790062
internal_weight=49188 27626 23988 3638 21625 21562 18652 18741 16327 10345 15469 6718 7716 4710 2363 1898 1854 1501 950 47 903 8751 8699 6045 3183 2139 2821 3385 2387 1610
internal_count=49188 27626 23988 3638 21625 21562 18652 18741 16327 10345 15469 6718 7716 4710 2363 1898 1854 1501 950 47 903 8751 8699 6045 3183 2139 2821 3385 2387 1610
cat_boundaries=0 1 2 3 4
cat_threshold=2 2 2 2
is_linear=0
shrinkage=0.06


Tree=17
num_leaves=31
num_cat=3
split_feature=1 1 1 3 3 3 2 3 3 3 2 3 2 3 3 2 3 3 3 3 3 0 0 2 3 2 2 3 0 3
split_gain=188.305 28.9592 2.69434 2.38303 1.49316 0.665665 0.605815 0.550356 0.519785 0.837557 0.394831 0.323078 0.651831 0.360826 0.308906 0.273367 0.306427 0.251166 0.810975 0.483827 0.777465 0.556553 0.288802 0.586633 0.704228 0.279853 0.245784 0.262502 0.235652 0.2341
threshold=772.20001220703136 594.00000000000011 675.00000000000011 11.500000000000002 12.500000000000002 20.500000000000004 3.4000000059604649 12.500000000000002 14.500000000000002 19.500000000000004 3.4000000059604649 17.500000000000004 1.0000000180025095e-35 19.500000000000004 20.500000000000004 3.4000000059604649 11.500000000000002 12.500000000000002 14.500000000000002 17.500000000000004 18.500000000000004 0 1 3.4000000059604649 19.500000000000004 1.0000000180025095e-35 3.4000000059604649 22.500000000000004 2 21.500000000000004
decision_type=2 2 2 2 2 2 2 2 2 2 2 2 2 2 2 2 2 2 2 2 2 1 1 2 2 2 2 2 1 2
left_child=1 3 4 -1 -3 10 29 -8 -9 -10 11 -6 13 -13 -11 -4 -17 -5 -19 -20 21 -21 23 24 -22 -24 27 -7 -29 -2
right_child=6 2 15 17 5 26 7 8 9 14 -12 12 -14 -15 -16 16 -18 18 19 20 22 -23 25 -25 -26 -27 -28 28 -30 -31
leaf_value=-4.6744334990748007 2.995557189045146 -1.9920360083386026 -0.64810100123155734 -3.5046307618414629 -1.4101648068925874 -1.0406160781359153 1.4063147037616455 2.82298179016512 1.5682272363544234 2.5690652521621788 -3.190244898492407 -1.9389301394687186 0.52455389906681826 -1.5143948834778758 2.7717726541957606 -2.4148604923507739 -0.2883969159789217 -4.2157622500287744 -2.5935749476181287 -5.4741978021150182 -2.1666446226605012 -4.2140123178093036 -4.1554821143332017 -6.0693865248208265 -4.280727253077564 -2.5758796561419648 -4.0512182946161079 -1.2001640434658247 2.8213969168136552 6.8702713064003929
leaf_weight=253 2783 2973 465 998 8699 3068 2414 5982 2629 4710 86 2139 64 4481 3006 44 1854 777 384 83 335 72 388 84 183 81 41 40 34 38
leaf_count=253 2783 2973 465 998 8699 3068 2414 5982 2629 4710 86 2139 64 4481 3006 44 1854 777 384 83 335 72 388 84 183 81 41 40 34 38
internal_value=-0.000225665 -0.00350539 -0.00274887 -0.00849368 -0.00295908 -0.00276003 0.00397644 0.00385305 0.00397807 0.00372064 -0.00292262 -0.00289995 -0.00321364 -0.0032719 0.00403577 -0.000825222 -0.000505796 -0.00807386 -0.00840804 -0.00763975 -0.00822186 -0.0121935 -0.00764706 -0.00677741 -0.00602317 -0.00876333 -0.00196984 -0.00190961 0.00162162 0.00479617
internal_weight=49188 27626 23988 3638 21625 18652 21562 18741 16327 10345 15469 15383 6684 6620 7716 2363 1898 3385 2387 1610 1226 155 1071 602 518 469 3183 3142 74 2821
internal_count=49188 27626 23988 3638 21625 18652 21562 18741 16327 10345 15469 15383 6684 6620 7716 2363 1898 3385 2387 1610 1226 155 1071 602 518 469 3183 3142 74 2821
cat_boundaries=0 1 2 3
cat_threshold=2 2 2
is_linear=0
shrinkage=0.06


Tree=18
num_leaves=31
num_cat=4
split_feature=1 1 1 3 3 2 3 3 0 2 3 3 3 3 2 2 3 3 3 2 3 3 3 0 3 3 0 0 3 3
split_gain=165.604 28.0166 2.48661 2.43397 1.28157 0.652669 0.635477 0.569151 0.508649 0.484032 0.369452 0.342458 0.262655 0.447427 0.247274 0.428668 0.756934 0.412283 0.237695 0.59859 0.394644 0.228315 0.570991 0.543651 0.517653 0.698139 0.692664 0.449192 0.470133 0.225516
threshold=772.20001220703136 594.00000000000011 675.00000000000011 11.500000000000002 12.500000000000002 3.4000000059604649 20.500000000000004 20.500000000000004 0 1.0000000180025095e-35 22.500000000000004 14.500000000000002 12.500000000000002 15.500000000000002 1.0000000180025095e-35 3.4000000059604649 15.500000000000002 18.500000000000004 17.500000000000004 1.0000000180025095e-35 19.500000000000004 14.500000000000002 12.500000000000002 1 17.500000000000004 18.500000000000004 2 3 19.500000000000004 18.500000000000004
decision_type=2 2 2 2 2 2 2 2 1 2 2 2 2 2 2 2 2 2 2 2 2 2 2 1 2 2 1 1 2 2
left_child=1 3 4 -1 -3 6 18 8 29 11 -8 -10 -11 -14 21 16 -16 -17 -6 20 -20 22 23 -5 -23 26 -26 28 -27 -2
right_child=7 2 -4 14 5 -7 10 -9 9 12 -12 -13 13 -15 15 17 -18 -19 19 -21 -22 24 -24 -25 25 27 -28 -29 -30 -31
leaf_value=-4.393967489130314 2.4735160897959894 -1.8725138478382881 -0.38200001131793671 -2.8827008043145748 -1.3255549184790334 -3.1024021249880955 -0.97817911344775887 2.7661981064674546 2.3834072634291079 1.0706050630856214 0.72157814432113698 4.979396374651512 2.5959836649482484 2.0805928914890002 -2.3584185777520745 -1.8553441392755075 0.75898430028922348 -4.5260053717076216 -1.8225943311005925 0.49308066512280674 -1.4235311904692047 -2.4379604507610426 -3.9628165150270478 -4.2226134141778511 -5.1457459339881186 -2.2626731669805551 -3.9611715787407453 -3.9061531874732123 -4.0238836178929116 2.1018293587543098
leaf_weight=253 5551 2973 2363 449 8699 127 3068 3355 169 1246 74 70 3026 3592 37 168 46 145 2139 64 4481 372 777 353 83 320 72 388 175 4553
leaf_count=253 5551 2973 2363 449 8699 127 3068 3355 169 1246 74 70 3026 3592 37 168 46 145 2139 64 4481 372 777 353 83 320 72 388 175 4553
internal_value=-0.000214687 -0.00329038 -0.00254627 -0.00819681 -0.00274821 -0.0025638 -0.00253441 0.003726 0.00359367 0.00323954 -0.00175684 0.00589958 0.0031587 0.00330916 -0.00777253 -0.00636364 -0.00253012 -0.00738019 -0.00269323 -0.0029623 -0.00301813 -0.00795918 -0.00845472 -0.00733167 -0.00740426 -0.00809249 -0.0118065 -0.00744054 -0.00624242 0.00387767
internal_weight=49188 27626 23988 3638 21625 18652 18525 21562 18207 8103 3142 239 7864 6618 3385 396 83 313 15383 6684 6620 2989 1579 802 1410 1038 155 883 495 10104
internal_count=49188 27626 23988 3638 21625 18652 18525 21562 18207 8103 3142 239 7864 6618 3385 396 83 313 15383 6684 6620 2989 1579 802 1410 1038 155 883 495 10104
cat_boundaries=0 1 2 3 4
cat_threshold=2 2 2 2
is_linear=0
shrinkage=0.06


Tree=19
num_leaves=31
num_cat=4
split_feature=1 1 1 3 3 3 2 3 3 3 3 0 2 2 2 3 3 2 0 3 3 3 2 3 3 0 0 3 3 3
split_gain=147.961 25.4669 2.20655 1.98301 1.33346 0.5907 0.557603 0.527157 0.479962 1.20803 0.450527 0.48419 0.428305 0.283637 0.333039 0.756934 0.32824 0.230834 0.280462 0.484042 0.364058 0.277153 0.234113 0.543478 0.229538 0.235652 0.22811 0.441683 0.601154 1.17287
threshold=772.20001220703136 594.00000000000011 675.00000000000011 11.500000000000002 12.500000000000002 12.500000000000002 3.4000000059604649 20.500000000000004 18.500000000000004 19.500000000000004 14.500000000000002 0 3.4000000059604649 1.0000000180025095e-35 3.4000000059604649 15.500000000000002 18.500000000000004 3.4000000059604649 1 19.500000000000004 19.500000000000004 11.500000000000002 1.0000000180025095e-35 15.500000000000002 22.500000000000004 2 3 12.500000000000002 18.500000000000004 17.500000000000004
decision_type=2 2 2 2 2 2 2 2 2 2 2 1 2 2 2 2 2 2 1 2 2 2 2 2 2 1 1 2 2 2
left_child=1 3 4 -1 -3 -2 7 -6 10 -10 -7 -12 -11 26 15 -15 -16 18 20 21 22 -20 23 -4 -9 -26 27 -5 29 -29
right_child=5 2 17 13 6 8 -8 24 9 12 11 -13 -14 14 16 -17 -18 -19 19 -21 -22 -23 -24 -25 25 -27 -28 28 -30 -31
leaf_value=-4.1303294397824946 1.2986499782185001 -1.7601630169679925 -0.35476798236229795 -2.7097387560556987 -1.3409000291320057 2.5327613097546999 -2.9162579974888101 -0.91948836664089639 1.2685377566635201 3.1994439947964133 2.3251051244082279 6.4319350770041268 2.3490182586602941 -2.2169134630869483 -1.7440234909189758 0.71344524227187323 -4.2544450494051667 -0.27389114289232791 -3.7395898852770664 -2.7158445010254626 2.3668643398777611 0.92002895155494335 -0.87072588093651349 -5.0417162607983528 -1.1714488895171415 2.6088184131455661 -3.4531315393482633 -3.6990667812408913 -2.6896599693445342 -4.8370011779488324
leaf_weight=253 2813 2973 23 449 15383 7150 127 3068 2857 981 23 22 7716 37 168 46 145 1898 22 20 35 155 187 23 40 34 1300 662 495 83
leaf_count=253 2813 2973 23 449 15383 7150 127 3068 2857 981 23 22 7716 37 168 46 145 1898 22 20 35 155 187 23 40 34 1300 662 495 83
internal_value=-0.000215906 -0.00312314 -0.00241371 -0.00780099 -0.00260393 0.00350895 -0.00241583 -0.00238866 0.00363059 0.00339103 0.00401529 0.01 0.00374267 -0.00741802 -0.00590909 -0.00253012 -0.00680511 -0.000672873 -0.00187097 -0.000152284 -0.00313433 0.000847458 -0.00399142 -0.00782609 -0.00168046 0.00162162 -0.00761793 -0.00715808 -0.00774194 -0.00881879
internal_weight=49188 27626 23988 3638 21625 21562 18652 18525 18749 11554 7195 45 8697 3385 396 83 313 2363 465 197 268 177 233 46 3142 74 2989 1689 1240 745
internal_count=49188 27626 23988 3638 21625 21562 18652 18525 18749 11554 7195 45 8697 3385 396 83 313 2363 465 197 268 177 233 46 3142 74 2989 1689 1240 745
cat_boundaries=0 1 2 3 4
cat_threshold=2 2 2 2
is_linear=0
shrinkage=0.06


Tree=20
num_leaves=31
num_cat=4
split_feature=1 1 1 3 3 3 3 3 3 2 2 0 2 3 0 2 3 2 0 3 3 3 3 3 3 3 0 3 3 2
split_gain=132.994 23.6586 1.99806 1.69864 1.29493 0.522836 0.483816 0.599113 0.955778 0.355648 0.344163 0.368182 0.305323 0.289992 0.708344 0.289752 0.326963 0.240336 0.231257 0.363049 0.619788 0.813598 0.57843 0.525044 0.336875 0.898145 0.226098 0.451291 0.364058 0.234113
threshold=772.20001220703136 594.00000000000011 675.00000000000011 11.500000000000002 12.500000000000002 20.500000000000004 12.500000000000002 18.500000000000004 19.500000000000004 3.4000000059604649 1.0000000180025095e-35 0 3.4000000059604649 14.500000000000002 1 3.4000000059604649 22.500000000000004 3.4000000059604649 2 12.500000000000002 18.500000000000004 17.500000000000004 15.500000000000002 19.500000000000004 14.500000000000002 15.500000000000002 3 19.500000000000004 19.500000000000004 1.0000000180025095e-35
decision_type=2 2 2 2 2 2 2 2 2 2 2 1 2 2 1 2 2 2 1 2 2 2 2 2 2 2 1 2 2 2
left_child=1 3 4 -1 -3 17 -2 13 -9 -10 18 -12 26 -8 -15 16 -7 -6 19 -5 21 22 -21 -22 -20 -26 28 -28 29 -4
right_child=6 2 12 10 5 15 7 8 9 -11 11 -13 -14 14 -16 -17 -18 -19 24 20 23 -23 -24 -25 25 -27 27 -29 -30 -31
leaf_value=-3.8825096733955453 1.2207309795253922 -1.6545532359499111 -3.4855816933535766 -2.5471544306923577 -1.2604460273840823 -0.86431906464244546 2.3807956311694158 1.1924254912637116 3.0074773551086285 2.2080771631406764 -3.7907075699093817 -1.4405960429129323 -0.25745767431878674 2.1855988169437364 6.0460189723838784 -3.4470255895905257 0.70315750186169901 -2.6377105972342441 -3.5770197944967959 -3.7020065023937843 -1.9655331788010471 -4.5467811072718991 -0.56373907738034401 -3.6210710026586614 -1.3682852145576088 -3.3305519462459889 0.11957737795674347 -2.5528938309639351 2.2248524794850937 -0.81848232808031973
leaf_weight=253 2813 2973 46 449 15383 3068 7150 2857 981 7716 220 176 1898 23 22 41 74 86 673 616 320 83 46 175 131 496 177 20 35 187
leaf_count=253 2813 2973 46 449 15383 3068 7150 2857 981 7716 220 176 1898 23 22 41 74 86 673 616 320 83 46 175 131 496 177 20 35 187
internal_value=-0.000206148 -0.00296243 -0.00227864 -0.00747114 -0.00245965 -0.00227429 0.00332529 0.00343538 0.00316773 0.00348051 -0.00711669 -0.00545455 -0.000622091 0.00386518 0.00866667 -0.00157399 -0.00150859 -0.00241839 -0.0073369 -0.00687389 -0.00740323 -0.00849664 -0.00779456 -0.00575758 -0.00793846 -0.0069378 -0.002 -0.000456853 -0.00313433 -0.00399142
internal_weight=49188 27626 23988 3638 21625 18652 21562 18749 11554 8697 3385 396 2363 7195 45 3183 3142 15469 2989 1689 1240 745 662 495 1300 627 465 197 268 233
internal_count=49188 27626 23988 3638 21625 18652 21562 18749 11554 8697 3385 396 2363 7195 45 3183 3142 15469 2989 1689 1240 745 662 495 1300 627 465 197 268 233
cat_boundaries=0 1 2 3 4
cat_threshold=2 2 2 2
is_linear=0
shrinkage=0.06


Tree=21
num_leaves=31
num_cat=4
split_feature=1 1 1 3 3 2 3 3 3 3 2 2 3 3 2 3 0 0 2 3 1 3 0 3 2 0 3 3 2 3
split_gain=118.575 20.2912 1.75919 1.72522 1.11613 0.527206 0.47728 0.426852 0.7595 0.949959 0.376013 0.349429 0.715841 0.360535 0.316679 0.305298 0.708344 0.304956 0.300753 0.249319 0.244169 0.235324 0.232033 0.395238 0.662018 0.226098 0.451291 0.364058 0.234113 0.543478
threshold=772.20001220703136 594.00000000000011 675.00000000000011 11.500000000000002 12.500000000000002 1.0000000180025095e-35 20.500000000000004 12.500000000000002 18.500000000000004 19.500000000000004 3.4000000059604649 3.4000000059604649 15.500000000000002 18.500000000000004 3.4000000059604649 14.500000000000002 0 1 3.4000000059604649 20.500000000000004 1179.3599853515627 13.500000000000002 2 20.500000000000004 1.0000000180025095e-35 3 19.500000000000004 19.500000000000004 1.0000000180025095e-35 15.500000000000002
decision_type=2 2 2 2 2 2 2 2 2 2 2 2 2 2 2 2 1 1 2 2 2 2 1 2 2 1 2 2 2 2
left_child=1 3 4 -1 -3 -5 -6 -2 15 -10 22 12 -7 -13 25 21 -17 -15 -8 -12 -21 -9 -11 -24 -25 27 -27 28 29 -4
right_child=7 2 14 5 6 11 18 8 9 10 19 13 -14 17 -16 16 -18 -19 -20 20 -22 -23 23 24 -26 26 -28 -29 -30 -31
leaf_value=-3.6495590929918102 1.1474871207538717 -1.5552800417929142 -0.12434700181934659 -2.9417021402214232 -1.1899377255719559 -1.8564562011071688 -0.78933186900608454 2.0420349950526222 1.1208799617878866 3.2221087713416203 2.0166600382350452 -1.5529463188890622 0.75707429031033824 -4.9509538538702484 -0.24201021385966215 2.0544628879271114 5.6832578340408464 -1.8080640889319055 -3.2402040542150914 2.1277025943807235 21.971874026985709 2.9565618921129611 1.884899807552108 0.57588675801766842 5.3778482204200166 0.1124027352793405 -2.399720201106097 2.091361330715988 -0.76937338839549962 -4.5300783835492391
leaf_weight=253 2813 2973 23 2989 15469 37 3142 5228 2857 556 4710 168 46 84 1898 23 22 61 41 2985 21 1922 267 57 101 177 20 35 187 23
leaf_count=253 2813 2973 23 2989 15469 37 3142 5228 2857 556 4710 168 46 84 1898 23 22 61 41 2985 21 1922 267 57 101 177 20 35 187 23
internal_value=-0.000181752 -0.00278433 -0.00215108 -0.00695987 -0.00232092 -0.00660266 -0.00214883 0.00315277 0.00325617 0.00295482 0.00326664 -0.00454545 -0.00108434 -0.00546326 -0.000596699 0.0037401 0.00866667 -0.00765517 -0.00147974 0.00312597 0.00355289 0.00370909 0.00437309 0.00331765 0.0056962 -0.002 -0.000456853 -0.00313433 -0.00399142 -0.00782609
internal_weight=49188 27626 23988 3638 21625 3385 18652 21562 18749 11554 8697 396 83 313 2363 7195 45 145 3183 7716 3006 7150 981 425 158 465 197 268 233 46
internal_count=49188 27626 23988 3638 21625 3385 18652 21562 18749 11554 8697 396 83 313 2363 7195 45 145 3183 7716 3006 7150 981 425 158 465 197 268 233 46
cat_boundaries=0 1 2 3 4
cat_threshold=2 2 2 2
is_linear=0
shrinkage=0.06


Tree=22
num_leaves=31
num_cat=2
split_feature=1 1 3 2 3 2 3 0 3 3 3 2 2 3 3 3 2 2 2 3 3 2 2 3 2 3 3 3 0 3
split_gain=103.73 19.0266 1.79279 1.49511 0.860478 0.589294 0.37332 0.326371 0.622574 0.291832 0.584839 0.447905 0.40248 0.266238 0.508855 0.267807 0.615116 0.432543 0.263675 0.715841 0.250653 0.223765 0.223659 0.249195 0.215002 0.194623 0.186499 0.317593 0.361532 0.277327
threshold=772.20001220703136 594.00000000000011 11.500000000000002 1.0000000180025095e-35 12.500000000000002 1.0000000180025095e-35 20.500000000000004 0 20.500000000000004 14.500000000000002 19.500000000000004 3.4000000059604649 3.4000000059604649 15.500000000000002 12.500000000000002 13.500000000000002 3.4000000059604649 3.4000000059604649 3.4000000059604649 15.500000000000002 12.500000000000002 3.4000000059604649 1.0000000180025095e-35 13.500000000000002 3.4000000059604649 13.500000000000002 15.500000000000002 13.500000000000002 1 19.500000000000004
decision_type=2 2 2 2 2 2 2 1 2 2 2 2 2 2 2 2 2 2 2 2 2 2 2 2 2 2 2 2 1 2
left_child=1 2 -1 4 -3 -4 26 9 13 20 11 -11 -12 14 -9 17 -17 -16 19 -7 21 -2 25 -24 -25 -22 27 28 -6 -28
right_child=7 3 5 -5 6 18 -8 8 -10 10 12 -13 -14 -15 15 16 -18 -19 -20 -21 22 -23 23 24 -26 -27 29 -29 -30 -31
leaf_value=-3.4305855474123015 3.2255014426904651 -1.4402689033478395 -2.7652000118081377 -0.34295538109278023 -1.3736872844332788 -1.7450688290407357 -0.76368277229540582 0.7863566745906212 2.2533820813155399 -0.28355922938722528 3.0287822450611248 1.2801396152524898 1.919284992283135 1.643251378323755 0.5736794366441359 3.959874601543663 2.5645954179394677 1.9245247269989658 -2.3358834313572787 0.71164983289171679 3.4608658503748164 1.0905836942898872 1.9914001023807144 3.3099507770192256 2.9373106325818275 -0.20737987759679072 -1.4946559515780153 -0.62869840653463593 -0.8486483562106264 -1.1035890694595105
leaf_weight=253 204 3007 2989 2702 3298 37 3042 1246 1468 154 556 1450 4303 3652 366 172 688 1979 313 46 107 1363 2776 98 876 104 2194 2588 2649 4508
leaf_count=253 204 3007 2989 2702 3298 37 3042 1246 1468 154 556 1450 4303 3652 366 172 688 1979 313 46 107 1363 2776 98 876 104 2194 2588 2649 4508
internal_value=-0.000152476 -0.00258669 -0.00663002 -0.00197349 -0.00214225 -0.00626588 -0.00198753 0.00296633 0.00270505 0.00317488 0.00290113 0.00190773 0.00322906 0.00249907 0.0028106 0.00321061 0.00411628 0.00287846 -0.00409091 -0.00108434 0.00349493 0.00285258 0.00374905 0.003856 0.00468172 0.00184834 -0.00210868 -0.00192267 -0.00216412 -0.00234557
internal_weight=49188 27626 3638 23988 21286 3385 18279 21562 9571 11991 6463 1604 4859 8103 4451 3205 860 2345 396 83 5528 1567 3961 3750 974 211 15237 8535 5947 6702
internal_count=49188 27626 3638 23988 21286 3385 18279 21562 9571 11991 6463 1604 4859 8103 4451 3205 860 2345 396 83 5528 1567 3961 3750 974 211 15237 8535 5947 6702
cat_boundaries=0 1 2
cat_threshold=2 2
is_linear=0
shrinkage=0.06


Tree=23
num_leaves=31
num_cat=4
split_feature=1 1 3 2 3 2 3 0 3 2 3 3 2 2 3 0 2 3 3 2 3 0 3 3 3 0 3 2 2 3
split_gain=93.0413 17.8101 1.47852 1.34577 0.723127 0.547308 0.337994 0.256286 0.588192 0.292771 0.274086 0.490802 0.5375 0.344065 0.270755 0.212247 0.211675 0.187331 0.94505 0.453861 0.231974 0.185937 0.267595 0.164113 0.29364 0.276275 0.187498 0.163677 0.536614 0.158833
threshold=772.20001220703136 594.00000000000011 11.500000000000002 1.0000000180025095e-35 12.500000000000002 1.0000000180025095e-35 20.500000000000004 0 20.500000000000004 3.4000000059604649 15.500000000000002 13.500000000000002 3.4000000059604649 3.4000000059604649 12.500000000000002 1 3.4000000059604649 19.500000000000004 15.500000000000002 1.0000000180025095e-35 13.500000000000002 2 22.500000000000004 17.500000000000004 13.500000000000002 3 19.500000000000004 1.0000000180025095e-35 3.4000000059604649 18.500000000000004
decision_type=2 2 2 2 2 2 2 1 2 2 2 2 2 2 2 1 2 2 2 2 2 1 2 2 2 1 2 2 2 2
left_child=1 2 -1 4 -3 -4 23 9 10 17 11 13 -13 -9 -15 -7 -17 18 19 20 -2 -8 -23 24 25 -6 -25 -10 -29 -5
right_child=7 3 5 29 6 15 21 8 27 -11 -12 12 -14 14 -16 16 -18 -19 -20 -21 -22 22 -24 26 -26 -27 -28 28 -30 -31
leaf_value=-3.2247504145675632 3.2532138993523265 -1.3538527691469697 -2.5992880110996497 -0.56608458395758587 -1.291266047367285 -3.2279951046506015 -0.97589220146549449 0.57474451028923568 0.40613062765767832 1.6670667098968839 1.5446562956243315 3.7222821254510428 2.4107196928630992 0.75591634028854515 1.8090532433790303 0.43918498356843089 -1.5881568345248853 2.8470553103574545 -0.49540115884635266 3.074689641324194 -0.36093360060475105 -0.46338914970768197 2.4314631097700974 -1.4195270296817717 -0.59097650214255504 -0.79772945483798596 -1.0373737252919386 4.9199744023158862 2.0321763488194211 0.061365650965951771
leaf_weight=253 107 3007 2989 1834 3298 220 1643 561 57 10434 3652 172 688 1051 1979 38 138 556 142 641 111 1366 33 2176 2606 2649 4508 101 1310 868
leaf_count=253 107 3007 2989 1834 3298 220 1643 561 57 10434 3652 172 688 1051 1979 38 138 556 142 641 111 1366 33 2176 2606 2649 4508 101 1310 868
internal_value=-0.000148817 -0.00245421 -0.00636614 -0.00186093 -0.00202105 -0.00603545 -0.00187921 0.00280493 0.0025734 0.00298974 0.0023732 0.00268928 0.00397674 0.00238095 0.00263366 -0.00393939 -0.00238636 0.00375723 0.00326673 0.0040163 0.00165138 -0.00130178 -0.000793424 -0.00199449 -0.00182041 -0.00205314 -0.00221724 0.00367847 0.00380581 -0.000599556
internal_weight=49188 27626 3638 23988 21286 3385 18279 21562 9571 11991 8103 4451 860 3591 3030 396 176 1557 1001 859 218 3042 1399 15237 8553 5947 6684 1468 1411 2702
internal_count=49188 27626 3638 23988 21286 3385 18279 21562 9571 11991 8103 4451 860 3591 3030 396 176 1557 1001 859 218 3042 1399 15237 8553 5947 6684 1468 1411 2702
cat_boundaries=0 1 2 3 4
cat_threshold=2 2 2 2
is_linear=0
shrinkage=0.06


Tree=24
num_leaves=31
num_cat=5
split_feature=1 1 3 2 3 2 3 3 3 3 3 0 3 2 2 3 1 1 3 3 0 3 3 0 3 3 0 3 3 0
split_gain=83.5582 15.6368 1.71906 1.30738 0.633989 0.438113 0.341951 0.251155 0.449681 0.652147 0.392407 0.708344 0.296752 0.250847 0.213203 0.715841 0.20018 0.195874 0.179557 0.30024 0.258135 0.179177 0.171075 0.626785 0.413022 0.167766 0.191296 0.157221 0.499988 0.626856
threshold=772.20001220703136 594.00000000000011 11.500000000000002 1.0000000180025095e-35 12.500000000000002 1.0000000180025095e-35 20.500000000000004 12.500000000000002 18.500000000000004 19.500000000000004 14.500000000000002 0 13.500000000000002 3.4000000059604649 3.4000000059604649 15.500000000000002 1179.3599853515627 675.00000000000011 17.500000000000004 13.500000000000002 1 19.500000000000004 12.500000000000002 2 14.500000000000002 18.500000000000004 3 17.500000000000004 18.500000000000004 4
decision_type=2 2 2 2 2 2 2 2 2 2 2 1 2 2 2 2 2 2 2 2 1 2 2 1 2 2 1 2 2 1
left_child=1 2 -1 4 17 22 18 -2 10 -10 12 -12 -9 -11 15 -7 -15 -3 19 20 -6 -20 23 -4 -24 -16 -27 -26 29 -29
right_child=7 3 5 -5 6 14 -8 8 9 13 11 -13 -14 16 25 -17 -18 -19 21 -21 -22 -23 24 -25 27 26 -28 28 -30 -31
leaf_value=-3.0312653896935102 0.92920027588685794 -1.2943159389356491 -1.8959537550630625 -0.30037987716197334 -1.2137900845252512 -1.4466849930192529 -0.66072551019787618 1.6995067352726754 0.87679478457165716 2.522660264912099 1.7543627351425266 5.097365680455872 2.4928930848065463 1.728046761246087 -1.2243271238027886 0.67034914593271644 8.3094017123709776 0.42895630906919446 -1.3343554079008686 -0.55551791201400191 -0.7498656875477081 -0.97513130177442464 -2.7826117173195892 -3.0490761195087179 -1.4790933432660551 -4.3200639104775584 -1.4641378276430623 -3.7756028310478267 -2.2265631523086675 -2.8181088650928858
leaf_weight=253 2813 2973 449 2702 3298 37 3042 5228 2857 981 23 22 1922 7689 168 46 27 34 2176 2606 2649 4508 777 353 372 84 61 83 883 72
leaf_count=253 2813 2973 449 2702 3298 37 3042 5228 2857 981 23 22 1922 7689 168 46 27 34 2176 2606 2649 4508 777 353 372 84 61 83 883 72
internal_value=-0.000169554 -0.0023543 -0.00601979 -0.0017984 -0.00195622 -0.00566322 -0.0018234 0.00262963 0.00270894 0.00247706 0.00308131 0.00866667 0.00304615 0.00273543 -0.00378788 -0.00108434 0.00262053 -0.00276355 -0.00193936 -0.00175728 -0.0019926 -0.00217235 -0.00591168 -0.00516209 -0.00618656 -0.00450479 -0.006 -0.00557447 -0.00595376 -0.00909677
internal_weight=49188 27626 3638 23988 21286 3385 18279 21562 18749 11554 7195 45 7150 8697 396 83 7716 3007 15237 8553 5947 6684 2989 802 2187 313 145 1410 1038 155
internal_count=49188 27626 3638 23988 21286 3385 18279 21562 18749 11554 7195 45 7150 8697 396 83 7716 3007 15237 8553 5947 6684 2989 802 2187 313 145 1410 1038 155
cat_boundaries=0 1 2 3 4 5
cat_threshold=2 2 2 2 2
is_linear=0
shrinkage=0.06


Tree=25
num_leaves=31
num_cat=6
split_feature=1 1 3 2 3 2 3 2 3 3 3 3 0 3 3 3 3 0 2 0 1 3 3 3 3 0 0 0 3 2
split_gain=73.8684 13.3062 1.35428 1.22333 0.650406 0.341056 0.326799 0.312844 0.523721 0.249296 0.231688 0.22396 0.266647 0.195115 0.642413 0.458606 0.418609 0.708344 0.194819 0.232189 0.18903 0.185393 0.183181 1.00785 1.1328 0.488787 0.475002 0.250352 0.716374 0.294033
threshold=772.20001220703136 594.00000000000011 11.500000000000002 1.0000000180025095e-35 12.500000000000002 1.0000000180025095e-35 20.500000000000004 3.4000000059604649 15.500000000000002 21.500000000000004 17.500000000000004 13.500000000000002 0 18.500000000000004 19.500000000000004 12.500000000000002 14.500000000000002 1 3.4000000059604649 2 675.00000000000011 19.500000000000004 18.500000000000004 17.500000000000004 15.500000000000002 3 4 5 21.500000000000004 3.4000000059604649
decision_type=2 2 2 2 2 2 2 2 2 2 2 2 1 2 2 2 2 1 2 1 2 2 2 2 2 1 1 1 2 2
left_child=1 2 -1 4 20 -4 10 8 -7 13 11 12 -6 15 18 -2 -17 -18 19 -15 -3 -12 23 24 26 -25 -5 29 -29 -24
right_child=9 3 5 22 6 7 -8 -9 -10 -11 21 -13 -14 14 -16 16 17 -19 -20 -21 -22 -23 27 25 -26 -27 -28 28 -30 -31
leaf_value=-2.849389466311901 0.87344825933364745 -1.2166569825995133 -2.3014767745092444 -0.78645920259582336 -1.1409626794537349 -1.3598838934380955 -0.62108197958600608 -2.026981387976182 0.6301281971767525 6.1814645501573411 -1.2542940834268188 -0.52218683729316129 -0.7048737462948429 -0.51828477638987125 1.7201565210443459 1.7696591338906933 1.6491009710339743 4.7915237396285226 0.90055672640360851 1.6846912251029653 0.40321893052504038 -0.91662342366795657 1.042547286184208 -3.3368550147265066 2.1771811483342889 -5.8740384973480326 0.11142490636445472 -0.19560547043859627 -6.8802605675377659 0.075706504537711217
leaf_weight=253 2813 2973 2989 940 3298 37 3042 313 46 49 2176 2606 2649 140 8648 7150 23 22 2614 103 34 4508 140 49 36 40 769 360 20 348
leaf_count=253 2813 2973 2989 940 3298 37 3042 313 46 49 2176 2606 2649 140 8648 7150 23 22 2614 103 34 4508 140 49 36 40 769 360 20 348
internal_value=-0.000171993 -0.00222616 -0.00560748 -0.00171336 -0.00186602 -0.00529099 -0.0017315 -0.00363636 -0.000361446 0.00245988 -0.00184485 -0.00163802 -0.00184126 0.00245015 0.00228162 0.00264388 0.00289785 0.00866667 0.00150158 -0.000123457 -0.00268374 -0.00210952 -0.000510733 -0.0008506 -0.000532951 -0.00707865 -0.000754827 0.000207373 -0.000947368 0.00110656
internal_weight=49188 27626 3638 23988 21286 3385 18279 396 83 21562 15237 8553 5947 21513 11505 10008 7195 45 2857 243 3007 6684 2702 1834 1745 89 1709 868 380 488
internal_count=49188 27626 3638 23988 21286 3385 18279 396 83 21562 15237 8553 5947 21513 11505 10008 7195 45 2857 243 3007 6684 2702 1834 1745 89 1709 868 380 488
cat_boundaries=0 1 2 3 4 5 6
cat_threshold=2 2 2 2 2 2
is_linear=0
shrinkage=0.06


Tree=26
num_leaves=31
num_cat=5
split_feature=1 1 3 1 3 2 2 2 3 2 3 3 3 3 3 0 0 3 3 3 3 3 0 2 0 3 0 2 3 3
split_gain=66.2546 12.427 1.35028 1.03863 0.792999 0.522208 0.312898 0.3093 0.296096 0.284566 0.523721 0.264784 0.21354 0.209026 0.223389 0.374219 0.201804 0.245028 0.193485 0.575131 0.536231 0.350592 0.708344 0.20082 0.191296 0.171754 0.141341 0.14085 0.21842 0.801328
threshold=772.20001220703136 594.00000000000011 11.500000000000002 675.00000000000011 12.500000000000002 3.4000000059604649 1.0000000180025095e-35 1.0000000180025095e-35 20.500000000000004 3.4000000059604649 15.500000000000002 21.500000000000004 18.500000000000004 17.500000000000004 13.500000000000002 0 1 19.500000000000004 18.500000000000004 13.500000000000002 19.500000000000004 14.500000000000002 2 3.4000000059604649 3 12.500000000000002 4 3.4000000059604649 18.500000000000004 17.500000000000004
decision_type=2 2 2 2 2 2 2 2 2 2 2 2 2 2 2 1 1 2 2 2 2 2 1 2 1 2 1 2 2 2
left_child=1 2 -1 4 -3 6 8 -4 13 10 -9 18 -11 14 15 -6 -15 -18 19 25 -20 -21 -23 -22 -14 -2 -10 -5 29 -29
right_child=11 3 7 27 5 -7 -8 9 26 12 -12 -13 24 16 -16 -17 17 -19 20 21 23 22 -24 -25 -26 -27 -28 28 -30 -31
leaf_value=-2.6784260983331873 0.82104136377363146 -1.143657563643544 -2.1633881680386864 -0.51259989231133429 -1.072504918686509 -2.4457439221202342 0.090417373600610057 -1.278290859831809 -0.84043021999053047 -1.029248613096047 0.592320505346147 5.8105766771479006 -3.9392411925703343 -0.90935146157902635 -0.48601798057119822 -0.6625813215171501 -1.1800270390071501 -0.90266178484944248 0.79103192799665978 2.2371399516847124 1.9948340554760533 1.5501549127719385 4.5040323152508144 1.5288449939961584 -1.2546706747059055 1.4913567831228738 -0.3470629714553729 -0.21250619727058051 0.42139726856232301 -5.6145315047568234
leaf_weight=253 2813 2973 2989 465 3298 127 323 37 1643 168 46 49 84 3621 2593 2649 997 2002 2857 1922 943 23 22 7705 61 5228 1399 1300 551 47
leaf_count=253 2813 2973 2989 465 3298 127 323 37 1643 168 46 49 84 3621 2593 2649 997 2002 2857 1922 943 23 22 7705 61 5228 1399 1300 551 47
internal_value=-0.000163455 -0.00210888 -0.00537658 -0.00161331 -0.00174382 -0.00159876 -0.00157247 -0.00506056 -0.00160532 -0.00348485 -0.000361446 0.0023291 -0.0043131 -0.00171372 -0.00151756 -0.0017202 -0.00196677 -0.00233078 0.00231906 0.00251199 0.00215124 0.00343162 0.00866667 0.00238668 -0.006 0.00228703 -0.00106509 -0.000418959 -0.000189673 -0.000601336
internal_weight=49188 27626 3638 23988 21625 18652 18525 3385 18202 396 83 21562 313 15160 8540 5947 6620 2999 21513 10008 11505 1967 45 8648 145 8041 3042 2363 1898 1347
internal_count=49188 27626 3638 23988 21625 18652 18525 3385 18202 396 83 21562 313 15160 8540 5947 6620 2999 21513 10008 11505 1967 45 8648 145 8041 3042 2363 1898 1347
cat_boundaries=0 1 2 3 4 5
cat_threshold=2 2 2 2 2
is_linear=0
shrinkage=0.06


Tree=27
num_leaves=31
num_cat=5
split_feature=1 1 3 1 3 2 3 2 3 2 2 3 3 3 3 3 3 3 0 1 3 3 0 3 0 0 3 2 0 2
split_gain=58.9172 10.9741 1.54655 0.87929 0.690566 0.541663 0.319344 0.303041 0.235989 0.255564 0.232027 0.523721 0.206937 0.205911 0.200324 0.322591 0.617581 0.371318 0.708344 0.321264 0.262181 0.198387 0.223535 0.180387 0.406524 0.172437 0.19638 0.161165 0.232189 0.152932
threshold=772.20001220703136 594.00000000000011 11.500000000000002 675.00000000000011 12.500000000000002 3.4000000059604649 22.500000000000004 1.0000000180025095e-35 20.500000000000004 1.0000000180025095e-35 3.4000000059604649 15.500000000000002 17.500000000000004 18.500000000000004 20.500000000000004 18.500000000000004 13.500000000000002 14.500000000000002 0 1179.3599853515627 19.500000000000004 16.500000000000004 1 13.500000000000002 2 3 19.500000000000004 3.4000000059604649 4 3.4000000059604649
decision_type=2 2 2 2 2 2 2 2 2 2 2 2 2 2 2 2 2 2 1 2 2 2 1 2 1 1 2 2 1 2
left_child=1 2 -1 4 -3 6 8 -4 9 12 11 -9 23 -12 15 16 -2 -18 -19 -16 27 22 -11 24 -6 -14 -27 28 -17 -22
right_child=14 3 7 -5 5 -7 -8 10 -10 21 13 -13 25 -15 19 20 17 18 -20 -21 29 -23 -24 -25 -26 26 -28 -29 -30 -31
leaf_value=-2.517720532433195 1.1976357697172375 -1.075038109824934 -2.0335848779563683 -0.22201339000930373 -1.0081546235653196 -2.2989992867930229 0.88615455975536173 -1.2015934082418993 -0.55129163823641414 -2.1813704552701014 -0.96749369631028681 0.55678127502537789 -0.85479037388428425 -2.8459522117387723 1.6216390062474091 -0.5346496054862746 2.1029115545836272 1.4571456180056201 4.2337903763357652 19.702923885913776 1.7057689266341014 0.819785322200837 0.090371970604388702 -0.45685690173692589 -0.6228264422261236 -1.1092254166667179 -0.84850207775847586 0.79906140713959528 1.5361478359169904 1.4054352686728759
leaf_weight=253 8041 2973 2989 2363 3298 127 74 37 3068 82 168 46 3621 145 3334 140 1922 23 22 21 632 67 74 2593 2649 997 2002 2614 103 4710
leaf_count=253 8041 2973 2989 2363 3298 127 74 37 3068 82 168 46 3621 145 3334 140 1922 23 22 21 632 67 74 2593 2649 997 2002 2614 103 4710
internal_value=-0.000174433 -0.00200898 -0.00507971 -0.00154327 -0.00166335 -0.00152799 -0.00150121 -0.00474151 -0.00151699 -0.00161282 -0.00318182 -0.000361446 -0.00164248 -0.00392971 0.00217605 0.00209754 0.00232614 0.00327911 0.00866667 0.00260209 0.00181851 0.000403587 -0.000769231 -0.00144731 -0.00162939 -0.00189426 -0.00223074 0.00135457 -0.000123457 0.00206664
internal_weight=49188 27626 3638 23988 21625 18652 18525 3385 18451 15383 396 83 15160 313 21562 18207 10008 1967 45 3355 8199 223 156 8540 5947 6620 2999 2857 243 5342
internal_count=49188 27626 3638 23988 21625 18652 18525 3385 18451 15383 396 83 15160 313 21562 18207 10008 1967 45 3355 8199 223 156 8540 5947 6620 2999 2857 243 5342
cat_boundaries=0 1 2 3 4 5
cat_threshold=2 2 2 2 2
is_linear=0
shrinkage=0.06


Tree=28
num_leaves=31
num_cat=5
split_feature=1 1 3 1 3 2 2 3 2 2 3 3 0 3 1 3 3 0 3 3 2 0 2 3 0 3 3 3 0 2
split_gain=52.1234 10.2759 1.53104 0.802216 0.633514 0.56968 0.27973 0.266233 0.228631 0.207767 0.523721 0.198387 0.223535 0.191488 0.33381 0.273625 0.528946 0.708344 0.378354 0.211989 0.167154 0.17361 0.159317 0.156283 0.303571 0.197584 0.738879 0.731883 0.631873 0.294845
threshold=772.20001220703136 594.00000000000011 11.500000000000002 675.00000000000011 12.500000000000002 3.4000000059604649 1.0000000180025095e-35 20.500000000000004 1.0000000180025095e-35 3.4000000059604649 15.500000000000002 16.500000000000004 0 20.500000000000004 1179.3599853515627 18.500000000000004 14.500000000000002 1 13.500000000000002 19.500000000000004 3.4000000059604649 2 1.0000000180025095e-35 13.500000000000002 3 18.500000000000004 17.500000000000004 14.500000000000002 4 1.0000000180025095e-35
decision_type=2 2 2 2 2 2 2 2 2 2 2 2 1 2 2 2 2 1 2 2 2 1 2 2 1 2 2 2 1 2
left_child=1 2 -1 4 -3 7 -4 8 -6 10 -8 12 -10 15 -15 16 18 -18 -2 -17 21 22 -21 24 -5 26 27 -25 -28 -27
right_child=13 3 6 23 5 -7 9 -9 11 -11 -12 -13 -14 14 -16 19 17 -19 -20 20 -22 -23 -24 25 -26 29 28 -29 -30 -31
leaf_value=-2.3666573004872031 1.1257776235341999 -1.0105358232354364 -1.9115697852789844 -0.43377626347942738 -0.76302537813780869 -2.1610593295854437 -1.1294978037473833 -0.50031374931722894 -2.0504882279538958 -1.6607011726129712 0.52337439852385381 0.770598202868789 0.084949652368128445 1.5243406658725656 18.520748452758948 0.69562632788848755 1.3697168809252844 3.9797629537556225 1.9767368613086067 0.092918726158820839 1.3211091525525001 1.1039261725781011 2.3773707034393281 -0.64989771362507209 1.2328931067506324 -1.617284204949782 -3.0925669169036745 1.4514178413897798 -5.1743517962542001 0.3130188625508481
leaf_weight=253 8041 2973 2989 308 15160 127 37 3142 82 313 46 67 74 3334 21 2857 23 22 1922 51 4710 267 314 920 251 64 49 102 40 629
leaf_count=253 8041 2973 2989 308 15160 127 37 3142 82 313 46 67 74 3334 21 2857 23 22 1922 51 4710 267 314 920 251 64 49 102 40 629
internal_value=-0.000168334 -0.00189387 -0.00486531 -0.00144322 -0.00155792 -0.00142827 -0.0045288 -0.00140081 -0.00150361 -0.0030303 -0.000361446 0.000403587 -0.000769231 0.00204248 0.00245902 0.00196573 0.00217626 0.00866667 0.00214694 0.00170874 0.00193186 0.0028481 0.00369863 -0.000393567 0.000483005 -0.000665188 -0.00116112 -0.000704501 -0.00640449 0.00012987
internal_weight=49188 27626 3638 23988 21625 18652 3385 18525 15383 396 83 223 156 21562 3355 18207 10008 45 9963 8199 5342 632 365 2363 559 1804 1111 1022 89 693
internal_count=49188 27626 3638 23988 21625 18652 3385 18525 15383 396 83 223 156 21562 3355 18207 10008 45 9963 8199 5342 632 365 2363 559 1804 1111 1022 89 693
cat_boundaries=0 1 2 3 4 5
cat_threshold=2 2 2 2 2
is_linear=0
shrinkage=0.06


Tree=29
num_leaves=31
num_cat=5
split_feature=1 1 3 2 3 2 0 2 3 3 1 3 3 3 2 0 3 3 3 0 0 0 3 2 3 3 2 1 3 2
split_gain=45.9902 8.94211 1.2825 0.617809 0.467585 0.339857 0.315657 0.395274 0.283591 0.176475 0.344985 0.223061 0.373091 0.174671 0.206072 0.17361 0.172027 0.810939 1.1328 0.631873 0.475002 0.250352 0.716374 0.294033 1.17268 0.424863 0.159317 0.146017 0.143645 0.157805
threshold=772.20001220703136 594.00000000000011 11.500000000000002 1.0000000180025095e-35 12.500000000000002 1.0000000180025095e-35 0 3.4000000059604649 20.500000000000004 20.500000000000004 1179.3599853515627 18.500000000000004 13.500000000000002 19.500000000000004 3.4000000059604649 1 18.500000000000004 17.500000000000004 15.500000000000002 2 3 4 21.500000000000004 3.4000000059604649 20.500000000000004 19.500000000000004 1.0000000180025095e-35 675.00000000000011 21.500000000000004 1.0000000180025095e-35
decision_type=2 2 2 2 2 2 1 2 2 2 2 2 2 2 2 1 2 2 2 1 1 1 2 2 2 2 2 2 2 2
left_child=1 2 -1 4 27 -4 -7 -8 -6 11 28 12 -2 -13 15 26 17 18 20 -19 -5 23 -23 25 -25 -18 -15 -3 -11 -30
right_child=9 3 5 16 8 6 7 -9 -10 10 -12 13 -14 14 -16 -17 21 19 -20 -21 -22 22 -24 24 -26 -27 -28 -29 29 -31
leaf_value=-2.2246578624579718 1.0582309661221483 -0.94990367384131325 -1.7968755981622462 -0.67817108854329144 -0.71952586702531784 -2.425806725331936 0.46422253258381485 -1.0080315663991337 -0.47685010013944518 1.3571182413764813 17.409503545593417 0.65388874821517895 1.9307356317789162 0.087343602589291996 1.2418426033993513 1.0376906022234151 -0.48730422712514609 -2.9070129018894519 1.9855363841876419 -4.8638906884789481 0.1340738514657164 -0.020499100267289804 -6.409773652648318 0.50505007675234082 -4.3926193861590832 1.5012022956899158 2.2347284612329714 0.44912916744154696 4.0859365920902651 7.9251468472025701
leaf_weight=253 8041 2973 2989 940 15237 220 38 138 3042 3285 21 2857 1967 51 4710 267 27 49 36 40 769 360 20 319 29 113 314 34 26 23
leaf_count=253 8041 2973 2989 940 15237 220 38 138 3042 3285 21 2857 1967 51 4710 267 27 49 36 40 769 360 20 319 29 113 314 34 26 23
internal_value=-0.000142718 -0.00176356 -0.00453546 -0.00134317 -0.00145166 -0.00422747 -0.00257576 -0.000681818 -0.0013376 0.00193396 0.00233383 0.00186027 0.00205036 0.00162825 0.00183077 0.0028481 -0.000488527 -0.000817884 -0.000532951 -0.00640449 -0.000754827 0.000207373 -0.000947368 0.00110656 0.000172414 0.00342857 0.00369863 -0.002145 0.00228554 0.0055102
internal_weight=49188 27626 3638 23988 21286 3385 396 176 18279 21562 3355 18207 10008 8199 5342 632 2702 1834 1745 89 1709 868 380 488 348 140 365 3007 3334 49
internal_count=49188 27626 3638 23988 21286 3385 396 176 18279 21562 3355 18207 10008 8199 5342 632 2702 1834 1745 89 1709 868 380 488 348 140 365 3007 3334 49
cat_boundaries=0 1 2 3 4 5
cat_threshold=2 2 2 2 2
is_linear=0
shrinkage=0.06


Tree=30
num_leaves=31
num_cat=6
split_feature=1 1 3 2 3 2 3 2 3 3 2 0 3 3 1 3 3 3 3 0 3 2 0 1 3 3 3 0 0 0
split_gain=40.4811 7.5072 1.34085 0.560883 0.451323 0.32611 0.236482 0.202402 0.361559 0.187471 0.157805 0.157116 0.222393 0.141582 0.140116 0.130527 0.188462 0.253085 0.155234 0.288142 0.151711 0.174041 0.288244 0.146842 0.129836 0.830046 1.11806 0.631873 0.4166 0.221276
threshold=772.20001220703136 594.00000000000011 11.500000000000002 1.0000000180025095e-35 12.500000000000002 1.0000000180025095e-35 20.500000000000004 3.4000000059604649 15.500000000000002 21.500000000000004 1.0000000180025095e-35 0 22.500000000000004 18.500000000000004 675.00000000000011 20.500000000000004 18.500000000000004 13.500000000000002 14.500000000000002 1 19.500000000000004 3.4000000059604649 2 1179.3599853515627 18.500000000000004 17.500000000000004 15.500000000000002 3 4 5
decision_type=2 2 2 2 2 2 2 2 2 2 2 1 2 2 2 2 2 2 2 1 2 2 1 2 2 2 2 1 1 1
left_child=1 2 -1 4 14 -4 -6 8 -7 15 -11 -8 -13 -9 -3 16 17 -2 -19 -20 21 22 -18 -17 25 26 28 -27 -5 -26
right_child=9 3 5 24 6 7 11 13 -10 10 -12 12 -14 -15 -16 23 20 18 19 -21 -22 -23 -24 -25 29 27 -28 -29 -30 -31
leaf_value=-2.0911783907104948 0.99473710815482264 -0.89290945341083672 -1.6890630622725098 -0.63748082323069299 -0.67635431500379584 -0.91617953200262492 -0.69829707752951431 -0.74932011019094036 0.55081946039486518 3.8407803965648464 7.449638036370418 -0.24614624378927827 2.388768108240324 -2.4300046051577509 0.42218141739505199 1.2756911468938914 -0.58354153372331896 1.7422885117233544 1.1716897301630342 3.6251330386235474 1.1969613971056663 0.67014681814500132 1.3630080611957531 16.364933332857809 0.30974770296133669 -2.7325921277760878 1.8664042011363835 -4.5720572471702123 0.12602942037777437 -0.40854321628148565
leaf_weight=253 8041 2973 2989 940 15237 37 1643 168 46 26 23 1366 33 145 34 3285 140 1922 23 22 5342 2614 103 21 488 49 36 40 769 380
leaf_count=253 8041 2973 2989 940 15237 37 1643 168 46 26 23 1366 33 145 34 3285 140 1922 23 22 5342 2614 103 21 488 49 36 40 769 380
internal_value=-0.000145157 -0.00166582 -0.00420561 -0.00128064 -0.00138401 -0.00389069 -0.00127195 -0.00227273 0.000361446 0.00180317 0.0055102 -0.000788955 -0.000321658 -0.00297125 -0.00206518 0.00179473 0.00173175 0.00190647 0.00251652 0.006 0.00151848 0.00116556 -0.00037037 0.00214156 -0.000466321 -0.000752454 -0.000464183 -0.00640449 -0.000684611 0.000138249
internal_weight=49188 27626 3638 23988 21286 3385 18279 396 83 21562 49 3042 1399 313 3007 21513 18207 10008 1967 45 8199 2857 243 3306 2702 1834 1745 89 1709 868
internal_count=49188 27626 3638 23988 21286 3385 18279 396 83 21562 49 3042 1399 313 3007 21513 18207 10008 1967 45 8199 2857 243 3306 2702 1834 1745 89 1709 868
cat_boundaries=0 1 2 3 4 5 6
cat_threshold=2 2 2 2 2 2
is_linear=0
shrinkage=0.06


Tree=31
num_leaves=31
num_cat=6
split_feature=1 1 3 2 2 3 2 0 3 3 3 3 2 3 3 3 0 0 0 3 2 3 3 0 3 3 3 3 0 1
split_gain=35.3027 6.59317 1.21026 0.573047 0.348607 0.305649 0.272066 0.259734 1 0.20035 0.19951 0.183858 0.157805 0.151933 0.660881 1.11072 0.459121 0.388836 0.15482 0.757895 0.221726 0.79023 0.372714 0.144133 0.143331 0.156777 0.245974 0.169125 0.288142 0.153306
threshold=772.20001220703136 594.00000000000011 11.500000000000002 1.0000000180025095e-35 1.0000000180025095e-35 12.500000000000002 3.4000000059604649 0 15.500000000000002 21.500000000000004 20.500000000000004 18.500000000000004 1.0000000180025095e-35 18.500000000000004 17.500000000000004 15.500000000000002 1 2 3 21.500000000000004 3.4000000059604649 20.500000000000004 19.500000000000004 4 20.500000000000004 18.500000000000004 13.500000000000002 14.500000000000002 5 1179.3599853515627
decision_type=2 2 2 2 2 2 2 1 2 2 2 2 2 2 2 2 1 1 1 2 2 2 2 1 2 2 2 2 1 2
left_child=1 2 -1 5 -4 -3 7 8 -6 24 -7 -8 -11 14 15 17 -16 -5 20 -20 22 -22 -15 -12 25 26 -2 -28 -29 -26
right_child=9 3 4 13 6 10 11 -9 -10 12 23 -13 -14 18 16 -17 -18 -19 19 -21 21 -23 -24 -25 29 -27 27 28 -30 -31
leaf_value=-1.9657076872678669 0.93505288166553324 -0.81764055026868387 -1.5877192785361558 -0.59923197383685078 -8.390933754958974 -0.63577305610356916 -0.70436090357948156 0.40332001300509318 1.8166456213653737 3.6103335727709576 -0.6563992528777407 -2.2842043288482885 7.0026597541881932 -0.47665083567531608 -2.5686366001095209 1.7544199490682035 -4.2977338123400024 0.11846765515510696 0.0052434387256391803 -6.0006746405125266 0.4561622099695205 -4.1476470851672209 1.3925452957708397 -0.21976308927910621 1.1991496780802571 0.91638261172484359 1.6377512010199529 1.101388346353251 3.4076250563061365 15.383037332886337
leaf_weight=253 8041 3007 2989 940 20 15237 168 38 25 26 1643 145 23 27 49 36 40 769 360 20 319 29 113 1399 3285 8199 1922 23 22 21
leaf_count=253 8041 3007 2989 940 20 15237 168 38 25 26 1643 145 23 27 49 36 40 769 360 20 319 29 113 1399 3285 8199 1922 23 22 21
internal_value=-0.000141498 -0.00156157 -0.00394173 -0.0012006 -0.00364254 -0.00130508 -0.0019697 0.00108434 -0.002 0.00167795 -0.00121287 -0.00277955 0.0055102 -0.000377498 -0.000687023 -0.000429799 -0.00573034 -0.000649503 0.000276498 -0.000631579 0.000983607 0.000172414 0.003 -0.000769231 0.00166922 0.00160323 0.00176259 0.00236401 0.006 0.00203267
internal_weight=49188 27626 3638 23988 3385 21286 396 83 45 21562 18279 313 49 2702 1834 1745 89 1709 868 380 488 348 140 3042 21513 18207 10008 1967 45 3306
internal_count=49188 27626 3638 23988 3385 21286 396 83 45 21562 18279 313 49 2702 1834 1745 89 1709 868 380 488 348 140 3042 21513 18207 10008 1967 45 3306
cat_boundaries=0 1 2 3 4 5 6
cat_threshold=2 2 2 2 2 2
is_linear=0
shrinkage=0.06


Tree=32
num_leaves=31
num_cat=6
split_feature=1 1 3 1 3 2 2 0 3 3 2 3 3 3 2 3 3 3 0 2 0 2 0 3 0 2 0 3 3 3
split_gain=31.3185 6.0567 1.03964 0.484431 0.304434 0.285289 0.272066 0.259734 1 0.211559 0.206471 0.192831 0.183858 0.160169 0.157805 0.157768 0.254913 0.216937 0.288142 0.139509 0.435124 0.138048 0.288244 0.130301 0.217099 0.193262 0.312771 0.162152 0.470477 0.715187
threshold=772.20001220703136 594.00000000000011 11.500000000000002 675.00000000000011 12.500000000000002 1.0000000180025095e-35 3.4000000059604649 0 15.500000000000002 21.500000000000004 3.4000000059604649 20.500000000000004 18.500000000000004 12.500000000000002 1.0000000180025095e-35 18.500000000000004 19.500000000000004 14.500000000000002 1 3.4000000059604649 2 3.4000000059604649 3 13.500000000000002 4 1.0000000180025095e-35 5 18.500000000000004 17.500000000000004 15.500000000000002
decision_type=2 2 2 2 2 2 2 1 2 2 2 2 2 2 2 2 2 2 1 2 1 2 1 2 1 2 1 2 2 2
left_child=1 2 -1 4 -3 -4 7 8 -7 13 11 -6 -8 19 -11 17 21 -15 -19 20 -2 22 -17 24 -5 26 -25 28 29 -27
right_child=9 3 5 23 10 6 12 -9 -10 14 -12 -13 -14 15 -16 16 -18 18 -20 -21 -22 -23 -24 25 -26 27 -28 -29 -30 -31
leaf_value=-1.8477652260317949 2.3713825227583083 -0.79027645319006068 -1.4924561218239865 -0.29584512878684333 -0.59085069739385065 -7.8874777296614367 -0.66209924936470999 0.37912081222478716 1.7076468840834491 3.3937135584046993 -1.9534057712005801 -0.37295413772778147 -2.1471520691173893 1.1720031388545045 6.5825001689368987 -0.60351199840341452 1.1005672660521453 1.0353050455720563 3.203167552927765 0.3552836946395973 0.071967814855070172 0.57495505235280919 1.2262446208205164 -2.8548984266663204 1.1362052647256768 -0.33138996823023714 0.22616798663298368 0.25473792008203872 -3.4545676595761665 1.4066956456788011
leaf_weight=253 204 2973 2989 308 15383 20 168 38 25 26 127 3142 145 7150 23 140 8648 23 22 2414 195 2614 103 44 251 976 33 629 89 33
leaf_count=253 204 2973 2989 308 15383 20 168 38 25 26 127 3142 145 7150 23 140 8648 23 22 2414 195 2614 103 44 251 976 33 629 89 33
internal_value=-0.000141498 -0.00147904 -0.00376031 -0.00113307 -0.0012222 -0.00348301 -0.0019697 0.00108434 -0.002 0.00157221 -0.00113232 -0.00111579 -0.00277955 0.00156324 0.0055102 0.00162674 0.00148892 0.00184712 0.006 0.00114113 0.00218045 0.00099755 -0.00037037 -0.000317393 0.000483005 -0.00056541 -0.00350649 -0.000434279 -0.000874317 -0.000505451
internal_weight=49188 27626 3638 23988 21625 3385 396 83 45 21562 18652 18525 313 21513 49 18700 11505 7195 45 2813 399 2857 243 2363 559 1804 77 1727 1098 1009
internal_count=49188 27626 3638 23988 21625 3385 396 83 45 21562 18652 18525 313 21513 49 18700 11505 7195 45 2813 399 2857 243 2363 559 1804 77 1727 1098 1009
cat_boundaries=0 1 2 3 4 5 6
cat_threshold=2 2 2 2 2 2
is_linear=0
shrinkage=0.06


Tree=33
num_leaves=31
num_cat=6
split_feature=1 1 3 2 3 2 3 3 2 2 0 3 0 3 0 3 3 3 0 0 0 3 2 3 3 3 3 3 1 3
split_gain=27.5128 5.33773 0.907692 0.372168 0.222459 0.210728 0.205811 0.164942 0.158513 0.157805 0.152251 0.49 0.148598 0.135384 0.176376 0.130916 0.496006 0.519202 0.313896 0.30588 0.132146 0.757895 0.159607 0.48302 0.323978 0.123216 0.215991 0.180149 0.166651 0.117614
threshold=772.20001220703136 594.00000000000011 11.500000000000002 1.0000000180025095e-35 21.500000000000004 1.0000000180025095e-35 20.500000000000004 12.500000000000002 3.4000000059604649 1.0000000180025095e-35 0 15.500000000000002 1 18.500000000000004 2 18.500000000000004 17.500000000000004 15.500000000000002 3 4 5 21.500000000000004 3.4000000059604649 20.500000000000004 19.500000000000004 18.500000000000004 20.500000000000004 13.500000000000002 1179.3599853515627 12.500000000000002
decision_type=2 2 2 2 2 2 2 2 2 2 1 2 1 2 1 2 2 2 1 1 1 2 2 2 2 2 2 2 2 2
left_child=1 2 -1 6 7 -4 29 -2 10 -6 11 -7 -8 -10 -15 16 17 19 -18 -5 22 -22 24 -24 -17 27 -27 -9 -28 -3
right_child=4 3 5 15 9 8 12 25 13 -11 -12 -13 -14 14 -16 20 18 -19 -20 -21 21 -23 23 -25 -26 26 28 -29 -30 -31
leaf_value=-1.7368993124698864 0.42770019346903154 -0.72116553006115958 -1.4029087545145444 -0.54552734767943201 3.1900907449004192 -7.4142290658817496 -0.59463804944141196 1.0128691268525905 -0.62237329440282785 6.1875501588006836 0.35637356349130184 1.6051880710384399 -0.18420005565869133 -2.8752574542476896 -0.43682767699108577 -0.4633360607397185 -2.2072443445283851 1.5647530133833834 -3.8325957240250363 0.097969098869577914 -0.0067697347846069527 -5.6182569138181062 0.41350820216642886 -3.7815839137851524 1.344443619868225 0.80024133779219253 1.0611666614323099 1.535693483323189 14.394021056950033 -0.56217563089372558
leaf_weight=253 2813 3007 2989 940 26 20 1643 5228 168 23 38 25 1399 84 61 27 49 36 40 769 360 20 319 29 113 8199 3285 1967 21 15237
leaf_count=253 2813 3007 2989 940 26 20 1643 5228 168 23 38 25 1399 84 61 27 49 36 40 769 360 20 319 29 113 8199 3285 1967 21 15237
internal_value=-0.000134179 -0.00138782 -0.00352941 -0.00106303 0.00147203 -0.00327031 -0.00114723 0.00146284 -0.0019697 0.0055102 0.000361446 -0.002 -0.000690335 -0.00258786 -0.00393103 -0.000399704 -0.000687023 -0.000464183 -0.00505618 -0.000614394 0.000207373 -0.000631579 0.000860656 0.000172414 0.00257143 0.00152727 0.00140548 0.00172203 0.00181488 -0.00122342
internal_weight=49188 27626 3638 23988 21562 3385 21286 21513 396 49 83 45 3042 313 145 2702 1834 1745 89 1709 868 380 488 348 140 18700 11505 7195 3306 18244
internal_count=49188 27626 3638 23988 21562 3385 21286 21513 396 49 83 45 3042 313 145 2702 1834 1745 89 1709 868 380 488 348 140 18700 11505 7195 3306 18244
cat_boundaries=0 1 2 3 4 5 6
cat_threshold=2 2 2 2 2 2
is_linear=0
shrinkage=0.06


Tree=34
num_leaves=31
num_cat=6
split_feature=1 1 3 1 2 3 2 3 2 2 3 3 3 0 3 3 3 2 0 3 3 3 0 0 3 3 0 0 3 3
split_gain=24.0144 4.67429 0.904418 0.329884 0.234911 0.233006 0.220754 0.220461 0.232008 0.157805 0.15709 0.283772 0.190831 0.415526 0.142048 0.138619 0.130301 0.193262 0.312771 0.204925 0.458262 0.495008 0.313896 0.145088 0.122158 0.388566 0.488061 0.37291 0.609409 0.121189
threshold=772.20001220703136 594.00000000000011 11.500000000000002 675.00000000000011 1.0000000180025095e-35 21.500000000000004 3.4000000059604649 12.500000000000002 3.4000000059604649 1.0000000180025095e-35 19.500000000000004 14.500000000000002 13.500000000000002 0 12.500000000000002 22.500000000000004 13.500000000000002 1.0000000180025095e-35 1 18.500000000000004 17.500000000000004 14.500000000000002 2 3 17.500000000000004 15.500000000000002 4 5 18.500000000000004 19.500000000000004
decision_type=2 2 2 2 2 2 2 2 2 2 2 2 2 1 2 2 2 2 1 2 2 2 1 1 2 2 1 1 2 2
left_child=1 2 -1 7 10 14 -6 -3 15 -7 11 12 13 -4 -2 -9 23 18 -18 20 21 -19 -22 -5 25 26 -13 28 -26 -10
right_child=5 3 4 16 6 9 -8 8 29 -11 -12 24 -14 -15 -16 -17 17 19 -20 -21 22 -23 -24 -25 27 -27 -28 -29 -30 -31
leaf_value=-1.6326853537216948 0.40203818186088935 -0.69958993419498938 -0.82034814953277646 -0.24536278019886593 0.30387906903061546 2.9986853002063936 -1.1520561444925557 -0.50269656298086374 -1.8731268045790772 5.816297149272641 -1.7757222282877569 -1.6591620856889835 -1.6538460017296914 -1.846420012932001 0.93856644497202291 0.91292824789749372 -2.6498739832127169 -0.45554677986159048 0.24632844528863188 0.15878702768502534 -2.0748096838566834 1.2284087261350647 -3.602639980583533 1.0621548029099563 -2.5663241159193841 0.26517565210785732 0.28367145396513704 -1.6672644103777816 -0.23289344388114158 -1.4956517858339724
leaf_weight=253 2813 2973 450 308 83 26 313 18451 52 23 306 159 774 355 18700 74 44 920 33 629 49 89 40 251 83 82 131 329 320 75
leaf_count=253 2813 2973 450 308 83 26 313 18451 52 23 306 159 774 355 18700 74 44 920 33 629 49 89 40 251 83 82 131 329 320 75
internal_value=-0.000123201 -0.00129443 -0.00329852 -0.000990495 -0.00303988 0.00137742 -0.00166667 -0.00106405 -0.000987562 0.0055102 -0.00322181 -0.00307492 -0.00359088 -0.0029441 0.00136801 -0.00097004 -0.000317393 -0.00056541 -0.00350649 -0.000434279 -0.000928962 -0.000564916 -0.00505618 0.000483005 -0.00233696 -0.00145161 -0.00248276 -0.00278689 -0.00156328 -0.00354331
internal_weight=49188 27626 3638 23988 3385 21562 396 21625 18652 49 2989 2683 1579 805 21513 18525 2363 1804 77 1727 1098 1009 89 559 1104 372 290 732 403 127
internal_count=49188 27626 3638 23988 3385 21562 396 21625 18652 49 2989 2683 1579 805 21513 18525 2363 1804 77 1727 1098 1009 89 559 1104 372 290 732 403 127
cat_boundaries=0 1 2 3 4 5 6
cat_threshold=2 2 2 2 2 2
is_linear=0
shrinkage=0.06


Tree=35
num_leaves=31
num_cat=7
split_feature=1 1 3 2 1 3 2 3 3 3 2 0 2 3 0 3 3 3 2 0 3 3 3 0 0 3 0 3 0 3
split_gain=20.9619 4.06047 0.663252 0.279914 0.253613 0.244117 0.229999 0.2215 0.191357 0.265702 0.174799 0.162597 0.157805 0.14862 0.415526 0.131777 0.12172 0.2185 0.193262 0.312771 0.162152 0.470477 0.481326 0.313896 0.129049 0.121189 0.138528 0.107167 0.405193 0.501555
threshold=772.20001220703136 594.00000000000011 11.500000000000002 1.0000000180025095e-35 675.00000000000011 21.500000000000004 3.4000000059604649 12.500000000000002 14.500000000000002 19.500000000000004 3.4000000059604649 0 1.0000000180025095e-35 13.500000000000002 1 22.500000000000004 11.500000000000002 13.500000000000002 1.0000000180025095e-35 2 18.500000000000004 17.500000000000004 14.500000000000002 3 4 19.500000000000004 5 17.500000000000004 6 18.500000000000004
decision_type=2 2 2 2 2 2 2 2 2 2 2 1 2 2 1 2 2 2 2 1 2 2 2 1 1 2 1 2 1 2
left_child=1 2 -1 8 6 -2 7 -3 13 27 -5 -11 -7 14 -4 -9 -6 24 19 -19 21 22 -20 -23 -18 -8 -27 -10 29 -29
right_child=5 4 3 10 16 12 25 15 9 11 -12 -13 -14 -15 -16 -17 17 18 20 -21 -22 23 -24 -25 -26 26 -28 28 -30 -31
leaf_value=-1.5347242324983938 0.80294561504665574 -0.6576145381432934 -0.77112726056080638 0.28564632488878033 -1.7768912063161086 2.8187641821940108 -1.7607391963043313 -0.47253476920201137 -0.40245536494680206 -1.6825556646100199 -1.082932775823001 -1.0686343672803444 5.4673193203162844 -1.5546152416259109 -1.7356348121560836 0.85815255302364213 -0.023801413777557626 -2.4908815442199534 -0.42821397306989412 0.23154873857131178 0.14925980602392655 -1.9503211028252849 1.1547042025669612 -3.3864815817485234 1.4544483397985846 -2.5527065030821072 0.2179432501742849 -2.4123446689642218 -1.5672285457551129 -0.21891983724827241
leaf_weight=253 21513 2973 450 83 79 26 52 18451 372 175 313 131 23 774 355 74 268 44 920 33 629 49 89 40 212 42 33 83 329 320
leaf_count=253 21513 2973 450 83 79 26 52 18451 372 175 313 131 23 774 355 74 268 44 920 33 629 49 89 40 212 42 33 83 329 320
internal_value=-0.000121981 -0.00121625 -0.00308411 -0.00286263 -0.000932966 0.00128003 -0.000997457 -0.000982417 -0.00306122 -0.00255319 -0.00136364 -0.00411765 0.0055102 -0.00351488 -0.0029441 -0.000905263 -0.000342785 -0.000262697 -0.00056541 -0.00350649 -0.000434279 -0.000874317 -0.000505451 -0.00505618 0.000875 -0.00354331 -0.002 -0.00211957 -0.00254098 -0.00126551
internal_weight=49188 27626 3638 3385 23988 21562 21625 21498 2989 1410 396 306 49 1579 805 18525 2363 2284 1804 77 1727 1098 1009 89 480 127 75 1104 732 403
internal_count=49188 27626 3638 3385 23988 21562 21625 21498 2989 1410 396 306 49 1579 805 18525 2363 2284 1804 77 1727 1098 1009 89 480 127 75 1104 732 403
cat_boundaries=0 1 2 3 4 5 6 7
cat_threshold=2 2 2 2 2 2 2
is_linear=0
shrinkage=0.06


Tree=36
num_leaves=31
num_cat=7
split_feature=1 1 3 1 2 3 2 3 2 2 3 0 2 3 3 3 3 3 3 0 0 2 3 0 3 0 3 0 2 0
split_gain=18.34 3.52136 0.754804 0.276584 0.257529 0.254831 0.2386 0.158837 0.157805 0.153831 0.143706 0.148938 0.204873 0.140997 0.321338 0.138467 0.128087 0.127618 0.183454 0.17627 0.125457 0.454845 0.123402 0.199501 0.121189 0.138528 0.114291 0.145088 0.110946 0.212121
threshold=772.20001220703136 594.00000000000011 11.500000000000002 675.00000000000011 1.0000000180025095e-35 21.500000000000004 3.4000000059604649 12.500000000000002 1.0000000180025095e-35 3.4000000059604649 12.500000000000002 0 3.4000000059604649 18.500000000000004 19.500000000000004 13.500000000000002 22.500000000000004 14.500000000000002 19.500000000000004 1 2 3.4000000059604649 18.500000000000004 3 19.500000000000004 4 13.500000000000002 5 1.0000000180025095e-35 6
decision_type=2 2 2 2 2 2 2 2 2 2 2 1 2 2 2 2 2 2 2 1 1 2 2 1 2 1 2 1 2 1
left_child=1 2 -1 6 17 10 7 -3 -7 -6 11 12 -2 15 -15 20 -9 -4 -19 -20 -12 -22 -11 -24 -8 -26 27 -5 29 -28
right_child=5 3 4 26 9 8 24 16 -10 22 13 -13 -14 14 -16 -17 -18 18 19 -21 21 -23 23 -25 25 -27 28 -29 -30 -31
leaf_value=-1.4426407785484912 2.1311385319702185 -0.61815766585469412 -1.3950819928831559 -0.2292129285602823 0.26850754539545052 2.6496383312623673 -1.6550948445260689 -0.44418268304989394 5.1392801610973082 -0.45093156151972608 0.97194962182420341 0.099036927863362503 0.32973915404643778 0.35527975403588241 0.87876146078710682 1.3390611507226822 0.80666339984222524 -0.87267196197273167 -1.5816023247334168 -1.004516305243526 -0.34712647980421707 0.84860956914392993 -2.5686426717738913 -0.27651868115268369 -2.3995441128971775 0.20486665516383026 -2.3414286515667548 0.91115861434744594 -0.15598243839663836 0.21765581425703431
leaf_weight=253 204 2973 1579 308 83 26 52 18451 23 168 2883 1246 1363 2857 8648 1967 74 1104 175 131 366 1979 84 61 42 33 44 251 1727 33
leaf_count=253 204 2973 1579 308 83 26 52 18451 23 168 2883 1246 1363 2857 8648 1967 74 1104 175 131 366 1979 84 61 42 33 44 251 1727 33
internal_value=-0.000123201 -0.00114675 -0.0028862 -0.000882941 -0.00264993 0.0011882 -0.000950289 -0.000934971 0.0055102 -0.00121212 0.00117836 0.000778528 0.00116784 0.0012385 0.00110821 0.00144684 -0.000869636 -0.00284041 -0.00242553 -0.00372549 0.00128539 0.000959488 -0.00182109 -0.00310345 -0.00354331 -0.002 -0.00026661 0.000483005 -0.000498891 -0.00272727
internal_weight=49188 27626 3638 23988 3385 21562 21625 21498 49 396 21513 2813 1567 18700 11505 7195 18525 2989 1410 306 5228 2345 313 145 127 75 2363 559 1804 77
internal_count=49188 27626 3638 23988 3385 21562 21625 21498 49 396 21513 2813 1567 18700 11505 7195 18525 2989 1410 306 5228 2345 313 145 127 75 2363 559 1804 77
cat_boundaries=0 1 2 3 4 5 6 7
cat_threshold=2 2 2 2 2 2 2
is_linear=0
shrinkage=0.06


Tree=37
num_leaves=31
num_cat=6
split_feature=1 1 3 1 3 2 2 3 2 3 3 0 3 0 2 0 3 3 3 0 2 0 3 0 2 3 2 3 3 3
split_gain=16.3772 3.12563 0.82735 0.270227 0.264436 0.244767 0.203552 0.169393 0.157805 0.12445 0.121189 0.138528 0.10668 0.145088 0.114282 0.212121 0.134143 0.495389 0.454536 0.313896 0.105915 0.153545 0.10383 0.137308 0.199343 0.102753 0.207886 0.0970934 0.191766 0.322863
threshold=772.20001220703136 594.00000000000011 11.500000000000002 675.00000000000011 21.500000000000004 3.4000000059604649 1.0000000180025095e-35 12.500000000000002 1.0000000180025095e-35 22.500000000000004 19.500000000000004 0 13.500000000000002 1 1.0000000180025095e-35 2 18.500000000000004 17.500000000000004 14.500000000000002 3 3.4000000059604649 4 18.500000000000004 5 3.4000000059604649 15.500000000000002 3.4000000059604649 14.500000000000002 17.500000000000004 15.500000000000002
decision_type=2 2 2 2 2 2 2 2 2 2 2 1 2 1 2 1 2 2 2 1 2 1 2 1 2 2 2 2 2 2
left_child=1 2 -1 5 -2 7 27 -3 -6 -9 -7 -12 13 -5 15 -14 17 18 20 -19 21 -16 -8 24 -24 26 -20 -4 29 -29
right_child=4 3 6 12 8 10 22 9 -10 -11 11 -13 14 -15 16 -17 -18 19 25 -21 -22 -23 23 -25 -26 -27 -28 28 -30 -31
leaf_value=-1.3560823318355824 0.70225202928037334 -0.58106820590341157 -1.3113770733101637 -0.21546015284666509 2.4906600313866236 -1.5557891538545061 -0.041218801658816348 -0.41753172206689892 4.83092335143147 0.75826359585169023 -2.2555714661233481 0.19257465585399813 -2.200942932472751 0.85648909748660118 -1.617067467757247 0.20459646540161427 0.14966316396629281 -1.8239428903519637 2.9454562325492089 -3.173933740539812 -0.38214473232721274 0.084005543002756436 0.25490457604224048 -0.25992756028352459 -2.414524111467458 1.0947808967167474 -1.151256563428583 -0.95311692796371972 -1.0578249618620554 0.32577275259656291
leaf_weight=253 21513 2973 1579 308 26 52 208 18451 23 74 42 33 44 251 37 33 629 49 23 40 851 32 23 81 84 33 33 290 1038 82
leaf_count=253 21513 2973 1579 308 26 52 208 18451 23 74 42 33 44 251 37 33 629 49 23 40 851 32 23 81 84 33 33 290 1038 82
internal_value=-0.000131739 -0.00109896 -0.00273777 -0.000850425 0.0011075 -0.000916994 -0.0024904 -0.000901479 0.0055102 -0.000834008 -0.00354331 -0.002 -0.000241219 0.000483005 -0.000465632 -0.00272727 -0.000364794 -0.000765027 -0.000386521 -0.00505618 -0.000782609 -0.00304348 -0.00121212 -0.00223404 -0.00364486 0.00370787 0.00214286 -0.00265975 -0.00229787 -0.00112903
internal_weight=49188 27626 3638 23988 21562 21625 3385 21498 49 18525 127 75 2363 559 1804 77 1727 1098 1009 89 920 69 396 188 107 89 56 2989 1410 372
internal_count=49188 27626 3638 23988 21562 21625 3385 21498 49 18525 127 75 2363 559 1804 77 1727 1098 1009 89 920 69 396 188 107 89 56 2989 1410 372
cat_boundaries=0 1 2 3 4 5 6
cat_threshold=2 2 2 2 2 2
is_linear=0
shrinkage=0.06


Tree=38
num_leaves=31
num_cat=6
split_feature=1 1 3 3 2 1 2 2 3 3 0 3 3 0 3 0 2 3 0 3 3 3 3 0 2 3 2 0 3 3
split_gain=14.3213 2.70871 0.694933 0.271502 0.195438 0.175456 0.259994 0.157805 0.127117 0.198785 0.129049 0.125896 0.303923 0.244751 0.2243 0.142095 0.247491 0.121189 0.138528 0.121093 0.144565 0.34746 0.151507 0.142714 0.232274 0.110983 0.110946 0.212121 0.111865 0.495389
threshold=772.20001220703136 594.00000000000011 11.500000000000002 21.500000000000004 1.0000000180025095e-35 675.00000000000011 3.4000000059604649 1.0000000180025095e-35 11.500000000000002 13.500000000000002 0 13.500000000000002 14.500000000000002 1 19.500000000000004 2 1.0000000180025095e-35 19.500000000000004 3 12.500000000000002 18.500000000000004 19.500000000000004 13.500000000000002 4 3.4000000059604649 22.500000000000004 1.0000000180025095e-35 5 18.500000000000004 17.500000000000004
decision_type=2 2 2 2 2 2 2 2 2 2 1 2 2 1 2 1 2 2 1 2 2 2 2 1 2 2 2 1 2 2
left_child=1 2 -1 19 -4 6 11 -5 -7 10 -10 13 15 -3 -14 16 -13 -8 -19 23 22 -22 -21 24 -2 -16 27 -11 29 -28
right_child=3 5 4 7 -6 8 17 -9 9 26 -12 12 14 -15 25 -17 -18 18 -20 20 21 -23 -24 -25 -26 -27 28 -29 -30 -31
leaf_value=-1.2747173919254475 1.9611350982951852 -0.56392506081483129 -0.9957684302161055 2.3412204295034278 -0.6047448810335686 -1.6435973490527271 -1.4624418046232324 4.5410679503455817 0.0043070559335069442 -2.0688863565243834 1.2611225767006318 0.19684375835688342 -0.69460225016930965 -0.32944348860921308 -0.36060703590882437 -0.28005077289311658 -2.2840661392522179 -2.1202371781559473 0.18102017650276139 0.74765230791417248 0.29182784703690229 0.78390065138305998 1.2165823599224994 0.050959590434740673 0.26781968304682324 0.71276778010059161 -0.12369480815320458 0.19232067747751444 0.14068337412831852 -2.3981955920839844
leaf_weight=253 204 4971 2989 26 396 79 52 23 268 44 212 1323 2280 4047 7613 1161 29 42 33 5228 2857 8648 1967 1246 1363 74 1009 33 629 89
leaf_count=253 204 4971 2989 26 396 79 52 23 268 44 212 1323 2280 4047 7613 1161 29 42 33 5228 2857 8648 1967 1246 1363 74 1009 33 629 89
internal_value=-0.000109783 -0.00101426 -0.00253986 0.00104907 -0.00231315 -0.000782891 -0.000836532 0.0055102 -0.000292002 -0.000210158 0.000875 -0.000820541 -0.000697115 -0.000991351 -0.000845791 -0.000107441 0.000310651 -0.00354331 -0.002 0.00103891 0.00109412 0.00096219 0.00130507 0.000671881 0.00105297 -0.000690777 -0.000498891 -0.00272727 -0.000399537 -0.000765027
internal_weight=49188 27626 3638 21562 3385 23988 21625 49 2363 2284 480 21498 12480 9018 9967 2513 1352 127 75 21513 18700 11505 7195 2813 1567 7687 1804 77 1727 1098
internal_count=49188 27626 3638 21562 3385 23988 21625 49 2363 2284 480 21498 12480 9018 9967 2513 1352 127 75 21513 18700 11505 7195 2813 1567 7687 1804 77 1727 1098
cat_boundaries=0 1 2 3 4 5 6
cat_threshold=2 2 2 2 2 2
is_linear=0
shrinkage=0.06


Tree=39
num_leaves=31
num_cat=7
split_feature=1 1 3 2 1 2 3 0 3 2 3 0 3 0 2 0 3 3 3 0 2 0 3 2 3 3 3 3 0 2
split_gain=12.4445 2.44734 0.756704 0.198481 0.161703 0.269134 0.121189 0.138528 0.118286 0.115912 0.117619 0.14129 0.114291 0.145088 0.110946 0.212121 0.111865 0.495389 0.454536 0.313896 0.105915 0.153545 0.102753 0.207886 0.101672 0.148479 0.257595 0.161137 0.118439 0.123449
threshold=772.20001220703136 594.00000000000011 11.500000000000002 1.0000000180025095e-35 675.00000000000011 3.4000000059604649 19.500000000000004 0 22.500000000000004 3.4000000059604649 18.500000000000004 1 13.500000000000002 2 1.0000000180025095e-35 3 18.500000000000004 17.500000000000004 14.500000000000002 4 3.4000000059604649 5 15.500000000000002 3.4000000059604649 12.500000000000002 18.500000000000004 19.500000000000004 13.500000000000002 6 3.4000000059604649
decision_type=2 2 2 2 2 2 2 1 2 2 2 1 2 1 2 1 2 2 2 1 2 1 2 2 2 2 2 2 1 2
left_child=1 2 -1 -4 5 8 -7 -8 -3 -5 -11 -12 13 -6 15 -14 17 18 20 -19 21 -16 23 -20 28 27 -27 -26 29 -2
right_child=24 4 3 9 12 6 7 -9 -10 10 11 -13 14 -15 16 -17 -18 19 22 -21 -22 -23 -24 -25 25 26 -28 -29 -30 -31
leaf_value=-1.1982343484099214 1.8434669923974774 -0.38340254156340731 -0.93602232440313848 0.27589499434171783 -0.2027909670318786 -1.3746952963458363 -1.9930229474665873 0.17015896591259433 0.67000171329455949 -0.3851178468670014 -2.2333679719173949 -0.20804721380450472 -1.9447531751329232 0.72943239703537066 -1.5126217312026187 0.18078143682886547 0.13224237168061789 -1.570614581405805 2.7761505470854511 -2.8396059805823826 -0.35179435989838564 0.086386898911787274 1.0365157314029352 -1.0747594811336763 0.70279316943931913 0.27431817621469007 0.74277254071010923 1.1435874183271471 0.047902015008653508 0.25175050206401467
leaf_weight=253 204 21424 2989 83 308 52 42 33 74 168 84 61 44 251 37 33 629 49 23 40 851 32 33 33 5228 2857 8697 1967 1246 1363
leaf_count=253 204 21424 2989 83 308 52 42 33 74 168 84 61 44 251 37 33 629 49 23 40 851 32 33 33 5228 2857 8697 1967 1246 1363
internal_value=-0.000114662 -0.000957793 -0.00240792 -0.00217134 -0.000737869 -0.000789364 -0.00354331 -0.002 -0.000773095 -0.000909091 -0.0014377 -0.00268966 -0.00026661 0.000483005 -0.000498891 -0.00272727 -0.000399537 -0.000765027 -0.000386521 -0.00505618 -0.000782609 -0.00304348 0.00370787 0.00214286 0.000965588 0.00101605 0.000882811 0.00123002 0.000629221 0.000976388
internal_weight=49188 27626 3638 3385 23988 21625 127 75 21498 396 313 145 2363 559 1804 77 1727 1098 1009 89 920 69 89 56 21562 18749 11554 7195 2813 1567
internal_count=49188 27626 3638 3385 23988 21625 127 75 21498 396 313 145 2363 559 1804 77 1727 1098 1009 89 920 69 89 56 21562 18749 11554 7195 2813 1567
cat_boundaries=0 1 2 3 4 5 6 7
cat_threshold=2 2 2 2 2 2 2
is_linear=0
shrinkage=0.06


Tree=40
num_leaves=31
num_cat=9
split_feature=1 1 3 1 2 2 3 0 2 3 0 3 3 3 3 0 3 3 0 0 0 3 3 3 3 0 0 3 0 2
split_gain=10.8104 2.13584 0.616006 0.195217 0.278984 0.156391 0.121189 0.138528 0.115912 0.117619 0.14129 0.113376 0.113204 0.183084 0.235711 0.302613 0.176609 0.149636 0.441472 0.205273 0.0999417 0.0907619 0.144743 0.196738 0.154385 0.147738 0.096425 0.0931529 0.110838 0.48918
threshold=772.20001220703136 594.00000000000011 11.500000000000002 675.00000000000011 3.4000000059604649 1.0000000180025095e-35 19.500000000000004 0 3.4000000059604649 18.500000000000004 1 22.500000000000004 14.500000000000002 17.500000000000004 15.500000000000002 2 18.500000000000004 19.500000000000004 3 4 5 12.500000000000002 18.500000000000004 19.500000000000004 14.500000000000002 6 7 13.500000000000002 8 3.4000000059604649
decision_type=2 2 2 2 2 2 2 1 2 2 1 2 2 2 2 1 2 2 1 1 1 2 2 2 2 1 1 2 1 2
left_child=1 2 -1 4 11 12 -6 -8 -7 20 -11 -3 -4 14 15 -14 -15 18 -18 -19 -10 26 24 -24 27 -26 -2 28 -23 -30
right_child=21 3 5 -5 6 8 7 -9 9 10 -12 -13 13 16 -16 -17 17 19 -20 -21 -22 22 23 -25 25 -27 -28 -29 29 -31
leaf_value=-1.1263402875053259 0.31394893873704632 -0.36039838906960087 -1.1167870036344014 -0.065060963460418855 -1.2922135785650846 0.25934129468121681 -1.8734415706185938 0.15994942795783798 0.1501326773630012 -2.0993658936023505 -0.19556438097623186 0.62980161049688377 -1.3100102599774937 -1.3678630865652803 0.42213383271792282 0.51625326729738164 0.025952613693859802 -1.3073292422605345 -1.2414575723025654 -0.7648683839400382 -0.65928067351591602 0.7844707941167075 0.25785908564180771 0.69820618826750203 0.51246543274206491 2.5502561896564271 0.045027894108136478 1.0084446305318124 -0.45546074141400139 0.66853114459725249
leaf_weight=253 1567 21424 1579 2363 52 83 42 33 91 84 61 74 159 155 82 131 320 175 257 131 77 2883 2857 8697 23 22 1246 1922 366 1979
leaf_count=253 1567 21424 1579 2363 52 83 42 33 91 84 61 74 159 155 82 131 320 175 257 131 77 2883 2857 8697 23 22 1246 1922 366 1979
internal_value=-0.000102464 -0.000888294 -0.00224299 -0.000682841 -0.000739422 -0.00202954 -0.00354331 -0.002 -0.000909091 -0.0014377 -0.00268966 -0.000722858 -0.00217799 -0.00178723 -0.000645161 -0.00144828 -0.00219653 -0.00186863 -0.00129983 -0.00294118 -0.000357143 0.000904369 0.000952051 0.000820495 0.00116331 0.00466667 0.000586562 0.00114126 0.00100995 0.000703625
internal_weight=49188 27626 3638 23988 21625 3385 127 75 396 313 145 21498 2989 1410 372 290 1038 883 577 306 168 21562 18749 11554 7195 45 2813 7150 5228 2345
internal_count=49188 27626 3638 23988 21625 3385 127 75 396 313 145 21498 2989 1410 372 290 1038 883 577 306 168 21562 18749 11554 7195 45 2813 7150 5228 2345
cat_boundaries=0 1 2 3 4 5 6 7 8 9
cat_threshold=2 2 2 2 2 2 2 2 2
is_linear=0
shrinkage=0.06


Tree=41
num_leaves=31
num_cat=6
split_feature=1 1 3 1 2 3 2 3 3 0 3 3 3 3 3 0 0 2 2 0 3 3 2 3 0 2 3 0 3 2
split_gain=10.1742 2.03581 0.446364 0.185901 0.195192 0.178092 0.112714 0.112298 0.0854188 0.145088 0.087013 0.0824807 0.151739 0.197156 0.157338 0.147738 0.0862661 0.0933921 0.0818749 0.0909643 0.0758518 0.0896325 0.228547 0.0747688 0.0732253 0.12217 0.487177 0.0728139 0.0725597 0.105704
threshold=772.20001220703136 594.00000000000011 11.500000000000002 675.00000000000011 3.4000000059604649 19.500000000000004 1.0000000180025095e-35 22.500000000000004 13.500000000000002 0 11.500000000000002 12.500000000000002 18.500000000000004 19.500000000000004 14.500000000000002 1 2 3.4000000059604649 3.4000000059604649 3 21.500000000000004 20.500000000000004 1.0000000180025095e-35 12.500000000000002 4 3.4000000059604649 13.500000000000002 5 18.500000000000004 3.4000000059604649
decision_type=2 2 2 2 2 2 2 2 2 1 2 2 2 2 2 1 1 2 2 1 2 2 2 2 1 2 2 1 2 2
left_child=1 2 -1 4 7 -6 -4 23 9 10 -5 16 14 -14 24 -16 17 -2 19 -15 21 -21 -23 -3 -13 26 -26 -7 -8 -30
right_child=11 3 6 8 5 27 28 -9 -10 -11 -12 12 13 18 15 -17 -18 -19 -20 20 -22 22 -24 -25 25 -27 -28 -29 29 -31
leaf_value=-1.0587598702550054 1.7140220365294043 -0.46774055406233173 -0.84494755564981916 -1.7132773565142962 -1.2146807638511778 -1.7610350763814755 -0.034575158038650217 0.59201351386707068 -0.086208089324986761 0.68957011102087329 0.020119748407032602 0.78068501717282968 0.24238754050329817 1.3849778443251626 0.48171750677754288 2.3972408182770391 0.042326220461650334 0.2178085356159454 0.59575895593621453 0.40173571350271003 -0.11878441584349503 -1.6879360041624771 3.2559591020240508 -0.32180719399524377 -0.4281330969291639 0.6465601835100756 1.7919655296845349 0.15035246228036839 0.24378081700034271 -1.3272496741960071
leaf_weight=253 204 2973 2989 40 52 42 208 74 1804 251 268 3961 2857 556 23 22 1246 1363 7716 267 24 42 92 18451 366 2664 159 33 43 145
leaf_count=253 204 2973 2989 40 52 42 208 74 1804 251 268 3961 2857 556 23 22 1246 1363 7716 267 24 42 92 18451 366 2664 159 33 43 145
internal_value=-0.000108563 -0.000870919 -0.00219351 -0.000670335 -0.000725549 -0.00307087 -0.00201182 -0.000711694 -0.000165044 0.000483005 -0.00038961 0.000868194 0.000913649 0.000778951 0.00112995 0.00466667 0.000565233 0.000861519 0.000921007 0.00143731 0.000776471 0.000972569 0.00223881 -0.000719754 0.00110769 0.000893697 5.71429e-05 -0.0012 -0.00106061 -0.00191489
internal_weight=49188 27626 3638 23988 21625 127 3385 21498 2363 559 308 21562 18749 11554 7195 45 2813 1567 8697 981 425 401 134 21424 7150 3189 525 75 396 188
internal_count=49188 27626 3638 23988 21625 127 3385 21498 2363 559 308 21562 18749 11554 7195 45 2813 1567 8697 981 425 401 134 21424 7150 3189 525 75 396 188
cat_boundaries=0 1 2 3 4 5 6
cat_threshold=2 2 2 2 2 2
is_linear=0
shrinkage=0.06


Tree=42
num_leaves=31
num_cat=8
split_feature=1 1 3 1 2 3 3 3 2 0 2 3 0 2 3 3 0 0 3 3 0 0 3 3 3 0 3 3 3 0
split_gain=8.9828 1.89419 0.249771 0.137699 0.204066 0.178092 0.138264 0.162151 0.137225 0.129049 0.115912 0.117619 0.14129 0.11489 0.13762 0.186976 0.1574 0.0999417 0.0983391 0.348427 0.286851 0.193957 0.175278 0.0980777 0.0967588 0.0943762 0.0923924 0.169695 0.235711 0.302613
threshold=772.20001220703136 594.00000000000011 11.500000000000002 675.00000000000011 3.4000000059604649 19.500000000000004 11.500000000000002 13.500000000000002 1.0000000180025095e-35 0 3.4000000059604649 18.500000000000004 1 1.0000000180025095e-35 21.500000000000004 16.500000000000004 2 3 13.500000000000002 14.500000000000002 4 5 19.500000000000004 12.500000000000002 13.500000000000002 6 14.500000000000002 17.500000000000004 15.500000000000002 7
decision_type=2 2 2 2 2 2 2 2 2 1 2 2 1 2 2 2 1 1 2 2 1 1 2 2 2 1 2 2 2 1
left_child=1 2 25 4 13 -6 -5 9 26 -8 -10 17 -13 18 15 16 24 -12 20 21 -3 -20 -21 -22 -15 -1 -4 28 29 -28
right_child=-2 3 8 6 5 -7 7 -9 10 -11 11 12 -14 14 -16 -17 -18 -19 19 22 23 -23 -24 -25 -26 -27 27 -29 -30 -31
leaf_value=-0.63905019600845436 0.52108319177332874 -0.46167441183421942 -0.99908293007734983 -1.4893170073262467 -1.1417999180201048 -0.77606472685260541 0.018912563502608462 -0.081035603965490283 0.22915396798032134 1.104218729422846 0.14319922620354417 -1.8937689595344489 -0.10419553766590298 -0.35426947621958332 -2.3543556097672536 0.98143712316696785 0.27914937307832699 -0.61764932362263836 0.24896962033316866 -0.59351587534715011 -0.55497304249468693 -0.20450044802620823 -0.2855266806232612 -0.15467471798684074 -1.9858969627162628 -1.4313246711061105 -1.1807127910398549 -0.78996854520879423 0.44750265609383633 0.53597492459852447
leaf_weight=137 21562 4920 1579 79 52 75 268 1804 83 212 91 84 61 51 48 119 74 77 1323 2274 1351 1135 7523 2649 31 116 159 1038 82 131
leaf_count=137 21562 4920 1579 79 52 75 268 1804 83 212 91 84 61 51 48 119 74 77 1323 2274 1351 1135 7523 2649 31 116 159 1038 82 131
internal_value=-0.000102464 -0.000818794 -0.00209456 -0.000625313 -0.000672832 -0.00307087 -0.000190436 -0.000105079 -0.00195864 0.000875 -0.000909091 -0.0014377 -0.00268966 -0.000658666 0.000464396 0.000981818 -0.000384615 -0.000357143 -0.000675797 -0.000565483 -0.000827354 7.32303e-05 -0.000725732 -0.00045 -0.00219512 -0.00391304 -0.00209769 -0.00174468 -0.000645161 -0.00144828
internal_weight=49188 27626 3638 23988 21625 127 2363 2284 3385 480 396 313 145 21498 323 275 156 168 21175 12255 8920 2458 9797 4000 82 253 2989 1410 372 290
internal_count=49188 27626 3638 23988 21625 127 2363 2284 3385 480 396 313 145 21498 323 275 156 168 21175 12255 8920 2458 9797 4000 82 253 2989 1410 372 290
cat_boundaries=0 1 2 3 4 5 6 7 8
cat_threshold=2 2 2 2 2 2 2 2
is_linear=0
shrinkage=0.06


Tree=43
num_leaves=31
num_cat=5
split_feature=1 1 2 3 0 3 3 3 0 3 3 3 0 3 2 0 3 1 3 2 3 3 3 0 3 3 2 2 3 3
split_gain=7.8495 1.7231 0.184277 0.160918 0.178852 0.123447 0.0983015 0.410778 0.405897 0.651905 0.537778 0.235018 0.218805 0.10564 0.247797 0.0967437 0.0952803 0.283704 0.0944248 0.0928126 0.090821 0.217428 0.170205 0.147738 0.0887998 0.118317 0.101042 0.0863864 0.446272 0.427907
threshold=772.20001220703136 594.00000000000011 1.0000000180025095e-35 11.500000000000002 0 12.500000000000002 14.500000000000002 17.500000000000004 1 21.500000000000004 18.500000000000004 21.500000000000004 2 15.500000000000002 3.4000000059604649 3 13.500000000000002 675.00000000000011 11.500000000000002 3.4000000059604649 18.500000000000004 19.500000000000004 14.500000000000002 4 20.500000000000004 19.500000000000004 3.4000000059604649 3.4000000059604649 19.500000000000004 20.500000000000004
decision_type=2 2 2 2 1 2 2 2 1 2 2 2 1 2 2 1 2 2 2 2 2 2 2 1 2 2 2 2 2 2
left_child=1 3 -3 4 -1 15 12 13 11 10 -10 27 16 14 -8 -2 18 -18 -4 -19 22 -22 -7 -24 25 26 -12 28 -9 -29
right_child=5 2 6 -5 -6 20 7 8 9 -11 24 -13 -14 -15 -16 -17 17 19 -20 -21 21 -23 23 -25 -26 -27 -28 29 -30 -31
leaf_value=-0.60070718424794789 0.25077849876946401 -0.30204748545318011 -1.5211216946838668 -0.6900193751890128 -1.3454451908397447 0.60733844612043864 2.5928624450325604 -0.50746719685490682 -2.6552913423423909 -4.9441105085327806 1.957267347727252 1.5825426137898011 0.1988858608665032 1.2307221733691198 -0.99633563286060733 0.0085216557275543895 -3.0098357963204716 -1.4079261479254115 0.033699338837964207 -0.33878333100881264 0.19657929656670375 0.58833741888839997 0.4215494648644949 2.2221413776740175 0.48154088576042792 -1.7623811869945336 -0.026904469597727711 0.36815679113624583 1.4006804291563184 -2.547256580546136
leaf_weight=137 1567 21286 40 3385 116 7150 26 52 40 20 23 37 743 36 33 1246 36 37 313 481 2857 8697 23 22 31 66 240 343 81 24
leaf_count=137 1567 21286 40 3385 116 7150 26 52 40 20 23 37 743 36 33 1246 36 37 313 481 2857 8697 23 22 31 66 240 343 81 24
internal_value=-9.27055e-05 -0.000762325 -0.000577789 -0.00197911 -0.00343874 0.000765235 -0.000111029 0.000342205 -3.1348e-05 -0.00142857 -0.0009 0.00106145 -0.0004 0.00410526 0.00254237 0.000394597 -0.00102536 -0.00151625 -0.000254958 -0.0011583 0.000820844 0.000716635 0.000988186 0.00466667 -0.000166667 -0.000455927 0.000114068 0.00072 0.00203008 0.000245232
internal_weight=49188 27626 23988 3638 253 21562 2702 1052 957 420 400 537 1650 95 59 2813 907 554 353 518 18749 11554 7195 45 360 329 263 500 133 367
internal_count=49188 27626 23988 3638 253 21562 2702 1052 957 420 400 537 1650 95 59 2813 907 554 353 518 18749 11554 7195 45 360 329 263 500 133 367
cat_boundaries=0 1 2 3 4 5
cat_threshold=2 2 2 2 2
is_linear=0
shrinkage=0.06


Tree=44
num_leaves=31
num_cat=9
split_feature=1 1 3 0 1 2 3 3 0 2 2 3 0 3 3 3 0 3 0 3 3 0 3 0 3 3 3 0 2 0
split_gain=6.95381 1.64181 0.175793 0.178852 0.151668 0.142411 0.100281 0.0995033 0.0993737 0.0986797 0.115912 0.117619 0.14129 0.109961 0.154178 0.2097 0.246811 0.15855 0.100432 0.49654 0.146423 0.0999417 0.0907398 0.0967437 0.0934771 0.198411 0.17565 0.147738 0.103082 0.0908587
threshold=772.20001220703136 594.00000000000011 11.500000000000002 0 675.00000000000011 3.4000000059604649 22.500000000000004 19.500000000000004 1 1.0000000180025095e-35 3.4000000059604649 18.500000000000004 2 14.500000000000002 17.500000000000004 15.500000000000002 3 18.500000000000004 4 19.500000000000004 19.500000000000004 5 12.500000000000002 6 18.500000000000004 19.500000000000004 14.500000000000002 7 3.4000000059604649 8
decision_type=2 2 2 1 2 2 2 2 1 2 2 2 1 2 2 2 1 2 1 2 2 1 2 1 2 2 2 1 2 1
left_child=1 2 3 -1 5 6 -3 8 -7 13 -11 21 -13 -4 15 16 -15 -16 19 -19 -20 -12 23 -2 26 -26 29 -28 -27 -24
right_child=22 4 9 -5 -6 7 -8 -9 -10 10 11 12 -14 14 17 -17 -18 18 20 -21 -22 -23 24 -25 25 28 27 -29 -30 -31
leaf_value=-0.56466475319307163 0.23573178884329535 -0.28297682546064035 -0.89773679176136734 -1.2647184793893587 -0.03106863583578388 -1.0056568627578826 0.59174715299962821 -0.58126888487447104 -1.1548820951021912 0.25680589241283996 0.1760084351426667 -1.738741659451041 -0.056542642894612527 -1.0684688610661282 -1.1462951728085067 0.462053659239541 0.5452175916339479 0.16389158543508073 -1.0274739894015557 -1.0893933591620497 -0.57948015234078409 -0.53918920169393914 0.66613861786883488 0.0080103563838997607 0.18478453877270112 0.99786483467266174 0.39625649697262588 2.0888128950135774 0.49344818194034357 0.41243428265281179
leaf_weight=137 1567 21424 1579 116 2363 21 74 75 31 83 91 84 61 159 155 82 131 320 257 175 131 77 3961 1246 2857 981 23 22 7716 3189
leaf_count=137 1567 21424 1579 116 2363 21 74 75 31 83 91 84 61 159 155 82 131 320 257 175 131 77 3961 1246 2857 981 23 22 7716 3189
internal_value=-9.51452e-05 -0.000725404 -0.00191314 -0.00343874 -0.000545273 -0.000595145 -0.00058331 -0.00259843 -0.00461538 -0.00179911 -0.000909091 -0.0014377 -0.00268966 -0.00191703 -0.00153191 -0.000483871 -0.00124138 -0.00190751 -0.00159683 -0.0010303 -0.00231959 -0.000357143 0.000712364 0.000394597 0.000760041 0.000654319 0.000929812 0.00466667 0.000796826 0.000906294
internal_weight=49188 27626 3638 253 23988 21625 21498 127 52 3385 396 313 145 2989 1410 372 290 1038 883 495 388 168 21562 2813 18749 11554 7195 45 8697 7150
internal_count=49188 27626 3638 253 23988 21625 21498 127 52 3385 396 313 145 2989 1410 372 290 1038 883 495 388 168 21562 2813 18749 11554 7195 45 8697 7150
cat_boundaries=0 1 2 3 4 5 6 7 8 9
cat_threshold=2 2 2 2 2 2 2 2 2
is_linear=0
shrinkage=0.06


Tree=45
num_leaves=31
num_cat=7
split_feature=1 1 3 1 2 0 3 0 3 3 3 3 3 0 2 0 3 3 0 3 0 2 3 3 3 3 0 3 3 3
split_gain=6.16603 1.36762 0.152382 0.14347 0.14439 0.12573 0.0995033 0.0993737 0.0990153 0.0955625 0.0804126 0.181977 0.175567 0.147738 0.100968 0.0971588 0.0788237 0.276842 0.269472 0.192485 0.105481 0.259656 0.103578 0.080175 0.0743677 0.137122 0.129049 0.0777438 0.368877 0.322674
threshold=772.20001220703136 594.00000000000011 11.500000000000002 675.00000000000011 3.4000000059604649 0 19.500000000000004 1 22.500000000000004 12.500000000000002 18.500000000000004 14.500000000000002 19.500000000000004 2 3.4000000059604649 3 13.500000000000002 14.500000000000002 4 19.500000000000004 5 1.0000000180025095e-35 12.500000000000002 15.500000000000002 11.500000000000002 13.500000000000002 6 14.500000000000002 17.500000000000004 18.500000000000004
decision_type=2 2 2 2 2 1 2 1 2 2 2 2 2 1 2 1 2 2 1 2 1 2 2 2 2 2 1 2 2 2
left_child=1 2 5 4 8 -1 7 -6 16 -2 11 15 -12 -13 -14 -11 18 20 -3 23 21 -18 -20 -19 -5 26 -26 -27 -29 -30
right_child=9 3 -4 24 6 -7 -8 -9 -10 10 12 13 14 -15 -16 -17 17 19 22 -21 -22 -23 -24 -25 25 27 -28 28 29 -31
leaf_value=-0.5307848680014865 0.15696577015711455 -0.39459514471933743 -0.63904035648916646 -1.387240253977793 -0.94531745099241105 -1.1888353706259953 -0.54639275178200253 -1.085589169396062 0.55624232381965377 0.6261703007967071 0.17369746644634232 0.37248110715427174 0.93799294459230165 1.9634841213127627 0.4638412910239208 0.38768822569364148 0.26913290176800952 -1.1493312079796032 -0.48657320129017761 -0.22280106678437506 -0.1519397535054304 -1.7663631083495441 -0.084015310432489512 -0.41518334443548383 0.017619967512323455 -0.30557475694344699 1.0406676924049043 0.60739811510252595 -1.9088076196282622 0.024754011583845565
leaf_weight=137 2813 4971 3385 79 21 116 75 31 74 3961 2857 23 981 22 7716 3189 1323 129 1351 7613 1161 29 2696 2151 268 920 212 102 89 693
leaf_count=137 2813 4971 3385 79 21 116 75 31 74 3961 2857 23 981 22 7716 3189 1323 129 1351 7613 1161 29 2696 2151 268 920 212 102 89 693
internal_value=-0.000103684 -0.000697169 -0.0017812 -0.000532766 -0.000581272 -0.00320158 -0.00259843 -0.00461538 -0.000569355 0.000656711 0.000705638 0.000863099 0.000607582 0.00466667 0.000741635 0.000839161 -0.000576923 -0.000478801 -0.00071191 -0.000621652 8.35655e-05 0.000443787 -0.000348406 -0.00110526 -8.88701e-05 -2.62697e-05 0.000875 -0.000266075 0.000135747 -0.000306905
internal_weight=49188 27626 3638 23988 21625 253 127 52 21498 21562 18749 7195 11554 45 8697 7150 21424 12406 9018 9893 2513 1352 4047 2280 2363 2284 480 1804 884 782
internal_count=49188 27626 3638 23988 21625 253 127 52 21498 21562 18749 7195 11554 45 8697 7150 21424 12406 9018 9893 2513 1352 4047 2280 2363 2284 480 1804 884 782
cat_boundaries=0 1 2 3 4 5 6 7
cat_threshold=2 2 2 2 2 2 2
is_linear=0
shrinkage=0.06


Tree=46
num_leaves=31
num_cat=8
split_feature=1 1 1 3 2 0 3 3 0 3 3 3 0 3 3 2 3 3 2 0 0 2 3 0 3 3 0 3 2 0
split_gain=5.53827 1.20645 0.254446 0.163183 0.148792 0.12573 0.110796 0.0995033 0.0993737 0.0962599 0.0785996 0.121601 0.129049 0.10684 0.339957 0.136903 0.199715 0.168442 0.31702 0.449584 0.0843545 0.0928126 0.0780032 0.0728139 0.072017 0.186796 0.147738 0.145748 0.109594 0.0738896
threshold=675.00000000000011 594.00000000000011 772.20001220703136 11.500000000000002 3.4000000059604649 0 12.500000000000002 19.500000000000004 1 22.500000000000004 11.500000000000002 13.500000000000002 2 14.500000000000002 17.500000000000004 1.0000000180025095e-35 19.500000000000004 18.500000000000004 3.4000000059604649 3 4 3.4000000059604649 21.500000000000004 5 18.500000000000004 14.500000000000002 6 19.500000000000004 3.4000000059604649 7
decision_type=2 2 2 2 2 1 2 2 1 2 2 2 1 2 2 2 2 2 2 1 1 2 2 1 2 2 1 2 2 1
left_child=1 3 10 5 9 -1 -4 8 -6 -3 -2 12 -12 20 -15 16 -16 18 -17 -20 21 -13 24 -9 25 29 -27 -26 -29 -8
right_child=2 4 6 -5 7 -7 22 23 -10 -11 11 13 -14 14 15 17 -18 -19 19 -21 -22 -23 -24 -25 27 26 -28 28 -30 -31
leaf_value=-0.4989377759213971 -1.3040058387391262 -0.25171360841963747 0.14754782394768426 -0.60069793509981761 -0.88859840393286504 -1.1175052483884349 0.5886000827489033 -1.4757763963057413 -1.0204538192323003 0.52286778439047332 0.016562769461581864 -1.3032519754831309 0.9782276308606106 0.57095422819637176 -1.4703742044053729 0.14092365288479869 0.6923905979344499 0.091332735732567019 0.27164824306045826 -3.307488390966189 0.017348804237544754 -0.2982577275815288 3.1259455456511365 0.22666244320846998 0.16327561845956096 0.35013224072501542 1.8456750740339998 0.77701432580715613 0.4339361771366248 0.36442693215202326
leaf_weight=137 79 21424 2813 3385 21 116 3961 42 31 74 268 37 212 102 37 42 27 629 24 23 402 481 49 33 2857 23 22 943 7705 3189
leaf_count=137 79 21424 2813 3385 21 116 3961 42 31 74 268 37 212 102 37 42 27 629 24 23 402 481 49 33 2857 23 22 943 7705 3189
internal_value=-0.000101244 -0.000720817 0.000552978 -0.00173172 -0.000550751 -0.00320158 0.000617753 -0.00259843 -0.00461538 -0.000538655 -3.80872e-05 2.62697e-05 0.000875 -0.000199557 0.000271493 -0.000153453 -0.0028125 8.35655e-05 -0.00235955 -0.00574468 -0.000652174 -0.0011583 0.000670436 -0.0012 0.000664171 0.000813065 0.00466667 0.000571056 0.000693802 0.000788811
internal_weight=49188 25263 23925 3638 21625 253 21562 127 52 21498 2363 2284 480 1804 884 782 64 718 89 47 920 518 18749 75 18700 7195 45 11505 8648 7150
internal_count=49188 25263 23925 3638 21625 253 21562 127 52 21498 2363 2284 480 1804 884 782 64 718 89 47 920 518 18749 75 18700 7195 45 11505 8648 7150
cat_boundaries=0 1 2 3 4 5 6 7 8
cat_threshold=2 2 2 2 2 2 2 2
is_linear=0
shrinkage=0.06


end of trees

feature_importances:
hour=752
rain=252
platform=245
eta_pred_s=161

parameters:
[boosting: gbdt]
[objective: quantile]
[metric: quantile]
[tree_learner: serial]
[device_type: cpu]
[data_sample_strategy: bagging]
[data: ]
[valid: ]
[num_iterations: 400]
[learning_rate: 0.06]
[num_leaves: 31]
[num_threads: 4]
[seed: 0]
[deterministic: 0]
[force_col_wise: 0]
[force_row_wise: 0]
[histogram_pool_size: -1]
[max_depth: -1]
[min_data_in_leaf: 20]
[min_sum_hessian_in_leaf: 0.001]
[bagging_fraction: 1]
[pos_bagging_fraction: 1]
[neg_bagging_fraction: 1]
[bagging_freq: 0]
[bagging_seed: 7719]
[bagging_by_query: 0]
[feature_fraction: 1]
[feature_fraction_bynode: 1]
[feature_fraction_seed: 2437]
[extra_trees: 0]
[extra_seed: 11797]
[early_stopping_round: 0]
[early_stopping_min_delta: 0]
[first_metric_only: 0]
[max_delta_step: 0]
[lambda_l1: 0]
[lambda_l2: 0]
[linear_lambda: 0]
[min_gain_to_split: 0]
[drop_rate: 0.1]
[max_drop: 50]
[skip_drop: 0.5]
[xgboost_dart_mode: 0]
[uniform_drop: 0]
[drop_seed: 21238]
[top_rate: 0.2]
[other_rate: 0.1]
[min_data_per_group: 100]
[max_cat_threshold: 32]
[cat_l2: 10]
[cat_smooth: 10]
[max_cat_to_onehot: 4]
[top_k: 20]
[monotone_constraints: ]
[monotone_constraints_method: basic]
[monotone_penalty: 0]
[feature_contri: ]
[forcedsplits_filename: ]
[refit_decay_rate: 0.9]
[cegb_tradeoff: 1]
[cegb_penalty_split: 0]
[cegb_penalty_feature_lazy: ]
[cegb_penalty_feature_coupled: ]
[path_smooth: 0]
[interaction_constraints: ]
[verbosity: -1]
[saved_feature_importance_type: 0]
[use_quantized_grad: 0]
[num_grad_quant_bins: 4]
[quant_train_renew_leaf: 0]
[stochastic_rounding: 1]
[linear_tree: 0]
[max_bin: 255]
[max_bin_by_feature: ]
[min_data_in_bin: 3]
[bin_construct_sample_cnt: 200000]
[data_random_seed: 38]
[is_enable_sparse: 1]
[enable_bundle: 1]
[use_missing: 1]
[zero_as_missing: 0]
[feature_pre_filter: 1]
[pre_partition: 0]
[two_round: 0]
[header: 0]
[label_column: ]
[weight_column: ]
[group_column: ]
[ignore_column: ]
[categorical_feature: 0]
[forcedbins_filename: ]
[precise_float_parser: 0]
[parser_config_file: ]
[objective_seed: 8855]
[num_class: 1]
[is_unbalance: 0]
[scale_pos_weight: 1]
[sigmoid: 1]
[boost_from_average: 1]
[reg_sqrt: 0]
[alpha: 0.5]
[fair_c: 1]
[poisson_max_delta_step: 0.7]
[tweedie_variance_power: 1.5]
[lambdarank_truncation_level: 30]
[lambdarank_norm: 1]
[label_gain: ]
[lambdarank_position_bias_regularization: 0]
[eval_at: ]
[multi_error_top_k: 1]
[auc_mu_weights: ]
[num_machines: 1]
[local_listen_port: 12400]
[time_out: 120]
[machine_list_filename: ]
[machines: ]
[gpu_platform_id: -1]
[gpu_device_id: -1]
[gpu_device_id_list: ]
[gpu_use_dp: 0]
[num_gpu: 1]

end of parameters

pandas_categorical:null
