tree
version=v4
num_class=1
num_tree_per_iteration=1
label_index=0
max_feature_idx=3
objective=quantile
feature_names=platform eta_pred_s rain hour
feature_infos=-1:1:0 [540:1516.3199462890625] [0:6] [0:23]
tree_sizes=2677 2833 2825 2805 2828 2809 2849 2854 2885 2865 2897 2876 2884 2874 2890 2884 2917 2892 2920 2911 2904 2894 2851 2902 2857 2890 2906 2886 2841 2819 2877 2905 2836 2876 2854 2842 2918 2923 2917 2954 2956 2947

Tree=0
num_leaves=31
num_cat=6
split_feature=1 1 3 1 2 3 3 3 3 3 3 1 2 3 2 0 2 0 0 3 3 3 3 0 3 0 2 2 1 0
split_gain=238.282 10.936 5.19215 3.97917 3.10663 2.3074 2.72874 2.80887 1.26498 1.03532 1.02468 0.729679 0.519649 0.459341 0.324977 0.31823 0.308127 0.30358 0.229805 0.218952 0.269263 0.575647 0.570958 0.215152 0.224737 0.207608 0.197993 0.167698 0.158148 0.134986
threshold=772.20001220703136 1179.3599853515627 12.500000000000002 594.00000000000011 1.0000000180025095e-35 20.500000000000004 18.500000000000004 19.500000000000004 21.500000000000004 20.500000000000004 13.500000000000002 675.00000000000011 3.4000000059604649 11.500000000000002 3.4000000059604649 0 3.4000000059604649 1 2 13.500000000000002 14.500000000000002 17.500000000000004 18.500000000000004 3 12.500000000000002 4 3.4000000059604649 3.4000000059604649 675.00000000000011 5
decision_type=2 2 2 2 2 2 2 2 2 2 2 2 2 2 2 1 2 1 1 2 2 2 2 1 2 1 2 2 2 1
left_child=3 2 15 -1 9 6 10 16 12 11 -4 -5 -7 -6 -12 26 -8 -10 -13 23 28 25 -23 -15 27 -22 -2 -25 -21 -9
right_child=1 -3 5 4 13 8 7 29 17 -11 14 18 -14 19 -16 -17 -18 -19 -20 20 21 22 -24 24 -26 -27 -28 -29 -30 -31
leaf_value=1061.8759270096816 1088.050663421832 1140.6372432720859 1089.3576675940856 1071.1560046305262 1066.5777796192235 1096.3910248872976 1081.6328926153976 1088.8578755407425 1106.8376184795316 1074.2264564390273 1088.3190747627057 1079.1137015705192 1091.042806729673 1076.5928071997896 1092.9615057256046 1083.6089153803071 1084.8737933575601 1114.0986948660529 1081.9871059424361 1068.5799819916231 1081.5919411410155 1067.1305260065897 1078.1791344283745 1072.6723281618656 1090.3480487642048 1088.1162841523787 1084.3829894395517 1080.8934304503962 1076.0166444673246 1089.5259345514503
leaf_weight=3638 204 27 5228 18133 79 311 243 2970 22 3042 391 64 2974 313 1576 1246 2614 27 47 69 52 89 868 32 74 43 1363 163 920 2366
leaf_count=3638 204 27 5228 18133 79 311 243 2970 22 3042 391 64 2974 313 1576 1246 2614 27 47 69 52 89 868 32 74 43 1363 163 920 2366
internal_value=1080.74 1080.74 1080.74 1080.74 1080.74 1080.74 1080.74 1080.74 1080.75 1080.74 1080.75 1080.74 1080.75 1080.74 1080.75 1080.74 1080.74 1080.76 1080.74 1080.74 1080.74 1080.74 1080.74 1080.74 1080.74 1080.74 1080.74 1080.74 1080.74 1080.74
internal_weight=49188 21562 21535 27626 23988 18722 15388 8193 3334 21286 7195 18244 3285 2702 1967 2813 2857 49 111 2623 2041 1052 957 582 269 95 1567 195 989 5336
internal_count=49188 21562 21535 27626 23988 18722 15388 8193 3334 21286 7195 18244 3285 2702 1967 2813 2857 49 111 2623 2041 1052 957 582 269 95 1567 195 989 5336
cat_boundaries=0 1 2 3 4 5 6
cat_threshold=2 2 2 2 2 2
is_linear=0
shrinkage=1


Tree=1
num_leaves=31
num_cat=4
split_feature=1 1 3 1 2 3 3 3 3 3 3 1 2 3 0 2 2 0 0 3 3 3 3 3 3 2 0 2 3 2
split_gain=207.492 7.6516 4.86626 4.2166 3.14034 2.35774 2.56581 2.05036 1.37678 1.23161 0.922215 0.691594 0.535009 0.344484 0.30358 0.253768 0.242203 0.229805 0.187255 0.23858 0.390783 0.550758 0.224737 0.189536 0.200146 0.176989 0.505409 0.399668 0.174081 0.167698
threshold=772.20001220703136 1179.3599853515627 12.500000000000002 594.00000000000011 1.0000000180025095e-35 20.500000000000004 18.500000000000004 19.500000000000004 21.500000000000004 20.500000000000004 13.500000000000002 675.00000000000011 3.4000000059604649 11.500000000000002 0 3.4000000059604649 3.4000000059604649 1 2 13.500000000000002 14.500000000000002 17.500000000000004 12.500000000000002 18.500000000000004 21.500000000000004 1.0000000180025095e-35 3 3.4000000059604649 12.500000000000002 3.4000000059604649
decision_type=2 2 2 2 2 2 2 2 2 2 2 2 2 2 1 2 2 1 1 2 2 2 2 2 2 2 1 2 2 2
left_child=3 2 -2 -1 9 6 10 15 12 11 -4 28 -7 -6 -10 -8 -12 -13 -15 22 -21 -22 29 -23 -25 26 -9 -27 -5 -20
right_child=1 -3 5 4 13 8 7 25 14 -11 16 17 -14 18 -16 -17 -18 -19 19 20 21 23 -24 24 -26 27 -28 -29 -30 -31
leaf_value=-17.731760446836777 3.2594902016842195 56.303876839823246 8.1010757025028717 -10.769344908042831 -13.312018993867472 14.71243155812218 0.83978722253621974 -0.6040577287283122 24.532229534822271 -6.1222627832517489 7.1247984410058729 -1.5282523596494637 9.6851064899550057 -4.1185103523731428 31.357641338152153 3.8862339201689564 11.488683546130877 1.1727477499523637 -7.5831433637838472 -4.8031939210455397 6.9341752672985688 -14.840850526997336 9.0320340024149335 0.19682520703415776 -15.035035257655368 10.673026923574474 17.105870111139623 7.4388107438250692 -8.7001717827675655 0.14469278743499217
leaf_weight=3638 2813 27 5228 2973 79 311 243 51 22 3042 391 64 2974 1456 27 2614 1576 47 32 435 43 40 74 360 20 525 56 4704 15160 163
leaf_count=3638 2813 27 5228 2973 79 311 243 51 22 3042 391 64 2974 1456 27 2614 1576 47 32 435 43 40 74 360 20 525 56 4704 15160 163
internal_value=-0.00010954 0.00430145 0.00426143 -0.00355231 -0.00326363 0.00461104 0.00429763 0.00357158 0.00605759 -0.00350822 0.00512439 -0.00369459 0.00590867 -0.00133679 0.0160408 0.00227441 0.00623182 0.00102703 -0.00121922 -0.000652958 -0.0011225 9.07113e-05 0.000914497 -0.00057143 -0.000157896 0.00426612 0.00185047 0.00431555 -0.00372349 -0.000153848
internal_weight=49188 21562 21535 27626 23988 18722 15388 8193 3334 21286 7195 18244 3285 2702 49 2857 1967 111 2623 1167 898 463 269 420 380 5336 107 5229 18133 195
internal_count=49188 21562 21535 27626 23988 18722 15388 8193 3334 21286 7195 18244 3285 2702 49 2857 1967 111 2623 1167 898 463 269 420 380 5336 107 5229 18133 195
cat_boundaries=0 1 2 3 4
cat_threshold=2 2 2 2
is_linear=0
shrinkage=0.06


Tree=2
num_leaves=31
num_cat=4
split_feature=1 1 3 1 2 3 3 3 3 3 1 2 3 3 0 2 0 2 0 2 2 0 3 3 3 3 3 3 2 2
split_gain=183.151 4.92425 4.49898 3.95584 2.92214 2.12585 1.98894 1.48478 1.22531 0.876642 0.656407 0.633574 0.621111 0.352366 0.272143 0.23682 0.229805 0.207657 0.382746 0.249324 0.181298 0.15822 0.23858 0.390783 0.550758 0.224737 0.189536 0.200146 0.167698 0.152663
threshold=772.20001220703136 1179.3599853515627 12.500000000000002 594.00000000000011 1.0000000180025095e-35 20.500000000000004 18.500000000000004 19.500000000000004 20.500000000000004 21.500000000000004 675.00000000000011 3.4000000059604649 13.500000000000002 11.500000000000002 0 3.4000000059604649 1 1.0000000180025095e-35 2 3.4000000059604649 3.4000000059604649 3 13.500000000000002 14.500000000000002 17.500000000000004 12.500000000000002 18.500000000000004 21.500000000000004 3.4000000059604649 3.4000000059604649
decision_type=2 2 2 2 2 2 2 2 2 2 2 2 2 2 1 2 1 2 1 2 2 1 2 2 2 2 2 2 2 2
left_child=3 2 -2 -1 8 6 12 15 10 11 -5 -7 -4 -6 -11 -8 -12 18 -9 -19 -14 -15 25 -24 -25 28 -26 29 -23 -28
right_child=1 -3 5 4 13 9 7 17 -10 14 16 -13 20 21 -16 -17 -18 19 -20 -21 -22 22 23 24 26 -27 27 -29 -30 -31
leaf_value=-16.667854820026577 3.0639207895831659 52.925644229433857 7.6150111603527009 -8.4451162140982881 -12.513297854235425 13.829685664634844 0.78939998918404852 -0.56781426500461296 -5.754927016256647 23.060295762732931 -1.4365572180704931 9.1040001005577089 6.6973105345455224 -3.8713997312307598 29.476182857863016 3.6530598849588203 1.1023828849552229 10.032645308160003 16.079517904471246 6.9924820991955627 10.799362533363023 -7.1281547619568162 -4.5150022857828116 6.5181247512606566 -13.950399495377491 8.490111962270035 6.3340399653079151 -14.132933142196043 0.13601122018889783 -5.2428366177191261
leaf_weight=3638 2813 27 5228 18133 79 311 243 51 3042 22 64 2974 391 1456 27 2614 47 525 56 4704 1576 32 435 43 40 74 86 20 163 274
leaf_count=3638 2813 27 5228 18133 79 311 243 51 3042 22 64 2974 391 1456 27 2614 47 525 56 4704 1576 32 435 43 40 74 86 20 163 274
internal_value=-0.000196147 0.00394806 0.00391595 -0.00343068 -0.00315108 0.00425211 0.00395451 0.00331527 -0.00338702 0.00562567 -0.0035729 0.00550685 0.00468242 -0.00129238 0.0135918 0.00221141 0.00102703 0.0039063 0.00128972 0.00395984 0.00559125 -0.00117347 -0.000652958 -0.0011225 9.07113e-05 0.000914497 -0.00057143 -0.000157896 -0.000153848 0.000166665
internal_weight=49188 21562 21535 27626 23988 18722 15388 8193 21286 3334 18244 3285 7195 2702 49 2857 111 5336 107 5229 1967 2623 1167 898 463 269 420 380 195 360
internal_count=49188 21562 21535 27626 23988 18722 15388 8193 21286 3334 18244 3285 7195 2702 49 2857 111 5336 107 5229 1967 2623 1167 898 463 269 420 380 195 360
cat_boundaries=0 1 2 3 4
cat_threshold=2 2 2 2
is_linear=0
shrinkage=0.06


Tree=3
num_leaves=31
num_cat=5
split_feature=1 1 3 1 1 3 3 3 3 3 2 3 3 2 3 0 2 0 2 2 0 0 2 0 3 3 3 3 3 2
split_gain=165.643 5.01779 4.05058 3.97305 2.71655 1.67498 1.65963 1.26904 1.24887 0.970108 0.650524 0.478912 0.389327 0.314824 0.453616 0.272143 0.22291 0.2136 0.188249 0.268527 0.469462 0.350334 0.175131 0.382746 0.173224 0.501999 0.28521 0.331665 0.154079 0.148722
threshold=772.20001220703136 1179.3599853515627 12.500000000000002 594.00000000000011 675.00000000000011 20.500000000000004 14.500000000000002 20.500000000000004 19.500000000000004 21.500000000000004 3.4000000059604649 13.500000000000002 11.500000000000002 1.0000000180025095e-35 13.500000000000002 0 3.4000000059604649 1 3.4000000059604649 1.0000000180025095e-35 2 3 1.0000000180025095e-35 4 14.500000000000002 15.500000000000002 18.500000000000004 17.500000000000004 13.500000000000002 3.4000000059604649
decision_type=2 2 2 2 2 2 2 2 2 2 2 2 2 2 2 1 2 1 2 2 1 1 2 1 2 2 2 2 2 2
left_child=3 2 -2 -1 7 6 11 13 29 10 -7 -4 -6 -5 16 -11 17 -15 19 21 -21 -13 23 -10 28 -26 27 -27 -14 -8
right_child=1 -3 5 4 12 9 8 -9 22 15 -12 18 24 14 -16 -17 -18 -19 -20 20 -22 -23 -24 -25 25 26 -28 -29 -30 -31
leaf_value=-15.66778353082498 2.8800855422081795 49.750105575667824 7.1581104907315423 -7.9384092412523888 -11.762499982981304 12.999904524756756 1.1918661055610074 -5.2790606820727781 -0.53374540910433099 21.676678016968953 8.5577600945242516 6.0762229817541176 -0.85094749191847341 -3.6996997567125982 -10.619111749231932 27.707611886391238 -15.772478689172695 12.141437392452149 10.516377743097628 5.2208186442981335 -0.31451759609247348 12.718337579456284 7.1146968987071428 15.11474683020297 11.213637191477602 0.93824910917010762 -0.69075049274662093 -12.313042784727013 -3.936612670109219 3.4330779514465255
leaf_weight=3638 2813 27 5228 18133 79 311 273 3183 51 22 2974 104 480 51 173 27 38 47 1561 98 76 83 5229 56 60 42 693 89 920 2629
leaf_count=3638 2813 27 5228 18133 79 311 273 3183 51 22 2974 104 480 51 173 27 38 47 1561 98 76 83 5229 56 60 42 693 89 920 2629
internal_value=-0.000235181 0.00370596 0.00367355 -0.00331123 -0.00303102 0.00399252 0.00372836 -0.00324208 0.00314785 0.00521176 0.00508676 0.0043972 -0.00109945 -0.00343303 -0.00153398 0.0135918 0.00105882 0.00257143 0.00520707 0.0039723 0.00227586 0.0055508 0.00369265 0.00128972 -0.000956219 -0.000298644 -0.000684467 -0.00325191 -0.00137143 0.0021461
internal_weight=49188 21562 21535 27626 23988 18722 15388 21625 8238 3334 3285 7150 2363 18442 309 49 136 98 1922 361 174 187 5336 107 2284 884 824 131 1400 2902
internal_count=49188 21562 21535 27626 23988 18722 15388 21625 8238 3334 3285 7150 2363 18442 309 49 136 98 1922 361 174 187 5336 107 2284 884 824 131 1400 2902
cat_boundaries=0 1 2 3 4 5
cat_threshold=2 2 2 2 2
is_linear=0
shrinkage=0.06


Tree=4
num_leaves=31
num_cat=4
split_feature=1 1 1 3 1 3 3 3 3 3 2 3 0 2 3 3 2 0 3 3 3 3 3 0 2 3 2 2 2 0
split_gain=149.567 5.10568 4.00903 3.38227 2.51164 1.58082 1.548 1.13995 1.03792 0.962307 0.515576 0.464328 0.272143 0.26915 0.453616 0.267469 0.22291 0.2136 0.15966 0.501999 0.28521 0.331665 0.142254 0.141666 0.290682 0.139296 0.141992 0.138694 0.135108 0.382746
threshold=772.20001220703136 1179.3599853515627 594.00000000000011 12.500000000000002 675.00000000000011 20.500000000000004 14.500000000000002 20.500000000000004 21.500000000000004 19.500000000000004 3.4000000059604649 13.500000000000002 0 1.0000000180025095e-35 13.500000000000002 11.500000000000002 3.4000000059604649 1 14.500000000000002 15.500000000000002 18.500000000000004 17.500000000000004 12.500000000000002 2 3.4000000059604649 13.500000000000002 3.4000000059604649 1.0000000180025095e-35 1.0000000180025095e-35 3
decision_type=2 2 2 2 2 2 2 2 2 2 2 2 1 2 2 2 2 1 2 2 2 2 2 1 2 2 2 2 2 1
left_child=2 3 -1 23 7 6 11 13 10 -8 -7 -5 -10 22 16 -6 17 -15 25 -20 21 -21 -4 24 -2 26 27 -17 29 -11
right_child=1 -3 4 5 15 8 9 -9 12 28 -12 -13 -14 14 -16 18 -18 -19 19 20 -22 -23 -24 -25 -26 -27 -28 -29 -30 -31
leaf_value=-14.727716518975482 6.3202819885761841 46.76509924112775 -9.1401726862392199 6.7286238612876463 -11.056749984002421 12.219910253271346 2.9709190503654281 -4.9623170411484185 20.376077335950818 -0.50172068455807217 8.0442944888528007 9.1748518454981784 26.045155173207757 -3.4777177713098442 -9.9819650442780148 0.4884809085780365 -14.826129967822336 11.412951148905018 10.540818959988949 0.88195416261990156 -0.64930546318181881 -11.57426021764339 -7.1951499484804708 2.1450388295425498 2.872668445232466 -3.7004159099026612 0.076286997116644661 -8.4340372426475145 6.6878150847847193 14.207862020390799
leaf_weight=3638 204 27 2973 5228 79 311 2902 3183 22 51 2974 1922 27 51 173 34 38 47 60 42 693 89 15160 1246 1363 920 353 93 5229 56
leaf_count=3638 204 27 2973 5228 79 311 2902 3183 22 51 2974 1922 27 51 173 34 38 47 60 42 693 89 15160 1246 1363 920 353 93 5229 56
internal_value=-0.000264456 0.00348057 -0.00318743 0.00344787 -0.00290595 0.00373934 0.00348271 -0.0031089 0.00492381 0.00292207 0.00479452 0.00412867 0.0135918 -0.00328988 -0.00153398 -0.00104867 0.00105882 0.00257143 -0.000929949 -0.000298644 -0.000684467 -0.00325191 -0.00331981 0.001508 0.00188768 -0.00132857 -0.000500001 -0.00222047 0.0034003 0.00128972
internal_weight=49188 21562 27626 21535 23988 18722 15388 21625 3334 8238 3285 7150 49 18442 309 2363 136 98 2284 884 824 131 18133 2813 1567 1400 480 127 5336 107
internal_count=49188 21562 27626 21535 23988 18722 15388 21625 3334 8238 3285 7150 49 18442 309 2363 136 98 2284 884 824 131 18133 2813 1567 1400 480 127 5336 107
cat_boundaries=0 1 2 3 4
cat_threshold=2 2 2 2
is_linear=0
shrinkage=0.06


Tree=5
num_leaves=31
num_cat=5
split_feature=1 1 1 3 1 3 3 3 3 3 3 2 0 3 2 3 2 2 2 2 0 0 3 3 3 3 3 3 0 0
split_gain=131.035 3.86636 3.61548 2.72133 2.28787 1.41675 1.29536 0.985772 1.49996 0.922654 0.45496 0.392311 0.272143 0.271441 0.237242 0.31238 0.183368 0.175341 0.155368 0.221828 0.534874 0.337457 0.146649 0.501999 0.28521 0.331665 0.168284 0.129095 0.127408 0.109084
threshold=772.20001220703136 594.00000000000011 1179.3599853515627 12.500000000000002 675.00000000000011 21.500000000000004 20.500000000000004 20.500000000000004 18.500000000000004 19.500000000000004 13.500000000000002 3.4000000059604649 0 11.500000000000002 1.0000000180025095e-35 13.500000000000002 3.4000000059604649 3.4000000059604649 3.4000000059604649 1.0000000180025095e-35 1 2 14.500000000000002 15.500000000000002 18.500000000000004 17.500000000000004 13.500000000000002 16.500000000000004 3 4
decision_type=2 2 2 2 2 2 2 2 2 2 2 2 1 2 2 2 2 2 2 2 1 1 2 2 2 2 2 2 1 1
left_child=1 -1 3 29 6 7 14 8 10 16 -5 -9 -7 -6 -3 17 -10 28 19 21 -21 -12 26 -24 25 -25 -15 -17 -16 -2
right_child=2 4 -4 5 13 12 -8 11 9 -11 18 -13 -14 22 15 27 -18 -19 -20 20 -22 -23 23 24 -26 -27 -28 -29 -30 -31
leaf_value=-13.844053527836952 3.2419126834190486 -7.0276775668200626 43.959193286660089 6.3249064296103912 -10.393344984962278 19.153512695793765 -4.6645780186795092 11.486715638075065 0.49226888047742245 6.2425798350787494 4.6495708099662307 7.5616368195216364 24.48244586281529 -0.80446786223035394 -3.2690547050312486 -9.8708282321716467 3.0496364717525828 -13.936562169753001 8.969927006045495 4.8816663768212738 -0.97263173166884365 11.404745321981327 9.9083698223896146 0.82903691286270897 -0.61034713539090379 -10.879804604584791 -3.4783909553085035 -9.1427393899242766 10.728174079970717 2.01633649977
leaf_weight=3638 1567 18133 27 5228 79 22 3183 311 243 5336 111 2974 27 480 51 72 2614 38 1576 105 82 93 60 42 693 89 920 101 47 1246
leaf_count=3638 1567 18133 27 5228 79 22 3183 311 243 5336 111 2974 27 480 51 72 2614 38 1576 105 82 93 60 42 693 89 920 101 47 1246
internal_value=-0.000336425 -0.00307232 0.00316891 0.0031414 -0.0027959 0.00340284 -0.0029896 0.0033761 0.00317468 0.00261955 0.00380681 0.00431963 0.0135918 -0.00102328 -0.00318252 -0.00153398 0.00174939 0.000617646 0.00458465 0.00351407 0.00202139 0.00488235 -0.000903679 -0.000298644 -0.000684467 -0.00325191 -0.00128572 -0.00322543 0.00195918 0.00140135
internal_weight=49188 27626 21562 21535 23988 18722 21625 18673 15388 8193 7195 3285 49 2363 18442 309 2857 136 1967 391 187 204 2284 884 824 131 1400 173 98 2813
internal_count=49188 27626 21562 21535 23988 18722 21625 18673 15388 8193 7195 3285 49 2363 18442 309 2857 136 1967 391 187 204 2284 884 824 131 1400 173 98 2813
cat_boundaries=0 1 2 3 4 5
cat_threshold=2 2 2 2 2
is_linear=0
shrinkage=0.06


Tree=6
num_leaves=31
num_cat=4
split_feature=1 1 3 1 1 3 3 3 3 3 0 3 2 3 2 3 2 3 3 3 3 2 2 0 0 2 2 2 0 3
split_gain=116.661 3.9259 2.40192 2.12496 1.75122 1.27463 1.15871 0.721815 1.42895 0.609277 0.423315 0.408224 0.391425 0.279473 0.202993 0.19741 0.173727 0.168163 0.181394 0.424591 0.377921 0.164907 0.139987 0.534874 0.3232 0.133474 0.126022 0.189093 0.382746 0.122286
threshold=772.20001220703136 594.00000000000011 12.500000000000002 675.00000000000011 1179.3599853515627 20.500000000000004 21.500000000000004 20.500000000000004 18.500000000000004 19.500000000000004 0 13.500000000000002 3.4000000059604649 11.500000000000002 1.0000000180025095e-35 13.500000000000002 3.4000000059604649 12.500000000000002 15.500000000000002 19.500000000000004 13.500000000000002 3.4000000059604649 1.0000000180025095e-35 1 2 3.4000000059604649 3.4000000059604649 1.0000000180025095e-35 3 14.500000000000002
decision_type=2 2 2 2 2 2 2 2 2 2 1 2 2 2 2 2 2 2 2 2 2 2 2 1 1 2 2 2 1 2
left_child=1 -1 -2 5 6 14 7 8 11 16 -8 -4 -9 -5 17 25 -10 -3 20 -20 -19 22 24 -24 -13 -16 27 28 -11 -15
right_child=2 3 4 13 -6 -7 10 12 9 26 -12 21 -14 29 15 -17 -18 18 19 -21 -22 -23 23 -25 -26 -27 -28 -29 -30 -31
leaf_value=-13.013410316166732 2.4019935566893946 -8.1701016710556669 5.9454120438337714 -9.769744285864542 41.321641689460478 -4.3847033375587365 18.004301934046136 10.797512699790559 0.46273274764877442 -0.8461722335893137 23.013499111046375 4.3705965613682567 7.1079386103503337 -2.7640691120666601 8.3377443628638677 -8.7995346929427924 2.8666582834474275 -6.9791320781321655 -8.0101534598874373 -6.3249037470871503 -4.4548056471134574 8.4317313856827649 4.5887663942119907 -0.9142738277687158 10.720460602662442 -13.100368439567825 5.3702276641296063 8.2279810805561766 12.980835509062626 -1.1291178836376139
leaf_weight=3638 2813 2973 5228 79 27 3183 22 311 243 51 27 111 2974 1400 98 173 2614 5947 2148 4481 2584 1576 105 82 93 38 4704 525 56 884
leaf_count=3638 2813 2973 5228 79 27 3183 22 311 243 51 27 111 2974 1400 98 173 2614 5947 2148 4481 2584 1576 105 82 93 38 4704 525 56 884
internal_value=-0.000377898 -0.00295939 0.0029296 -0.00268084 0.00317489 -0.00286752 0.00315287 0.00312869 0.00295633 0.0024145 0.0123673 0.00357331 0.00393607 -0.000972494 -0.00305889 -0.00153398 0.00170738 -0.00308487 -0.00300396 -0.0032394 -0.00282101 0.00431012 0.00320716 0.00202139 0.00429412 0.000176469 0.0027931 0.00358861 0.00128972 -0.00085114
internal_weight=49188 27626 21562 23988 18749 21625 18722 18673 15388 8193 49 7195 3285 2363 18442 309 2857 18133 15160 6629 8531 1967 391 187 204 136 5336 632 107 2284
internal_count=49188 27626 21562 23988 18749 21625 18722 18673 15388 8193 49 7195 3285 2363 18442 309 2857 18133 15160 6629 8531 1967 391 187 204 136 5336 632 107 2284
cat_boundaries=0 1 2 3 4
cat_threshold=2 2 2 2
is_linear=0
shrinkage=0.06


Tree=7
num_leaves=31
num_cat=4
split_feature=1 1 3 1 1 3 3 3 3 3 3 3 2 0 2 3 2 2 3 3 3 3 2 2 2 0 2 0 2 0
split_gain=105.763 3.83045 2.0809 1.95015 1.79108 1.15131 0.909361 0.606752 1.09239 0.567162 0.502888 0.287622 0.270608 0.242424 0.167455 0.19741 0.165187 0.159755 0.137615 0.193689 0.443135 0.320657 0.133474 0.128015 0.173797 0.382746 0.108014 0.229805 0.106099 0.534874
threshold=772.20001220703136 594.00000000000011 12.500000000000002 675.00000000000011 1179.3599853515627 20.500000000000004 21.500000000000004 20.500000000000004 18.500000000000004 19.500000000000004 13.500000000000002 11.500000000000002 3.4000000059604649 0 1.0000000180025095e-35 13.500000000000002 3.4000000059604649 3.4000000059604649 12.500000000000002 15.500000000000002 19.500000000000004 13.500000000000002 3.4000000059604649 3.4000000059604649 1.0000000180025095e-35 1 1.0000000180025095e-35 2 1.0000000180025095e-35 3
decision_type=2 2 2 2 2 2 2 2 2 2 2 2 2 1 2 2 2 2 2 2 2 2 2 2 2 1 2 1 2 1
left_child=1 -1 -2 5 6 14 7 8 10 17 -4 -5 -9 -8 18 22 28 -10 -3 21 -21 -20 -16 24 25 -11 27 -13 -12 -30
right_child=2 3 4 11 -6 -7 13 12 9 23 16 26 -14 -15 15 -17 -18 -19 19 20 -22 -23 -24 -25 -26 -27 -28 -29 29 -31
leaf_value=-12.232605697196727 2.2578739432880321 -7.6798955707923255 5.588687321203742 -9.1835596287126666 38.842343188092855 -4.1216211373052163 16.924043818003366 10.149661937803126 0.43496878278985146 -0.7954018995739488 6.6705905919046575 -1.1502657632630866 6.6814622937293091 21.632689164383585 7.8374797010920414 -8.2715626113662246 7.925827502541801 2.6946587864405864 -6.5603841534442378 -7.5295442522941922 -5.945409522261925 -4.1875173082866466 -12.314346333193757 5.0480140042818356 7.7343022157228036 12.201985378518867 -2.3187514167128964 1.2721001253161603 4.3134404105592754 -0.85941739810259143
leaf_weight=3638 2813 2973 5228 79 27 3183 22 311 243 51 204 64 2974 27 98 173 1576 2614 5947 2148 4481 2584 38 4704 525 56 2173 47 105 82
leaf_count=3638 2813 2973 5228 79 27 3183 22 311 243 51 204 64 2974 27 98 173 1576 2614 5947 2148 4481 2584 38 4704 525 56 2173 47 105 82
internal_value=-0.000375459 -0.00283342 0.00277377 -0.00255828 0.00300208 -0.00273711 0.00297981 0.00295839 0.00280036 0.00232662 0.00333982 -0.000921711 0.00369863 0.0111429 -0.00291899 -0.00153398 0.0041576 0.00164438 -0.00294259 -0.00286939 -0.00311269 -0.00268034 0.000176469 0.0026919 0.00349367 0.00128972 -0.0007986 0.00102703 0.00305371 0.00202139
internal_weight=49188 27626 21562 23988 18749 21625 18722 18673 15388 8193 7195 2363 3285 49 18442 309 1967 2857 18133 15160 6629 8531 136 5336 632 107 2284 111 391 187
internal_count=49188 27626 21562 23988 18749 21625 18722 18673 15388 8193 7195 2363 3285 49 18442 309 1967 2857 18133 15160 6629 8531 136 5336 632 107 2284 111 391 187
cat_boundaries=0 1 2 3 4
cat_threshold=2 2 2 2
is_linear=0
shrinkage=0.06


Tree=8
num_leaves=31
num_cat=2
split_feature=1 1 3 1 1 3 3 3 3 3 3 3 2 2 2 3 3 3 2 2 2 0 2 3 3 2 3 3 0 2
split_gain=94.5507 3.8107 2.01537 1.8374 1.81145 1.14383 0.695175 0.540722 0.882178 0.428165 0.417148 0.295888 0.295168 0.285104 0.150765 0.147334 0.43908 0.4296 0.356613 0.133474 0.122936 0.111123 0.275747 0.113873 0.483584 0.194341 0.23005 0.112105 0.0883598 0.325688
threshold=772.20001220703136 594.00000000000011 12.500000000000002 1179.3599853515627 675.00000000000011 20.500000000000004 21.500000000000004 20.500000000000004 18.500000000000004 13.500000000000002 19.500000000000004 11.500000000000002 1.0000000180025095e-35 3.4000000059604649 3.4000000059604649 17.500000000000004 13.500000000000002 19.500000000000004 1.0000000180025095e-35 3.4000000059604649 3.4000000059604649 0 1.0000000180025095e-35 14.500000000000002 15.500000000000002 3.4000000059604649 13.500000000000002 18.500000000000004 1 1.0000000180025095e-35
decision_type=2 2 2 2 2 2 2 2 2 2 2 2 2 2 2 2 2 2 2 2 2 1 2 2 2 2 2 2 1 2
left_child=1 -1 -2 6 5 15 7 8 9 -4 14 -6 -8 -9 -10 16 18 -17 -3 -20 -11 -13 -23 25 -25 -24 -27 -26 29 -12
right_child=2 4 3 -5 11 -7 12 13 10 20 28 21 -14 -15 -16 17 -18 -19 19 -21 -22 22 23 24 27 26 -28 -29 -30 -31
leaf_value=-11.498649355364924 2.122401506690744 -6.4986216957150713 5.2533660819315218 36.511802596807279 -8.6325460509899035 -3.8743238690668989 13.140984550378931 9.5406822215349383 0.40887065582246124 4.4389634761229573 -0.74767778559950782 -2.4242098921029278 29.958020081670028 6.2805745561055524 2.532979259254148 -7.1082832224496899 -4.3081670300534114 -5.6025336241854093 7.3672309190265226 -11.575485553202135 7.450277852389295 1.1957741177971866 -7.4417649807314499 16.401252311838817 -7.3825698243025863 0.73735079826391936 -2.6366436109309777 0.86650370949975053 5.5021050532368276 5.1131734169212404
leaf_weight=3638 2813 8920 5228 27 79 3183 26 311 243 391 51 1278 23 2974 2614 2139 2668 4579 98 38 1576 47 64 25 55 166 370 279 2366 2919
leaf_count=3638 2813 8920 5228 27 79 3183 26 311 243 391 51 1278 23 2974 2614 2139 2668 4579 98 38 1576 47 64 25 55 166 370 279 2366 2919
internal_value=-0.000398635 -0.00272265 0.00257898 0.00280367 -0.00244823 -0.00262058 0.00278111 0.00276238 0.0026132 0.00309798 0.00218748 -0.000870928 0.00991837 0.00346119 0.00160238 -0.00280187 -0.00267349 -0.0030259 -0.00287279 0.000176469 0.00385257 -0.000746061 -0.000274355 -0.000494266 0.000350973 -0.001 -0.000626867 -0.000251498 0.00250075 0.00228283
internal_weight=49188 27626 21562 18749 23988 21625 18722 18673 15388 7195 8193 2363 49 3285 2857 18442 11724 6718 9056 136 1967 2284 1006 959 359 600 536 334 5336 2970
internal_count=49188 27626 21562 18749 23988 21625 18722 18673 15388 7195 8193 2363 49 3285 2857 18442 11724 6718 9056 136 1967 2284 1006 959 359 600 536 334 5336 2970
cat_boundaries=0 1 2
cat_threshold=2 2
is_linear=0
shrinkage=0.06


Tree=9
num_leaves=31
num_cat=5
split_feature=1 1 1 3 1 3 3 3 3 3 3 3 3 3 3 2 0 2 2 0 2 2 0 0 2 3 0 2 2 3
split_gain=82.4944 3.81299 1.94229 1.67959 1.62847 0.966284 0.645649 0.706615 0.421407 0.392277 0.304271 0.239666 0.177975 0.396113 0.388605 0.226326 0.144795 0.261281 0.125257 0.128019 0.388023 0.108805 0.222773 0.117667 0.09731 0.0956734 0.0929018 0.0922194 0.0920844 0.0850246
threshold=772.20001220703136 594.00000000000011 1179.3599853515627 12.500000000000002 675.00000000000011 20.500000000000004 20.500000000000004 14.500000000000002 19.500000000000004 13.500000000000002 11.500000000000002 21.500000000000004 17.500000000000004 13.500000000000002 19.500000000000004 1.0000000180025095e-35 0 1.0000000180025095e-35 3.4000000059604649 1 1.0000000180025095e-35 1.0000000180025095e-35 2 3 3.4000000059604649 11.500000000000002 4 3.4000000059604649 3.4000000059604649 12.500000000000002
decision_type=2 2 2 2 2 2 2 2 2 2 2 2 2 2 2 2 1 2 2 1 2 2 1 1 2 2 1 2 2 2
left_child=1 25 3 -2 5 12 7 9 28 21 -6 27 13 15 -14 29 -12 -18 19 20 -10 22 -5 -23 -17 -1 -13 -8 -9 -3
right_child=2 4 -4 6 10 -7 11 8 18 -11 16 26 14 -15 -16 24 17 -19 -20 -21 -22 23 -24 -25 -26 -27 -28 -29 -30 -31
leaf_value=-17.019313306321649 1.9950574162893007 -6.8291845348018771 34.321094440998849 9.2843704231663366 -8.1145932879305054 -3.6418644369228801 8.9682412882428384 0.42859565837477326 -0.70281711846353567 6.7881980633386725 -2.2787572985767532 15.019239397516467 -6.6817862291027081 -4.0496770082502094 -5.266381606734285 6.9251970638849327 1.1240276707293606 -1.1883112371988591 4.4383427590096511 8.6671548012318471 6.6224626297265603 3.8729848481631142 2.4849492731790179 5.8179965211221951 -10.880956420010008 -10.570501735400553 18.940854836890331 5.9037400827392137 2.3802021632841388 -5.7768438024946773
leaf_weight=253 2813 2973 27 107 79 3183 311 273 51 1922 1278 22 2139 2668 4579 98 47 959 4704 267 314 2776 86 2259 38 3385 27 2974 2629 5947
leaf_count=253 2813 2973 27 107 79 3183 311 273 51 1922 1278 22 2139 2668 4579 98 47 959 4704 267 314 2776 86 2259 38 3385 27 2974 2629 5947
internal_value=-0.000419372 -0.00259017 0.00236193 0.00234177 -0.00231566 -0.00247908 0.00254716 0.00238315 0.00200437 0.00281958 -0.000820145 0.00330414 -0.0026457 -0.00250461 -0.00289193 -0.00269391 -0.000693522 -0.000155071 0.00232084 0.00311392 0.00238356 0.00255011 0.00394819 0.00249652 -0.000264707 -0.00440022 0.00746939 0.00324201 0.00142247 -0.00273094
internal_weight=49188 27626 21562 21535 23988 21625 18722 15388 8238 7150 2363 3334 18442 11724 6718 9056 2284 1006 5336 632 365 5228 193 5035 136 3638 49 3285 2902 8920
internal_count=49188 27626 21562 21535 23988 21625 18722 15388 8238 7150 2363 3334 18442 11724 6718 9056 2284 1006 5336 632 365 5228 193 5035 136 3638 49 3285 2902 8920
cat_boundaries=0 1 2 3 4 5
cat_threshold=2 2 2 2 2
is_linear=0
shrinkage=0.06


Tree=10
num_leaves=31
num_cat=3
split_feature=1 1 1 1 3 3 3 3 3 3 3 3 3 3 2 2 0 3 2 2 3 2 0 2 0 3 2 2 3 3
split_gain=73.706 3.62911 1.98282 1.58225 1.34033 0.845812 0.542859 0.625121 0.409583 0.34224 0.317065 0.170129 0.393163 0.37481 0.205825 0.15434 0.158436 0.140813 0.139786 0.127508 0.122573 0.09731 0.0937354 0.292368 0.074502 0.157036 0.181314 0.0765309 0.073024 0.502753
threshold=772.20001220703136 594.00000000000011 1179.3599853515627 675.00000000000011 12.500000000000002 20.500000000000004 20.500000000000004 14.500000000000002 19.500000000000004 13.500000000000002 11.500000000000002 17.500000000000004 19.500000000000004 13.500000000000002 1.0000000180025095e-35 1.0000000180025095e-35 0 21.500000000000004 1.0000000180025095e-35 1.0000000180025095e-35 11.500000000000002 3.4000000059604649 1 1.0000000180025095e-35 2 21.500000000000004 1.0000000180025095e-35 1.0000000180025095e-35 18.500000000000004 17.500000000000004
decision_type=2 2 2 2 2 2 2 2 2 2 2 2 2 2 2 2 1 2 2 2 2 2 1 2 1 2 2 2 2 2
left_child=1 20 4 5 -2 11 7 9 19 22 -5 13 -13 14 -3 16 -12 -8 -19 -9 -1 -16 23 -6 -7 26 -26 -27 29 -17
right_child=2 3 -4 10 6 24 17 8 -10 -11 15 12 -14 -15 21 28 -18 18 -20 -21 -22 -23 -24 -25 25 27 -28 -29 -30 -31
leaf_value=-15.998154507942349 1.8753539713119471 -5.7509761850142445 32.261828774538913 -7.6277176906546789 8.727308197776356 -4.2939049034724714 5.6787225591900183 -0.9074587304438273 4.505473348896337 6.3809061795383464 -0.79907178602651985 -6.2808790553565448 -4.9503987103302274 -3.806696387755196 6.5096852400518346 -1.9267554706506897 1.0565860104855938 11.333722510076088 27.212325004228205 2.1369122398445959 -9.9362716312765222 -10.228099034809411 5.362645808737466 3.6406057572733332 -2.2073012510731176 -3.3258490063187898 7.7216348671868174 -11.42924904229902 -0.53016688324323402 -9.7379661388478986
leaf_weight=253 2813 8920 27 79 107 1733 3285 22 5336 1922 64 2139 4579 2668 98 1455 47 26 23 2880 3385 38 2345 2776 1134 265 31 20 629 89
leaf_count=253 2813 8920 27 79 107 1733 3285 22 5336 1922 64 2139 4579 2668 98 1455 47 26 23 2880 3385 38 2345 2776 1134 265 31 20 629 89
internal_value=-0.00043401 -0.00248592 0.00219497 -0.00221811 0.0021746 -0.00237919 0.00235808 0.00220769 0.00185142 0.00261818 -0.000743971 -0.00253508 -0.00277583 -0.00239714 -0.00258127 -0.000614712 0.00156757 0.00305219 0.0062449 0.00127774 -0.00425179 -0.000264707 0.00236649 0.00213736 -0.00147597 -0.00115862 -0.000849787 -0.00242105 -0.000726186 -0.000948188
internal_weight=49188 27626 21562 23988 21535 21625 18722 15388 8238 7150 2363 18442 6718 11724 9056 2284 111 3334 49 2902 3638 136 5228 2883 3183 1450 1165 285 2173 1544
internal_count=49188 27626 21562 23988 21535 21625 18722 15388 8238 7150 2363 18442 6718 11724 9056 2284 111 3334 49 2902 3638 136 5228 2883 3183 1450 1165 285 2173 1544
cat_boundaries=0 1 2 3
cat_threshold=2 2 2
is_linear=0
shrinkage=0.06


Tree=11
num_leaves=31
num_cat=4
split_feature=1 1 1 1 3 3 3 3 3 3 3 3 3 3 2 3 3 2 2 2 0 0 2 3 0 2 3 3 0 2
split_gain=65.8803 3.60989 2.01829 1.30485 1.12533 0.722722 0.384818 0.487081 0.312771 0.310722 0.280226 0.18693 0.375549 0.28938 0.177444 0.165631 0.145797 0.139786 0.117281 0.114069 0.16602 0.0992287 0.09731 0.0972728 0.0907462 0.135969 0.0907801 0.0859302 0.102693 0.181314
threshold=772.20001220703136 594.00000000000011 1179.3599853515627 675.00000000000011 12.500000000000002 20.500000000000004 20.500000000000004 14.500000000000002 11.500000000000002 19.500000000000004 13.500000000000002 17.500000000000004 19.500000000000004 13.500000000000002 1.0000000180025095e-35 21.500000000000004 11.500000000000002 1.0000000180025095e-35 3.4000000059604649 1.0000000180025095e-35 0 1 3.4000000059604649 12.500000000000002 2 1.0000000180025095e-35 16.500000000000004 21.500000000000004 3 1.0000000180025095e-35
decision_type=2 2 2 2 2 2 2 2 2 2 2 2 2 2 2 2 2 2 2 2 1 1 2 2 1 2 2 2 1 2
left_child=1 16 4 5 -2 11 7 10 -5 -9 19 13 -13 14 -3 18 -1 -17 -8 20 -6 -21 -16 -18 -10 26 -26 28 -7 -30
right_child=2 3 -4 8 6 27 15 9 24 -11 -12 12 -14 -15 22 17 23 -19 -20 21 -22 -23 -24 -25 25 -27 -28 -29 29 -31
leaf_value=-15.03826523746581 1.7628327330332241 -5.4059176139133909 30.326119048066573 -7.1700546292153984 8.2036697059097694 -3.9244747958164496 8.0894234573968742 1.9300922633051796 -2.0515625757598706 4.2351449479625511 5.9980518087660402 -5.9040263120351524 -4.6533747877104155 -3.5782946044898836 6.1191041256487262 10.653699159471524 -7.7155888038922944 25.579585503974513 5.2087923242234639 3.422169411836935 2.0140935682640384 5.147157981330615 -9.6144130927208487 -9.6040827774151492 1.505110966269704 -1.0014072347278853 0.099340963611944055 -5.0126336147136588 -2.0748631760087255 7.258336775155608
leaf_weight=253 2813 8920 27 79 107 1395 311 2902 1278 5336 1922 2139 4579 2668 98 26 998 23 2974 2776 86 2259 38 2387 20 959 27 623 1134 31
leaf_count=253 2813 8920 27 79 107 1395 311 2902 1278 5336 1922 2139 4579 2668 98 26 998 23 2974 2776 86 2259 38 2387 20 959 27 623 1134 31
internal_value=-0.00043523 -0.00237516 0.00205027 -0.00210806 0.00202972 -0.00225434 0.00219784 0.00207122 -0.000769362 0.00175674 0.00243357 -0.00239844 -0.00265079 -0.00225384 -0.00241564 0.00278224 -0.00413634 0.0062449 0.00273059 0.00220581 0.0036373 0.00215094 -0.000264707 -0.0040325 -0.000640982 -0.000214713 0.00293617 -0.00141942 -0.00126563 -0.000849787
internal_weight=49188 27626 21562 23988 21535 21625 18722 15388 2363 8238 7150 18442 6718 11724 9056 3334 3638 49 3285 5228 193 5035 136 3385 2284 1006 47 3183 2560 1165
internal_count=49188 27626 21562 23988 21535 21625 18722 15388 2363 8238 7150 18442 6718 11724 9056 3334 3638 49 3285 5228 193 5035 136 3385 2284 1006 47 3183 2560 1165
cat_boundaries=0 1 2 3 4
cat_threshold=2 2 2 2
is_linear=0
shrinkage=0.06


Tree=12
num_leaves=31
num_cat=3
split_feature=1 1 1 1 3 3 3 3 3 3 2 2 3 2 2 0 3 3 3 2 2 3 2 0 3 3 3 2 3 0
split_gain=57.8368 3.05514 1.28762 1.1035 0.888821 0.641504 0.325741 0.24452 0.184926 0.525599 0.198011 0.146997 0.140014 0.139786 0.135076 0.16602 0.121922 0.316871 0.267113 0.165623 0.120651 0.109703 0.107482 0.11825 0.209275 0.102061 0.101244 0.09731 0.0964888 0.132287
threshold=772.20001220703136 594.00000000000011 675.00000000000011 1179.3599853515627 12.500000000000002 20.500000000000004 11.500000000000002 21.500000000000004 14.500000000000002 19.500000000000004 3.4000000059604649 1.0000000180025095e-35 13.500000000000002 1.0000000180025095e-35 1.0000000180025095e-35 0 17.500000000000004 19.500000000000004 13.500000000000002 1.0000000180025095e-35 1.0000000180025095e-35 20.500000000000004 1.0000000180025095e-35 1 20.500000000000004 11.500000000000002 12.500000000000002 3.4000000059604649 21.500000000000004 2
decision_type=2 2 2 2 2 2 2 2 2 2 2 2 2 2 2 1 2 2 2 2 2 2 2 1 2 2 2 2 2 1
left_child=1 25 5 4 -2 16 -4 8 12 20 22 -8 14 -9 15 -6 18 -18 19 -3 -10 -12 23 24 -11 -1 -27 -21 29 -7
right_child=3 2 6 -5 7 28 11 13 9 10 21 -13 -14 -15 -16 -17 17 -19 -20 27 -22 -23 -24 -25 -26 26 -28 -29 -30 -31
leaf_value=-14.135969323217861 1.6570627690512265 -5.0815625570785867 -6.7398513514624732 28.506551905182576 7.7114495235551841 -3.6890063080674644 0.29053679085804801 10.014477209903237 -0.96881674241551075 -1.1850851891672527 3.647605095657541 -1.6296631253182055 5.6381687002400707 24.044810373736034 4.0097798130272064 1.8932479541681912 -5.5497847333130421 -4.3741723004477917 -3.3635969282204905 5.7519578781098097 1.8928919696556112 4.89626478477006 6.4483651487205771 9.419385342009992 4.5591053342045509 -7.2526534756587573 -9.0278378107702419 -9.0375483071575982 -4.71187559783084 -1.8304398599535616
leaf_weight=253 2813 8920 79 27 107 1395 111 26 22 51 4704 2173 1922 23 5035 86 2139 4579 2668 98 2880 2974 740 98 54 998 2387 38 623 1165
leaf_count=253 2813 8920 79 27 107 1395 111 26 22 51 4704 2173 1922 23 5035 86 2139 4579 2668 98 2880 2974 740 98 54 998 2387 38 623 1165
internal_value=-0.000451087 -0.00226873 -0.00202301 0.00187775 0.00186255 -0.00216833 -0.000693188 0.00201196 0.00200086 0.00185212 0.00208723 -0.000562173 0.00224056 0.0062449 0.00207957 0.0036373 -0.00230409 -0.00250789 -0.00218731 -0.00234276 0.00115369 0.00198645 0.00290774 0.00168473 0.000285713 -0.00388895 -0.00380207 -0.000264707 -0.00138172 -0.00121875
internal_weight=49188 27626 23988 21562 21535 21625 2363 18722 18673 11523 8621 2284 7150 49 5228 193 18442 6718 11724 9056 2902 7678 943 203 105 3638 3385 136 3183 2560
internal_count=49188 27626 23988 21562 21535 21625 2363 18722 18673 11523 8621 2284 7150 49 5228 193 18442 6718 11724 9056 2902 7678 943 203 105 3638 3385 136 3183 2560
cat_boundaries=0 1 2 3
cat_threshold=2 2 2
is_linear=0
shrinkage=0.06


Tree=13
num_leaves=31
num_cat=4
split_feature=1 1 1 1 3 3 3 3 3 3 2 3 3 3 2 2 2 3 2 0 2 2 3 0 2 2 2 2 0 0
split_gain=51.9152 3.10474 1.1259 1.10564 0.751678 0.618941 0.325741 0.260318 0.272059 0.434718 0.167174 0.148745 0.303289 0.293268 0.148155 0.139786 0.115081 0.11505 0.147282 0.16602 0.107953 0.09731 0.0958967 0.137525 0.165189 0.135727 0.09433 0.0919389 0.352093 0.0843908
threshold=772.20001220703136 594.00000000000011 1179.3599853515627 675.00000000000011 12.500000000000002 20.500000000000004 11.500000000000002 21.500000000000004 14.500000000000002 19.500000000000004 3.4000000059604649 17.500000000000004 13.500000000000002 19.500000000000004 1.0000000180025095e-35 1.0000000180025095e-35 1.0000000180025095e-35 13.500000000000002 1.0000000180025095e-35 0 3.4000000059604649 3.4000000059604649 21.500000000000004 1 1.0000000180025095e-35 3.4000000059604649 1.0000000180025095e-35 3.4000000059604649 2 3
decision_type=2 2 2 2 2 2 2 2 2 2 2 2 2 2 2 2 2 2 2 1 2 2 2 1 2 2 2 2 1 1
left_child=1 20 4 5 27 11 -5 8 17 16 -11 12 14 -13 -3 -9 -10 18 19 -6 -1 -16 23 25 -25 -7 -14 28 -2 -19
right_child=2 3 -4 6 7 22 -8 15 9 10 -12 13 26 -15 21 -17 -18 29 -20 -21 -22 -23 -24 24 -26 -27 -28 -29 -30 -31
leaf_value=-8.6289438593763066 4.9021957544752288 -4.776668803653874 26.796158790871626 -6.3354602703747265 7.248762552141879 -3.4223845279959959 -1.3296175624702129 9.4136085773090485 -0.91068773787057578 5.6593200016707534 3.828011467791284 -5.2167976493142625 -2.8394061626313647 -4.1117219624209271 5.4068404054232211 22.602121751311874 1.7793184514762697 6.8441707987165152 3.7691930242455687 1.7796530769181027 -6.0885293206562556 -8.4952954087281398 -4.4291630619609892 -1.840544993850999 6.9326629602434782 -12.72335437274733 -6.7533204815333381 1.5006182342028913 -0.72514018550874426 4.0745153709114401
leaf_weight=3325 204 8920 27 79 107 1371 2284 26 22 943 7678 2139 2593 4579 98 23 2880 1078 5035 86 313 38 623 1134 31 24 75 2414 195 844
leaf_count=3325 204 8920 27 79 107 1371 2284 26 22 943 7678 2139 2593 4579 98 23 2880 1078 5035 86 313 38 623 1134 31 24 75 2414 195 844
internal_value=-0.000451087 -0.00217317 0.00175531 -0.00192546 0.00173996 -0.00206012 -0.000693188 0.00187736 0.0018659 0.0016855 0.00189931 -0.00219347 -0.00206448 -0.00241858 -0.00223013 0.0062449 0.00105031 0.00215664 0.00201071 0.0036373 -0.00380649 -0.000264707 -0.00128747 -0.001125 -0.000643778 -0.00152688 -0.00150225 0.000825452 0.00166917 0.00255359
internal_weight=49188 27626 21562 23988 21535 21625 2363 18722 18673 11523 8621 18442 11724 6718 9056 49 2902 7150 5228 193 3638 136 3183 2560 1165 1395 2668 2813 399 1922
internal_count=49188 27626 21562 23988 21535 21625 2363 18722 18673 11523 8621 18442 11724 6718 9056 49 2902 7150 5228 193 3638 136 3183 2560 1165 1395 2668 2813 399 1922
cat_boundaries=0 1 2 3 4
cat_threshold=2 2 2 2
is_linear=0
shrinkage=0.06


Tree=14
num_leaves=31
num_cat=3
split_feature=1 1 1 1 3 3 3 2 3 3 3 2 3 2 0 3 2 0 3 3 3 3 2 2 0 2 3 3 3 2
split_gain=45.0914 2.96646 1.15164 1.02397 0.65662 0.601192 0.338974 0.217645 0.185243 0.356109 0.15638 0.119735 0.139161 0.177389 0.254235 0.117949 0.138707 0.113583 0.103866 0.103721 0.344429 0.314273 0.133551 0.104714 0.1003 0.09731 0.0961405 0.520764 0.428975 0.166478
threshold=772.20001220703136 594.00000000000011 1179.3599853515627 675.00000000000011 20.500000000000004 12.500000000000002 11.500000000000002 1.0000000180025095e-35 14.500000000000002 20.500000000000004 19.500000000000004 1.0000000180025095e-35 13.500000000000002 3.4000000059604649 0 21.500000000000004 3.4000000059604649 1 11.500000000000002 17.500000000000004 19.500000000000004 13.500000000000002 1.0000000180025095e-35 1.0000000180025095e-35 2 3.4000000059604649 18.500000000000004 17.500000000000004 14.500000000000002 3.4000000059604649
decision_type=2 2 2 2 2 2 2 2 2 2 2 2 2 2 1 2 2 1 2 2 2 2 2 2 1 2 2 2 2 2
left_child=1 18 5 4 19 -2 -5 24 11 10 -10 -7 -13 14 -14 16 -11 -6 -1 21 -21 22 -3 -23 -8 -24 27 28 29 -9
right_child=2 3 -4 6 17 8 7 26 9 15 -12 12 13 -15 -16 -17 -18 -19 -20 20 -22 23 25 -25 -26 -27 -28 -29 -30 -31
leaf_value=-12.770074532262214 1.4727867056980328 -4.4900686754346451 25.188389263419324 -5.9553326541522438 -3.2843191620935608 4.6890093437370775 -0.56568887802260581 -6.7983242106278672 1.5939541022389558 6.8775969409295881 3.5030886714072875 3.5430414427908312 1.3647384824114259 5.607023373431435 -2.680486489539494 14.804431243501515 4.3728082096163776 -1.7691437871900511 -7.7850567108921087 -4.9037897903554084 -3.865018644675672 -2.6690417928734838 5.0824299810978237 -6.3481212526413362 0.965229038177008 -7.9855776842044541 -0.21030719510929866 -8.8530375747041319 4.3679136486342474 -1.3975448492814331
leaf_weight=253 2813 8920 27 79 1733 380 64 162 2902 311 5336 5035 98 1561 76 49 2974 1450 3385 2139 4579 2593 98 75 47 38 629 89 89 1204
leaf_count=253 2813 8920 27 79 1733 380 64 162 2902 311 5336 5035 98 1561 76 49 2974 1450 3385 2139 4579 2593 98 75 47 38 629 89 89 1204
internal_value=-0.000440109 -0.00204503 0.00161618 -0.0018029 -0.00193249 0.00160065 -0.000617014 -0.000483364 0.00172353 0.00157518 0.00136344 0.00196363 0.00190546 0.00236887 0.000551723 0.00209838 0.00205479 -0.00113666 -0.00364156 -0.00206984 -0.00225782 -0.00196213 -0.00213074 -0.00138981 0.00210811 -0.000264707 -0.00061574 -0.000870468 -0.00059794 -0.000860909
internal_weight=49188 27626 21562 23988 21625 21535 2363 2284 18722 11572 8238 7150 6770 1735 174 3334 3285 3183 3638 18442 6718 11724 9056 2668 111 136 2173 1544 1455 1366
internal_count=49188 27626 21562 23988 21625 21535 2363 2284 18722 11572 8238 7150 6770 1735 174 3334 3285 3183 3638 18442 6718 11724 9056 2668 111 136 2173 1544 1455 1366
cat_boundaries=0 1 2 3
cat_threshold=2 2 2
is_linear=0
shrinkage=0.06


Tree=15
num_leaves=31
num_cat=4
split_feature=1 1 1 1 3 3 3 3 3 3 2 2 2 3 0 3 3 3 3 3 3 2 0 2 3 2 0 2 0 2
split_gain=40.2187 2.38116 1.17139 0.902537 0.648294 0.483322 0.338974 0.186935 0.278748 0.157691 0.148421 0.13632 0.129857 0.126074 0.117889 0.117499 0.112771 0.198073 0.350108 0.144406 0.111377 0.145236 0.254235 0.109643 0.108654 0.106855 0.104516 0.102926 0.102808 0.09731
threshold=772.20001220703136 594.00000000000011 1179.3599853515627 675.00000000000011 20.500000000000004 12.500000000000002 11.500000000000002 14.500000000000002 19.500000000000004 21.500000000000004 1.0000000180025095e-35 1.0000000180025095e-35 3.4000000059604649 20.500000000000004 0 22.500000000000004 12.500000000000002 17.500000000000004 19.500000000000004 13.500000000000002 13.500000000000002 3.4000000059604649 1 1.0000000180025095e-35 11.500000000000002 1.0000000180025095e-35 2 1.0000000180025095e-35 3 3.4000000059604649
decision_type=2 2 2 2 2 2 2 2 2 2 2 2 2 2 1 2 2 2 2 2 2 2 1 2 2 2 1 2 1 2
left_child=1 24 5 4 16 -2 -5 10 23 12 -7 -8 13 -10 -6 -16 28 19 -19 27 26 22 -22 -9 -1 -21 -12 -18 -3 -29
right_child=2 3 -4 6 14 7 11 8 9 -11 20 -13 -14 -15 15 -17 17 18 -20 25 21 -23 -24 -25 -26 -27 -28 29 -30 -31
leaf_value=-12.003870060326481 1.3844195033561453 -4.405276960403441 23.677085907614163 -5.598012694903109 -3.0872600123679481 4.4076687831128512 0.32252491766622171 -0.95168371973267762 4.963563132897729 13.916165368891422 2.5375183903228979 -1.3068042289776307 3.3503794348720697 6.4649411244738122 -2.0463120591317798 0.35698678045191401 -3.8999215442393211 -4.6095624029340838 -3.6331175259951349 -2.5088992853010743 1.2828541734667396 5.2706019710255454 -2.5196573001671183 1.5769220982533578 -7.3179533082385797 -5.967233977482854 4.1590076456469571 4.7774841822319498 -5.4546247778021071 -7.506443023152185
leaf_weight=253 2813 1622 27 79 1733 380 111 22 632 49 2776 2173 7678 311 1416 34 5947 2139 4579 2593 98 1561 76 2880 3385 75 2259 98 1351 38
leaf_count=253 2813 1622 27 79 1733 380 111 22 632 49 2776 2173 7678 311 1416 34 5947 2139 4579 2593 98 1561 76 2880 3385 75 2259 98 1351 38
internal_value=-0.00043157 -0.0019473 0.00151043 -0.00173037 -0.00185202 0.00149477 -0.000617014 0.00160496 0.00145593 0.0016263 0.00184615 -0.000483364 0.001607 0.00227147 -0.00106126 -0.00066207 -0.00198851 -0.00192346 -0.0021685 -0.00173535 0.00178139 0.00219596 0.000551723 0.000946932 -0.00337768 -0.00136732 0.00163853 -0.00189676 -0.00232694 -0.000264707
internal_weight=49188 27626 21562 23988 21625 21535 2363 18722 11572 8670 7150 2284 8621 943 3183 1450 18442 15469 6718 8751 6770 1735 174 2902 3638 2668 5035 6083 2973 136
internal_count=49188 27626 21562 23988 21625 21535 2363 18722 11572 8670 7150 2284 8621 943 3183 1450 18442 15469 6718 8751 6770 1735 174 2902 3638 2668 5035 6083 2973 136
cat_boundaries=0 1 2 3 4
cat_threshold=2 2 2 2
is_linear=0
shrinkage=0.06


Tree=16
num_leaves=31
num_cat=3
split_feature=1 1 1 3 1 3 3 3 3 3 2 2 3 2 2 3 2 3 0 3 3 3 0 3 2 0 3 3 3 3
split_gain=35.8343 2.02187 0.769924 0.558756 0.497197 0.401387 0.338974 0.168283 0.168888 0.262118 0.180183 0.160339 0.150972 0.13632 0.113325 0.109886 0.105387 0.105363 0.108211 0.101739 0.202304 0.365851 0.147634 0.102564 0.111204 0.096673 0.117499 0.0922681 0.087837 0.529887
threshold=772.20001220703136 594.00000000000011 675.00000000000011 20.500000000000004 1179.3599853515627 12.500000000000002 11.500000000000002 21.500000000000004 14.500000000000002 19.500000000000004 1.0000000180025095e-35 3.4000000059604649 11.500000000000002 1.0000000180025095e-35 3.4000000059604649 20.500000000000004 1.0000000180025095e-35 13.500000000000002 0 12.500000000000002 17.500000000000004 19.500000000000004 1 13.500000000000002 1.0000000180025095e-35 2 22.500000000000004 12.500000000000002 18.500000000000004 17.500000000000004
decision_type=2 2 2 2 2 2 2 2 2 2 2 2 2 2 2 2 2 2 1 2 2 2 1 2 2 1 2 2 2 2
left_child=1 12 3 19 5 -2 -4 8 10 16 -7 -12 -1 -8 15 -11 -10 18 -13 22 23 -22 -3 -21 -25 -5 -27 -14 29 -15
right_child=4 2 6 25 -6 7 13 -9 9 14 11 17 27 28 -16 -17 -18 -19 -20 20 21 -23 -24 24 -26 26 -28 -29 -30 -31
leaf_value=-11.283637856706893 1.3013543331547741 -4.1409603427792376 -5.2621319332089227 -2.9020244116258747 22.256460753157317 4.1432086561260872 0.30317342260624885 13.08119544675794 -0.89458269654871403 4.6657493449238689 0.93678972392796422 2.6931070684578797 -5.5002780682249242 -1.2888442715451014 3.1493566687797414 6.0770446570053807 1.4823067723581562 4.9543658527640089 4.1309526228719866 -3.6371818138138701 -4.3329886587580377 -3.4151304744354296 -5.1273472911339804 -2.3583653281830128 -5.6091999388338856 -1.9235333355838704 0.33556757362479628 -7.0673547862041293 -0.11928050966407662 -8.2434470664832293
leaf_weight=253 2813 1622 79 1733 27 380 111 49 22 632 788 2442 998 1455 7678 311 2880 1561 1979 6083 2139 4579 1351 2593 75 1416 34 2387 629 89
leaf_count=253 2813 1622 79 1733 27 380 111 49 22 632 788 2442 998 1455 7678 311 2880 1561 1979 6083 2139 4579 1351 2593 75 1416 34 2387 629 89
internal_value=-0.000414493 -0.00184522 -0.00164532 -0.00175769 0.00141861 0.0014084 -0.000617014 0.00150881 0.0014996 0.00135746 0.00172867 0.00165731 -0.00316328 -0.000483364 0.00152349 0.00214422 0.00086423 0.00176329 0.00161366 -0.0018844 -0.00182261 -0.00207026 -0.00220585 -0.0016325 -0.00132234 -0.00102356 -0.00066207 -0.00305761 -0.000588128 -0.000831608
internal_weight=49188 27626 23988 21625 21562 21535 2363 18722 18673 11523 7150 6770 3638 2284 8621 943 2902 5982 4421 18442 15469 6718 2973 8751 2668 3183 1450 3385 2173 1544
internal_count=49188 27626 23988 21625 21562 21535 2363 18722 18673 11523 7150 6770 3638 2284 8621 943 2902 5982 4421 18442 15469 6718 2973 8751 2668 3183 1450 3385 2173 1544
cat_boundaries=0 1 2 3
cat_threshold=2 2 2
is_linear=0
shrinkage=0.06


Tree=17
num_leaves=31
num_cat=3
split_feature=1 1 1 1 3 3 3 3 3 2 3 2 3 2 2 0 2 2 2 2 3 3 3 2 3 0 2 0 3 3
split_gain=32.1658 1.97179 0.690264 0.508139 0.461197 0.324043 0.222409 0.178202 0.27203 0.189095 0.150432 0.13632 0.1229 0.107888 0.127705 0.106252 0.171204 0.100997 0.0974255 0.0906214 0.087837 0.529887 0.420254 0.174675 0.198774 0.132447 0.0919728 0.0868538 0.117499 0.0832762
threshold=772.20001220703136 594.00000000000011 675.00000000000011 1179.3599853515627 20.500000000000004 12.500000000000002 11.500000000000002 15.500000000000002 20.500000000000004 1.0000000180025095e-35 21.500000000000004 1.0000000180025095e-35 11.500000000000002 3.4000000059604649 1.0000000180025095e-35 0 1.0000000180025095e-35 3.4000000059604649 3.4000000059604649 3.4000000059604649 18.500000000000004 17.500000000000004 14.500000000000002 3.4000000059604649 13.500000000000002 1 3.4000000059604649 2 22.500000000000004 12.500000000000002
decision_type=2 2 2 2 2 2 2 2 2 2 2 2 2 2 2 1 2 2 2 2 2 2 2 2 2 1 2 1 2 2
left_child=1 12 4 5 13 -2 19 9 15 -7 18 -8 -1 14 29 16 -9 -11 -10 -4 21 22 23 -13 -25 26 -24 -6 -29 -3
right_child=3 2 6 -5 27 7 11 8 10 17 -12 20 -14 -15 -16 -17 -18 -19 -20 -21 -22 -23 25 24 -26 -27 -28 28 -30 -31
leaf_value=-10.606619585304477 1.2232730731654935 -4.3684669917256862 -4.6885718460962877 20.921073107967871 -2.72790294692832 3.6594269672498556 0.28498301724987213 -2.4250656660312413 5.7124219775850538 0.95325131552461762 12.296323719952467 -6.2346858479588327 -6.454834822572022 -8.0210113067931843 -2.363654836684173 2.5890870019549763 2.1538714119647056 3.6616068001736357 3.7204555508202839 -6.1613586982544577 -0.11212367908422928 -7.7488402424942358 6.0071448452399645 1.0448429116646365 -1.9136285488537077 5.7070139745309501 -7.9871975806841595 -1.8081213354488364 0.31543351920731083 -3.2440950484471722
leaf_weight=253 2813 2973 35 27 1733 397 111 52 311 796 49 162 3385 86 223 3648 4506 5989 2974 44 629 89 24 353 851 40 25 1416 34 15160
leaf_count=253 2813 2973 35 27 1733 397 111 52 311 796 49 162 3385 86 223 3648 4506 5989 2974 44 629 89 24 353 851 40 25 1416 34 15160
internal_value=-0.000407174 -0.00176269 -0.00156528 0.00132956 -0.00167168 0.00131925 -0.000591622 0.00140946 0.00126343 0.00164411 0.00172045 -0.000483364 -0.00306432 -0.00178679 -0.00177686 0.00107775 0.000884597 0.00156964 0.00167123 -0.00372152 -0.000588128 -0.000831608 -0.000556702 -0.000816985 -0.000568108 0.0034382 0.00134694 -0.00100471 -0.00066207 -0.00179441
internal_weight=49188 27626 23988 21562 21625 21535 2363 18722 11540 7182 3334 2284 3638 18442 18356 8206 4558 6785 3285 79 2173 1544 1455 1366 1204 89 49 3183 1450 18133
internal_count=49188 27626 23988 21562 21625 21535 2363 18722 11540 7182 3334 2284 3638 18442 18356 8206 4558 6785 3285 79 2173 1544 1455 1366 1204 89 49 3183 1450 18133
cat_boundaries=0 1 2 3
cat_threshold=2 2 2
is_linear=0
shrinkage=0.06


Tree=18
num_leaves=31
num_cat=3
split_feature=1 1 1 1 3 3 3 3 3 2 2 2 3 3 2 0 2 3 3 3 3 3 0 2 3 2 2 0 2 3
split_gain=28.5927 1.7997 0.670208 0.520938 0.422109 0.241805 0.229685 0.189492 0.149639 0.129425 0.115296 0.115159 0.109077 0.203898 0.128726 0.120982 0.234378 0.126914 0.101792 0.288357 0.182015 0.096137 0.139318 0.0936289 0.0972588 0.0906214 0.0871222 0.296402 0.0870272 0.0824548
threshold=772.20001220703136 594.00000000000011 675.00000000000011 1179.3599853515627 20.500000000000004 12.500000000000002 11.500000000000002 21.500000000000004 11.500000000000002 1.0000000180025095e-35 3.4000000059604649 1.0000000180025095e-35 20.500000000000004 14.500000000000002 1.0000000180025095e-35 0 1.0000000180025095e-35 18.500000000000004 15.500000000000002 19.500000000000004 13.500000000000002 12.500000000000002 1 3.4000000059604649 13.500000000000002 3.4000000059604649 3.4000000059604649 2 1.0000000180025095e-35 14.500000000000002
decision_type=2 2 2 2 2 2 2 2 2 2 2 2 2 2 2 1 2 2 2 2 2 2 1 2 2 2 2 1 2 2
left_child=1 8 4 5 10 26 25 12 -1 -8 11 18 13 14 -7 16 -15 -17 20 -20 -3 -10 28 -16 -25 -4 27 -2 -23 -11
right_child=3 2 6 -5 -6 7 9 -9 21 29 -12 -13 -14 15 23 17 -18 -19 19 -21 -22 22 -24 24 -26 -27 -28 -29 -30 -31
leaf_value=-9.97022241018621 4.2851539922842399 -3.5458230488668345 -4.4072575353305137 19.665808721489796 -2.1650991938924085 3.6750505187235354 0.26788403621487561 11.558544296755324 -4.7829712947771066 -1.5414493340092676 -7.5397506283855931 -2.2218355464831214 3.5981299383149778 -3.564637960189716 0.82338726156082032 -1.6170107548984005 2.0633602670582105 2.4788203269180311 -3.9557403995370826 -3.0017282698032748 -1.9726918952171308 -7.2432514160851582 -5.2039024810780115 3.0602288238828939 4.4374074935877488 -5.7916771763591868 1.0876711232282494 -1.0045417913006895 -6.3160855140715304 -0.2240578342826984
leaf_weight=253 204 8920 35 27 3183 380 111 49 998 1366 86 223 3285 59 788 22 4515 3642 2148 4481 2584 1240 1031 4421 1561 44 2414 195 116 807
leaf_count=253 204 8920 35 27 3183 380 111 49 998 1366 86 223 3285 59 788 22 4515 3642 2148 4481 2584 1240 1031 4421 1561 44 2414 195 116 807
internal_value=-0.000410833 -0.00168885 -0.00150025 0.0012266 -0.00160509 0.00121616 -0.000540839 0.00129409 -0.00293238 -0.000430825 -0.00171522 -0.00170495 0.00128431 0.00121731 0.00145175 0.00101384 0.000808044 0.00127074 -0.00172161 -0.00190889 -0.0016137 -0.00282718 -0.00303394 0.00139143 0.00147242 -0.00372152 0.000697475 0.0015188 -0.00343363 -0.000532905
internal_weight=49188 27626 23988 21562 21625 21535 2363 18722 3638 2284 18442 18356 18673 15388 7150 8238 4574 3664 18133 6629 11504 3385 2387 6770 5982 79 2813 399 1356 2173
internal_count=49188 27626 23988 21562 21625 21535 2363 18722 3638 2284 18442 18356 18673 15388 7150 8238 4574 3664 18133 6629 11504 3385 2387 6770 5982 79 2813 399 1356 2173
cat_boundaries=0 1 2 3
cat_threshold=2 2 2
is_linear=0
shrinkage=0.06


Tree=19
num_leaves=31
num_cat=3
split_feature=1 1 1 1 3 3 3 3 3 0 2 2 3 2 2 3 3 3 3 0 2 3 0 2 3 3 3 3 2 3
split_gain=25.8262 1.85813 0.572697 0.530379 0.391065 0.229685 0.212393 0.133737 0.179741 0.136945 0.224661 0.129425 0.124185 0.113492 0.114022 0.112394 0.105477 0.24788 0.144139 0.185794 0.0906214 0.0828474 0.113946 0.140989 0.0824548 0.379741 0.187021 0.184333 0.174675 0.198774
threshold=772.20001220703136 594.00000000000011 675.00000000000011 1179.3599853515627 20.500000000000004 11.500000000000002 12.500000000000002 20.500000000000004 14.500000000000002 0 1.0000000180025095e-35 1.0000000180025095e-35 18.500000000000004 1.0000000180025095e-35 3.4000000059604649 11.500000000000002 17.500000000000004 19.500000000000004 12.500000000000002 1 3.4000000059604649 12.500000000000002 2 1.0000000180025095e-35 14.500000000000002 15.500000000000002 18.500000000000004 17.500000000000004 3.4000000059604649 13.500000000000002
decision_type=2 2 2 2 2 2 2 2 2 1 2 2 2 2 2 2 2 2 2 1 2 2 1 2 2 2 2 2 2 2
left_child=1 15 4 6 16 20 -2 8 13 10 -10 -7 -11 -8 -15 -1 18 -18 19 -3 -4 -17 23 -23 28 -26 27 -27 -13 -30
right_child=3 2 5 -5 -6 11 7 -9 9 12 -12 24 -14 14 -16 21 17 -19 -20 -21 -22 22 -24 -25 25 26 -28 -29 29 -31
leaf_value=-9.3720090655750372 1.0794316245398112 -3.4176453197769296 -4.1428220832106852 18.485860198200406 -2.035193242258865 0.25181099404198704 3.4545474876001228 3.4017978555937995 -3.3507596825783366 -1.5199901096044903 1.9395586510347174 -5.768117737040745 2.3300911073029429 0.77398402586717163 3.2483436641765611 -4.4959930170904805 -3.641019212353501 -2.8354732468742783 -2.5861256121914242 -4.3448490512303897 -5.4441765457776388 -6.8086563311200479 -4.8916683322133325 -5.9371203832272359 5.7429069619168871 0.75873949468812152 -0.091952788282201062 -7.2704663578876216 1.0746392970053193 -1.7063238758819306
leaf_weight=253 2813 1622 35 27 3183 111 380 3334 59 22 4515 162 3642 788 5982 998 2139 4579 8751 1351 44 1240 1031 116 56 33 629 89 353 851
leaf_count=253 2813 1622 35 27 3183 111 380 3334 59 22 4515 162 3642 788 5982 998 2139 4579 8751 1351 44 1240 1031 116 56 33 629 89 353 851
internal_value=-0.000404734 -0.00161935 -0.00142772 0.00115147 -0.00152463 -0.000540839 0.00114093 0.00121397 0.00113933 0.000948287 0.000729338 -0.000430825 0.00122161 0.00135944 0.00130281 -0.0028829 -0.00163063 -0.00182019 -0.00152201 -0.00188295 -0.00372152 -0.00279173 -0.00298366 -0.00334513 -0.000532905 -5.2046e-05 -0.000407458 -0.00255738 -0.000816985 -0.000568108
internal_weight=49188 27626 23988 21562 21625 2363 21535 18722 15388 8238 4574 2284 3664 7150 6770 3638 18442 6718 11724 2973 79 3385 2387 1356 2173 807 751 122 1366 1204
internal_count=49188 27626 23988 21562 21625 2363 21535 18722 15388 8238 4574 2284 3664 7150 6770 3638 18442 6718 11724 2973 79 3385 2387 1356 2173 807 751 122 1366 1204
cat_boundaries=0 1 2 3
cat_threshold=2 2 2
is_linear=0
shrinkage=0.06


Tree=20
num_leaves=31
num_cat=3
split_feature=1 1 1 1 3 3 3 3 2 3 3 3 3 0 0 3 3 3 2 2 2 3 3 3 2 2 0 3 3 2
split_gain=23.1237 1.5999 0.560817 0.539905 0.339181 0.190429 0.151744 0.138733 0.126045 0.118221 0.163903 0.246565 0.19595 0.207532 0.105559 0.141801 0.121793 0.180965 0.151752 0.133971 0.103128 0.102025 0.262355 0.122984 0.134248 0.115776 0.0961209 0.131607 0.425213 0.247276
threshold=772.20001220703136 594.00000000000011 675.00000000000011 1179.3599853515627 20.500000000000004 19.500000000000004 12.500000000000002 11.500000000000002 1.0000000180025095e-35 11.500000000000002 17.500000000000004 18.500000000000004 15.500000000000002 0 1 20.500000000000004 18.500000000000004 13.500000000000002 1.0000000180025095e-35 1.0000000180025095e-35 1.0000000180025095e-35 17.500000000000004 19.500000000000004 13.500000000000002 1.0000000180025095e-35 1.0000000180025095e-35 2 14.500000000000002 15.500000000000002 3.4000000059604649
decision_type=2 2 2 2 2 2 2 2 2 2 2 2 2 1 1 2 2 2 2 2 2 2 2 2 2 2 1 2 2 2
left_child=1 5 4 6 21 9 -2 -4 -9 -1 12 -12 -11 -14 15 16 17 19 -18 -8 -7 23 -23 25 -25 -3 -10 29 -29 -28
right_child=3 2 7 -5 -6 20 14 8 26 10 11 -13 13 -15 -16 -17 18 -19 -20 -21 -22 22 -24 24 -26 -27 27 28 -30 -31
leaf_value=-8.809688521640533 1.0146657270674178 -3.1404662383265691 -4.1480551816521416 17.376708586308379 -1.9130816477233337 -2.9883324816775576 5.3721020936204011 0.2367023343994677 -1.3898422184703985 -5.441520176734004 -11.059978725484166 -5.705344610983075 -2.9642776569742137 1.5921136099839919 2.5641253115630174 3.3130760214895418 -1.8646378675032791 4.78707455436047 1.7802869925318281 1.8134436992521492 0.09874024921371688 -3.4225580596122902 -2.6653448520618235 -1.7486886551406859 -4.8423509827823326 -0.80483049939046702 -5.1944202662560377 15.061834755933855 0.60383072397532345 -0.17859012026781329
leaf_weight=253 2813 8920 79 27 3183 306 107 111 1214 2074 155 735 48 37 8308 1879 52 1101 4499 2776 30 2139 4579 2593 75 136 64 25 334 536
leaf_count=253 2813 8920 79 27 3183 306 107 111 1214 2074 155 735 48 37 8308 1879 52 1101 4499 2776 30 2139 4579 2593 75 136 64 25 334 536
internal_value=-0.000396196 -0.0015455 -0.00136769 0.00107634 -0.00146359 -0.00271798 0.00106571 -0.000490056 -0.000404555 -0.00285645 -0.00275304 -0.0034382 -0.00247059 0.00035294 0.00112744 0.00100019 0.000896308 0.00113855 0.000684244 0.000888656 -0.00135714 -0.0015623 -0.00174874 -0.00145548 -0.00109745 -0.00156096 -0.000505294 -5.63101e-05 0.000852366 -0.000600001
internal_weight=49188 27626 23988 21562 21625 3638 21535 2363 2284 3302 3049 890 2159 85 18722 10414 8535 3984 4551 2883 336 18442 6718 11724 2668 9056 2173 959 359 600
internal_count=49188 27626 23988 21562 21625 3638 21535 2363 2284 3302 3049 890 2159 85 18722 10414 8535 3984 4551 2883 336 18442 6718 11724 2668 9056 2173 959 359 600
cat_boundaries=0 1 2 3
cat_threshold=2 2 2
is_linear=0
shrinkage=0.06


Tree=21
num_leaves=31
num_cat=3
split_feature=1 1 1 3 1 3 3 3 3 3 3 0 0 3 3 3 3 2 3 2 0 3 3 3 3 2 3 2 2 3
split_gain=20.379 1.60843 0.466539 0.319627 0.29951 0.16628 0.141597 0.13727 0.225259 0.246565 0.17349 0.207532 0.135783 0.127404 0.110208 0.245826 0.374537 0.122252 0.103819 0.103128 0.100194 0.102792 0.0995931 0.266103 0.0907647 0.150513 0.135475 0.139378 0.0971828 0.0853216
threshold=772.20001220703136 594.00000000000011 675.00000000000011 20.500000000000004 1179.3599853515627 11.500000000000002 11.500000000000002 19.500000000000004 17.500000000000004 18.500000000000004 15.500000000000002 0 1 12.500000000000002 13.500000000000002 14.500000000000002 15.500000000000002 3.4000000059604649 12.500000000000002 1.0000000180025095e-35 2 20.500000000000004 17.500000000000004 19.500000000000004 18.500000000000004 1.0000000180025095e-35 13.500000000000002 1.0000000180025095e-35 1.0000000180025095e-35 12.500000000000002
decision_type=2 2 2 2 2 2 2 2 2 2 2 1 1 2 2 2 2 2 2 2 1 2 2 2 2 2 2 2 2 2
left_child=1 5 3 22 13 -1 -4 8 10 -10 18 -12 -8 -2 -14 -16 -17 -18 -7 -9 21 24 29 -24 26 -26 27 -15 -28 -3
right_child=4 2 6 -5 -6 7 12 19 9 -11 11 -13 14 20 15 16 17 -19 -20 -21 -22 -23 23 -25 25 -27 28 -29 -30 -31
leaf_value=-8.2811072103421015 0.95378578344336795 -3.4875915056239797 -3.8991718707530136 -1.7982967488599364 16.334106071129881 -3.899742225461015 -1.2727013566607874 -2.8090325327769072 -10.396380001955118 -5.3630239343240929 -2.7864209975557603 1.4965867933849495 1.0500584797282044 5.0497759680031731 -2.0170645140999475 12.898059184607996 2.0010527237111191 -3.9828413642113989 -5.4789888248456009 0.092815834260892877 2.4102777928692389 3.1142914602001746 -3.2172045760355559 -2.505424160938114 -1.7527595954530852 1.6734697729799244 -0.18614138808609368 1.7046370772970263 5.0687245597940542 -2.284264791083999
leaf_weight=253 2813 2973 79 3183 27 998 1278 306 155 735 48 37 212 107 402 26 86 280 1076 30 8308 1879 2139 4579 52 4499 111 2776 990 8751
leaf_count=253 2813 2973 79 3183 27 998 1278 306 155 735 48 37 212 107 402 26 86 280 1076 30 8308 1879 2139 4579 52 4499 111 2776 990 8751
internal_value=-0.000364481 -0.00144342 -0.00126513 -0.0013526 0.0010179 -0.00261902 -0.000464665 -0.00250813 -0.00263496 -0.0034382 -0.00230385 0.00035294 -0.000378285 0.00100998 0.00014314 -0.000181362 0.000887754 0.000393441 -0.00241273 -0.00135714 0.00106655 0.000942576 -0.00144843 -0.00163263 0.000854129 0.00067106 0.00106325 0.000847033 0.00162943 -0.00134289
internal_weight=49188 27626 23988 21625 21562 3638 2363 3385 3049 890 2159 85 2284 21535 1006 794 392 366 2074 336 18722 10414 18442 6718 8535 4551 3984 2883 1101 11724
internal_count=49188 27626 23988 21625 21562 3638 2363 3385 3049 890 2159 85 2284 21535 1006 794 392 366 2074 336 18722 10414 18442 6718 8535 4551 3984 2883 1101 11724
cat_boundaries=0 1 2 3
cat_threshold=2 2 2
is_linear=0
shrinkage=0.06


Tree=22
num_leaves=31
num_cat=5
split_feature=1 1 1 3 3 3 3 0 1 0 3 3 3 3 3 3 3 0 2 2 0 2 2 2 2 0 3 3 3 3
split_gain=18.189 1.51385 0.38317 0.249796 0.193163 0.187462 0.141597 0.135783 0.125049 0.117343 0.110208 0.180476 0.198194 0.109269 0.190537 0.20643 0.159275 0.207532 0.103128 0.0961689 0.245503 0.0898623 0.0828812 0.0826069 0.100292 0.125561 0.213929 0.140832 0.0907713 0.216919
threshold=772.20001220703136 594.00000000000011 675.00000000000011 20.500000000000004 11.500000000000002 12.500000000000002 11.500000000000002 0 1179.3599853515627 1 13.500000000000002 14.500000000000002 16.500000000000004 19.500000000000004 17.500000000000004 18.500000000000004 15.500000000000002 2 1.0000000180025095e-35 3.4000000059604649 3 3.4000000059604649 3.4000000059604649 3.4000000059604649 1.0000000180025095e-35 4 16.500000000000004 13.500000000000002 15.500000000000002 19.500000000000004
decision_type=2 2 2 2 2 2 2 1 2 1 2 2 2 2 2 2 2 1 2 2 1 2 2 2 2 1 2 2 2 2
left_child=1 4 3 23 -1 19 -4 -8 9 -7 -9 21 -13 14 16 -16 -6 -18 -15 20 -2 -12 -17 24 28 -26 27 -27 -3 -30
right_child=5 2 6 -5 13 8 7 10 -10 -11 11 12 -14 18 15 22 17 -19 -20 -21 -22 -23 -24 -25 25 26 -28 -29 29 -31
leaf_value=-7.7842407777215721 3.8451717646441375 -2.453311653854803 -3.6652215585078349 -1.6903989439283418 -4.7862896366392285 2.0808809176781007 -1.1963392752611444 0.98705497094450945 15.354059706862094 2.2656611252970849 -6.052134157015491 4.1161976964240523 0.24747712050580561 -2.6404905808102943 -9.7725972018378116 -5.1959739188364091 -2.6192357377024154 1.4067915857818525 0.087246884205236935 0.8395378677314993 -1.1271422719256998 -1.3728847318781527 -4.5803452168032246 -6.7468523365225064 -4.3795390531900669 7.0714479895854536 11.618870529340429 -5.5335566955295441 -3.1015490646847819 -2.3412500380226287
leaf_weight=253 204 11504 79 3183 2074 10414 1278 212 27 8308 32 46 346 306 155 603 48 37 30 2414 195 370 132 86 118 47 31 27 2148 4481
leaf_count=253 204 11504 79 3183 2074 10414 1278 212 27 8308 32 46 346 306 155 603 48 37 30 2414 195 370 132 86 118 47 31 27 2148 4481
internal_value=-0.000343744 -0.00136307 -0.0011901 -0.00126937 -0.00250357 0.000962247 -0.000464665 -0.000378285 0.00103077 0.00102489 0.00014314 -0.000181362 0.000734692 -0.00238405 -0.00249721 -0.00323596 -0.00219268 0.00035294 -0.00135714 0.000505509 0.00136842 -0.00107463 -0.00281633 -0.00135408 -0.00134539 -8.07189e-05 0.00142857 -0.000324326 -0.00136095 -0.00153779
internal_weight=49188 27626 23988 21625 3638 21562 2363 2284 18749 18722 1006 794 392 3385 3049 890 2159 85 336 2813 399 402 735 18442 18356 223 105 74 18133 6629
internal_count=49188 27626 23988 21625 3638 21562 2363 2284 18749 18722 1006 794 392 3385 3049 890 2159 85 336 2813 399 402 735 18442 18356 223 105 74 18133 6629
cat_boundaries=0 1 2 3 4 5
cat_threshold=2 2 2 2 2
is_linear=0
shrinkage=0.06


Tree=23
num_leaves=31
num_cat=4
split_feature=1 1 1 3 3 3 3 1 2 0 3 2 0 2 3 3 3 3 0 2 2 3 3 3 0 3 3 2 3 2
split_gain=16.1234 1.46488 0.330062 0.217808 0.205599 0.144561 0.144491 0.129002 0.119418 0.0969057 0.10688 0.0961689 0.245503 0.0909185 0.0878083 0.181989 0.235353 0.145669 0.207532 0.122129 0.103128 0.0824455 0.180639 0.10072 0.0791126 0.101357 0.12319 0.13519 0.0781837 0.141981
threshold=772.20001220703136 594.00000000000011 675.00000000000011 11.500000000000002 20.500000000000004 12.500000000000002 11.500000000000002 1179.3599853515627 1.0000000180025095e-35 0 20.500000000000004 3.4000000059604649 1 3.4000000059604649 19.500000000000004 17.500000000000004 18.500000000000004 15.500000000000002 2 3.4000000059604649 1.0000000180025095e-35 17.500000000000004 19.500000000000004 12.500000000000002 3 22.500000000000004 21.500000000000004 1.0000000180025095e-35 18.500000000000004 1.0000000180025095e-35
decision_type=2 2 2 2 2 2 2 2 2 1 2 2 1 2 2 2 2 2 1 2 2 2 2 2 1 2 2 2 2 2
left_child=1 3 4 -1 13 11 -4 9 -8 10 28 12 -2 21 15 17 -17 -5 -19 -18 -16 23 -23 -3 -6 26 27 -26 -7 -30
right_child=5 2 6 14 24 7 8 -9 -10 -11 -12 -13 -14 -15 20 16 19 18 -20 -21 -22 22 -24 -25 25 -27 -28 -29 29 -31
leaf_value=-7.3171863310582763 3.614461458765486 -3.1311373160552511 -3.4453082649973656 -4.4991122584408734 -1.9881045835128515 2.1798533282632566 0.37064213334950807 14.432816124450373 -0.8067190329036793 2.1297214577792571 2.8025811175274837 0.78916559566761224 -1.0595137356101532 -6.3420411963311585 -2.4820611459616795 -9.1862413697275418 -4.8842154837062228 -2.4620815934402707 1.3223840906349391 -4.3055245037950289 0.082012071152923235 -2.8380793575923327 -2.1571988042541759 -1.9985333680541704 -0.70116147657889538 0.87263169465463986 -5.5794679730749364 7.5456540002699279 -1.7724468747865785 1.4482087315404486
leaf_weight=253 204 2973 79 2074 1733 3984 111 27 2173 8308 1879 2414 195 86 306 155 603 48 37 132 30 2139 4545 8699 1134 34 251 31 52 4499
leaf_count=253 204 2973 79 2074 1733 3984 111 27 2173 8308 1879 2414 195 86 306 155 603 48 37 132 30 2139 4545 8699 1134 34 251 31 52 4499
internal_value=-0.000323007 -0.00128271 -0.00111256 -0.00240462 -0.00118613 0.000906594 -0.000439274 0.00096677 -0.000352015 0.000960793 0.000838869 0.000505509 0.00136842 -0.00126299 -0.0022777 -0.00237914 -0.00310113 -0.00208152 0.00035294 -0.00265306 -0.00135714 -0.00125387 -0.0014219 -0.00115764 -0.000740812 -0.000413795 -0.000491527 -0.000231761 0.00074868 0.000578772
internal_weight=49188 27626 23988 3638 21625 21562 2363 18749 2284 18722 10414 2813 399 18442 3385 3049 890 2159 85 735 336 18356 6684 11672 3183 1450 1416 1165 8535 4551
internal_count=49188 27626 23988 3638 21625 21562 2363 18749 2284 18722 10414 2813 399 18442 3385 3049 890 2159 85 735 336 18356 6684 11672 3183 1450 1416 1165 8535 4551
cat_boundaries=0 1 2 3 4
cat_threshold=2 2 2 2
is_linear=0
shrinkage=0.06


Tree=24
num_leaves=31
num_cat=6
split_feature=1 1 1 3 3 3 1 2 2 2 3 3 3 3 2 0 0 3 3 3 2 3 0 3 0 3 0 2 0 3
split_gain=14.0802 1.40004 0.311456 0.191457 0.183799 0.150367 0.13718 0.112971 0.0980439 0.0977983 0.116865 0.292749 0.0983689 0.0956135 0.0961689 0.245503 0.0887849 0.0871031 0.2927 0.26915 0.209435 0.138083 0.123876 0.0846166 0.306469 0.0810922 0.080465 0.0755949 0.125561 0.213929
threshold=772.20001220703136 594.00000000000011 675.00000000000011 20.500000000000004 11.500000000000002 11.500000000000002 1179.3599853515627 1.0000000180025095e-35 3.4000000059604649 1.0000000180025095e-35 17.500000000000004 18.500000000000004 19.500000000000004 12.500000000000002 3.4000000059604649 0 1 18.500000000000004 17.500000000000004 14.500000000000002 3.4000000059604649 13.500000000000002 2 15.500000000000002 3 20.500000000000004 4 1.0000000180025095e-35 5 16.500000000000004
decision_type=2 2 2 2 2 2 2 2 2 2 2 2 2 2 2 1 1 2 2 2 2 2 1 2 1 2 1 2 1 2
left_child=1 4 3 8 -1 -4 13 -7 27 10 23 -12 -11 14 15 -2 25 18 19 20 -9 26 -20 -6 -25 -15 -22 -3 -29 -30
right_child=6 2 5 -5 9 7 -8 17 -10 12 11 -13 -14 16 -16 -17 -18 -19 22 -21 21 -23 -24 24 -26 -27 -28 28 29 -31
leaf_value=-6.8781551511947825 3.3975937712395625 -2.2035222353342481 -3.2385897690975227 -1.535268488009939 -4.2730689607462162 0.34840360534853687 13.566847156983345 -5.1237775317235092 -5.9615187245512899 -3.1624294357165397 -8.6350668875438892 -4.3372430614350099 0.077091346883748205 1.6831983052759714 0.74181565992755893 -0.99594291147354397 2.0019381703125068 0.18477295346696793 -6.5543020995084857 3.0312231703445711 -0.76225878350998755 -1.3240083303312575 -7.5882440976721108 -2.7732631300263049 1.4461544969431634 2.6344262504758307 1.2594563988486016 -3.9901907330391979 -2.5601719153712876 11.04165030647243
leaf_weight=253 204 18133 79 3183 1869 111 27 162 86 366 155 883 30 8535 2414 195 8308 629 49 89 187 851 40 46 36 1879 166 118 74 31
leaf_count=253 204 18133 79 3183 1869 111 27 162 86 366 155 883 30 8535 2414 195 8308 629 49 89 187 851 40 46 36 1879 166 118 74 31
internal_value=-0.000312029 -0.00120886 -0.00104252 -0.00111399 -0.00230566 -0.000388491 0.000837027 -0.000299476 -0.00118816 -0.00218907 -0.00230646 -0.00282081 -0.00130303 0.000831668 0.000505509 0.00136842 0.000880674 -0.000394847 -0.000637307 -0.000432991 -0.00064129 -0.000368772 -0.00397753 -0.00203281 -0.000146343 0.00076397 0.000628894 -0.00117869 -8.07189e-05 0.00142857
internal_weight=49188 27626 23988 21625 3638 2363 21562 2284 18442 3385 2989 1038 396 21535 2813 399 18722 2173 1544 1455 1366 1204 89 1951 82 10414 353 18356 223 105
internal_count=49188 27626 23988 21625 3638 2363 21562 2284 18442 3385 2989 1038 396 21535 2813 399 18722 2173 1544 1455 1366 1204 89 1951 82 10414 353 18356 223 105
cat_boundaries=0 1 2 3 4 5 6
cat_threshold=2 2 2 2 2 2
is_linear=0
shrinkage=0.06


Tree=25
num_leaves=31
num_cat=6
split_feature=1 1 1 3 3 3 1 2 2 3 3 3 3 2 0 3 0 0 0 3 2 2 3 3 3 2 2 0 0 2
split_gain=12.712 1.39243 0.300368 0.201919 0.15636 0.145673 0.139692 0.106702 0.0864118 0.0983689 0.0930518 0.230385 0.0855305 0.100982 0.245503 0.0818802 0.306469 0.0795468 0.0753774 0.0937327 0.0764671 0.127428 0.0732508 0.156688 0.128285 0.0972376 0.0943554 0.0703029 0.0669355 0.0668298
threshold=772.20001220703136 594.00000000000011 675.00000000000011 20.500000000000004 11.500000000000002 11.500000000000002 1179.3599853515627 1.0000000180025095e-35 1.0000000180025095e-35 19.500000000000004 17.500000000000004 18.500000000000004 12.500000000000002 3.4000000059604649 0 15.500000000000002 1 2 3 22.500000000000004 3.4000000059604649 1.0000000180025095e-35 17.500000000000004 19.500000000000004 13.500000000000002 1.0000000180025095e-35 3.4000000059604649 4 5 1.0000000180025095e-35
decision_type=2 2 2 2 2 2 2 2 2 2 2 2 2 2 1 2 1 1 1 2 2 2 2 2 2 2 2 1 1 2
left_child=1 5 3 22 -4 -1 12 -6 10 -10 15 28 13 14 -2 -7 -17 -9 20 -20 21 -5 24 -24 29 -26 -25 -14 -12 -3
right_child=6 2 4 18 7 8 -8 17 9 -11 11 -13 27 -15 -16 16 -18 -19 19 -21 -22 -23 23 26 25 -27 -28 -29 -30 -31
leaf_value=-6.4654658421230984 3.1937381449651867 -2.3854277557900492 -3.044274382951671 -2.0317812262173494 0.32749938902762721 -4.0166848231014463 12.75283632756434 -1.1025741340347643 -2.9726836695735503 0.072465866070721641 -11.481301955086145 -4.0770084777489064 1.7216788384575397 0.69730672033190144 -0.93618633678513108 -2.6068673422247275 1.3593852271265767 0.10575841080836661 -1.0925825641647293 0.91238990225595895 -7.2393720140986852 0.93143308503812927 -2.5355832620167393 -1.8955555418788661 -1.1073894129326141 -3.7992823045181199 -9.0286328800450288 1.8818218800937545 -5.5657845487971755 -0.12335885968063365
leaf_weight=253 204 8920 79 1643 111 1869 27 1214 366 30 83 883 10414 2414 195 46 36 959 1416 34 29 61 2139 4545 2593 75 34 8308 72 136
leaf_count=253 204 8920 79 1643 111 1869 27 1214 366 30 83 883 10414 2414 195 46 36 959 1416 34 29 61 2139 4545 2593 75 34 8308 72 136
internal_value=-0.000293732 -0.00114588 -0.000979991 -0.00105017 -0.000337708 -0.00223969 0.000798069 -0.000246937 -0.0021359 -0.00130303 -0.00224624 -0.0027052 0.000792662 0.000484179 0.00136842 -0.00200205 -0.000146343 -0.000339624 -0.000608861 -0.000289657 -0.000875939 -0.000823945 -0.00112634 -0.00128431 -0.00103583 -0.000670166 -0.00108626 0.000839011 -0.00483871 -0.00114355
internal_weight=49188 27626 23988 21625 2363 3638 21562 2284 3385 396 2989 1038 21535 2813 399 1951 82 2173 3183 1450 1733 1704 18442 6718 11724 2668 4579 18722 155 9056
internal_count=49188 27626 23988 21625 2363 3638 21562 2284 3385 396 2989 1038 21535 2813 399 1951 82 2173 3183 1450 1733 1704 18442 6718 11724 2668 4579 18722 155 9056
cat_boundaries=0 1 2 3 4 5 6
cat_threshold=2 2 2 2 2 2
is_linear=0
shrinkage=0.06


Tree=26
num_leaves=31
num_cat=3
split_feature=1 1 1 3 3 3 1 0 3 3 3 3 3 3 3 2 2 3 3 2 3 0 3 0 3 3 3 2 3 3
split_gain=11.0218 1.18035 0.242621 0.204915 0.182327 0.15636 0.143321 0.110314 0.231114 0.10967 0.101058 0.165728 0.0818912 0.137706 0.122116 0.105625 0.0967259 0.0812344 0.219617 0.127452 0.106136 0.0788926 0.0888155 0.0759906 0.110208 0.125204 0.21493 0.0988714 0.0846475 0.378127
threshold=772.20001220703136 594.00000000000011 675.00000000000011 20.500000000000004 11.500000000000002 11.500000000000002 1179.3599853515627 0 12.500000000000002 19.500000000000004 17.500000000000004 18.500000000000004 17.500000000000004 13.500000000000002 19.500000000000004 1.0000000180025095e-35 3.4000000059604649 19.500000000000004 14.500000000000002 3.4000000059604649 12.500000000000002 1 22.500000000000004 2 13.500000000000002 14.500000000000002 16.500000000000004 3.4000000059604649 18.500000000000004 17.500000000000004
decision_type=2 2 2 2 2 2 2 1 2 2 2 2 2 2 2 2 2 2 2 2 2 1 2 1 2 2 2 2 2 2
left_child=1 4 3 12 -1 -4 17 8 -6 10 -10 -12 13 -3 -14 -15 -16 18 20 -19 -2 -5 -23 28 -25 27 -27 -26 29 -7
right_child=6 2 5 21 7 23 -8 -9 9 -11 11 -13 14 15 16 -17 -18 19 -20 -21 -22 22 -24 24 25 26 -28 -29 -30 -31
leaf_value=-6.0775378915957141 0.73445979060303213 -2.2095323019595186 -2.8616179199745693 -1.698325804135012 -2.3363794169661447 -1.059709838998824 11.987666147910476 -2.9093778969444202 -4.533370821982178 -2.3728031029107846 -10.79242383778098 -4.6147824275923286 -2.3834482662957339 -1.0409460481566544 -1.7818222093661369 -3.5713253662470339 -8.4869149072423244 3.5149855803447143 0.25004277514187651 1.7616829657034212 2.0115036783349325 -1.027027610314849 0.85764650812059928 0.87081608128383314 -5.3395218183654327 3.7679216869961167 0.21671699825254243 -1.1690135108198729 0.047448999947377175 -6.0948895254958915
leaf_weight=253 2813 9056 79 1733 553 841 27 1476 671 194 83 408 2139 2593 4545 75 34 981 2902 7689 7150 1416 34 212 32 46 346 370 388 49
leaf_count=253 2813 9056 79 1733 553 841 27 1476 671 194 83 408 2139 2593 4545 75 34 981 2902 7689 7150 1416 34 212 32 46 346 370 388 49
internal_value=-0.000274215 -0.00106769 -0.000914959 -0.000978036 -0.00207477 -0.000337708 0.000742416 -0.00195864 -0.00225982 -0.00268142 -0.00290189 -0.00355601 -0.00105477 -0.00095906 -0.00122179 -0.000580211 -0.00104695 0.000736938 0.000641273 0.000878891 0.000775066 -0.00053346 -0.000206898 -0.000246937 0.00014314 -0.000181362 0.000581631 -0.000925375 -0.000553992 -0.000876406
internal_weight=49188 27626 23988 21625 3638 2363 21562 3385 1909 1356 1162 491 18442 11724 6718 2668 4579 21535 12865 8670 9963 3183 1450 2284 1006 794 392 402 1278 890
internal_count=49188 27626 23988 21625 3638 2363 21562 3385 1909 1356 1162 491 18442 11724 6718 2668 4579 21535 12865 8670 9963 3183 1450 2284 1006 794 392 402 1278 890
cat_boundaries=0 1 2 3
cat_threshold=2 2 2
is_linear=0
shrinkage=0.06


Tree=27
num_leaves=31
num_cat=4
split_feature=1 1 1 3 3 1 3 3 3 0 0 3 2 3 2 0 3 0 3 3 3 2 3 3 3 2 3 3 3 2
split_gain=9.79039 0.923546 0.245369 0.227393 0.213656 0.145888 0.116938 0.242897 0.163598 0.138051 0.118996 0.105302 0.0886345 0.0833116 0.0677148 0.0766258 0.102302 0.0661001 0.110208 0.125204 0.21493 0.0988714 0.0742415 0.388143 0.0750652 0.102424 0.0660958 0.128183 0.12634 0.107776
threshold=772.20001220703136 594.00000000000011 675.00000000000011 11.500000000000002 20.500000000000004 1179.3599853515627 17.500000000000004 18.500000000000004 14.500000000000002 0 1 19.500000000000004 1.0000000180025095e-35 11.500000000000002 1.0000000180025095e-35 2 22.500000000000004 3 13.500000000000002 14.500000000000002 16.500000000000004 3.4000000059604649 18.500000000000004 17.500000000000004 14.500000000000002 3.4000000059604649 17.500000000000004 13.500000000000002 19.500000000000004 1.0000000180025095e-35
decision_type=2 2 2 2 2 2 2 2 2 1 1 2 2 2 2 1 2 1 2 2 2 2 2 2 2 2 2 2 2 2
left_child=1 3 4 -1 26 -2 8 10 -5 11 -8 -9 -11 -4 15 -6 -17 22 -19 21 -21 -20 23 24 -15 -26 27 -3 -28 -29
right_child=5 2 13 6 14 -7 7 9 -10 12 -12 -13 -14 17 -16 16 -18 18 19 20 -22 -23 -24 -25 25 -27 28 29 -30 -31
leaf_value=-5.7128856180999694 1.3740312853453731 -2.0769603638419492 -2.6899208447760929 -3.9336975874197946 -1.8079748043962036 11.26840617903585 -10.144878407514117 -4.3378954819367888 -1.8522189796870243 -2.7416353833621017 -5.0572748020526799 -2.2304349167361379 0.1812885873020994 -1.1717617680183388 0.10054685318428432 -0.96540572610109621 0.84433042692260185 0.81856711640679802 -5.019150509263504 3.5418463857763549 0.20371397835738339 -1.0988727001706775 0.044602059950533672 -5.7291961539661385 8.4006163121812136 -7.3122468643083494 -2.2404413703179875 -0.97848928526725332 -1.7323377815504613 -3.3570458442722115
leaf_weight=253 21535 9056 79 1775 1643 27 83 408 384 388 72 194 81 786 141 1366 33 212 32 46 346 370 388 49 30 25 2139 2593 4579 75
leaf_count=253 21535 9056 79 1775 1643 27 83 408 384 388 72 194 81 786 141 1366 33 212 32 46 346 370 388 49 30 25 2139 2593 4579 75
internal_value=-0.000254698 -0.00100254 -0.000867435 -0.00189335 -0.000930868 0.000703458 -0.00176366 -0.00223165 -0.00149792 -0.00191037 -0.00445161 -0.00251163 -0.00113859 -0.000286925 -0.00047691 -0.000536491 -0.000210152 -0.000220667 0.00014314 -0.000181362 0.000581631 -0.000925375 -0.000507044 -0.00080899 -0.000506541 0.00163636 -0.00100922 -0.000923236 -0.00115928 -0.000557723
internal_weight=49188 27626 23988 3638 21625 21562 3385 1226 2159 1071 155 602 469 2363 3183 3042 1399 2284 1006 794 392 402 1278 890 841 55 18442 11724 6718 2668
internal_count=49188 27626 23988 3638 21625 21562 3385 1226 2159 1071 155 602 469 2363 3183 3042 1399 2284 1006 794 392 402 1278 890 841 55 18442 11724 6718 2668
cat_boundaries=0 1 2 3 4
cat_threshold=2 2 2 2
is_linear=0
shrinkage=0.06


Tree=28
num_leaves=31
num_cat=7
split_feature=1 1 3 1 3 3 0 3 3 0 3 2 3 3 3 0 2 2 0 0 3 0 3 2 0 3 2 3 3 3
split_gain=8.70224 0.809512 0.196611 0.185756 0.178164 0.14739 0.243586 0.246563 0.14368 0.129836 0.105302 0.0952986 0.0812255 0.308771 0.201706 0.123876 0.108281 0.131116 0.147684 0.094679 0.0844457 0.134301 0.0827415 0.0657433 0.0676432 0.102302 0.0589697 0.0496077 0.0464272 0.108162
threshold=772.20001220703136 594.00000000000011 11.500000000000002 675.00000000000011 20.500000000000004 17.500000000000004 0 18.500000000000004 15.500000000000002 1 19.500000000000004 1.0000000180025095e-35 18.500000000000004 17.500000000000004 14.500000000000002 2 1.0000000180025095e-35 3.4000000059604649 3 4 13.500000000000002 5 11.500000000000002 1.0000000180025095e-35 6 22.500000000000004 3.4000000059604649 21.500000000000004 15.500000000000002 13.500000000000002
decision_type=2 2 2 2 2 2 1 2 2 1 2 2 2 2 2 1 2 2 1 1 2 1 2 2 1 2 2 2 2 2
left_child=1 2 -1 4 26 8 7 -7 -4 -10 -9 -8 13 14 16 -15 -5 18 -18 -16 21 22 -19 24 -6 -26 28 -2 29 -3
right_child=27 3 5 12 23 6 11 10 9 -11 -12 -13 -14 15 19 -17 17 20 -20 -21 -22 -23 -24 -25 25 -27 -28 -29 -30 -31
leaf_value=-5.370112481013968 1.2920591933959533 -1.9474307017463865 -3.3348152270919202 0.41046624706648921 -1.6994963161324335 -9.5361857030632677 -2.5839583638277484 -4.0776217530205798 -1.6084134813986384 1.3604044743505437 -2.0966088217319685 0.17041127206397302 0.093629860233559223 -5.3854443847281726 1.7464140521885305 -7.1645208150568802 -4.5911568756409791 -7.5507838842261981 -3.4501827888720027 3.179877528040584 -1.0483817608394566 1.1954127791951306 -0.51648051203628709 0.094514041993229006 -0.90748138253503385 0.79367060130724432 -4.9982184873232827 9.4486061903092153 -1.7529996689093466 -1.0947845127901701
leaf_weight=253 21513 9018 2074 34 1643 83 460 408 48 37 194 81 693 49 55 40 111 27 86 47 851 183 187 141 1366 33 86 49 6696 2642
leaf_count=253 21513 9018 2074 34 1643 83 460 408 48 37 194 81 693 49 55 40 111 27 86 47 851 183 187 141 1366 33 86 49 6696 2642
internal_value=-0.00023884 -0.000943895 -0.0017779 -0.00081741 -0.000872603 -0.00165731 -0.00218271 -0.00293431 -0.00135896 0.00105882 -0.00251163 -0.00123106 -0.000312316 -0.000538924 -0.000345352 -0.00397753 -0.000523328 -0.000602078 -0.00204061 0.00223529 -0.000375001 0.000347606 -0.000672899 -0.00045806 -0.000516767 -0.000210152 -0.000944151 0.000664501 -0.000936807 -0.000864495
internal_weight=49188 27626 3638 23988 21625 3385 1226 685 2159 85 602 541 2363 1670 1581 89 1479 1445 197 102 1248 397 214 3183 3042 1399 18442 21562 18356 11660
internal_count=49188 27626 3638 23988 21625 3385 1226 685 2159 85 602 541 2363 1670 1581 89 1479 1445 197 102 1248 397 214 3183 3042 1399 18442 21562 18356 11660
cat_boundaries=0 1 2 3 4 5 6 7
cat_threshold=2 2 2 2 2 2 2
is_linear=0
shrinkage=0.06


Tree=29
num_leaves=31
num_cat=8
split_feature=1 1 3 3 0 3 1 3 3 0 3 2 3 3 3 0 2 2 0 0 2 3 0 3 2 3 3 2 0 0
split_gain=7.7134 0.793648 0.153531 0.167951 0.243586 0.246563 0.140759 0.170119 0.13715 0.129836 0.105302 0.0952986 0.0889547 0.302353 0.207682 0.123876 0.110922 0.123656 0.147684 0.094679 0.0626988 0.0620764 0.0974677 0.0827415 0.0618878 0.060829 0.0942969 0.08878 0.101228 0.0766407
threshold=772.20001220703136 594.00000000000011 11.500000000000002 17.500000000000004 0 18.500000000000004 675.00000000000011 20.500000000000004 15.500000000000002 1 19.500000000000004 1.0000000180025095e-35 18.500000000000004 17.500000000000004 14.500000000000002 2 1.0000000180025095e-35 3.4000000059604649 3 4 3.4000000059604649 13.500000000000002 5 11.500000000000002 1.0000000180025095e-35 12.500000000000002 15.500000000000002 1.0000000180025095e-35 6 7
decision_type=2 2 2 2 1 2 2 2 2 1 2 2 2 2 2 1 2 2 1 1 2 2 1 2 2 2 2 2 1 1
left_child=1 2 -1 8 5 -5 7 20 -4 -10 -7 -6 13 14 16 -15 -8 18 -18 -16 25 22 23 -19 -9 29 -27 -28 -29 -3
right_child=-2 6 3 4 11 10 12 24 9 -11 -12 -13 -14 15 19 -17 17 21 -20 -21 -22 -23 -24 -25 -26 26 27 28 -30 -31
leaf_value=-5.0479057321531311 1.222898845492608 -1.8304637962383434 -3.1347263134664067 -8.9640145608794679 -2.4289208619980855 -3.8329644478393448 0.38583827224249612 -1.2618902670526222 -1.5119086725147191 1.2787802058895135 -1.9708122924280522 0.16018659574013125 0.08801206861955059 -5.0623177216444812 1.6416292090572155 -6.7346495661534664 -4.3156874631025195 -7.0977368511726242 -3.2431718215396836 2.9890848763581475 -4.6983253780838883 -0.98547885518908984 1.1236880124434265 -0.4854916813141153 0.088843199473637419 -1.3952000064499588 -1.6678172200209838 -3.4835405606333052 11.127990250899744 -2.7020353038045957
leaf_weight=253 21562 1622 2074 83 460 408 34 3042 48 37 194 81 693 49 55 40 111 27 86 47 86 851 183 187 141 8687 6629 36 31 1351
leaf_count=253 21562 1622 2074 83 460 408 34 3042 48 37 194 81 693 49 55 40 111 27 86 47 86 851 183 187 141 8687 6629 36 31 1351
internal_value=-0.00023884 -0.000902629 -0.00172842 -0.00162186 -0.00218271 -0.00293431 -0.00077739 -0.000825435 -0.00130338 0.00105882 -0.00251163 -0.00123106 -0.000337708 -0.000574852 -0.000383303 -0.00397753 -0.000563896 -0.0006436 -0.00204061 0.00223529 -0.000895349 -0.000423078 0.000196472 -0.000672899 -0.00042036 -0.000887777 -0.00083976 -0.00100896 0.00116418 -0.00113623
internal_weight=49188 27626 3638 3385 1226 685 23988 21625 2159 85 602 541 2363 1670 1581 89 1479 1445 197 102 18442 1248 397 214 3183 18356 15383 6696 67 2973
internal_count=49188 27626 3638 3385 1226 685 23988 21625 2159 85 602 541 2363 1670 1581 89 1479 1445 197 102 18442 1248 397 214 3183 18356 15383 6696 67 2973
cat_boundaries=0 1 2 3 4 5 6 7 8
cat_threshold=2 2 2 2 2 2 2 2
is_linear=0
shrinkage=0.06


Tree=30
num_leaves=31
num_cat=5
split_feature=1 1 1 3 0 3 3 3 3 3 3 3 3 0 3 3 2 3 3 3 2 2 2 3 3 2 0 0 0 3
split_gain=7.12823 0.773814 0.14938 0.171492 0.119599 0.213686 0.260853 0.140916 0.121908 0.1286 0.0878522 0.0833116 0.0744608 0.0661001 0.0742415 0.226625 0.0655061 0.0648561 0.101632 0.21493 0.108311 0.063032 0.0581488 0.0493843 0.0891971 0.0858756 0.101228 0.0842283 0.0697564 0.0703172
threshold=772.20001220703136 594.00000000000011 675.00000000000011 20.500000000000004 0 17.500000000000004 18.500000000000004 11.500000000000002 12.500000000000002 14.500000000000002 19.500000000000004 11.500000000000002 13.500000000000002 1 18.500000000000004 17.500000000000004 3.4000000059604649 13.500000000000002 14.500000000000002 16.500000000000004 3.4000000059604649 3.4000000059604649 1.0000000180025095e-35 12.500000000000002 15.500000000000002 1.0000000180025095e-35 2 3 4 14.500000000000002
decision_type=2 2 2 2 1 2 2 2 2 2 2 2 2 1 2 2 2 2 2 2 2 2 2 2 2 2 1 1 1 2
left_child=1 4 3 16 5 7 -7 -1 -9 -10 -8 -4 -6 14 15 -13 23 -15 20 -20 -19 -14 -5 27 28 -26 -27 -3 -25 -30
right_child=-2 2 11 22 12 6 10 8 9 -11 -12 13 21 17 -16 -17 -18 18 19 -21 -22 -23 -24 24 25 26 -28 -29 29 -31
leaf_value=-5.5893812127615821 1.1495249147630497 -1.720635968464046 -2.1892002569093489 -1.1861768510294632 -2.924841706538984 -8.426173687226699 -3.6029865809689841 -1.5720023042694879 -4.598398635955018 -1.9591817817312884 -1.85256355488237 -0.80378990561608354 -2.2293829470358539 0.67393262053305525 0.031027420622330298 -4.7585786583458116 -4.4164258553988578 -4.3164002020829955 2.9591978583658443 0.18059262392475964 -0.91090870119872758 0.73013041408009938 0.083512607505217093 -1.5519380568655718 -1.5677481868197241 -3.2745281269953077 10.460310835845759 -2.5399131855763222 -0.93145718616676043 9.3011451917320382
leaf_weight=137 21562 1622 79 3042 563 83 408 553 457 214 194 841 968 212 388 49 86 32 46 346 370 61 141 4775 6629 36 31 1351 3857 55
leaf_count=137 21562 1622 79 3042 563 83 408 553 457 214 194 841 968 212 388 49 86 32 46 346 370 61 141 4775 6629 36 31 1351 3857 55
internal_value=-0.000225422 -0.000863536 -0.000739871 -0.000789366 -0.00167895 -0.00198241 -0.00284672 -0.00154739 -0.00134314 -0.00188674 -0.00241196 -0.000286925 -0.00128895 -0.000220667 -0.000507044 -0.00080899 -0.000859561 0.00014314 -0.000105795 0.000581631 -0.000776121 -0.000985424 -0.000382659 -0.000851821 -0.000808556 -0.00097312 0.00116418 -0.00107568 -0.00068171 -0.000493866
internal_weight=49188 27626 23988 21625 3638 2046 685 1361 1224 671 602 2363 1592 2284 1278 890 18442 1006 794 392 402 1029 3183 18356 15383 6696 67 2973 8687 3912
internal_count=49188 27626 23988 21625 3638 2046 685 1361 1224 671 602 2363 1592 2284 1278 890 18442 1006 794 392 402 1029 3183 18356 15383 6696 67 2973 8687 3912
cat_boundaries=0 1 2 3 4 5
cat_threshold=2 2 2 2 2
is_linear=0
shrinkage=0.06


Tree=31
num_leaves=31
num_cat=3
split_feature=1 1 3 1 0 3 3 3 3 3 3 3 2 0 3 3 3 3 3 2 3 3 2 2 0 3 3 2 2 2
split_gain=6.44169 0.789609 0.126593 0.159658 0.122501 0.185846 0.275546 0.140916 0.121908 0.1286 0.0833116 0.0719819 0.0694333 0.0661001 0.0742415 0.226625 0.0648561 0.101632 0.21493 0.108311 0.0617765 0.263205 0.0869496 0.0716039 0.0812984 0.0682478 0.0664152 0.0801259 0.109908 0.0649583
threshold=772.20001220703136 594.00000000000011 20.500000000000004 675.00000000000011 0 17.500000000000004 18.500000000000004 11.500000000000002 12.500000000000002 14.500000000000002 11.500000000000002 19.500000000000004 3.4000000059604649 1 18.500000000000004 17.500000000000004 13.500000000000002 14.500000000000002 16.500000000000004 3.4000000059604649 19.500000000000004 14.500000000000002 3.4000000059604649 1.0000000180025095e-35 2 20.500000000000004 12.500000000000002 3.4000000059604649 1.0000000180025095e-35 1.0000000180025095e-35
decision_type=2 2 2 2 1 2 2 2 2 2 2 2 2 1 2 2 2 2 2 2 2 2 2 2 1 2 2 2 2 2
left_child=1 4 3 12 5 7 -7 -1 -9 -10 -5 -8 -3 14 15 -12 -15 19 -19 -18 21 26 23 24 25 -22 -2 28 -28 -23
right_child=20 2 -4 10 -6 6 11 8 9 -11 13 -13 -14 16 -16 -17 17 18 -20 -21 22 29 -24 -25 -26 -27 27 -29 -30 -31
leaf_value=-5.2540183399958842 0.38808134882702233 -1.4179758420876947 -1.0962683015021024 -2.0578482414947898 -2.2854761820847336 -7.9206032659930994 -3.3868073861108474 -1.4776821660133168 -4.3224947177977153 -1.8416308748274086 -0.75556251127911767 -1.7414097415894254 -4.1514403040749253 0.6334966633010668 0.029165775384984969 -4.4730639388450664 -4.057416189958019 2.7816459868638979 0.16975706648927957 -0.8562541791268018 -2.2000203609238587 -2.3973138060495831 1.3931915639154291 3.0914279481748386 6.1617521054349496 0.19031750999859923 1.9599636784259016 1.7853453483622608 -0.47452332116860158 -0.0094395477793705659
leaf_weight=137 2813 18356 3183 79 1592 83 408 553 457 214 841 194 86 212 388 49 32 46 346 370 51 22 7716 752 113 65 380 5982 788 2880
leaf_count=137 2813 18356 3183 79 1592 83 408 553 457 214 841 194 86 212 388 49 32 46 346 370 51 22 7716 752 113 65 380 5982 788 2880
internal_value=-0.000215664 -0.00082227 -0.00069735 -0.000751263 -0.00164596 -0.00195308 -0.00275913 -0.00154739 -0.00134314 -0.00188674 -0.000286925 -0.00231229 -0.000810759 -0.000220667 -0.000507044 -0.00080899 0.00014314 -0.000105795 0.000581631 -0.000776121 0.000561542 0.00047804 0.000685062 0.00121712 0.000288208 -0.000827588 0.000624509 0.000721677 0.000267122 -2.48119e-05
internal_weight=49188 27626 23988 20805 3638 2046 685 1361 1224 671 2363 602 18442 2284 1278 890 1006 794 392 402 21562 12865 8697 981 229 116 9963 7150 1168 2902
internal_count=49188 27626 23988 20805 3638 2046 685 1361 1224 671 2363 602 18442 2284 1278 890 1006 794 392 402 21562 12865 8697 981 229 116 9963 7150 1168 2902
cat_boundaries=0 1 2 3
cat_threshold=2 2 2
is_linear=0
shrinkage=0.06


Tree=32
num_leaves=31
num_cat=7
split_feature=1 1 3 1 3 3 3 0 3 0 2 2 3 3 3 2 0 2 0 3 0 2 0 0 3 3 3 3 2 3
split_gain=5.68674 0.738921 0.15727 0.157296 0.135017 0.16496 0.202831 0.185932 0.121489 0.129836 0.0863858 0.0718446 0.0668208 0.210077 0.195817 0.105672 0.094679 0.0875493 0.0920236 0.0657195 0.0656329 0.0597504 0.0820651 0.0560929 0.098247 0.0723018 0.0480216 0.104544 0.105328 0.06556
threshold=772.20001220703136 594.00000000000011 20.500000000000004 675.00000000000011 11.500000000000002 17.500000000000004 18.500000000000004 0 15.500000000000002 1 1.0000000180025095e-35 3.4000000059604649 18.500000000000004 17.500000000000004 14.500000000000002 1.0000000180025095e-35 2 3.4000000059604649 3 19.500000000000004 4 3.4000000059604649 5 6 13.500000000000002 11.500000000000002 15.500000000000002 13.500000000000002 1.0000000180025095e-35 19.500000000000004
decision_type=2 2 2 2 2 2 2 1 2 1 2 2 2 2 2 2 1 2 1 2 1 2 1 1 2 2 2 2 2 2
left_child=1 4 3 11 -1 8 7 -7 -6 -10 -8 26 13 14 15 -5 -16 18 -17 21 -15 -12 -23 25 -25 -19 27 -3 -29 -28
right_child=-2 2 -4 12 5 6 10 -9 9 -11 19 -13 -14 20 16 17 -18 23 -20 -21 -22 22 -24 24 -26 -27 29 28 -30 -31
leaf_value=-4.2835442923163463 1.0106674531238742 -1.5773281005298294 -1.0304922034119794 0.40464691497670235 -2.6126405072089982 -7.4453670700335124 -2.5653313711856662 -4.1821740126327311 -1.1931453927703159 1.4729449412833833 -3.7657500752534845 -3.902353885830427 0.079119752741930893 -4.2046801025143647 1.6366926015274808 -3.9631850703026541 2.4652891530628773 -6.4170497301980225 -2.6287700892811037 0.51497241748140665 -6.3515915736091006 -5.0232578459153245 0.87646727894684773 0.97782097466677442 -0.80487892837919162 -0.66773901158947857 -1.726429745647299 -0.57734119340277623 -2.9599396675232876 -1.2050926571349145
leaf_weight=253 21562 9018 3183 34 2074 83 883 72 48 37 26 86 693 49 55 111 47 27 86 30 40 73 59 183 370 668 2151 2584 58 4545
leaf_count=253 21562 9018 3183 34 2074 83 883 72 48 37 26 86 693 49 55 111 47 27 86 30 40 73 59 183 370 668 2151 2584 58 4545
internal_value=-0.000213224 -0.000783177 -0.000662333 -0.000722424 -0.00157999 -0.00148006 -0.00203589 -0.00406452 -0.00116443 0.00105882 -0.0017423 -0.000781478 -0.000261533 -0.000467067 -0.000307402 -0.00048276 0.00223529 -0.000560555 -0.00173604 -0.00057447 -0.00330337 -0.00106329 -0.000545456 -0.000375001 7.59479e-05 -0.000733814 -0.000773373 -0.00069983 -0.000367905 -0.000901435
internal_weight=49188 27626 23988 20805 3638 3385 1226 155 2159 85 1071 18442 2363 1670 1581 1479 102 1445 197 188 89 158 132 1248 553 695 18356 11660 2642 6696
internal_count=49188 27626 23988 20805 3638 3385 1226 155 2159 85 1071 18442 2363 1670 1581 1479 102 1445 197 188 89 158 132 1248 553 695 18356 11660 2642 6696
cat_boundaries=0 1 2 3 4 5 6 7
cat_threshold=2 2 2 2 2 2 2
is_linear=0
shrinkage=0.06


Tree=33
num_leaves=31
num_cat=5
split_feature=1 1 3 3 0 3 3 1 3 0 3 2 2 3 2 3 0 3 2 0 0 3 1 3 3 2 3 2 2 2
split_gain=4.80537 0.626142 0.159341 0.151737 0.159023 0.20286 0.138885 0.127376 0.109644 0.129836 0.0895782 0.0844853 0.0762328 0.0668208 0.155588 0.111386 0.139509 0.0909554 0.0875493 0.0920236 0.0655054 0.0647737 0.130896 0.0570358 0.18883 0.157947 0.0773609 0.0636786 0.123794 0.062501
threshold=772.20001220703136 594.00000000000011 11.500000000000002 17.500000000000004 0 18.500000000000004 20.500000000000004 675.00000000000011 15.500000000000002 1 19.500000000000004 1.0000000180025095e-35 3.4000000059604649 18.500000000000004 1.0000000180025095e-35 17.500000000000004 2 14.500000000000002 3.4000000059604649 3 4 20.500000000000004 1179.3599853515627 14.500000000000002 19.500000000000004 3.4000000059604649 12.500000000000002 3.4000000059604649 1.0000000180025095e-35 1.0000000180025095e-35
decision_type=2 2 2 2 1 2 2 2 2 1 2 2 2 2 2 2 1 2 2 1 1 2 2 2 2 2 2 2 2 2
left_child=1 2 -1 8 5 -5 7 12 -4 -10 -7 -6 -3 14 20 17 -17 18 19 -16 -9 23 -23 26 29 -26 -2 28 -28 -25
right_child=21 6 3 4 11 10 -8 13 9 -11 -12 -13 -14 -15 15 16 -18 -19 -20 -21 -22 22 -24 24 25 -27 27 -29 -30 -31
leaf_value=-4.0265316347773634 0.30415642070996907 -1.2475657986570488 -2.4558820767764589 -6.998645045831501 -1.8583741802598182 -3.0296790606730539 -0.9686626712072598 -0.70645508707245874 -1.1215566692040944 1.3845682448063825 -1.5071469640886448 0.39056909258388672 -3.6682126526806034 0.074372567577415866 -3.7253939660844955 -3.9523992963635055 -5.9704960791925554 2.8763048918531018 -0.52639169272323749 -2.4710438839242346 0.64552074151264605 1.7854213162399308 22.41164657762376 -2.3141150248740403 2.6091519487431603 0.9438796048609901 1.781725810532907 1.6175845802730955 -0.50669196908592107 -0.06951322210004951
leaf_weight=253 2813 18356 2074 83 460 408 3183 26 48 37 194 81 86 693 111 49 40 89 1248 86 21 3334 21 22 632 4710 380 5982 788 2880
leaf_count=253 2813 18356 2074 83 460 408 3183 26 48 37 194 81 86 693 111 49 40 89 1248 86 21 3334 21 22 632 4710 380 5982 788 2880
internal_value=-0.000207125 -0.000731052 -0.00146454 -0.00135598 -0.00188907 -0.00249635 -0.000619811 -0.000676281 -0.00105327 0.00105882 -0.00211296 -0.00112015 -0.000729423 -0.000261533 -0.000467067 -0.000565621 -0.00262921 -0.000445895 -0.000560555 -0.00173604 0.00293617 0.000464148 0.000706407 0.000419508 0.000302764 0.000514413 0.000516108 0.000620978 0.000215752 -8.68381e-05
internal_weight=49188 27626 3638 3385 1226 685 23988 20805 2159 85 602 541 18442 2363 1670 1623 89 1534 1445 197 47 21562 3355 18207 8244 5342 9963 7150 1168 2902
internal_count=49188 27626 3638 3385 1226 685 23988 20805 2159 85 602 541 18442 2363 1670 1623 89 1534 1445 197 47 21562 3355 18207 8244 5342 9963 7150 1168 2902
cat_boundaries=0 1 2 3 4 5
cat_threshold=2 2 2 2 2
is_linear=0
shrinkage=0.06


Tree=34
num_leaves=31
num_cat=6
split_feature=1 1 3 3 3 3 0 1 3 0 0 2 3 0 2 3 3 3 3 3 2 2 0 2 3 3 0 3 2 1
split_gain=4.37712 0.530135 0.177948 0.146515 0.175355 0.141792 0.127012 0.104097 0.101159 0.129836 0.0935975 0.0779119 0.073545 0.0724254 0.0652903 0.057514 0.222683 0.0522011 0.204849 0.0723474 0.062501 0.0555805 0.0882902 0.069067 0.0682478 0.0486323 0.0464064 0.208437 0.0443575 0.0432032
threshold=772.20001220703136 594.00000000000011 11.500000000000002 17.500000000000004 18.500000000000004 20.500000000000004 0 675.00000000000011 15.500000000000002 1 2 3.4000000059604649 19.500000000000004 3 1.0000000180025095e-35 18.500000000000004 17.500000000000004 19.500000000000004 14.500000000000002 12.500000000000002 1.0000000180025095e-35 3.4000000059604649 4 1.0000000180025095e-35 20.500000000000004 21.500000000000004 5 19.500000000000004 1.0000000180025095e-35 1179.3599853515627
decision_type=2 2 2 2 2 2 1 2 2 1 1 2 2 1 2 2 2 2 2 2 2 2 1 2 2 2 1 2 2 2
left_child=1 2 -1 8 6 7 -5 11 -4 -10 12 -3 -6 15 -12 16 -9 18 19 -2 -20 22 23 24 -19 -24 -13 -28 -7 -23
right_child=17 5 3 4 10 28 -8 13 9 -11 14 26 -14 -15 -16 -17 -18 21 20 -21 -22 29 25 -25 -26 -27 27 -29 -30 -31
leaf_value=-3.7849397366907214 0.28590703546737584 -1.1727118507376233 -2.3085291521698719 -6.5787263430816116 -2.8478983170326706 -0.92928084940041344 -3.8197411210591801 -0.75728454325475236 -1.0542632690518485 1.3014941501180011 -1.7400506259768553 -4.676480726876961 -1.4167181462433267 0.19286247958103647 0.36713494702885513 0.018206289642716016 -3.7152553385816938 -2.28520830338045 -2.1752681233815929 1.3331046409664316 -0.065342428774042727 1.1503071937070319 3.8217093443579175 2.4914780250321291 0.01113313323685361 -1.3422623227644639 2.4154287147360871 -8.3552708295929055 0.26422724162218575 8.8835024953948132
leaf_weight=253 2813 18356 2074 83 408 3042 72 881 48 37 388 34 194 1045 81 388 49 51 22 7150 2880 7689 401 440 65 24 31 21 141 27
leaf_count=253 2813 18356 2074 83 408 3042 72 881 48 37 388 34 194 1045 81 388 49 51 22 7150 2880 7689 401 440 65 24 31 21 141 27
internal_value=-0.000207125 -0.000707161 -0.00138208 -0.00126736 -0.00179119 -0.000604804 -0.00367742 -0.000661862 -0.000969895 0.00105882 -0.00151821 -0.000709903 -0.00201329 -0.000286925 -0.000882731 -0.000582702 -0.000838711 0.000433539 0.000356781 0.000485997 -8.68381e-05 0.000547084 0.000972476 0.000474819 -0.000827588 0.00162353 -0.00251163 -0.00138462 -0.000231858 0.000493
internal_weight=49188 27626 3638 3385 1226 23988 155 20805 2159 85 1071 18442 602 2363 469 1318 930 21562 12865 9963 2902 8697 981 556 116 425 86 52 3183 7716
internal_count=49188 27626 3638 3385 1226 23988 155 20805 2159 85 1071 18442 602 2363 469 1318 930 21562 12865 9963 2902 8697 981 556 116 425 86 52 3183 7716
cat_boundaries=0 1 2 3 4 5 6
cat_threshold=2 2 2 2 2 2
is_linear=0
shrinkage=0.06


Tree=35
num_leaves=31
num_cat=5
split_feature=1 1 3 3 3 3 0 3 0 0 1 2 0 3 3 3 2 3 1 0 3 2 3 3 3 2 2 3 3 3
split_gain=3.85413 0.536337 0.185678 0.114698 0.113674 0.194026 0.127012 0.101159 0.129836 0.0983359 0.0814618 0.0821897 0.0724254 0.0590916 0.057514 0.222683 0.0549535 0.0518948 0.1359 0.0464064 0.208437 0.0443575 0.0427847 0.0940454 0.0926686 0.108311 0.0587746 0.1645 0.0721106 0.0553765
threshold=772.20001220703136 594.00000000000011 11.500000000000002 20.500000000000004 17.500000000000004 18.500000000000004 0 15.500000000000002 1 2 675.00000000000011 3.4000000059604649 3 19.500000000000004 18.500000000000004 17.500000000000004 1.0000000180025095e-35 20.500000000000004 1179.3599853515627 4 19.500000000000004 1.0000000180025095e-35 14.500000000000002 16.500000000000004 13.500000000000002 3.4000000059604649 3.4000000059604649 19.500000000000004 18.500000000000004 11.500000000000002
decision_type=2 2 2 2 2 2 1 2 1 1 2 2 1 2 2 2 2 2 2 1 2 2 2 2 2 2 2 2 2 2
left_child=1 2 -1 10 7 6 -6 -4 -9 13 11 -3 14 -7 15 -12 -11 -2 -19 -13 -21 -5 24 -24 29 -26 27 -25 -28 -14
right_child=17 3 4 21 5 9 -8 8 -10 16 12 19 22 -15 -16 -17 -18 18 -20 20 -22 -23 23 26 25 -27 28 -29 -30 -31
leaf_value=-3.5578433524892783 0.77061500655400361 -1.1023491396933647 -2.1700174030396808 -0.87352399843638517 -6.184002762496716 -2.6770244180107099 -3.5905566537956268 -0.9910074729087387 1.2234045011109242 -1.6356475884182418 -0.71184747065946796 -4.3958918832643414 -1.57768371283257 -1.3317150574687298 0.017113912264157094 -3.4923400182667956 0.34510685020712528 1.6092776056431102 20.533937633242644 2.2705029918519215 -7.8539545798173318 0.24837360712485582 2.3496035042947629 2.1600726834860362 -3.5195541289430752 -0.73657443988790872 -12.301977108347968 -9.4387468333620426 -0.84801280728591333 0.59228524710730734
leaf_weight=253 18207 18356 2074 3042 83 408 72 48 37 388 881 34 39 194 388 49 81 3334 21 31 21 141 46 58 32 370 23 20 245 212
leaf_count=253 18207 18356 2074 3042 83 408 72 48 37 388 881 34 39 194 388 49 81 3334 21 31 21 141 46 58 32 370 23 20 245 212
internal_value=-0.000201026 -0.00067024 -0.00134909 -0.000567285 -0.00123191 -0.00169331 -0.00367742 -0.000969895 0.00105882 -0.00140616 -0.000618603 -0.000661101 -0.000286925 -0.00191362 -0.000582702 -0.000838711 -0.000754799 0.000400147 0.000616988 -0.00251163 -0.00138462 -0.000231858 8.6123e-05 0.000581631 -0.000211334 -0.000776121 0.000242773 0.00169231 -0.000179106 0.000693226
internal_weight=49188 27626 3638 23988 3385 1226 155 2159 85 1071 20805 18442 2363 602 1318 930 469 21562 3355 86 52 3183 1045 392 653 402 346 78 268 251
internal_count=49188 27626 3638 23988 3385 1226 155 2159 85 1071 20805 18442 2363 602 1318 930 469 21562 3355 86 52 3183 1045 392 653 402 346 78 268 251
cat_boundaries=0 1 2 3 4 5
cat_threshold=2 2 2 2 2
is_linear=0
shrinkage=0.06


Tree=36
num_leaves=31
num_cat=2
split_feature=1 1 0 3 3 0 3 1 3 2 3 3 3 2 2 3 3 3 3 3 3 3 3 3 2 3 2 3 3 3
split_gain=3.28948 0.447191 0.17543 0.154792 0.125662 0.110549 0.0971044 0.0907948 0.125408 0.106612 0.0907801 0.0730657 0.0705872 0.22313 0.156523 0.098247 0.0641332 0.0721106 0.0534472 0.114232 0.167129 0.0780399 0.0532009 0.0991619 0.108194 0.0544503 0.170768 0.0872467 0.0488952 0.173553
threshold=772.20001220703136 594.00000000000011 0 12.500000000000002 11.500000000000002 1 22.500000000000004 675.00000000000011 12.500000000000002 1.0000000180025095e-35 16.500000000000004 13.500000000000002 14.500000000000002 3.4000000059604649 3.4000000059604649 13.500000000000002 17.500000000000004 18.500000000000004 19.500000000000004 17.500000000000004 18.500000000000004 14.500000000000002 21.500000000000004 20.500000000000004 1.0000000180025095e-35 18.500000000000004 3.4000000059604649 14.500000000000002 19.500000000000004 14.500000000000002
decision_type=2 2 1 2 2 1 2 2 2 2 2 2 2 2 2 2 2 2 2 2 2 2 2 2 2 2 2 2 2 2
left_child=1 2 3 4 -1 -3 7 8 -7 10 -9 -4 13 -11 -14 -15 -16 -18 19 21 -21 -5 23 25 -25 27 -27 -10 29 -2
right_child=28 5 11 18 -6 6 -8 9 22 12 -12 -13 14 15 16 -17 17 -19 -20 20 -22 -23 -24 24 -26 26 -28 -29 -30 -31
leaf_value=-3.9996056986197051 0.83200870524965009 -1.2095490388557626 -2.037167941202465 -3.4903208863781581 -0.81619708770082067 -1.9964425505394046 1.1486853644619941 0.65653853646130078 -0.46343384289395773 -2.246535433181402 -0.12907737959575857 -1.4459972067635298 2.771662336265782 0.90362635414885972 1.6352002437689426 -0.69237997349463287 -11.563858481847092 -0.79713203884876294 -1.2518121540206062 -5.8129625967469156 -2.5164029529300707 -1.200690700177647 -4.4722562399004842 0.11335186680579226 7.4451318175161756 -0.58814604922856029 -7.3827173050282902 10.062436802009884 1.1982844937126969 -0.16548988136791831
leaf_weight=137 9963 13145 563 457 553 1351 34 20 3888 86 27 1029 64 183 27 370 23 245 194 83 408 214 251 1134 31 3028 21 60 8697 2902
leaf_count=137 9963 13145 563 457 553 1351 34 20 3888 86 27 1029 64 183 27 370 23 245 194 83 408 214 251 1134 31 3028 21 60 8697 2902
internal_value=-0.000180289 -0.000613771 -0.00123365 -0.00160117 -0.000869567 -0.000519761 -0.000377941 -0.000388011 -0.000444901 0.000143539 0.00293617 -0.000761308 1.20226e-05 -0.000366199 0.000685235 7.59479e-05 0.000101693 -0.000179106 -0.00197345 -0.00212737 -0.00282281 -0.00161848 -0.000358732 -0.000332273 0.000180256 -0.000417609 -0.00060807 -0.000270518 0.000375103 0.000300815
internal_weight=49188 27626 3638 2046 690 23988 10843 10809 9764 1045 47 1592 998 639 359 553 295 268 1356 1162 491 671 8413 8162 1165 6997 3049 3948 21562 12865
internal_count=49188 27626 3638 2046 690 23988 10843 10809 9764 1045 47 1592 998 639 359 553 295 268 1356 1162 491 671 8413 8162 1165 6997 3049 3948 21562 12865
cat_boundaries=0 1 2
cat_threshold=2 2
is_linear=0
shrinkage=0.06


Tree=37
num_leaves=31
num_cat=2
split_feature=1 1 0 3 0 3 3 1 3 2 3 3 3 3 3 2 3 2 3 3 2 3 2 2 3 3 3 3 2 3
split_gain=2.85722 0.421332 0.182487 0.130969 0.127212 0.125662 0.0937767 0.0914474 0.11023 0.102274 0.0907801 0.0821122 0.0922264 0.0953305 0.0780399 0.061214 0.0650106 0.0741128 0.0595538 0.0802498 0.108194 0.0585428 0.238111 0.156523 0.0803935 0.0641332 0.0721106 0.0442889 0.175791 0.083778
threshold=772.20001220703136 594.00000000000011 0 12.500000000000002 1 11.500000000000002 22.500000000000004 675.00000000000011 12.500000000000002 1.0000000180025095e-35 16.500000000000004 19.500000000000004 17.500000000000004 18.500000000000004 14.500000000000002 3.4000000059604649 19.500000000000004 1.0000000180025095e-35 21.500000000000004 20.500000000000004 1.0000000180025095e-35 14.500000000000002 3.4000000059604649 3.4000000059604649 13.500000000000002 17.500000000000004 18.500000000000004 18.500000000000004 3.4000000059604649 14.500000000000002
decision_type=2 2 1 2 1 2 2 2 2 2 2 2 2 2 2 2 2 2 2 2 2 2 2 2 2 2 2 2 2 2
left_child=1 2 3 5 -3 -1 7 8 -6 10 -9 12 14 -14 -5 16 17 -4 19 27 -21 22 -11 -23 -24 -25 -27 29 -29 -10
right_child=-2 4 15 11 6 -7 -8 9 18 21 -12 -13 13 -15 -16 -17 -18 -19 -20 20 -22 23 24 25 -26 26 -28 28 -30 -31
leaf_value=-3.7596293567025234 0.75815879873076142 -1.1369760965244138 -1.6381414829607845 -3.2809016331954672 -1.8766559975070389 -0.76722526243876921 1.0797642425942717 0.61714622427362209 -0.43562781232031739 -2.1117433071905176 -0.12133273682000723 -1.1767034247793686 -5.4641848409420977 -2.3654187757542648 -1.1286492581669858 0.04678588176717767 0.13533767802985722 -7.2968590372206386 -4.2039208655064542 0.10655075479744254 6.9984239084652105 2.6053625960898361 0.84940877289992833 1.5370882291428116 -0.65083717508495276 -10.870026972936266 -0.74930411651783735 -0.55285728627484354 -6.9397542667265908 9.4586905938892922
leaf_weight=137 21562 13145 1285 457 1351 553 34 20 3888 86 27 194 83 408 214 138 140 29 251 1134 31 64 183 27 370 23 245 3028 21 60
leaf_count=137 21562 13145 1285 457 1351 553 34 20 3888 86 27 194 83 408 214 138 140 29 251 1134 31 64 183 27 370 23 245 3028 21 60
internal_value=-0.000161992 -0.00056599 -0.00116768 -0.00154252 -0.000474739 -0.000869567 -0.000322606 -0.000332502 -0.000389596 0.000200956 0.00293617 -0.00188496 -0.00207573 -0.00270061 -0.00161848 -0.000685931 -0.000800552 -0.000931508 -0.000308809 -0.000280815 0.000180256 7.21429e-05 -0.000272302 0.000685235 0.000184447 0.000101693 -0.000179106 -0.000357583 -0.000529355 -0.000224925
internal_weight=49188 27626 3638 2046 23988 690 10843 10809 9764 1045 47 1356 1162 491 671 1592 1454 1314 8413 8162 1165 998 639 359 553 295 268 6997 3049 3948
internal_count=49188 27626 3638 2046 23988 690 10843 10809 9764 1045 47 1356 1162 491 671 1592 1454 1314 8413 8162 1165 998 639 359 553 295 268 6997 3049 3948
cat_boundaries=0 1 2
cat_threshold=2 2
is_linear=0
shrinkage=0.06


Tree=38
num_leaves=31
num_cat=4
split_feature=1 1 0 3 3 0 3 3 3 3 3 1 3 2 3 3 3 2 2 3 3 3 2 2 2 2 3 3 0 0
split_gain=2.63894 0.390914 0.186068 0.154361 0.139455 0.106343 0.0941068 0.0821122 0.0922264 0.0953305 0.0780399 0.0745299 0.11023 0.106612 0.0907801 0.0595538 0.0802498 0.108194 0.057453 0.0611973 0.0455981 0.139706 0.0616924 0.0600473 0.0525038 0.0519682 0.114626 0.107466 0.250001 0.050221
threshold=772.20001220703136 594.00000000000011 0 12.500000000000002 11.500000000000002 1 22.500000000000004 19.500000000000004 17.500000000000004 18.500000000000004 14.500000000000002 675.00000000000011 12.500000000000002 1.0000000180025095e-35 16.500000000000004 21.500000000000004 20.500000000000004 1.0000000180025095e-35 3.4000000059604649 13.500000000000002 19.500000000000004 14.500000000000002 1.0000000180025095e-35 1.0000000180025095e-35 3.4000000059604649 3.4000000059604649 12.500000000000002 12.500000000000002 2 3
decision_type=2 2 1 2 2 1 2 2 2 2 2 2 2 2 2 2 2 2 2 2 2 2 2 2 2 2 2 2 1 1
left_child=1 2 3 4 -1 -3 11 8 10 -10 -5 12 -7 14 -13 16 -14 -18 19 -4 21 23 -23 -2 29 27 -27 28 -25 -22
right_child=20 5 18 7 -6 6 -8 -9 9 -11 -12 13 15 -15 -16 -17 17 -19 -20 -21 24 22 -24 25 -26 26 -28 -29 -30 -31
leaf_value=-3.534051595300375 1.4531890328108872 -1.0687575307329469 -2.2892592835610777 -3.0840475352037422 -0.72119174669244557 -1.7640566376566198 1.0149783880386167 -1.1061012192926067 -5.1363337504855684 -2.2234936492090083 -1.0609303026769656 0.58011745081719945 -0.47953488155834045 0.015672594060633357 -0.11405277261080587 -3.9516856135760667 0.10015770950959449 6.5785184739573008 0.043978728861147828 -1.2740232927878818 0.93472795704695444 -2.1265490714137147 -0.14321891848261209 2.3947597283715183 0.89325403052441743 0.048114189216233151 1.2988962763666578 -0.69792368003081062 -1.4873692844737798 3.3135708238726358
leaf_weight=137 380 13145 486 457 553 1351 34 194 83 408 214 20 6997 998 27 251 1134 31 138 968 556 22 2880 204 7716 2414 5982 788 195 425
leaf_count=137 380 13145 486 457 553 1351 34 194 83 408 214 20 6997 998 27 251 1134 31 138 968 556 22 2880 204 7716 2414 5982 788 195 425
internal_value=-0.000166871 -0.000555131 -0.00113469 -0.0015132 -0.00078261 -0.000467235 -0.000328139 -0.00188496 -0.00207573 -0.00270061 -0.00161848 -0.000338053 -0.000389596 0.000143539 0.00293617 -0.000308809 -0.000280815 0.000180256 -0.000648243 -0.000759286 0.00033058 0.00025884 -0.000107513 0.000365551 0.000436701 0.000336219 0.000388755 -3.53847e-05 0.000766916 0.000850151
internal_weight=49188 27626 3638 2046 690 23988 10843 1356 1162 491 671 10809 9764 1045 47 8413 8162 1165 1592 1454 21562 12865 2902 9963 8697 9583 8396 1187 399 981
internal_count=49188 27626 3638 2046 690 23988 10843 1356 1162 491 671 10809 9764 1045 47 8413 8162 1165 1592 1454 21562 12865 2902 9963 8697 9583 8396 1187 399 981
cat_boundaries=0 1 2 3 4
cat_threshold=2 2 2 2
is_linear=0
shrinkage=0.06


Tree=39
num_leaves=31
num_cat=3
split_feature=1 1 0 3 3 1 3 2 3 3 3 3 3 3 3 0 3 2 3 2 0 3 2 3 2 2 3 3 3 2
split_gain=2.32615 0.318299 0.177158 0.206909 0.0997924 0.0990319 0.0953774 0.0941561 0.0821122 0.0922264 0.0953305 0.0780399 0.0725541 0.063082 0.0849338 0.0706792 0.0598625 0.121007 0.0544359 0.0528211 0.0464064 0.208437 0.0452056 0.0476491 0.0839971 0.0427048 0.0423204 0.119179 0.0676975 0.0616924
threshold=675.00000000000011 594.00000000000011 0 12.500000000000002 11.500000000000002 772.20001220703136 20.500000000000004 3.4000000059604649 19.500000000000004 17.500000000000004 18.500000000000004 14.500000000000002 18.500000000000004 15.500000000000002 19.500000000000004 1 13.500000000000002 1.0000000180025095e-35 11.500000000000002 1.0000000180025095e-35 2 19.500000000000004 3.4000000059604649 19.500000000000004 1.0000000180025095e-35 1.0000000180025095e-35 19.500000000000004 14.500000000000002 13.500000000000002 1.0000000180025095e-35
decision_type=2 2 1 2 2 2 2 2 2 2 2 2 2 2 2 1 2 2 2 2 1 2 2 2 2 2 2 2 2 2
left_child=1 2 3 4 -1 12 7 13 9 11 -11 -5 19 16 15 -15 25 -18 -4 -2 -9 -22 23 24 -20 -3 27 28 -7 -29
right_child=5 6 18 8 -6 26 -8 20 -10 10 -12 -13 -14 14 -16 -17 17 -19 22 -21 21 -23 -24 -25 -26 -27 -28 29 -30 -31
leaf_value=-3.3220084995823504 0.58854906280722175 -1.0721578358239161 -2.3000732332433405 -2.8990046830915208 -0.67792024189090172 0.50006936184875295 -0.61062625769257461 -3.9272214103016925 -1.0397351461350535 -4.8281537254564313 -2.0900840302564689 -0.99727448451634693 0.33194463986179013 -2.1994340196559801 -0.80052077998891258 -0.4874467192841257 -0.24862732224696626 -2.4516097036617808 -1.4466048508858202 -0.49462873059756279 2.2169886045471658 -6.494596917829492 0.041340005129479773 0.20365881491534082 -6.7704233061954371 6.7655966511145227 1.02730265433462 -1.9989561271288858 1.4256640065495301 -0.13462578337364908
leaf_weight=137 47 8920 116 457 553 8041 3183 34 194 83 408 214 693 1149 4545 1002 2584 58 1169 1623 31 21 138 140 29 98 8697 22 1922 2880
leaf_count=137 47 8920 116 457 553 8041 3183 34 194 83 408 214 693 1149 4545 1002 2584 58 1169 1623 31 21 138 140 29 98 8697 22 1922 2880
internal_value=-0.000164432 -0.000565967 -0.00108521 -0.00145455 -0.000608697 0.00025956 -0.000478614 -0.000530963 -0.00188496 -0.00207573 -0.00270061 -0.00161848 -0.000109185 -0.000521684 -0.00066846 -0.000979081 -0.000437394 -0.000186224 -0.000610554 -0.000323355 -0.00251163 -0.00138462 -0.000512197 -0.000618836 -0.000741237 -0.000510979 0.000299971 0.000230857 0.000329417 -0.000107513
internal_weight=49188 25263 3638 2046 690 23925 21625 18442 1356 1162 491 671 2363 18356 6696 2151 11660 2642 1592 1670 86 52 1476 1338 1198 9018 21562 12865 9963 2902
internal_count=49188 25263 3638 2046 690 23925 21625 18442 1356 1162 491 671 2363 18356 6696 2151 11660 2642 1592 1670 86 52 1476 1338 1198 9018 21562 12865 9963 2902
cat_boundaries=0 1 2 3
cat_threshold=2 2 2
is_linear=0
shrinkage=0.06


Tree=40
num_leaves=31
num_cat=2
split_feature=1 1 0 3 3 3 3 2 3 3 3 3 3 3 1 3 2 3 2 3 3 0 2 2 2 2 3 3 3 2
split_gain=2.06334 0.324477 0.153391 0.17921 0.116908 0.0997924 0.0832174 0.0982202 0.0735615 0.0725731 0.108314 0.0780399 0.0608232 0.0736923 0.0708848 0.0957595 0.0838728 0.104675 0.0695426 0.0544359 0.0512451 0.0535977 0.226364 0.127916 0.0796753 0.0508395 0.0468905 0.0603191 0.0560339 0.123043
threshold=675.00000000000011 594.00000000000011 0 12.500000000000002 19.500000000000004 11.500000000000002 20.500000000000004 3.4000000059604649 11.500000000000002 17.500000000000004 18.500000000000004 14.500000000000002 19.500000000000004 17.500000000000004 772.20001220703136 14.500000000000002 3.4000000059604649 13.500000000000002 1.0000000180025095e-35 11.500000000000002 13.500000000000002 1 1.0000000180025095e-35 3.4000000059604649 3.4000000059604649 3.4000000059604649 15.500000000000002 19.500000000000004 13.500000000000002 1.0000000180025095e-35
decision_type=2 2 1 2 2 2 2 2 2 2 2 2 2 2 2 2 2 2 2 2 2 1 2 2 2 2 2 2 2 2
left_child=1 2 3 5 9 -1 7 26 -2 11 -11 -5 13 14 15 16 18 -18 -10 -4 -16 24 -23 -24 -22 -14 28 -28 -3 -30
right_child=8 6 19 4 -6 -7 -8 -9 12 10 -12 -13 25 -15 20 -17 17 -19 -20 -21 21 22 23 -25 -26 -27 27 -29 29 -31
leaf_value=-3.1226879896074089 -1.6963205665701562 -1.0032308532578258 -2.1620688392487408 -2.7250644021060269 -0.97735103736695006 -0.63724502737744837 -0.57398868223101773 -2.491162621134674 0.27558179765425395 -4.5384645019290453 -1.9646789884410827 -0.93743801544536831 1.9797942990201145 -0.11410740656577899 0.47037366530551916 2.4737693456621361 0.49816578519691118 -0.54840236512456386 -3.1989292969223491 -1.074409580140244 -0.58599578292555177 4.338414962368911 -4.1894952801500951 0.30754120636598142 3.5139955441324471 0.77494298464271194 -1.1217882858246238 -0.75248953318957768 -0.23370968291214694 -2.3045131214420729
leaf_weight=137 81 9018 116 457 194 553 3183 86 34 83 408 214 1036 3573 8039 102 353 851 162 1476 216 93 82 691 885 7727 2151 4545 2584 58
leaf_count=137 81 9018 116 457 194 553 3183 86 34 83 408 214 1036 3573 8039 102 353 851 162 1476 216 93 82 691 885 7727 2151 4545 2584 58
internal_value=-0.000149794 -0.000527967 -0.00105223 -0.0013959 -0.00179646 -0.000608697 -0.00043977 -0.000488669 0.000249528 -0.0020241 -0.00257841 -0.00161848 0.00025566 0.000182612 0.000256516 -0.000127831 -0.000257144 -6.97689e-05 -0.00140816 -0.000610554 0.00031421 0.000588712 0.000235564 -0.000100907 0.000866484 0.000381375 -0.000479191 -0.000605736 -0.000406519 -0.000163514
internal_weight=49188 25263 3638 2046 1356 690 21625 18442 23925 1162 491 671 23844 15081 11508 1502 1400 1204 196 1592 10006 1967 866 773 1101 8763 18356 6696 11660 2642
internal_count=49188 25263 3638 2046 1356 690 21625 18442 23925 1162 491 671 23844 15081 11508 1502 1400 1204 196 1592 10006 1967 866 773 1101 8763 18356 6696 11660 2642
cat_boundaries=0 1 2
cat_threshold=2 2
is_linear=0
shrinkage=0.06


Tree=41
num_leaves=31
num_cat=3
split_feature=1 1 0 3 3 3 2 1 3 3 3 2 2 2 3 0 3 3 2 2 3 3 3 2 2 3 0 3 3 1
split_gain=1.75372 0.18416 0.0974969 0.118289 0.112123 0.086167 0.099488 0.0810712 0.0727103 0.0725541 0.0698259 0.068271 0.0810368 0.0528211 0.0473564 0.0464064 0.208437 0.0458969 0.0446252 0.153484 0.0433677 0.0688609 0.0619073 0.125097 0.0400115 0.0346306 0.0343417 0.0275249 0.204904 0.0267139
threshold=675.00000000000011 594.00000000000011 0 12.500000000000002 11.500000000000002 20.500000000000004 3.4000000059604649 772.20001220703136 19.500000000000004 18.500000000000004 19.500000000000004 3.4000000059604649 1.0000000180025095e-35 1.0000000180025095e-35 21.500000000000004 1 19.500000000000004 11.500000000000002 3.4000000059604649 1.0000000180025095e-35 15.500000000000002 19.500000000000004 13.500000000000002 1.0000000180025095e-35 1.0000000180025095e-35 20.500000000000004 2 17.500000000000004 15.500000000000002 1179.3599853515627
decision_type=2 2 1 2 2 2 2 2 2 2 2 2 2 2 2 1 2 2 2 2 2 2 2 2 2 2 1 2 2 2
left_child=1 2 3 4 -1 6 20 9 11 13 -5 12 17 -2 18 -8 -17 -4 19 -7 22 26 24 -24 -3 -9 -22 28 -19 -27
right_child=7 5 8 10 -6 14 15 25 -10 -11 -12 -13 -14 -15 -16 16 -18 27 -20 -21 21 -23 23 -25 -26 29 -28 -29 -30 -31
leaf_value=-2.9353267102309677 0.53670121117953173 -0.94763451447901381 -2.0323447088938176 -1.9045590461473492 -0.59901032573479818 -0.48959328480249686 -3.5421183684155078 0.48720549321384382 0.22534255770951403 0.31887440586403043 -0.91870997512493424 0.10591036188734733 -6.2997333330152969 -0.43204686485423094 -1.4726532131998198 2.2334390455424153 -5.9554513454916398 -1.3737993007083082 -8.0949479980236152 4.3836993098669383 -2.0001606813271406 -0.70734016119820575 -0.21968710193741797 -2.1662423341555512 6.4198547032431161 1.2336043715878167 -0.39089261897760025 -1.8587581946394742 1.7658642676028853 19.022784797531383
leaf_weight=137 47 8920 116 1162 553 2476 34 18207 142 693 194 136 29 1623 623 31 21 804 32 52 1149 4545 2584 58 98 3334 1002 329 36 21
leaf_count=137 47 8920 116 1162 553 2476 34 18207 142 693 194 136 29 1623 623 31 21 804 32 52 1149 4545 2584 58 98 3334 1002 329 36 21
internal_value=-0.000143695 -0.000492342 -0.000887302 -0.00116129 -0.000521741 -0.000425897 -0.000475655 0.00022445 -0.000535177 -0.000109185 -0.00148673 -0.00066207 -0.000794522 -0.000323355 -0.000137607 -0.00251163 -0.00138462 -0.000723737 -2.34389e-05 4.7454e-06 -0.000466116 -0.000587815 -0.000396228 -0.000140804 -0.000471059 0.000261013 -0.000867505 -0.00061078 -0.000428573 0.000438151
internal_weight=49188 25263 3638 2046 690 21625 18442 23925 1592 2363 1356 1450 1314 1670 3183 86 52 1285 2560 2528 18356 6696 11660 2642 9018 21562 2151 1169 840 3355
internal_count=49188 25263 3638 2046 690 21625 18442 23925 1592 2363 1356 1450 1314 1670 3183 86 52 1285 2560 2528 18356 6696 11660 2642 9018 21562 2151 1169 840 3355
cat_boundaries=0 1 2 3
cat_threshold=2 2 2
is_linear=0
shrinkage=0.06


end of trees

feature_importances:
hour=634
rain=295
platform=172
eta_pred_s=159

parameters:
[boosting: gbdt]
[objective: quantile]
[metric: quantile]
[tree_learner: serial]
[device_type: cpu]
[data_sample_strategy: bagging]
[data: ]
[valid: ]
[num_iterations: 400]
[learning_rate: 0.06]
[num_leaves: 31]
[num_threads: 4]
[seed: 0]
[deterministic: 0]
[force_col_wise: 0]
[force_row_wise: 0]
[histogram_pool_size: -1]
[max_depth: -1]
[min_data_in_leaf: 20]
[min_sum_hessian_in_leaf: 0.001]
[bagging_fraction: 1]
[pos_bagging_fraction: 1]
[neg_bagging_fraction: 1]
[bagging_freq: 0]
[bagging_seed: 7719]
[bagging_by_query: 0]
[feature_fraction: 1]
[feature_fraction_bynode: 1]
[feature_fraction_seed: 2437]
[extra_trees: 0]
[extra_seed: 11797]
[early_stopping_round: 0]
[early_stopping_min_delta: 0]
[first_metric_only: 0]
[max_delta_step: 0]
[lambda_l1: 0]
[lambda_l2: 0]
[linear_lambda: 0]
[min_gain_to_split: 0]
[drop_rate: 0.1]
[max_drop: 50]
[skip_drop: 0.5]
[xgboost_dart_mode: 0]
[uniform_drop: 0]
[drop_seed: 21238]
[top_rate: 0.2]
[other_rate: 0.1]
[min_data_per_group: 100]
[max_cat_threshold: 32]
[cat_l2: 10]
[cat_smooth: 10]
[max_cat_to_onehot: 4]
[top_k: 20]
[monotone_constraints: ]
[monotone_constraints_method: basic]
[monotone_penalty: 0]
[feature_contri: ]
[forcedsplits_filename: ]
[refit_decay_rate: 0.9]
[cegb_tradeoff: 1]
[cegb_penalty_split: 0]
[cegb_penalty_feature_lazy: ]
[cegb_penalty_feature_coupled: ]
[path_smooth: 0]
[interaction_constraints: ]
[verbosity: -1]
[saved_feature_importance_type: 0]
[use_quantized_grad: 0]
[num_grad_quant_bins: 4]
[quant_train_renew_leaf: 0]
[stochastic_rounding: 1]
[linear_tree: 0]
[max_bin: 255]
[max_bin_by_feature: ]
[min_data_in_bin: 3]
[bin_construct_sample_cnt: 200000]
[data_random_seed: 38]
[is_enable_sparse: 1]
[enable_bundle: 1]
[use_missing: 1]
[zero_as_missing: 0]
[feature_pre_filter: 1]
[pre_partition: 0]
[two_round: 0]
[header: 0]
[label_column: ]
[weight_column: ]
[group_column: ]
[ignore_column: ]
[categorical_feature: 0]
[forcedbins_filename: ]
[precise_float_parser: 0]
[parser_config_file: ]
[objective_seed: 8855]
[num_class: 1]
[is_unbalance: 0]
[scale_pos_weight: 1]
[sigmoid: 1]
[boost_from_average: 1]
[reg_sqrt: 0]
[alpha: 0.9]
[fair_c: 1]
[poisson_max_delta_step: 0.7]
[tweedie_variance_power: 1.5]
[lambdarank_truncation_level: 30]
[lambdarank_norm: 1]
[label_gain: ]
[lambdarank_position_bias_regularization: 0]
[eval_at: ]
[multi_error_top_k: 1]
[auc_mu_weights: ]
[num_machines: 1]
[local_listen_port: 12400]
[time_out: 120]
[machine_list_filename: ]
[machines: ]
[gpu_platform_id: -1]
[gpu_device_id: -1]
[gpu_device_id_list: ]
[gpu_use_dp: 0]
[num_gpu: 1]

end of parameters

pandas_categorical:null
