tree
version=v4
num_class=1
num_tree_per_iteration=1
label_index=0
max_feature_idx=21
objective=poisson
feature_names=sku cat fg slot dow is_weekend weather temp_c rain_mm_h holiday cricket exam payday price_ratio featured hidden lag_1d lag_7d roll_7d ratio_so_far h rating
feature_infos=-1:14:15:5:18:13:0:1:16:6:4:21:10:9:2:11:22:17:12:7:20:19:8:3 -1:0:3:1:2 -1:0:1 [32:87] [0:6] [0:1] -1:0:1:2:3:4 [19.399999618530273:33] [0:6] [0:1] none none [0:1] [0.8888888955116272:1.1111111640930176] none none [0:26] [0:18] [0:5.75] [0.40000000596046448:1.8427904844284058] [1:16] [4.306365966796875:4.4664254188537598]
tree_sizes=3359 3407 3366 3392 3417 3376 3366 3452 3372 3393 3401 3420 3359 3403 3383 3464 3412 3461 3409 3460 3449 3409 3418 3415 3471 3433 3394 3449 3472 3450 3426 3445 3477 3419 3441 3432 3426 3484 3441 3447 3437 3490 3444 3401 3438 3414 3441 3457 3464 3453 3463 3459 3476 3472 3489 3438 3447 3442 3434 3445 3453 3461 3438 3489 3451 3437 3455 3484 3444 3435 3442 3457 3476 3487 3434 3457 3483 3421 3476 3486 3444 3432 3483 3453 3446 3442 3446 3474 3475 3455 3471 3477 3454 3470 3428 3480 3425 3434 3440 3484 3448 3463 3474 3429 3519 3490 3461 3465 3460 3470 3436 3451 3452 3469 3462 3430 3457 3437 3494 3474

Tree=0
num_leaves=31
num_cat=7
split_feature=18 18 18 4 0 0 4 2 3 4 18 2 3 0 2 19 9 3 3 9 3 4 3 3 9 0 7 13 3 16
split_gain=8691.66 2533.24 1468.68 1043.09 1013.76 471.799 384.071 344.484 505.882 563.785 400.096 295.588 359.376 313.988 287.819 280.777 255.019 252.603 225.485 207.124 195.554 167.365 165.825 159.653 156.249 148.092 135.434 122.462 108.511 107.79
threshold=0.32780611515045172 1.4298469424247744 0.12882652878761294 5.5000000000000009 0 1 4.5000000000000009 2 43.500000000000007 4.5000000000000009 0.34056121110916143 3 80.500000000000014 4 5 1.196017920970917 1.0000000180025095e-35 49.500000000000007 62.500000000000007 1.0000000180025095e-35 73.500000000000014 4.5000000000000009 52.500000000000007 77.500000000000014 1.0000000180025095e-35 6 24.800000190734867 1.0334821343421938 44.500000000000007 3.9375000000000004
decision_type=2 2 2 2 1 1 2 1 2 2 2 1 2 1 1 2 2 2 2 2 2 2 2 2 2 1 2 2 2 2
left_child=2 4 11 5 7 19 -6 8 -2 10 22 12 13 17 24 29 -11 -1 -17 -3 -19 -21 -10 25 -8 -12 -26 -18 -15 -5
right_child=1 3 -4 15 6 -7 14 -9 9 16 23 -13 -14 28 -16 18 27 20 -20 21 -22 -23 -24 -25 26 -27 -28 -29 -30 -31
leaf_value=-0.88488644989509646 -0.89165721758755523 -0.83919048317209977 -0.90458678334783016 -0.80048802491163129 -0.89962035389921513 -0.87002848670907262 -0.88549335715902888 -0.88972038735951753 -0.82605880396145193 -0.85519942302692842 -0.84796012762701545 -0.92585438970610923 -0.92679721495284961 -0.91437732465667698 -0.90750688528727519 -0.71835875392818327 -0.79146112345014852 -0.59570830230133476 -0.53651612430589679 -0.80881572327856144 -0.81543234027255229 -0.72173383530631718 -0.64153557562260133 -0.89738270946921972 -0.9158564581057399 -0.87286754942734746 -0.85243396067590316 -0.84171609135390713 -0.89747630063380535 -0.71786358167298692
leaf_weight=46.473533034324646 1999.1772456169128 756.62173080444336 15591.462670445442 128.00604712963104 11514.021640539169 1121.072068810463 858.53737342357635 3029.7482237815857 22.829103946685791 529.14601647853851 770.48225820064545 24958.733214855194 3158.5695960521698 2004.0691964626312 651.44478762149811 56.257434725761414 392.98671793937683 18.752478241920471 24.459754228591919 384.83346652984619 22.013778805732727 64.410686135292053 26.090404510498047 525.06939077377319 91.316415786743164 3496.1142044067383 1076.2291860580444 175.29490530490875 1805.1298620700836 57.072759866714478
leaf_count=57 2452 928 19123 157 14122 1375 1053 3716 28 649 945 30612 3874 2458 799 69 482 23 30 472 27 79 32 644 112 4288 1320 215 2214 70
internal_value=-0.904206 -0.881965 -0.917171 -0.834908 -0.886815 -0.845626 -0.89566 -0.875404 -0.869902 -0.862578 -0.869914 -0.9233 -0.914263 -0.904103 -0.878597 -0.741071 -0.830221 -0.815379 -0.663255 -0.823889 -0.714359 -0.79633 -0.727646 -0.871366 -0.869301 -0.868165 -0.857394 -0.806963 -0.906362 -0.775009
internal_weight=75356.4 27751.2 47605.2 2592.73 25158.5 2326.94 14191.5 10966.9 7937.19 5938.01 4840.59 32013.7 7055.01 3896.44 2677.53 265.796 1097.43 87.2398 80.7172 1205.87 40.7663 449.244 48.9195 4791.67 2026.08 4266.6 1167.55 568.282 3809.2 185.079
internal_count=92425 34037 58388 3180 30857 2854 17406 13451 9735 7283 5937 39265 8653 4779 3284 326 1346 107 99 1479 50 551 60 5877 2485 5233 1432 697 4672 227
cat_boundaries=0 1 2 3 4 5 6 7
cat_threshold=360479 262160 1 1 32784 1 262160
is_linear=0
shrinkage=1


Tree=1
num_leaves=31
num_cat=5
split_feature=17 0 16 4 17 21 4 17 0 0 21 17 3 3 21 21 3 21 4 21 19 0 9 3 7 0 7 4 3 3
split_gain=6813.48 1845.3 1785.52 935.389 683.931 503.581 436.743 399.031 369.495 309.873 309.128 285.452 283.119 476.02 230.725 431.793 154.876 141.656 134.173 272.108 398.88 183.97 195.641 138.91 138.194 128.806 128.628 128.144 125.452 104.467
threshold=0.5000000149011613 0 0.31250000000000006 4.5000000000000009 2.0714285373687749 4.3348309993743905 5.5000000000000009 1.0000000180025095e-35 1 2 4.3403015136718759 1.214285731315613 44.500000000000007 56.500000000000007 4.4178998470306405 4.4233577251434335 83.500000000000014 4.3981404304504403 2.5000000000000004 4.4192326068878183 0.99841430783271801 3 1.0000000180025095e-35 60.500000000000007 29.60000038146973 4 30.10000038146973 4.5000000000000009 47.500000000000007 47.500000000000007
decision_type=2 1 2 2 2 2 2 2 1 1 2 2 2 2 2 2 2 2 2 2 2 1 2 2 2 1 2 2 2 2
left_child=2 4 7 9 18 -6 14 12 -4 26 -5 -12 -1 28 27 -16 17 -15 25 21 24 22 -20 -22 -21 -2 -3 -7 -14 -8
right_child=1 3 8 10 5 6 29 -9 -10 -11 11 -13 13 16 15 -17 -18 -19 19 20 23 -23 -24 -25 -26 -27 -28 -29 -30 -31
leaf_value=-0.020087525275878215 0.042905791185761072 0.011022017732063268 0.028512559244531249 0.013249158030550498 0.043444407093769295 0.048661320900533871 0.10848046174328674 -0.00042637660076390218 0.0056821154462601917 0.0029983312608429314 0.037642054532542046 0.073441910478495645 -0.0076948887447181192 -0.010093216231639328 0.3016124073762998 0.099590936374620673 -0.023276995970973564 -0.020264764157057111 0.043958594171023067 0.27958341661281344 0.045434255264333645 0.018438243271407959 0.090916630884882471 0.19199311760371787 0.11393490662739705 0.010316932767585978 0.027618780916415921 0.1152839453455526 0.0085365556834564229 0.21238943409880068
leaf_weight=13444.434341967106 1277.3436233401299 2100.3432845473289 2366.1522045135498 740.57688653469086 335.41479766368866 210.23101043701172 30.005312442779541 6103.7857487797737 7041.4114240407944 5872.588473200798 1599.1338208913803 854.2688080072403 1888.0174362659454 14739.365556359291 34.615678071975708 112.12005543708801 3994.1556284427643 4458.3196225166321 655.6389519572258 36.956410706043243 120.26155185699463 424.46672767400742 335.21707028150558 18.678883254528046 19.097148180007935 426.6985290646553 2628.3153034448624 109.91112089157104 3221.8599520921707 124.77937144041061
leaf_count=16745 1501 2537 2819 889 389 244 33 7485 8569 7179 1911 996 2330 18242 37 127 5002 5566 774 43 143 503 380 21 22 511 3156 123 3947 130
internal_value=-5.22548e-06 0.0267658 -0.00845237 0.0178284 0.0554588 0.0928206 0.119461 -0.0123674 0.0114607 0.0106949 0.0415613 0.0501075 -0.0141133 -0.0112753 0.0953306 0.147249 -0.0143191 -0.0124554 0.0448373 0.055186 0.11056 0.0475571 0.0592471 0.0651373 0.223148 0.0350578 0.0202042 0.0715342 0.0025393 0.192246
internal_weight=75324.2 18066.7 57257.5 13795.2 4271.44 957.077 621.663 47849.9 9407.56 10601.2 3193.98 2453.4 41746.2 28301.7 466.878 146.736 23191.8 19197.7 3314.36 1610.32 194.994 1415.32 990.856 138.94 56.0536 1704.04 4728.66 320.142 5109.88 154.785
internal_count=92354 21649 70705 16668 4981 1083 694 59317 11388 12872 3796 2907 51832 35087 531 164 28810 23808 3898 1886 229 1657 1154 164 65 2012 5693 367 6277 163
cat_boundaries=0 1 2 3 4 5
cat_threshold=294928 327701 589967 262160 262160
is_linear=0
shrinkage=0.05


Tree=2
num_leaves=31
num_cat=7
split_feature=18 18 18 0 17 0 4 0 17 9 4 21 17 2 2 4 3 21 4 17 2 3 17 21 3 21 0 4 3 3
split_gain=7946.6 2005.87 1425.57 815.932 674.287 544.552 466.805 323.74 303.603 289.019 270.483 260.818 407.669 251.469 238.797 226.953 169.67 159.091 147.285 147.066 126.785 203.758 124.832 132.267 114.692 120.313 97.4188 89.6816 154.863 88.3291
threshold=0.32780611515045172 1.0803571343421938 0.12882652878761294 0 0.35714286565780645 1 4.5000000000000009 2 1.0714285969734194 1.0000000180025095e-35 4.5000000000000009 4.3857433795928964 2.0714285373687749 3 4 4.5000000000000009 52.500000000000007 4.4185781478881845 2.5000000000000004 3.0714285373687749 5 81.500000000000014 0.92857143282890331 4.3403015136718759 39.500000000000007 4.3403015136718759 6 3.5000000000000004 51.500000000000007 55.500000000000007
decision_type=2 2 2 1 2 1 2 1 2 2 2 2 2 1 1 2 2 2 2 2 1 2 2 2 2 2 1 2 2 2
left_child=2 5 4 6 20 8 -3 16 -2 -8 -7 -10 18 19 24 -5 -6 -14 -13 -11 21 -1 -17 -24 -12 -26 -4 28 -20 -27
right_child=1 3 26 15 7 10 9 -9 11 13 14 12 17 -15 -16 22 -18 -19 27 -21 -22 -23 23 -25 25 29 -28 -29 -30 -31
leaf_value=-0.0056971872699696554 0.018817735192929008 0.057760029651895417 0.0050947971652197301 0.024972253789849221 0.015006007918144135 0.0039625526982336326 0.059593331553472545 0.011455976099237616 0.021811396746175014 0.12760308800118114 -0.012309959861651024 0.019536616387998942 0.10187623034696228 0.025417873271612684 -0.0046297411099399987 0.023014232880347187 0.16724671234894534 0.21246281490473692 0.043320278697164788 0.20036007097188238 -0.022066348556293601 -0.024018215791645318 0.02825560968962439 0.082210687107587915 0.013870097374348203 0.055744327202781135 -0.0032785386044193268 0.054500769838393963 0.2005890002216936 0.029447694423945577
leaf_weight=3350.3940694332123 7517.1259354948997 1834.9835842251778 5221.5187067985535 2931.6374904513359 26.358548939228058 10945.818004965782 175.3085150718689 946.26462131738663 831.89213639497757 183.68803775310516 143.77794486284256 329.0817037820816 127.85554271936417 42.788506090641022 636.15359097719193 218.42048358917236 59.872140765190125 43.617131888866425 32.281947374343872 111.68379616737366 23688.731726825237 2774.1836984157562 156.35338664054871 415.26550680398941 521.97242605686188 627.37677508592606 10328.319258451462 340.9805623292923 30.387954413890839 650.36804866790771
leaf_count=4174 8863 2022 6388 3456 31 13336 192 1146 958 174 175 383 131 45 775 247 54 39 36 95 30153 3553 181 443 622 708 12698 378 29 746
internal_value=3.12703e-06 0.0206093 -0.0128098 0.0461495 -0.0190327 0.0138033 0.0692571 0.0206915 0.0231452 0.111693 0.00738967 0.0420161 0.0606049 0.138703 0.0219601 0.0312979 0.108167 0.130006 0.0443638 0.155113 -0.0204084 -0.0139959 0.0551667 0.0674525 0.0306635 0.0340967 -0.000465667 0.0646045 0.119578 0.0423594
internal_weight=75244.5 28848.8 46395.6 6070.13 30845.8 22778.7 2348.45 1032.5 9253.22 513.469 13525.5 1736.1 904.205 338.16 2579.65 3721.68 86.2307 171.473 732.732 295.372 29813.3 6124.58 790.039 571.619 1943.5 1799.72 15549.8 403.65 62.6699 1277.74
internal_count=92231 34034 58197 6855 39111 27179 2528 1231 10817 506 16362 1954 996 314 3026 4327 85 170 826 269 37880 7727 871 624 2251 2076 19086 443 65 1454
cat_boundaries=0 1 2 3 4 5 6 7
cat_threshold=262160 360479 32768 1 1 1 852383
is_linear=0
shrinkage=0.05


Tree=3
num_leaves=31
num_cat=7
split_feature=17 2 0 3 0 4 16 3 4 17 3 9 0 3 3 3 9 8 19 4 3 21 3 2 2 2 3 17 13 3
split_gain=5918.63 1943.73 1361.06 1011.03 716.524 683.883 492.538 451.764 449.84 357.995 352.787 264.759 248.322 225.316 308.65 254.716 193.714 231.865 303.702 160.532 160.36 155.625 125.577 163.99 121.022 112.992 118.889 106.281 104.104 313.241
threshold=0.5000000149011613 0 1 80.500000000000014 2 4.5000000000000009 1.0000000180025095e-35 42.500000000000007 4.5000000000000009 1.5000000000000002 44.500000000000007 1.0000000180025095e-35 3 44.500000000000007 56.500000000000007 74.500000000000014 1.0000000180025095e-35 3.4000000059604649 1.0048494935035708 4.5000000000000009 84.500000000000014 4.3403015136718759 45.500000000000007 4 5 6 45.500000000000007 0.92857143282890331 0.92508417367935192 75.500000000000014
decision_type=2 1 1 2 1 2 2 2 2 2 2 2 1 2 2 2 2 2 2 2 2 2 2 1 1 1 2 2 2 2
left_child=1 3 5 4 7 12 13 -1 -4 24 -6 -11 22 -3 -15 -16 -9 -18 -19 -12 -17 -10 -2 -24 -7 26 -13 -23 29 -29
right_child=2 6 8 -5 10 9 -8 16 21 11 19 25 -14 14 15 20 17 18 -20 -21 -22 27 23 -25 -26 -27 -28 28 -30 -31
leaf_value=0.0022012407486920234 0.018767909106521444 -0.024773588826575006 0.0042440320538617111 -0.022027200438775457 -0.0098044809177770097 0.049930536031543307 0.0032455426434672262 0.021132731886138647 0.005984920063881404 0.051326963145131348 0.0039284408586680881 0.054395783594055808 0.023446479138402459 -0.0037474960345494149 -0.022931360224997935 -0.0034733212184635599 0.041263935741836302 0.033781685089360719 0.2987002973253452 0.0220114767971888 -0.023020631571110006 0.018901510178744807 0.057186423235346555 0.02414554391746614 0.010525376591100389 0.023495156292403892 0.11376838076751686 0.048903141532528942 0.040368203972944203 0.24791823084766113
leaf_weight=1875.658559858799 424.33943009376526 8980.4637575745583 7059.7426195144653 3568.796315073967 4951.8180342912674 815.94652581214905 2952.8251591920853 1879.8138874173164 527.35452228784561 470.08630400896072 8684.6286165714264 99.084824204444885 4993.5125607252121 4522.8652607798576 10696.004223167896 3530.6329618692398 1754.3408120274544 23.033238589763641 20.399990499019623 1429.3112612366676 1492.8397524952888 555.67274528741837 1470.4503784179688 504.34091621637344 255.97770547866821 45.525635600090027 565.6661736369133 98.328541398048401 1072.1275120377541 24.74816483259201
leaf_count=2265 478 11739 8532 4620 6163 874 3542 2184 623 498 10619 100 5664 5599 13842 4427 1999 27 23 1702 1950 635 1532 559 290 48 488 107 1166 27
internal_value=-3.24392e-05 -0.00816509 0.0241148 0.00254404 0.0067969 0.0372787 -0.0162156 0.0221304 0.010467 0.0614386 0.00112952 0.080435 0.0299685 -0.0181821 -0.0152577 -0.0185695 0.032355 0.0440893 0.15821 0.00648395 -0.00928225 0.0297964 0.0432651 0.0487481 0.0405205 0.0996997 0.104919 0.0369683 0.0453679 0.0889209
internal_weight=75346.3 56363.4 18982.9 24187.8 20619 9644.93 32175.6 5553.25 9337.97 2252.29 15065.8 1180.36 7392.64 29222.8 20242.3 15719.5 3677.59 1797.77 43.4332 10113.9 5023.47 2278.23 2399.13 1974.79 1071.92 710.277 664.751 1750.88 1195.2 123.077
internal_count=92322 70701 21621 29602 24982 10531 41099 6498 11090 2298 18484 1134 8233 37557 25818 20219 4233 2049 50 12321 6377 2558 2569 2091 1164 636 588 1935 1300 134
cat_boundaries=0 1 2 3 4 5 6 7
cat_threshold=1 360471 360479 32784 1 1 1
is_linear=0
shrinkage=0.05


Tree=4
num_leaves=31
num_cat=5
split_feature=18 18 17 0 0 18 4 17 4 2 17 3 4 21 17 18 21 4 2 3 3 3 21 3 18 3 9 3 18 0
split_gain=7188.06 2094.31 591.487 564.853 558.2 460.767 365.245 274.302 249.456 260.841 216.281 192.332 184.469 217.005 168.989 143.243 138.397 134.218 129.639 195.078 120.279 102.814 104.093 96.6797 87.4956 84.1393 81.2692 79.9205 77.8967 75.981
threshold=0.16624149680137637 1.0803571343421938 0.35714286565780645 0 1 0.1033163294196129 5.5000000000000009 1.0714285969734194 4.5000000000000009 2 1.0714285969734194 41.500000000000007 2.5000000000000004 4.3857433795928964 2.7857142686843877 0.46811223030090338 4.3403015136718759 4.5000000000000009 3 81.500000000000014 46.500000000000007 66.500000000000014 4.3475100994110116 55.500000000000007 2.5357142686843877 54.500000000000007 1.0000000180025095e-35 55.500000000000007 0.66624149680137645 4
decision_type=2 2 2 1 1 2 2 2 2 1 2 2 2 2 2 2 2 2 1 2 2 2 2 2 2 2 2 2 2 1
left_child=2 4 5 6 7 18 24 15 20 11 -4 -10 -9 -14 -15 -2 -13 29 19 -1 -6 -8 -23 -19 -3 -22 -17 -18 -16 -5
right_child=1 3 10 17 8 -7 21 12 9 -11 -12 16 13 14 28 26 27 23 -20 -21 25 22 -24 -25 -26 -27 -28 -29 -30 -31
leaf_value=-0.0054197470864409047 0.0077283450031198674 0.046631227204516186 0.0052655255039531388 0.027707936355360143 -0.0068278544911885373 -0.0047762471584546981 0.093207019733607094 0.015123719985407175 -0.0062366358935432133 -0.0055914956465888434 0.06454518880217168 0.0096249595880470717 0.023446834459799521 0.055886778377894519 0.073858474884395259 0.015334853044110006 0.047884981949096572 0.056567142484247115 -0.022011419386145897 -0.023733377256737801 0.0094774005891775353 0.10845981165152191 0.23437833602845909 0.021187077995088014 0.070967864033136721 0.0010847173995960457 0.027703257043104557 0.026734360868142445 0.17555840812748244 0.0092321110436464002
leaf_weight=3227.79777354002 4263.2121632099152 1930.437308549881 1849.1572304964066 2246.4637780189514 3221.9697250723839 5762.2249502539635 267.29068958759308 768.40315592288971 462.54889196157455 1055.2158889770508 167.83319288492203 679.16199415922165 591.38994735479355 649.80885595083237 31.918858408927917 3657.4934586286545 801.08097040653229 600.14933669567108 22499.451722443104 2646.2567551136017 4525.3595830798149 38.262699961662292 28.741441488265991 284.68146419525146 456.69427317380905 8780.9736813306808 2085.3748252391815 1009.4325032830238 45.911007583141327 784.10452079772949
leaf_count=4049 5029 1930 2206 2480 3965 7157 206 855 561 1289 166 798 634 636 23 4155 848 588 29911 3549 5471 32 16 287 437 10692 2336 1120 36 922
internal_value=-2.5106e-05 0.0147864 -0.0161121 0.0403902 0.00957851 -0.0176667 0.0579291 0.0180962 0.00455143 0.0157453 0.0101982 0.0233717 0.0345978 0.0459425 0.0642259 0.0146717 0.0288725 0.0279802 -0.0202845 -0.01367 0.00184014 0.10709 0.162473 0.0451841 0.0512872 0.00393899 0.0198261 0.0360927 0.13385 0.0230495
internal_weight=75418.8 39266.1 36152.7 6636.83 32629.3 34135.7 2721.43 12093.5 20535.7 4007.44 2016.99 2952.22 2087.43 1319.03 727.639 10006.1 2489.68 3915.4 28373.5 5874.05 16528.3 334.295 67.0041 884.831 2387.13 13306.3 5742.87 1810.51 77.8299 3030.57
internal_count=92384 45346 47038 6898 38448 44666 2621 13704 24744 4616 2372 3327 2184 1329 695 11520 2766 4277 37509 7598 20128 254 48 875 2367 16163 6491 1968 59 3402
cat_boundaries=0 1 2 3 4 5
cat_threshold=262168 360479 1 1 98439
is_linear=0
shrinkage=0.05


Tree=5
num_leaves=31
num_cat=7
split_feature=18 18 17 0 0 18 17 4 4 0 2 21 4 3 18 21 2 4 3 2 3 4 21 3 3 3 18 16 2 3
split_gain=6864.04 1919.21 564.909 510.189 497.855 464.311 282.947 259.369 232.498 207.036 200.942 179.653 172.703 165.022 155.247 153.705 143.207 134.107 253.412 133.015 204.359 120.282 114.197 103.466 87.5224 85.3589 83.3982 79.7878 76.1842 79.0744
threshold=0.16624149680137637 1.0803571343421938 0.35714286565780645 0 1 0.1033163294196129 1.0714285969734194 5.5000000000000009 4.5000000000000009 2 3 4.3394474983215341 2.5000000000000004 37.500000000000007 0.46811223030090338 4.4149835109710702 4 3.5000000000000004 51.500000000000007 5 81.500000000000014 4.5000000000000009 4.3403015136718759 46.500000000000007 55.500000000000007 54.500000000000007 1.9974489808082583 0.93750000000000011 6 45.500000000000007
decision_type=2 2 2 1 1 2 2 2 2 1 1 2 2 2 2 2 1 2 2 1 2 2 2 2 2 2 2 2 1 2
left_child=2 3 5 6 7 19 14 26 23 15 13 -8 -13 -10 -2 -4 17 18 -14 20 -1 -6 -15 -5 -23 -25 -3 -20 29 -9
right_child=1 4 9 8 21 -7 11 28 10 -11 -12 12 16 22 -16 -17 -18 -19 27 -21 -22 24 -24 25 -26 -27 -28 -29 -30 -31
leaf_value=-0.0048818486653564187 0.0069027988558413387 0.041291789623946362 -0.014205488250519871 -0.0070824862041334374 0.021937100468630701 -0.0044934077549071347 0.010721331411070732 0.034903414390456404 -0.020038975587203658 0.0051278133042066409 -0.0044291115518954724 0.018146464718277466 0.023542868826307271 0.0080190277428537921 0.018718061102975591 0.10448722494400331 0.0098872146341990735 0.052291661938258516 0.11218747141212471 -0.021922049527007353 -0.023839637004275799 0.052998259684489936 0.031347394093778735 0.0090573225499803334 0.019360322766861709 0.00036099275540649688 0.059936253960751952 0.20666044640022455 0.021845679174567149 0.10890721905941481
leaf_weight=3170.8367940783501 5005.9775439500809 1567.5793548822403 37.651391208171844 2958.2832915186882 3102.6571733951569 5704.2099221348763 658.21680277585983 41.016074061393738 219.19344782829285 1902.6795945763588 990.18862420320511 527.04166197776794 58.918219745159149 716.93222910165787 6252.9671179652214 98.981962323188782 164.18715339899063 787.07559847831726 47.074541449546814 22031.389701902866 2576.7246363162994 627.66996622085571 1955.4384637475014 4268.650460422039 279.4776006937027 8324.6467123031616 971.5035188794136 42.550487399101257 34.27963399887085 300.96499180793762
leaf_count=3999 5887 1510 43 3667 3404 7119 722 34 276 2248 1216 579 58 837 6963 78 170 731 34 29940 3539 583 2066 5116 276 10132 882 28 32 191
internal_value=5.57315e-05 0.0142873 -0.0159307 0.00926232 0.0382163 -0.0174868 0.0167081 0.0539814 0.0040623 0.00961861 0.015011 0.0327621 0.0416797 0.0216681 0.0134647 0.0668845 0.0529572 0.0605153 0.104089 -0.0201549 -0.0133809 0.0265534 0.025089 0.00133206 0.042635 0.00330872 0.0484255 0.15704 0.0929083 0.100031
internal_weight=75425 39902.5 35522.5 32977.3 6925.15 33483.2 13544 2915.34 19433.3 2039.31 3881.75 2285.06 1626.85 2891.56 11258.9 136.633 1099.81 935.619 148.543 27779 5747.56 4009.8 2672.37 15551.6 907.148 12593.3 2539.08 89.625 376.261 341.981
internal_count=92360 45394 46966 38482 6912 44597 15172 2649 23310 2369 4395 2322 1600 3179 12850 121 1021 851 120 37478 7538 4263 2903 18915 859 15248 2392 62 257 225
cat_boundaries=0 1 2 3 4 5 6 7
cat_threshold=360607 262168 32768 1 1 1 1
is_linear=0
shrinkage=0.05


Tree=6
num_leaves=31
num_cat=10
split_feature=18 18 0 2 7 0 9 18 4 2 7 4 2 2 0 4 7 4 8 4 13 9 4 0 13 18 0 21 18 6
split_gain=6486.76 1641.86 536.855 533.033 425.456 364.144 283.375 223.121 209.758 198.557 257.124 190.971 186.55 175.513 153.773 139.243 104.5 87.9969 106.581 114.877 107.466 83.3308 80.507 74.907 62.2234 59.81 59.5177 108.238 58.3302 57.7946
threshold=0.16624149680137637 0.9961734712123872 0 1 27.400000572204593 2 1.0000000180025095e-35 0.057397959753870971 4.5000000000000009 3 30.10000038146973 4.5000000000000009 4 5 6 4.5000000000000009 27.400000572204593 4.5000000000000009 3.4000000059604649 1.0000000180025095e-35 0.96922349929809581 1.0000000180025095e-35 4.5000000000000009 7 0.97547847032547008 1.5522959828376772 8 4.4178998470306405 0.45535713434219366 9
decision_type=2 2 1 1 2 1 2 2 2 1 2 2 1 1 1 2 2 2 2 2 2 2 2 1 2 2 1 2 2 1
left_child=3 5 6 4 -1 9 24 -5 25 10 23 -7 -10 16 22 -12 -13 18 -4 -20 -21 -18 -6 29 -3 -8 27 -16 -11 -2
right_child=1 2 17 7 14 11 8 -9 12 28 15 13 -14 -15 26 -17 21 -19 19 20 -22 -23 -24 -25 -26 -27 -28 -29 -30 -31
leaf_value=-0.015274371665700892 0.025746514370723186 0.037557453554646986 0.013925882746526855 -0.02160074770514625 -0.0040768649985627936 0.00066096170271395544 0.034715056426668271 -0.0077416808478974865 0.087685712054481418 0.00071306582124583287 0.024651305010466959 0.0031155244218836042 0.01029744319843647 -0.0050765754224975854 0.0057976297141216007 0.050951921687488903 0.013776992150092864 0.03219855556092082 0.018380647559117565 0.1881599617409726 0.053448953186418874 0.034632716536712189 0.018271467287711209 0.0069633806770157975 0.020594096352480794 0.055775521916108184 0.016108665495125876 0.10597100573552687 0.01227041128348926 0.0095394715064867838
leaf_weight=5583.5264894366264 1318.6654857993126 2016.4548256397247 3380.1960991024971 21557.884203672409 2638.2490509748459 13970.060109436512 651.61545085906982 3356.2379383444786 662.13407176733017 2558.4978887438774 2757.6480920910835 669.17662984132767 88.251935660839081 928.98741137981415 50.609113454818726 615.58814126253128 818.52016353607178 1046.8574688434601 77.528506636619568 25.588148653507233 35.131101489067078 1154.5192098021507 475.62996739149094 3237.5526887774467 738.60671561956406 698.46967923641205 1225.9758260846138 57.721592903137207 1904.3292753100395 1009.7725034356117
leaf_count=7400 1409 1902 3730 29882 3296 16988 662 4207 445 3007 3013 779 87 1147 59 592 899 994 84 23 39 1172 567 3684 754 632 1495 37 2115 1117
internal_value=-4.43713e-05 0.0136095 0.0318855 -0.0158153 -0.00608371 0.00804536 0.0434671 -0.0197338 0.0573904 0.0142474 0.0185582 0.00329682 0.0785842 0.0136172 0.00545274 0.029451 0.0201898 0.0194297 0.0156858 0.0587164 0.110219 0.0259807 -0.000661142 0.0119566 0.0330097 0.0456107 0.019579 0.0541721 0.00564469 0.0187889
internal_weight=75310 40364.2 9420.83 34945.8 10031.7 30943.3 4855.53 24914.1 2100.47 13402.1 8939.23 17541.3 750.386 3571.2 4448.19 3373.24 2642.22 4565.3 3518.44 138.248 60.7193 1973.04 3113.88 5565.99 2755.06 1350.09 1334.31 108.331 4462.83 2328.44
internal_count=92217 45274 9352 46943 12854 35922 4482 34089 1826 14937 9815 20985 532 3997 5454 3605 2850 4870 3876 146 62 2071 3863 6210 2656 1294 1591 96 5122 2526
cat_boundaries=0 1 2 3 4 5 6 7 8 9 10
cat_threshold=262173 1 884895 1 1 1 7765536 360464 32768 14
is_linear=0
shrinkage=0.05


Tree=7
num_leaves=31
num_cat=4
split_feature=18 18 17 18 0 0 17 4 0 9 0 18 4 21 17 17 21 3 17 17 21 9 9 4 3 3 21 8 18 7
split_gain=6165.13 1561.48 550.698 476.66 442.625 409.954 216.993 207.04 167.018 153.215 150.342 148.518 142.67 137.586 169.319 136.546 124.255 91.3995 81.2085 80.378 79.8249 79.5654 79.3365 67.5153 62.9006 57.5146 48.7395 47.4712 50.3382 46.8486
threshold=0.16624149680137637 1.0803571343421938 0.35714286565780645 0.1033163294196129 0 1 1.0714285969734194 4.5000000000000009 2 1.0000000180025095e-35 3 0.47066326439380651 4.5000000000000009 4.3837292194366464 2.0714285373687749 0.78571429848670971 4.4192326068878183 46.500000000000007 3.0714285373687749 1.0000000180025095e-35 4.3403015136718759 1.0000000180025095e-35 1.0000000180025095e-35 2.5000000000000004 54.500000000000007 36.500000000000007 4.4185781478881845 3.4000000059604649 1.4272959828376772 28.69999980926514
decision_type=2 2 2 2 1 1 2 2 1 2 1 2 2 2 2 2 2 2 2 2 2 2 2 2 2 2 2 2 2 2
left_child=2 4 3 19 6 9 11 17 12 -3 16 29 -7 -8 23 25 -4 -6 -11 -1 -17 -13 -14 -15 -19 -9 -16 -10 -29 -2
right_child=1 5 10 -5 7 8 13 15 27 18 -12 21 22 14 26 20 -18 24 -20 -21 -22 -23 -24 -25 -26 -27 -28 28 -30 -31
leaf_value=-0.020693437470906299 0.0018627052833049247 0.041281579724426143 -0.0013233098577683892 -0.0040951077993929821 -0.0076222891529927521 0.027868327738148624 0.01567914796740863 -0.022398768776095423 0.013459788659086432 0.060902095544540125 0.0055048485768025984 0.013105987916910517 0.030225052950298884 0.015198326486566195 0.063185329944707408 0.0060231422458257716 0.09395662754290493 0.0074719447128388742 0.096418369371237433 -0.0081580845998739989 0.032456623480482928 0.024400946006257793 0.062952628079128173 0.040758064647601719 -0.00019199224131119269 0.0082520242220078168 0.11375514132412248 0.0029513317281154618 0.082428148132798029 0.010868293270854423
leaf_weight=25387.907732784748 2984.0434800386429 1044.4579874277115 53.178013920783997 5664.5658763647079 2786.6605105400085 2698.4154714941978 1162.7214274406433 164.57545346021652 1926.1379543542862 641.53886598348618 1890.4442576169968 4389.0573148131371 282.44832611083984 433.45100700855255 197.69448447227478 387.32796156406403 95.970992147922516 4077.2466259002686 214.84955191612244 1346.6352792978287 1087.5278561711311 2418.2305347323418 537.69630837440491 639.60524141788483 7797.1292104125023 2185.5254575014114 62.777625441551208 32.396711945533752 51.744674444198608 2798.5107212662697
leaf_count=35728 3492 901 58 7143 3477 2653 1209 212 1994 506 2233 4774 258 462 146 444 62 4837 121 1779 1052 2549 382 568 9480 2493 34 34 44 3223
internal_value=-8.79037e-05 0.0130118 -0.015684 -0.0172704 0.00842157 0.0337533 0.0147736 0.00322807 0.0266975 0.0538523 0.00951582 0.0121132 0.0333243 0.0282504 0.0392114 0.0135895 0.0562161 0.00052706 0.0698124 -0.020062 0.0255146 0.0171184 0.0516816 0.0304334 0.00243954 0.00610558 0.0753734 0.0149911 0.0518274 0.00622103
internal_weight=75440.5 41001.8 34438.7 32399.1 33572.1 7429.69 15086.1 18486 5528.84 1900.85 2039.59 12589.8 3518.56 2496.25 1333.53 3824.96 149.149 14661 856.388 26734.5 1474.86 6807.29 820.145 1073.06 11874.4 2350.1 260.472 2010.28 84.1414 5782.55
internal_count=92348 45345 47003 44650 38452 6893 16457 21995 5365 1528 2353 14038 3293 2419 1210 4201 120 17794 627 37507 1496 7323 640 1030 14317 2705 180 2072 78 6715
cat_boundaries=0 1 2 3 4
cat_threshold=884895 16 327823 32768
is_linear=0
shrinkage=0.05


Tree=8
num_leaves=31
num_cat=9
split_feature=18 18 17 0 18 17 17 21 4 0 4 0 2 7 2 2 0 4 7 7 2 9 18 18 4 2 4 7 7 19
split_gain=5909.91 1364.49 541.594 508.159 462.889 281.366 180.801 180.018 175.441 173.025 158.291 154.083 129.684 160.258 128.457 118.294 112.561 99.871 86.841 83.3996 79.1186 73.5175 68.7619 60.7149 58.6008 56.1321 126.596 94.5801 55.5199 74.961
threshold=0.16624149680137637 0.79719388484954845 0.35714286565780645 0 0.1033163294196129 1.0714285969734194 1.0714285969734194 4.3876445293426523 4.5000000000000009 1 4.5000000000000009 2 3 27.10000038146973 4 5 6 3.5000000000000004 30.10000038146973 31.10000038146973 7 1.0000000180025095e-35 1.7155612111091616 0.66624149680137645 3.5000000000000004 8 4.5000000000000009 27.400000572204593 31.500000000000004 0.59926477074623119
decision_type=2 2 2 1 2 2 2 2 2 1 2 1 1 2 1 1 1 2 2 2 1 2 2 2 2 1 2 2 2 2
left_child=2 5 4 10 12 9 -4 -7 16 19 22 17 13 -1 21 18 -5 23 -10 -2 -21 -12 -3 -9 -13 26 28 -28 29 -11
right_child=1 3 6 8 -6 7 -8 11 15 25 14 24 -14 -15 -16 -17 -18 -19 -20 20 -22 -23 -24 -25 -26 -27 27 -29 -30 -31
leaf_value=-0.018879290920461044 0.0077064301666604444 0.028740469560286148 0.0044926204953326509 0.019848878519063654 -0.0040420252881051538 0.010254111401012999 0.054742014700877396 0.079764146964246829 0.022469376301814781 0.061146032797288002 0.043169189710844047 0.010944543005244828 -0.021697116680904679 -0.00058306276894176613 0.010516385426292189 0.0025157124005084873 0.006438561360228183 0.017351439869762685 0.044576396616064919 0.027412616561450238 0.0083648657291215765 0.073334943986704745 0.043822140061046982 0.15318086308077211 0.036643013568256395 -0.0023671334680036597 -0.0016835950812353817 0.021183734525070292 0.0081099971361403064 -0.00098706286750730658
leaf_weight=3773.1256254315376 5684.5258221030235 1929.2610014677048 1872.321592271328 4598.479143679142 5597.1837220191956 1503.5610912442207 197.93573826551437 66.447779417037964 717.77960115671158 48.851241290569305 298.53619629144669 321.46424013376236 20704.635240495205 1752.8518234491348 130.14331042766571 303.52922934293747 2418.9597896933556 37.932035088539124 1165.6109580993652 1254.7404125928879 964.02584475278854 624.46385091543198 1242.5091607570648 48.873623430728912 715.76978814601898 5195.4107145667076 632.94776380062103 1583.2482213973999 2398.3536655902863 7700.6309166550636
leaf_count=5324 6402 1780 2199 4702 7087 1635 163 36 672 58 244 351 29985 2233 121 324 2809 31 987 1343 1090 340 997 27 634 6235 740 1630 2858 9331
internal_value=1.23872e-05 0.0126436 -0.0154836 0.025758 -0.0170955 0.00638879 0.00929693 0.0217549 0.0190966 0.004763 0.0401303 0.0362802 -0.0198808 -0.0130757 0.0570209 0.0314828 0.0152637 0.0823556 0.0361512 0.0109015 0.0191366 0.0635781 0.0346486 0.110878 0.0284046 0.00199277 0.00382644 0.0146528 0.00146206 -0.000595388
internal_weight=75484.1 41586.1 33898.1 13429.3 31827.8 28156.8 2070.26 2694.05 9204.36 25462.7 4224.91 1190.49 26230.6 5525.98 1053.14 2186.92 7017.44 153.253 1883.39 7903.29 2218.77 923 3171.77 115.321 1037.23 17559.4 12364 2216.2 10147.8 7749.48
internal_count=92368 45377 46991 12976 44629 32401 2362 2714 9494 29687 3482 1079 37542 7557 705 1983 7511 94 1659 8835 2433 584 2777 63 985 20852 14617 2370 12247 9389
cat_boundaries=0 1 2 3 4 5 6 7 8 9
cat_threshold=262160 852125 32768 1 1 1 622735 1 1
is_linear=0
shrinkage=0.05


Tree=9
num_leaves=31
num_cat=9
split_feature=18 18 2 3 0 17 4 18 9 3 0 17 0 4 0 21 2 3 2 4 0 13 17 3 3 2 8 3 3 17
split_gain=5578.47 1256.08 524.206 408.514 378.455 299.285 273.468 209.05 207.202 190.389 151.94 150.589 127.582 121.598 118.521 116.844 101.272 78.593 87.1389 95.0253 77.7982 65.4236 60.466 57.0198 73.5396 63.5215 56.2724 55.9398 55.516 54.7666
threshold=0.16624149680137637 0.9961734712123872 0 80.500000000000014 1 0.6428571641445161 4.5000000000000009 0.075255103409290328 1.0000000180025095e-35 44.500000000000007 2 0.35714286565780645 3 4.5000000000000009 4 4.3403015136718759 5 43.500000000000007 6 4.5000000000000009 7 0.93614131212234508 1.6428571343421938 47.500000000000007 79.500000000000014 8 3.4000000059604649 46.500000000000007 45.500000000000007 0.21428572386503222
decision_type=2 2 1 2 1 2 2 2 2 2 1 2 1 2 1 2 1 2 1 2 1 2 2 2 2 1 2 2 2 2
left_child=2 5 3 9 8 14 12 11 -3 -1 -11 -4 27 -10 23 -8 28 -16 19 -19 -6 -17 -12 -2 25 -25 -22 -7 -15 -5
right_child=1 4 7 29 20 6 15 -9 13 10 22 -13 -14 16 17 21 -18 18 -20 -21 26 -23 -24 24 -26 -27 -28 -29 -30 -31
leaf_value=-0.0074453654353950662 0.002384379391692352 0.027999401901901862 -0.021728568568069529 -0.022474784962400796 0.025314972753709225 0.004319585754902878 0.0076234227511342741 -0.007420183300886069 0.039416168407354631 0.0024868594081731941 0.022597293699817167 0.013515745947505662 0.0027097454084475739 0.033319548416806073 -0.0069061852132850463 0.051132688051928513 0.010562817842814451 0.0037124314455732085 -0.0027297558662128674 0.018744179948857295 0.011590773201411213 0.028623095504419362 0.075438440222634601 0.022622363218557227 -0.0014151475098712349 0.0083838219962254126 0.043971358577036004 0.018433267527994523 0.074049971302630496 0.016938277583974367
leaf_weight=3347.9253727197647 1760.1464494466782 2688.8810076117516 20043.884619891644 2824.401942551136 2204.577327311039 897.11940842866898 593.17120766639709 3185.119134247303 1378.3080738782883 2497.6138505339622 967.81215208768845 307.73234212398529 3915.2787353396416 95.444767415523529 2418.6690960526466 392.30165427923203 81.939228653907776 7119.4086232185364 4450.325083732605 1233.5494654774666 3091.7046056985855 1822.1833163499832 57.346480011940002 1808.1571205854416 702.56757998466492 1381.9853492379189 140.26035666465759 3229.1220838427544 677.59422850608826 90.979735195636749
leaf_count=4337 1977 2320 29673 4131 2114 954 647 4038 1155 3099 1150 353 4672 65 2991 336 74 8493 5374 1281 3197 1661 30 1904 805 1562 129 3299 344 107
internal_value=-4.81943e-06 0.0120968 -0.0152878 -0.0055621 0.0272139 0.00716073 0.0138972 -0.0193315 0.0372729 0.00109241 0.00920643 -0.0211956 0.00920659 0.0486051 0.00365962 0.0273317 0.0634186 0.00135899 0.00292143 0.00593229 0.0180049 0.0326107 0.0253063 0.00983492 0.0132291 0.0164542 0.0129559 0.0153276 0.0690211 -0.0212448
internal_weight=75405.5 42082.7 33322.8 9786.08 10358.7 31724 10849.2 23536.7 4922.17 6870.7 3522.77 20351.6 8041.52 2233.29 20874.8 2807.66 854.978 15222 12803.3 8352.96 5436.54 2214.48 1025.16 5652.86 3892.71 3190.14 3231.96 4126.24 773.039 2915.38
internal_count=92272 45354 46918 12854 9398 35956 11569 34064 3958 8616 4279 30026 8925 1638 24387 2644 483 18139 15148 9774 5440 1997 1180 6248 4271 3466 3326 4253 409 4238
cat_boundaries=0 1 2 3 4 5 6 7 8 9
cat_threshold=1 262169 7487072 884887 851997 1 1 65670 1
is_linear=0
shrinkage=0.05


Tree=10
num_leaves=31
num_cat=8
split_feature=18 18 2 0 3 18 5 5 17 0 0 2 17 2 2 3 18 19 3 7 5 3 3 3 0 3 19 9 3 3
split_gain=5287.9 1132.24 518.812 462.224 397.823 199.746 189.233 153.036 151.428 146.176 139.693 131.098 131.017 126.004 121.375 141.794 121.232 147.13 116.86 129.924 115.971 113.732 106.308 105.378 98.9643 90.9635 79.258 75.605 72.1004 68.8848
threshold=0.16624149680137637 0.66624149680137645 0 1 81.500000000000014 0.057397959753870971 1.0000000180025095e-35 1.0000000180025095e-35 1.214285731315613 2 3 4 0.35714286565780645 5 6 42.500000000000007 0.66751703619956981 0.97455760836601268 54.500000000000007 30.10000038146973 1.0000000180025095e-35 42.500000000000007 37.500000000000007 79.500000000000014 7 44.500000000000007 0.59926477074623119 1.0000000180025095e-35 46.500000000000007 45.500000000000007
decision_type=2 2 1 1 2 2 2 2 2 1 1 1 2 1 1 2 2 2 2 2 2 2 2 2 1 2 2 2 2 2
left_child=2 10 4 7 8 12 9 29 21 16 14 18 -4 22 15 -2 17 -5 19 -8 23 -1 -9 26 -23 -12 -17 -24 -18 -3
right_child=1 3 5 6 -6 -7 11 13 -10 -11 25 -13 -14 -15 -16 20 28 -19 -20 -21 -22 24 27 -25 -26 -27 -28 -29 -30 -31
leaf_value=-0.0079222240316352676 0.0018655642232490697 0.012214979687453324 -0.021722131512573073 0.14465979473871718 -0.022500347307100644 -0.0078690614196139323 0.020925906926458199 -0.020421160431781906 0.051073242941412279 0.0044867928832069753 -0.0080683401755597458 0.00097409797775574686 0.011357476516612961 0.0078917043064721769 0.0015672799176595334 0.10223310535984452 0.0041419344699441763 0.031904787723925181 0.018701467652489877 0.051964785778499792 0.033321854441651942 -0.00158790302594582 0.037007408543536242 -0.011483844423057539 0.014371113155227431 0.0027963963514333647 0.015819445846459161 0.066306776392087874 0.01830044115250188 0.031190931984093808
leaf_weight=3001.7079626917839 2050.9589645862579 556.09177666902542 19567.87181776762 39.235570669174194 2554.8348749876022 3263.5221011638641 534.36581754684448 45.370974838733673 144.92274856567383 3661.9907048344612 2323.8574402332306 416.61235892772675 303.97873538732529 166.55985671281815 3826.2583082914352 26.758512318134308 1076.9315875768661 110.16311514377594 1067.0622112154961 913.4822211265564 942.37222492694855 2375.7591236233711 311.30393779277802 374.66034871339798 1634.0732206106186 11266.698485374451 3175.9924640059471 752.17223334312439 5447.52142816782 3416.6248843669891
leaf_count=3928 2314 521 29610 17 3833 4187 489 43 101 4270 2889 449 341 156 4332 26 1118 107 949 713 873 2980 237 433 1971 13251 3405 367 5451 2853
internal_value=-0.0001948 0.0114493 -0.0152621 0.020738 -0.00556305 -0.0193334 0.0157284 0.033309 0.000483518 0.01256 0.00427958 0.0269527 -0.0212161 0.0484415 0.00863843 0.0127692 0.0169578 0.0615169 0.0312562 0.0405091 0.017717 -0.00056213 0.0545324 0.0136063 0.00494754 0.000937938 0.0165414 0.0577302 0.0159634 0.0285347
internal_weight=75349.7 42503 32846.7 18515.5 9711.3 23135.4 13267.4 5248.12 7156.46 10335.8 23987.6 2931.52 19871.9 1275.41 10397 6570.74 6673.85 149.399 2514.91 1447.85 4519.78 7011.54 1108.85 3577.41 4009.83 13590.6 3202.75 1063.48 6524.45 3972.72
internal_count=92214 45263 46951 17740 12813 34138 13563 4177 8980 10963 27523 2600 29951 803 11383 7051 6693 124 2151 1202 4737 8879 647 3864 4951 16140 3431 604 6569 3374
cat_boundaries=0 1 2 3 4 5 6 7 8
cat_threshold=1 262168 622791 885151 1 1 1 7355904
is_linear=0
shrinkage=0.05


Tree=11
num_leaves=31
num_cat=5
split_feature=17 2 3 0 3 0 16 17 4 3 3 3 21 2 3 4 19 3 0 4 3 13 4 21 13 8 3 21 13 3
split_gain=3646.53 1509.07 774.075 635.198 508.722 428.308 411.12 289.224 232.317 214.962 278.408 231.231 212.013 144.346 141.402 107.869 100.364 93.513 85.0982 77.6444 72.6089 69.7916 66.8936 91.0081 65.3886 84.4524 121.481 61.7433 62.8454 78.3179
threshold=0.35714286565780645 0 80.500000000000014 1 44.500000000000007 2 1.0000000180025095e-35 1.214285731315613 4.5000000000000009 44.500000000000007 56.500000000000007 74.500000000000014 4.3253991603851327 3 84.500000000000014 2.5000000000000004 0.59926477074623119 45.500000000000007 4 4.5000000000000009 47.500000000000007 1.0386904478073122 3.5000000000000004 4.4028027057647714 0.97095960378646862 3.4000000059604649 60.500000000000007 4.4149835109710702 1.0334821343421938 57.500000000000007
decision_type=2 1 2 1 2 1 2 2 2 2 2 2 2 1 2 2 2 2 1 2 2 2 2 2 2 2 2 2 2 2
left_child=1 2 4 7 18 16 9 -2 -5 -3 20 -12 -9 15 -13 -14 -6 -17 -1 -7 -11 22 27 -24 25 -18 -27 -19 29 -29
right_child=3 6 -4 8 5 19 -8 12 -10 10 11 14 13 -15 -16 17 24 21 -20 -21 -22 -23 23 -25 -26 26 -28 28 -30 -31
leaf_value=0.0018864780004136971 0.016562825221003726 -0.024776233036378104 -0.021631452733225177 0.0026588752528684417 0.1223191868178109 0.0020362603964522831 0.0023285940315733839 0.016283843087961516 0.01911474136891091 -0.012043010585609326 -0.022693642038320489 -0.0031165527460594623 0.02908916074539989 0.012217729597965235 -0.022955545183241308 0.021849077014325251 0.027121648489733016 0.031170150584110518 -0.010175308232378978 0.015584128914420467 0.0018830397949778121 0.028530178946734926 0.060201136970105977 0.034590737109575706 0.01732409777698718 0.02090138548033138 0.15057270479217932 0.026196754466111496 0.1419056523764225 0.099303081318540307
leaf_weight=2198.3717587590218 7523.1764627099037 7542.4668698906898 3095.8656621575356 8412.7189031243324 25.144674837589264 7198.8168929815292 2848.1626544594765 1644.2444478869438 2878.6633293628693 1470.3289490938187 9084.0036294460297 3164.0450909137726 1245.3998512029648 495.31683039665222 1254.1896160840988 313.85005021095276 1920.0817319750786 56.250587463378906 4364.1285957694054 1239.6880041956902 2575.5920258760452 292.35687059164047 940.83995652198792 549.47826826572418 2860.9817010164261 38.267551183700562 34.207141518592834 53.894072532653809 45.881211519241333 114.39403426647186
leaf_count=2526 7308 11754 4605 9879 24 8694 3311 1459 2773 2018 13848 4199 1051 453 1928 247 1823 49 5706 1325 3226 224 525 368 2929 37 21 36 21 42
internal_value=-0.000233609 -0.00786744 0.00162494 0.0155876 0.00524666 0.0108615 -0.0156735 0.0229987 0.00684812 -0.017717 -0.0146829 -0.0181304 0.0314564 0.0375298 -0.00874818 0.0410006 0.0226372 0.0472679 -0.00614736 0.00402179 -0.00317783 0.0511536 0.05491 0.0507586 0.0221674 0.0291215 0.0821046 0.0777889 0.0900331 0.0758909
internal_weight=75480.8 50914.3 22975.6 24566.5 19879.7 13317.2 27938.8 13275.1 11291.4 25090.6 17548.2 13502.2 5751.91 4107.66 4418.23 3612.34 4878.68 2366.95 6562.5 8438.5 4045.92 2053.1 1760.74 1490.32 4853.54 1992.56 72.4747 270.42 214.169 168.288
internal_count=92409 67974 27690 24435 23085 14853 40284 11783 12652 36973 25219 19975 4475 3016 6127 2563 4834 1512 8232 10019 5244 1265 1041 893 4810 1881 58 148 99 78
cat_boundaries=0 1 2 3 4 5
cat_threshold=1 360479 884895 1 360735
is_linear=0
shrinkage=0.05


Tree=12
num_leaves=31
num_cat=10
split_feature=18 18 17 0 4 0 0 2 2 7 2 3 0 9 18 3 3 4 3 3 3 7 4 0 2 4 2 19 4 3
split_gain=4880.91 1296.72 549.238 378.786 212.525 158.972 155.775 140.31 135.392 179.717 133.466 189.93 126.621 115.079 103.475 104.107 99.0928 79.9579 79.6461 73.7061 91.7186 76.8302 100.379 69.25 69.1388 106.15 65.5041 64.4618 62.4603 59.0917
threshold=0.13392858207225802 0.66624149680137645 0.35714286565780645 0 4.5000000000000009 1 2 3 4 28.69999980926514 5 81.500000000000014 6 1.0000000180025095e-35 0.66751703619956981 49.500000000000007 47.500000000000007 3.5000000000000004 44.500000000000007 46.500000000000007 74.500000000000014 26.69999980926514 1.0000000180025095e-35 7 8 4.5000000000000009 9 1.3577621579170229 4.5000000000000009 79.500000000000014
decision_type=2 2 2 1 2 1 1 1 1 2 1 2 1 2 2 2 2 2 2 2 2 2 2 1 1 2 1 2 2 2
left_child=2 5 10 18 6 8 14 13 9 27 11 -1 -4 -6 15 -5 -7 -11 -3 -16 21 22 -21 -15 25 29 28 -2 -20 -18
right_child=1 3 12 4 7 16 -8 -9 -10 17 -12 -13 -14 23 19 -17 24 -19 26 20 -22 -23 -24 -25 -26 -27 -28 -29 -30 -31
leaf_value=-0.0046663888682808574 0.0019138757924147523 0.013077340036510361 0.056020579225864391 0.013254894586259017 0.017411074089183042 -0.0068626961373601907 0.0044000612903222994 0.0019541963794572461 0.000423358929798303 0.013064946380787732 -0.021367990868957163 -0.0236286734624436 0.0086790561191377336 0.023923038312417065 0.0053931249436238483 0.088577782757680523 0.0028428031349726993 0.02791157562280925 0.037316521664678803 0.025560781191058923 0.0051805960924368871 0.019637586822170833 0.12990039169954137 0.044289289966309445 -0.0029301681502976874 0.015803659138923665 0.022632680504229397 0.030148070827015417 0.056488279848289247 -0.017778551601211886
leaf_weight=3198.9483786821365 3735.5372688770294 338.99105203151703 156.33665293455124 85.337316811084747 1086.6389990448952 4519.5050547122955 3666.0440857410431 492.8414471745491 5007.4004073143005 2435.728210568428 19068.12863099575 2248.8911270499229 1027.0048807859421 738.64755165576935 1399.6245764493942 99.200184166431427 5998.8287967443466 1444.8006317019463 1503.7222153544426 62.512345612049103 1187.9428459405899 6097.8006829619408 36.515301167964935 1362.2551404237747 4924.8605881333351 1672.2891868948936 502.50784456729889 213.72443437576294 592.12313652038574 368.75698906183243
leaf_count=4211 4206 300 87 88 960 5655 4247 518 5805 2580 30062 3568 1147 592 1397 55 7212 1385 1081 59 1159 5673 24 907 6055 1662 442 214 277 474
internal_value=-0.000106735 0.00906038 -0.0177902 0.0192087 0.0161988 0.00261667 0.0131289 0.0267822 0.006839 0.0109507 -0.0193961 -0.0124941 0.0154803 0.030621 0.0166732 0.0537456 -0.000487066 0.0185927 0.0357501 0.0159134 0.0179073 0.0203471 0.0640348 0.0374535 0.0017351 0.00459283 0.0388457 0.00344184 0.042733 0.00164859
internal_weight=75273.4 49574.1 25699.3 19252.7 16315.4 30321.4 12635 3680.38 12837.2 7829.79 24516 5447.84 1183.34 3187.54 8968.93 184.538 17484.2 3880.53 2937.34 8784.4 7384.77 6196.83 99.0276 2100.9 12964.7 8039.87 2598.35 3949.26 2095.85 6367.59
internal_count=92102 53027 39075 17779 15679 35248 12702 2977 14190 8385 37841 7779 1234 2459 8455 143 21058 3965 2100 8312 6915 5756 83 1499 15403 9348 1800 4420 1358 7686
cat_boundaries=0 1 2 3 4 5 6 7 8 9 10
cat_threshold=16 885151 884943 1 1 1 32768 2292864 1 1
is_linear=0
shrinkage=0.05


Tree=13
num_leaves=31
num_cat=10
split_feature=18 18 0 2 3 18 9 9 0 0 0 3 3 3 2 19 3 0 0 4 18 2 3 4 0 3 4 3 21 19
split_gain=4723.65 1167.62 366.545 292.734 293.561 158.636 153.817 118.983 111.279 99.6993 84.1042 82.2114 80.414 77.7795 103.212 108.762 107.468 75.9682 69.7355 65.3529 56.8918 54.2515 58.6101 56.5785 54.1178 53.4361 58.2985 52.9748 60.7734 52.858
threshold=0.13392858207225802 0.66624149680137645 0 1 81.500000000000014 0.32780611515045172 1.0000000180025095e-35 1.0000000180025095e-35 2 3 4 73.500000000000014 84.500000000000014 46.500000000000007 5 1.281984329223633 79.500000000000014 6 7 4.5000000000000009 0.66751703619956981 8 45.500000000000007 5.5000000000000009 9 40.500000000000007 4.5000000000000009 62.500000000000007 4.4037587642669687 1.0048494935035708
decision_type=2 2 1 1 2 2 2 2 1 1 1 2 2 2 1 2 2 1 1 2 2 1 2 2 1 2 2 2 2 2
left_child=3 5 7 4 8 13 18 -3 -1 19 -7 -5 24 -2 15 16 17 -15 20 -8 -4 22 -9 -24 -13 -10 -27 -25 -29 -11
right_child=1 2 6 11 -6 10 9 21 25 29 -12 12 -14 14 -16 -17 -18 -19 -20 -21 -22 -23 23 27 -26 26 -28 28 -30 -31
leaf_value=0.017012813732176661 -0.0065495767318418056 0.022660058207396444 0.038208204885742732 -0.022046181670305826 -0.02286497617711223 0.010855547948606034 0.021426200650250023 0.020269353375066388 -0.012043982781648789 0.008358233454741187 0.0032040562690046795 0.020403866415436994 -0.022883096553760248 -0.00097702962684535679 -0.003396140601170309 0.025822763104688892 -0.01566793730949367 0.012202025184931841 0.001598963029666267 0.037288784344250391 0.011253123945769669 0.018892403536012105 0.038064834730181081 0.044799946617263608 -0.0085459581141106456 -0.0037177770489500552 0.016724786549252683 0.094548792720375391 0.03398730867849048 0.021302189681826438
leaf_weight=752.34961408376694 4275.2369965314865 3170.1862463951111 203.05383431911469 16420.632608234882 2214.5423345565796 6199.8767781853676 1987.8731805086136 315.97420156002045 1306.1894215941429 1913.3710771799088 8586.8511832952499 173.45607131719589 1104.7354170084 1949.9124172329903 5699.1223897337914 623.86445432901382 627.63827133178711 2487.8414669036865 2156.1797476410866 964.29299539327621 5444.4842813611031 347.65370237827301 1324.4485589265823 320.98596918582916 1380.8901983499527 1508.6572860479355 453.62604629993439 146.17426538467407 57.806835412979126 1341.8176406025887
leaf_count=828 5353 2525 162 26412 3586 6386 1897 247 1793 1997 9902 242 1797 2342 7038 636 811 2824 2431 695 5266 306 879 115 2096 1917 523 50 24 1233
internal_value=-4.51836e-05 0.00884332 0.0183304 -0.0176517 -0.00824643 0.00270737 0.0139515 0.0290502 -0.000195001 0.0198355 0.00642173 -0.0207254 -0.0125694 -0.000799054 0.00135971 0.00612381 0.00369765 0.00643655 0.00928909 0.0265177 0.0122007 0.037227 0.0401706 0.0435707 -0.00523904 -0.00419518 0.00100798 0.0574616 0.0773861 0.0136519
internal_weight=75459.7 50144.6 19694.3 25315.1 6235.36 30450.3 14011.1 5683.23 4020.82 6207.35 14786.7 19079.7 2659.08 15663.6 11388.4 5689.26 5065.39 4437.75 7803.72 2952.17 5647.54 2513.04 2165.39 1849.42 1554.35 3268.47 1962.28 524.967 203.981 3255.19
internal_count=92313 53119 17827 39194 8647 35292 13681 4146 5061 5822 16288 30547 4135 19004 13651 6613 5977 5166 7859 2592 5428 1621 1315 1068 2338 4233 2440 189 74 3230
cat_boundaries=0 1 2 3 4 5 6 7 8 9 10
cat_threshold=262168 1 98651 590023 376863 1 6307328 647303 1 40970
is_linear=0
shrinkage=0.05


Tree=14
num_leaves=31
num_cat=10
split_feature=18 18 17 0 9 0 2 3 2 7 4 3 0 3 2 4 2 2 9 3 3 0 4 19 3 0 19 3 3 3
split_gain=4532.54 1137.04 516.931 332.24 157.059 152.668 136.162 191.096 134.586 134.88 121.44 108.238 96.7186 91.7677 81.6986 111.351 79.5104 77.27 75.07 73.2671 80.0466 73.2453 66.057 84.0928 64.2885 63.38 56.6236 56.6797 56.4068 115.2
threshold=0.13392858207225802 0.66624149680137645 0.35714286565780645 0 1.0000000180025095e-35 1 2 81.500000000000014 3 28.69999980926514 4.5000000000000009 46.500000000000007 4 43.500000000000007 5 4.5000000000000009 6 7 1.0000000180025095e-35 54.500000000000007 45.500000000000007 8 4.5000000000000009 0.59926477074623119 79.500000000000014 9 1.3577621579170229 80.500000000000014 44.500000000000007 56.500000000000007
decision_type=2 2 2 1 2 1 1 2 1 2 2 2 1 2 1 2 1 1 2 2 2 1 2 2 2 1 2 2 2 2
left_child=2 5 6 13 21 8 7 -1 9 26 25 -7 -4 -3 15 24 19 18 -15 20 -12 -5 23 -11 -13 -6 27 -2 -8 -30
right_child=1 3 12 4 10 11 28 -9 -10 22 16 14 -14 17 -16 -17 -18 -19 -20 -21 -22 -23 -24 -25 -26 -27 -28 -29 29 -31
leaf_value=-0.004445861634115391 0.0051636362851858802 0.0083525648214566647 0.04085599717517488 -0.00011882924126519312 0.01933026080069954 -0.007286721834598853 -0.024779342218337719 -0.023674745694292159 0.00030066116264702082 0.098099033572848632 0.018686748729147381 0.0030070601549467254 0.0066222010977275564 0.026944973303053611 -0.0030078397940669277 0.015629601054585832 0.0029010083627995123 0.017304711212834605 0.040507016536713333 0.020881833789900262 0.049130699262979326 0.011588899388397701 0.032530088041442522 0.014071953612272576 -0.017670373480351925 0.0064280105510039209 0.030819659024249092 -0.016251653699047301 -0.0046783335654144893 -0.020842333163177528
leaf_weight=3203.5866650938988 3040.719487965107 524.38337481021881 258.67964172363281 1703.7816914319992 2707.3818089962006 4312.3735475540161 7010.6777745485306 2165.4037985801697 4596.1137518882751 30.098846197128296 292.99558663368225 6741.191499710083 946.97581648826599 2183.5183581709862 5604.5834183692932 1846.319654583931 248.82552981376648 927.99216479063034 1915.4747833609581 747.08333015441895 820.71429455280304 6305.4828140735626 662.49003612995148 2772.4067103862762 398.10630559921265 1517.5897052884102 193.17534136772156 343.91858398914337 1238.1561076045036 10045.319972991943
leaf_count=4249 3326 460 197 1931 2518 5462 11702 3599 5300 25 233 7989 1049 1580 6902 1786 257 799 1058 563 536 6047 554 2825 524 1718 185 440 1936 16450
internal_value=-0.000105978 0.00850756 -0.0175752 0.0178091 0.0137561 0.00244838 -0.0192024 -0.0122012 0.00695035 0.0112998 0.0196487 -0.000327139 0.014361 0.0282059 0.00172966 0.00468457 0.0294459 0.030333 0.0332826 0.0329955 0.0411215 0.00911268 0.018331 0.0149744 0.00185403 0.0147568 0.00449032 0.00298759 -0.0212571 -0.0190686
internal_weight=75305.5 50436.7 24868.8 19895.2 14343.9 30541.5 23663.1 5368.99 11638.9 7042.81 6334.59 18902.6 1205.66 5551.37 14590.2 8985.62 2109.62 5026.99 4098.99 1860.79 1113.71 8009.26 3465 2802.51 7139.3 4224.97 3577.81 3384.64 18294.2 11283.5
internal_count=92200 53018 39182 17700 13803 35318 37936 7848 12655 7355 5825 22663 1246 3897 17201 10299 1589 3437 2638 1332 769 7978 3404 2850 8513 4236 3951 3766 30088 18386
cat_boundaries=0 1 2 3 4 5 6 7 8 9 10
cat_threshold=262160 885023 1 1 49156 1 1 1 6430496 98767
is_linear=0
shrinkage=0.05


Tree=15
num_leaves=31
num_cat=4
split_feature=18 18 17 0 0 4 17 9 3 0 0 18 3 17 9 3 4 21 4 19 3 3 3 3 3 3 17 3 9 3
split_gain=4301.48 1015.67 520.28 281.861 141.693 132.096 99.3315 97.7994 91.3055 90.7931 83.264 87.1338 87.4757 80.7598 73.845 65.1504 79.6793 61.9072 87.7341 58.0092 55.7634 52.3869 51.8057 49.7407 56.2723 47.3627 46.461 43.962 52.2244 43.6844
threshold=0.13392858207225802 0.66624149680137645 0.35714286565780645 0 1 4.5000000000000009 1.0000000180025095e-35 1.0000000180025095e-35 46.500000000000007 2 3 0.66751703619956981 49.500000000000007 0.6428571641445161 1.0000000180025095e-35 55.500000000000007 5.5000000000000009 4.3403015136718759 2.5000000000000004 1.0077143907546999 80.500000000000014 44.500000000000007 54.500000000000007 46.500000000000007 74.500000000000014 77.500000000000014 9.5000000000000018 47.500000000000007 1.0000000180025095e-35 78.500000000000014
decision_type=2 2 2 1 1 2 2 2 2 1 1 2 2 2 2 2 2 2 2 2 2 2 2 2 2 2 2 2 2 2
left_child=2 4 6 7 13 10 -1 21 -6 -4 11 12 -5 20 -7 -16 25 -15 -19 22 27 -3 -10 -13 -25 -17 29 -2 -29 -9
right_child=1 3 9 5 8 14 -8 26 19 -11 -12 23 -14 17 15 16 -18 18 -20 -21 -22 -23 -24 24 -26 -27 -28 28 -30 -31
leaf_value=-0.019869517224556085 5.6943392679206819e-05 0.0030629652406437163 0.04765361790441501 0.0064829799697586482 -0.007205337283569967 0.011017382566508688 -0.0064301334881030764 0.032801907990734076 0.0058390910520177567 0.0084882173615504573 0.0040196145228686298 0.0027693325110540882 0.079731977616476005 0.0037795260645184566 0.033353808201609415 0.02559048260239984 0.0006995408988028464 0.0063377021981644178 0.025260801921263062 0.0057200404704497686 -0.0075036960089334822 0.022135933637242124 -0.0032485832914697153 0.016389291852615003 0.0021033647986302357 0.078832095191395238 0.082724215471222717 0.0040077996309242489 0.014166965639791014 0.00011549575011976406
leaf_weight=21795.459537684917 2804.7663326263428 405.13074082136154 164.50040709972382 70.260052263736725 3977.5469470024109 1092.1523340344429 1467.4605506658554 2704.2656161189079 2062.3863695263863 1085.4697013497353 3738.786552131176 1108.7519850730896 97.072297096252441 1343.9924721121788 1399.0323186516762 276.67730617523193 421.09293884038925 1078.0644640922546 1418.4448930621147 4954.2860770821571 975.43692696094513 3233.2451151609421 6545.2055766582489 4837.6268951892853 803.85762500762939 49.198659598827362 45.093844890594482 3419.2106813192368 2007.8863560557365 106.23473221063614
leaf_count=35925 3243 370 82 67 5094 982 2096 1663 2408 1190 4257 1091 42 1414 988 206 336 1122 1208 5649 1214 2463 7973 4405 779 39 10 3779 2196 92
internal_value=-0.00012156 0.00815507 -0.0173332 0.0167996 0.00239288 0.0127484 -0.0190217 0.025409 -0.000543666 0.0140917 0.0100701 0.0133152 0.0489759 0.00633588 0.0216015 0.026988 0.0150653 0.0124315 0.0170893 0.00140973 0.00380019 0.0200122 -0.00107117 0.0124509 0.0143537 0.0336286 0.0323742 0.00513965 0.00776643 0.0315664
internal_weight=75488.6 50975.7 24512.9 20388.5 30587.2 13894.5 23262.9 6493.97 17539.4 1249.97 10656.4 6917.57 167.332 13047.8 3238.15 2146 746.969 3840.5 2496.51 13561.9 9207.3 3638.38 8607.59 6750.24 5641.48 325.876 2855.59 8231.86 5427.1 2810.5
internal_count=92383 53090 39293 17790 35300 13192 38021 4598 21124 1272 10641 6384 109 14176 2551 1569 581 3744 2330 16030 10432 2833 10381 6275 5184 245 1765 9218 5975 1755
cat_boundaries=0 1 2 3 4
cat_threshold=262296 885151 32768 622663
is_linear=0
shrinkage=0.05


Tree=16
num_leaves=31
num_cat=10
split_feature=18 18 17 0 9 2 3 17 5 5 3 2 3 2 0 0 0 9 18 0 17 3 3 3 0 3 0 3 3 3
split_gain=4176.58 957.903 523.157 291.227 148.717 146.004 199.743 130.977 142.09 105.2 96.7139 100.783 117.692 91.2221 85.565 77.4836 76.7775 74.5923 71.9439 69.3012 69.1433 59.7051 59.1995 54.8553 52.6045 51.3782 51.7364 51.3619 50.9619 47.8493
threshold=0.13392858207225802 0.66624149680137645 0.35714286565780645 0 1.0000000180025095e-35 1 81.500000000000014 0.35714286565780645 1.0000000180025095e-35 1.0000000180025095e-35 47.500000000000007 2 80.500000000000014 3 4 5 6 1.0000000180025095e-35 0.66751703619956981 7 1.0714285969734194 73.500000000000014 84.500000000000014 46.500000000000007 8 44.500000000000007 9 71.500000000000014 37.500000000000007 44.500000000000007
decision_type=2 2 2 1 2 1 2 2 2 2 2 1 2 1 1 1 1 2 2 1 2 2 2 2 1 2 1 2 2 2
left_child=2 7 5 29 15 6 25 10 19 24 -2 12 16 28 -4 18 -12 -18 20 -9 -5 -7 -23 -20 -6 -1 -27 -25 -11 -3
right_child=1 3 14 4 9 21 -8 8 -10 13 11 -13 -14 -15 -16 -17 17 -19 23 -21 -22 22 -24 27 -26 26 -28 -29 -30 -31
leaf_value=-0.0097536713279469181 -0.0056478314101783816 0.012753636669135097 0.036282964528200387 0.015608919853219872 0.0061658003613215976 -0.022246734994926798 -0.023601295708278673 0.012246771967139672 0.01687409080579489 -0.019873331011822593 0.0031064216055538261 -0.0025582793187392656 -0.016409384950397617 0.0013667712105930104 0.0063341462473623994 0.0010465939092451687 0.006855633729799757 0.022438065861439004 0.00027331257850325832 0.0011833965458167618 0.069805368461234127 -0.0067392314546841029 -0.022630951935080433 0.015159058491598805 0.017678917687126421 0.019193214695142218 -0.0022362825023848768 0.0041773852362287367 0.030904172211914063 0.032079340094760905
leaf_weight=1631.7764239907265 5547.030576646328 359.20589751005173 316.42063271999359 137.24651557207108 1409.5257166028023 15256.356809020042 2076.598700106144 1795.7024945616722 2638.8763533830643 50.444577991962433 4074.3202920556068 6277.2254810929298 546.32606089115143 316.84182649850845 939.77703630924225 2111.6027008891106 1780.0277693271637 1350.8272755146027 1017.8237567543983 6584.7996354699135 103.02782100439072 1332.2252413630486 1046.2565795779228 4926.4380726218224 3663.3702104687691 363.63394260406494 1140.7242577672005 1358.3091967701912 2416.8615161776543 2956.4948778152466
leaf_count=2308 6954 299 232 134 1585 26234 3605 1757 2402 47 4772 7691 737 310 1027 2367 1907 1399 983 7601 36 2155 1815 4320 3193 445 1495 1281 1496 1797
internal_value=-2.39324e-05 0.00802611 -0.0171977 0.0162973 0.0136976 -0.0189249 -0.0115733 0.00239565 0.006756 0.0188131 -5.88316e-05 0.00215109 0.00596477 0.0266227 0.0142171 0.00954867 0.00766127 0.0135355 0.0119116 0.00356999 0.0388479 -0.021098 -0.0137297 0.0110417 0.014527 -0.00360888 0.00305638 0.0127856 0.029866 0.0298955
internal_weight=75526.1 51422.3 24103.8 20827.2 17511.5 22847.6 5212.73 30595.1 11019.4 7857.04 19575.8 14028.7 7751.5 2784.15 1256.2 9654.45 7205.18 3130.86 7542.85 8380.5 240.274 17634.8 2378.48 7302.57 5072.9 3136.13 1504.36 6284.75 2467.31 3315.7
internal_count=92384 53068 39316 17848 15752 38057 7853 35220 11760 6631 23460 16506 8815 1853 1259 9121 8078 3306 6754 9358 170 30204 3970 6584 4778 4248 1940 5601 1543 2096
cat_boundaries=0 1 2 3 4 5 6 7 8 9 10
cat_threshold=16 1 1 1 49161 901327 7372320 294933 6454816 541129
is_linear=0
shrinkage=0.05


Tree=17
num_leaves=31
num_cat=4
split_feature=18 18 17 18 2 3 17 4 4 2 3 3 2 3 13 13 9 3 3 9 3 3 21 13 1 4 17 3 3 21
split_gain=4022.3 865.691 521.155 214.619 142.131 195.812 130.582 120.705 117.41 95.4456 81.758 80.8217 91.2505 80.3412 74.8318 67.4188 62.5599 59.958 119.225 58.6987 56.8576 58.4202 56.2661 53.6917 47.4761 45.2988 45.1233 42.7579 42.1251 41.5582
threshold=0.13392858207225802 0.66624149680137645 0.35714286565780645 1.4298469424247744 0 81.500000000000014 0.35714286565780645 4.5000000000000009 4.5000000000000009 1 47.500000000000007 80.500000000000014 2 37.500000000000007 0.96922349929809581 1.0188746452331545 1.0000000180025095e-35 44.500000000000007 56.500000000000007 1.0000000180025095e-35 73.500000000000014 84.500000000000014 4.3215246200561532 1.0245215296745303 3 3.5000000000000004 1.214285731315613 44.500000000000007 47.500000000000007 4.3403015136718759
decision_type=2 2 2 2 1 2 2 2 2 1 2 2 1 2 2 2 2 2 2 2 2 2 2 2 1 2 2 2 2 2
left_child=2 6 4 8 5 27 10 24 14 13 -2 12 16 -10 28 19 -12 -6 -19 -5 -20 -22 -15 -24 -8 -18 -4 -1 -3 -9
right_child=1 3 26 15 17 -7 7 29 9 -11 11 -13 -14 22 -16 -17 25 18 20 -21 21 -23 23 -25 -26 -27 -28 -29 -30 -31
leaf_value=-0.0092856082371037037 -0.0050943804118750817 0.0060553052959339947 0.0097122178444604499 0.021289239394674746 -0.024752812508437742 -0.02359954564021044 0.0087411626464816219 0.0023651361160505831 -0.020297022989077609 0.0015122921953235544 0.0029812488811007697 -0.0083309848981750739 -0.0016567638705874282 0.011104353718586367 0.0070623811856761788 0.012065374056334191 0.0086062030232388672 -0.0037966804844129774 -0.022745513864068641 0.033252574311041692 -0.0068853031920300253 -0.022845697220039662 0.033079912865459152 0.016641044745272001 0.00095269882228632549 0.021941720762003358 0.034827846158815179 0.002419986745134941 0.017098636079768356 0.018845352288824835
leaf_weight=1624.4568125009537 5563.7517717480659 1078.2082894444466 1074.0708512067795 2007.8708264827728 6539.8339527845383 2032.9835876822472 3116.2125478982925 461.49204862117767 99.288604497909546 556.15542334318161 4138.7224605679512 1651.6873062849045 5152.65911257267 562.14766663312912 6959.5027188658714 868.68988788127899 2290.9803233742714 1195.7636384367943 7198.5537179112434 2095.3193113803864 1329.1378958821297 1008.2840141654015 1825.2719804644585 682.41592633724213 5255.2425180077553 881.95703130960464 214.55950033664703 1500.9586250185966 4337.2073058485985 2235.8524354100227
leaf_count=2319 7013 1022 1146 1397 11671 3614 3172 482 96 547 4668 2134 6300 499 6877 696 2593 1955 12630 1112 2164 1789 1148 484 6139 877 124 1930 3879 1934
internal_value=2.66909e-05 0.00783243 -0.0170274 0.015639 -0.0188038 -0.0115209 0.00248259 0.00682728 0.0128349 0.020617 3.89267e-05 0.00206219 0.00343943 0.0239697 0.0104922 0.0247194 0.00703081 -0.020979 -0.0186793 0.0273984 -0.0205455 -0.0137701 0.0254014 0.0286064 0.00386348 0.012313 0.013894 -0.00366408 0.0148999 0.0160257
internal_weight=75539.2 51820.6 23718.6 21072.1 22430 5158.4 30748.6 11068.8 16100.2 3725.28 19679.8 14116 12464.3 3169.12 12374.9 4971.88 7311.66 17271.6 10731.7 4103.19 9535.98 2337.42 3069.84 2507.69 8371.46 3172.94 1288.63 3125.42 5415.42 2697.34
internal_count=92411 53069 39342 17757 38072 7863 35312 11727 14552 2774 23585 16572 14438 2227 11778 3205 8138 30209 18538 2509 16583 3953 2131 1632 9311 3470 1270 4249 4901 2416
cat_boundaries=0 1 2 3 4
cat_threshold=1 1 1 1
is_linear=0
shrinkage=0.05


Tree=18
num_leaves=31
num_cat=9
split_feature=18 18 17 0 2 3 9 0 2 3 3 0 3 4 18 7 2 4 4 3 3 3 3 7 4 9 0 2 0 13
split_gain=3809.28 806.176 492.575 228.07 145.416 188.473 140.138 127.378 108.924 116.812 105.49 85.6385 72.461 71.6506 69.7134 68.6839 65.9877 104.875 62.7272 59.795 121.971 57.7543 58.1426 53.3244 50.1205 47.8478 46.2164 42.962 42.424 41.1536
threshold=0.13392858207225802 0.66624149680137645 0.35714286565780645 0 1 81.500000000000014 1.0000000180025095e-35 2 3 44.500000000000007 80.500000000000014 4 41.500000000000007 4.5000000000000009 1.4987245202064516 30.10000038146973 5 4.5000000000000009 4.5000000000000009 44.500000000000007 56.500000000000007 73.500000000000014 84.500000000000014 30.10000038146973 4.5000000000000009 1.0000000180025095e-35 6 7 8 1.0492995977401736
decision_type=2 2 2 1 1 2 2 1 1 2 2 1 2 2 2 2 1 2 2 2 2 2 2 2 2 2 1 1 1 2
left_child=2 7 4 6 5 26 15 8 9 -2 18 -4 -9 29 -8 -3 17 -14 28 -6 -21 -22 -23 -15 -12 -20 -1 -25 -11 -5
right_child=1 3 11 13 19 -7 14 12 -10 10 24 -13 16 23 -16 -17 -18 -19 25 20 21 22 -24 27 -26 -27 -28 -29 -30 -31
leaf_value=-0.006871765868245912 0.001182720541254637 0.0087887152808763646 0.034641410239254211 0.0087977762704437683 -0.02475062459109123 -0.023421090535499518 0.021114910026284919 -0.0095145845477042548 6.8931291269692564e-05 0.021661366015574217 -0.018430474528555004 0.0052710997566680256 0.00018665017590581925 0.007178575206290368 0.033068085961611204 0.019066594565842081 -0.0041701296370991311 0.013385790363272025 0.016207357214227187 -0.0033956402686478623 -0.022781890349595713 -0.006736843834525056 -0.022804034983499942 0.025782334991766839 0.0281089669821044 0.036162662290824758 0.0076634541564829786 -0.00050560147314422427 0.0094388169212631656 -2.3222065737240896e-05
leaf_weight=2401.1538097858429 3204.2920860648155 2784.2243559956551 331.31599205732346 5532.749587059021 6358.0258643627167 1952.8831038475037 3128.7970533370972 2096.0280460119247 5582.7336658239365 909.50338071584702 359.44292372465134 955.0478543639183 6969.5630682706833 907.59012895822525 1999.2279058694839 3905.8353344798088 4942.1235380172729 1919.40059030056 696.93844902515411 1171.0572153329849 6984.550626039505 1309.9407373666763 987.54149204492569 1286.2663853168488 68.948278069496155 527.93871867656708 699.33714556694031 176.78257900476456 3513.6373157501221 1737.4798452854156
leaf_count=3313 3625 2317 229 5530 11631 3554 2320 2783 6460 811 489 1020 8403 757 989 3017 6145 1800 594 1922 12535 2148 1793 870 68 409 913 183 3678 1841
internal_value=-3.89318e-05 0.00744186 -0.0169224 0.0148814 -0.0186915 -0.0112542 0.0195396 0.00225697 0.0055839 0.00890741 0.0129809 0.013146 -0.000850754 0.00914159 0.025775 0.0147892 0.000461588 0.00303675 0.0147953 -0.0209271 -0.0186014 -0.0205199 -0.0136431 0.0166996 -0.0109401 0.0248084 -0.00359069 0.0226059 0.0120224 0.00668969
internal_weight=75400.4 52249.5 23150.9 21459 21864.5 5053.37 11818.1 30790.6 14863.4 9280.7 6076.41 1286.36 15927.1 9640.87 5128.02 6690.06 13831.1 8888.96 5648.02 16811.1 10453.1 9282.03 2297.48 2370.64 428.391 1224.88 3100.49 1463.05 4423.14 7270.23
internal_count=92147 53089 39058 17824 37809 7780 8643 35265 16134 9674 6049 1249 19131 9181 3309 5334 16348 10203 5492 30029 18398 16476 3941 1810 557 1003 4226 1053 4489 7371
cat_boundaries=0 1 2 3 4 5 6 7 8 9
cat_threshold=327837 1 901535 1 49164 1 8027652 1 294932
is_linear=0
shrinkage=0.05


Tree=19
num_leaves=31
num_cat=5
split_feature=18 18 17 9 17 13 18 17 2 3 17 4 2 18 21 3 2 19 3 1 1 3 3 13 3 3 13 3 3 4
split_gain=3707.77 748.649 478.515 155.477 124.019 116.222 98.3929 93.5241 92.7174 153.239 78.6266 77.2031 78.2266 65.0776 64.1697 58.9885 67.5914 72.1314 88.7366 56.4928 53.9208 51.7905 100.163 51.4572 47.8446 57.5018 45.145 43.7598 37.8841 37.6231
threshold=0.13392858207225802 0.66624149680137645 1.0000000180025095e-35 1.0000000180025095e-35 1.0714285969734194 1.0245215296745303 0.42474490404129034 0.5000000149011613 0 81.500000000000014 1.0714285969734194 4.5000000000000009 1 0.66751703619956981 4.3857433795928964 46.500000000000007 2 1.3097671866416933 79.500000000000014 3 4 44.500000000000007 56.500000000000007 0.96651786565780651 73.500000000000014 84.500000000000014 0.99137932062149059 53.500000000000007 44.500000000000007 2.5000000000000004
decision_type=2 2 2 2 2 2 2 2 1 2 2 2 1 2 2 2 1 2 2 1 1 2 2 2 2 2 2 2 2 2
left_child=2 4 8 10 6 11 15 -4 9 28 -3 20 -13 -12 -6 -2 17 18 19 -17 -5 -10 -23 -15 -24 -26 -8 -18 -1 -16
right_child=1 3 7 5 14 -7 26 -9 21 -11 13 12 -14 23 29 16 27 -19 -20 -21 -22 22 24 -25 25 -27 -28 -29 -30 -31
leaf_value=-0.010520019594555433 -0.0056415740931637813 0.0075608560625265685 -0.0037973236856911085 0.020660256315787245 0.005437046908227482 0.0095356756038204159 0.0086371986773514618 0.015755897366682783 -0.024765197385717926 -0.023514896615047579 0.053383132063762828 0.031348089948993053 0.0039099737774029196 0.019667522690630379 0.0031357626766816563 0.010997943733255649 0.0037900644438135338 0.018867935264182119 -0.015466899345743038 0.00040690698753628957 0.0062397319984865097 -0.0038447411439963006 -0.022701084157932473 0.0081908514740203411 -0.0061093891148341177 -0.022973150144574805 0.0021930445913768155 -0.0054517250722686504 0.0020976985566943675 0.027207378873987761
leaf_weight=1243.9509688615799 4750.4412947297096 7661.2865391373634 1785.3796471953392 3735.8800882697105 1110.1451649069786 2410.8873202204704 5030.4089710712433 930.14287835359573 6243.4044482707977 1902.0541354417801 113.79270201921463 2583.7813094258308 288.80374997854233 2424.8941329717636 200.25011229515076 2080.5422140359879 1787.2535988688469 762.06255000829697 614.16099905967712 3179.7980397343636 820.35485857725143 988.82393884658813 6625.3799930214882 1635.3667262792587 1089.75081127882 942.82909232378006 5911.7818378210068 4520.6976612210274 1140.1211169958115 857.08832317590714
leaf_count=1821 6024 7168 2496 2847 1119 2110 5482 840 11708 3545 42 1277 262 1725 214 2217 2153 706 829 3708 895 1641 12190 1419 1819 1754 6507 5636 1482 593
internal_value=-1.35241e-05 0.00731079 -0.0168046 0.0144302 0.0023014 0.0190745 0.00142859 0.0029002 -0.0194566 -0.0129304 0.010569 0.0221701 0.0285895 0.0160902 0.0138331 -0.000876112 0.000872741 0.0043952 0.00251774 0.0046175 0.0181229 -0.021217 -0.0189206 0.015045 -0.0206424 -0.0139318 0.00515559 -0.00283322 -0.00448592 0.0226484
internal_weight=75371.5 52479.7 22891.8 21675 30804.6 9839.71 28637.1 2715.52 20176.3 4286.13 11835.3 7428.82 2872.59 4174.05 2167.48 17695 12944.5 6636.56 5874.5 5260.34 4556.23 15890.2 9646.78 4060.26 8657.96 2032.58 10942.2 6307.95 2384.07 1057.34
internal_count=92229 52933 39296 17745 35188 7391 33262 3336 35960 6848 10354 5281 1539 3186 1926 21273 15249 7460 6754 5925 3742 29112 17404 3144 15763 3573 11989 7789 3303 807
cat_boundaries=0 1 2 3 4 5
cat_threshold=1 1 1 3 3
is_linear=0
shrinkage=0.05


Tree=20
num_leaves=31
num_cat=6
split_feature=17 16 0 3 3 3 4 4 0 3 3 3 17 3 3 13 0 0 7 19 0 21 0 21 13 7 19 17 21 21
split_gain=2359.18 928.047 321.813 273.665 305.626 170.12 138.543 126.063 109.622 107.295 83.1102 94.5618 80.9307 71.3935 68.5633 56.8227 54.6917 50.463 49.3945 85.7786 41.1383 40.1404 40.0409 75.6542 75.3015 40.18 39.6338 39.17 82.6558 38.2109
threshold=0.35714286565780645 0.31250000000000006 0 44.500000000000007 56.500000000000007 83.500000000000014 4.5000000000000009 4.5000000000000009 1 74.500000000000014 47.500000000000007 74.500000000000014 1.0000000180025095e-35 47.500000000000007 80.500000000000014 1.0588461160659792 2 3 26.69999980926514 0.98968088626861583 4 4.4289610385894784 5 4.4164822101593026 1.0334821343421938 31.500000000000004 1.4910158514976504 1.0000000180025095e-35 4.4005124568939218 4.3403015136718759
decision_type=2 2 1 2 2 2 2 2 1 2 2 2 2 2 2 2 1 1 2 2 1 2 1 2 2 2 2 2 2 2
left_child=1 3 7 12 13 9 -4 10 -3 27 -2 15 -1 -5 16 18 -11 -15 19 -12 -9 22 23 -20 25 -25 -16 28 -6 -8
right_child=2 8 6 4 5 -7 29 20 -10 14 11 -13 -14 17 26 -17 -18 -19 21 -21 -22 -23 -24 24 -26 -27 -28 -29 -30 -31
leaf_value=-0.018496203240162913 0.0053592778590328613 0.013142968682944491 0.0020062526491060376 -0.0056502170517362593 -0.010178525823859846 -0.022111436095563944 0.0026218889001501104 0.0084899799777327627 0.0024679588066206042 -0.0052987555427127277 0.12491841934278741 0.0053402380292258342 -0.0033225536995577436 0.012634838991469234 -0.011648910154042966 0.0046590870335843386 0.0069458172044425358 0.001338988614980764 0.022176710749662973 0.018640446225975046 0.025414202760400059 0.012869737983297248 0.017780769746284408 0.054660100286938268 0.09224002918315756 0.020480317362714072 0.032398375797873358 -0.0029785593423583855 -0.020780868573398569 0.016530902556698562
leaf_weight=9853.0527391433716 2429.7297083735466 3916.5083284378052 8613.5844752788544 2036.0759959816933 8651.439785182476 2796.3485177755356 602.88904398679733 435.63712573051453 6246.9839636087418 1776.8603059053421 30.384443044662476 1751.7689838409424 964.81510299444199 1620.8488900661469 1980.2197734117508 693.49415791034698 1853.0413553714752 2535.0033038854599 1382.8029030561447 50.609951853752136 3728.7604923844337 1801.1086253523827 2928.2349171042442 162.91487437486649 73.887863874435425 182.08068788051605 52.42222011089325 1217.3519802689552 2334.2573691010475 2728.4705548882484
leaf_count=16749 2210 3426 9803 2777 13176 5138 605 308 7064 2346 22 1552 1254 1792 2993 608 2165 3107 922 40 2178 1434 2358 60 28 106 77 1529 4220 2221
internal_value=-9.49328e-05 -0.00681116 0.0115469 -0.0104285 -0.00772372 -0.0106438 0.00535057 0.0162621 0.00659694 -0.00884883 0.0135706 0.0157734 -0.0171429 0.00202021 -0.00316056 0.0182751 0.000956557 0.00577818 0.0197032 0.0585098 0.0237252 0.019222 0.0216409 0.0276623 0.0464316 0.0366208 -0.0105129 -0.0114883 -0.0124313 0.0140137
internal_weight=75431.6 47835.2 27596.4 37671.7 26853.9 20661.9 11944.9 15651.4 10163.5 17865.6 11487 9057.29 10817.9 6191.93 5662.54 7305.52 3629.9 4155.85 6612.02 80.9944 4164.4 6531.03 4729.92 1801.69 418.883 344.996 2032.64 12203 10985.7 3331.36
internal_count=92268 67813 24455 57323 39320 31644 12629 11826 10490 26506 9340 7130 18003 7676 7581 5578 4511 4899 4970 62 2486 4908 3474 1116 194 166 3070 18925 17396 2826
cat_boundaries=0 1 2 3 4 5 6
cat_threshold=360479 360477 3301248 2892191 32768 32784
is_linear=0
shrinkage=0.05


Tree=21
num_leaves=31
num_cat=10
split_feature=18 18 17 0 0 2 0 9 7 2 3 0 3 0 2 4 3 4 4 4 19 3 3 3 2 3 3 3 18 2
split_gain=3443.64 641.834 457.034 193.199 118.034 115.628 110.161 109.763 104.181 94.7256 155.324 81.3102 77.0024 61.1825 60.5257 69.9983 59.7299 56.9105 53.994 52.1729 56.34 50.8781 91.4939 48.886 47.3723 47.3523 54.1822 46.2313 55.8883 46.3482
threshold=0.13392858207225802 0.66624149680137645 1.0000000180025095e-35 0 1 2 3 1.0000000180025095e-35 28.69999980926514 4 80.500000000000014 5 46.500000000000007 6 7 4.5000000000000009 79.500000000000014 4.5000000000000009 4.5000000000000009 4.5000000000000009 0.59926477074623119 44.500000000000007 56.500000000000007 44.500000000000007 8 73.500000000000014 84.500000000000014 46.500000000000007 0.66751703619956981 9
decision_type=2 2 2 1 1 1 1 2 2 1 2 1 2 1 1 2 2 2 2 2 2 2 2 2 1 2 2 2 2 1
left_child=2 4 9 -3 5 8 -4 13 -2 10 23 18 -6 -5 15 16 -14 -8 -9 20 -10 -11 -23 -1 -20 -24 -27 -15 29 -29
right_child=1 3 6 7 12 -7 17 11 19 21 -12 -13 14 27 -16 -17 -18 -19 24 -21 -22 22 25 -25 -26 26 -28 28 -30 -31
leaf_value=-0.010260532337466498 0.0039812882249878126 0.023722589849792749 0.03473984058898346 -0.00076264837841492168 -0.0062924144340102172 -0.00012194112417039901 -0.0051003933300988128 0.015356914047151136 0.074925125040510895 -0.024761962760965608 -0.022893634560833011 0.008961476860196849 0.0026607294537085244 0.00024155973187869753 -0.0027511794727318067 0.012245303675225083 -0.017869891822038474 0.012085001160732363 0.028360184454994494 0.027551099757301408 0.012063090646129397 -0.0042677220792994254 -0.022612984476810628 0.0046732918167549896 0.0022237309956383683 -0.0060789280525659229 -0.022768274288042758 0.051110965283019852 0.010213320243636421 -0.0032233126463937843
leaf_weight=1225.2266620993614 3687.8847258090973 3693.2218933105469 232.54674327373505 1776.6363575458527 4194.34784501791 4686.8693563342094 1827.2712209224701 3361.8523201346397 36.088638067245483 5943.316962480545 1963.1852157115936 3183.1317860484123 6846.1271988153458 1168.6891095042229 5516.782641351223 1963.6101582050323 373.59684830904007 654.21860837936401 1768.2078003883362 758.87214761972427 2889.4874716997147 965.39446938037872 6384.5714579224586 991.4394878745079 192.21530759334564 1061.3142611980438 897.6264596581459 149.45964819192886 7067.1155386567116 53.226072788238525
leaf_count=1845 3975 2095 142 1948 5459 5324 2437 2738 25 11638 3762 2828 7980 1097 6826 1760 515 728 879 557 2801 1611 12179 1270 169 1798 1747 68 6012 46
internal_value=-6.08575e-05 0.00681738 -0.016636 0.0132612 0.00215138 0.00601356 0.00258378 0.0111787 0.00992229 -0.0193203 -0.0126518 0.0153804 -0.000316628 0.00769113 0.00138821 0.00387491 0.00159834 -0.000567359 0.0191666 0.0158688 0.0128385 -0.0211478 -0.0188404 -0.00358114 0.0257976 -0.0205265 -0.0137263 0.00946068 0.0109558 0.0368426
internal_weight=75513.5 53367.4 22146.1 22413.8 30953.7 12059.2 2714.04 18720.5 7372.33 19432.1 4179.85 8505.41 18894.5 10215.1 14700.1 9183.33 7219.72 2481.49 5322.28 3684.45 2925.58 15252.2 9308.91 2216.67 1960.42 8343.51 1958.94 8438.49 7269.8 202.686
internal_count=92259 53102 39157 17880 35222 12682 3307 15785 7358 35850 6877 6614 22540 9171 17081 10255 8495 3165 3786 3383 2826 28973 17335 3115 1048 15724 3545 7223 6126 114
cat_boundaries=0 1 2 3 4 5 6 7 8 9 10
cat_threshold=16 885023 1 32768 1 852463 6430496 1 1 1
is_linear=0
shrinkage=0.05


Tree=22
num_leaves=31
num_cat=10
split_feature=18 18 2 3 0 18 18 0 3 3 3 3 9 0 21 7 0 7 3 3 0 2 7 18 0 0 21 3 2 4
split_gain=3272.85 606.096 288.488 253.293 175.924 114.94 114.11 97.5379 86.813 137.783 89.8756 79.9842 69.6508 53.7102 51.3333 49.024 48.2751 46.6231 43.6642 42.3126 42.2994 41.6326 48.1597 41.3753 48.2503 40.4876 46.9583 36.8758 38.5592 36.7142
threshold=0.13392858207225802 0.66624149680137645 0 81.500000000000014 1 0.32780611515045172 1.7155612111091616 2 44.500000000000007 56.500000000000007 73.500000000000014 84.500000000000014 1.0000000180025095e-35 3 4.3360893726348886 30.10000038146973 4 28.899999618530277 46.500000000000007 41.500000000000007 5 6 28.69999980926514 0.33375851809978491 7 8 4.4242565631866464 46.500000000000007 9 4.5000000000000009
decision_type=2 2 1 2 1 2 2 1 2 2 2 2 2 1 2 2 1 2 2 2 1 1 2 2 1 1 2 2 1 2
left_child=2 5 3 7 6 13 12 19 -4 18 -11 20 15 21 -6 -3 23 -9 -10 -1 -12 22 -2 24 -7 26 -20 -15 -29 -18
right_child=1 4 8 -5 14 16 -8 17 9 10 11 -13 -14 27 -16 -17 29 -19 25 -21 -22 -23 -24 -25 -26 -27 -28 28 -30 -31
leaf_value=0.0003303289011985991 0.0012462028573664323 0.0054735646116350171 -0.0247432237802769 -0.022155776921451181 0.0014406492814494993 0.0024744016226781731 0.024552442345480836 -0.010268392977503787 -0.012233670578194203 -0.022401696888943251 0.011984166038563589 -0.022592988640466504 0.018306434541966048 -0.0083105390425821934 0.0097787900926517499 0.01418117195994157 0.0013449843245073761 0.0031069116942916875 0.015490991467548754 0.019602842337313093 -0.0082761276462701792 -0.0019906405053116759 0.013696829619034741 0.0076296387977489652 0.038608939126063266 -0.0022514711870477394 0.086709785290393082 0.0019210126113048086 -0.0052499435494989428 0.0088363946146215663
leaf_weight=461.05672210454941 1760.2751948833466 2851.2188630700111 5811.1722914874554 1832.8112693428993 2849.2669823169708 165.73803251981735 3116.5386464595795 1627.6497485637665 611.32479137182236 6508.5683740973473 324.07080376148224 916.70292294025421 4849.8112014532089 2590.9988449811935 5241.5542664527893 3732.334489107132 7602.8923028111458 1086.4049178957939 210.81214863061905 744.95678442716599 1128.6537703275681 2410.3903275132179 1389.966988325119 5185.0179541707039 227.99999988079071 516.99093055725098 25.999862372875214 4052.2943689227104 3488.3741634488106 2083.7256844043732
leaf_count=619 2078 2405 11662 3611 2959 149 1627 2318 1012 12617 471 1815 3251 3501 4651 2930 8930 1357 319 720 1858 2914 1385 4966 158 792 31 4671 4441 1986
internal_value=-8.83886e-05 0.006556 -0.0164192 -0.0068122 0.0127733 0.00200899 0.0160603 0.000361623 -0.0198617 -0.0170924 -0.0193663 -0.0110285 0.0137596 -0.00099592 0.00683398 0.0104101 0.00509794 -0.00489637 -0.0023039 0.0121344 -0.00373098 0.00295004 0.00673974 0.00880045 0.0244421 0.00574902 0.0223657 -0.0031614 -0.00139633 0.00295344
internal_weight=75405.6 53598.4 21807.2 5752.88 22640.7 30957.7 14549.9 3920.07 16054.3 10243.1 8878 2369.43 11433.4 15692.3 8090.82 6583.55 15265.4 2714.05 1365.13 1206.01 1452.72 5560.63 3150.24 5578.76 393.738 753.803 236.812 10131.7 7540.67 9686.62
internal_count=92204 53002 39202 8625 17823 35179 10213 5014 30577 18915 16761 4144 8586 18990 7610 5335 16189 3675 2154 1339 2329 6377 3463 5273 307 1142 350 12613 9112 10916
cat_boundaries=0 1 2 3 4 5 6 7 8 9 10
cat_threshold=1 852127 360959 852383 360479 106555 1 65557 835980 1
is_linear=0
shrinkage=0.05


Tree=23
num_leaves=31
num_cat=8
split_feature=18 18 17 0 0 2 3 3 2 3 17 3 2 4 4 19 3 3 3 3 3 3 3 0 4 8 0 4 2 4
split_gain=3175.2 551.46 420.869 148.015 106.374 96.1659 113.742 100.243 94.0163 150.461 90.5555 76.9124 74.8183 81.2451 68.1437 57.7792 56.3865 53.738 97.2458 49.1621 49.0399 48.0231 54.3108 46.6366 44.7057 50.5195 90.0375 147.019 43.4217 83.5714
threshold=0.13392858207225802 0.66624149680137645 1.0000000180025095e-35 0 1 2 42.500000000000007 80.500000000000014 3 81.500000000000014 0.5000000149011613 45.500000000000007 4 4.5000000000000009 4.5000000000000009 0.59926477074623119 75.500000000000014 44.500000000000007 56.500000000000007 41.500000000000007 54.500000000000007 73.500000000000014 84.500000000000014 5 4.5000000000000009 3.4000000059604649 6 1.0000000180025095e-35 7 4.5000000000000009
decision_type=2 2 2 1 1 1 2 2 1 2 2 2 1 2 2 2 2 2 2 2 2 2 2 1 2 2 1 2 1 2
left_child=2 4 8 11 19 6 -6 14 9 23 -4 -3 13 16 15 -8 -13 -10 -19 -2 -15 -20 -23 -1 25 -5 27 -27 29 -21
right_child=1 3 10 24 5 -7 7 -9 17 -11 -12 12 -14 20 -16 -17 -18 18 21 28 -22 22 -24 -25 -26 26 -28 -29 -30 -31
leaf_value=0.011515456096215345 -0.0089144285844023809 0.0056888424153184597 -0.0047333301953798469 0.0046791638148754389 -0.00057434852528661718 -0.00028938807797171959 0.065606226479511226 -0.011703650116843132 -0.02475027019974458 -0.02343385596830299 0.014413683073023115 0.017730445764724195 0.008323405758906964 0.035279234141571504 0.021558415540507751 0.0092650953792691535 0.0027206369457650559 -0.0036208769287430689 -0.022532703022925378 -0.00060776709861650954 0.020982993696041275 -0.0058753305032662349 -0.022835035494626458 -0.0072201831103437218 0.013343104946192022 0.0048259002004074208 0.002437424174699802 0.11196177405969179 -0.0040968692359137247 0.011573816486669908
leaf_weight=391.66197860240936 1797.0652520656586 1677.692492723465 1754.0860995650291 7021.7224997878075 3040.6206297278404 6128.8000477552414 45.88906341791153 460.93078404664993 5696.5956937372684 1755.7567011713982 953.03746658563614 6266.4899220466614 1983.2489515542984 1005.681403875351 1567.2264469265938 5439.3159709572792 695.10228735208511 973.6713455915451 6074.2975498437881 6403.4024391174316 1486.5016887187958 1057.827848315239 852.45921045541763 1940.6010037064552 2480.851978123188 62.383736073970795 204.48488306999207 65.793783783912659 4374.7958786487579 1804.7922576665878
leaf_count=512 2460 1340 2475 6881 3508 7103 31 613 11721 3572 834 4347 1578 420 1215 5477 536 1639 12121 7706 691 1811 1736 2797 1769 54 207 35 5493 1625
internal_value=-0.000146238 0.00631706 -0.0164213 0.0121948 0.00197447 0.00468938 0.00758504 0.0108871 -0.0190831 -0.0123782 0.00200734 0.0156743 0.0171528 0.0190051 0.0123636 0.00973644 0.0162317 -0.0209534 -0.018539 -0.00117763 0.026752 -0.0203581 -0.0134435 -0.00405545 0.00753139 0.00558116 0.0246203 0.0554898 -7.3624e-05 0.00207068
internal_weight=75462.8 54012.8 21450 22950 31062.8 16682.8 10554 7513.36 18742.9 4088.02 2707.12 13114.7 11437 9453.78 7052.43 5485.21 6961.59 14654.9 8958.26 14380.1 2492.18 7984.58 1910.29 2332.26 9835.24 7354.38 332.662 128.178 12583 8208.19
internal_count=92307 53089 39218 17858 35231 17947 10844 7336 35909 6881 3309 8912 7572 5994 6723 5508 4883 29028 17307 17284 1111 15668 3547 3309 8946 7177 296 89 14824 9331
cat_boundaries=0 1 2 3 4 5 6 7 8
cat_threshold=852125 7487008 1 1 1 328042 32832 1
is_linear=0
shrinkage=0.05


Tree=24
num_leaves=31
num_cat=4
split_feature=18 18 17 18 2 3 18 17 21 17 3 2 19 3 3 3 4 13 3 3 13 3 9 3 1 3 19 1 3 19
split_gain=3042.86 517.699 438.879 137.026 100.729 155.808 99.0049 86.9928 72.0043 74.031 56.7384 61.9807 65.9932 85.4178 53.9393 90.2365 49.2763 47.3734 47.0333 53.4564 46.0026 40.0069 38.6037 37.3195 36.7753 35.1603 41.3535 34.4724 31.9891 31.6473
threshold=0.13392858207225802 0.66624149680137645 1.0000000180025095e-35 1.4298469424247744 0 81.500000000000014 0.32780611515045172 0.5000000149011613 4.3253991603851327 0.92857143282890331 46.500000000000007 1 1.281984329223633 79.500000000000014 44.500000000000007 56.500000000000007 2.5000000000000004 1.0270467996597292 73.500000000000014 84.500000000000014 0.99137932062149059 74.500000000000014 1.0000000180025095e-35 53.500000000000007 2 44.500000000000007 1.459575951099396 3 46.500000000000007 0.83621609210968029
decision_type=2 2 2 2 1 2 2 2 2 2 2 1 2 2 2 2 2 2 2 2 2 2 2 2 1 2 2 1 2 2
left_child=2 6 4 8 5 25 10 -4 28 -10 -2 12 13 24 -6 -16 -11 22 -17 -20 -8 -14 -5 -13 -12 -1 -27 -22 -3 -18
right_child=1 3 7 17 14 -7 20 -9 9 16 11 23 21 -15 15 18 29 -19 19 -21 27 -23 -24 -25 -26 26 -28 -29 -30 -31
leaf_value=-0.0095545631258805441 -0.0058351837013998842 -0.0041679575423871351 -0.0042207618710308646 0.015703790409812002 -0.024775143972517184 -0.023454121688083435 0.0077532519509105214 0.014307775335094353 0.0080200968346418686 0.010678082127462567 0.01012975908210882 0.0039986168380397296 0.012138377940246269 -0.015287599870012393 -0.0040851190688491216 -0.022438284915819506 0.030829014579007032 0.006526286927358964 -0.0058519681686068775 -0.022756230958456063 0.0065842033218492073 0.039925392306672164 0.02458651009656683 -0.0052779546352984758 0.001118069705001868 0.0010075689821713149 0.056024480744097618 -9.7483660825529905e-05 0.0065640168731506679 0.017739800786876994
leaf_weight=1201.3327972888947 4151.2931590676308 810.6940935254097 1746.8517274260521 2319.0948347449303 5543.1099797487259 1708.9125518500805 7155.6779525279999 993.9433211684227 6076.2215011119843 2536.094828248024 1932.2250507473946 1476.001599252224 530.1933918595314 592.13982158899307 968.94810748100281 5959.9004996716976 556.07180315256119 704.81935697793961 1048.6214386224747 844.17345508933067 2998.2094467282295 171.41624075174332 2588.2423046827316 4084.1252063512802 2737.8079295158386 1101.1411086320877 35.248830616474152 5395.9305132031441 4838.6148258447647 2723.8088842630386
leaf_count=1845 5399 779 2476 1446 11691 3559 7439 842 5364 2109 1977 1792 470 825 1636 12163 319 532 1806 1759 2871 148 1173 5180 3185 1443 43 6045 4396 1664
internal_value=-7.71328e-05 0.00618197 -0.0161682 0.0118474 -0.018947 -0.0119791 0.00198097 0.00249857 0.00967176 0.0118797 -0.000823196 0.000982288 0.00452291 0.00260237 -0.0209099 -0.0184812 0.015912 0.0186478 -0.0202576 -0.0133912 0.00480774 0.0189273 0.0203887 -0.00281538 0.00487074 -0.00359065 0.0027141 0.0022968 0.00502394 0.0199589
internal_weight=75530.9 54378.7 21152.2 23153.7 18411.4 4046.64 31225 2740.8 17541.5 11892.2 15675.2 11523.9 5963.78 5262.17 14364.8 8821.64 5815.98 5612.16 7852.7 1892.79 15549.8 701.61 4907.34 5560.13 4670.03 2337.72 1136.39 8394.14 5649.31 3279.88
internal_count=92376 53113 39263 17782 35945 6890 35331 3318 14631 9456 18976 13577 6605 5987 29055 17364 4092 3151 15728 3565 16355 618 2619 6972 5162 3331 1486 8916 5175 1983
cat_boundaries=0 1 2 3 4
cat_threshold=1 1 3 1
is_linear=0
shrinkage=0.05


Tree=25
num_leaves=31
num_cat=10
split_feature=18 18 17 0 0 17 21 17 18 4 21 0 21 0 0 13 21 0 21 0 19 4 21 13 21 0 0 9 17 0
split_gain=2929.39 506.727 418.05 161.885 88.8106 86.682 85.6013 86.4465 74.9843 48.9466 47.1444 40.9012 39.4255 36.9771 36.6827 35.1858 32.6444 36.8682 30.4479 26.6984 26.5466 26.4808 24.5797 26.581 46.7161 24.3774 23.5594 22.9184 23.4773 22.5053
threshold=0.13392858207225802 0.66624149680137645 1.0000000180025095e-35 0 1 1.0714285969734194 4.3253991603851327 0.92857143282890331 0.42474490404129034 2.5000000000000004 4.3394474983215341 2 4.4289610385894784 3 4 0.99137932062149059 4.4185781478881845 5 4.3892645835876474 6 1.0077143907546999 2.5000000000000004 4.4192326068878183 1.0334821343421938 4.4257724285125741 7 8 1.0000000180025095e-35 0.92857143282890331 9
decision_type=2 2 2 1 1 2 2 2 2 2 2 1 2 1 1 2 2 1 2 1 2 2 2 2 2 1 1 2 2 1
left_child=2 5 -1 27 22 8 14 13 11 -9 -7 -2 19 -8 -5 25 17 -11 29 -6 -13 -12 -4 -24 -25 -10 -17 -3 -29 -15
right_child=1 3 4 6 12 10 7 9 15 16 21 20 -14 18 -16 26 -18 -19 -20 -21 -22 -23 23 24 -26 -27 -28 28 -30 -31
leaf_value=-0.018789949696178424 0.0023373003979985981 0.017186875807360506 -0.0016560332357722137 0.0079663179155644772 0.0099351531148681674 -5.1016120993969083e-05 0.013588877589671944 0.010937219049670498 0.0025016095984251741 0.0095248644344770664 0.0034105620065724655 -0.0043685003744818474 -0.013182928080657175 -0.0010398609348469016 9.4059301376190295e-05 0.0065258890551094812 0.037349486844475269 0.021281135832145037 0.0018330974181631481 -0.0020578582299642066 0.00071806842981526648 0.019140148483822075 0.025067048961766467 0.10910150129416687 0.028309399439752192 0.0098114423622872836 -0.00030499790472968049 0.016335239569162222 0.02838903650061881 0.012941168212949728
leaf_weight=18007.007926464081 6394.8689560890198 2087.2930698990822 47.468563437461853 3725.2070338129997 733.52725970745087 653.79922288656235 1920.0332399606705 2895.1685453653336 1740.7047585248947 954.89979654550552 338.1748725771904 7602.3550794124603 506.59704834222794 364.04436719417572 2461.5118827819824 1795.0714127421379 240.43583178520203 2755.0657957792282 2640.4261749386787 1230.5159094929695 3871.2454857826233 1281.5726932883263 135.28053373098373 30.986158549785614 42.342049896717072 3435.3191302418709 4202.0847700238228 578.16801524162292 1340.7041898965836 1465.9770424365997
leaf_count=35832 7257 1261 42 3026 848 680 1511 2335 1882 646 353 9652 775 367 2495 1734 122 1504 2430 1531 4572 876 61 16 27 3599 4750 326 512 1220
internal_value=-2.13271e-05 0.00604071 -0.0160272 0.0116022 0.00221791 0.00187981 0.00969738 0.0119717 0.00114378 0.0158759 0.0112817 -0.000865265 -0.00074343 0.00778956 0.00484721 0.0043567 0.0194953 0.0183383 0.00525663 0.00246138 -0.00264996 0.0158561 0.0296598 0.0382074 0.0624496 0.00737692 0.00175 0.0207611 0.0247572 0.010225
internal_weight=75477.9 54744.1 20733.7 23428.9 2726.72 31315.2 19422.8 13236.1 29041.6 6845.57 2273.55 17868.5 2470.64 6390.48 6186.72 11173.2 3950.4 3709.97 4470.45 1964.04 11473.6 1619.75 256.077 208.609 73.3282 5176.02 5997.16 4006.17 1918.87 1830.02
internal_count=92242 53110 39132 17755 3300 35355 15656 10135 33446 4607 1909 21481 3154 5528 5521 11965 2272 2150 4017 2379 14224 1229 146 104 43 5481 6484 2099 838 1587
cat_boundaries=0 1 2 3 4 5 6 7 8 9 10
cat_threshold=16 32768 852383 1835212 860295 6992896 607007 4758594 851983 4224000
is_linear=0
shrinkage=0.05


Tree=26
num_leaves=31
num_cat=12
split_feature=18 18 17 0 2 7 0 2 7 0 21 2 17 4 4 21 19 0 21 19 18 0 19 0 19 0 2 4 0 7
split_gain=2862.61 464.439 409.877 138.004 100.002 113.414 97.1453 84.9212 79.5392 77.7008 70.8252 82.8008 71.1017 52.7867 52.7828 50.8489 49.639 46.1597 44.556 40.9591 40.5504 38.3538 37.0395 33.6939 33.6125 33.0442 28.9218 28.6402 26.8241 26.8072
threshold=0.12882652878761294 0.66624149680137645 1.0000000180025095e-35 0 1 27.400000572204593 2 3 28.69999980926514 4 4.3253991603851327 5 1.5000000000000002 2.5000000000000004 4.5000000000000009 4.3360893726348886 1.3577621579170229 6 4.3779044151306161 1.0048494935035708 0.66751703619956981 7 1.1388170719146731 8 0.99841430783271801 9 10 4.5000000000000009 11 30.10000038146973
decision_type=2 2 2 1 1 2 1 1 2 1 2 1 2 2 2 2 2 1 2 2 2 1 2 1 2 1 1 2 1 2
left_child=2 6 4 -3 5 -1 7 8 16 -4 23 12 18 -10 -11 -15 -2 22 28 24 -14 -7 -17 -5 26 -9 -8 -23 -12 -20
right_child=1 3 9 10 -6 21 19 25 13 14 11 -13 20 15 -16 17 -18 -19 29 -21 -22 27 -24 -25 -26 -27 -28 -29 -30 -31
leaf_value=-0.01749152078614595 0.0019082261306356337 0.019440685319404797 0.027811388975026458 0.0078975806785416495 -0.020839804439938246 0.014626900623988076 0.001024803108952831 -0.0082910254039173254 0.0070290543498353732 -0.0051963830368996983 0.0055933016385776198 0.0014117085714209095 0.046162067321923198 0.0074856377802268483 0.01143146436502912 0.073131303421885549 0.025901827081613749 0.020506730954043428 0.0039511388024931846 0.0027307179647330943 0.018226220238920624 -0.0079824116604373923 0.02251105328275212 0.00039363264490606783 -0.0077108118465424903 0.0021190686145677365 -0.0045825132481366283 0.021381932863589498 0.018820528436957126 0.010831644181268594
leaf_weight=2705.1909611225128 3515.6626545190811 4095.4550653100014 256.87154316902161 3797.2197110056877 13836.455964595079 349.84978270530701 6689.4694480895996 945.25841003656387 1696.5741077065468 1739.4287736415863 510.93870609998703 1802.5245667099953 135.93208718299866 676.15861332416534 657.73635244369507 92.894519627094269 229.64220702648163 1316.7226412296295 2253.2692722082138 6732.5875628590584 2927.6176724433899 771.65744215250015 59.146201431751251 2477.7511301040649 2205.2225906252861 3763.8248943090439 3504.2657876610756 93.051038980484009 1985.3884178996086 3808.091331243515
leaf_count=5212 3774 2115 145 3059 29131 457 7768 1120 1632 2344 433 1597 41 639 718 49 188 1004 1940 7610 1667 1094 31 2509 2977 4190 4437 119 1381 3099
internal_value=-0.000102913 0.00581091 -0.0161033 0.0110808 -0.0188426 -0.0117927 0.00182102 0.00528627 0.00856426 0.00222387 0.0093281 0.0113826 0.0129292 0.0136193 -0.000631385 0.018832 0.00337939 0.0240554 0.0105892 -0.000408651 0.0194658 0.000900254 0.0501414 0.00494777 -0.00211365 1.63348e-05 -0.000902805 -0.00476739 0.016211 0.00827386
internal_weight=75631.9 55221.6 20410.2 23794.2 17756.2 3919.75 31427.4 12295.9 7586.8 2654.04 19698.7 13423.8 11621.2 3841.5 2397.17 2144.92 3745.3 1468.76 8557.69 19131.5 3063.55 1214.56 152.041 6274.97 12399 4709.08 10193.7 864.708 2496.33 6061.36
internal_count=92480 53260 39220 17841 36013 6882 35419 12627 7317 3207 15726 10158 8561 3355 3062 1723 3962 1084 6853 22792 1708 1670 80 5568 15182 5310 12205 1213 1814 5039
cat_boundaries=0 1 2 3 4 5 6 7 8 9 10 11 12
cat_threshold=16 1 885023 1 32768 1 32768 1605868 860295 33024 1 6962432
is_linear=0
shrinkage=0.05


Tree=27
num_leaves=31
num_cat=6
split_feature=2 3 17 0 3 3 3 3 3 4 3 3 21 21 3 4 3 0 0 0 0 8 4 3 8 4 9 3 4 3
split_gain=1843.76 648.654 552.492 502.166 294.705 303.446 266.075 248.68 220.93 158.632 123.005 83.9031 80.2318 82.4398 74.4655 73.0485 74.2119 70.5697 58.2439 50.5972 45.1021 44.9139 62.5604 42.6221 42.4408 46.7664 77.1297 80.3781 42.3275 41.755
threshold=0 80.500000000000014 1.0000000180025095e-35 1 44.500000000000007 56.500000000000007 74.500000000000014 43.500000000000007 44.500000000000007 4.5000000000000009 84.500000000000014 47.500000000000007 4.3270299434661874 4.4246675968170175 54.500000000000007 4.5000000000000009 83.500000000000014 2 3 4 5 3.4000000059604649 3.5000000000000004 65.500000000000014 1.0000000180025095e-35 5.5000000000000009 1.0000000180025095e-35 76.500000000000014 2.5000000000000004 54.500000000000007
decision_type=1 2 2 1 2 2 2 2 2 2 2 2 2 2 2 2 2 1 1 1 1 2 2 2 2 2 2 2 2 2
left_child=1 3 4 8 -2 11 -7 -5 -1 17 20 -6 23 21 -11 -3 -17 -9 -13 -4 -8 29 -23 -10 25 26 -16 -28 -15 -14
right_child=2 15 19 7 5 6 10 9 12 14 -12 18 13 28 24 16 -18 -19 -20 -21 -22 22 -24 -25 -26 -27 27 -29 -30 -31
leaf_value=0.0032628118783713266 -0.024733152960178681 -0.022606846229176442 0.0039668787244623764 -0.007458000673033708 -0.010618726990778572 -0.02181173783019337 -0.0077887786412495193 -0.0017904986679512691 0.014393513501552111 0.021689881523121339 -0.022078474747624047 0.01174841712930209 0.024507592059355363 0.0090417696297480244 0.0063246665476155445 0.016633609993007351 -0.024829266020586473 0.0053904114235332687 -0.001819598156933193 -0.0041610852331909701 0.0040569786300796327 0.071947193188933445 0.023527354460828678 0.0048963166960608413 -0.0044667143540744894 0.0036564757604564411 0.024980633570768126 0.083366110811864375 0.036592237288855141 0.017163859219132303
leaf_weight=4465.6719278097153 5202.2573311328888 2069.816266477108 5113.8906520605087 4988.1227620244026 1329.9988949298859 6545.0935179889202 1412.9812386631966 5632.5890936851501 2828.7134101390839 1687.4772133827209 890.65285933017731 1436.1903912425041 3011.9470163583755 2590.7091507315636 601.85020059347153 264.09167104959488 182.49116569757462 8697.8460838794708 1745.7095697522163 3047.7580142021179 1836.8407682180405 99.197678446769714 203.69496524333954 2028.5557478070259 525.47443914413452 1019.8084754347801 445.69454050064087 67.932662725448608 147.3425360918045 5416.3628729581833
leaf_count=4284 11679 4040 5070 6866 1980 13515 2089 6624 2043 1211 1886 1554 1584 1922 528 323 406 9478 2230 3795 2307 49 90 1600 490 883 344 48 71 3281
internal_value=-4.46448e-05 0.00604648 -0.0100628 0.0074443 -0.0144615 -0.0109454 -0.0155364 0.00245898 0.0131114 0.00510862 -0.00561649 -7.25045e-05 0.0158132 0.0180942 0.0134736 -0.0186498 -0.000309738 0.00257046 0.0043357 0.000931461 -0.00110489 0.020468 0.0393849 0.0104272 0.00826278 0.0113954 0.0184706 0.0327027 0.0105243 0.0197882
internal_weight=75536.8 46975.4 28561.4 44459 20399.7 15197.5 10685.6 23666.8 20792.2 18678.7 4140.47 4511.9 16326.5 11469.3 4348.24 2516.4 446.583 14330.4 3181.9 8161.65 3249.82 8731.2 302.893 4857.27 2660.76 2135.29 1115.48 513.627 2738.05 8428.31
internal_count=92270 46165 46105 41396 37240 25561 19797 26472 14924 19606 6282 5764 10640 6997 3504 4769 729 16102 3784 8865 4396 5004 139 3643 2293 1803 920 392 1993 4865
cat_boundaries=0 1 2 3 4 5 6
cat_threshold=1 360479 6306816 2958621 4579359 3317568
is_linear=0
shrinkage=0.05


Tree=28
num_leaves=31
num_cat=4
split_feature=18 17 18 18 2 3 13 17 21 4 17 18 3 3 2 7 3 3 21 19 1 19 2 3 3 3 3 13 3 21
split_gain=2573.61 416.421 404.015 124.009 101.72 157.467 80.5173 68.0311 71.9256 102.951 66.335 59.9399 58.1284 107.98 47.5796 89.5589 46.0813 50.6166 44.5378 37.4942 37.1206 46.9545 36.2571 32.6351 32.0496 37.5748 31.8179 31.0294 29.6812 29.147
threshold=0.12882652878761294 1.0000000180025095e-35 0.85331633687019359 0.32780611515045172 0 81.500000000000014 1.0307765007019045 0.6428571641445161 4.3381845951080331 2.5000000000000004 0.5000000149011613 1.6900509595870974 44.500000000000007 56.500000000000007 1 28.69999980926514 73.500000000000014 84.500000000000014 4.3253991603851327 1.3487375974655154 2 0.63636365532875072 3 75.500000000000014 46.500000000000007 53.500000000000007 47.500000000000007 1.0334821343421938 44.500000000000007 4.4276964664459237
decision_type=2 2 2 2 1 2 2 2 2 2 2 2 2 2 1 2 2 2 2 2 1 2 1 2 2 2 2 2 2 2
left_child=1 4 3 14 5 28 11 26 -9 -10 29 18 -6 -14 15 19 -15 -18 -4 -2 21 -17 -11 -21 -16 -26 -5 -28 -1 -3
right_child=2 10 6 7 12 -7 -8 8 9 22 -12 -13 13 16 24 20 17 -19 -20 23 -22 -23 -24 -25 25 -27 27 -29 -30 -31
leaf_value=-0.0084041110963265289 -0.0047743270426663436 0.00074522245229904265 0.006560035649016931 -0.0016157264274996768 -0.024730076815010202 -0.023370895834124113 0.0050042900586005148 0.0015639088048787734 0.0037867829454356731 0.018989863787156131 0.012534708983050036 0.018496654768040112 -0.0018244362521114132 -0.022209672891197421 -0.016080948972948893 0.057126553933407646 -0.0054792454719785203 -0.022600155556075505 0.013645407661622406 -0.0022147899125877254 0.0023921310587692673 0.0099969704101897389 0.0044939882152638345 0.031760144831853118 0.003653760089967051 -0.0056255192985088824 0.0058423931371836503 -0.00024602772361456742 0.003075256332981125 -0.013711623028743484
leaf_weight=1147.630007147789 4363.0152116417885 1180.8643188476562 3302.0805540084839 3213.641862154007 5040.8978162705898 1577.1037831306458 3583.2135660052299 2688.1950615048409 2580.7197290062904 3028.3577790856361 1043.7861843109131 4092.2385511398315 925.89252787828445 5497.0366182029247 525.81548422574997 54.297548294067383 994.83104377985001 762.63614746928215 6755.0931674838066 148.13520783185959 2928.801963031292 1979.8292553424835 503.01376086473465 135.18430441617966 1483.33962059021 4124.1953648924828 7267.295352935791 2938.9945123791695 1105.5555992722511 494.70921701192856
leaf_count=1845 5572 1617 2738 3599 11623 3564 2931 2731 2535 1980 848 1966 1643 12200 699 41 1808 1729 4584 176 3402 1987 460 107 1800 5294 7464 3064 1470 776
internal_value=-3.28e-05 -0.0155303 0.00546854 0.00255805 -0.0184281 -0.0112533 0.0116994 0.00496342 0.00837988 0.0113777 0.00264044 0.0133949 -0.0205067 -0.0179042 -0.000837062 0.00135901 -0.0199564 -0.0129087 0.0113191 -0.00362976 0.00602953 0.0112 0.016925 0.0139962 -0.00427769 -0.00317091 0.00272304 0.00408918 -0.00277161 -0.00352313
internal_weight=75466.4 19770.9 55695.5 37962.8 17051.6 3830.29 17732.6 22220.2 8800.29 6112.09 2719.36 14149.4 13221.3 8180.4 15742.6 9609.26 7254.5 1757.47 10057.2 4646.33 4962.93 2034.13 3531.37 283.32 6133.35 5607.53 13419.9 10206.3 2253.19 1675.57
internal_count=92253 39123 53130 40911 35882 6879 12219 21833 7706 4975 3241 9288 29003 17380 19078 11285 15737 3537 7322 5855 5430 2028 2440 283 7793 7094 14127 10528 3315 2393
cat_boundaries=0 1 2 3 4
cat_threshold=1 1 3 1
is_linear=0
shrinkage=0.05


Tree=29
num_leaves=31
num_cat=6
split_feature=2 3 3 3 3 3 0 3 4 3 9 0 0 4 3 0 3 3 7 17 0 7 13 4 13 13 13 19 4 3
split_gain=1701.49 600.88 532.335 439.842 361.57 508.673 345.645 160.445 129.126 111.663 94.9968 89.41 82.9311 72.8459 68.6031 54.5854 52.0488 50.4509 47.8726 43.3089 42.6267 42.4397 33.1312 31.995 29.9803 29.9618 29.8898 29.3755 40.7624 57.5584
threshold=0 80.500000000000014 44.500000000000007 43.500000000000007 56.500000000000007 74.500000000000014 1 84.500000000000014 4.5000000000000009 46.500000000000007 1.0000000180025095e-35 2 3 4.5000000000000009 83.500000000000014 4 71.500000000000014 54.500000000000007 26.69999980926514 2.0714285373687749 5 24.500000000000004 0.95553359389305126 4.5000000000000009 0.9787137806415559 1.0334821343421938 1.0178799629211428 1.281984329223633 5.5000000000000009 74.500000000000014
decision_type=1 2 2 2 2 2 1 2 2 2 2 1 1 2 2 1 2 2 2 2 1 2 2 2 2 2 2 2 2 2
left_child=1 3 -2 11 9 -6 10 12 20 -4 16 -1 24 -3 -15 18 19 -10 25 22 -8 -12 -5 -23 -7 -11 -22 -19 29 -29
right_child=2 13 4 6 5 7 8 -9 17 15 21 -13 -14 14 -16 -17 -18 27 -20 -21 26 23 -24 -25 -26 -27 -28 28 -30 -31
leaf_value=0.001937403935473137 -0.024738656061034703 -0.02262016373017393 -0.013198084200503736 0.016002752465438162 -0.021517338769301845 0.010180735832172945 -0.0021750294372231073 -0.021589282065512354 0.01877283042802325 0.019841875744624454 0.070008557544645258 -0.0080512242982722654 -0.0069894698537729689 0.015405656869855811 -0.024829266089968553 0.0060356380744213296 0.004361152899579032 0.00044236757642249788 -0.0034333705319943252 0.021039848170060025 0.0064813400951341449 0.015322831949702381 0.0089180404403756616 0.021742646348546651 0.0012089558422449895 0.099161078523591392 0.00019861162931842288 0.012224561691289215 0.0018450176572257658 0.044114494890683191
leaf_weight=4566.5235815048218 4966.4332149922848 1991.7599487602711 1225.1550099849701 2447.8339735865593 6838.9200538396835 1709.5115195512772 4708.6889883875847 925.93077284097672 1595.1068198084831 42.533053278923035 39.013970553874969 4385.5247197151184 2162.0144281983376 272.1516390144825 173.47535356879234 5237.0047053098679 2377.4925021529198 945.72440832853317 2848.6773359179497 1322.2405122518539 4525.6231416463852 5161.6232978701591 5064.1079887151718 3110.2438175082207 2045.0705890655518 16.533545672893524 3254.3711364269257 717.87456798553467 622.32225871086121 176.23059731721878
leaf_count=4649 11704 4042 1854 1719 14340 1839 5537 2001 1113 51 15 6153 3125 328 405 5295 1908 888 3537 665 5053 3611 3955 1254 2367 17 3640 577 509 131
internal_value=-0.000119994 0.00564825 -0.00989054 0.00695733 -0.0066915 -0.0118738 0.00941946 -0.00223527 0.00409378 0.000875375 0.0139239 -0.00296276 0.000793574 -0.0185315 -0.000257145 0.00299234 0.0109281 0.0118457 -0.00250095 0.0126954 0.00157864 0.0179821 0.0112267 0.0177367 0.00527986 0.0420444 0.00384833 0.00735803 0.011671 0.0185102
internal_weight=75475.7 47457.9 28017.8 45020.5 23051.4 13681.4 36068.5 6842.53 16545.9 9369.9 19522.6 8952.05 5916.6 2437.39 445.627 8144.75 11211.7 4057.26 2907.74 8834.18 12488.7 8310.88 7511.94 8271.87 3754.58 59.0666 7779.99 2462.15 1516.43 894.105
internal_count=92282 46152 46130 41377 34426 23672 30575 9332 17448 10754 13127 10802 7331 4775 733 8900 8247 3218 3605 6339 14230 4880 5674 4865 4206 68 8693 2105 1217 708
cat_boundaries=0 1 2 3 4 5 6
cat_threshold=1 884895 360799 4579391 5413472 6305792
is_linear=0
shrinkage=0.05


Tree=30
num_leaves=31
num_cat=10
split_feature=18 17 18 2 3 0 13 3 2 7 3 0 3 3 3 19 3 3 7 2 19 0 3 21 2 9 0 3 0 0
split_gain=2418.82 393.358 349.124 100.671 148.024 99.3967 94.2349 71.5098 70.8423 79.6463 69.8245 62.2664 57.4262 96.2558 56.7571 56.0631 52.8957 51.2671 43.903 43.6549 42.3689 42.0389 41.8596 39.4717 39.4306 50.4902 39.2248 36.8526 36.5112 33.8703
threshold=0.12882652878761294 1.0000000180025095e-35 0.71556124091148388 0 81.500000000000014 1 0.96922349929809581 47.500000000000007 2 28.69999980926514 54.500000000000007 3 44.500000000000007 57.500000000000007 43.500000000000007 0.98526763916015636 73.500000000000014 84.500000000000014 24.19999980926514 4 1.2118085622787478 5 75.500000000000014 4.3155589103698739 6 1.0000000180025095e-35 7 79.500000000000014 8 9
decision_type=2 2 2 1 2 1 2 2 1 2 2 1 2 2 2 2 2 2 2 1 2 1 2 2 1 2 1 2 1 1
left_child=1 3 5 4 26 8 14 -7 9 20 24 -3 -5 -14 -4 -12 -15 -18 -16 29 27 -8 -22 -11 25 -9 -1 -2 -20 -13
right_child=2 11 6 12 -6 7 21 10 -10 23 15 19 13 16 18 -17 17 -19 28 -21 22 -23 -24 -25 -26 -27 -28 -29 -30 -31
leaf_value=0.011528599867852081 0.0034293864407170839 0.023768240852451689 0.00018001216943798766 -0.024736052520155608 -0.023257137331245403 -0.0049176664570667918 0.0096735883018000193 0.005486497546141016 0.00072260160937664248 0.0033290798208155795 -0.0027513769264182176 0.015004733672829293 -0.0040274281501327521 -0.0226117168263428 0.06867149299538515 0.004121729139138902 -0.0050087391493167056 -0.022404334942798334 0.0082384492557203461 -0.0090864331772020218 0.0021822486634464166 0.0028990839537602849 0.031917139401836415 0.014993969204383052 0.0027630595379891099 0.021182722344062752 -0.0059222013850486416 -0.011261396800096579 0.015944270940300771 -0.00066407603195214101
leaf_weight=380.51503109931946 3308.7212095856667 287.3052299618721 729.72920024394989 4827.7307677268982 1494.7896368801594 5260.7528478503227 5389.5039182305336 1223.785802423954 4862.6584101915359 898.49030351638794 7915.1591852903366 514.63456511497498 1091.2497790157795 5050.6220393776894 37.432851850986481 4745.9509820342064 986.3512316942215 742.28915876150131 2002.4854024648666 917.87804761528969 231.38281124830246 4027.3226747512817 242.30609935522079 3760.3675869107246 2491.6349326372147 881.29207360744476 1843.714214682579 490.12858372926712 7968.1722024083138 1012.0608004927635
leaf_count=500 3295 143 563 11696 3533 6787 3736 1252 5310 806 9436 538 2041 11713 12 5024 1816 1759 1587 1390 229 3501 151 2850 2931 788 2789 601 4423 1188
internal_value=-4.43036e-05 -0.0154006 0.00516333 -0.0183239 -0.0110891 0.00223432 0.0104405 0.000185556 0.00557472 0.00822268 0.00174129 0.00216681 -0.0204428 -0.0178094 0.0136422 -0.000175029 -0.0200279 -0.0124785 0.0146238 -0.000467275 0.00329219 0.00678967 0.0173925 0.0127443 0.00701958 0.0120577 -0.00291156 0.00153398 0.0144209 0.00471166
internal_weight=75616.4 19149.1 56467.3 16417.3 3719.02 36312.6 20154.6 22518.6 13794.1 8931.4 17257.8 2731.88 12698.2 7870.51 10737.8 12661.1 6779.26 1728.64 10008.1 2444.57 4272.54 9416.83 473.689 4658.86 4596.71 2105.08 2224.23 3798.85 9970.66 1526.7
internal_count=92388 39106 53282 35847 6822 39460 13822 26218 13242 7932 19431 3259 29025 17329 6585 14460 15288 3575 6022 3116 4276 7237 380 3656 4971 2040 3289 3896 6010 1726
cat_boundaries=0 1 2 3 4 5 6 7 8 9 10
cat_threshold=1 360607 1 32768 1 1900695 1 65898 7061248 344983
is_linear=0
shrinkage=0.05


Tree=31
num_leaves=31
num_cat=7
split_feature=2 17 0 16 7 7 4 17 4 17 7 8 7 21 0 19 0 0 19 7 4 6 9 7 4 7 21 0 7 4
split_gain=1568.05 485.785 396.903 246.17 218.097 154.192 104.677 87.8566 82.7855 78.8277 86.2746 53.7892 99.0075 50.0355 42.9348 41.5555 40.2351 38.6527 33.7823 42.9371 39.1993 33.6248 33.5445 32.9603 31.0605 36.5645 30.882 30.5377 30.5052 30.2407
threshold=0 1.0000000180025095e-35 1 0.18750000000000003 30.10000038146973 27.10000038146973 4.5000000000000009 1.0000000180025095e-35 4.5000000000000009 0.35714286565780645 26.10000038146973 3.4000000059604649 23.69999980926514 4.4028027057647714 2 1.0048494935035708 3 4 1.459575951099396 24.800000190734867 5.5000000000000009 5 1.0000000180025095e-35 24.500000000000004 4.5000000000000009 32.100000381469734 4.3409636020660409 6 28.899999618530277 3.5000000000000004
decision_type=1 2 1 2 2 2 2 2 2 2 2 2 2 2 1 2 1 1 2 2 2 1 2 2 2 2 2 1 2 2
left_child=2 3 5 13 9 7 16 11 17 10 18 23 -13 24 28 -14 -6 -7 -4 -20 -21 -12 -23 -1 25 -2 -8 -5 -3 -11
right_child=1 14 4 27 6 8 26 -9 -10 29 21 12 15 -15 -16 -17 -18 -19 19 20 -22 22 -24 -25 -26 -27 -28 -29 -30 -31
leaf_value=-0.023861687007385359 -0.014295819525797613 0.0082405812872799675 -0.014404559607254617 0.00649832943285698 0.0084552786588588651 0.015951692703786793 0.0038721949406303642 0.0084823299421176983 0.018119792207196485 -0.0016042535297419521 -0.0068818182581074604 -0.012100746699360712 0.016916619201075265 -0.020919978929917229 -0.0035660722462881374 0.070870600434097222 0.0011979623540533859 0.0090152965739939885 -0.024829265588329038 0.097916806953799479 0.0067101436196637986 -0.0038471780605975909 0.0054074285896856082 -0.0059010921624525021 -0.019172648879139928 -0.0047446116177778256 0.01730039748043204 -0.0048526083549279867 0.00012043667276721424 0.0067902988841020313
leaf_weight=310.05253621935844 8990.4101675152779 2086.4929078221321 2556.4271413385868 1257.1988769769669 2790.0471659898758 2505.8382211923599 531.33185243606567 2334.0221280455589 4513.4867187142372 2221.7427012324333 2848.250140786171 172.84022733569145 70.665648818016052 4003.2882871329784 3524.196058422327 72.100414514541626 6043.2107102274895 11135.019257843494 33.600634932518005 21.99663046002388 25.365091532468796 2220.9420671463013 1751.1835250258446 1450.2192032933235 2810.8675187528133 1127.7266818881035 2205.0971730947495 1103.7145110964775 2595.2213959693909 2074.6649076342583
leaf_count=663 17992 2069 4471 1288 2853 1297 477 1854 2102 2547 4002 210 58 9111 4288 24 6791 8434 78 28 34 2687 2070 2024 5497 2042 1512 1318 2495 1873
internal_value=-7.63961e-05 -0.00959241 0.00538805 -0.0139265 0.00108855 0.0102084 0.00614824 0.00182667 0.01225 -0.00316675 -0.00571799 -0.00565666 0.0133512 -0.0160354 0.00059753 0.0441647 0.00350117 0.0103078 -0.0133975 0.0184007 0.0490701 -0.00274837 0.000232298 -0.00906465 -0.014523 -0.0132313 0.014693 0.0011988 0.00373136 0.00244934
internal_weight=75387.2 27499.1 47888.1 19293.2 25323.9 22564.2 11569.7 4409.9 18154.3 13754.2 9457.77 2075.88 315.606 16932.3 8205.91 142.766 8833.26 13640.9 2637.39 80.9624 47.3617 6820.38 3972.13 1760.27 12929 10118.1 2736.43 2360.91 4681.71 4296.41
internal_count=92189 46100 46089 37248 29423 16666 11633 4833 11833 17790 13370 2979 292 34642 8852 82 9644 9731 4611 140 62 8759 4757 2687 25531 20034 1989 2606 4564 4420
cat_boundaries=0 1 2 3 4 5 6 7
cat_threshold=1 360479 4513823 1704320 16 1 2435613
is_linear=0
shrinkage=0.05


Tree=32
num_leaves=31
num_cat=5
split_feature=18 17 18 2 3 17 3 13 2 3 9 4 17 3 3 3 21 1 3 3 9 4 3 7 3 3 2 21 1 21
split_gain=2249.09 386.253 306.369 95.8859 141.499 93.5236 75.7974 75.0339 73.3979 81.3499 76.168 65.5364 60.5471 59.7552 92.1793 57.7583 52.5178 52.3252 51.2652 53.5041 50.7157 47.7991 41.2248 42.5363 40.6136 42.0791 33.3292 32.5312 31.5355 29.1244
threshold=0.13392858207225802 1.0000000180025095e-35 0.71556124091148388 0 81.500000000000014 1.0714285969734194 46.500000000000007 1.0307765007019045 1 79.500000000000014 1.0000000180025095e-35 4.5000000000000009 1.0714285969734194 44.500000000000007 56.500000000000007 45.500000000000007 4.3876445293426523 2 73.500000000000014 84.500000000000014 1.0000000180025095e-35 3.5000000000000004 53.500000000000007 27.10000038146973 75.500000000000014 56.500000000000007 3 4.4289610385894784 4 4.4395930767059335
decision_type=2 2 2 1 2 2 2 2 1 2 2 2 2 2 2 2 2 1 2 2 2 2 2 2 2 2 1 2 1 2
left_child=1 3 5 4 -1 6 26 15 9 10 28 -11 27 -5 -15 -4 -7 -12 -16 -20 -17 -19 23 -10 25 -24 -2 -3 -8 -25
right_child=2 12 7 13 -6 16 8 -9 22 11 17 -13 -14 14 18 20 -18 21 19 -21 -22 -23 24 29 -26 -27 -28 -29 -30 -31
leaf_value=-0.0030818314045009832 -0.0020619809495276884 0.0022209537906384795 0.0024930679808929778 -0.024731686430128824 -0.023145533590829919 0.0041438622884649853 0.0058461335884099795 0.0037910544183272403 0.028369104466220527 -0.014306749586956633 0.0027425398953381426 0.020130819023910465 0.021466724812978857 -0.0024216562978532957 -0.022040430551422425 0.0096419432043945274 0.016599312772936241 0.0093378092724295085 -0.0042660526852407992 -0.022410582670542037 0.015551376224772682 0.020616143407461526 -0.0021003616011813311 0.0045152036423253957 0.0004541194698396101 -0.014370311805659286 -0.014251024649794981 -0.011978526337281067 -0.00027313806006370528 -0.0076158794507999259
leaf_weight=2218.6525702476501 6990.2935440540314 1933.4409083127975 1659.8143215179443 4611.6397118270397 1455.1014624238014 1782.6863877177238 4169.1891186833382 4135.1739484667778 165.41860431432724 860.06049382686615 1703.6452406048775 164.59043896198273 351.00232321023941 892.55397355556488 5037.9467919766903 7967.5187727212906 1611.2066433429718 2717.5285434126854 962.88456618785858 702.86189559102058 6670.2754275798798 1435.7886088490486 1572.8871290683746 2857.4379864931107 3599.2016565799713 1257.2959884405136 609.7422297000885 509.6983160674572 4249.5598231554031 598.37153345346451
leaf_count=3303 8424 2339 1222 11652 3567 1597 3922 3328 185 1167 1738 149 171 1628 12131 5636 956 2682 1810 1732 3584 1090 1839 3252 4383 1661 828 814 4734 678
internal_value=-4.31285e-05 -0.0150947 0.00490777 -0.0181108 -0.0110287 0.00215388 0.00133989 0.00980625 0.00265291 0.00483343 0.00581019 -0.00877502 0.0020484 -0.0202421 -0.0175164 0.0113325 0.0100569 0.0101889 -0.0195262 -0.0119221 0.0123348 0.0132049 -0.00066656 0.00360032 -0.0030698 -0.00755123 -0.00303989 -0.000741403 0.00276391 0.00241471
internal_weight=75453.5 18675.8 56777.7 15881.6 3673.75 36344.9 32951 20432.8 25351 15300.4 14275.7 1024.65 2794.14 12207.9 7596.25 16297.6 3393.89 5856.96 6703.69 1665.75 14637.8 4153.32 10050.6 3621.23 6429.38 2830.18 7600.04 2443.14 8418.75 3455.81
internal_count=92202 39147 53055 35823 6870 39285 36732 13770 27480 15482 14166 1316 3324 28953 17301 10442 2553 5510 15673 3542 9220 3772 11998 4115 7883 3500 9252 3153 8656 3930
cat_boundaries=0 1 2 3 4 5
cat_threshold=1 1 8 1 3
is_linear=0
shrinkage=0.05


Tree=33
num_leaves=31
num_cat=7
split_feature=18 18 2 3 13 3 3 3 3 7 19 3 3 2 4 3 2 4 3 1 3 7 7 2 3 1 18 18 21 1
split_gain=2155.96 292.276 279.442 218.401 96.6103 91.1083 119.18 91.8458 68.3438 65.2924 67.5832 63.4027 62.7836 74.6688 70.9588 103.296 53.6479 57.9556 52.5495 51.4367 41.8732 42.1554 39.9342 38.6752 37.6393 36.5649 51.013 36.155 36.1533 33.8508
threshold=0.12882652878761294 0.66624149680137645 0 82.500000000000014 1.0386904478073122 44.500000000000007 56.500000000000007 73.500000000000014 84.500000000000014 28.69999980926514 1.4481241106987002 45.500000000000007 46.500000000000007 1 4.5000000000000009 79.500000000000014 2 4.5000000000000009 54.500000000000007 3 53.500000000000007 28.899999618530277 27.10000038146973 4 46.500000000000007 5 0.66751703619956981 0.9961734712123872 4.3394474983215341 6
decision_type=2 2 1 2 2 2 2 2 2 2 2 2 2 1 2 2 1 2 2 1 2 2 2 1 2 1 2 2 2 1
left_child=2 12 3 9 11 -4 24 -8 -9 10 -1 -3 23 14 15 19 17 25 -19 -14 22 -22 -15 -2 -7 26 -13 -28 -16 -11
right_child=1 4 5 -5 -6 6 7 8 -10 29 -12 16 13 20 28 -17 -18 18 -20 -21 21 -23 -24 -25 -26 -27 27 -29 -30 -31
leaf_value=-0.0069129793222538413 -0.0014604235170123283 0.002388936016553378 -0.024729308200828744 -0.023489197147740698 0.0021705620983494219 -0.011655436529206531 -0.021967491529805021 -0.0027819336959542468 -0.021906196513547471 0.01672499517173634 0.033606400816208061 0.039392988275131602 0.0079686700780167308 0.027990499891201816 0.0020306805980872052 -0.014167625322097088 0.0049034915938062536 0.023496267081509148 0.01221089211585729 0.00093952660288893148 8.2688123087627664e-06 -0.0084490458304203597 0.00255907214407503 -0.014422629921104158 0.005711574279372137 0.0035643383383700748 0.0061923326077524717 0.013073883126389661 0.014264524406114086 0.0021319431247130999
leaf_weight=2263.3039491474628 6714.0683438777924 2344.0197052359581 4501.9027072489262 1268.5924717783928 4662.9927888512611 550.33355087041855 5171.6174018085003 1335.7625595033169 718.42302665114403 642.11827492713928 107.81087046861649 162.71618258953094 5125.9419823884964 161.8712232708931 791.14083808660507 806.63013815879822 2921.0207650661469 1890.3050986528397 2270.5087139010429 5298.6808932423592 4038.2430922985077 2319.8712636828423 3328.0589014291763 629.40614157915115 720.34693247079849 1683.9833821058273 2644.9314609766006 6856.9501909017563 2551.5561714172363 1045.1564448475838
leaf_count=3429 8138 1825 11655 3170 3861 1009 12565 2320 1793 592 120 47 4803 179 749 1127 2338 777 1032 6104 4951 2894 3816 866 1122 1718 2086 4098 1783 1311
internal_value=-0.000100775 0.0046806 -0.0150259 -0.0053811 0.00867451 -0.0189785 -0.0159315 -0.0184148 -0.00947038 0.000279217 -0.00507063 0.0101344 0.00148232 0.00270125 0.00497391 0.00307056 0.0111195 0.0122902 0.017338 0.00440441 -0.000662031 -0.00307753 0.00373864 -0.00257141 -0.0018101 0.0104395 0.0116217 0.0111583 0.0113691 0.00779731
internal_weight=75528.3 57202.9 18325.4 5326.98 25437.4 12998.4 8496.48 7225.8 2054.19 4058.39 2371.11 20774.4 31765.5 24422 14574 11231.3 18430.4 15509.4 4160.81 10424.6 9848.04 6358.11 3489.93 7343.47 1270.68 11348.6 9664.6 9501.88 3342.7 1687.27
internal_count=92278 53192 39086 8622 17782 30464 18809 16678 4113 5452 3549 13921 35410 26406 14566 12034 12096 9758 1809 10907 11840 7845 3995 9004 2131 7949 6231 6184 2532 1903
cat_boundaries=0 1 2 3 4 5 6 7
cat_threshold=1 1 1 3 1 3 3
is_linear=0
shrinkage=0.05


Tree=34
num_leaves=31
num_cat=7
split_feature=18 0 2 3 3 3 18 3 2 3 4 3 0 3 0 3 19 19 7 3 3 2 4 3 3 13 13 0 3 3
split_gain=2068.94 303.779 262.048 209.461 99.3044 123.153 98.481 95.2287 85.6188 122.304 84.344 72.7679 72.7084 70.6544 65.4695 52.0501 49.6072 45.6739 38.7941 37.7848 48.2583 39.921 39.6427 38.4155 33.1204 32.8211 31.2864 30.8019 28.2886 27.9923
threshold=0.12882652878761294 0 1 82.500000000000014 44.500000000000007 56.500000000000007 1.0114796161651614 73.500000000000014 2 43.500000000000007 4.5000000000000009 84.500000000000014 3 77.500000000000014 4 54.500000000000007 0.59926477074623119 1.2397086620330813 28.69999980926514 80.500000000000014 46.500000000000007 5 4.5000000000000009 55.500000000000007 46.500000000000007 1.0566239356994631 0.90504807233810436 6 44.500000000000007 75.500000000000014
decision_type=2 1 1 2 2 2 2 2 1 2 2 2 1 2 1 2 2 2 2 2 2 1 2 2 2 2 2 1 2 2
left_child=2 6 3 12 -4 24 19 -7 9 -3 13 27 -1 14 16 -12 -11 18 -14 20 -2 22 -22 -24 -6 -18 -17 -9 -8 -25
right_child=1 8 4 -5 5 7 28 11 -10 10 15 -13 17 -15 -16 26 25 -19 -20 -21 21 -23 23 29 -26 -27 -28 -29 -30 -31
leaf_value=-0.0053914622049341032 0.0021709760185531857 -0.0049831929151392326 -0.024738208608874532 -0.023460634525607583 -0.010453407620754154 -0.021696437924457131 0.0014994581026407975 0.013499242836978587 -0.0029399561570578932 0.067003664755759959 0.016655887593720647 -0.021753236544310973 -0.0019530023039237095 -0.0089221647927376132 0.0010147987655488582 0.041466526182269731 0.0094936920973817673 0.028625452812518461 0.015170303348895922 -0.0031593699489114533 0.0088042030154368012 0.0047307581826607492 0.031255818688841683 0.0098830934179864587 0.0058748868505311812 -0.0003968314822168578 0.005302160587912926 -0.0056470551720587568 0.013471986395807607 0.02816503151644565
leaf_weight=2487.6224159896374 3838.8546006083488 4053.6988288760185 4392.8362361490726 1242.1174173951149 542.57633811235428 5059.3280437886715 522.24332344532013 250.85786113142967 8287.150580406189 35.390355706214905 1930.8112580180168 715.20784187316895 841.48359152674675 1200.7216606736183 8742.427364885807 61.08985048532486 4415.412070274353 234.77815312147141 545.00587886571884 982.93044722080231 4919.2072279453278 3941.1335525512695 397.61017465591431 1052.939111828804 726.28613781929016 1035.5087933540344 2842.5471993088722 1074.2490371465683 8926.6012459993362 261.34887981414795
leaf_count=3595 3680 5272 11656 3175 1002 12565 334 363 10149 26 1210 1819 1193 1475 9794 44 3834 216 492 1151 3725 3851 176 588 1126 1010 2197 1934 4520 148
internal_value=-2.11577e-05 0.00462452 -0.014756 -0.00546843 -0.0186504 -0.0154548 0.00878852 -0.0180191 0.00144866 0.00294485 0.00453082 -0.00890035 -2.93804e-05 0.00272517 0.00370805 0.0102937 0.00798334 0.00818083 0.00477788 0.00632568 0.00697262 0.00871614 0.0110848 0.0176382 -0.00110723 0.00761479 0.00606303 -0.00196319 0.0128103 0.0135185
internal_weight=75560 57447.6 18112.3 5351.01 12761.3 8368.51 24842.9 7099.64 32604.8 24317.6 20263.9 2040.31 4108.89 15429.5 14228.7 4834.45 5486.31 1621.27 1386.49 15394 14411.1 10572.2 6631.11 1711.9 1268.86 5450.92 2903.64 1325.11 9448.84 1314.29
internal_count=92320 53184 39136 8671 30465 18809 18173 16681 35011 24862 19590 4116 5496 16139 14664 3451 4870 1901 1685 13319 12168 8488 4637 912 2128 4844 2241 2297 4854 736
cat_boundaries=0 1 2 3 4 5 6 7
cat_threshold=327711 1 1 7487008 573632 1 106522
is_linear=0
shrinkage=0.05


Tree=35
num_leaves=31
num_cat=9
split_feature=18 17 0 2 7 2 4 18 0 0 7 4 0 19 19 21 7 9 0 9 0 7 21 21 0 21 4 19 4 19
split_gain=1986.78 363.85 265.76 101.203 104.965 91.8375 88.385 82.4309 73.9506 62.4125 49.541 37.6911 37.3132 37.0662 35.459 40.7635 36.6479 34.9148 29.1681 29.1326 30.4986 28.5237 26.9178 38.4736 45.7173 27.4945 37.4725 53.6335 30.7512 26.4624
threshold=0.12882652878761294 1.0000000180025095e-35 0 1 26.10000038146973 2 4.5000000000000009 0.85331633687019359 3 4 27.400000572204593 4.5000000000000009 5 1.5023272037506106 0.59926477074623119 4.4228515625000009 31.500000000000004 1.0000000180025095e-35 6 1.0000000180025095e-35 7 30.500000000000004 4.3348309993743905 4.436152696609498 8 4.4178998470306405 2.5000000000000004 1.0048494935035708 2.5000000000000004 0.81459057331085216
decision_type=2 2 1 1 2 1 2 2 1 1 2 2 1 2 2 2 2 2 1 2 1 2 2 2 1 2 2 2 2 2
left_child=1 3 7 4 -1 6 8 -2 14 -3 13 -11 -6 -8 15 -4 22 -9 -7 -12 -21 -10 -16 24 25 26 27 -24 -27 -26
right_child=2 9 5 -5 12 18 10 17 21 11 19 -13 -14 -15 16 -17 -18 -19 -20 20 -22 -23 23 -25 29 28 -28 -29 -30 -31
leaf_value=-0.018915969847159451 0.0053496545490823002 0.023585838154027733 0.0057258470465425936 -0.01996310830747669 0.0094721400378487402 -0.0095459081006078958 -0.0019262103315031869 0.0085914869321976495 -0.0046334264946862975 -0.0045038367333699687 0.0056106882502385382 0.009158984111780866 -0.0063525707660187633 0.045478817797279865 -0.0015068220133094012 0.08394677642422356 0.0091294470912051933 0.013796736486205686 -0.0017094766732623321 0.020384451428139966 0.009582957944363318 0.0012218539857283932 0.009378386042246771 -0.0021523403247175718 0.018937359786181975 -0.0047561606292599147 -0.0038163162732273437 0.053552715132240171 0.037504999677346537 0.0019000245523400783
leaf_weight=1792.5705924630165 12031.577124297619 291.52352511882782 37.636910378932953 11538.879515498877 513.2524022758007 1429.3626111149788 1226.9105715751648 6676.9891701340675 4827.7272016406059 1734.2807870209217 1678.7147886157036 712.01078182458878 1286.1351299583912 42.669347405433655 2947.8043743371964 29.877902328968048 2572.2412319779396 6225.0812801122665 6875.8022938370705 1117.938522040844 1743.6877040863037 3654.3535604476929 239.71245354413986 1424.3553799390793 258.18760311603546 52.30879932641983 240.328000664711 96.323159635066986 243.04449594020844 1943.5608115196228
leaf_count=4161 10900 144 31 29052 718 1704 1300 4232 6031 2376 1358 741 2032 32 3192 20 2360 2951 8498 703 1125 4074 195 1569 269 47 183 47 100 2191
internal_value=-8.05898e-05 -0.0146466 0.00443681 -0.0176816 -0.0103525 0.00146872 0.00301622 0.0083234 0.00133209 0.00212654 0.00839838 -0.000525028 -0.00182144 -0.000332973 0.00422346 0.0403416 0.00398426 0.011103 -0.00307172 0.0108399 0.0139074 -0.0021083 0.00220675 0.00464056 0.00778864 0.0174159 0.0112591 0.0220408 0.0300203 0.00388028
internal_weight=75484.8 17868.7 57616.2 15130.8 3591.96 32682.5 24377.4 24933.6 18567.5 2737.82 5809.92 2446.29 1799.39 1269.58 10085.4 67.5148 10017.9 12902.1 8305.16 4540.34 2861.63 8482.08 7445.63 4497.82 3073.47 871.717 576.364 336.036 295.353 2201.75
internal_count=92336 39224 53112 35963 6911 35029 24827 18083 20309 3261 4518 3117 2750 1332 10204 51 10153 7183 10202 3186 1828 10105 7793 4601 3032 572 425 242 147 2460
cat_boundaries=0 1 2 3 4 5 6 7 8 9
cat_threshold=327711 1 1 1753536 32768 623081 1085440 1704928 32768
is_linear=0
shrinkage=0.05


Tree=36
num_leaves=31
num_cat=9
split_feature=18 17 0 2 3 2 3 3 2 4 3 3 3 0 3 3 21 21 3 3 21 0 3 8 0 19 2 0 16 3
split_gain=1928.68 357.921 262.79 114.939 116.836 96.7702 134.948 79.4198 70.2733 99.3662 69.0493 62.1916 97.8086 59.9593 53.318 53.1851 52.0505 54.0729 47.7905 45.8151 37.0312 36.8307 36.6712 37.4195 41.8357 36.5143 35.5883 35.2648 34.1795 28.8095
threshold=0.13392858207225802 1.0000000180025095e-35 0 1 42.500000000000007 2 81.500000000000014 41.500000000000007 3 4.5000000000000009 79.500000000000014 44.500000000000007 57.500000000000007 4 73.500000000000014 84.500000000000014 4.3253991603851327 4.4332523345947275 76.500000000000014 54.500000000000007 4.4310560226440439 5 46.500000000000007 3.4000000059604649 6 1.2286298871040346 7 8 0.81250000000000011 46.500000000000007
decision_type=2 2 1 1 2 1 2 2 1 2 2 2 2 1 2 2 2 2 2 2 2 1 2 2 1 2 1 1 2 2
left_child=1 5 3 4 -2 6 21 -4 9 18 16 -7 -13 -3 -14 -16 29 20 27 -11 -18 -1 -5 24 -24 -12 -15 -9 -25 -6
right_child=2 13 7 22 10 11 -8 8 -10 19 25 12 14 26 15 -17 17 -19 -20 -21 -22 -23 23 28 -26 -27 -28 -29 -30 -31
leaf_value=0.012020745023859598 0.00097698073950068303 0.022547016247466418 -0.007130240756930438 -0.014782896849939248 -0.0041910059222957713 -0.024710362934976145 -0.022916561501699927 -0.0052551973141561079 -0.002290754056931472 0.015514031750987485 -0.010678344606709125 -0.0027922136804764408 -0.022221704586746861 0.0038719609104796793 -0.0038115287309188916 -0.022456151666987077 0.014635476145745344 0.0067248552467554686 -0.0076793680411612782 0.0054503688759005298 0.062899116189123971 -0.0055453591278189183 -0.0094369143060075052 0.013700904826313701 0.0035231458479987425 0.021332390019031575 -0.0084779086423581399 0.0032102656012512431 0.06524086111967374 0.0085186188760111511
leaf_weight=346.80567270517349 3464.2776104211807 301.3011862039566 2737.4390200376511 313.54614698886871 491.80504560470581 4205.1436097025871 1333.1913660764694 1369.2888059020042 7447.2532327771187 2004.0503876209259 526.46751546859741 1030.0833265185356 4506.1277463138103 1566.1351815462112 923.02994492650032 653.1502266228199 10415.626353740692 2570.1873159408569 1320.7076285481453 2595.8041586279869 39.895869255065918 1830.8248038291931 694.78465390205383 164.80591678619385 5372.1980939507484 107.23185628652573 929.58648380637169 11500.474090695381 39.968856871128082 4773.916079223156
leaf_count=449 3300 146 3815 393 392 11674 3548 1620 9271 1312 626 2037 11832 1748 1787 1754 5392 1758 1639 2021 27 2840 765 159 4996 64 1438 12351 33 3217
internal_value=-6.25127e-05 -0.0145458 0.00434257 0.00770852 0.00941907 -0.0176403 -0.0103882 0.000973662 0.00181954 0.00344859 0.0109644 -0.01989 -0.01704 0.00185983 -0.019453 -0.0115376 0.0115266 0.0132224 0.00137846 0.00983487 0.0148196 -0.00271808 0.00190451 0.00273876 0.00202923 -0.00526163 -0.000725114 0.00230799 0.0237607 0.00733157
internal_weight=75575.1 17625.4 57949.7 28974.7 22389.4 14828.4 3510.82 28975 26237.6 18790.3 18925.1 11317.5 7112.39 2797.02 6082.31 1576.18 18291.4 13025.7 14190.5 4599.85 10455.5 2177.63 6585.3 6271.76 6066.98 633.699 2495.72 12869.8 204.775 5265.72
internal_count=92404 39253 53151 21122 14776 35921 6837 32029 28214 18943 11476 29084 17410 3332 15373 3541 10786 7177 15610 3333 5419 3289 6346 5953 5761 690 3186 13971 192 3609
cat_boundaries=0 1 2 3 4 5 6 7 8 9
cat_threshold=360479 1 1 1 32768 328040 32768 1 4198400
is_linear=0
shrinkage=0.05


Tree=37
num_leaves=31
num_cat=4
split_feature=18 17 18 2 3 17 4 3 3 3 17 3 13 3 3 9 3 7 2 3 19 21 13 13 1 4 1 3 3 4
split_gain=1867.54 336.252 223.093 100.216 137.993 78.8914 72.8694 63.1823 94.5678 61.6091 57.7193 54.9035 51.3765 51.232 51.6673 41.9404 36.9253 34.348 32.55 32.1395 31.9328 30.5932 29.6778 29.5687 29.0141 26.1887 23.2361 22.7363 21.7522 21.3946
threshold=0.13392858207225802 1.0000000180025095e-35 0.85331633687019359 0 81.500000000000014 0.35714286565780645 4.5000000000000009 44.500000000000007 56.500000000000007 47.500000000000007 0.5000000149011613 80.500000000000014 0.97295320034027111 73.500000000000014 84.500000000000014 1.0000000180025095e-35 43.500000000000007 24.19999980926514 1 44.500000000000007 1.459575951099396 4.3403015136718759 0.99137932062149059 1.0444663763046267 2 4.5000000000000009 3 76.500000000000014 46.500000000000007 4.5000000000000009
decision_type=2 2 2 1 2 2 2 2 2 2 2 2 2 2 2 2 2 2 1 2 2 2 2 2 1 2 1 2 2 2
left_child=1 3 5 4 19 9 23 -5 -9 -2 -3 15 16 -10 -15 -11 -4 -18 24 -1 26 -8 -23 28 -17 -20 27 -21 -7 -14
right_child=2 10 12 7 -6 6 21 8 13 11 -12 -13 29 14 -16 18 17 -19 25 20 -22 22 -24 -25 -26 -27 -28 -29 -30 -31
leaf_value=-0.0084789194751291996 -0.0042706014172417687 -0.0043525894691652965 -0.00099448121632784883 -0.024731477514391739 -0.022954471411707977 -0.00086478985279881792 0.00035034225456753411 -0.0015452474100414149 -0.021790187595311108 0.00024333705282772585 0.010329798877848032 -0.0070326474156246601 0.0042276296183297816 -0.0037835066320853275 -0.022249603835982075 0.0012624760629225192 0.057520511468341085 0.011483574068342462 0.0039529649346955265 0.022529233807571079 0.047965958666354919 0.016843105547782535 0.0079009521713569158 -0.0019590268483654638 0.010636465163097995 -0.0081215313529753221 -0.0028714098068351422 -0.0066542994404143064 0.0052016461320987884 0.0097379032126527747
leaf_weight=1097.8361322283745 5875.8682686686516 1694.6110050976276 610.45235627889633 4090.4775892496109 1306.8102422058582 1842.3103095889091 671.17805761098862 876.13744193315506 4557.3029443919659 8138.3654592037201 1106.4003293514252 1623.9040701985359 6267.0151474475861 928.92826840281487 639.61869165301323 1133.9747269749641 40.680134773254395 10052.918118834496 1771.9266310334206 217.49000096321106 39.150920450687408 1692.9682396650314 2053.1485990285873 2680.3393600583076 3160.6182715892792 601.51783978939056 743.63884365558624 96.286288022994995 7465.6409087777138 2450.301945745945
leaf_count=1848 7513 2468 448 11640 3560 1960 628 1646 12216 9061 845 2220 4975 1805 1757 1213 9 5536 2173 239 42 1078 1376 2851 2868 744 1047 138 7140 1269
internal_value=-4.76673e-05 -0.0144209 0.00425312 -0.0174665 -0.0100915 0.0020592 0.00469117 -0.0197943 -0.0169101 0.000123466 0.00144696 0.00169489 0.00862615 -0.0191076 -0.0113136 0.00265209 0.0109469 0.0116691 0.00559198 -0.00243137 0.00362319 0.0101808 0.0119421 0.0026684 0.008189 0.000892845 0.0019814 0.0131547 0.00400092 0.00577648
internal_weight=75527.8 17394.7 58133.1 14593.7 3501.21 38711.8 16405.6 11092.5 7001.99 22306.2 2801.01 16430.3 19421.4 6125.85 1568.55 14806.4 10704.1 10093.6 6668.04 2194.4 1096.57 4417.29 3746.12 11988.3 4294.59 2373.44 1057.42 313.776 9307.95 8717.32
internal_count=92313 39251 53062 35938 6874 40825 15033 29064 17424 25792 3313 18279 12237 15778 3562 16059 5993 5545 6998 3314 1466 3082 2454 11951 4081 2917 1424 377 9100 6244
cat_boundaries=0 1 2 3 4
cat_threshold=1 1 8 3
is_linear=0
shrinkage=0.05


Tree=38
num_leaves=31
num_cat=5
split_feature=2 3 3 3 3 0 3 3 3 3 9 4 4 0 3 0 13 3 13 4 21 17 4 3 7 3 6 4 13 3
split_gain=1147.77 498.981 421.839 302.337 446.374 285.001 139.971 134.853 132.226 89.5915 83.7453 82.4223 73.6914 62.9184 61.5556 56.1419 40.4233 37.2718 37.9517 73.679 169.87 52.7114 36.6935 34.795 33.7526 32.2761 36.7386 31.3287 26.5198 25.9096
threshold=0 44.500000000000007 80.500000000000014 56.500000000000007 74.500000000000014 1 41.500000000000007 44.500000000000007 84.500000000000014 46.500000000000007 1.0000000180025095e-35 4.5000000000000009 4.5000000000000009 2 83.500000000000014 3 1.0386904478073122 74.500000000000014 1.0334821343421938 2.5000000000000004 4.4149835109710702 1.928571403026581 4.5000000000000009 61.500000000000007 26.69999980926514 54.500000000000007 4 1.5000000000000002 0.97095960378646862 45.500000000000007
decision_type=1 2 2 2 2 1 2 2 2 2 2 2 2 1 2 1 2 2 2 2 2 2 2 2 2 2 1 2 2 2
left_child=2 -2 5 9 -5 6 -1 -7 13 -3 16 -4 23 -6 -13 24 17 18 29 -20 -21 -22 27 -9 -11 -14 -27 -12 -17 -8
right_child=1 3 11 4 8 7 10 12 -10 15 22 14 25 -15 -16 28 -18 -19 19 20 21 -23 -24 -25 -26 26 -28 -29 -30 -31
leaf_value=3.98859968764936e-05 -0.024717394652429461 -0.011933359434140464 -0.022169997266187607 -0.020760817818906624 -0.0072513104339018411 -0.0069833555917103527 0.0014445446759366349 0.0036434599122685722 -0.02122049920526433 0.031652927251885267 0.014579314081508643 0.015679999963728816 0.014503226816508757 0.0040649617769997828 -0.024829265756758818 0.010267445801419027 0.001964409028230744 0.0013882229449024501 -0.00084035614368984052 -0.0056733292586883689 0.10904355382316125 0.047337396897624485 0.017460537101990574 -0.0018974959500008427 -0.0028274707780053233 0.015302789481693078 0.0015579565807611994 0.0076040685369939817 0.002954924813630618 0.010287813657327999
leaf_weight=3982.8460272550583 4022.4657807350159 1136.0194644927979 1710.9972272515297 5825.3185681700706 1730.719720095396 4306.3089294433594 922.97235119342804 5867.0183257460594 775.8885124027729 72.58925074338913 3396.4685487151146 286.35424396395683 1549.6094171404839 4163.7850563824177 139.44359162449837 2339.2505359649658 2593.8958387970924 1428.4358493089676 164.6594272851944 104.40627825260162 70.589385211467743 67.898387670516968 3810.6113360524178 5479.2981085181236 3190.6488475203514 658.99870538711548 1808.9975821971893 3060.1232950091362 2638.1909998655319 8072.9949471950531
leaf_count=4217 11686 1832 4034 14310 2624 6194 797 6311 1982 76 2251 330 945 4722 398 2065 2145 1103 129 80 27 14 1424 6361 3975 509 1465 2077 2767 5290
internal_value=-3.65494e-06 -0.00853261 0.00445962 -0.00555613 -0.0106484 0.00544037 0.0087094 0.000835997 -0.00181713 0.00123001 0.0101704 -0.0172712 0.0030282 0.00073692 0.00241371 0.00304465 0.00757091 0.00891348 0.0100566 0.0249801 0.042484 0.07879 0.0135697 0.000967653 -0.00205418 0.00884751 0.00529639 0.0112734 0.00637878 0.00938051
internal_weight=75377.8 25894.9 49482.9 21872.4 12495.7 47346.1 27675.9 19670.2 6670.39 9376.7 23693.1 2136.8 15363.9 5894.5 425.798 8240.68 13425.9 10832 9403.52 407.553 242.894 138.488 10267.2 11346.3 3263.24 4017.61 2468 6456.59 4977.44 8995.97
internal_count=92140 46039 46101 34353 23638 41339 19554 21785 9328 10715 15337 4762 15591 7346 728 8883 9585 7440 6337 250 121 41 5752 12672 4051 2919 1974 4328 4832 6087
cat_boundaries=0 1 2 3 4 5
cat_threshold=1 360927 3284416 5429856 2
is_linear=0
shrinkage=0.05


Tree=39
num_leaves=31
num_cat=9
split_feature=18 17 0 2 3 2 3 3 2 5 3 3 3 3 3 21 21 0 3 0 3 6 0 0 5 5 21 3 3 3
split_gain=1692.06 335.054 225.335 96.1769 130.027 87.6376 95.9179 76.8336 70.4382 88.4875 67.6248 95.5469 62.7287 61.7479 56.6074 50.5434 47.8414 47.7 44.416 38.8815 38.7676 35.6067 36.7863 35.2662 33.2413 30.9918 30.6974 30.4471 52.1056 27.5108
threshold=0.12882652878761294 1.0000000180025095e-35 0 1 81.500000000000014 2 42.500000000000007 41.500000000000007 3 1.0000000180025095e-35 44.500000000000007 57.500000000000007 73.500000000000014 79.500000000000014 84.500000000000014 4.3253991603851327 4.4332523345947275 4 77.500000000000014 5 55.500000000000007 6 7 8 1.0000000180025095e-35 1.0000000180025095e-35 4.4310560226440439 47.500000000000007 53.500000000000007 47.500000000000007
decision_type=2 2 1 1 2 1 2 2 1 2 2 2 2 2 2 2 2 1 2 1 2 1 1 1 2 2 2 2 2 2
left_child=1 3 5 4 23 6 -2 -4 9 18 -5 -12 -13 15 -14 -8 26 -3 19 -9 -11 -7 -23 -1 -15 -19 -17 -10 -29 -24
right_child=2 17 7 10 -6 21 13 8 27 20 11 12 14 24 -16 16 -18 25 -20 -21 -22 22 29 -25 -26 -27 -28 28 -30 -31
leaf_value=-0.0096115809039701225 0.00087684358037348742 0.016186637075735252 -0.0071636569008337002 -0.024700889825679934 -0.022702834943900529 0.011865704423500812 0.0063361291818161544 0.0045423241887592091 -0.012386588100002476 0.014044437703839225 -0.0023272107212521506 -0.022085092868685541 -0.0023486123017990431 -0.011661537511066768 -0.021981780872091888 0.013400183750460329 0.0060241418280741615 -0.0049056075369247505 -0.0087117136211780095 -0.00091380132185455419 0.0049669819215067655 -0.010344803969423375 -0.0098547761768914832 0.0031610250686852949 0.016557682141783662 0.0077222194203879812 0.056699988084596843 0.0040050857232893635 -0.0049808272308605496 0.0032095655075674665
leaf_weight=952.58356863260269 3442.7614413499832 471.47892594337463 2691.6706817150116 3894.8399578630924 1246.2200139462948 796.60354697704315 5337.6510530114174 7369.5220904946327 695.18801581859589 2229.0132761001587 1019.9068742692471 4208.9190979301929 911.89521759748459 486.03677237033844 614.57748454809189 10716.869105160236 2613.9738731384277 1618.6786892414093 1017.5242750644684 5856.4257295131683 2490.2464974522591 663.01728087663651 440.74959737062454 1226.0819516181946 132.89214074611664 694.28477159142494 41.08954656124115 2684.2983261942863 4043.1393175721169 4700.6239858269691
leaf_count=1526 3285 316 3815 11645 3547 734 3584 7567 958 1414 2050 11790 1791 605 1763 5360 1754 2256 1310 6698 1916 747 509 1780 89 714 25 3056 5258 4320
internal_value=-2.00674e-05 -0.0139748 0.00400513 -0.0171099 -0.00982146 0.00709299 0.00856588 0.000883169 0.00170439 0.00332069 -0.0194537 -0.0164285 -0.018936 0.00993544 -0.0102532 0.0104494 0.0120914 0.00187267 0.00135466 0.00212911 0.00925447 0.00202275 0.000650324 -0.00245318 -0.0056025 -0.0011103 0.0135656 -0.00242479 -0.00139538 0.00208555
internal_weight=75308.8 16859.5 58449.3 14075 3424.89 29372.3 22771.3 29077 26385.4 18962.7 10650.1 6755.3 5735.39 19328.5 1526.47 18709.6 13371.9 2784.44 14243.5 13225.9 4719.26 6600.99 5804.39 2178.67 618.929 2312.96 10758 7422.63 6727.44 5141.37
internal_count=92182 39178 53004 35892 6853 21012 14702 31992 28177 18905 29039 17394 15344 11417 3554 10723 7139 3286 15575 14265 3330 6310 5576 3306 694 2970 5385 9272 8314 4829
cat_boundaries=0 1 2 3 4 5 6 7 8 9
cat_threshold=360479 1 1 1 49152 1720800 24 32768 4209156
is_linear=0
shrinkage=0.05


Tree=40
num_leaves=31
num_cat=6
split_feature=2 3 3 3 3 3 0 3 3 4 4 0 21 0 21 3 0 0 3 3 3 21 21 4 17 13 4 4 3 3
split_gain=1050.8 485.706 392.908 271.761 264.684 441.951 181.207 128.594 83.418 73.4517 66.0436 63.1554 61.866 56.987 54.9229 52.8197 46.5163 45.84 51.8121 37.6964 33.119 32.1222 37.4422 59.2091 55.0991 82.0387 32.5102 58.3148 45.0252 30.521
threshold=0 44.500000000000007 80.500000000000014 44.500000000000007 56.500000000000007 74.500000000000014 1 84.500000000000014 46.500000000000007 4.5000000000000009 4.5000000000000009 2 4.3253991603851327 3 4.3670930862426767 83.500000000000014 4 5 55.500000000000007 65.500000000000014 54.500000000000007 4.4349458217620858 4.4192326068878183 2.5000000000000004 1.214285731315613 1.0196153521537783 1.5000000000000002 1.0000000180025095e-35 58.500000000000007 73.500000000000014
decision_type=1 2 2 2 2 2 1 2 2 2 2 1 2 1 2 2 1 1 2 2 2 2 2 2 2 2 2 2 2 2
left_child=2 -2 3 11 8 -6 10 13 -3 -4 -5 -1 19 -7 29 -11 -10 21 -19 -8 -12 22 26 -24 25 -25 27 -16 -29 -14
right_child=1 4 9 6 5 7 12 -9 16 15 20 -13 14 -15 17 -17 -18 18 -20 -21 -22 -23 23 24 -26 -27 -28 28 -30 -31
leaf_value=0.0020458898227604691 -0.024699504833209929 -0.011821877143022474 -0.022127773336707075 -9.8907877208821959e-05 -0.020608435304825857 0.0065018517334629461 0.0084786596735804912 -0.020995767129429604 -0.0022816054320839744 0.013187193943996152 0.014402416950521824 -0.0059697683666044034 0.014454806172810881 -0.0033766037915095521 0.0091812995389925611 -0.024829264698579847 0.0054785710898085918 0.012137271770152573 0.004860271102259687 0.0012105118221115352 0.0041089294454017362 0.0055859723745016084 0.0031796883759793574 0.029188450451102056 0.026617280944614397 0.11513558780347957 0.010728120651265993 0.020285222314212117 0.063149911648904739 0.026880306481806667
leaf_weight=4486.6547192335129 3853.2893277406693 1137.8148873448372 1628.7298935353756 9326.5939074754715 5615.0092674195766 2560.8720456957817 4402.8560950160027 756.48922789096832 3056.7614096403122 290.66357606649399 1287.2249488830566 5416.8835402131081 2973.2152451872826 3369.4544723629951 285.20549774169922 133.25535917282104 5221.2639964222908 4059.076464176178 6155.3672810792923 2999.2576332688332 1988.7211571335793 900.86424309015274 199.93606626987457 64.793557643890381 408.19066643714905 48.583625674247742 2138.796148955822 118.58718359470367 126.73453360795975 592.73358803987503
leaf_count=4143 11762 1876 3998 10644 14320 2751 3173 2007 3818 325 780 7614 1424 4641 152 399 5072 2563 4685 2408 1613 551 119 31 89 21 971 57 55 320
internal_value=-9.44233e-05 -0.00833985 0.00411967 0.00503613 -0.00543722 -0.0102664 0.00695523 -0.00158203 0.000872105 -0.0173024 0.00204465 -0.00234235 0.0093801 0.000894445 0.0109607 0.00123704 0.00261689 0.0095941 0.00774447 0.00553368 0.00815357 0.0139458 0.0162079 0.0263139 0.0351821 0.0660179 0.0134763 0.0245556 0.0424294 0.0165202
internal_weight=75603.9 25571 50032.9 47980.3 21717.7 12301.8 38076.7 6686.82 9415.84 2052.65 12602.5 9903.54 25474.2 5930.33 18072.1 423.919 8278.03 14506.1 10214.4 7402.11 3275.95 4291.69 3390.83 721.504 521.568 113.377 2669.32 530.527 245.322 3565.95
internal_count=92382 46247 46135 41413 34485 23719 29656 9399 10766 4722 13037 11757 16619 7392 11038 724 8890 9294 7248 5581 2393 2046 1495 260 141 52 1235 264 112 1744
cat_boundaries=0 1 2 3 4 5 6
cat_threshold=1 7487008 360727 4546585 5413480 32792
is_linear=0
shrinkage=0.05


Tree=41
num_leaves=31
num_cat=5
split_feature=18 17 0 17 3 3 3 3 0 19 3 3 3 21 21 9 0 3 3 3 9 3 7 6 4 13 3 0 4 19
split_gain=1555.96 329.313 199.687 70.212 61.0347 60.8102 50.2003 102.259 48.8555 48.6868 44.5445 55.981 41.9096 34.5519 33.4625 32.0931 26.1067 25.7618 68.4002 25.2596 24.9322 22.8946 72.7734 22.5584 22.1837 21.2269 20.7569 20.3849 19.4114 34.7372
threshold=0.1033163294196129 1.0000000180025095e-35 0 1.214285731315613 43.500000000000007 54.500000000000007 44.500000000000007 57.500000000000007 1 0.98526763916015636 80.500000000000014 47.500000000000007 47.500000000000007 4.4276964664459237 4.3348309993743905 1.0000000180025095e-35 2 84.500000000000014 73.500000000000014 81.500000000000014 1.0000000180025095e-35 53.500000000000007 26.69999980926514 3 2.5000000000000004 1.0701970458030703 46.500000000000007 4 5.5000000000000009 1.3162611722946169
decision_type=2 2 1 2 2 2 2 2 1 2 2 2 2 2 2 2 1 2 2 2 2 2 2 1 2 2 2 1 2 2
left_child=1 6 3 10 -4 12 -1 26 -3 -7 11 -2 -6 -10 -5 16 -13 18 -9 -20 27 22 -18 -17 -16 -26 -8 -14 29 -11
right_child=2 8 4 14 5 9 7 17 13 28 -12 15 20 -15 24 23 21 -19 19 -21 -22 -23 -24 -25 25 -27 -28 -29 -30 -31
leaf_value=-0.021167965781856438 0.0010754190874300111 0.020349539432421224 -0.0058838046485462023 0.0052417343601075996 -0.00092589465808481746 -0.0029446043054338462 -0.0093053693656317826 -0.018899318273158727 0.0023521569204459428 0.0020430712469195001 -0.0047741474120785669 0.0081117672194939601 0.0090029229899088927 -0.014945269302724938 0.0077431921786299852 0.026602118647883075 0.068313583874081665 -0.023458595773691596 -0.0024597236543507104 -0.014292243475033543 0.0098284706727841571 0.00079862860021739229 0.0061001442225421159 0.0089624142675230525 0.014773505919609926 0.00028308622473936264 0.0045427740406312131 0.001391358300948743 -0.0019062994347983917 0.012508767007159756
leaf_weight=4725.0993262529373 5605.1638552546501 320.8695917725563 3254.0776678919792 2623.7904039621353 2637.7033250927925 8894.3576090335846 441.25521537661552 4511.0010339617729 1948.0216981470585 3029.137424916029 1139.3600523173809 3786.1254911720753 1294.9198142886162 338.93174415826797 2159.8002049326897 182.45627772808075 48.849697887897491 1240.2703602612019 1063.9467054009438 782.9537141919136 3093.1045386195183 4005.4013338387012 1244.7699669003487 6605.4833476543427 4230.7645506858826 268.79203188419342 699.6449870467186 2737.7719064354897 1474.5037957429886 1073.9719723463058
leaf_count=13391 5264 135 4571 1642 2932 10488 869 12350 2295 3438 1415 2768 1277 582 1212 86 33 3741 1889 2030 2763 3416 1025 4513 1545 143 1318 2892 1284 861
internal_value=-6.45812e-05 -0.0138661 0.00367034 0.00636079 0.000545635 0.00140914 -0.0170159 -0.014771 0.00239651 -0.000648039 0.00485999 0.00537105 0.00445839 -0.000210441 0.0100242 0.00688794 0.00494461 -0.0168668 -0.0155809 -0.00747587 0.00645145 0.00266136 0.00844945 0.00948895 0.0119085 0.0139079 -0.000813142 0.00386125 0.00301419 0.00478242
internal_weight=75462.3 16072 59390.3 31900.8 27489.5 24235.5 13464.2 8739.07 2607.82 14472 22617.6 21478.2 9763.5 2286.95 9283.15 15873.1 9085.15 7598.17 6357.9 1846.9 7125.8 5299.02 1293.62 6787.94 6659.36 4499.56 1140.9 4032.69 5577.61 4103.11
internal_count=92168 38600 53568 23062 30506 25935 35588 22197 3012 16071 18520 17105 9864 2877 4542 11841 7242 20010 16269 3919 6932 4474 1058 4599 2900 1688 2187 4169 5583 4299
cat_boundaries=0 1 2 3 4 5
cat_threshold=360607 32768 262172 16 549888
is_linear=0
shrinkage=0.05


Tree=42
num_leaves=31
num_cat=7
split_feature=18 17 0 2 3 2 3 3 18 3 3 0 3 19 3 0 3 2 4 3 3 4 13 0 9 4 7 3 3 3
split_gain=1520 338.593 182.918 95.0368 122.538 70.3404 94.1454 68.0242 64.3628 61.9079 72.3684 54.2996 52.8853 49.6793 49.6489 37.718 37.684 49.0831 59.7241 57.3667 39.8237 36.0627 40.6149 46.3964 35.909 35.4014 38.5494 30.5699 30.5468 30.213
threshold=0.1033163294196129 1.0000000180025095e-35 0 1 81.500000000000014 2 44.500000000000007 54.500000000000007 1.7155612111091616 44.500000000000007 57.500000000000007 3 73.500000000000014 0.99191448092460643 85.500000000000014 4 41.500000000000007 5 4.5000000000000009 79.500000000000014 55.500000000000007 5.5000000000000009 0.97095960378646862 6 1.0000000180025095e-35 2.5000000000000004 32.500000000000007 46.500000000000007 74.500000000000014 79.500000000000014
decision_type=2 2 1 1 2 1 2 2 2 2 2 1 2 2 2 1 2 1 2 2 2 2 2 1 2 2 2 2 2 2
left_child=1 3 8 4 15 6 -4 25 16 -5 -11 -3 -12 29 -14 -1 -2 18 19 -18 -20 22 23 24 -15 -8 -27 -19 -22 -9
right_child=2 11 5 9 -6 -7 7 13 -10 10 12 -13 14 21 -16 -17 17 27 20 -21 28 -23 -24 -25 -26 26 -28 -29 -30 -31
leaf_value=-0.0081733411593250919 -3.649583046183068e-05 0.016693484264168137 -0.0041086828493942257 -0.024746677844864649 -0.022728122720166909 -0.0029124217844040115 0.0038337894324913546 4.3807443989588797e-05 0.012376200448324395 -0.0041550678836989813 -0.021864201919578032 -0.0010932737820679452 -0.0046078697988662766 0.01362905586368429 -0.024829265269858281 0.0053243546972547399 0.0067616314503496982 -0.013674134802810068 0.019779855915644011 -0.012411724450016154 0.0056997682270456262 -0.0016100540553882188 0.0044543587439164383 0.0073221466687540719 0.040569113856330753 0.0098284523939282439 0.032347376075253058 0.0033168094936202098 0.019341839278969847 -0.01391470553305852
leaf_weight=1223.6927429437637 2631.8157227635384 530.62635412812233 4555.856517791748 3632.5373424291611 1166.031986027956 8326.929056674242 3106.7868069410324 7884.0279567241669 4133.801236987114 991.57417020201683 3929.0900971889496 2079.5816697180271 1011.3050788640976 236.61979430913925 433.73535677790642 883.70007878541946 9581.8742756843567 277.89903873205185 1479.5180541276932 406.68278077244759 1624.6829456090927 1296.3403366208076 2600.4295165538788 767.51772600412369 259.18073689937592 3727.8854212760925 200.2566037774086 5585.1482536196709 549.00143927335739 407.71227729320526
leaf_count=2000 2548 366 5977 11655 3540 10366 3038 8147 1617 2014 11708 2647 2167 169 1331 1259 6413 368 604 525 743 967 2362 743 149 2771 134 5138 267 604
internal_value=-0.00013376 -0.0138797 0.00352672 -0.0171173 -0.00972276 0.00106828 0.00239233 0.00383803 0.00664657 -0.0195383 -0.0165662 0.00258234 -0.0188562 0.00175448 -0.0106774 -0.00252683 0.00557962 0.00633741 0.00798175 0.00598099 0.0134522 0.00560626 0.00802743 0.0153823 0.0271641 0.0078221 0.0109765 0.00251147 0.00914531 -0.000642545
internal_weight=75521.8 15881.9 59640 13271.7 3273.42 33369.5 25042.6 20486.8 26270.4 9998.24 6365.7 2610.21 5374.13 13451.8 1445.04 2107.39 22136.6 19504.8 13641.8 9988.56 3653.2 5160.09 3863.75 1263.32 495.801 7034.93 3928.14 5863.05 2173.68 8291.74
internal_count=92337 38687 53650 35674 6799 35427 25061 19084 18223 28875 17220 3013 15206 13141 3498 3259 16606 14058 8552 6938 1614 4390 3423 1061 318 5943 2905 5506 1010 8751
cat_boundaries=0 1 2 3 4 5 6 7
cat_threshold=327711 1 1 49153 4357636 1 49216
is_linear=0
shrinkage=0.05


Tree=43
num_leaves=31
num_cat=11
split_feature=18 17 0 2 7 2 4 0 7 21 0 17 13 7 2 19 4 0 0 0 13 18 21 21 18 7 6 6 21 21
split_gain=1459.19 299.662 177.346 94.0634 95.9575 79.8307 76.2289 61.2582 44.3231 42.8266 40.2371 38.6525 29.1784 28.2374 33.7022 30.0773 29.5908 27.4661 27.103 25.4439 25.1782 63.8835 60.2221 23.3074 22.1395 22.0588 21.1763 21.0619 20.8086 20.3329
threshold=0.12882652878761294 1.0000000180025095e-35 0 1 26.10000038146973 2 4.5000000000000009 3 24.500000000000004 4.3403015136718759 4 0.5000000149011613 1.0386904478073122 30.10000038146973 5 1.0000777840614321 5.5000000000000009 6 7 8 1.0334821343421938 0.71301022171974193 4.3810675144195566 4.3133318424224862 0.37117348611354833 30.500000000000004 9 10 4.4043614864349374 4.4276964664459237
decision_type=2 2 1 1 2 1 2 1 2 2 1 2 2 2 1 2 2 1 1 1 2 2 2 2 2 2 1 1 2 2
left_child=1 3 10 4 -1 6 7 12 -8 -10 -2 29 20 15 -15 -12 -17 28 -7 27 -4 22 -22 -20 -24 26 -9 -6 -11 -3
right_child=2 11 5 -5 19 18 8 25 9 17 13 -13 -14 14 -16 16 -18 -19 23 -21 21 -23 24 -25 -26 -27 -28 -29 -30 -31
leaf_value=-0.018333359166732347 0.011001554189324851 -7.2260471657637889e-05 0.0043713432073134769 -0.01911842980601336 0.02493669839945024 -0.0077322907355779893 -0.01198637328553488 -0.00057466395236955095 0.0012922453451164823 0.01872245304679537 0.0012275650713303675 0.0085578838935512838 -0.0002798917632063597 0.01009779362033876 0.0017194955518831272 0.0059543338680474291 0.022129834818531108 0.007797266496456616 0.0066771226589969566 -0.0051567867624680002 0.0018212688667893278 0.0035272652879954425 0.079426730891930378 -0.0019678637659152633 0.038709126535662823 0.0011162480554578907 -0.006863423790788358 0.0019643867646662186 0.0053876566683943262 -0.012663564295860012
leaf_weight=1554.8255060017109 5716.8657495975494 1183.5034299492836 9256.6564451158047 9858.4527656435966 127.60996824502945 1844.0293617248535 288.09710681438446 2692.5095998644829 1789.7127343416214 1283.5314509868622 4369.2958310842514 1130.6745584607124 3494.9975544810295 5342.5626557469368 1548.0948624014854 1898.7383444905281 332.20398092269897 3830.3803950548172 876.01283168792725 1202.2668101787567 76.921534419059753 428.47272896766663 61.387356579303741 7088.3668531179428 73.18409925699234 4208.8201910257339 2669.990958571434 387.41848695278168 378.92674988508224 439.76093056797981
leaf_count=4125 2839 1635 8303 28984 143 2288 331 3227 1631 721 3689 841 3363 2926 1391 1507 158 2377 1062 2002 76 311 23 8452 37 4613 3559 576 234 767
internal_value=-7.06249e-05 -0.0135352 0.00352098 -0.0166803 -0.00933473 0.00163654 0.00289758 0.0014631 0.00724857 0.0080095 0.0074741 0.00146035 0.00364478 0.00597227 0.00821548 0.0036394 0.00836299 0.0101982 -0.00228738 -0.00118744 0.00503446 0.014626 0.0371113 -0.00101571 0.0572832 -0.00159152 -0.00371971 0.00802284 0.0155893 -0.00348339
internal_weight=75434.3 15884.5 59549.8 13130.6 3272.12 40342 30533.6 22962.9 7570.65 7282.55 19207.8 2753.94 13391.6 13490.9 6890.66 6600.24 2230.94 5492.84 9808.41 1717.3 9896.62 639.966 211.493 7964.38 134.571 9571.32 5362.5 515.028 1662.46 1623.26
internal_count=92191 39073 53118 35830 6846 40608 28806 23512 5294 4963 12510 3243 12113 9671 4317 5354 1665 3332 11802 2721 8750 447 136 9514 60 11399 6786 719 955 2402
cat_boundaries=0 1 2 3 4 5 6 7 8 9 10 11
cat_threshold=262173 1 1 1688002 16 1 1573218 1087488 590317 28 18
is_linear=0
shrinkage=0.05


Tree=44
num_leaves=31
num_cat=9
split_feature=18 2 3 0 3 3 3 3 2 3 3 3 0 9 2 4 0 4 21 21 19 8 0 0 3 13 3 0 3 8
split_gain=1380.98 254.891 183.138 172.531 101.75 107.283 95.6478 81.438 70.782 73.6829 56.221 52.565 51.8606 50.3754 58.071 43.6078 40.1634 35.506 34.2002 35.9342 31.3839 31.2382 32.2475 29.334 28.7648 27.4013 27.3827 27.2661 26.3205 27.95
threshold=0.1033163294196129 0 82.500000000000014 1 44.500000000000007 56.500000000000007 74.500000000000014 83.500000000000014 2 42.500000000000007 79.500000000000014 41.500000000000007 3 1.0000000180025095e-35 4 3.5000000000000004 5 4.5000000000000009 4.3253991603851327 4.4332523345947275 1.2397086620330813 1.0000000180025095e-35 6 7 46.500000000000007 0.98212006688117992 63.500000000000007 8 55.500000000000007 3.4000000059604649
decision_type=2 1 2 1 2 2 2 2 1 2 2 2 1 2 1 2 1 2 2 2 2 2 1 1 2 2 2 1 2 2
left_child=1 2 12 8 -3 24 -7 16 9 -2 18 -5 -1 23 15 26 -8 -12 -11 28 -14 22 -10 -13 -6 -25 -15 -26 -20 -30
right_child=3 4 -4 11 5 6 7 -9 21 10 17 13 20 14 -16 -17 -18 -19 19 -21 -22 -23 -24 25 27 -27 -28 -29 29 -31
leaf_value=-0.0047194352417841154 0.00058599263270456715 -0.02468624766014885 -0.023027929490342075 -0.0062522700082569731 -0.010105722283099333 -0.020795162885046747 0.022926410670507866 -0.018344958403575012 -0.010275165074798366 0.0054970363929391424 -0.012182476351239934 -0.0041050918473248552 0.0039529335766719789 0.0057875801237050831 -0.0024154782592784299 0.010159713487401537 -0.0020843225963609064 0.014699800078909774 0.013970273593718394 0.0050640661010730292 0.021065848807383224 0.010488811573748653 0.0014943548891255837 0.0040590657422710178 -0.0045193098671276908 -0.0012880840097627905 -0.0022762027488702811 0.014959556958225215 0.0085811011034995065 0.024785114322674703
leaf_weight=1981.4784242808819 3653.3172615170479 3496.0872636735439 999.25840750336647 2589.2238999605179 465.24127280712128 4350.4097714424133 209.83340120315552 732.53788435459137 639.18425345420837 5879.3849132061005 521.87161150574684 4385.7503696084023 1610.3703635931015 2758.2854815721512 2768.3853749036789 3509.6766090393066 594.45492604374886 160.6412889957428 5032.2763130664825 2960.5265169739723 321.38497403264046 850.8390799164772 5614.1615723669529 3918.5372202396393 334.57449507713318 6165.7908757925034 1702.6512506008148 373.23056042194366 6694.030177116394 277.13739717006683
leaf_count=3006 3505 11713 3153 3786 943 13013 285 2089 741 3902 683 5118 1980 2876 3479 2452 1121 98 2293 1991 284 776 5314 4278 576 6856 1943 541 3470 89
internal_value=-9.45361e-06 -0.013332 -0.00392338 0.00342061 -0.0177103 -0.014256 -0.0170073 -0.00628455 0.00590609 0.00715152 0.0082658 0.000531806 0.000955036 0.00122881 0.00382331 0.00599019 0.00469995 -0.00585526 0.00872819 0.00999772 0.00676498 0.00150029 0.000277294 -0.000696708 -0.000448302 0.000788913 0.00270979 0.00589953 0.0112146 0.00922529
internal_weight=75550.5 15468.9 4912.49 60081.7 10556.4 7060.28 5887.24 1536.83 32283.4 25179.2 21525.9 27798.3 3913.23 25209.1 10739 7970.61 804.288 682.513 20843.4 14964 1931.76 7104.18 6253.35 14470.1 1173.05 10084.3 4460.94 707.805 12003.4 6971.17
internal_count=92354 38704 8423 53650 30281 18568 16508 3495 22862 16031 12526 30788 5270 27002 10750 7271 1406 781 11745 7843 2264 6831 6055 16252 2060 11134 4819 1117 5852 3559
cat_boundaries=0 1 2 3 4 5 6 7 8 9
cat_threshold=1 884767 1 7486464 1 368699 32768 4201216 5379681
is_linear=0
shrinkage=0.05


Tree=45
num_leaves=31
num_cat=12
split_feature=18 17 18 2 7 13 0 2 7 9 0 0 9 19 0 2 0 0 21 13 0 0 7 13 19 4 9 19 7 0
split_gain=1333.95 315.96 163.755 94.3848 90.3374 80.9591 41.5512 45.4827 64.2355 41.3112 40.4463 40.3487 28.8759 28.6751 27.7967 26.9987 26.3928 26.2551 26.172 42.7527 25.3657 24.9312 22.979 21.6753 21.2225 21.1701 20.6131 19.2333 18.8017 18.0145
threshold=0.1033163294196129 1.0000000180025095e-35 0.47066326439380651 0 26.10000038146973 0.97295320034027111 1 2 28.69999980926514 1.0000000180025095e-35 3 4 1.0000000180025095e-35 1.3487375974655154 5 6 7 8 4.3986797332763681 1.0334821343421938 9 10 30.500000000000004 1.0444663763046267 0.6787671446800233 3.5000000000000004 1.0000000180025095e-35 1.0100857615470888 28.899999618530277 11
decision_type=2 2 2 1 2 2 1 1 2 2 1 1 2 2 1 1 1 1 2 2 1 1 2 2 2 2 2 2 2 1
left_child=1 3 6 4 -1 9 -2 8 13 14 26 24 17 29 -4 -13 -11 18 -10 -20 28 27 -16 -12 -3 -14 -7 -6 -9 -8
right_child=2 11 5 -5 21 10 7 20 12 16 23 15 25 -15 22 -17 -18 -19 19 -21 -22 -23 -24 -25 -26 -27 -28 -29 -30 -31
leaf_value=-0.018023313597436526 -0.0040720918556059887 0.051577922585275618 0.0014374487665556452 -0.019029797433295713 0.0017099043375397268 0.0033860609645619197 0.00099490378582943093 0.0058654911152611266 0.0037349950301196113 0.013599253749203658 0.0027567492356544631 0.0024259017112539883 0.0067751855986305058 0.011923493746751923 0.0045221437616570848 -0.01067246808459503 0.0076842030653089463 0.0021828929723046141 0.013434374293387613 0.061865125330940268 -0.0044611721611920313 -0.0054228603283199622 0.010306976876753388 -0.0022156717661650643 0.0097309145326360987 0.015802459887059337 0.0082452108659075429 0.022285219611868842 -0.0021697680696519317 -0.0047401933718943332
leaf_weight=1498.688343077898 4624.4601495862007 31.410657078027725 2719.6255121231079 9440.5210481286049 403.17764860391617 4825.3916743993759 2752.8495198488235 1366.6829478442669 246.81192392110825 3855.5742329955101 5696.727240383625 1181.4273598194122 1740.2612169981003 405.4117403626442 3403.5844846367836 589.82268598675728 3926.7775781750679 3793.7794732451439 158.11355298757553 64.017982840538025 4263.7576171457767 1131.2877805233002 3463.660108268261 3562.016812980175 855.03027600049973 1036.1361733078957 3984.9459755420685 158.125468313694 1557.8456890285015 2712.7884455919266
leaf_count=4117 5747 27 2291 28889 577 3659 3187 1619 208 1903 4818 1334 1760 327 2353 963 2271 3801 75 23 5510 1904 2079 3392 737 754 2304 200 1882 3531
internal_value=-3.22823e-05 -0.01322 0.00331927 -0.0165169 -0.00908323 0.00549809 0.0001961 0.00117961 0.00295503 0.00793559 0.003155 0.00245005 0.00617603 -0.000906797 0.00573858 -0.00192496 0.010642 0.00359154 0.014629 0.027392 -0.00200741 -0.00116732 0.00742905 0.000842853 0.0110887 0.0101441 0.00557754 0.00737482 0.00157985 -0.00185848
internal_weight=75450.7 15289.5 60161.2 12631.8 3191.28 35438.3 24722.9 20098.5 12910.2 17369.2 18069.1 2657.69 7039.12 5871.05 9586.87 1771.25 7782.35 4262.72 468.943 222.132 7188.29 1692.59 6867.24 9258.74 886.441 2776.4 8810.34 561.303 2924.53 5465.64
internal_count=92242 38748 53494 35687 6798 25070 28424 22677 13666 10897 14173 3061 6621 7045 6723 2297 4174 4107 306 98 9011 2681 4432 8210 764 2514 5963 777 3501 6718
cat_boundaries=0 1 2 3 4 5 6 7 8 9 10 11 12
cat_threshold=1 4201472 1 1638551 573467 7576386 1 19291 294916 876569 1638857 491867
is_linear=0
shrinkage=0.05


Tree=46
num_leaves=31
num_cat=9
split_feature=18 17 17 2 3 3 3 18 21 3 4 3 0 3 3 0 0 0 7 18 3 6 19 0 21 3 7 7 2 0
split_gain=1258.22 303.922 139.056 94.344 130.412 70.7284 97.2086 61.936 60.4585 59.2335 55.6373 52.4084 44.3218 31.6556 32.7982 31.0738 30.2766 30.2525 29.8743 29.7543 24.6437 24.0375 22.3829 21.9437 20.5016 40.385 30.1957 20.1529 24.5663 31.5553
threshold=0.1033163294196129 1.0000000180025095e-35 0.6428571641445161 0 81.500000000000014 44.500000000000007 57.500000000000007 0.42474490404129034 4.3284671306610116 73.500000000000014 2.5000000000000004 84.500000000000014 1 48.500000000000007 54.500000000000007 2 3 4 32.100000381469734 1.0344387888908388 37.500000000000007 5 0.97618848085403453 6 4.4192326068878183 64.500000000000014 26.400000572204593 26.10000038146973 7 8
decision_type=2 2 2 1 2 2 2 2 2 2 2 2 1 2 2 1 1 1 2 2 2 1 2 1 2 2 2 2 1 1
left_child=1 3 7 4 17 -5 -7 27 16 -8 19 -11 -3 -9 -15 -12 18 -1 -4 -10 -19 -21 23 -16 -17 26 -26 -2 29 -29
right_child=2 12 8 5 -6 6 9 13 10 11 15 -13 -14 14 22 24 -18 20 -20 21 -22 -23 -24 -25 25 -27 -28 28 -30 -31
leaf_value=-0.0088039873603894363 -0.0058923915107332052 0.0090018527908504991 0.0029851614979437232 -0.02469469444490845 -0.022971989078640873 -0.00091999700933770821 -0.021730414226070228 -0.00081768073429029208 0.0016781700330344138 -0.0018297930798313927 0.0042928048965742323 -0.021962578069912128 -0.00391112642233905 0.0078006827021820449 -0.0040580983527104949 0.010245089284124211 -0.0017972136790358889 -0.0064286523106212136 0.013937505778942948 0.012181920057242107 0.0085195705079364678 0.0033195946194908461 0.0053234463934268362 0.0025416062535609028 0.050192532632216708 0.040685817011700834 0.0093224514747605371 -0.0025434780018684933 -0.0035604735912112915 0.0038075952362264169
leaf_weight=835.43261986970901 2215.2547823786736 1272.7921496033669 4616.3094181418419 3343.9608339071274 1076.8462961316109 947.33138170838356 3630.3787723779678 4470.7586908936501 4851.4689898490906 845.67157945036888 2223.6424733996391 523.2520155608654 1371.4944529831409 4060.68683552742 1819.376889705658 7868.9972764253616 3033.5105882883072 415.74702095985413 719.6885182261467 1604.3307023048401 818.61928409337997 1503.322135925293 4047.7288277745247 4034.3831963539124 49.318999886512756 165.61072009801865 540.23638701438904 3512.3477684855461 4760.49612647295 4389.8640438318253
leaf_count=1420 3129 1228 3351 11711 3529 2017 11727 4346 4455 1775 1479 1732 1787 3492 1907 3834 3163 738 484 852 1086 800 3272 3306 34 47 299 4340 6340 4745
internal_value=-0.000149126 -0.0130698 0.00307244 -0.0163427 -0.00885988 -0.018877 -0.0156056 0.000907058 0.00572662 -0.0183884 0.00729985 -0.00952527 0.00232362 0.00284403 0.00401653 0.00962932 0.00219144 -0.00151782 0.004454 0.00412493 0.00345685 0.00794467 0.00246461 0.000487796 0.0109876 0.0188697 0.0127414 -0.00149274 -0.000723047 0.000986292
internal_weight=75568.9 15081.5 60487.3 12437.2 3146.65 9290.59 5946.63 33310.9 27176.4 4999.3 18806.9 1368.92 2644.29 18432.9 13962.2 10847.8 8369.51 2069.8 5336 7959.12 1234.37 3107.65 9901.49 5853.76 8624.16 755.166 589.555 14878 12662.7 7902.21
internal_count=92425 38750 53675 35735 6773 28962 17251 34877 18798 15234 11800 3507 3015 16323 11977 5693 6998 3244 3835 6107 1824 1652 8485 5213 4214 380 333 18554 15425 9085
cat_boundaries=0 1 2 3 4 5 6 7 8 9
cat_threshold=1 639899 7549952 860375 4209152 14 8040736 1 6323712
is_linear=0
shrinkage=0.05


Tree=47
num_leaves=31
num_cat=7
split_feature=2 3 3 3 3 3 0 3 3 0 13 4 0 3 4 0 4 3 3 3 3 3 4 3 19 7 0 3 0 3
split_gain=811.827 449.054 319.514 228.364 397.313 192.057 124.576 111.886 75.5462 60.7683 53.5236 51.9953 49.9404 48.1504 47.8413 38.3387 38.0883 47.0686 31.7606 29.3561 47.1373 26.0352 25.7167 32.6354 23.2674 22.6281 22.4202 21.7564 21.672 19.3346
threshold=0 44.500000000000007 81.500000000000014 56.500000000000007 74.500000000000014 44.500000000000007 1 84.500000000000014 46.500000000000007 2 1.0444663763046267 4.5000000000000009 3 83.500000000000014 4.5000000000000009 4 4.5000000000000009 75.500000000000014 61.500000000000007 75.500000000000014 55.500000000000007 54.500000000000007 4.5000000000000009 48.500000000000007 1.2705990672111513 29.10000038146973 5 61.500000000000007 6 40.500000000000007
decision_type=1 2 2 2 2 2 1 2 2 1 2 2 1 2 2 1 2 2 2 2 2 2 2 2 2 2 1 2 1 2
left_child=2 -2 5 8 27 9 14 12 -3 -1 16 -4 -6 -13 18 25 17 26 -7 20 -18 -16 -17 -24 -21 -10 -8 -5 -22 -11
right_child=1 3 11 4 7 6 10 -9 15 29 -12 13 -14 -15 21 22 19 -19 -20 24 28 -23 23 -25 -26 -27 -28 -29 -30 -31
leaf_value=0.0026760983106274821 -0.024753035010132336 -0.011635251178394647 -0.024696593781907167 -0.015456221870203613 -0.0065321977606466845 0.0026449592435477277 0.010937392995033926 -0.020847907299144847 0.0074003824390095722 -0.0074683578963649251 0.0027802927882002175 0.01751865206770753 0.003690359176060449 -0.024829264752866977 0.012061077056807057 0.0065986495361880868 0.015930643961312965 0.00026386343815444283 -0.0031615246481542431 0.0072306145560494849 0.013638239990796892 0.0032333637065751516 -0.020482343371029322 0.0020857752209123412 0.027451224364548051 -0.0043118243167617545 0.0068647879652708873 -0.022437388782605622 0.0035819670280006393 -0.0014651985515846116
leaf_weight=4047.3284046649933 3279.5175273120403 1064.876862436533 1130.616780102253 1669.6818272173405 1659.5731569230556 4935.5351377129555 5672.6190365552902 665.60205551981926 501.0914244055748 3721.003707408905 4590.8014966845512 158.21321168541908 4192.3096446692944 116.58685767650604 1381.1202841997147 4465.7751359343529 2428.8572254776955 1988.5922071933746 4504.3921318948269 198.06686913967133 736.03986924886703 2113.1306070685387 195.54067540168762 886.12164759635925 504.96849244832993 2329.7252526879311 8873.3161043524742 3365.5589910149574 1994.4288184046745 2097.2376419901848
leaf_count=3622 11713 1830 3439 4167 2619 5341 2877 1985 622 5620 3563 204 4712 406 796 4269 831 1709 5496 130 182 1693 219 813 238 2975 6428 10203 1049 2521
internal_value=-1.55121e-05 -0.00754632 0.00355556 -0.00485866 -0.00957313 0.00421923 0.00576299 -0.001423 0.00090902 -0.00202774 0.00769568 -0.0199553 0.000786422 -0.000447903 0.00172308 0.0025034 0.00870664 0.00747889 -0.000125685 0.0121695 0.0108634 0.00672256 0.00491435 -0.00199404 0.0217545 -0.00223073 0.00846526 -0.0201224 0.00635586 -0.00529536
internal_weight=75468.2 24275.4 51192.9 20995.9 11552.7 49787.4 39921.9 6517.48 9443.13 9865.57 26987.7 1405.42 5851.88 274.8 12934.2 8378.25 22396.9 16534.5 9439.93 5862.36 5159.33 3494.25 5547.44 1081.66 703.035 2830.82 14545.9 5035.24 2730.47 5818.24
internal_count=92272 46127 46145 34414 23686 42096 30333 9316 10728 11763 17007 4049 7331 610 13326 8898 13444 11014 10837 2430 2062 2489 5301 1032 368 3597 9305 14370 1231 8141
cat_boundaries=0 1 2 3 4 5 6 7
cat_threshold=1 7487008 360723 3284416 5413472 32796 272
is_linear=0
shrinkage=0.05


Tree=48
num_leaves=31
num_cat=9
split_feature=18 17 0 3 3 3 3 3 19 3 17 4 0 9 3 3 19 0 0 21 3 7 0 0 0 0 21 0 3 3
split_gain=1186.41 280.468 130.369 54.7828 65.6228 53.274 101.116 47.6408 47.1318 42.3306 34.9986 33.5042 35.8596 30.0125 27.7742 62.8412 26.3741 23.7394 21.7918 21.5996 21.5466 20.5032 25.6654 21.4027 20.117 19.4213 18.4663 18.3623 18.2731 17.5873
threshold=0.11607143282890321 1.0000000180025095e-35 0 46.500000000000007 54.500000000000007 44.500000000000007 57.500000000000007 45.500000000000007 0.98414596915245067 80.500000000000014 0.5000000149011613 5.5000000000000009 1 1.0000000180025095e-35 84.500000000000014 73.500000000000014 0.84716469049453746 2 3 4.3966214656829843 83.500000000000014 26.69999980926514 4 5 6 7 4.4276964664459237 8 73.500000000000014 52.500000000000007
decision_type=2 2 1 2 2 2 2 2 2 2 2 2 1 2 2 2 2 1 1 2 2 2 1 1 1 1 2 1 2 2
left_child=1 5 7 16 21 -1 18 -2 24 13 26 12 19 29 15 -8 -4 -13 -7 -10 -17 22 -5 -23 28 -12 -3 -15 -6 -9
right_child=2 10 3 4 8 6 14 9 11 -11 25 17 -14 27 -16 20 -18 -19 -20 -21 -22 23 -24 -25 -26 -27 -28 -29 -30 -31
leaf_value=-0.020556707957147698 0.00089644450343061798 -1.6932021576963255e-05 0.0045337360538377615 0.034664222109869497 -0.0026795510982268729 0.014716429876876481 -0.017947417083262866 0.0083337048101556743 0.013109959670107705 -0.0034876833559923169 0.014610920929948172 0.0072817187971017097 0.0012624405198000015 0.012456581378001395 -0.023239019334136857 -0.00403519874098113 -0.0047112585609087616 -0.0063157571064541805 -0.0029238474410549446 0.0038048949102536182 -0.018471128932096563 0.0016418324793673689 0.001191188120357869 0.0066465867850477008 -0.00049516656599041568 0.0015790497843776161 -0.012776646642182527 0.0076335285494334108 -0.01059321250927852 0.0041268997072980975
leaf_weight=4166.1236211061478 4435.2517982125282 1178.8492329120636 907.60477191209793 120.23766213655472 2302.5127906799316 207.42676800489426 3974.2231759727001 3499.3850060105324 1576.2051082551479 1002.7372947335243 593.40213793516159 421.26341664791107 2839.4991288781166 2883.8136767745018 1069.017074406147 1449.9328441023827 5142.1595514416695 1259.2512148618698 889.24296087026596 1031.9841715097427 314.55761271715164 3323.7602299451828 114.83612817525864 6086.6830390095711 7222.5790793001652 563.61829668283463 373.36284896731377 6950.2232716083527 1067.7116993665695 8566.3968563377857
leaf_count=13465 3827 1623 949 101 2640 383 12361 2292 1428 1164 323 358 2911 1155 3739 3072 6664 1054 1834 900 946 3169 113 5610 7813 508 677 3985 1418 5811
internal_value=-1.32398e-05 -0.0127181 0.0030775 0.000981207 0.00193336 -0.0159813 -0.0135697 0.00563747 0.000126992 0.00655806 0.00182035 0.00327038 0.00517429 0.00701803 -0.0158395 -0.0144611 -0.0033243 -0.00290146 0.000520208 0.00939221 -0.00660871 0.00525207 0.0198376 0.00488772 -0.00198829 0.00840265 -0.0030861 0.00906831 -0.00517131 0.00534698
internal_weight=75533.9 14779.8 60754.1 33416.3 27366.5 12070.5 7904.4 27337.8 17721 22902.6 2709.23 7128.2 5447.69 21899.8 6807.73 5738.71 6049.76 1680.51 1096.67 2608.19 1764.49 9645.52 235.074 9410.44 10592.8 1157.02 1552.21 9834.04 3370.22 12065.8
internal_count=92293 38931 53362 35128 27515 35800 22335 18234 18522 14407 3131 6651 5239 13243 20118 16379 7613 1412 2217 2328 4018 8993 214 8779 11871 831 2300 5140 4058 8103
cat_boundaries=0 1 2 3 4 5 6 7 8 9
cat_threshold=327711 2155776 656672 786712 2141056 5412864 2234112 836245 24
is_linear=0
shrinkage=0.05


Tree=49
num_leaves=31
num_cat=8
split_feature=18 17 0 2 3 3 3 3 13 3 13 18 21 0 9 0 2 3 4 3 17 18 3 3 2 0 19 19 19 0
split_gain=1129.12 287.247 130.761 93.5461 131.154 72.0161 90.397 61.2597 52.1129 51.2946 42.1228 41.0233 34.16 33.9873 27.2959 27.0851 25.9803 30.1287 29.059 25.7977 25.112 26.1124 24.4859 27.7915 19.9063 19.7953 19.4802 18.7211 18.0829 17.9826
threshold=0.12882652878761294 1.0000000180025095e-35 0 1 81.500000000000014 44.500000000000007 57.500000000000007 73.500000000000014 1.0425724387168886 85.500000000000014 0.97547847032547008 0.32780611515045172 4.4289610385894784 2 1.0000000180025095e-35 3 4 41.500000000000007 4.5000000000000009 79.500000000000014 1.0714285969734194 0.34311223030090338 45.500000000000007 52.500000000000007 5 6 1.0077143907546999 0.6787671446800233 1.459575951099396 7
decision_type=2 2 1 1 2 2 2 2 2 2 2 2 2 1 2 1 1 2 2 2 2 2 2 2 1 1 2 2 2 1
left_child=1 3 10 4 15 -5 -7 -8 11 25 22 -4 13 27 20 28 17 -12 19 -19 -13 -22 -2 -24 -25 -9 -17 -3 -1 -16
right_child=2 12 8 5 -6 6 7 9 -10 -11 16 14 -14 -15 29 26 -18 18 -20 -21 21 -23 23 24 -26 -27 -28 -29 -30 -31
leaf_value=-0.0090503434854078933 0.0025051410646955764 0.04479641221917522 -0.00075252004526690254 -0.024668334113435192 -0.023154886993151786 -0.001087175945642984 -0.021567187934621541 0.0064347341023207535 -0.0024029269453597645 -0.024829264924984204 -0.0024867307499920367 0.00055466888331974701 -0.011102098316850927 -0.0011320522964682214 0.0091910872746303034 6.2508255874399351e-05 -0.0008950861034243791 0.0043417887853117393 0.010152051622376477 -0.014232769361315576 0.028389899506512536 0.00550328439294317 0.011806784332912323 0.0078636786420871862 0.0021281177983484222 -0.0082488307317106543 0.014888332906169045 0.009706698033232368 0.035776875068980855 0.0038410531975829072
leaf_weight=861.90935796499252 2284.6664183139801 39.496922940015793 8609.9677796065807 3106.9190861284733 1015.3025654256344 945.57811009883881 3418.0677345991135 352.98275375366211 9138.8080236017704 369.23409506678581 1306.924249112606 7532.3233771324158 426.16222602128983 1306.5384854674339 2628.076510488987 893.86961659789085 2818.1455367803574 5539.7381287813187 2525.6339066028595 193.46018061041832 136.22911989688873 1463.7740829586983 3653.505263864994 7061.1567135155201 1925.2610707879066 620.15795603394508 294.57974684238434 1010.5408063530922 23.099969744682312 4027.216850399971
leaf_count=1506 1874 35 10838 11670 3535 2030 11730 813 10017 1313 1307 7733 762 1612 2205 1394 2743 3739 1107 256 33 1072 1913 3464 1719 1417 383 842 33 3280
internal_value=-9.31781e-05 -0.0125373 0.00291012 -0.0159188 -0.00843111 -0.0185431 -0.0152078 -0.0180127 0.000817254 -0.00896186 0.00547798 0.0020238 0.00192496 0.00428076 0.0035379 -0.00122137 0.00332422 0.00456726 0.00568352 0.00371501 0.00176308 0.00745192 0.00726877 0.0081298 0.00663489 -0.00294137 0.00370619 0.0109226 -0.00779224 0.00597328
internal_weight=75529.3 14684.4 60844.9 11901.7 3088.76 8812.94 5706.02 4760.44 33536.4 1342.37 27308.5 24397.6 2782.74 2356.58 15787.6 2073.46 12383.9 9565.76 8258.83 5733.2 9132.33 1600 14924.6 12639.9 8986.42 973.141 1188.45 1050.04 885.009 6655.29
internal_count=92375 39075 53300 35824 6851 28973 17303 15273 35178 3543 18122 25161 3251 2489 14323 3316 9152 6409 5102 3995 8838 1105 8970 7096 5183 2230 1777 877 1539 5485
cat_boundaries=0 1 2 3 4 5 6 7 8
cat_threshold=327711 1 115487 4209156 1 1 5578927 1704928
is_linear=0
shrinkage=0.05


Tree=50
num_leaves=31
num_cat=7
split_feature=18 17 0 2 3 3 3 3 13 3 18 16 21 0 21 21 4 2 21 7 0 0 8 3 3 3 0 13 3 21
split_gain=1107.04 271.928 127.897 90.2242 115.186 71.8561 84.2227 59.7448 52.8207 51.2578 42.6683 41.9034 29.9089 29.1339 29.0633 34.9984 28.8375 28.5585 35.888 28.2376 27.6305 24.344 23.307 22.4831 26.4778 21.1491 20.6634 19.737 18.9224 19.9194
threshold=0.1033163294196129 1.0000000180025095e-35 0 1 81.500000000000014 44.500000000000007 57.500000000000007 73.500000000000014 1.0492995977401736 85.500000000000014 0.32780611515045172 0.93750000000000011 4.4289610385894784 2 4.3253991603851327 4.4233577251434335 5.5000000000000009 3 4.4228515625000009 23.69999980926514 4 5 3.4000000059604649 46.500000000000007 81.500000000000014 37.500000000000007 6 1.0204166769981386 64.500000000000014 4.3122317790985116
decision_type=2 2 1 1 2 2 2 2 2 2 2 2 2 1 2 2 2 1 2 2 1 1 2 2 2 2 1 2 2 2
left_child=1 3 11 4 21 -5 -7 28 10 -9 -4 23 13 -3 -12 17 27 19 -19 -16 22 -1 -21 -2 -25 -23 -10 -13 29 -8
right_child=2 12 8 5 -6 6 7 9 26 -11 14 16 -14 -15 15 -17 -18 18 -20 20 -22 25 -24 24 -26 -27 -28 -29 -30 -31
leaf_value=-0.0071796661543759542 -0.00060686648722306155 0.0097712015814668124 -0.00079302661551276885 -0.024680606033117433 -0.022442301728535473 -0.001459116437631817 0.0027696480847456983 -0.0025799552394680644 -0.0090768668099120309 -0.024829266174736749 7.4699015269977907e-05 0.0072686389224821419 -0.012968875205335637 -0.0013974345401753237 -0.018726296196276554 0.00047542722864092911 0.012238428134881364 -0.00090352551865244875 0.053087500622749466 0.01046854753348498 0.0049953248427780017 -0.0065752639499467528 0.02871773405890557 0.0050457714717929286 -0.0066120918373299455 0.0087001185100344033 -0.0016509044153880728 0.0021998300270693986 -0.024525883891553524 -0.018731997238784607
leaf_weight=984.26012954115868 2811.447397172451 1083.8665323257446 9003.0725640058517 3027.0808756649494 984.51431968808174 939.23236468434334 117.75826075673103 934.86045774817467 1065.918233782053 357.98736703395844 4483.2219904065132 9714.0298910737038 299.31562134623528 1253.1660364568233 98.312802910804749 3337.325687289238 2426.6414170265198 1454.5004875063896 31.443810105323792 3259.40875685215 3373.0571563839912 334.17331075668335 184.88431119918823 9544.7581652402878 513.25196152925491 703.86023741960526 7382.5975279510021 2393.716826736927 1977.7034223377705 1262.8607363700867
leaf_count=1716 2633 922 11386 11654 3516 2019 407 2155 1042 1305 4550 5532 552 1549 111 3384 814 1570 28 2201 2761 608 80 6849 640 915 8288 1684 6953 4417
internal_value=-4.23803e-05 -0.0125858 0.0028863 -0.0158739 -0.00841651 -0.0184759 -0.0151162 -0.017874 0.00082104 -0.00874075 0.00196732 0.00542181 0.00191227 0.00381817 0.00349928 0.00480716 0.00726359 0.00652783 0.000238969 0.0078791 0.00826277 -0.00158833 0.011415 0.00334597 0.00445088 0.00374644 -0.00260051 0.00626653 -0.02139 -0.016898
internal_weight=75338.2 14260.6 61077.6 11624.3 3006.81 8617.48 5590.4 4651.17 33673.7 1292.85 25225.2 27403.8 2636.35 2337.03 16222.2 11738.9 14534.4 8401.61 1485.94 6915.66 6817.35 2022.29 3444.29 12869.5 10058 1038.03 8448.52 12107.7 3358.32 1380.62
internal_count=92241 38688 53553 35665 6755 28910 17256 15237 35401 3460 26071 18152 3023 2471 14685 10135 8030 6751 1598 5153 5042 3239 2281 10122 7489 1523 9330 7216 11777 4824
cat_boundaries=0 1 2 3 4 5 6 7
cat_threshold=327711 1 377631 1 1082336 4210181 36864
is_linear=0
shrinkage=0.05


Tree=51
num_leaves=31
num_cat=7
split_feature=18 17 17 7 9 21 4 3 3 0 0 0 0 3 3 21 0 17 0 18 13 4 19 21 7 3 21 0 3 19
split_gain=1039.26 269.693 117.244 53.7873 56.5283 53.6701 54.285 50.2698 88.109 38.901 36.441 35.7634 29.1847 28.3307 85.4748 25.8072 44.6427 50.6268 34.7947 22.5986 20.6947 19.7734 24.9988 32.6606 19.2668 18.5221 18.4631 18.3026 18.1049 17.4462
threshold=0.1033163294196129 1.0000000180025095e-35 0.6428571641445161 26.10000038146973 1.0000000180025095e-35 4.3284671306610116 2.5000000000000004 44.500000000000007 57.500000000000007 0 1 2 3 83.500000000000014 73.500000000000014 4.4178998470306405 4 1.214285731315613 5 1.0344387888908388 0.99137932062149059 2.5000000000000004 0.88985177874565136 4.4228515625000009 30.10000038146973 64.500000000000014 4.4037587642669687 6 46.500000000000007 1.3673683404922488
decision_type=2 2 2 2 2 2 2 2 2 1 1 1 1 2 2 2 1 2 1 2 2 2 2 2 2 2 2 1 2 2
left_child=1 7 3 29 11 12 19 -1 28 -6 21 -5 24 14 25 18 17 -17 -8 -7 -11 -3 23 -23 -4 -10 -20 -16 -9 -2
right_child=2 10 5 4 9 6 15 8 13 20 -12 -13 -14 -15 27 16 -18 -19 26 -21 -22 22 -24 -25 -26 -27 -28 -29 -30 -31
leaf_value=-0.020303455201401636 -0.0059932472298915495 -0.01328533598823416 0.001112326790490508 0.0032941149683432371 -0.00052331327799989911 0.0013071576512465944 0.0029119993313866713 -0.0082353586214311304 -0.013506617609839575 0.008141363780807263 -0.0029226916920091664 -0.0017686554763203573 -0.0014638931565810697 -0.022157848502179212 0.0037027315964553381 0.065825928095969363 0.0077928735021783602 0.021080102593221864 0.011218390211309862 0.0066979230442477588 0.0032672977587666061 0.016198326513237198 0.0070461817642342127 0.064726511716351007 0.0075311108558641362 -0.020652179608633511 0.0056879621519239452 -0.0079518257994066113 0.0050128405239067862 0.008357849427120926
leaf_weight=3910.901703029871 3365.8918893039227 90.956897646188736 2264.7029502391815 4756.4360434710979 3402.6741016805172 4933.7279611825943 2524.0695121884346 421.84159797430038 1519.0793978571892 4513.107711493969 1548.8148762583733 12999.122319191694 3831.0812552571297 1291.4496738314629 562.98102074861526 80.524896204471588 622.95337271690369 294.05763113498688 5610.6284195184708 3208.3419301509857 4208.699842363596 162.08604291081429 796.85157001018524 44.106591403484344 2416.5355705618858 2250.3728901743889 2064.4077318906784 816.44602474570274 663.49205386638641 225.99132484197617
leaf_count=13425 4334 179 1588 4309 3839 4477 1524 893 5005 3617 2042 14741 3964 4651 1177 38 425 65 2559 1648 3741 95 641 26 1441 7377 1041 1778 1308 222
internal_value=-0.000127775 -0.0123784 0.0026849 0.000690631 0.00138556 0.00508166 0.00653787 -0.015705 -0.0133153 0.00401733 0.0020171 -0.000411559 0.00177335 -0.0155363 -0.0138754 0.00879689 0.0164725 0.029901 0.00804617 0.00343136 0.00578276 0.00895539 0.0110615 0.026579 0.00441638 -0.0177725 0.00971817 -0.00322609 -0.000136398 -0.00509032
internal_weight=75402.3 14079.4 61323 33471.9 29880 27851 19338.7 11436.6 7525.66 12124.5 2642.82 17755.6 8512.32 6440.33 5148.88 11196.6 997.536 374.583 10199.1 8142.07 8721.81 1094 1003.04 206.193 4681.24 3769.45 7675.04 1379.43 1085.33 3591.88
internal_count=92170 38597 53573 34803 30247 18770 11777 35614 22189 11197 2983 19050 6993 19988 15337 5652 528 103 5124 6125 7358 941 762 121 3029 12382 3600 2955 2201 4556
cat_boundaries=0 1 2 3 4 5 6 7
cat_threshold=4226080 639007 344092 327831 32768 6533120 1844075
is_linear=0
shrinkage=0.05


Tree=52
num_leaves=31
num_cat=8
split_feature=18 17 0 2 3 3 3 2 3 3 3 3 9 3 3 3 19 17 8 7 0 0 13 3 2 5 0 0 3 3
split_gain=997.041 247.932 103.024 96.3073 121.246 75.2946 90.9247 60.8566 70.7039 59.7008 50.3945 47.7365 45.0459 43.4917 36.0997 35.1504 34.5774 31.6129 28.9797 28.6211 26.9275 26.3676 23.3961 22.305 21.8765 26.8382 21.8724 21.7671 21.7409 20.5433
threshold=0.1033163294196129 1.0000000180025095e-35 0 1 81.500000000000014 44.500000000000007 57.500000000000007 2 42.500000000000007 73.500000000000014 85.500000000000014 80.500000000000014 1.0000000180025095e-35 41.500000000000007 54.500000000000007 47.500000000000007 0.98414596915245067 0.35714286565780645 1.0000000180025095e-35 31.500000000000004 3 4 1.0425724387168886 47.500000000000007 5 1.0000000180025095e-35 6 7 44.500000000000007 52.500000000000007
decision_type=2 2 1 1 2 2 2 1 2 2 2 2 2 2 2 2 2 2 2 2 1 1 2 2 1 2 1 1 2 2
left_child=1 3 7 4 21 -5 -7 8 -2 -8 -11 12 19 -4 15 24 -16 -3 20 -10 -9 -1 -20 -22 25 -15 -21 -19 -23 -25
right_child=2 17 13 5 -6 6 9 18 11 10 -12 -13 -14 14 16 -17 -18 27 22 26 23 28 -24 29 -26 -27 -28 -29 -30 -31
leaf_value=-0.0073660052825402353 -0.00071441954678915518 -0.0048408749272813405 -0.0065712878997873682 -0.024656533511196635 -0.022354348536107793 -0.00047921022319410397 -0.021245769398758371 -0.008468704952782213 0.0032012068006017319 -0.0024467293880372928 -0.024829265119119821 -0.010879211744079804 0.0090483969787155723 -0.0027636806400992225 -0.0030976462509573043 0.0051766029223463406 0.0021810707710910476 0.012909264651679551 0.011930632602541671 0.01251564558859132 -0.009416926367401518 -0.0032176239634358473 -0.0083072936658079421 0.0058385505719808538 -0.01012224751312263 0.0088394218278389346 0.0051139135621271117 0.00092871099593820237 0.010495422206405612 -0.00060033678651258719
leaf_weight=840.25892120599747 4086.6942117214203 1113.146165907383 2201.7772988080978 2894.6586579233408 949.52714505791664 934.28947183489799 3223.1099970042706 940.35209053754807 9389.7812343239784 933.7637305855751 344.17311996221542 394.26371705532074 10930.506303369999 1656.4256430268288 7571.916319668293 6538.7210048437119 5255.3955726623535 669.63147634267807 829.7085080742836 1711.7417662143707 512.57632750272751 532.12062561511993 172.49757325649261 1827.6489053964615 577.95537954568863 712.82850915193558 2506.3758721351624 875.09642469882965 632.70198917388916 3844.5777862668037
leaf_count=1506 4003 1789 3341 11657 3525 2006 11753 1140 6295 2178 1315 564 5179 2038 9125 6234 5166 366 744 1007 601 962 177 1407 835 502 1507 849 781 3803
internal_value=-8.06472e-05 -0.0121558 0.00264969 -0.0153916 -0.00763579 -0.0181426 -0.0146735 0.00430943 0.0053816 -0.0176198 -0.00847478 0.00638079 0.00665811 0.000132929 0.000794532 0.0031332 -0.000934937 0.00158282 0.000486455 0.00473812 -0.000633301 -0.000665659 0.00844732 0.000570783 -0.00140032 0.000727301 0.00815938 0.0062118 0.00419494 0.00147434
internal_weight=75604.2 13942.5 61661.7 11284.6 2954.61 8329.99 5435.34 37146.7 29019.4 4501.05 1277.94 24932.7 24538.4 24515 22313.2 9485.93 12827.3 2657.87 8127.36 13607.9 7125.16 2005.08 1002.21 6184.8 2947.21 2369.25 4218.12 1544.73 1164.82 5672.23
internal_count=92355 38687 53668 35683 6774 28909 17252 26427 18555 15246 3493 14552 13988 27241 23900 9609 14291 3004 7872 8809 6951 3249 921 5811 3375 2540 2514 1215 1743 5210
cat_boundaries=0 1 2 3 4 5 6 7 8
cat_threshold=885151 1 1 33024 4209156 1 524444 115213
is_linear=0
shrinkage=0.05


Tree=53
num_leaves=31
num_cat=7
split_feature=18 2 3 0 3 3 3 3 2 3 3 4 3 0 0 3 13 0 13 19 7 19 3 3 3 3 7 0 19 3
split_gain=971.759 222.557 148.988 112.889 106.115 87.8707 107.474 64.8781 60.1682 72.0359 67.1568 41.956 41.5296 37.6062 33.9463 31.3455 27.9354 27.0081 26.2655 26.2453 26.1959 25.9003 25.8774 44.3036 32.4518 28.4793 24.7596 26.3538 23.6929 23.1706
threshold=0.1033163294196129 0 82.500000000000014 1 44.500000000000007 56.500000000000007 73.500000000000014 85.500000000000014 2 43.500000000000007 55.500000000000007 4.5000000000000009 80.500000000000014 3 4 48.500000000000007 1.0461647510528567 5 0.97547847032547008 0.59926477074623119 25.69999980926514 1.3673683404922488 53.500000000000007 47.500000000000007 75.500000000000014 56.500000000000007 26.69999980926514 6 0.79800128936767589 46.500000000000007
decision_type=2 1 2 1 2 2 2 2 1 2 2 2 2 1 1 2 2 1 2 2 2 2 2 2 2 2 2 1 2 2
left_child=1 2 13 18 -3 29 -7 14 9 28 11 15 16 -1 -8 19 17 -12 -2 -11 21 -19 23 -10 25 -24 -25 -28 -5 -6
right_child=3 4 -4 8 5 6 7 -9 22 10 12 -13 -14 -15 -16 -17 -18 20 -20 -21 -22 -23 24 26 -26 -27 27 -29 -30 -31
leaf_value=-0.0035831553366637639 0.0070238971825600967 -0.024670376980599856 -0.022413248687956133 0.0075682600781888827 -0.009318364448178346 -0.02080431261584835 0.015623687658997729 -0.024829264120264552 -0.0094762931388818542 0.042222065104428247 -0.00081651435945858774 0.011167502689930367 -0.013943312807753974 0.006352586657623587 -0.0042623706619411309 0.0068592314236319415 -0.0020840245301912939 0.013302835648129006 0.003305502637283836 -0.00043150265854669271 0.0039878923370342701 0.059977939081797153 -0.0044621563522151539 0.027313471948588543 -0.0013391914224148572 -0.015860628360176949 -0.0088559851020095139 0.0039523597353667735 -0.0044580074010506501 0.0052305013280028456
leaf_weight=2063.2403754889965 12928.072738528252 2832.1646219789982 827.80892577767372 450.65170556306839 451.29551780223846 3465.8786700963974 259.40660375356674 337.03288611769676 889.07867354154587 36.539170205593109 3565.112793982029 3144.7267860174179 440.935242831707 1752.1882455945015 1045.0106438994408 4470.0763754248619 3846.9586364030838 132.43434995412827 7506.7262408435345 2776.8939841389656 8066.3750308156013 38.322216033935547 1320.7569247484207 101.64406961202621 3154.5239354372025 936.59717774391174 453.16677784919739 3047.4469970464706 4489.1680738925934 695.28151887655258
leaf_count=3265 7253 11679 3143 463 959 12520 416 1320 1236 23 3810 1577 675 1990 2266 3781 3710 90 5351 2702 6336 18 1593 92 3953 1393 525 3199 5894 1100
internal_value=-5.75046e-05 -0.0120901 -0.00318488 0.00261578 -0.0166409 -0.0130047 -0.0158128 -0.00527339 0.00111252 0.00218277 0.00321544 0.00634091 0.00118978 0.000986969 -0.000220575 0.00425699 0.00161617 0.00282226 0.00565518 0.000122456 0.00439281 0.0237779 -0.00228608 0.000519537 -0.00461447 -0.00919149 0.00298662 0.00228027 -0.00336087 -0.000495968
internal_weight=75525.5 13729.3 4643.24 61796.2 9086.07 6253.91 5107.33 1641.45 41361.4 31458.2 26518.4 10428.2 16090.1 3815.43 1304.42 7283.51 15649.2 11802.2 20434.8 2813.43 8237.13 170.757 9903.21 4491.34 5411.88 2257.35 3602.26 3500.61 4939.82 1146.58
internal_count=92332 38658 8398 53674 30260 18581 16522 4002 41070 29079 22722 8083 14639 5255 2682 6506 13964 10254 12604 2725 6444 108 11991 5052 6939 2986 3816 3724 6357 2059
cat_boundaries=0 1 2 3 4 5 6 7
cat_threshold=1 262173 1 7486976 106506 6307328 1085440
is_linear=0
shrinkage=0.05


Tree=54
num_leaves=31
num_cat=3
split_feature=18 17 13 2 3 3 3 3 2 3 4 3 3 18 1 21 3 9 3 3 19 19 13 4 3 3 7 3 3 4
split_gain=929.46 262.352 107.949 97.2929 112.885 74.9513 80.6819 61.6433 59.4052 64.1098 59.3354 51.2366 49.1789 45.1057 35.3992 35.0763 33.4317 28.0048 23.7822 23.1293 23.8741 22.7922 38.3277 21.451 19.1292 19.1211 24.9646 21.585 18.4976 18.1443
threshold=0.1033163294196129 1.0000000180025095e-35 0.96922349929809581 0 80.500000000000014 44.500000000000007 57.500000000000007 73.500000000000014 1 41.500000000000007 4.5000000000000009 79.500000000000014 85.500000000000014 0.32270407676696783 2 4.4289610385894784 53.500000000000007 1.0000000180025095e-35 38.500000000000007 44.500000000000007 1.459575951099396 0.59926477074623119 1.0334821343421938 4.5000000000000009 48.500000000000007 53.500000000000007 27.10000038146973 48.500000000000007 64.500000000000014 4.5000000000000009
decision_type=2 2 2 1 2 2 2 2 1 2 2 2 2 2 1 2 2 2 2 2 2 2 2 2 2 2 2 2 2 2
left_child=1 3 13 4 19 -5 -7 28 9 -4 11 14 -9 -2 21 -3 -12 -15 -19 -1 -21 22 -11 25 -25 26 -10 -28 -8 -6
right_child=2 15 8 5 29 6 7 12 23 10 16 -13 -14 17 -16 -17 -18 18 -20 20 -22 -23 -24 24 -26 -27 27 -29 -30 -31
leaf_value=-0.0059201254202042863 0.0008176710991317787 0.004218429785399427 -0.0044794170207818401 -0.024775012768413415 -0.023833943528973004 -0.0012575382603819264 -0.016679595345620895 -0.0023884358737848109 0.018557288339028824 0.0021233752838540651 0.011184336689233449 -0.013890668422679733 -0.024829264551254514 0.0043876962394282662 -0.0013054726047736409 -0.01432649578655667 0.0039131498251515915 -0.0056317239131576276 0.0085108913821001914 0.0034920801607982999 0.043536762839961114 0.0032862925859437463 0.065855860979668349 -0.0208215795385823 -0.0057688918345281046 -0.0040490652867341635 -0.0062471641062715119 0.0031371192658644614 -0.024525967722561142 -0.0050791527542420958
leaf_weight=936.05527076125145 5218.9469525814056 2375.4036262631416 3439.8291001319885 2764.8036074340343 853.99495530128479 931.20033046603203 1282.2606063783169 942.47853776812553 195.91323232650757 59.363386452198029 2665.6595003008842 539.37448316812515 329.4937896579504 11815.054788887501 5977.4823426008224 285.63895073533058 3884.5030919313431 307.33102256059647 9068.6436721682549 935.69001281261444 38.76194167137146 10455.065560519695 39.146441698074341 249.52056568861008 1369.3330902457237 3772.8222243487835 906.78658312559128 1889.7687705755234 1813.4039958417416 151.89786973595619
leaf_count=1789 6382 2472 4367 11697 3160 2012 4817 2210 184 36 1324 800 1323 8554 6716 542 2349 277 4936 1252 39 8031 18 327 1535 4690 1136 1921 6957 540
internal_value=-4.37241e-05 -0.0118574 0.00256161 -0.015271 -0.00744482 -0.0181015 -0.0146195 -0.0174683 0.000758576 0.00189796 0.00282669 0.00127435 -0.00820154 0.00498144 0.00176915 0.0022278 0.00687224 0.0060069 0.00804732 -0.000306982 0.00508499 0.00350852 0.0274498 -0.00291886 -0.00808902 -0.0016817 0.00130301 9.42536e-05 -0.0212759 -0.0210018
internal_weight=75495.6 13641.1 61854.5 10980 2916.4 8063.64 5298.84 4367.64 35444.6 27060.4 23620.6 17070.4 1271.97 26410 16531.1 2661.04 6550.16 21191 9375.97 1910.51 974.452 10553.6 98.5098 8384.14 1618.85 6765.29 2992.47 2796.56 3095.66 1005.89
internal_count=92393 38810 53583 35796 6780 29016 17319 15307 33434 23641 19274 15601 3533 20149 14801 3014 3673 13767 5213 3080 1291 8085 54 9793 1862 7931 3241 3057 11774 3700
cat_boundaries=0 1 2 3
cat_threshold=1 1 3
is_linear=0
shrinkage=0.05


Tree=55
num_leaves=31
num_cat=9
split_feature=18 17 13 2 3 3 3 3 2 0 0 3 3 3 3 4 0 3 2 0 0 3 19 7 19 3 0 3 19 4
split_gain=889.619 234.974 97.264 91.555 111.507 77.2192 84.6631 55.6595 52.9565 57.5898 50.5462 46.5396 31.9013 37.6044 31.4868 29.2673 25.3717 25.3574 28.7707 25.2556 24.9819 23.6972 24.3922 22.7788 22.067 26.1802 21.959 21.4341 21.3606 20.993
threshold=0.1033163294196129 1.0000000180025095e-35 0.96922349929809581 0 81.500000000000014 44.500000000000007 57.500000000000007 73.500000000000014 1 2 3 85.500000000000014 41.500000000000007 54.500000000000007 44.500000000000007 4.5000000000000009 4 45.500000000000007 5 6 7 66.500000000000014 0.99191448092460643 25.10000038146973 0.59926477074623119 48.500000000000007 8 64.500000000000014 1.459575951099396 4.5000000000000009
decision_type=2 2 2 1 2 2 2 2 1 1 1 2 2 2 2 2 1 2 1 1 1 2 2 2 2 2 1 2 2 2
left_child=1 3 10 4 19 -5 -7 27 9 14 17 -9 -11 15 -4 24 -3 -2 21 28 -10 -19 -23 -24 -14 -26 -15 -8 -1 -18
right_child=2 16 8 5 -6 6 7 11 20 12 -12 -13 13 26 -16 -17 29 18 -20 -21 -22 22 23 -25 25 -27 -28 -29 -30 -31
leaf_value=-0.0092147373701319101 0.0017026463825436898 0.0074839884048672955 -0.0079482834752534638 -0.024662435190611884 -0.022078565672405247 -0.00061416358784200493 -0.015909820479001385 -0.0027062451115199338 -0.006949335747234095 -0.0019971571535878176 0.0017327484230427678 -0.024829264885385526 0.033269222804637941 0.016208039348162898 -9.6424693692729842e-05 0.012494614258926347 -0.0065009805581134426 0.010083247483624025 0.0033741655898412281 0.0037636329337415058 -0.00095554217004789632 0.0018505124510231768 0.031812663549832636 0.0083303349597226382 0.000548450530430867 0.0084986537965140909 0.0018964865121363465 -0.024460103727618025 0.040571840660393502 0.0055869304144529237
leaf_weight=762.11077973246574 2523.3764220476151 1065.3572851717472 1537.2328734397888 2697.3637352585793 890.68252275884151 935.36671245098114 1255.683588385582 931.15677693486214 2461.950058311224 2330.0520427823067 9128.926598072052 319.22204856574535 67.987999737262726 266.53601336479187 7536.5383143723011 1896.908921957016 1069.3854041099548 7275.3285513520241 3806.2745256125927 1201.7796687483788 5896.0035413503647 2228.2794405817986 111.22502774000168 1444.5288754701614 2056.9227182269096 2085.3387262225151 9288.0843187272549 1760.7513536512852 22.170878827571869 540.83029434084892
leaf_count=1399 2224 936 2240 11698 3522 2020 4796 2186 3177 2684 8908 1314 35 74 7388 838 1528 3334 3386 1798 6614 1513 56 713 1764 1450 7127 6923 30 548
internal_value=-6.84626e-05 -0.0117233 0.00246262 -0.0150161 -0.00737898 -0.0177972 -0.0142376 -0.0172241 0.000748348 0.00182265 0.0047526 -0.00835426 0.00345943 0.00427343 -0.00142508 0.0073379 0.00153892 0.00633332 0.00712362 -0.000786705 -0.00273055 0.00841406 0.00520483 0.0100091 0.00501457 0.00455082 0.00231467 -0.0209008 -0.00770903 -0.00242589
internal_weight=75393.4 13451.9 61941.5 10776.3 2876.74 7899.54 5202.18 4266.81 35423.6 27065.6 26517.9 1250.38 17991.8 15661.8 9073.77 6107.16 2675.57 17389 14865.6 1986.06 8357.95 11059.4 3784.03 1555.75 4210.25 4142.26 9554.62 3016.43 784.282 1610.22
internal_count=92223 38698 53525 35686 6749 28937 17239 15219 33391 23600 20134 3500 13972 11288 9628 4087 3012 11226 9002 3227 9791 5616 2282 769 3249 3214 7201 11719 1429 2076
cat_boundaries=0 1 2 3 4 5 6 7 8 9
cat_threshold=1 1 6323776 279039 33695 1 4209152 3316496 16
is_linear=0
shrinkage=0.05


Tree=56
num_leaves=31
num_cat=11
split_feature=18 17 13 2 3 3 3 3 2 3 4 3 3 0 0 0 21 0 0 9 3 0 0 3 3 0 13 21 21 0
split_gain=859.555 239.738 90.3318 89.3856 115.922 78.5835 75.7624 60.691 55.2147 64.9913 54.7867 49.9371 48.5272 46.3421 36.8178 32.7307 28.9936 27.7173 24.6018 23.4861 22.6679 21.1998 19.1525 18.5389 26.4817 18.4369 18.3732 18.2355 27.385 17.9448
threshold=0.12882652878761294 1.0000000180025095e-35 0.96922349929809581 0 81.500000000000014 44.500000000000007 57.500000000000007 73.500000000000014 1 41.500000000000007 4.5000000000000009 78.500000000000014 85.500000000000014 2 3 4 4.4289610385894784 5 6 1.0000000180025095e-35 64.500000000000014 7 8 47.500000000000007 54.500000000000007 9 1.0588461160659792 4.3122317790985116 4.3107709884643564 10
decision_type=2 2 2 1 2 2 2 2 1 2 2 2 2 1 1 1 2 1 1 2 2 1 1 2 2 1 2 2 2 1
left_child=1 3 13 4 18 -5 25 20 9 22 11 14 29 23 26 -12 17 -3 -1 -17 27 -10 -4 -2 -25 -7 -11 28 -8 -9
right_child=2 16 8 5 -6 6 7 12 21 10 15 -13 -14 -15 -16 19 -18 -19 -20 -21 -22 -23 -24 24 -26 -27 -28 -29 -30 -31
leaf_value=-0.0067419457570135058 0.0029089683904796196 0.0096652873503611063 0.00123496371248021 -0.024676994577621531 -0.022504948035155278 0.010690495764352917 -0.0096386760359668915 0.007465981431816187 -0.00052252333011490188 0.0051600128431918283 0.0019604562578284003 -0.010408080593832572 -0.024829264473007949 0.0015389635156950708 -0.00090722368365778324 0.0046261983532417819 -0.010792192222303624 -0.0011241994792878941 0.0042510479677739061 0.012299065235075042 -0.02453849183423951 -0.0056339707656052462 -0.0070501963930607765 0.0099467597069521439 0.0054147800917958193 -0.0052272049324489766 0.00010087729170243084 -0.017563187966063553 0.050150512249845382 -0.0069225407368155786
leaf_weight=929.79059103131294 3680.8400102853775 1056.7856212258339 993.22525608539581 2626.9028832763433 881.9795738607645 234.88601320981979 85.579301863908768 316.62059298157692 4694.3858584165573 7385.973065674305 2349.0500094890594 856.37902319431305 313.0483508259058 8111.4515770971775 6600.9864696264267 1612.6040566563606 406.06756255030632 1348.2874175906181 1100.6583477854729 2613.9069225788116 1719.551395252347 3574.1228196918964 2346.6078260540962 4756.1502606868744 10001.968894422054 699.02202972769737 2370.6242406368256 1128.5318578183651 24.673319607973099 637.70597979426384
leaf_count=1687 3043 843 983 11677 3555 501 322 728 5051 5327 1496 1093 1321 7831 7305 1047 757 1644 1626 1096 6928 4599 3266 2603 6503 1526 1908 4389 93 1503
internal_value=-1.00464e-06 -0.0114282 0.00249111 -0.0148423 -0.00736961 -0.0176374 -0.0140533 -0.0169016 0.000837537 0.00192773 0.00284468 0.00136168 -0.00774671 0.0046957 0.00197787 0.00672698 0.00156571 0.0036522 -0.000795172 0.0093494 -0.0208236 -0.00273943 -0.0046037 0.00608025 0.00687532 -0.00116527 0.00392674 -0.0156671 0.00374148 -0.00214311
internal_weight=75458.4 13510.1 61948.3 10699 2912.43 7786.52 5159.62 4225.71 35397.9 27129.4 23789.5 17214 1267.37 26550.4 16357.6 6575.56 2811.14 2405.07 2030.45 4226.51 2958.34 8268.51 3339.83 18439 14758.1 933.908 9756.6 1238.78 110.253 954.327
internal_count=92251 39100 53151 35856 6868 28988 17311 15284 33171 23521 19272 15633 3552 19980 14540 3639 3244 2487 3313 2143 11732 9650 4249 12149 9106 2027 7235 4804 415 2231
cat_boundaries=0 1 2 3 4 5 6 7 8 9 10 11
cat_threshold=1 1 287231 1949855 4521600 639773 4340228 5071887 360721 368920 5316795
is_linear=0
shrinkage=0.05


Tree=57
num_leaves=31
num_cat=8
split_feature=18 2 3 3 13 3 3 3 0 2 0 7 19 3 19 0 21 0 7 3 7 0 19 13 21 3 3 0 4 3
split_gain=811.986 213.782 144.179 109.188 91.636 89.8179 92.6789 64.6553 52.5683 44.6764 42.8603 36.6553 46.4652 29.9673 30.1144 28.8463 28.6852 28.3693 26.8624 26.7846 25.6345 30.6481 50.7168 34.7976 32.9977 24.9184 24.5662 33.0524 22.8759 33.4163
threshold=0.1033163294196129 0 82.500000000000014 44.500000000000007 0.96922349929809581 56.500000000000007 74.500000000000014 85.500000000000014 1 2 3 28.69999980926514 1.4910158514976504 47.500000000000007 0.98414596915245067 4 4.3837292194366464 5 30.500000000000004 54.500000000000007 28.69999980926514 6 1.2118085622787478 0.95070043206214916 4.3414282798767099 43.500000000000007 45.500000000000007 7 5.5000000000000009 38.500000000000007
decision_type=2 1 2 2 2 2 2 2 1 1 1 2 2 2 2 1 2 1 2 2 2 1 2 2 2 2 2 1 2 2
left_child=1 2 11 -3 10 26 -7 17 9 18 -2 12 15 -12 19 -1 20 -8 28 -15 21 22 23 -16 -24 -10 -5 -28 -6 -30
right_child=4 3 -4 5 8 6 7 -9 25 -11 13 -13 -14 14 16 -17 -18 -19 -20 -21 -22 -23 24 -25 -26 -27 27 -29 29 -31
leaf_value=-0.0091199957216742001 0.00057308927337791497 -0.024673973671820164 -0.022600108295114683 -0.013245568047430226 0.00084512040349479171 -0.019759353935885016 -0.0062613806569642508 -0.024829265582326877 -0.0071741262873230745 -0.0021520928168483459 0.0017854557859893596 0.0065365644977889359 0.035869354395362409 0.0086278316962675218 -0.0015800938118134664 0.0031766963684375666 0.0052000129519835436 0.0098609414675398348 0.0059448846180145346 0.0028403318826021682 0.0087613133081384086 0.011586060036105898 0.021329190838126795 0.031562086280723635 0.075267761913752063 -0.00085589007249784084 0.01537824558220814 -0.0039931457743417635 -0.014704624192387128 0.012078820755086754
leaf_weight=1294.8533421158791 5554.3776234984398 2575.8014287650585 762.62007895112038 263.30108100175858 7933.9775958955288 3432.0125227123499 571.5575042963028 302.61260224878788 1761.5267777144909 4394.2868386805058 4298.3730757832527 1751.9064729213715 73.313034564256668 2864.8630301356316 133.33808624744415 748.70605733990669 3143.5987119376659 504.50522890686989 6711.8019946217537 6615.5643610358238 2887.7144774794579 985.413125872612 44.412230610847473 195.06537270545959 78.423906922340393 13675.587958484888 367.99635741114616 522.64681980013847 133.33806300163269 919.85263186693192
leaf_count=2332 5774 11722 3163 580 6614 13047 1273 1309 2650 4698 3644 1888 72 1633 135 989 1840 918 4219 4867 1485 635 29 113 43 14650 539 938 146 447
internal_value=-0.000100561 -0.0113801 -0.00273011 -0.0160709 0.00228302 -0.0123557 -0.0153608 -0.00441112 0.000617978 0.00230307 0.00449038 0.0011867 -0.00324081 0.00551158 0.00645984 -0.0046439 0.00883452 0.00133092 0.00355158 0.00458924 0.0114766 0.0169345 0.0277427 0.0181057 0.0557659 -0.00157584 0.000171942 0.00413856 0.00176421 0.00868793
internal_weight=75503.3 13171.8 4631.4 8540.43 62331.5 5964.63 4810.69 1378.68 35530.4 20093.3 26801.1 3868.78 2116.87 21246.8 16948.4 2043.56 7467.97 1076.06 15699 9480.43 4324.37 1436.65 451.24 328.403 122.836 15437.1 1153.94 890.643 8987.17 1053.19
internal_count=92392 38770 8444 30326 53622 18604 16547 3500 33424 16124 20198 5281 3393 14424 10780 3321 4280 2191 11426 6500 2440 955 320 248 72 17300 2057 1477 7207 593
cat_boundaries=0 1 2 3 4 5 6 7 8
cat_threshold=1 1933727 1 5971456 8027264 3808592 57352 5038366
is_linear=0
shrinkage=0.05


Tree=58
num_leaves=31
num_cat=9
split_feature=18 17 2 3 13 3 3 0 3 3 3 3 19 19 2 7 2 19 3 2 21 0 16 20 3 0 3 0 7 0
split_gain=787.075 224.616 83.2471 102.719 82.6063 80.343 84.4522 66.5503 59.6558 49.0473 57.734 48.0566 35.3992 35.2746 33.4349 32.5768 27.5279 27.8928 27.2945 50.704 25.8467 25.3406 25.3008 23.5307 23.2385 22.4073 22.0384 21.7043 21.1463 20.844
threshold=0.1033163294196129 1.0000000180025095e-35 0 82.500000000000014 1.0386904478073122 44.500000000000007 57.500000000000007 1 73.500000000000014 46.500000000000007 54.500000000000007 85.500000000000014 0.98414596915245067 1.4173803329467776 2 26.69999980926514 3 0.81640771031379711 73.500000000000014 4 4.4289610385894784 5 0.56250000000000011 5.5000000000000009 40.500000000000007 6 64.500000000000014 7 30.10000038146973 8
decision_type=2 2 1 2 2 2 2 1 2 2 2 2 2 2 1 2 1 2 2 1 2 1 2 2 2 1 2 1 2 1
left_child=1 2 3 13 7 -4 -7 28 26 16 14 -10 18 -1 -11 22 17 23 19 -12 25 -6 -16 -9 -23 -3 -8 -17 -2 -14
right_child=4 20 5 -5 21 6 8 9 11 10 12 -13 29 -15 15 27 -18 -19 -20 -21 -22 24 -24 -25 -26 -27 -28 -29 -30 -31
leaf_value=-0.0029039991711832859 -0.0039706707596261622 0.0098598897611684687 -0.024649590137063318 -0.023329374248650586 -0.0084124960632475376 -0.00010415463794994417 -0.01553882729045588 0.00062970293469640274 -0.0016978355733214268 0.0096660413027439551 0.004603142433001038 -0.024829264868386502 0.0086925662319572976 0.030032048497128573 0.01622996301996359 -0.0053553802616987944 -0.012622780585977459 -0.00013688863843904877 -0.0015040036858142789 -0.0088283907664985471 -0.012770764061447573 -0.0078501415895705137 0.075361758525229347 0.016298011109124193 0.00013413450348808643 -0.00024010935188952255 -0.024438816930588487 0.0049414864596710462 0.0013587980082696209 0.003781416297326032
leaf_weight=1988.573363929987 3415.8581602573395 840.36066222190857 2504.5085145384073 733.38657692074776 1080.2445228993893 932.25063714385033 1194.7768038064241 447.77934294939041 903.53256952762604 7615.5288035869598 7529.1156220436096 298.78899143636227 3606.9948808252811 84.75918036699295 57.234393119812012 595.85202902555466 385.04124271869659 6141.5716676712036 4447.9672759473324 774.95764610171318 277.81230250000954 986.505569845438 26.449475347995758 515.47298741340637 11959.50886926055 1557.6948378384113 1664.7534192800522 3377.4956790804863 4089.6495177745819 5526.3341443538666
leaf_count=3479 4333 595 11696 3170 1064 2030 4804 373 2136 3934 5112 1325 2046 107 52 654 556 5972 4428 905 539 1336 16 291 11414 1867 7011 2873 4259 4022
internal_value=-3.59729e-05 -0.0112404 -0.0145918 -0.00724646 0.00228821 -0.0173412 -0.0136761 0.0032646 -0.0167911 0.00405559 0.0048731 -0.00744623 0.00335852 -0.00155755 0.00771287 0.00404653 0.000398158 0.00110382 0.00165669 0.00334968 0.00166681 -0.00109165 0.0349194 0.00901441 -0.000473913 0.00333939 -0.0207202 0.0033963 -0.0010653 0.00573462
internal_weight=75560.8 12981.2 10305.3 2806.72 62579.6 7498.61 4994.1 48553.3 4061.85 41047.8 33557.9 1202.32 21885.4 2073.33 11672.6 4057.03 7489.87 7104.82 12752 8304.07 2675.87 14026.3 83.6839 963.252 12946 2398.06 2859.53 3973.35 7505.51 9133.33
internal_count=92399 38759 35758 6756 53640 29002 17306 39826 15276 31234 24042 3461 16513 3586 7529 3595 7192 6636 10445 6017 3001 13814 68 664 12750 2462 11815 3527 8592 6068
cat_boundaries=0 1 2 3 4 5 6 7 8 9
cat_threshold=1 7347200 1 1 1 36864 49693 49216 180248
is_linear=0
shrinkage=0.05


Tree=59
num_leaves=31
num_cat=10
split_feature=18 17 2 3 0 3 3 3 2 3 9 3 0 0 3 3 3 8 3 0 3 21 0 0 3 3 21 0 19 0
split_gain=772.552 212.265 88.2306 104.176 85.9384 77.899 75.5682 57.0508 54.3487 67.6003 54.4352 44.6279 37.5313 36.3094 29.8524 25.2995 37.2637 30.4779 28.1619 26.6018 25.5339 23.7096 22.6067 22.5362 22.0531 21.5789 20.7845 19.76 19.113 18.844
threshold=0.12882652878761294 1.0000000180025095e-35 0 81.500000000000014 1 44.500000000000007 57.500000000000007 73.500000000000014 2 41.500000000000007 1.0000000180025095e-35 85.500000000000014 3 4 63.500000000000007 46.500000000000007 53.500000000000007 3.4000000059604649 75.500000000000014 5 56.500000000000007 4.4289610385894784 6 7 64.500000000000014 76.500000000000014 4.3142030239105233 8 1.6364901661872866 9
decision_type=2 2 1 2 1 2 2 2 1 2 2 2 1 1 2 2 2 2 2 1 2 2 1 1 2 2 2 1 2 1
left_child=1 2 3 27 22 -4 -7 24 9 -6 12 -9 25 -12 -15 -10 17 19 20 -17 -18 23 28 -3 -8 -11 -21 -1 -2 -20
right_child=4 21 5 -5 8 6 7 11 15 10 13 -13 -14 14 -16 16 18 -19 29 26 -22 -23 -24 -25 -26 -27 -28 -29 -30 -31
leaf_value=-0.0087870946263575913 0.0073730704678509175 0.0090768883941989408 -0.024624993704178259 -0.021930775707219432 -0.0040133289800167761 -0.00091652661728075415 -0.015460633470037772 -0.002464407409292403 -0.013869621097519824 0.003677967317718204 0.001462246365797963 -0.024829265325465991 -0.0018499000926202732 0.0090982154093614646 0.00299784812350005 -0.0078375735684264678 -0.0042013410816352697 0.019871179901283464 -0.0076063870931852469 0.014966053118449585 -0.014816900176459353 -0.010286786135202146 0.0038513585171067802 -0.00085144104826979971 -0.024457142097838294 -0.0042562000980011123 0.0015486401917916297 0.0021696892365890875 0.038484841228741108 0.00094533782488588408
leaf_weight=560.26525834202766 6345.8129916191101 902.76329910755157 2447.7264423072338 828.0176368355751 4042.5757986903191 934.64828583598137 1179.4678675830364 943.44441312551498 433.40823408961296 9160.8331326842308 4291.7037053108215 292.1216104477644 6891.7700015306473 6024.6147501468658 3006.0609934329987 702.01225602626801 1451.9153664708138 224.82997637987137 855.02920824289322 317.87658905982971 928.85147374868393 398.83158764243126 11032.23868060112 1530.9360094666481 1612.3738321363926 945.41089975833893 3137.0951914191246 1469.6236903965473 49.75194638967514 2519.5556448101997
leaf_count=1043 2841 647 11716 3547 5362 2038 4814 2226 681 6840 3428 1328 7466 4032 2482 835 1733 209 1144 327 1374 768 7146 1853 6958 948 3249 2275 19 3018
internal_value=-6.63285e-05 -0.0111043 -0.0144472 -0.00698404 0.00225241 -0.0173257 -0.013725 -0.0166975 0.00109544 0.00206015 0.00286991 -0.00775207 0.00099434 0.00526296 0.00705976 -0.00203958 -0.0015338 0.00194047 -0.00417892 0.00097069 -0.00834298 0.00101335 0.00523176 0.0028652 -0.0206564 0.00293285 0.00277508 -0.000887069 0.0076032 -0.00124118
internal_weight=75461.6 13100.2 10267.7 2857.91 62361.3 7409.78 4962.06 4027.41 44933.5 34363 30320.4 1235.57 16998 13322.4 9030.68 10570.6 10137.2 4381.81 5755.35 4156.98 2380.77 2832.53 17427.8 2433.7 2791.84 10106.2 3454.97 2029.89 6395.56 3374.58
internal_count=92347 39213 35945 6865 53134 29080 17364 15326 43128 30558 25196 3554 15254 9942 6514 12570 11889 4620 7269 4411 3107 3268 10006 2500 11772 7788 3576 3318 2860 4162
cat_boundaries=0 1 2 3 4 5 6 7 8 9 10
cat_threshold=1 262169 1 1687750 4256768 1085504 16 573725 4206592 3185024
is_linear=0
shrinkage=0.05


Tree=60
num_leaves=31
num_cat=9
split_feature=18 17 2 3 0 3 3 3 3 3 3 2 19 3 3 2 7 4 13 0 0 9 0 3 0 4 21 19 0 21
split_gain=740.614 203.437 85.1403 102.382 80.6479 78.0966 73.3351 57.2415 45.0233 43.6783 62.0809 45.2428 37.0667 31.3146 27.7883 27.5451 29.3907 25.5633 29.3535 32.1622 24.9877 22.954 22.6797 22.4994 20.5748 20.2176 19.9529 19.5201 19.2018 17.8952
threshold=0.1033163294196129 1.0000000180025095e-35 0 81.500000000000014 1 44.500000000000007 57.500000000000007 73.500000000000014 85.500000000000014 46.500000000000007 54.500000000000007 2 0.99191448092460643 79.500000000000014 75.500000000000014 3 26.69999980926514 5.5000000000000009 0.97095960378646862 4 5 1.0000000180025095e-35 6 64.500000000000014 7 3.5000000000000004 4.3348309993743905 0.81459057331085216 8 4.3122317790985116
decision_type=2 2 1 2 1 2 2 2 2 2 2 1 2 2 2 1 2 2 2 1 1 2 1 2 1 2 2 2 1 2
left_child=1 2 3 24 20 -4 -7 23 -9 26 15 12 13 -12 -13 -11 -17 18 19 21 -2 -14 -3 29 -1 -24 -6 -28 -18 -8
right_child=4 22 5 -5 9 6 7 8 -10 10 11 14 17 -15 -16 16 28 -19 -20 -21 -22 -23 25 -25 -26 -27 27 -29 -30 -31
leaf_value=0.0091116291473488601 0.0070685191660734134 0.0092178125134105976 -0.024618695139415434 -0.022015297102994016 -0.0069808323037284375 -0.00091558508310829673 0.0045402988761768853 -0.002065574133490837 -0.024829264819618564 0.0064416313109395863 -0.00020404108499991061 -0.0097983849880234619 0.0093782235342055997 -0.013930362932113452 -0.0015966604742929898 0.025025096533103159 -0.0062496133306848434 -0.0015032422524206559 0.0031702390626992699 0.0064698071379265523 0.0034499769978238873 0.031367560518514824 -0.0085094137502489814 -0.024446947225511013 -0.0034001824444043136 0.0019602078733786409 0.0065664394821040159 -0.0024537390744863883 0.0022939427731953582 -0.017211392055335731
leaf_weight=403.90460956096649 6470.0203744769096 640.51963892579079 2374.5213869065046 799.58269768953323 2081.4152266681194 928.33891847729683 103.8490034788847 918.12877985835075 284.53226016461849 6960.145833671093 8913.6244752407074 1623.3247618377209 198.7868812084198 435.82370954751968 2838.6830016076565 126.36808091402054 818.77185952663422 1500.4700998067856 3057.1969814896584 1055.4722371399403 18508.823436677456 294.5006217956543 686.28075450658798 1569.3746896833181 1585.8822408914566 1405.4027838408947 705.51052087545395 4002.140533387661 3177.2444011569023 1056.7254073321819
leaf_count=504 2868 413 11649 3519 2788 2026 410 2180 1326 5105 8748 2300 107 677 3642 113 989 1039 2570 905 12517 131 1059 6940 2751 1587 633 4957 3474 4404
internal_value=-4.62009e-05 -0.011029 -0.0143254 -0.00690407 0.00218595 -0.0171864 -0.0135557 -0.0165396 -0.00745114 0.00072792 0.00152361 -0.000145417 0.00113497 -0.000843892 -0.00458053 0.00452324 0.00128426 0.00416478 0.00601123 0.0116193 0.00438971 0.022059 0.00106559 -0.0205435 -0.00083172 -0.00146785 -0.00290431 -0.00110193 0.000533494 -0.015265
internal_weight=75525.4 12757 10024.8 2789.37 62768.3 7235.47 4860.95 3932.61 1202.66 37789.5 31000.4 19917.9 15455.9 9349.45 4462.01 11082.5 4122.38 6106.43 4605.96 1548.76 24978.8 493.288 2732.2 2729.95 1989.79 2091.68 6789.07 4707.65 3996.02 1160.57
internal_count=92331 38768 35709 6774 53563 28935 17286 15260 3506 38178 29800 20119 14177 9425 5942 9681 4576 4752 3713 1143 15385 238 3059 11754 3255 2646 8378 5590 4463 4814
cat_boundaries=0 1 2 3 4 5 6 7 8 9
cat_threshold=1 327709 1 1 49152 16 557073 328042 1085504
is_linear=0
shrinkage=0.05


Tree=61
num_leaves=31
num_cat=7
split_feature=18 17 2 3 3 13 3 3 17 3 3 3 3 21 4 13 2 3 0 0 4 21 3 0 2 3 3 0 3 3
split_gain=679.54 214.978 83.5962 105.325 82.4004 76.4266 72.8558 58.0302 54.9207 45.5286 39.9792 44.1243 36.7753 36.3134 40.1633 31.2197 29.0515 41.1124 27.1218 24.8345 24.4638 100.842 24.3798 23.4507 21.339 21.0846 19.9158 22.0104 19.3711 19.911
threshold=0.1033163294196129 1.0000000180025095e-35 0 81.500000000000014 44.500000000000007 1.0386904478073122 57.500000000000007 73.500000000000014 0.6428571641445161 85.500000000000014 80.500000000000014 48.500000000000007 53.500000000000007 4.3253991603851327 2.5000000000000004 1.0334821343421938 1 76.500000000000014 2 3 1.5000000000000002 4.4289610385894784 64.500000000000014 4 5 40.500000000000007 38.500000000000007 6 56.500000000000007 74.500000000000014
decision_type=2 2 1 2 2 2 2 2 2 2 2 2 2 2 2 2 1 2 1 1 2 2 2 1 1 2 2 1 2 2
left_child=1 2 3 26 -4 8 -6 22 10 -9 11 15 -13 -10 -15 -2 18 28 -14 -3 -17 -22 -8 -7 -21 -25 -1 -28 -18 -30
right_child=5 19 4 -5 6 23 7 9 13 -11 -12 12 16 14 -16 20 17 -19 -20 24 21 -23 -24 25 -26 -27 27 -29 29 -31
leaf_value=-0.007534455679243302 -0.0021059093666228579 0.0097535326035246492 -0.024742937949997195 -0.022213717792560268 -0.00067170237230148634 -0.0051226415250671814 -0.014860717856726217 -0.0017250746008101365 0.0015652895516310682 -0.024829265400891226 -0.0069375103776390269 0.0075353319385448635 -4.8462583343897922e-06 0.0031201125846081613 0.00805487135598725 -0.0059445499481214012 -0.0011485654298497769 0.0057466871861353158 0.0053312344290062106 0.0026082548454258018 0.008933447658760748 0.12627670827265178 -0.024502016985920597 -0.0078816747498616831 -0.0083978772638621784 0.00046660343147565729 0.01492031824620225 -0.00049582896849943942 -0.017217344899612474 -0.0040209391737871421
leaf_weight=667.83042207360268 6689.1528368592262 711.40758237242699 2316.7510530650616 783.7746596634388 927.24585428833961 3024.4260710179806 1148.6126682311296 915.41834777593613 6618.7894276976585 277.97584068775177 1377.7295885980129 3777.2755091786385 3883.2751221656799 7223.7744166254997 9606.4556735754013 60.895808219909668 1024.0406849384308 1093.9969950318336 6171.8701613545418 1310.2496156990528 87.374495327472687 23.162552416324615 1527.8929576426744 817.22531560063362 663.36453804373741 10149.878777951002 291.84700322151184 998.8296779692173 571.47208565473557 571.88646423816681
leaf_count=1330 7725 493 11649 3529 2023 3283 4836 2179 5064 1328 1917 3217 3913 4972 4309 65 1170 1241 4443 1420 81 11 6924 1086 1099 9436 322 1546 874 695
internal_value=-9.81008e-05 -0.0107238 -0.0141405 -0.0067239 -0.0169995 0.00202477 -0.0132599 -0.0162761 0.00295913 -0.00710671 0.001345 0.00182137 0.00318086 0.00470289 0.0059368 -0.00156595 0.0019457 -0.00215493 0.00327575 0.00181856 0.019503 0.0335222 -0.0203645 -0.00123285 -0.00108559 -0.000155336 -0.000525039 0.00310182 -0.00614328 -0.0106168
internal_weight=75313.9 12541.2 9856.18 2742.28 7113.9 62772.7 4797.15 3869.9 48781.2 1193.39 25332.1 23954.4 17093.8 23449 16830.2 6860.59 13316.5 3261.4 10055.1 2685.02 171.433 110.537 2676.51 13991.5 1973.61 10967.1 1958.51 1290.68 2167.4 1143.36
internal_count=92180 38678 35666 6727 28939 53502 17290 15267 39697 3507 25352 23435 15553 14345 9281 7882 12336 3980 8356 3012 157 92 11760 13805 2519 10522 3198 1868 2739 1569
cat_boundaries=0 1 2 3 4 5 6 7
cat_threshold=1 1 6831874 573441 184832 1 557288
is_linear=0
shrinkage=0.05


Tree=62
num_leaves=31
num_cat=9
split_feature=18 17 2 3 3 3 17 3 21 3 3 3 4 3 2 3 3 0 2 19 0 4 0 13 0 21 0 7 21 0
split_gain=679.888 209.007 83.9348 98.1205 78.5341 76.7579 76.4971 53.5455 48.1099 42.0204 41.0082 47.2217 40.9074 32.132 38.4233 42.6675 42.4065 31.0351 27.7808 38.3437 35.987 33.2415 27.6928 24.5084 24.4733 24.2644 43.3695 31.5135 25.549 22.7968
threshold=0.1033163294196129 1.0000000180025095e-35 0 81.500000000000014 44.500000000000007 57.500000000000007 0.6428571641445161 73.500000000000014 4.3284671306610116 85.500000000000014 47.500000000000007 80.500000000000014 2.5000000000000004 53.500000000000007 1 75.500000000000014 56.500000000000007 2 3 0.68664982914924633 4 4.5000000000000009 5 0.92980295419693004 6 4.4178998470306405 7 28.69999980926514 4.4233577251434335 8
decision_type=2 2 1 2 2 2 2 2 2 2 2 2 2 2 1 2 2 1 1 2 1 2 1 2 1 2 1 2 2 1
left_child=1 2 3 -1 -4 -6 10 -7 -8 -9 18 13 23 -12 22 16 -16 -17 19 20 21 -2 -15 -10 -3 29 27 28 -27 -14
right_child=6 24 4 -5 5 7 8 9 12 -11 11 -13 25 14 15 17 -18 -19 -20 -21 -22 -23 -24 -25 -26 26 -28 -29 -30 -31
leaf_value=-0.00081013096694561239 0.082548419896434092 0.012986353168438748 -0.024631338856061766 -0.021889114013584066 -0.00040880610655276135 -0.020443045456457767 0.00089799389603249704 -0.0024118658319157143 0.0069178328804595573 -0.024829264947980961 0.0051815342882802571 -0.0063055213441388785 0.0021419515144168286 -0.00067400575568238058 -0.0015621676720910787 0.0083451808725324671 -0.014827304272520943 -0.0044404935350764166 -0.010627501925534993 -0.0023147162042424581 0.0012290228858407907 0.022601911850426801 0.0039785994716147778 0.00095704607733022992 -0.00039091484760226254 0.073833511847295613 0.0060975285424595873 0.019338544664381105 0.025091840131271831 0.0077301602463730442
leaf_weight=1981.7533644735813 33.060872673988342 390.58296674489975 2273.572934165597 765.26676568388939 925.45352539420128 2621.8478212207556 8731.9834281802177 903.31620627641678 2420.693688929081 271.97995913028717 6112.7995022535324 1819.2866534590721 2364.6905246376991 5040.5892061591148 1347.3962531685829 1026.8912454247475 1089.7862975001335 867.85046374797821 957.62756419181824 6691.2288687825203 177.97446000576019 76.953604102134705 8746.2301329374313 5995.4290625452995 2336.6515523791313 56.758994698524475 667.35093665122986 307.91655761003494 51.080599308013916 8406.8651251196861
leaf_count=3244 19 140 11718 3523 2022 11762 6989 2158 1407 1332 5423 2572 1348 5318 1577 1073 1637 1140 1347 7954 188 70 6495 4686 2892 18 436 65 25 3776
internal_value=2.81032e-06 -0.0106637 -0.0140884 -0.00668233 -0.0169964 -0.0133208 0.0021145 -0.0164677 0.00400074 -0.00759957 0.000504918 0.00146356 0.0053373 0.00204686 0.000989302 -0.00311836 -0.00749367 0.00250955 -0.00264161 -0.00154585 0.0163181 0.0372324 0.00227996 0.00267152 0.0015711 0.00722985 0.0143635 0.0268395 0.0507459 0.00651254
internal_weight=75460.9 12470.4 9743.19 2747.02 6996.17 4722.6 62990.4 3797.14 29002.8 1175.3 33987.7 26050.8 20270.8 24231.5 18118.7 4331.92 2437.18 1894.74 7936.85 6979.22 287.989 110.014 13786.8 8416.12 2727.23 11854.7 1083.11 415.756 107.84 10771.6
internal_count=92354 38791 35759 6767 28992 17274 53563 15252 18750 3490 34813 25235 11761 22663 17240 5427 3214 2213 9578 8231 277 89 11813 6093 3032 5668 544 108 43 5124
cat_boundaries=0 1 2 3 4 5 6 7 8 9
cat_threshold=1 1 5070905 1 101445 6848000 32768 32768 7573504
is_linear=0
shrinkage=0.05


Tree=63
num_leaves=31
num_cat=5
split_feature=18 17 2 3 3 3 0 3 2 3 3 3 3 7 19 3 3 19 3 21 0 3 13 21 3 7 7 3 0 3
split_gain=640.564 197.109 82.521 96.0162 79.6431 73.9228 66.1447 54.9593 52.4511 47.5293 46.3941 42.7893 33.9997 29.1773 27.8394 26.2334 39.1917 26.015 24.7327 24.7105 24.3299 23.9023 22.7594 22.2443 21.8164 35.4635 34.718 25.9706 21.6961 21.6924
threshold=0.1033163294196129 1.0000000180025095e-35 0 82.500000000000014 44.500000000000007 57.500000000000007 1 73.500000000000014 2 45.500000000000007 80.500000000000014 85.500000000000014 55.500000000000007 25.69999980926514 1.459575951099396 46.500000000000007 53.500000000000007 1.2286298871040346 46.500000000000007 4.4289610385894784 3 64.500000000000014 1.0566239356994631 4.4332523345947275 52.500000000000007 28.899999618530277 26.69999980926514 56.500000000000007 4 48.500000000000007
decision_type=2 2 1 2 2 2 1 2 1 2 2 2 2 2 2 2 2 2 2 2 1 2 2 2 2 2 2 2 1 2
left_child=1 2 3 14 -4 -6 15 21 9 -8 12 -9 23 -14 20 -2 -17 -12 -10 28 -1 -7 -15 -11 26 -26 -20 -27 -3 -28
right_child=6 19 4 -5 5 7 8 11 18 10 17 -13 13 22 -16 16 -18 -19 24 -21 -22 -23 -24 -25 25 27 29 -29 -30 -31
leaf_value=-0.008954545906925418 -0.0049244771959360252 0.0084010980087438226 -0.024602835007767707 -0.023283721325848546 -0.00043377059610332728 -0.014713708216353788 0.00014115358477511229 -0.0021251767435752919 -0.012268439988421632 0.0083034119330383255 -0.015780890581431763 -0.024829265517895053 0.017550492456279626 0.0041435339905663334 0.029333873339696077 0.0038464230706865207 -0.0016538249554595222 0.013119698522867105 0.031705821530963199 -0.013191717269758891 0.0022542265061598443 -0.02445676581491877 -0.00099578463331445079 0.0018557853847689242 0.0013920700305329991 -0.0029681379594523323 -0.0041975742430736896 -0.014616621598673669 -0.0010967960497351996 0.004919299917578431
leaf_weight=805.65491293370724 2994.2544489502907 1038.6882854104042 2208.1828922331333 647.02157454192638 926.40056550502777 1097.3196858614683 6964.2404319643974 913.93231219053268 410.00491172075272 8680.2523898482323 408.91322264075279 268.48817338049412 372.81949996948242 15231.527934134007 72.004689872264862 4910.0826705098152 9514.3823802471161 96.181809961795807 105.24437814950943 262.08270201086998 1186.2376553416252 1476.5125120580196 2509.0754100084305 1581.4097857475281 3855.6388972997665 1585.0051867365837 882.13806855678558 685.42487719655037 1409.9235835373402 2506.0032227635384
leaf_count=1588 4205 776 11665 3128 2019 4788 6659 2183 598 4232 699 1348 202 9093 85 4646 10742 56 79 532 1928 6999 1968 1022 4107 1512 883 944 1710 2011
internal_value=-7.16594e-05 -0.0105064 -0.0138677 -0.00647755 -0.0167751 -0.0130838 0.00195823 -0.0162036 0.00295388 0.00384884 0.00474292 -0.00728052 0.00501029 0.00370758 -0.0012089 -0.000665224 0.000218457 -0.0102775 -0.000241699 0.00140017 -0.00231299 -0.0203029 0.00341667 0.00730978 0.00027091 -0.00152721 0.00342413 -0.00648472 0.00296199 0.00254563
internal_weight=75605 12312.4 9601.75 2710.92 6890.84 4682.65 63292.6 3756.25 45873.9 35844.4 28880.2 1182.42 28375.1 18113.4 2063.9 17418.7 14424.5 505.095 10029.5 2710.69 1991.89 2573.83 17740.6 10261.7 9619.45 6126.07 3493.39 2270.43 2448.61 3388.14
internal_count=92407 38749 35731 6729 29002 17337 53658 15318 34065 23931 17272 3531 16517 11263 3601 19593 15388 755 10134 3018 3516 11787 11061 5254 9536 6563 2973 2456 2486 2894
cat_boundaries=0 1 2 3 4 5
cat_threshold=1 7355936 1 4471824 574237
is_linear=0
shrinkage=0.05


Tree=64
num_leaves=31
num_cat=8
split_feature=18 17 2 3 3 13 3 3 2 3 3 4 3 0 0 0 0 19 3 0 0 3 7 19 3 3 21 21 21 21
split_gain=622.484 208.082 82.5358 93.8489 77.8459 74.401 70.2079 59.0347 45.7136 45.836 43.2531 42.3855 45.1792 37.5259 35.5468 26.438 25.967 23.4137 24.5448 21.1285 20.5166 20.5053 17.8711 19.8399 17.3642 16.8642 15.9317 37.7316 18.3174 24.8347
threshold=0.1033163294196129 1.0000000180025095e-35 0 82.500000000000014 44.500000000000007 0.96922349929809581 57.500000000000007 73.500000000000014 1 41.500000000000007 85.500000000000014 4.5000000000000009 78.500000000000014 2 3 4 5 1.459575951099396 74.500000000000014 6 7 64.500000000000014 31.899999618530277 0.59926477074623119 53.500000000000007 74.500000000000014 4.4382567405700692 4.4416959285736093 4.3122317790985116 4.3107709884643564
decision_type=2 2 1 2 2 2 2 2 1 2 2 2 2 1 1 1 1 2 2 1 1 2 2 2 2 2 2 2 2 2
left_child=1 2 3 17 -4 14 -6 21 9 -7 -9 12 13 22 -2 -3 -13 20 -19 -10 -1 26 23 -11 -18 -26 28 -28 29 -8
right_child=5 15 4 -5 6 8 7 10 19 11 -12 16 -14 -15 -16 -17 24 18 -20 -21 -22 -23 -24 -25 25 -27 27 -29 -30 -31
leaf_value=-0.0086221362020297322 0.0052428697858125338 0.006717398550264886 -0.024620404899146086 -0.023252944210529952 -0.00067047504980828577 -0.0039826276474751784 -0.010716075981897536 -0.0016315135960599946 -0.0063315869181371654 0.027436737142527385 -0.024829264365083242 0.00040602089150190961 -0.010237389026765738 -0.00072489834868715106 0.0013813731299693887 -0.003060341051993268 0.010885335900591712 0.0088296042626663223 0.074432689594604043 -0.00095163008862322082 0.0017562518940709396 -0.024376844646673033 0.0080140372550794713 0.0022711547944280356 0.0029650509359392054 0.012258347233550952 0.085474231303168891 -0.0076019438102091141 -0.019626354192667721 0.048109186226196574
leaf_weight=767.33032061159611 18485.470752775669 1364.1006965339184 2154.5422642081976 634.388448163867 910.64163100719452 3338.6679192781448 77.94128081202507 898.79400533437729 2714.5739685595036 79.401520252227783 258.79822205007076 1789.0005170106888 856.64104425907135 8722.78664290905 8829.8569170534611 1384.110821723938 2126.5812205672264 51.992239058017731 19.644988596439362 5564.1823705732822 1225.5709502100945 1436.7183205932379 2079.5716273784637 5743.4534294605255 2293.6344141364098 620.15316033363342 12.238959372043608 98.680463060736656 884.12050610780716 23.307322144508362
leaf_count=1512 11715 1210 11665 3140 1990 4359 326 2154 3540 32 1332 1097 1132 9039 8400 1843 931 59 21 6221 2007 6979 1360 4095 1285 346 55 448 3932 92
internal_value=3.52432e-05 -0.0103041 -0.0138242 -0.00643307 -0.0167769 0.00203021 -0.0131042 -0.0161721 0.000534896 0.0015108 -0.00681774 0.00226522 0.000960333 0.00153731 0.00399704 0.00180624 0.00560546 -0.00126468 0.0268199 -0.0027245 -0.00227421 -0.0204471 0.00403019 0.00261432 0.00743537 0.00494298 -0.0152971 0.00266817 -0.0173194 0.00282544
internal_weight=75446.9 12202.9 9454.71 2698.93 6755.78 63244 4601.24 3690.6 35928.6 27649.9 1157.59 24311.2 17481.9 16625.2 27315.3 2748.21 6829.37 2064.54 71.6372 8278.76 1992.9 2533.01 7902.43 5822.85 5040.37 2913.79 1096.29 110.919 985.369 101.249
internal_count=92317 38765 35712 6739 28973 53552 17308 15318 33437 23676 3486 19317 15658 14526 20115 3053 3659 3599 80 9761 3519 11832 5487 4127 2562 1631 4853 503 4350 418
cat_boundaries=0 1 2 3 4 5 6 7 8
cat_threshold=1 1 1933469 287103 574367 4518400 3316624 4339729
is_linear=0
shrinkage=0.05


Tree=65
num_leaves=31
num_cat=8
split_feature=18 2 3 3 3 3 0 3 2 3 3 19 7 3 0 3 9 2 3 4 6 3 3 13 7 0 3 0 13 3
split_gain=590.699 175.201 118.304 111.166 78.1395 88.8467 74.361 58.3015 39.4849 39.8134 37.5108 34.8575 39.1318 29.4906 27.7726 25.5877 25.338 27.751 32.0905 29.6407 24.8046 23.477 22.3295 22.15 22.7291 21.9491 21.7595 20.6269 20.2415 19.8165
threshold=0.1033163294196129 0 83.500000000000014 44.500000000000007 56.500000000000007 74.500000000000014 1 84.500000000000014 2 44.500000000000007 80.500000000000014 1.2397086620330813 29.10000038146973 55.500000000000007 3 46.500000000000007 1.0000000180025095e-35 4 37.500000000000007 2.5000000000000004 5 78.500000000000014 46.500000000000007 1.0566239356994631 25.69999980926514 6 61.500000000000007 7 1.0775240659713747 52.500000000000007
decision_type=2 1 2 2 2 2 1 2 1 2 2 2 2 2 1 2 2 1 2 2 1 2 2 2 2 1 2 1 2 2
left_child=1 2 11 -3 15 26 8 14 9 -2 13 12 27 -11 -7 -5 -8 18 -18 -20 21 -13 -10 24 -15 -17 -6 -1 -21 -24
right_child=6 3 -4 4 5 7 16 -9 22 10 -12 20 -14 23 -16 25 17 -19 19 28 -22 -23 29 -25 -26 -27 -28 -29 -30 -31
leaf_value=0.00039233382055637819 2.945133602886675e-05 -0.024593256068913043 -0.024829265426105973 -0.0090149461681548002 -0.012151261510704883 0.013428038190871822 -0.0020411315625155049 -0.01968598504066206 -0.011968907173428873 0.0070483352196099363 -0.0098471813715224309 0.012909095077905009 0.0056407973357591561 0.018294382344690399 -0.0039195761662498014 0.016217313724465242 -0.011426684930028288 -0.0035759753024490644 -6.3724899386643992e-06 0.0077805397971885838 0.0020104588996750212 0.043477616380710189 0.0038243928434499291 -0.00094819628216548596 0.0040637158020805251 -0.0013608339255355654 -0.02166001046563 -0.0097730674947258244 -0.0040185130832322766 -0.0011672186199515977
leaf_weight=834.44656357169151 5551.3726876378059 2118.5610992610455 519.72925300896168 445.79852029681206 836.09377110004425 385.95818945765495 12227.855277776718 388.85691434144974 365.46416541934013 10079.177721560001 437.18885120749474 215.96062821149826 1183.1285210251808 286.38579273223877 547.07632401585579 301.79925283789635 373.06248962879181 2166.7233734130859 3116.0751853585243 3468.2820072770119 390.46211516857147 88.570870757102966 3127.0003935098648 2290.5172364115715 13863.228574037552 416.03157576918602 2145.6149491220713 1248.5045035630465 406.04010662436485 5460.2208540439606
leaf_count=1280 5262 11738 2684 971 3289 564 14488 1789 530 4960 657 211 1297 136 1152 404 616 2796 3453 2544 409 84 2558 1752 7746 716 9780 2469 371 5671
internal_value=-0.000101958 -0.0102394 -0.00240025 -0.0148699 -0.011102 -0.0142102 0.00183299 -0.00342055 0.00307483 0.00388532 0.00467939 0.000542647 -0.00162101 0.00491887 0.00335833 0.000393543 -0.00053455 0.00139793 0.00286152 0.00362405 0.0107106 0.0211067 0.000135311 0.00361333 0.00435174 0.00623655 -0.0189937 -0.00574576 0.00654397 0.000650456
internal_weight=75285.2 12066.6 4480.8 7585.79 5467.23 4303.6 63218.6 1321.89 41460.6 32507.9 26956.5 3961.07 3266.08 26519.3 933.035 1163.63 21758 9530.18 7363.46 6990.4 694.994 304.531 8952.69 16440.1 14149.6 717.831 2981.71 2082.95 3874.32 8587.22
internal_count=92377 38837 8434 30403 18665 16574 53540 3505 29272 20513 15251 5750 5046 14594 1716 2091 24268 9780 6984 6368 704 295 8759 9634 7882 1120 13069 3749 2915 8229
cat_boundaries=0 1 2 3 4 5 6 7 8
cat_threshold=1 901535 1 4579887 1 6 2933150 296815
is_linear=0
shrinkage=0.05


Tree=66
num_leaves=31
num_cat=7
split_feature=18 17 2 3 3 3 13 3 3 2 3 4 3 0 0 0 19 3 3 21 0 7 0 21 21 21 21 17 21 21
split_gain=551.094 192.65 76.8198 89.0906 82.8681 69.5394 60.8216 55.3884 41.7044 39.0646 43.2823 42.6597 40.8885 30.9587 30.8574 26.9087 25.4967 25.1482 23.6125 22.1417 21.2071 20.3768 20.2887 20.0637 19.6352 29.292 24.7937 19.167 18.688 40.7813
threshold=0.1033163294196129 1.0000000180025095e-35 0 82.500000000000014 44.500000000000007 57.500000000000007 0.96922349929809581 73.500000000000014 85.500000000000014 1 41.500000000000007 4.5000000000000009 79.500000000000014 2 3 4 1.459575951099396 64.500000000000014 52.500000000000007 4.4289610385894784 5 28.69999980926514 6 4.3133318424224862 4.3122317790985116 4.3107709884643564 4.3111460208892831 0.92857143282890331 4.4382567405700692 4.4416959285736093
decision_type=2 2 1 2 2 2 2 2 2 1 2 2 2 1 1 1 2 2 2 2 1 2 1 2 2 2 2 2 2 2
left_child=1 2 3 16 -4 -6 14 17 22 10 -8 12 15 -13 -2 -12 20 24 -18 -3 -1 -22 -9 -11 25 -7 -27 -16 -26 -30
right_child=6 19 4 -5 5 7 9 8 -10 23 11 13 -14 -15 27 -17 18 -19 -20 -21 21 -23 -24 -25 28 26 -28 -29 29 -31
leaf_value=-0.0096281909227491583 -0.00089432886842677473 0.003221965363748967 -0.024609886149140992 -0.023102154578117606 -0.00027698758327738231 -0.0083062459999908422 -0.0040169029538423369 0.0073521407921059425 -0.024829264465963997 0.0048838391199238643 0.0029981931438770974 0.00014513557775627133 -0.013033161837048722 0.0075505358291656213 0.0027713577538871588 -0.0010063714523210739 -0.01130794661846393 -0.024426437500081395 0.047745667529345948 -0.011860870115495097 -0.0033710654703803036 0.0094527920117305798 -0.007756800006201792 -0.003389215830458191 -0.018864382050190302 0.12194147804521629 0.016024002451375596 0.0055919984076947269 0.085737650748565056 -0.0081098017872090738
leaf_weight=667.47137762606144 3403.3490737080574 2472.262306779623 2051.2444924414158 607.95185434818268 926.59428313374519 72.62595134973526 3315.3372597396374 365.94046345353127 246.59141130745411 812.77269953489304 9243.3888557553291 1995.9857752919197 521.3586066365242 4874.1650488376617 11930.890142440796 7669.5159614682198 25.885049879550934 1365.3492869734764 48.914960443973541 269.88690569996834 864.47140142321587 482.75982624292374 534.63679918646812 7453.3410443067551 838.23941165208817 8.8573510646820086 14.686707347631453 12162.545417487621 13.114230290055273 98.687374889850616
leaf_count=1352 3378 2478 11666 3145 2031 312 4347 867 1327 986 6382 1226 808 2422 10607 8400 35 6945 47 551 1622 597 1308 8801 3865 34 56 6140 55 459
internal_value=-6.30869e-05 -0.00989962 -0.0133554 -0.0062562 -0.016285 -0.0124779 0.00179553 -0.0156546 -0.0066105 0.000439737 0.00134222 0.00207326 0.00075828 0.00541025 0.00356496 0.00118342 -0.00135478 -0.0199569 0.0273098 0.00173749 -0.00241901 0.00121515 -0.00162193 -0.00257576 -0.014124 0.00740532 0.0558705 0.0041935 -0.0163033 0.00289842
internal_weight=75358.8 11976.2 9234.02 2697.45 6536.57 4485.32 63382.6 3558.73 1147.17 35885.9 27619.8 24304.4 17434.3 6870.15 27496.8 16912.9 2089.5 2411.56 74.8 2742.15 2014.7 1347.23 900.577 8266.11 1046.21 96.17 23.5441 24093.4 950.041 111.802
internal_count=92249 38752 35723 6798 28925 17259 53497 15228 3502 33372 23585 19238 15590 3648 20125 14782 3653 11726 82 3029 3571 2219 2175 9787 4781 402 90 16747 4379 514
cat_boundaries=0 1 2 3 4 5 6 7
cat_threshold=1 1 4518528 5838848 1933471 4208656 5578943
is_linear=0
shrinkage=0.05


Tree=67
num_leaves=31
num_cat=2
split_feature=18 17 0 3 3 13 3 3 3 3 3 3 19 21 0 21 4 18 3 3 19 21 21 7 13 21 21 13 19 4
split_gain=543.465 171.174 65.6857 50.1329 59.6577 41.7092 30.7495 65.8038 26.0665 40.0354 24.7279 29.6903 28.8157 21.9663 32.0756 50.3097 48.1997 63.3819 63.3005 21.2061 20.5969 20.2698 19.0385 18.8145 60.2978 21.5821 18.3987 17.989 18.9784 19.2907
threshold=0.1033163294196129 1.0000000180025095e-35 0 44.500000000000007 57.500000000000007 1.0386904478073122 83.500000000000014 74.500000000000014 46.500000000000007 54.500000000000007 46.500000000000007 54.500000000000007 0.98414596915245067 4.3902714252471933 1 4.3725328445434579 1.5000000000000002 1.4272959828376772 64.500000000000014 67.500000000000014 1.4910158514976504 4.3080980777740487 4.4289610385894784 26.69999980926514 1.0270467996597292 4.4332523345947275 4.3348309993743905 1.0334821343421938 1.0330139994621279 4.5000000000000009
decision_type=2 2 1 2 2 2 2 2 2 2 2 2 2 2 1 2 2 2 2 2 2 2 2 2 2 2 2 2 2 2
left_child=1 3 8 -1 -5 10 7 -6 -2 -10 26 23 19 14 15 -14 17 18 -17 -13 -9 -11 -3 24 -12 -25 -4 -28 29 -29
right_child=2 22 5 4 6 -7 -8 20 9 21 11 12 13 -15 -16 16 -18 -19 -20 -21 -22 -23 -24 25 -26 -27 27 28 -30 -31
leaf_value=-0.018724604832598492 -0.0047407206966254781 0.0023626776463184489 -0.003528868411822839 4.9395689801341681e-05 -0.014899347435206871 -0.00037827856696336581 -0.021063498194584796 -0.0020074367510519702 0.0033149100869993642 0.021012245572600355 0.0087287819707732132 0.0035726390543943387 0.0070450709487103746 0.0020320151349462771 0.0042682924392134476 0.039205056624742343 0.012897935836281613 0.020620161951540962 0.12155032287148021 -0.00079546078392122492 0.034273745758010898 -0.0020776030510259286 -0.011826020422292239 0.0070280684957250081 0.081243478436693994 0.0007901034356050696 0.0017567706273972222 0.038624003701246225 -0.015996345280981799 0.00095738278805465409
leaf_weight=2883.0431696772575 3352.6570325195789 2467.6427245140076 1830.9518074989319 1061.1503563523293 3061.4553603231907 8545.6674287319183 955.9806008040905 1066.9609630405903 6043.879355609417 95.982875406742096 160.91520446538925 5374.6396183371544 1190.613031566143 3214.6643409729004 3112.1965010464191 55.439019203186035 326.02471697330475 134.21511316299438 40.306166291236877 5752.3144398629665 40.607068300247192 9768.5170660912991 261.47319868206978 8396.8106950521469 34.881722569465637 1660.8527974486351 4508.0056605935097 96.921720206737518 33.963853597640991 52.352674543857574
leaf_count=13376 4748 2472 1814 2183 12880 7397 4662 2470 5719 118 97 3443 490 1967 2072 27 123 32 30 4756 66 11117 539 4609 12 1146 3820 74 33 38
internal_value=-0.000117395 -0.00997545 0.00170611 -0.0132792 -0.0107414 0.00276113 -0.0129756 -0.011121 -0.000733608 0.000110422 0.00350763 0.00412448 0.00296441 0.00523839 0.00735979 0.0127709 0.025262 0.0427911 0.0738702 0.00131446 -0.00067725 -0.00185294 0.00100328 0.00629681 0.0216475 0.00599797 0.000721946 0.002381 0.0177383 0.0254138
internal_weight=75581.1 11798.3 63782.8 9069.2 6186.15 44521.7 5125 4169.02 19261 15908.4 35976.1 29453.9 19200.4 8073.46 4858.79 1746.6 555.985 229.96 95.7452 11127 1107.57 9864.5 2729.12 10253.5 195.797 10057.7 6522.2 4691.24 183.238 149.274
internal_count=92330 38648 53682 35637 22261 31980 20078 15416 21702 16954 24583 18804 12940 4741 2774 702 212 89 57 8199 2536 11235 3011 5864 109 5755 5779 3965 145 112
cat_boundaries=0 1 2
cat_threshold=7487008 32792
is_linear=0
shrinkage=0.05


Tree=68
num_leaves=31
num_cat=9
split_feature=18 2 3 3 3 3 13 3 0 7 19 2 3 4 3 0 0 7 4 3 3 0 0 0 21 7 19 4 0 21
split_gain=489.179 171.736 118.635 114.074 76.9573 94.3059 63.6753 56.4235 36.8146 34.9947 44.773 32.7692 39.847 33.1337 39.2084 26.687 26.4783 24.1943 25.2442 22.6604 21.8633 24.4456 21.7727 19.9165 17.7767 17.3716 21.233 16.0882 15.5915 15.5417
threshold=0.12882652878761294 0 44.500000000000007 83.500000000000014 56.500000000000007 74.500000000000014 0.96922349929809581 83.500000000000014 1 28.69999980926514 1.4481241106987002 2 41.500000000000007 4.5000000000000009 78.500000000000014 3 4 32.899999618530281 4.5000000000000009 61.500000000000007 53.500000000000007 5 6 7 4.3270299434661874 31.899999618530277 0.59926477074623119 5.5000000000000009 8 4.3133318424224862
decision_type=2 1 2 2 2 2 2 2 1 2 2 1 2 2 2 1 1 2 2 2 2 1 1 1 2 2 2 2 1 2
left_child=1 3 -3 9 17 19 8 16 -2 10 28 12 -8 14 15 25 -7 18 23 -6 -15 -22 -13 -4 -10 26 -14 -12 -1 -24
right_child=6 2 4 -5 5 7 11 -9 24 -11 27 22 13 20 -16 -17 -18 -19 -20 -21 21 -23 29 -25 -26 -27 -28 -29 -30 -31
leaf_value=0.00065126347473203506 0.0051536274363410423 -0.024600706034342026 0.015699256814954803 -0.024829264635337533 -0.011596955229224742 -0.0031397992371904036 -0.0041001908229447133 -0.015242228965948646 -0.0011559400063913424 0.0061516569896627148 0.036963489640047309 -0.0062971599800093706 0.028012003147363209 0.0080764238512097269 -0.0099374373720020198 -0.00071929775253066716 0.014588154056851274 0.052134223809068216 -0.015010557603042035 -0.021411225242417148 0.0063825809436861133 -0.001417611669085442 0.0074016608749007569 -0.00075900914975909439 0.0027979063265666207 0.0071980573274322132 0.001518456677180666 0.00080914523295705267 -0.0082033397458594007 -0.0016063851621943388
leaf_weight=792.50660744309425 14841.745564073324 1968.8560222238302 241.63248330354691 478.9826145619154 827.51990611851215 430.22718700766563 3265.9441919922829 537.18374352157116 4234.7240725457668 1809.1779060065746 89.81635519862175 2588.1016201078892 76.644640326499939 2849.0514180660248 836.02900597453117 8888.7383818626404 400.94249546527863 22.738054633140564 224.0620750784874 2033.3291612267494 1929.9138515591621 2080.7661472558975 528.99503922462463 685.80867165327072 8649.0938868224621 2082.5968188047409 5691.1941321492195 46.804774254560471 1340.1980880498886 5048.9000478982925
leaf_count=1242 10020 11672 357 2650 3320 883 4280 2147 3807 1900 89 3425 29 1297 1102 9119 603 33 407 9780 1054 1270 599 1314 6219 1355 4046 46 2691 5604
internal_value=-8.55556e-05 -0.00937635 -0.0140931 -0.00174637 -0.0102645 -0.0134087 0.00165737 -0.00261278 0.0034569 0.000964508 -0.00317085 0.000266314 0.00108688 0.00178018 0.0006299 0.00115768 0.00554961 0.00105979 5.12557e-05 -0.0185724 0.00472729 0.00234817 -0.00251723 0.00369006 0.00149717 0.00327965 0.00187051 0.0245774 -0.00494841 -0.000750736
internal_weight=75522.2 11929.8 7372.3 4557.49 5403.44 4229.2 63592.4 1368.35 27725.6 4078.5 2269.33 35866.9 27700.9 24434.9 17575.2 16739.2 831.17 1174.24 1151.5 2860.85 6859.73 4010.68 8166 927.441 12883.8 7850.44 5767.84 136.621 2132.7 5577.9
internal_count=92360 39134 30516 8618 18844 16733 53226 3633 20046 5968 4068 33180 23552 19272 15651 14549 1486 2111 2078 13100 3621 2324 9628 1671 10026 5430 4075 135 3933 6203
cat_boundaries=0 1 2 3 4 5 6 7 8 9
cat_threshold=1 25471 1 1933453 3169984 2821457 3316608 376856 361343
is_linear=0
shrinkage=0.05


Tree=69
num_leaves=31
num_cat=9
split_feature=18 17 2 13 7 2 0 0 0 7 4 7 4 8 0 21 21 0 19 4 0 4 4 21 0 4 19 7 7 21
split_gain=500.521 186.529 79.0433 62.6096 54.8428 31.5746 36.1898 30.6846 23.4083 21.7983 25.4528 24.8257 21.4727 21.2185 19.8497 19.462 19.7217 18.96 18.1569 17.7191 17.3885 17.277 17.0929 19.5175 16.9834 16.8211 16.0273 32.4175 15.9427 21.4074
threshold=0.1033163294196129 1.0000000180025095e-35 0 0.96922349929809581 26.10000038146973 1 2 3 4 31.500000000000004 5.5000000000000009 25.10000038146973 4.5000000000000009 3.4000000059604649 5 4.3348309993743905 4.4228515625000009 6 0.6787671446800233 4.5000000000000009 7 4.5000000000000009 3.5000000000000004 4.3403015136718759 8 4.5000000000000009 1.4910158514976504 24.800000190734867 31.500000000000004 4.3084647655487069
decision_type=2 2 1 2 2 1 1 1 1 2 2 2 2 2 1 2 2 1 2 2 1 2 2 2 1 2 2 2 2 2
left_child=1 2 4 7 26 6 22 -2 18 10 -8 -12 13 24 -11 -9 -17 -18 -3 -7 -13 -10 -5 -24 -6 28 -1 -28 -4 -30
right_child=3 8 25 5 12 19 9 15 21 14 11 20 -14 -15 -16 16 17 -19 -20 -21 -22 -23 23 -25 -26 -27 27 -29 29 -31
leaf_value=-0.015787193981305486 0.0057872097402847499 0.046429665128054826 -0.0162099506318386 -0.0032715072708190207 -0.0099434501784317203 -0.0012358801774619225 0.0005751427626196912 -6.7709977056479451e-06 -0.004675925884465683 0.0087848143659168508 -0.0122320836885405 0.014855973481612259 0.015504397139218449 0.045921761753265213 0.0022887979821827544 0.0047196046483959841 0.0033945333648165809 -0.0040954347673546601 0.0073595794402535808 -0.0070843440155213865 0.0043314859893266418 0.0053818519083238883 -0.0045715739471491306 0.0033984365755182402 0.0015681947349861641 -0.021625630068665979 -0.024829264997849737 0.078847313037887709 0.042180538425446633 -0.009971654648151633
leaf_weight=1006.406632438302 9587.7180010974407 30.873323261737823 4211.4719510227442 5306.6743053793907 513.8740761578083 6639.5729051530361 12053.026407003403 6123.4781186878681 1267.7799761593342 2210.7448098063469 154.79653322696686 672.83053302764893 198.34548953175545 22.614512801170349 2550.9606476426125 8694.0719392895699 2002.4255259633064 1446.4743706583977 807.73324602842331 1608.9110680222511 991.28739529848099 643.8027406334877 1073.6662794947624 2699.4758750200272 823.34884366393089 1154.9380400329828 17.071983978152279 13.503532007336615 20.146305620670319 844.68496298789978
leaf_count=3961 5488 21 19813 6391 1033 7911 10039 5619 1823 1381 168 307 285 25 1650 5994 1635 1389 542 1889 440 636 1181 2045 1298 5464 97 25 77 3565
internal_value=-1.78478e-05 -0.00958299 -0.0131257 0.00171732 -0.00579387 0.000339005 0.00114728 0.00349684 0.00178708 0.0024078 0.00140715 0.00692044 0.000135711 -0.00210596 0.005328 0.00229024 0.00345047 0.000251196 0.00869427 -0.00237665 0.00870201 -0.00128186 -0.00144064 0.00113053 -0.00291818 -0.0161793 -0.0147037 0.020959 -0.0149402 -0.00875677
internal_weight=75392.7 11576.6 8826.41 63816.1 2595.17 35961.9 27713.5 27854.2 2750.19 18633.6 13871.9 1818.91 1558.18 1359.84 4761.71 18266.4 12143 3448.9 838.607 8248.48 1664.12 1911.58 9079.82 3773.14 1337.22 6231.24 1036.98 30.5755 5076.3 864.831
internal_count=92192 38665 35643 53527 6724 33402 23602 20125 3022 13985 10954 915 2641 2356 3031 14637 9018 3024 563 9800 747 2459 9617 3226 2331 28919 4083 122 23455 3642
cat_boundaries=0 1 2 3 4 5 6 7 8 9
cat_threshold=1 1 6323776 16697 573457 1638556 1519812 196920 6305810
is_linear=0
shrinkage=0.05


Tree=70
num_leaves=31
num_cat=8
split_feature=18 2 3 3 3 3 3 0 13 2 3 3 6 7 19 0 17 13 3 3 3 4 3 0 0 9 3 21 0 21
split_gain=475.702 169.551 112.732 109.013 65.3778 99.617 58.43 55.1711 45.16 33.106 38.1019 35.701 30.1577 28.83 36.7544 27.1868 26.1836 25.9641 22.7107 22.4665 26.7834 20.8878 20.5715 20.2475 19.7813 19.3737 19.1619 19.7918 17.1871 15.4893
threshold=0.1033163294196129 0 44.500000000000007 83.500000000000014 56.500000000000007 74.500000000000014 84.500000000000014 1 1.0386904478073122 2 81.500000000000014 45.500000000000007 3 28.69999980926514 1.4910158514976504 4 0.6428571641445161 1.0334821343421938 55.500000000000007 46.500000000000007 55.500000000000007 4.5000000000000009 47.500000000000007 5 6 1.0000000180025095e-35 61.500000000000007 4.3133318424224862 7 4.373950958251954
decision_type=2 1 2 2 2 2 2 1 2 1 2 2 1 2 2 1 2 2 2 2 2 2 2 1 1 2 2 2 1 2
left_child=1 3 -3 13 21 16 15 19 9 10 11 17 -11 14 23 -7 26 -9 -13 -2 -21 24 -14 -1 -4 -20 27 -6 -27 -30
right_child=7 2 4 -5 5 6 -8 8 -10 12 -12 18 22 -15 -16 -17 -18 -19 25 20 -22 -23 -24 -25 -26 28 -28 -29 29 -31
leaf_value=0.0018428250676840183 -0.0053752192638767899 -0.024671008634056763 0.012529942633945827 -0.024829265239408878 0.013648422602032653 0.016274015016599249 -0.018981865763286771 -8.8794268405726587e-06 -0.00056743874834355105 0.0083884301108415431 -0.017238462123896573 0.0069297431041508099 -0.0096750449652627454 0.0055110131417891979 0.026749417701507253 -0.0016115240413839339 0.0592210877617598 0.018488126433722215 0.0022781461746018863 0.0024971430992354621 -0.002218039419478162 -0.013544489363757399 5.6238716613796778e-05 -0.0083403216589613034 -0.0023751447061377616 0.0085732039907448643 -0.021771024680559973 -0.014920020850377514 0.006603969845737097 -3.4994874794686342e-06
leaf_weight=790.39818198978901 2505.9054665565491 1895.6660223454237 352.64935725927353 459.62813103199005 66.272173225879669 320.83229777216911 359.13400426506996 5721.1036710143089 10046.646764010191 1025.541217148304 210.7813872396946 9006.8933348059654 590.59455356001854 1825.9555596113205 98.878058761358261 595.06716126203537 10.707867026329039 196.22603464126587 9067.6308638453484 5304.3926771879196 6967.7779371738434 225.96816164255142 6750.9181497395039 1266.5094700008631 573.33581647276878 3072.0563634037971 1945.5632225722075 711.45685996115208 1854.7247812449932 1699.8468634188175
leaf_count=1200 3606 11720 548 2649 269 443 1791 5394 9086 947 342 4276 763 1909 95 1248 5 159 6047 5109 8038 418 6554 2572 1118 1438 9735 2989 906 974
internal_value=-6.26706e-05 -0.00942662 -0.0142435 -0.00177331 -0.0104134 -0.01343 -0.00188869 0.00161907 0.00242287 0.00318995 0.00394697 0.00409281 0.000400643 0.000888126 -0.00302747 0.00481373 -0.0188124 0.000604504 0.00492846 -0.00106023 -0.000179999 8.49386e-05 -0.000725615 -0.00445888 0.00341093 0.00377992 -0.0191193 -0.0124856 0.0058349 0.00343452
internal_weight=75519.1 11498 7056.65 4441.37 5160.99 4009.03 1275.03 64021 49243 39196.3 30829.3 30618.5 8367.05 3981.74 2155.79 915.899 2734 5917.33 24701.2 14778.1 12272.2 1151.95 7341.51 2056.91 925.985 15694.3 2723.29 777.729 6626.63 3554.57
internal_count=92348 38709 30284 8425 18564 16480 3482 53639 36886 27800 19536 19194 8264 5776 3867 1691 12998 5553 13641 16753 13147 2084 7317 3772 1666 9365 12993 3258 3318 1880
cat_boundaries=0 1 2 3 4 5 6 7 8
cat_threshold=1 7355904 1 24 385579 361343 909592 164216
is_linear=0
shrinkage=0.05


Tree=71
num_leaves=31
num_cat=10
split_feature=18 17 2 3 3 3 3 13 3 2 3 9 0 0 3 0 9 3 5 5 0 2 3 0 0 0 19 21 21 21
split_gain=455.738 157.589 72.1814 88.3675 81.9587 61.5609 62.9041 55.8753 44.5281 34.6364 33.7721 39.5685 38.1244 28.0199 26.3864 25.3993 24.4275 31.5674 21.7674 21.4011 19.9805 20.5886 18.9378 18.8635 18.8128 18.134 17.7937 17.6416 21.2344 19.2251
threshold=0.1033163294196129 1.0000000180025095e-35 0 44.500000000000007 82.500000000000014 57.500000000000007 73.500000000000014 0.96922349929809581 85.500000000000014 1 41.500000000000007 1.0000000180025095e-35 2 3 64.500000000000014 4 1.0000000180025095e-35 37.500000000000007 1.0000000180025095e-35 1.0000000180025095e-35 5 6 48.500000000000007 7 8 9 0.6787671446800233 4.3122317790985116 4.3107709884643564 4.4382567405700692
decision_type=2 2 1 2 2 2 2 2 2 1 2 2 1 1 2 1 2 2 2 2 1 1 2 1 1 1 2 2 2 2
left_child=1 2 4 -4 23 -5 14 13 24 10 25 15 -13 -2 27 -12 -15 -18 -11 -14 26 -22 -20 -1 -8 -9 -3 28 -7 -29
right_child=7 20 3 5 -6 6 8 9 -10 18 11 12 19 16 -16 -17 17 -19 22 -21 21 -23 -24 -25 -26 -27 -28 29 -30 -31
leaf_value=0.0066552140283221402 -0.0028845637852870005 0.045509823297271504 -0.024612090606439312 4.2436829507102741e-05 -0.022642327904096531 -0.0066569974062167039 0.0089412852025973003 0.00081902381043302125 -0.024829266015817999 -0.0012098148397261994 0.0018624748231647764 -0.0012196678378633894 0.0036674086271975687 0.0023807963149878012 -0.024344773912718894 -0.0025438537652499979 -0.0072011140281291776 0.0059737742544388427 -0.020938664692187622 0.008815019869973675 0.0019532635544812654 -0.0092395881688751499 -0.0054731857048173774 -0.0039149491750821224 -0.0058114764926346851 -0.0066928789037220774 0.0062259032939408496 -0.018262993371267786 0.047540954085159404 0.0046970872047998168
leaf_weight=583.8892170637846 1687.3706744611263 29.855377376079559 1841.8379305303097 908.66318374872208 548.71258136630058 71.537575975060463 355.65269313752651 1389.6369364857674 222.42942962050438 6604.7260902523994 7887.5103314816952 2601.153915554285 5083.0493715703487 14496.47586774826 1238.4118314981461 5572.0505318939686 473.67417722940445 11325.181089431047 231.32675838470459 3349.751670897007 1275.0849769413471 606.17035382986069 1371.6620672941208 1450.640285551548 518.36282894015312 1900.4297910034657 835.6096964776516 776.69644366204739 24.181217104196548 103.29755395650864
leaf_count=833 1895 22 11692 2033 3126 320 862 1492 1319 7877 5918 2043 4157 11102 6954 5746 519 6606 319 1396 1363 1045 1576 2788 1328 2871 605 3889 91 503
internal_value=3.77048e-05 -0.0091766 -0.0124917 -0.0154745 -0.0054931 -0.0114856 -0.0146497 0.00167838 -0.00485562 0.000375439 0.00121849 0.00185739 0.00407696 0.00335422 -0.0194998 3.78165e-05 0.00375423 0.00544486 -0.00247834 0.00570542 0.00125639 -0.00164451 -0.007705 -0.000867951 0.000227498 -0.0035379 0.00749446 -0.0133505 0.00703491 -0.0155678
internal_weight=75365 11391 8644.31 6061.07 2583.24 4219.23 3310.57 63974 1096.44 35991.3 27783.6 24493.5 11034 27982.7 2214.12 13459.6 26295.3 11798.9 8207.71 8432.8 2746.72 1881.26 1602.99 2034.53 874.016 3290.07 865.465 975.713 95.7188 879.994
internal_count=92290 38773 35738 28991 6747 17299 15266 53517 3509 33395 23623 19260 7596 20122 11757 11664 18227 7125 9772 5553 3035 2408 1895 3621 2190 4363 627 4803 411 4392
cat_boundaries=0 1 2 3 4 5 6 7 8 9 10
cat_threshold=1 1 4517888 5771264 2080925 49674 1 852331 5578943 2457875
is_linear=0
shrinkage=0.05


Tree=72
num_leaves=31
num_cat=8
split_feature=18 17 2 3 3 3 3 13 3 0 2 3 3 3 13 3 4 0 3 3 3 3 9 0 0 0 4 4 0 4
split_gain=440.021 150.199 71.2907 85.2118 82.5679 60.795 57.4062 53.1955 41.9901 41.5059 29.8722 35.7407 39.4689 37.9515 29.1128 29.0614 24.2706 22.7801 22.7177 34.5495 21.7721 37.1976 21.2453 20.5867 20.3883 19.6783 19.1371 19.0234 18.6764 18.3281
threshold=0.1033163294196129 1.0000000180025095e-35 0 44.500000000000007 82.500000000000014 56.500000000000007 73.500000000000014 1.0386904478073122 85.500000000000014 1 2 80.500000000000014 45.500000000000007 55.500000000000007 1.0334821343421938 64.500000000000014 1.5000000000000002 3 48.500000000000007 52.500000000000007 75.500000000000014 56.500000000000007 1.0000000180025095e-35 4 5 6 4.5000000000000009 4.5000000000000009 7 4.5000000000000009
decision_type=2 2 1 2 2 2 2 2 2 1 1 2 2 2 2 2 2 1 2 2 2 2 2 1 1 1 2 2 1 2
left_child=1 2 4 -4 28 -5 15 9 -8 -2 11 12 14 29 -11 -7 -12 -9 26 -20 21 -21 -15 -22 -24 -3 -18 -13 -1 -14
right_child=7 25 3 5 -6 6 8 17 -10 10 16 27 13 22 -16 -17 18 -19 19 20 23 -23 24 -25 -26 -27 -28 -29 -30 -31
leaf_value=-0.0068230825608957451 -0.0023925303393828768 -0.003869068998838928 -0.024606410919626308 0.00079277940080402112 -0.022888009711227286 -0.013059736294809752 -0.00020453457885197674 -0.0082880805512914758 -0.02482926489009777 -0.00044506911253094233 0.0037514838633689925 -0.016925499861357159 0.0053024085603060244 0.0014308469313349453 0.018916046813498628 -0.024333502885197186 -0.0042499450168953538 -0.00067569986407235044 0.0055163706423199546 -0.0019253532205722183 0.0053692866072588561 -0.016834321173121638 0.0078694936468136807 -0.004379607687260598 0.002667497820761219 0.00467391959191173 -0.020511198268173499 0.0051746088409024829 0.0029557594451467672 0.0097624338827040497
leaf_weight=795.18413923680782 4424.6155220270157 1180.2699962258339 1794.8919620811939 802.04372081160545 540.88708747923374 1083.3058630228043 875.13647694885731 1053.9076370000839 215.80985660851002 6627.2433046400547 3332.6628320217133 328.95713511109352 7234.9117358922958 10066.598298609257 200.02143412828445 1210.2565470635891 624.41324028372765 12971.449664354324 1758.078177511692 1290.1726133823395 1090.9896395802498 619.14129358530045 3323.4076439738274 1055.949033677578 4415.91343075037 1545.7063792049885 254.74361348152161 138.31547176837921 1231.614614918828 3379.423478782177
leaf_count=1629 5221 1598 11678 1668 3154 5198 2187 1057 1312 6681 3405 601 4382 7119 159 6964 716 12749 1424 1252 1048 862 1569 1246 2684 1410 323 94 1986 1071
internal_value=-0.000132058 -0.00924183 -0.0125005 -0.0154921 -0.00553173 -0.0115845 -0.0145176 0.00146807 -0.00507577 0.00222914 0.00267614 0.00335374 0.00353585 0.00435591 0.000122162 -0.0190086 0.000265112 -0.00125411 -0.00147074 -0.000338054 -0.0028755 -0.00675995 0.00294521 0.000579006 0.00491495 0.000978002 -0.00896179 -0.0103837 -0.000899904 0.0067224
internal_weight=75466 11275.1 8549.13 5981.44 2567.69 4186.55 3384.51 64190.9 1090.95 50165.6 45740.9 35714.8 35247.5 28420.3 6827.26 2293.56 10026.2 14025.4 6693.49 5814.33 4056.25 1909.31 17805.9 2146.94 7739.32 2725.98 879.157 467.273 2026.8 10614.3
internal_count=92447 38784 35776 29007 6769 17329 15661 53663 3499 39857 34636 24360 23665 16825 6840 12162 10276 13806 6871 5832 4408 2114 11372 2294 4253 3008 1039 695 3615 5453
cat_boundaries=0 1 2 3 4 5 6 7 8
cat_threshold=1 5249024 1 36864 483864 164344 3292384 4209172
is_linear=0
shrinkage=0.05


Tree=73
num_leaves=31
num_cat=8
split_feature=18 17 2 3 3 3 3 13 3 2 3 9 0 3 0 3 4 0 9 3 0 3 3 3 0 0 19 21 4 4
split_gain=429.95 141.37 67.9616 84.8654 84.5665 60.1919 55.3913 46.8579 39.632 28.2858 33.8481 33.3464 31.6871 25.8497 24.7323 23.2117 24.3367 20.564 20.4352 22.8174 19.6671 19.0747 21.5295 24.4905 18.2895 18.2281 17.9502 29.0092 16.7868 15.5625
threshold=0.1033163294196129 1.0000000180025095e-35 0 81.500000000000014 44.500000000000007 57.500000000000007 73.500000000000014 0.96922349929809581 85.500000000000014 1 41.500000000000007 1.0000000180025095e-35 2 64.500000000000014 3 76.500000000000014 4.5000000000000009 4 1.0000000180025095e-35 37.500000000000007 5 47.500000000000007 53.500000000000007 76.500000000000014 6 7 1.023426949977875 4.3084647655487069 3.5000000000000004 2.5000000000000004
decision_type=2 2 1 2 2 2 2 2 2 1 2 2 1 2 1 2 2 1 2 2 1 2 2 2 1 1 2 2 2 2
left_child=1 2 3 25 -4 -6 13 14 -8 10 24 15 -13 26 -2 17 -17 -12 -16 -20 -3 -11 -23 29 -9 -1 27 -7 -14 -24
right_child=7 20 4 -5 5 6 8 9 -10 21 11 12 28 -15 18 16 -18 -19 19 -21 -22 22 23 -25 -26 -27 -28 -29 -30 -31
leaf_value=0.0085048638802508181 -0.00088753091207447094 -0.0044636976761267856 -0.02454386291368231 -0.021497987173007355 4.012702359122566e-06 0.058943696083002498 -0.00068272076002606308 0.0010408888264798958 -0.024829265389822833 -0.010294362483888582 -0.002145324528281633 -0.0011178229616682894 0.002999498267266601 -0.024276371771708188 0.002255501691396101 -0.0099951602041397219 0.0082819385760160274 0.0021548976285612974 -0.0063006495911267016 0.005602741447494012 0.0041625839517175859 0.0017073417775237019 -0.0033741792652061961 -0.00030281441477969881 -0.0066404450945313151 -0.0030011835321910952 -0.023607273547347915 -0.010241475186864385 0.0074315360892844287 -0.012004204746146954
leaf_weight=436.93811213970184 3554.8333414793015 1092.2669822871685 1751.9075101315975 630.38866849243641 900.00201568007469 15.518133535981177 867.61897331476212 1252.0061215162277 211.32202850282192 684.55910429358482 4263.8734859228134 2619.4601602256298 4353.4093808829784 1175.6334245204926 13315.602883070707 984.21845918893814 223.48930704593658 7948.3085098862648 418.27193987369537 10738.693761646748 1640.4049943685532 2993.9773442745209 1037.0501491725445 2379.0641634762287 2029.6206322908401 1487.9920393824577 286.41773554682732 640.94698348641396 4195.4940595924854 1052.6266177594662
leaf_count=534 3496 1495 11682 3557 2018 66 2173 1424 1317 999 4583 2058 3590 6931 9985 1179 161 5689 455 6128 1516 3032 1394 2915 2946 2697 1479 3223 2002 1397
internal_value=-9.85843e-05 -0.00916577 -0.0123779 -0.00557531 -0.0153496 -0.0114185 -0.0146337 0.0014782 -0.00541208 0.000285154 0.00104275 0.00167933 0.00369774 -0.0193301 0.00301135 -4.47243e-07 -0.00661294 0.000653486 0.00357659 0.00515649 0.0007135 -0.0023064 -0.00157366 -0.00377188 -0.00372693 -0.000360845 -0.0131629 -0.00860601 0.00516854 -0.00772136
internal_weight=75181.9 11137.4 8404.69 2555.32 5849.37 4097.46 3197.46 64044.6 1078.94 36017.2 27869.9 24588.3 11168.4 2118.52 28027.4 13419.9 1207.71 12212.2 24472.6 11157 2732.67 8147.28 7462.72 4468.74 3281.63 1924.93 942.883 656.465 8548.9 2089.68
internal_count=92121 38688 35677 6788 28889 17207 15189 53433 3490 33369 23632 19262 7650 11699 20064 11612 1340 10272 16568 6583 3011 9737 8738 5706 4370 3231 4768 3289 5592 2791
cat_boundaries=0 1 2 3 4 5 6 7 8
cat_threshold=1 1 4517888 5837824 6307680 7486496 2588945 360810
is_linear=0
shrinkage=0.05


Tree=74
num_leaves=31
num_cat=10
split_feature=18 2 3 3 3 3 13 3 0 3 3 19 7 3 19 7 21 0 13 21 3 4 0 0 0 2 19 0 0 2
split_gain=394.202 149.635 112.843 100.301 68.1638 88.0599 49.4726 45.0961 40.2771 32.0955 36.2186 28.5759 30.9807 28.255 29.2481 30.4804 31.2252 46.3107 34.6036 31.7871 27.4792 23.8476 23.6681 23.2141 21.2698 20.9979 19.8484 19.3446 18.7883 17.0945
threshold=0.1033163294196129 0 44.500000000000007 83.500000000000014 56.500000000000007 73.500000000000014 1.0492995977401736 85.500000000000014 1 80.500000000000014 46.500000000000007 1.2397086620330813 29.10000038146973 54.500000000000007 0.98414596915245067 27.800000190734867 4.3810675144195566 2 0.92247596383094799 4.3773367404937753 64.500000000000014 4.5000000000000009 3 4 5 6 0.81640771031379711 7 8 9
decision_type=2 1 2 2 2 2 2 2 1 2 2 2 2 2 2 2 2 1 2 2 2 2 1 1 1 1 2 1 1 1
left_child=1 3 -3 11 21 20 8 23 -2 10 25 12 24 -12 29 16 17 18 -16 -20 -6 22 -4 -7 -1 26 -10 -28 -8 -15
right_child=6 2 4 -5 5 7 28 -9 9 -11 13 -13 -14 14 15 -17 -18 -19 19 -21 -22 -23 -24 -25 -26 -27 27 -29 -30 -31
leaf_value=0.0017710402672134588 -0.0023315971008224775 -0.02456613905722525 0.01730476686962832 -0.024829265340484654 -0.013512798727311121 0.017392028652726294 -0.0078385042483583908 -0.024829266733219692 0.0066546660609989846 -0.0040499585497990208 0.0052435665135430222 0.009809701441789144 0.0052340560274089926 0.0017278904512245633 0.059477281095025619 0.0029569624429353603 0.0033019265404077569 0.0074911466106394806 0.016974871160654728 0.065611652124458686 -0.024271075737960186 -0.013620501139915987 -0.00045135152928193405 -0.0022372558675868947 -0.0087429569933738429 -0.011204226814177551 -0.0048444791852079267 0.001053870714321645 -0.00084710140546988678 -0.0028989417034490268
leaf_weight=762.48333331942558 4648.1846730411053 1710.2059447169304 252.21778589487076 420.76616531610489 1210.6252559870481 165.22657355666161 1046.3560236394405 204.56412829458714 1089.4446365237236 1778.2114010453224 13931.178956389427 726.06092141568661 1197.4724857211113 11373.582475841045 75.320367574691772 7694.4593816995621 1077.096209615469 797.48638993501663 315.75822806358337 37.593603491783142 1164.4782583862543 223.03975108265877 666.77212399244308 1063.3127932995558 1295.3518804609776 411.0080181658268 1926.3876434862614 4919.7849079370499 10739.584360301495 2421.3049161732197
leaf_count=1092 5519 11663 358 2658 5550 249 1059 1307 763 2277 8797 709 1305 8013 38 4560 811 564 175 30 7013 418 1288 2427 2674 636 2413 4382 10802 2737
internal_value=-4.80311e-05 -0.0087661 -0.0134937 -0.00161326 -0.00966837 -0.0128814 0.00145228 -0.00309322 0.00210952 0.0025409 0.00279584 0.0008403 -0.00116023 0.00345528 0.00240819 0.00446743 0.00951344 0.0149698 0.0280537 0.0221494 -0.0187874 0.00104572 0.00460523 0.000526048 -0.00488112 -0.000184574 0.000386165 -0.000611354 -0.00147517 0.00091578
internal_weight=75345.3 11062.6 6660.44 4402.13 4950.24 3808.21 64282.7 1433.1 52496.8 47848.6 46070.4 3981.37 3255.31 37723.8 23792.6 9997.71 2303.25 1226.16 428.672 353.352 2375.1 1142.03 918.99 1228.54 2057.84 8346.63 7935.62 6846.17 11785.9 13794.9
internal_count=92287 38711 30273 8438 18610 16546 53576 3983 41715 36196 33919 5780 5071 25725 16928 6178 1618 807 243 205 12563 2064 1646 2676 3766 8194 7558 6795 11861 10750
cat_boundaries=0 1 2 3 4 5 6 7 8 9 10
cat_threshold=1 5249024 638988 835608 32778 295807 1 550564 36864 1
is_linear=0
shrinkage=0.05


Tree=75
num_leaves=31
num_cat=7
split_feature=18 2 3 3 3 3 3 13 0 2 3 21 7 3 17 19 7 21 0 3 21 7 0 0 7 21 3 0 3 21
split_gain=405.947 142.574 108.239 95.7562 58.9102 88.3743 52.4701 47.9111 40.403 27.5305 31.5001 28.979 27.7175 33.7367 26.6545 26.485 26.3445 26.19 24.6167 22.3798 27.028 22.2526 20.4093 20.2698 18.8686 18.9844 17.8733 17.7839 17.707 20.424
threshold=0.1033163294196129 0 44.500000000000007 83.500000000000014 56.500000000000007 74.500000000000014 84.500000000000014 1.0386904478073122 1 2 81.500000000000014 4.3253991603851327 28.899999618530277 56.500000000000007 0.6428571641445161 1.2397086620330813 28.899999618530277 4.4519076347351083 3 38.500000000000007 4.4178998470306405 26.400000572204593 4 5 32.500000000000007 4.3159539699554452 83.500000000000014 6 61.500000000000007 4.3133318424224862
decision_type=2 1 2 2 2 2 2 2 1 1 2 2 2 2 2 2 2 2 1 2 2 2 1 1 2 2 2 1 2 2
left_child=1 3 -3 15 -4 14 18 8 -2 10 11 24 26 -14 28 16 -1 19 -7 20 -13 27 -9 -17 -10 -26 -11 -21 29 -6
right_child=7 2 4 -5 5 6 -8 22 9 12 -12 17 13 -15 -16 23 -18 -19 -20 21 -22 -23 -24 -25 25 -27 -28 -29 -30 -31
leaf_value=-0.0053166290163791478 -0.00075127378674797124 -0.024529906125187653 0.00014671473054303564 -0.024829265076538563 0.014031705529979593 -0.0023501950845718398 -0.018761669247289423 -0.0049586614132603579 0.0007072579312357853 0.0044706208886783937 -0.016007837686742347 -0.0059783856952914443 -0.00052755622607645713 -0.013153090265982043 0.061669162220345797 -0.00048905943564285178 0.003795685530060218 -0.0014634526845275094 0.014340624420829607 0.0039227299515869037 0.0082676179010692068 0.0051383797570087545 -0.00013109031209400778 0.016380328657958364 0.0027965013091726791 0.022474199689552336 -0.0092004100282219205 0.018096080482057662 -0.02124252346487419 -0.014680954536411101
leaf_weight=1865.4578363895416 9245.269210845232 1670.245354950428 1143.098291695118 412.29712881147861 68.191811814904213 554.89403679966927 337.86033268272877 2707.4963212013245 8411.4818214476109 3629.7069434821606 204.04860705137253 936.29583752155304 4277.4769524931908 603.79362720251083 10.404813289642332 320.65836645662785 1379.9150420725346 1643.4266917705536 356.30924397706985 377.7397925555706 516.66496685147285 19347.533015012741 11280.2388022542 403.69717627763748 309.49367439746857 202.94496393203735 255.936851978302 602.6518549323082 1770.4091223180294 674.98919504880905
leaf_count=3563 10404 11677 2064 2670 279 1175 1825 2921 6290 3608 336 1041 3916 842 4 368 1504 1383 521 248 561 10153 10852 339 203 129 332 344 9768 3014
internal_value=9.64386e-06 -0.0088835 -0.0135333 -0.00189467 -0.0097972 -0.0128098 -0.00193211 0.00152073 0.00223717 0.00290532 0.00357581 0.00369934 0.000419071 -0.00208928 -0.018193 0.000487328 -0.00144212 0.00462304 0.00430803 0.00508228 -0.000912584 0.00551077 -0.00106916 0.00913196 0.00127473 0.0105896 0.00357015 0.0128598 -0.0185235 -0.0120464
internal_weight=75520.6 10968.4 6586.4 4382.03 4916.16 3773.06 1249.06 64552.2 50564.5 41319.2 32552.3 32348.2 8766.91 4881.27 2523.99 3969.73 3245.37 23424.3 911.203 21780.9 1452.96 20327.9 13987.7 724.356 8923.92 512.439 3885.64 980.392 2513.59 743.181
internal_count=92334 38771 30327 8444 18650 16586 3521 53563 39790 29386 20688 20352 8698 4758 13065 5774 5067 13730 1696 12347 1602 10745 13773 707 6622 332 3940 592 13061 3293
cat_boundaries=0 1 2 3 4 5 6 7
cat_threshold=1 7355392 1 3825092 168512 3153676 393863
is_linear=0
shrinkage=0.05


Tree=76
num_leaves=31
num_cat=5
split_feature=2 3 3 3 3 3 0 4 3 3 4 3 7 3 3 21 0 3 19 3 4 0 21 3 13 21 7 9 7 6
split_gain=259.605 281.685 141.371 83.0214 254.472 62.4984 59.049 55.9901 51.7205 35.9908 31.8219 35.6533 29.6263 29.3383 29.1207 29.0689 28.3183 27.3574 26.4292 26.6495 25.0112 23.4958 23.4862 22.1621 21.4374 20.5135 20.2675 31.4115 19.6038 17.166
threshold=0 44.500000000000007 81.500000000000014 56.500000000000007 74.500000000000014 84.500000000000014 1 4.5000000000000009 46.500000000000007 44.500000000000007 4.5000000000000009 48.500000000000007 26.69999980926514 54.500000000000007 83.500000000000014 4.4395930767059335 2 40.500000000000007 1.0000777840614321 74.500000000000014 3.5000000000000004 3 4.4332523345947275 61.500000000000007 1.0492995977401736 4.3119153976440439 29.60000038146973 1.0000000180025095e-35 32.500000000000007 4
decision_type=1 2 2 2 2 2 1 2 2 2 2 2 2 2 2 2 1 2 2 2 2 1 2 2 2 2 2 2 2 1
left_child=2 -2 6 8 23 16 17 -4 -3 29 12 -12 -10 22 -9 21 -6 -1 19 24 -19 -14 25 -5 -15 -11 27 -20 -27 -8
right_child=1 3 7 4 5 -7 9 14 10 13 11 -13 15 18 -16 -17 -18 20 26 -21 -22 -23 -24 -25 -26 28 -28 -29 -30 -31
leaf_value=-0.008628583264408499 -0.024557446454417362 -0.010607537058635482 -0.024685190468377669 -0.012441865706930049 -0.0042849113444600523 -0.018459994182132247 0.0036513135025136763 0.015636970526627297 0.023294391397950667 -0.0017580571136006117 -0.020825524316273613 -0.0014520264306210205 0.0079216250848185774 0.0032500376209251697 -0.024829264967607609 -0.0043541007800557549 0.0032418327379343625 -0.0027751367221073523 0.0027736180159780746 -0.003125182001835865 0.0026808400358384844 0.0012904954294329261 0.0002562080168974497 -0.020812537329190486 -0.0025216766593529425 0.0063978090904095982 0.0027491316971692686 0.01203985928295305 0.01495983263263141 -0.0016033765958413154
leaf_weight=1157.358683437109 1655.5146376788616 994.95644530653954 694.08335876464844 1295.6714746505022 1795.7658525407314 447.46094852685928 2122.9725539982319 158.15654361248016 173.51133817434311 713.0099116563797 287.23137161135674 1370.9916881322861 2220.4215869009495 9346.7420347332954 61.843145549297333 1301.5768505334854 4051.0557141900063 4906.1108958125114 1798.7251425385475 2888.8573363721371 3673.1956914365292 3364.774139881134 1801.8396388292313 2029.0144793093204 1943.284901201725 9139.5049493908882 5903.1712675094604 1860.6354533135891 721.30310946702957 5718.4478938281536
leaf_count=2168 11731 1872 3422 4165 2857 2011 2267 206 138 497 362 1360 2144 6044 409 1322 4472 5958 1316 2598 3188 3561 1208 10231 1811 4526 3073 892 366 6343
internal_value=-3.66767e-05 -0.00476299 0.00177978 -0.00306791 -0.00636055 -0.000449997 0.00211171 -0.0177183 0.000192706 0.00289168 0.00142523 -0.00480783 0.00288917 0.00355897 0.00426168 0.00237506 0.000928319 -0.00141117 0.0025301 0.00116009 -0.000439182 0.00394323 0.00553276 -0.0175504 0.00225659 0.00643191 0.00456149 0.00748512 0.00702411 -0.000178119
internal_weight=75597.2 20987.9 54609.2 19332.4 9618.97 6294.28 53695.2 914.083 9713.46 43958.5 8718.51 1658.22 7060.28 36117.1 220 6886.77 5846.82 9736.67 23741.4 14178.9 8579.31 5585.2 12375.7 3324.69 11290 10573.8 9562.53 3659.36 9860.81 7841.42
internal_count=92518 46226 46292 34495 23736 9340 42255 4037 10759 30941 8887 1722 7165 22331 615 7027 7329 11314 15734 10453 9146 5705 6597 14396 7855 5389 5281 2208 4892 8610
cat_boundaries=0 1 2 3 4 5
cat_threshold=1 4210176 3808644 2633108 10
is_linear=0
shrinkage=0.05


Tree=77
num_leaves=31
num_cat=10
split_feature=18 2 7 13 17 19 0 0 2 0 7 4 0 7 0 4 7 7 0 8 16 0 19 0 7 21 19 7 21 21
split_gain=360.886 134.886 54.5392 45.6242 45.2127 28.2909 28.2456 28.1845 27.3294 20.1501 25.5874 18.6962 17.8141 17.5202 19.199 18.8913 20.6484 17.1099 16.0405 15.6934 26.2205 18.2741 15.3316 15.7708 15.5239 23.9377 19.6597 15.0537 15.3927 29.927
threshold=0.1033163294196129 0 27.400000572204593 0.96922349929809581 0.21428572386503222 1.4481241106987002 1 2 3 4 28.899999618530277 4.5000000000000009 5 31.500000000000004 6 5.5000000000000009 25.10000038146973 24.800000190734867 7 3.4000000059604649 0.81250000000000011 8 0.97293993830680858 9 26.10000038146973 4.3812127113342294 1.0077143907546999 31.500000000000004 4.4257724285125741 4.4249255657196054
decision_type=2 1 2 2 2 2 1 1 1 1 2 2 1 2 1 2 2 2 1 2 2 1 2 1 2 2 2 2 2 2
left_child=1 2 5 6 11 22 -2 -5 13 10 -6 27 -4 15 -15 -9 -17 -7 -8 21 -21 -10 -1 24 -24 26 -26 28 29 -3
right_child=3 4 12 7 9 17 18 8 19 -11 -12 -13 -14 14 -16 16 -18 -19 -20 20 -22 -23 23 -25 25 -27 -28 -29 -30 -31
leaf_value=-0.016196850575978309 0.0047746673858398148 -0.013134438951248266 -0.0029445397812467924 -0.0014445928325179311 0.038692675845121483 -0.02482926552671029 -0.003012418709334286 0.00064198515324820967 -0.010947333441316971 -0.0048345825109637995 -0.0054330356737704137 -0.020403107856655028 0.006076363835101399 0.0091389992840315831 0.0023908431476294071 -0.012583521683156266 0.0077888456382267093 0.02580526137041142 0.0021325541302732701 0.0036972618870703558 0.050951927764571497 -0.0014106046336543989 -0.0063014994500229437 -0.010827939435948604 0.015052318252220058 -0.0020244705383089642 0.070784402370829211 -0.0071363934879871416 -0.020626429448404579 0.057040282675296851
leaf_weight=596.58857038617134 12332.897074848413 3082.5597040057182 800.98996332287788 14127.392544656992 70.054534256458282 20.48755832016468 1683.5670659840107 11300.976446270943 569.7674842774868 447.53627589344978 61.867693662643433 1050.5726257115602 1696.7535687983036 1723.9211620688438 2750.7639085650444 134.74069571495056 1617.1997293233871 89.859634131193161 14527.160424232483 203.31952700018883 34.309303522109985 3839.4213809669018 261.76928250491619 704.09613665938377 41.372479557991028 103.04850462079048 25.623951837420464 881.71102465689182 785.18423734605312 15.26819211244583
leaf_count=2493 7429 15525 1164 15851 30 138 1897 8998 764 614 31 5522 1618 1092 1587 140 674 97 10885 210 19 4140 804 1817 80 144 39 3861 4594 87
internal_value=7.05835e-05 -0.00842085 -0.00161813 0.00147636 -0.0130384 -0.00814312 0.00297204 0.000300334 0.00141205 0.000280384 0.0167308 -0.0143655 0.00319603 0.00231649 0.00501641 0.00139093 0.00622202 0.0164042 0.00159669 -0.00199643 0.01052 -0.00267099 -0.0097066 -0.00629787 0.00130908 0.0131019 0.036368 -0.0130342 -0.0143735 -0.0127886
internal_weight=75580.8 10735.3 4340.59 64845.4 6394.75 1842.85 28543.6 36301.8 22174.4 579.459 131.922 5815.3 2497.74 17527.6 4474.69 13052.9 1751.94 110.347 16210.7 4646.82 237.629 4409.19 1732.5 1135.91 431.814 170.045 66.9964 4764.72 3883.01 3097.83
internal_count=92344 38658 8394 53686 30264 5612 20211 33475 17624 675 61 29589 2782 12491 2679 9812 814 235 12782 5133 229 4904 5377 2884 1067 263 119 24067 20206 15612
cat_boundaries=0 1 2 3 4 5 6 7 8 9 10
cat_threshold=1 16763 6323808 1 32776 6690816 1573020 5771264 1081344 2557723
is_linear=0
shrinkage=0.05


Tree=78
num_leaves=31
num_cat=6
split_feature=18 17 2 3 3 3 3 17 3 21 3 3 3 3 2 3 3 0 7 6 19 21 21 21 21 2 5 7 19 0
split_gain=334.56 140.239 64.8912 86.5815 73.2272 51.7149 53.7377 48.8663 37.9174 30.7732 28.6521 25.8442 27.3684 34.2299 22.0777 32.6735 31.688 20.8343 20.4445 19.4987 21.3843 19.3587 28.7646 22.9377 38.3763 19.1807 35.2252 21.0379 19.9986 32.3477
threshold=0.1033163294196129 1.0000000180025095e-35 0 44.500000000000007 82.500000000000014 57.500000000000007 73.500000000000014 0.92857143282890331 85.500000000000014 4.3253991603851327 64.500000000000014 81.500000000000014 48.500000000000007 53.500000000000007 1 75.500000000000014 56.500000000000007 2 23.69999980926514 3 0.79945579171180736 4.3122317790985116 4.3107709884643564 4.4382567405700692 4.4416959285736093 4 1.0000000180025095e-35 29.10000038146973 0.68664982914924633 5
decision_type=2 2 1 2 2 2 2 2 2 2 2 2 2 2 1 2 2 1 2 1 2 2 2 2 2 1 2 2 2 1
left_child=1 2 4 -4 -1 -5 10 11 -8 -9 21 12 18 -14 -15 16 -16 -17 -2 20 -11 22 -7 -23 -25 28 27 -27 29 -20
right_child=7 -3 3 5 -6 6 8 9 -10 19 -12 -13 13 14 15 17 -18 -19 25 -21 -22 23 -24 24 -26 26 -28 -29 -30 -31
leaf_value=-0.00068371200136266828 -0.011985778699635099 0.0014364550643362801 -0.02457465196396591 -9.1024586697728799e-05 -0.022517573223810733 -0.0074566201651756064 -0.00013355742504425971 0.00048985193770083768 -0.024829265598104527 0.021722982357108952 -0.024263727815899357 -0.0069754154966588516 0.0045638497052134146 0.0011688680614214903 -0.0018790864900795575 -0.0067130105150225855 -0.013353960619896965 0.004061541122559696 0.029839890487190171 0.0036265686310571242 0.0066338840646417395 -0.017717483590879688 0.055623243279238781 0.089451897695095969 -0.0040155638017797318 0.014654968786261331 -0.020597991619612045 -0.0050061395248976043 -0.00093187955758574324 -9.7211182200598116e-05
leaf_weight=1990.0144577175379 474.9489181637764 2775.4807138442993 1571.004408955574 891.33258447051048 475.84184704720974 66.196024268865585 850.35019826889038 8673.288203895092 190.19497571885586 297.51517331600189 1060.9368796348572 1229.426727861166 5958.8784890174866 15889.602373480797 1424.8255086541176 583.29551446437836 1041.3666977882385 1836.5491091310978 130.81601506471634 16859.942938745022 1114.0016456246376 696.02813370525837 24.859386712312698 12.688005238771437 81.676964417099953 157.0246995985508 342.68642464280128 1019.0118547081947 7404.5756505429745 260.83446615934372
leaf_count=3589 650 3038 11741 2032 3131 314 2183 6765 1313 169 6949 1770 4983 13248 1654 829 1633 1976 86 8658 642 3874 95 56 441 182 473 1326 8241 237
internal_value=-3.79252e-05 -0.00823372 -0.0116263 -0.0146737 -0.00489704 -0.0106588 -0.0138166 0.00131582 -0.00464754 0.00294238 -0.0187285 0.000154947 0.000394958 0.0012232 0.000265029 -0.0026743 -0.00672443 0.00145341 -0.00186682 0.00410657 0.00974528 -0.0120662 0.00976506 -0.0145812 0.00855177 -0.00135088 -0.00649149 -0.00238098 -0.000349472 0.0106616
internal_weight=75385.2 10686.6 7911.12 5445.27 2465.86 3874.26 2982.93 64698.6 1040.55 26944.7 1942.39 37753.8 36524.4 26734.5 20775.6 4886.04 2466.19 2419.84 9789.9 18271.5 1411.52 881.449 91.0554 790.393 94.365 9314.95 1518.72 1176.04 7796.23 391.65
internal_count=92278 38756 35718 28998 6720 17257 15225 53522 3496 16234 11729 37288 35518 24323 19340 6092 3287 2805 11195 9469 811 4780 409 4371 497 10545 1981 1508 8564 323
cat_boundaries=0 1 2 3 4 5 6
cat_threshold=1 1 3314560 8 1 101440
is_linear=0
shrinkage=0.05


Tree=79
num_leaves=31
num_cat=3
split_feature=18 17 2 3 3 3 3 13 3 3 2 4 3 3 1 21 19 21 21 3 3 21 3 3 21 21 4 3 3 19
split_gain=329.576 124.729 59.2034 88.5817 76.2073 56.3058 54.9363 40.2758 38.7467 29.7403 28.8746 27.553 71.4165 33.4608 22.1425 20.7893 20.5254 22.09 28.3763 19.3313 18.9281 18.69 37.411 69.1231 17.7582 23.8207 17.4701 17.8536 17.1983 19.2911
threshold=0.1033163294196129 1.0000000180025095e-35 0 44.500000000000007 81.500000000000014 57.500000000000007 73.500000000000014 0.96922349929809581 85.500000000000014 64.500000000000014 1 4.5000000000000009 36.500000000000007 79.500000000000014 2 4.4289610385894784 0.98968088626861583 4.3122317790985116 4.3670930862426767 47.500000000000007 53.500000000000007 4.3769342899322519 60.500000000000007 62.500000000000007 4.3107709884643564 4.3094794750213632 4.5000000000000009 48.500000000000007 55.500000000000007 0.98414596915245067
decision_type=2 2 1 2 2 2 2 2 2 2 1 2 2 2 1 2 2 2 2 2 2 2 2 2 2 2 2 2 2 2
left_child=1 2 4 -4 -1 -5 9 19 -8 16 11 13 -13 14 -9 -3 17 24 -19 -2 -14 22 -20 -24 25 -7 -12 -28 -21 -30
right_child=7 15 3 5 -6 6 8 10 -10 -11 26 12 20 -15 -16 -17 -18 18 21 28 -22 -23 23 -25 -26 -27 27 -29 29 -31
leaf_value=-0.00028659410989115991 0.00011927777899420098 0.0022866553169483017 -0.024534594817522171 0.00074462460393085275 -0.021254065063659802 0.052561771980727923 0.0001597204364043556 0.0015452621052727197 -0.024829264991668504 -0.024394561184908188 -0.0012727313378571494 -0.02112936622388974 0.0071444340445201218 -0.012751755602520093 -0.0019730248318652727 -0.013053182038722209 -0.022752589971498958 -0.02272347803629941 -0.024829265897700487 0.0051771733220757508 0.0021288702562142544 -0.0034039319391811155 0.21776558175826219 -0.00082914816807268851 0.052865899686368102 -0.02482926464196758 -0.02031404453680008 -0.0049814369016560256 0.00076540502242561598 0.0044760324328807421
leaf_weight=1923.1810463070869 5645.6202753782272 2528.0351455807686 1527.1245037615299 887.62406602501869 559.40919871628284 14.859601572155951 852.37553192675114 12970.262703061104 189.63502989709377 1035.1868933290243 6588.4056135416031 283.79153057932854 3460.6568077802658 500.93108460307121 6813.0072018802166 242.01595541834831 288.92336012423038 237.44087111949921 12.027242660522463 8448.1868742704391 4121.2049030661583 247.3707163631916 6.3892536163330069 8.3332922011613828 25.741627752780914 30.05034513771534 221.47312039136887 1330.1203348040581 8286.8815293312073 6067.1623998880386
leaf_count=3246 5056 2482 11697 2023 3528 61 2188 10212 1342 6947 7910 409 1775 810 8145 532 1646 1329 66 5015 2340 1351 36 48 93 149 328 1547 6439 3609
internal_value=-8.89476e-06 -0.00817472 -0.0113951 -0.0143502 -0.00501125 -0.0102957 -0.0136195 0.00133014 -0.00438801 -0.0186656 0.000225948 0.000984368 0.00349642 1.02639e-05 0.00033341 0.000946433 -0.0118577 -0.00645111 -0.0100705 0.00273872 0.00441817 0.000889351 0.0405918 0.094036 0.0197557 0.000777534 -0.00239683 -0.00717 0.00338727 0.00233381
internal_weight=75353.4 10615.7 7845.67 5363.08 2482.59 3835.96 2948.33 64737.7 1042.01 1906.32 36289.9 28149.9 7865.65 20284.2 19783.3 2770.05 871.136 582.213 511.561 28447.9 7581.86 274.121 26.7498 14.7225 70.6516 44.9099 8140 1551.59 22802.2 14354
internal_count=92359 38764 35750 28976 6774 17279 15256 53595 3530 11726 33476 23691 4524 19167 18357 3014 4779 3133 2830 20119 4115 1501 150 84 303 210 9785 1875 15063 10048
cat_boundaries=0 1 2 3
cat_threshold=1 1 3
is_linear=0
shrinkage=0.05


Tree=80
num_leaves=31
num_cat=12
split_feature=18 2 3 3 3 3 13 3 3 3 3 2 7 3 21 4 3 3 0 3 0 0 0 0 0 0 0 2 19 0
split_gain=316.107 137.796 109.179 89.4063 57.4814 72.4413 42.7456 38.2117 33.0255 33.8234 30.1231 26.0806 30.8612 46.2933 25.9575 25.658 50.0878 38.5322 25.2361 24.8819 22.8223 22.7152 20.7907 20.7576 20.6562 20.3245 19.9968 19.4754 19.7765 21.0618
threshold=0.1033163294196129 0 44.500000000000007 83.500000000000014 56.500000000000007 73.500000000000014 1.0492995977401736 85.500000000000014 46.500000000000007 80.500000000000014 64.500000000000014 1 28.899999618530277 56.500000000000007 4.3348309993743905 4.5000000000000009 36.500000000000007 80.500000000000014 2 55.500000000000007 3 4 5 6 7 8 9 10 0.82681477069854747 11
decision_type=2 1 2 2 2 2 2 2 2 2 2 1 2 2 2 2 2 2 1 2 1 1 1 1 1 1 1 1 2 1
left_child=1 3 -3 15 21 10 8 22 14 11 -6 19 20 23 -2 17 -17 18 -1 -10 -13 -4 -7 -14 -21 -8 -18 28 -16 -30
right_child=6 2 4 -5 5 7 25 -9 9 -11 -12 12 13 -15 27 16 26 -19 -20 24 -22 -23 -24 -25 -26 -27 -28 -29 29 -31
leaf_value=-0.0070796267041904311 -0.0050504799814043372 -0.024695485419812813 0.010922060353369982 -0.024829264695763853 -0.012424441877858657 0.0068871230755214998 -0.0059024446791133382 -0.024829265203473311 0.0052550847846399929 -0.0041238664191155985 -0.024290078221368461 0.0068963805259449262 -0.0070732378959792973 -0.013047188044194564 0.0078590868053044962 -0.02393691043340837 0.021585607832855663 -0.020389873798217963 0.0033763811627561223 0.0043513959099266723 -0.0013752091621949199 -0.0041675311601900395 -0.0061612495981299281 0.0012952598176907127 0.0010979303406751374 -0.00052294398330873619 0.0058423666473957914 -0.011602487923219947 0.0030962799520065538 -0.0032012866797783536
leaf_weight=818.08968943357468 2666.9989759325981 1494.9922428876162 356.37222531437874 370.26142068207264 1124.5625834017992 551.17022223770618 2137.655631929636 181.28255148231983 11437.840606272221 1902.8853524625301 1020.0536254346371 2426.4608160257339 874.1106418967247 785.0907661318779 994.23794621229172 112.0630567073822 312.0582467764616 247.78171637654305 1893.8135820031166 7921.5644020438194 1269.0236632525921 771.55552858114243 659.50301475822926 4568.0083146691322 12735.238586306572 9660.2537141144276 611.03942832350731 302.41682550311089 2852.9089363515377 2465.8806104362011
leaf_count=1483 3016 11707 546 2669 5521 1056 2340 1315 6059 2501 6996 2195 1056 1190 671 243 293 954 2158 4119 1518 1524 1614 4053 9605 9561 656 484 2304 2954
internal_value=-8.18879e-05 -0.00812079 -0.0129371 -0.00132469 -0.00916842 -0.012303 0.00121973 -0.00342054 0.00182353 0.00239623 -0.0180681 0.00269152 0.000451167 -0.00169691 -0.000886216 0.000853829 0.00762946 -0.00151597 0.000208501 0.00338417 0.00407087 0.000659956 -0.000214861 -5.95016e-05 0.00234822 -0.0015031 0.0114616 0.000792597 0.00138637 0.000176424
internal_weight=75525.2 10524.6 6159.49 4365.11 4664.5 3536.57 65000.6 1391.96 53202.7 43920.2 2144.62 42017.3 9922.69 6227.21 9282.44 3994.85 1035.16 2959.68 2711.9 32094.6 3695.48 1127.93 1210.67 5442.12 20656.8 11797.9 923.098 6615.44 6313.03 5318.79
internal_count=92361 38735 30279 8456 18572 16502 53626 3985 41725 32296 12517 29795 10012 6299 9429 5787 1192 4595 3641 19783 3713 2070 2670 5109 13724 11901 949 6413 5929 5258
cat_boundaries=0 1 2 3 4 5 6 7 8 9 10 11 12
cat_threshold=1 1 6305792 518457 835864 1433787 1085792 1097788 168448 5054771 1 2523421
is_linear=0
shrinkage=0.05


Tree=81
num_leaves=31
num_cat=10
split_feature=18 17 2 7 13 0 0 4 2 4 0 21 0 8 7 21 21 18 21 21 7 19 21 21 7 18 0 6 0 0
split_gain=292.084 127.06 62.8398 50.0041 36.5596 22.8521 22.1822 21.4661 20.8598 19.8975 18.2528 17.6738 17.604 16.9249 16.1822 18.9945 16.2524 15.703 15.3665 20.5719 20.7307 16.3905 20.3254 14.5767 16.2051 14.3512 20.4607 14.0916 13.3304 12.6925
threshold=0.1033163294196129 1.0000000180025095e-35 0 26.10000038146973 0.96922349929809581 1 2 4.5000000000000009 3 4.5000000000000009 4 4.3348309993743905 5 3.4000000059604649 31.500000000000004 4.3084647655487069 4.4192326068878183 0.057397959753870971 4.4349458217620858 4.3253991603851327 24.500000000000004 0.81640771031379711 4.4310560226440439 4.3136172294616708 27.400000572204593 0.36607143282890325 6 7 8 9
decision_type=2 2 1 2 2 1 1 2 1 2 1 2 1 2 2 2 2 2 2 2 2 2 2 2 2 2 1 1 1 1
left_child=1 2 3 -1 6 29 -2 14 18 10 -5 -8 -3 -12 16 -16 -4 -18 19 28 -21 22 -22 -11 -25 26 27 -23 -7 -6
right_child=4 12 7 9 5 8 11 -9 -10 23 13 -13 -14 -15 15 -17 17 -19 -20 20 21 25 -24 24 -26 -27 -28 -29 -30 -31
leaf_value=-0.013823619749340038 0.0043359303552070669 -0.0035097818722854197 -0.012346935525902981 -0.0087647504845978011 -0.0069498536664068305 -0.0041187167223397285 -0.00074072463381484122 -0.021058167918616869 -0.0018091247516210677 0.059817498980639011 0.0022646432926762307 0.0026039727818826675 0.0046286022855612317 0.051787834952351265 0.040204883998296331 -0.0074435939200381196 -0.022447133941458478 0.0076268005836010542 -0.001547956051333973 -0.012162492407010337 0.0077558773758891978 0.0065241804024321233 0.038921518092943412 -0.012766005583802437 0.02069055475333598 0.0021956868468466163 0.0033570498752307568 0.022364098564446169 0.0016002348346436553 -0.00097266993056790779
leaf_weight=904.08147341012955 11071.643255829811 1092.1980344355106 2719.8448930829763 490.9981847256422 943.51531252264977 1423.9693933427334 5944.7354097664356 941.37057911604643 4589.4593969881535 17.130011007189751 826.75410240888596 11768.570678055286 1666.9133969545364 17.620087563991547 21.527152478694916 736.23846673965454 713.64676897227764 46.216322496533394 2635.1610912084579 197.36676687002182 1571.2682533860207 307.29503624141216 54.116982311010361 49.7378009557724 132.90913712978363 6458.8458724021912 1215.7115741074085 302.5077648460865 3510.6225080788136 13179.153330743313
leaf_count=4127 6456 1500 14677 1030 1153 1325 5329 5454 5106 35 1324 8350 1523 13 74 3546 4942 129 2276 224 851 278 28 97 149 3458 1064 246 2759 14697
internal_value=8.88117e-06 -0.00778226 -0.0111119 -0.00449499 0.00124941 0.000196159 0.00258089 -0.0142284 0.0011938 0.000998841 -0.0012029 0.00148063 0.00141107 0.00325947 -0.0127112 -0.00608996 -0.0141531 -0.020618 0.00197413 0.00259117 0.00388319 0.00420276 0.00879353 0.015716 0.0115798 0.00330206 0.0072165 0.014616 -5.518e-05 -0.00137663
internal_weight=75551.1 10377.2 7618.07 2439.23 65173.9 36389 28784.9 5178.84 22266.3 1535.15 1335.37 17713.3 2759.11 844.374 4237.47 757.766 3479.71 759.863 17676.9 15041.7 10107.1 9909.75 1625.39 199.777 182.647 8284.36 1825.51 609.803 4934.59 14122.7
internal_count=92220 38620 35597 6775 53600 33465 20135 28822 17615 2648 2367 13679 3023 1337 23368 3620 19748 5071 12509 10233 6149 5925 879 281 246 5046 1588 524 4084 15850
cat_boundaries=0 1 2 3 4 5 6 7 8 9 10
cat_threshold=1 6323808 16761 1 4225042 7486496 1343752 6 1343752 4096
is_linear=0
shrinkage=0.05


Tree=82
num_leaves=31
num_cat=6
split_feature=18 17 3 3 3 3 19 3 3 3 21 0 3 21 0 3 0 0 0 21 0 7 13 3 7 3 7 21 21 3
split_gain=302.652 100.535 48.3211 50.2013 38.1551 48.2633 34.2461 30.3341 33.6414 26.6662 25.879 24.1708 23.4618 20.1226 19.4011 19.2022 22.8165 18.4883 16.9944 16.8317 16.7626 21.4611 37.1629 16.7543 15.6925 21.6146 15.446 15.5743 19.7785 20.7913
threshold=0.1033163294196129 1.0000000180025095e-35 44.500000000000007 56.500000000000007 46.500000000000007 54.500000000000007 0.98414596915245067 85.500000000000014 73.500000000000014 81.500000000000014 4.3348309993743905 0 83.500000000000014 4.4395930767059335 1 64.500000000000014 2 3 4 4.3902714252471933 5 26.69999980926514 1.0334821343421938 46.500000000000007 26.10000038146973 47.500000000000007 23.69999980926514 4.4368870258331308 4.4289610385894784 40.500000000000007
decision_type=2 2 2 2 2 2 2 2 2 2 2 1 2 2 1 2 1 1 1 2 1 2 2 2 2 2 2 2 2 2
left_child=1 2 -1 23 10 13 9 8 15 11 -2 -7 18 20 26 16 -5 19 -10 -8 21 22 -6 -4 -15 -26 -12 28 -28 -30
right_child=4 -3 3 7 5 6 17 -9 12 -11 14 -13 -14 24 -16 -17 -18 -19 -20 -21 -22 -23 -24 -25 25 -27 27 -29 29 -31
leaf_value=-0.01714625131356148 -0.0051860080565762183 0.0001139347827078876 -0.0055655620251471045 0.015195174986566902 -0.0075934079341057727 -0.0029392087341429379 0.0057994522359354596 -0.024829264778163967 0.0082239930797668847 -0.0092747037970789623 -0.007641871159145476 0.00085691662146594998 -0.014603567201495114 0.028568303608740554 -0.0033002838401288109 -0.0172764945172755 -0.010388032183199883 0.00039702268668333272 -0.0043738733404427811 0.0010855204872412456 0.0055853491230648646 0.0018953494116862913 0.058348920070031833 0.0082368857444069001 -0.012780931823327644 0.00094107215665635352 0.0035246438589789163 -0.0023573457631907032 0.014299371342860424 0.067036948173174182
leaf_weight=2277.7519962191582 3349.7499721050262 2744.2349117696285 384.14213618636131 87.397804871201515 40.613007247447968 6200.5044332742691 5019.7988321185112 346.85197407007217 381.74027772247791 880.77057491242886 395.63880190253258 12901.545019388199 381.39205911755562 46.818611025810242 2802.4086183011532 1297.5371208935976 1059.7350103706121 6288.91696408391 835.65931659936905 3040.7351611852646 10414.208880960941 5900.9270095229149 45.083936214447021 514.12092366814613 323.69622206687927 2530.0406141281128 3496.8723283112049 1179.2495061457157 115.00528472661972 22.315059423446655
leaf_count=13479 3957 3011 891 334 28 6936 2979 2614 921 1288 440 9834 2017 41 3443 7397 5070 5238 2047 1965 6560 4357 16 907 305 2012 2788 1241 122 11
internal_value=-0.000125878 -0.0080843 -0.0110577 -0.00843544 0.00113662 0.00169419 0.000569579 -0.0106389 -0.00942167 -0.000768597 -0.00149554 -0.000376392 -0.00378212 0.00369459 4.75068e-05 -0.0131099 -0.00839699 0.0024331 -0.000391932 0.0040162 0.00437352 0.00225236 0.0270979 0.00233427 -0.000144338 -0.0006154 0.00185135 0.00263549 0.0042556 0.0228694
internal_weight=75305.5 10310.6 7566.33 5288.58 64994.9 53633.7 34332.3 4390.31 4043.46 19982.8 11361.2 19102 1598.79 19301.4 8011.49 2444.67 1147.13 14349.5 1217.4 8060.53 16400.8 5986.62 85.6969 898.263 2900.56 2853.74 5209.08 4813.44 3634.19 137.32
internal_count=92249 38688 35677 22198 53561 41559 28240 20400 17786 18058 12002 16770 4985 13319 8045 12801 5404 10182 2968 4944 10961 4401 44 1798 2358 2317 4602 4162 2921 133
cat_boundaries=0 1 2 3 4 5 6
cat_threshold=6471424 1540595 24 3065116 1843323 5561408
is_linear=0
shrinkage=0.05


Tree=83
num_leaves=31
num_cat=6
split_feature=18 2 3 3 3 3 3 0 21 21 3 17 0 21 0 21 4 7 21 4 21 19 2 13 19 4 3 3 0 21
split_gain=270.448 122.277 111.26 85.0386 48.8806 80.4773 44.7211 37.682 24.5833 34.9895 24.1132 24.8537 23.0905 23.0125 22.7586 62.6422 44.4343 41.1307 48.9154 30.4897 50.6572 42.0747 23.7127 22.1428 21.3594 21.0506 46.0683 40.5167 25.4848 20.2097
threshold=0.10841836780309679 0 44.500000000000007 83.500000000000014 56.500000000000007 74.500000000000014 85.500000000000014 1 4.3541185855865487 4.3670930862426767 64.500000000000014 0.6428571641445161 2 4.4381103515625009 3 4.4178998470306405 2.5000000000000004 27.400000572204593 4.4233577251434335 1.5000000000000002 4.3787388801574716 1.1865218281745913 4 0.93142634630203258 0.96622997522354137 4.5000000000000009 36.500000000000007 80.500000000000014 5 4.3133318424224862
decision_type=2 1 2 2 2 2 2 1 2 2 2 2 1 2 1 2 2 2 2 2 2 2 1 2 2 2 2 2 1 2
left_child=1 3 -3 25 -4 10 -7 23 12 -10 11 29 -9 14 15 19 -17 18 -18 20 -11 -22 -21 -2 -19 27 -27 28 -1 -6
right_child=7 2 4 -5 5 6 -8 8 9 13 -12 -13 -14 -15 -16 16 17 24 -20 22 21 -23 -24 -25 -26 26 -28 -29 -30 -31
leaf_value=-0.0064655276985950945 0.0040618480065613928 -0.024473816523543069 0.00067335811894648394 -0.024829265504560064 0.0079567956137988356 0.0027554286189720029 -0.024829265682303467 -0.0061840283403301255 0.010210503869443676 0.038622005228042038 -0.022098718071240236 0.072141963321970745 -0.00078894029124104204 -0.003058752197627709 0.00025746353696227953 -0.0018491069969090914 0.090933283565355849 0.028706246986660935 0.016254622814142781 2.2020409600985842e-05 -0.003571296411608112 0.040334353761142576 -0.016147239467853375 0.0014037543247183565 0.0080689753203149316 -0.02435036116474773 0.010687271900677156 -0.020290550805929355 0.0040001017831152877 -0.014659931878820628
leaf_weight=847.57557106018066 11278.554687947035 1406.6721989959478 1121.4532597661018 347.06190823018551 109.80276088416576 1060.3706613481045 170.56655246019363 2564.2924615740776 970.32603001594543 126.08100605010986 1135.3031232655048 8.7654867172241193 8681.5752398967743 3642.5416375398636 9317.5729686915874 224.10637778043747 46.647210776805878 260.57470053434372 41.378752171993256 1261.5041516423225 381.03358405828476 63.685842871665955 276.43318077921867 25660.408636659384 241.65426075458527 104.40499395132065 924.9212548583746 253.37571240961552 1798.8601389825344 983.3486208319664
leaf_count=1570 6118 11679 2079 2652 494 2238 1321 2664 711 34 7463 4 9759 4273 9547 221 15 53 28 793 331 37 333 18442 98 242 944 991 2069 5070
internal_value=-2.54033e-05 -0.00756469 -0.0121714 -0.00110493 -0.00840086 -0.0113351 -0.00106688 0.00116539 -0.000214791 0.000993203 -0.0169847 -0.0117158 -0.00202533 0.000430107 0.00146831 0.00530892 0.0171054 0.024302 0.0558288 0.000778471 0.0106472 0.00271619 -0.00288429 0.00221475 0.0187763 0.00099065 0.00713339 -0.0011898 0.000638952 -0.0123882
internal_weight=75310.9 10272.5 5996.28 4276.2 4589.61 3468.16 1230.94 65038.4 28099.4 16853.5 2237.22 1101.92 11245.9 15883.2 12240.7 2923.1 814.361 590.255 88.026 2108.74 570.8 444.719 1537.94 36939 502.229 3929.14 1029.33 2899.81 2646.44 1093.15
internal_count=92273 38816 30348 8468 18669 16590 3559 53457 28897 16474 13031 5568 12423 15763 11490 1943 415 194 43 1528 402 368 1126 24560 151 5816 1186 4630 3639 5564
cat_boundaries=0 1 2 3 4 5 6
cat_threshold=1 344479 1085440 1081344 1 4209664
is_linear=0
shrinkage=0.05


Tree=84
num_leaves=31
num_cat=10
split_feature=18 2 3 3 3 3 3 13 0 3 17 4 3 3 0 2 3 3 3 6 3 3 0 0 0 17 0 3 0 3
split_gain=260.574 119.831 111.226 83.5199 48.2808 76.7079 43.4844 37.0273 30.2805 25.7434 22.4014 19.9639 42.8458 34.4702 22.8851 19.6714 28.5486 24.8761 23.6877 21.0641 18.5539 18.3256 18.2344 17.1323 17.0511 19.7163 16.1766 16.1495 16.0442 15.5918
threshold=0.1033163294196129 0 44.500000000000007 83.500000000000014 56.500000000000007 74.500000000000014 85.500000000000014 1.0386904478073122 1 64.500000000000014 0.6428571641445161 4.5000000000000009 36.500000000000007 80.500000000000014 2 3 81.500000000000014 45.500000000000007 55.500000000000007 4 48.500000000000007 46.500000000000007 5 6 7 0.21428572386503222 8 40.500000000000007 9 47.500000000000007
decision_type=2 1 2 2 2 2 2 2 1 2 2 2 2 2 1 1 2 2 2 1 2 2 1 1 1 2 1 2 1 2
left_child=1 3 -3 11 21 9 22 8 29 10 -6 13 -13 14 -1 16 17 -10 -19 26 -21 -4 -7 -9 -14 -26 -17 -25 -20 -2
right_child=7 2 4 -5 5 6 -8 23 15 -11 -12 12 24 -15 -16 19 -18 18 28 20 -22 -23 -24 27 25 -27 -28 -29 -30 -31
leaf_value=-0.007359632759909771 -0.0065443261788946279 -0.024539057209119423 -0.0075506951896793508 -0.024829265253975753 -0.012045468140190566 -0.0031846463717901553 -0.024829265922441154 -0.0073168432349124679 8.7720920389191748e-05 -0.022236805478394989 0.06539265085186835 -0.023854213420950759 0.0039348768846781948 -0.019809890934194732 0.0031565162869408472 -0.0038388336156550333 -0.015951149326776517 0.0053600531990549453 0.0042434605083141565 -0.006794176125906346 0.0002123410664310486 0.005751781739752649 0.010103629104968623 -0.006976311548322206 0.034615565819407411 0.010895991815888224 0.0093710011101112971 -0.00014818117368851498 0.0011827608691657655 -0.00026498305598703624
leaf_weight=691.11907801032066 1246.9278726279736 1378.3237341865897 413.80738991498947 341.50777446478605 1071.6690868288279 576.67204330861568 166.17178682982922 1026.309694185853 6561.7887876331806 1099.3420150279999 9.4212143421173078 102.55866754055023 532.28256300091743 229.11222615838051 1964.1557966768742 301.96560302376747 202.74572207033634 10722.335483849049 7072.1805573999882 1083.9979744255543 7361.7482037246227 691.6048376262188 453.69741143286228 932.61878997087479 125.32628808915615 291.11057138442993 962.16472938656807 12114.540829747915 10896.428124368191 4771.1551013290882
leaf_count=1311 1754 11733 962 2675 5545 1399 1319 1060 6426 7396 4 243 585 930 2302 336 357 5129 3304 1292 7333 1091 794 1334 167 205 827 11470 7790 5225
internal_value=-1.58795e-05 -0.00747357 -0.0121175 -0.00111033 -0.00829789 -0.0112668 -0.00109419 0.0011427 0.00176723 -0.0168492 -0.0113706 0.000947826 0.00684646 -0.00120206 0.000403527 0.00221088 0.00275744 0.00286504 0.00350023 0.000217397 -0.000686122 0.000772044 0.00273366 -0.00112864 0.0101653 0.0176115 0.00621018 -0.000635773 0.00239043 -0.00156345
internal_weight=75394.8 10137.9 5860.71 4277.17 4482.39 3376.97 1196.54 65256.9 51183.4 2180.43 1081.09 3935.67 1051.28 2884.39 2655.27 45165.4 35455.5 35252.7 28690.9 9709.88 8445.75 1105.41 1030.37 14073.5 948.719 416.437 1264.13 13047.2 17968.6 6018.08
internal_count=92298 38661 30243 8418 18510 16457 3512 53637 39773 12945 5549 5743 1200 4543 3613 32794 23006 22649 16223 9788 8625 2053 2193 13864 957 372 1163 12804 11094 6979
cat_boundaries=0 1 2 3 4 5 6 7 8 9 10
cat_threshold=1 5250048 4208640 1 24 3808708 36864 3333644 541380 49180
is_linear=0
shrinkage=0.05


Tree=85
num_leaves=31
num_cat=9
split_feature=18 2 3 3 3 3 3 13 3 3 3 17 0 7 19 0 0 4 0 7 13 0 0 3 2 19 0 4 13 3
split_gain=228.504 117.448 115.204 84.3457 45.1019 82.6022 40.9967 35.2912 33.7064 30.1823 41.0379 24.3235 23.7387 23.5269 26.1293 22.6037 20.4386 19.6035 19.2141 15.8693 40.5538 23.0831 15.4121 15.1928 13.8942 17.9372 13.642 13.5792 13.3393 13.0729
threshold=0.1033163294196129 0 44.500000000000007 83.500000000000014 56.500000000000007 73.500000000000014 85.500000000000014 1.0492995977401736 64.500000000000014 47.500000000000007 54.500000000000007 0.6428571641445161 1 28.69999980926514 1.4910158514976504 2 3 4.5000000000000009 4 26.69999980926514 1.0334821343421938 5 6 80.500000000000014 7 0.81640771031379711 8 4.5000000000000009 1.0334821343421938 45.500000000000007
decision_type=2 1 2 2 2 2 2 2 2 2 2 2 1 2 2 1 1 2 1 2 2 1 1 2 1 2 1 2 2 2
left_child=1 3 -3 13 17 8 16 9 11 15 19 -6 28 14 26 -2 -7 22 -9 20 -11 -21 29 -14 25 -17 -1 -26 -12 -4
right_child=7 2 4 -5 5 6 -8 18 -10 10 12 -13 23 -15 -16 24 -18 -19 -20 21 -22 -23 -24 -25 27 -27 -28 -29 -30 -31
leaf_value=0.0018472833476033106 -0.0042723115531871272 -0.024457127398842565 -0.0049722269765804438 -0.024829264962406842 -0.0118195919934969 -0.0048925262831984043 -0.024829264651633737 -0.0053315767457898164 -0.024178337976676297 0.0072196634023827784 0.0036947775941092425 0.07156873249847362 0.00051129493488012907 0.0054752740487597866 0.021946667350675172 0.0073799565450760321 0.0079938418279557766 -0.01268524779716366 -0.00036001636320463521 -0.001213530986026716 0.057981494795653579 0.0049358978445500721 -0.0023221902764375825 -0.0048729035375588356 -0.0029636561383342358 0.00031982153023137701 -0.0066826785320959359 -0.022151206440655984 -0.0042314581950209989 0.01550512810943871
leaf_weight=741.53247764706612 3166.4576523303986 1343.5908894315362 100.71995562314987 334.0329178199172 1060.7491569668055 576.77061656117439 162.57414285093546 2444.0495081841946 921.76184625923634 212.17558026313782 8631.3150623142719 8.8176103830337507 17598.269236832857 1836.3585557937622 105.82365196943283 1057.150660097599 638.8810657709837 214.09719136357307 9367.0059838593006 1742.9962123036385 48.30290162563324 12350.029484093189 460.88716548681259 1415.5886966735125 521.36667996644974 6037.9926152825356 1260.1172460317612 112.02143904566765 565.59419420361519 344.61904454231262
leaf_count=1085 3848 11718 229 2683 5552 1461 1323 2704 6987 151 4802 3 14778 1890 91 607 1233 420 9230 1435 13 7528 928 1902 663 5339 2702 165 411 483
internal_value=-3.59456e-06 -0.00699779 -0.0116124 -0.000705081 -0.00776867 -0.0106583 -0.00124822 0.00107991 -0.0171711 0.00162639 0.00222746 -0.0111321 0.00112005 0.00133818 -0.0022667 -0.000721852 0.00190537 0.000922229 -0.0013936 0.00440401 0.0166329 0.00417799 0.00413701 0.000110381 0.000737381 0.00137176 -0.00354682 -0.00635718 0.00320384 0.0106351
internal_weight=75381.6 10111.3 5833.47 4277.86 4489.88 3369.55 1378.23 65270.3 1991.33 53459.3 42564.3 1069.57 28210.8 3943.83 2107.47 10895 1215.65 1120.32 11811.1 14353.5 260.478 14093 906.226 19013.9 7728.53 7095.14 2001.65 633.388 9196.91 445.339
internal_count=92364 38788 30337 8451 18619 16559 4017 53576 12542 41642 31020 5555 21893 5768 3878 10622 2694 2060 11934 9127 164 8963 1640 16680 6774 5946 3787 828 5213 712
cat_boundaries=0 1 2 3 4 5 6 7 8 9
cat_threshold=1 49180 5799044 3022148 53760 5279744 7194904 1 361339
is_linear=0
shrinkage=0.05


Tree=86
num_leaves=31
num_cat=7
split_feature=18 2 3 3 3 3 3 3 13 0 0 0 2 0 17 4 3 3 3 4 21 21 21 3 7 4 3 21 3 0
split_gain=231.462 119.746 106.404 80.768 41.1392 70.8942 36.0612 32.4154 32.0449 22.428 21.6638 21.3289 21.3157 21.1045 18.4659 17.8248 20.0217 15.4362 17.8017 15.3364 14.9882 17.7457 15.9053 14.0594 13.9742 15.2289 22.901 13.468 19.686 14.0949
threshold=0.1033163294196129 0 44.500000000000007 83.500000000000014 56.500000000000007 73.500000000000014 85.500000000000014 64.500000000000014 0.96922349929809581 1 2 3 4 5 0.6428571641445161 4.5000000000000009 36.500000000000007 46.500000000000007 53.500000000000007 4.5000000000000009 4.3133318424224862 4.3107709884643564 4.3111460208892831 61.500000000000007 31.500000000000004 5.5000000000000009 36.500000000000007 4.320751667022706 55.500000000000007 6
decision_type=2 1 2 2 2 2 2 2 2 1 1 1 1 1 2 2 2 2 2 2 2 2 2 2 2 2 2 2 2 1
left_child=1 3 -3 11 19 7 10 14 13 12 -7 15 24 -2 20 -1 -17 -11 -19 27 21 -6 -23 -24 25 -10 -27 28 -4 -29
right_child=8 2 4 -5 5 6 -8 -9 9 17 -12 -13 -14 -15 -16 16 -18 18 -20 -21 -22 22 23 -25 -26 26 -28 29 -30 -31
leaf_value=-0.0055556857309631185 0.0035689410940489305 -0.024446435026728879 0.011665361458883536 -0.024829265430331871 -0.0095151723125094199 0.0074062606648761312 -0.024829265088886297 -0.024103154649579378 0.00029029845643829924 -0.0049716009786924904 -0.0059095528874760772 0.0047648418787340253 -0.0020730859299166351 0.00086645128631433277 0.053844594188583832 -0.024829265392494901 0.0080691872246878849 0.0019193251763419542 -0.002043863138581261 -0.011874808840406488 -0.01387220422179207 0.083373000667546146 0.046108115961236491 -0.024829265855509788 0.0042942180285180879 -0.021017243679886569 0.0065861497902688949 0.0070607818937395428 0.081874349766324447 -0.0064243217803491128
leaf_weight=1413.8525845706463 14473.24899661541 1306.0636120140553 135.63640585541725 324.48650232702494 68.564297512173653 596.42077486217022 156.18069352209568 895.18015906959772 10571.441595107317 2595.9750025570393 605.66964863240719 1983.5824545174837 4324.100239366293 14457.325450271368 10.804096937179564 50.945383667945862 501.54334881901741 4215.1753982305527 8643.6921180486679 216.14183780550957 944.59636725485325 11.090340673923491 14.801787018775942 13.22617670893669 4372.7599170804024 78.698404282331467 1661.6046603322029 374.0788511633873 10.777516782283781 381.10648083686829
leaf_count=2722 9284 11672 282 2671 332 1155 1303 6953 8131 3800 1532 2314 4718 10826 4 136 575 3895 9716 431 5088 38 52 70 2490 101 677 598 19 739
internal_value=-0.000106677 -0.00718529 -0.0119032 -0.000849349 -0.00820874 -0.0110046 -0.002227 -0.0170928 0.000977375 -8.51821e-06 0.000709579 0.0011206 0.00105486 0.00221997 -0.0111897 -0.00256677 0.0050356 -0.00145377 -0.000744718 8.70595e-05 -0.0118574 0.00581635 0.0326886 0.0126333 0.00186616 0.00100379 0.00533789 0.0029547 0.0168334 0.000263913
internal_weight=75408.8 10014.7 5740.34 4274.41 4434.28 3316.53 1358.27 1958.26 65394 36463.4 1202.09 3949.92 21008.6 28930.6 1063.08 1966.34 552.489 15454.8 12858.9 1117.74 1052.28 107.683 39.1183 28.028 16684.5 12311.7 1740.3 901.599 146.414 755.185
internal_count=92324 38686 30268 8418 18596 16527 3990 12537 53638 33528 2687 5747 16117 20110 5584 3433 711 17411 13611 2069 5580 492 160 122 11399 8909 778 1638 301 1337
cat_boundaries=0 1 2 3 4 5 6 7
cat_threshold=1 1933727 1155775 7486528 1 2122107 7133212
is_linear=0
shrinkage=0.05


Tree=87
num_leaves=31
num_cat=6
split_feature=18 2 3 3 3 3 3 3 3 3 2 3 3 3 2 21 21 3 9 21 4 3 3 0 0 21 4 0 21 3
split_gain=238.244 109.294 106.921 75.3042 45.4386 78.15 36.8241 32.1635 48.7213 29.4573 27.5902 43.7784 34.7401 27.8837 26.5852 25.9793 22.5402 25.117 21.5724 22.2473 20.4542 40.4816 34.5908 25.97 20.4278 20.0478 19.9813 19.5885 19.5184 28.2733
threshold=0.1033163294196129 0 44.500000000000007 83.500000000000014 56.500000000000007 73.500000000000014 85.500000000000014 46.500000000000007 54.500000000000007 64.500000000000014 1 75.500000000000014 81.500000000000014 56.500000000000007 2 4.3348309993743905 4.4617228507995614 39.500000000000007 1.0000000180025095e-35 4.373950958251954 4.5000000000000009 36.500000000000007 80.500000000000014 3 4 4.3080980777740487 1.5000000000000002 5 4.4178998470306405 37.500000000000007
decision_type=2 1 2 2 2 2 2 2 2 2 1 2 2 2 1 2 2 2 2 2 2 2 2 1 1 2 2 1 2 2
left_child=1 3 -3 20 27 9 -7 14 -9 -6 12 13 18 -12 15 -2 17 28 25 -20 22 -22 23 -1 -13 -10 -15 -4 29 -17
right_child=7 2 4 -5 5 6 -8 8 10 -11 11 24 -14 26 -16 16 -18 -19 19 -21 21 -23 -24 -25 -26 -27 -28 -29 -30 -31
leaf_value=-0.0057598938558282853 -0.0046308562846131543 -0.02451600861533065 0.010219793061066573 -0.024829265220526607 -0.011834310391333576 0.0011176765203951763 -0.024829265095964087 0.0035786781014869244 0.012224246773089517 -0.024260428278743917 -0.0024820171457967197 0.0032760574722738843 -0.016873560571988352 -0.0035698617252465335 -0.012052182140929919 -0.010374697118964965 -0.011778499448216526 0.0036955789514801977 0.0050136151681152187 0.00072155996520154248 -0.023815963291545068 0.0098310461143286468 -0.019916094751561031 0.0042102933955469332 -0.003536930796398679 -0.00017544962201604191 -0.017270917863073013 -0.0038799024494312103 0.0026047836273809335 0.0038769824156670105
leaf_weight=1096.3968631327152 3128.9593315422535 1276.9087175875902 353.72710779309273 312.32901804894209 1042.7123527675867 1200.5268431901932 154.31812689453363 19610.712199151516 333.30174040794373 878.98689021915197 1304.4111729264259 2790.1205911338329 263.96153435111046 388.06356936693192 551.76913234591484 1110.3756184279919 340.97616267204285 4468.0349302589893 6215.8879411518574 5870.6518950164318 98.687285602092743 949.21247778832912 234.06475257873535 1584.3180592656136 1802.7788161039352 14829.34756976366 846.7459542453289 753.664883852005 1153.6758622527122 506.85830450057983
leaf_count=1880 3627 11693 526 2636 5545 2664 1320 13349 268 6995 1441 2871 478 591 923 1437 397 3549 3528 3875 242 939 963 1741 2360 11565 1309 1514 1436 561
internal_value=-1.166e-05 -0.00722635 -0.0117835 -0.00119189 -0.00807492 -0.0110342 -0.0018377 0.00108248 0.00158718 -0.017518 0.000459901 -0.00231142 0.0011783 -0.00757988 -0.00134927 -0.000797808 0.000784459 0.00137621 0.00135317 0.00292889 0.000671157 0.0066623 -0.00148273 0.000126764 0.000601294 9.71175e-05 -0.0129651 0.000681123 -0.00236372 -0.00590807
internal_weight=75452.5 9935.85 5660.84 4275.01 4383.94 3276.54 1354.84 65516.6 54256 1921.7 34645.3 7132.12 27513.2 2539.22 11260.6 10708.9 7579.92 7238.94 27249.2 12086.5 3962.68 1047.9 2914.78 2680.71 4592.9 15162.6 1234.81 1107.39 2770.91 1617.23
internal_count=92223 38658 30257 8401 18564 16524 3984 53565 41635 12540 28286 8572 19714 3341 11930 11007 7380 6983 19236 7403 5765 1181 4584 3621 5231 11833 1900 2040 3434 1998
cat_boundaries=0 1 2 3 4 5 6
cat_threshold=1 1 1 6306897 4546681 835864
is_linear=0
shrinkage=0.05


Tree=88
num_leaves=31
num_cat=3
split_feature=18 2 3 3 3 3 3 3 13 3 3 13 2 3 3 3 3 7 21 17 21 21 4 21 21 3 18 21 2 4
split_gain=212.233 99.8815 110.826 74.3172 42.8067 75.8568 37.4149 32.1676 30.312 22.8433 32.1367 20.4083 19.1305 36.6307 24.7199 22.2602 18.8946 18.4456 17.6342 18.5502 17.8985 16.4456 16.4192 16.1474 29.9114 15.6499 14.3454 20.6131 13.8181 21.643
threshold=0.1033163294196129 0 44.500000000000007 83.500000000000014 56.500000000000007 73.500000000000014 85.500000000000014 64.500000000000014 1.0386904478073122 47.500000000000007 54.500000000000007 1.0334821343421938 1 75.500000000000014 81.500000000000014 56.500000000000007 45.500000000000007 28.899999618530277 4.3133318424224862 0.6428571641445161 4.3107709884643564 4.3111460208892831 4.5000000000000009 4.3205077648162851 4.3181328773498544 74.500000000000014 0.59974488615989696 4.3810675144195566 2 4.5000000000000009
decision_type=2 1 2 2 2 2 2 2 2 2 2 2 1 2 2 2 2 2 2 2 2 2 2 2 2 2 2 2 1 2
left_child=1 3 -3 17 16 7 -7 18 9 11 -11 28 14 15 -12 -14 -4 -1 20 -20 -6 -22 -16 24 -18 -17 27 -13 29 -2
right_child=8 2 4 -5 5 6 -8 -9 -10 10 12 26 13 -15 22 25 23 -19 19 -21 21 -23 -24 -25 -26 -27 -28 -29 -30 -31
leaf_value=-0.0023676320803595625 -0.0017780703000809116 -0.02442549713194133 -0.011470165124193733 -0.02482926527576966 -0.0074195987340642897 0.0015322250023807745 -0.024829265292541172 -0.024068938781016645 -0.0010430460211693076 0.0040663586352408286 0.0019470312670626438 0.00069477415718817003 -0.0018688798557321884 0.0015419028122080815 -0.024162638380014673 -0.017066966924276016 0.0075163496457935396 0.0044877229025029009 -0.013941008893498344 0.050607944541787866 0.084227128920329838 0.013790913345077375 0.0063236761874452332 0.0017508687454457399 0.068960382332754228 -0.003384695528980491 0.0028818383689547412 0.042673025205408562 -0.0069263153466024591 0.0035665465939416479
leaf_weight=2143.6553490161896 6836.9557757675648 1238.3352625966072 243.27985662221909 305.40928110480309 66.055258437991142 1208.2018010020256 151.47513964027166 854.89600776135921 13978.682265430689 13946.748560070992 21380.850825756788 48.973440140485764 1014.7913320064545 3473.4904427528381 150.00897534191608 631.25634136795998 81.927643686532974 1809.5310420691967 913.8286090195179 11.267648696899412 11.920438200235365 27.18785947561264 62.594410717487335 782.53932425379753 26.122285962104797 312.43340846896172 156.97678649425507 72.590129554271698 857.40060269832611 2620.1047008931637
leaf_count=3898 7122 11620 588 2642 326 2654 1328 6967 13781 8711 14080 57 1074 3813 334 1026 157 1857 5034 4 38 119 43 1288 49 405 104 52 1199 1756
internal_value=-7.43226e-06 -0.00684054 -0.0112189 -0.00106556 -0.00748394 -0.0104063 -0.00140458 -0.0168989 0.00102213 0.00158197 0.00211707 -0.000487722 0.00111112 -0.00154122 0.00177834 -0.00700933 0.00087917 0.000770337 -0.0109493 -0.0131548 0.00845223 0.0352603 -0.0151869 0.0042526 0.0223711 -0.0125371 0.0128672 0.0257615 -0.000848371 -0.000297329
internal_weight=75419.5 9875.63 5617.04 4258.6 4378.7 3244.83 1359.68 1885.16 65543.9 51565.2 40972.2 10593 27025.4 5431.97 21593.5 1958.48 1133.87 3953.19 1030.26 925.096 105.164 39.1083 212.603 890.589 108.05 943.69 278.54 121.564 10314.5 9457.06
internal_count=92126 38569 30172 8397 18552 16470 3982 12488 53557 39776 29486 10290 20775 6318 14457 2505 2082 5755 5521 5038 483 157 377 1494 206 1431 213 109 10077 8878
cat_boundaries=0 1 2 3
cat_threshold=1 1 1
is_linear=0
shrinkage=0.05


Tree=89
num_leaves=31
num_cat=8
split_feature=18 2 3 3 3 3 3 2 9 3 0 3 0 0 4 3 3 3 3 3 4 4 3 3 0 0 3 3 0 17
split_gain=212.214 101.779 106.408 72.505 36.6224 73.749 35.4924 34.4414 36.8515 59.1891 35.3249 31.5615 27.4661 25.5228 20.9567 20.7406 28.2932 30.5173 23.2254 29.1682 22.4445 17.9023 38.793 32.778 23.6717 17.2578 17.2393 17.1699 16.2152 16.1815
threshold=0.1033163294196129 0 44.500000000000007 83.500000000000014 56.500000000000007 73.500000000000014 85.500000000000014 1 1.0000000180025095e-35 37.500000000000007 2 64.500000000000014 3 4 4.5000000000000009 47.500000000000007 52.500000000000007 76.500000000000014 56.500000000000007 74.500000000000014 4.5000000000000009 4.5000000000000009 36.500000000000007 80.500000000000014 5 6 57.500000000000007 80.500000000000014 7 0.21428572386503222
decision_type=2 1 2 2 2 2 2 1 2 2 1 2 1 1 2 2 2 2 2 2 2 2 2 2 1 1 2 2 1 2
left_child=1 3 -3 21 -4 11 28 8 10 14 27 -6 -11 -9 -10 20 -17 18 -18 -20 -15 23 -23 24 -1 -24 -14 -2 -7 -27
right_child=7 2 4 -5 5 6 -8 13 9 12 -12 -13 26 15 -16 16 17 -19 19 -21 -22 22 25 -25 -26 29 -28 -29 -30 -31
leaf_value=-0.007695670080692993 0.0018014399052149904 -0.024458481083402574 3.7074075260186895e-05 -0.024829264982951335 -0.010996716485329294 0.009613527577433674 -0.024829266244381493 -0.0079649959059350812 -0.0037486753187653248 0.0013115766097245986 -0.0021014160307892826 -0.024057249158266 0.0065866476469334566 -0.003867771882863167 -0.018796213611696432 0.0032849359364858391 -0.0017135629417606491 0.0015277911830759675 -0.016992219756769809 -0.003443746903125339 -0.022967187805501686 -0.024296136651287426 0.0013758885006024228 -0.019676807737275162 0.0030811982734372505 0.027428978288422858 0.0030535218761322223 -0.012798544042221575 -0.0027010008507424442 0.0091980530381444228
leaf_weight=678.6057805120945 18054.347355782986 1213.645950846374 1128.030936062336 297.8032288774848 1026.5642497688532 380.45302778482437 146.76401120424271 1258.8538291156292 766.10759246349335 8256.69218942523 9645.4799792915583 841.95165538042784 7504.1588383615017 846.79081404209137 331.50719490647316 4325.2162669897079 2528.5842226147652 3737.1396289765835 708.17504361271858 904.81791350245476 187.96211314201355 93.786078006029129 405.88356105983257 223.19446988403797 1949.7772974073887 184.65986204147339 6394.626179754734 203.64531394839287 839.51501166820526 357.06604582071304
leaf_count=1312 12432 11675 2073 2641 5564 625 1319 1690 994 5124 10169 7029 4260 1159 441 3703 2544 4179 1191 1088 302 235 437 949 2273 248 3941 381 2065 253
internal_value=-6.2555e-05 -0.00693867 -0.0113631 -0.00105085 -0.00772057 -0.0104254 -0.00159867 0.00096044 0.00157008 0.00304015 0.000345021 -0.0168818 0.00360163 -0.00119077 -0.00829341 -0.000540193 3.56696e-05 -0.0017481 -0.00470408 -0.00939212 -0.00733717 0.000768138 0.00637886 -0.0012809 0.00028123 0.0094148 0.00495754 0.0016377 0.00119601 0.0151331
internal_weight=75421.8 9767.7 5576.92 4190.78 4363.28 3235.25 1366.73 65654.1 51156.6 23253.1 27903.5 1868.52 22155.5 14497.5 1097.61 13238.7 12203.9 7878.72 4141.58 1612.99 1034.75 3892.97 1041.4 2851.58 2628.38 947.609 13898.8 18258 1219.97 541.726
internal_count=92296 38698 30350 8348 18675 16602 4009 53598 37742 14760 22982 12593 13325 15856 1435 14166 12705 9002 4823 2279 1461 5707 1173 4534 3585 938 8201 12813 2690 501
cat_boundaries=0 1 2 3 4 5 6 7 8
cat_threshold=1 1 1433821 6615044 1085440 4208640 3316232 106555
is_linear=0
shrinkage=0.05


Tree=90
num_leaves=31
num_cat=7
split_feature=18 2 3 3 3 3 3 3 17 3 7 9 0 21 7 2 4 3 0 0 4 7 19 4 6 0 4 19 17 21
split_gain=197.727 94.0084 108.106 70.4812 39.1754 67.5408 34.4398 33.469 32.036 21.6565 23.3157 29.4699 21.3397 21.1359 20.1374 20.005 29.7158 21.7409 18.5404 18.4734 18.2005 17.9928 22.8508 17.6775 18.3246 16.5239 16.2642 20.8653 15.9936 16.4482
threshold=0.1033163294196129 0 44.500000000000007 83.500000000000014 56.500000000000007 73.500000000000014 85.500000000000014 64.500000000000014 0.92857143282890331 80.500000000000014 23.69999980926514 1.0000000180025095e-35 1 4.3253991603851327 32.100000381469734 2 4.5000000000000009 37.500000000000007 3 4 4.5000000000000009 28.899999618530277 1.4481241106987002 2.5000000000000004 5 6 4.5000000000000009 1.0921350717544558 0.6428571641445161 4.3133318424224862
decision_type=2 1 2 2 2 2 2 2 2 2 2 2 1 2 2 1 2 2 1 1 2 2 2 2 1 1 2 2 2 2
left_child=1 3 -3 21 20 7 19 28 9 10 -2 12 -12 14 -10 17 -17 -13 -19 -7 -4 22 25 24 -15 -1 -20 -28 29 -6
right_child=8 2 4 -5 5 6 -8 -9 13 -11 11 15 -14 23 -16 16 -18 18 26 -21 -22 -23 -24 -25 -26 -27 27 -29 -30 -31
leaf_value=0.0015678702099999288 -0.0096131613730148693 -0.024406131834071254 0.0037613296959353331 -0.024829265087036392 0.0074878988858857569 0.0074745296086094308 -0.024829264679235925 -0.024024854186958818 -0.00069271316217721878 -0.0053232471859885454 0.0010646525558517046 -0.0073184457192297728 -0.002110799772567503 0.0081651527050020725 0.0064943614558740414 0.0018623682190081004 -0.0085163748595692753 -0.00076261797107210049 0.0035165429924504154 -0.0048484321940146713 -0.012694562078967797 0.0043558147402675117 0.015651204110511734 0.0044294037890723935 0.00040698396610515554 -0.0076543018773457885 0.017427721186989164 0.0056846614814786795 0.04767819665748748 -0.013274870290149468
leaf_weight=823.35908813774586 584.90663048624992 1181.6623396575451 911.13879024982452 291.38810968399048 106.75441664457321 578.11334128677845 143.17061317712069 808.04498224705458 7629.5073090493679 1804.5712852776051 9418.7892264127731 465.42653048038483 12050.598619818687 850.6999124288559 1117.3674228191376 2358.4169263541698 974.68932449817657 1888.8225586116314 6538.8857089281082 620.51889072358608 206.02069911360741 1792.0115337967873 161.80642482638359 11471.813702583313 6611.3600791692734 1174.7648427337408 507.60837024450302 1484.5680306553841 11.722931623458861 895.76304139196873
leaf_count=1246 768 11644 1640 2649 496 1091 1319 6911 5961 2621 8104 677 13579 540 784 2691 1146 1924 4749 1562 413 1828 135 4667 4309 2543 309 712 4 5067
internal_value=-1.95114e-05 -0.00668115 -0.0110179 -0.0010979 -0.00732269 -0.0101647 -0.00165149 -0.0164332 0.000963782 2.2823e-05 0.000288791 0.000451079 -0.000718191 0.00225815 0.000225398 0.00221664 -0.00117265 0.00325445 0.00372671 0.00111698 0.00072662 0.000651879 -0.00242114 0.00319722 0.00130293 -0.00388462 0.00471604 0.0086768 -0.010385 -0.0110639
internal_weight=75464.3 9706.24 5462.91 4243.33 4281.25 3164.09 1341.8 1822.29 65758 38077.3 36272.7 35687.8 21469.4 27680.7 8746.87 14218.4 3333.11 10885.3 10419.9 1198.63 1117.16 3951.94 2159.93 18933.9 7462.06 1998.12 8531.06 1992.18 1014.24 1002.52
internal_count=92089 38548 30147 8401 18503 16450 3972 12478 53541 37280 34659 33891 21683 16261 6745 12208 3837 8371 7694 2653 2053 5752 3924 9516 4849 3789 5770 1021 5567 5563
cat_boundaries=0 1 2 3 4 5 6 7
cat_threshold=1 352413 1 4224000 5611707 8 296827
is_linear=0
shrinkage=0.05


Tree=91
num_leaves=31
num_cat=7
split_feature=18 2 3 3 3 3 3 3 3 19 2 21 3 0 5 21 3 0 0 7 19 2 21 7 3 5 21 7 0 5
split_gain=190.502 89.7058 108.927 69.1613 39.9486 73.1671 38.3614 32.8358 41.0327 31.9041 27.262 22.7787 22.3624 21.7893 19.7762 18.6162 20.9727 18.4683 18.0299 17.9049 19.88 17.8123 24.9721 24.2877 18.8672 23.6876 17.877 16.2203 16.0712 15.845
threshold=0.1033163294196129 0 44.500000000000007 83.500000000000014 56.500000000000007 74.500000000000014 85.500000000000014 46.500000000000007 54.500000000000007 0.98414596915245067 1 4.3348309993743905 64.500000000000014 2 1.0000000180025095e-35 4.4617228507995614 39.500000000000007 3 4 28.899999618530277 1.4481241106987002 5 4.3139855861663827 26.69999980926514 48.500000000000007 1.0000000180025095e-35 4.3119153976440439 29.60000038146973 6 1.0000000180025095e-35
decision_type=2 1 2 2 2 2 2 2 2 2 1 2 2 1 2 2 2 1 1 2 2 1 2 2 2 2 2 2 1 2
left_child=1 3 -3 19 14 12 18 10 21 13 11 -2 -6 -10 28 16 -13 27 -7 20 -1 26 -23 -24 25 -25 -9 -11 -4 -18
right_child=7 2 4 -5 5 6 -8 8 9 17 -12 15 -14 -15 -16 -17 29 -19 -20 -21 -22 22 23 24 -26 -27 -28 -29 -30 -31
leaf_value=-0.0039009693468656614 -0.0045507498309337131 -0.024397655883268698 0.013966912632077624 -0.024829264878430447 -0.01073617671500357 -0.0044837374160249018 -0.024829264745329191 -0.0030926573737904404 0.00062385758310806976 0.0061678224065438688 -0.012472127644563806 -0.0023746867548940544 -0.021435002226482758 -0.0026937030204748011 -0.01320889635249453 -0.010942030904927593 0.00086949049119838221 0.00017586909785989699 0.008544900159311036 0.0042369392941969388 0.014057943180544076 0.010778019843887734 0.017753071991872777 -0.0024260690043487135 0.0011436689357368676 -0.019978703179508409 0.0048382289806448899 0.0017239107009714373 -0.00031461608215726237 0.0069703563257662374
leaf_weight=1973.4048261344433 3109.2019728720188 1158.4552602693439 273.489078104496 286.54277417808771 996.94259080290794 461.76425167918205 140.92076331377029 754.48755115270615 11021.978072583675 3801.9700936079025 538.15052250027657 2774.489854156971 957.49800783395767 8970.9461824893951 202.23110130429268 338.4403213262558 2860.0606518685818 6346.6262299120426 602.69824935495853 1830.3043337464333 167.15008030831814 622.06371575593948 192.56810581684113 1015.4801030755043 4791.5264174342155 237.08592402935028 12200.221502840519 4464.6260215044022 652.79931929707527 1694.9887263178825
leaf_count=3778 3627 11702 370 2671 5507 1126 1331 534 8352 2591 919 3457 7421 9645 410 404 2706 5277 1095 1845 139 571 140 1070 4286 298 6460 2351 1288 876
internal_value=-3.94666e-06 -0.00654337 -0.0107935 -0.00110588 -0.00711846 -0.0100025 -0.000314241 0.000961444 0.00147101 0.000432143 -0.00148925 -0.00094083 -0.0159776 -0.000865787 0.000956732 0.000522915 0.00105231 0.00220789 0.00293122 0.000606036 -0.00249861 0.0032855 0.00122514 0.000272309 -0.000284637 -0.00574843 0.00437633 0.0037632 0.00404943 0.0031397
internal_weight=75439.1 9704.2 5446.8 4257.4 4288.34 3159.82 1205.38 65734.9 54419.6 34606.1 11315.3 10777.2 1954.44 19992.9 1128.52 7667.98 7329.54 14613.2 1064.46 3970.86 2140.55 19813.4 6858.72 6236.66 6044.09 1252.57 12954.7 8266.6 926.288 4555.05
internal_count=92247 38683 30250 8433 18548 16480 3552 53564 41575 28216 11989 11070 12928 17997 2068 7443 7039 10219 2221 5762 3917 13359 6365 5794 5654 1368 6994 4942 1658 3582
cat_boundaries=0 1 2 3 4 5 6 7
cat_threshold=1 1 1900789 968028 2759764 1 311576
is_linear=0
shrinkage=0.05


Tree=92
num_leaves=31
num_cat=9
split_feature=18 2 3 3 3 3 3 3 3 3 13 2 3 2 3 3 0 0 17 0 7 0 3 0 4 4 17 0 19 19
split_gain=176.873 92.0242 107.462 68.3248 36.3767 67.0231 39.2268 33.3345 32.7388 29.8312 25.8053 24.19 24.0747 21.4568 34.5774 22.3432 19.5374 19.1429 18.273 17.8984 37.878 17.667 17.3249 15.9306 15.2524 15.0438 14.7694 14.7456 13.6268 13.3317
threshold=0.1033163294196129 0 44.500000000000007 83.500000000000014 56.500000000000007 74.500000000000014 83.500000000000014 80.500000000000014 46.500000000000007 53.500000000000007 0.93142634630203258 1 64.500000000000014 2 75.500000000000014 56.500000000000007 3 4 0.6428571641445161 5 25.69999980926514 6 46.500000000000007 7 3.5000000000000004 4.5000000000000009 1.0000000180025095e-35 8 0.78945922851562511 0.91955339908599865
decision_type=2 1 2 2 2 2 2 2 2 2 2 1 2 1 2 2 1 1 2 1 2 1 2 1 2 2 2 1 2 2
left_child=1 3 -3 21 22 12 17 8 11 23 19 16 18 -12 15 -15 -2 24 29 20 -11 25 -4 -10 -7 -1 -9 -24 -18 -6
right_child=7 2 4 -5 5 6 -8 26 9 10 13 -13 -14 14 -16 -17 28 -19 -20 -21 -22 -23 27 -25 -26 -27 -28 -29 -30 -31
leaf_value=-0.0079932831503416475 0.00097072300910484822 -0.024431329437979706 -0.0077114773544223279 -0.024829264917670017 -0.0056322059820176308 0.041770019290265296 -0.01309557860298536 -0.0085421541822229934 0.00068073748627115436 0.060876344087798399 0.00063292605405301122 -0.011657625488257876 -0.021408299484559076 -0.0035517195132678883 0.0013598634942581171 -0.013579594563652595 0.003811859601952826 0.0021645516156781576 0.054877398154305979 0.0026286353038644833 0.0086760885345571158 0.0029114295775833116 -0.0017081336975171984 0.0041484836661609637 0.0083861920626362319 0.0043491417211385767 -0.00045879046542430992 0.012386999486822233 -0.0043847323978559909 -0.017360472996423956
leaf_weight=840.46181723475456 6265.1304928064346 1130.8370136618614 408.93134465813637 279.14083676785231 536.54050685465336 63.814500033855438 409.07859747111797 1307.7825794667006 4443.0882316827774 38.503897964954376 21506.39724779129 542.83294814825058 935.40840872377157 1468.6844252347946 2207.022640645504 893.35948860645294 581.33191603422165 641.93791472911835 10.664102196693419 8040.4440881609917 356.65942049026489 2814.3089534044266 385.66803324222565 13189.724200546741 73.76083904504776 349.57357574999332 995.05652883648872 348.66825294494629 3969.2763268351555 441.83850522339344
leaf_count=1777 5382 11703 970 2667 3010 99 2129 2025 3750 9 15805 941 7406 1688 2475 1486 513 1212 3 4882 276 3553 684 8049 82 462 1095 438 5232 2532
internal_value=-6.77278e-05 -0.00638166 -0.0107309 -0.000911825 -0.0070909 -0.00989211 -0.000556846 0.000860157 0.00107446 0.00160432 0.000749483 -0.001358 -0.0156578 -2.81723e-05 -0.00313993 -0.00734441 -0.000841075 0.00602332 -0.0102192 0.00315331 0.0134227 0.000755448 0.000536624 0.00327743 0.0222538 -0.00433129 -0.00504933 0.00512976 -0.00333031 -0.0109287
internal_weight=75475.9 9670.63 5387.15 4283.49 4256.31 3113.04 1188.59 65805.3 63502.5 52143.9 34511.1 11358.6 1924.45 26075.5 4569.07 2362.04 10815.7 779.513 989.043 8435.61 395.163 4004.34 1143.27 17632.8 137.575 1190.04 2302.84 734.336 4550.61 978.379
internal_count=92335 38727 30268 8459 18565 16473 3522 53608 50488 38420 26621 12068 12951 21454 5649 3174 11127 1393 5545 5167 285 5792 2092 11799 181 2239 3120 1122 5745 5542
cat_boundaries=0 1 2 3 4 5 6 7 8 9
cat_threshold=1 1 1 1540435 270395 16392 6305792 5412936 5453411
is_linear=0
shrinkage=0.05


Tree=93
num_leaves=31
num_cat=5
split_feature=2 3 3 4 4 3 3 3 3 3 9 3 0 0 3 4 0 3 21 7 16 3 21 0 7 21 21 21 3 3
split_gain=130.627 208.228 88.7639 57.168 46.4223 43.3154 74.9119 74.8846 47.7148 40.049 42.083 37.4714 30.9269 29.3015 26.7282 33.3622 23.9243 22.4733 24.1101 33.1751 20.08 19.7175 18.0063 29.0712 53.9165 20.0403 21.4667 18.3209 17.7642 44.6987
threshold=0 44.500000000000007 81.500000000000014 4.5000000000000009 4.5000000000000009 53.500000000000007 74.500000000000014 61.500000000000007 83.500000000000014 40.500000000000007 1.0000000180025095e-35 48.500000000000007 1 2 76.500000000000014 4.5000000000000009 3 46.500000000000007 4.4395930767059335 29.10000038146973 0.93750000000000011 83.500000000000014 4.4228515625000009 4 31.10000038146973 4.3142030239105233 4.3101520538330087 4.3455877304077157 57.500000000000007 75.500000000000014
decision_type=1 2 2 2 2 2 2 2 2 2 2 2 1 1 2 2 1 2 2 2 2 2 2 1 2 2 2 2 2 2
left_child=2 -2 9 -4 5 17 7 -7 -8 13 14 -6 -12 -1 16 -16 -11 -3 22 -20 28 -5 25 24 -24 26 -19 -27 -13 -30
right_child=1 4 3 21 11 6 8 -9 -10 10 12 20 -14 -15 15 -17 -18 18 19 -21 -22 -23 23 -25 -26 27 -28 -29 29 -31
leaf_value=0.00064065444614302709 -0.024561000152579483 -0.006113472860984394 -0.024551832170901657 0.013617559150475071 -0.021554881873737913 -0.0037958799666800783 0.0024547354835684734 -0.01842802428165553 -0.011970124981535844 -0.0018295047930646216 0.0011526841229173781 -0.0030284529352731689 0.0049619424879777559 -0.0064677378860522041 -0.0076261603850503222 0.0070111573742675992 0.0018572402759265986 0.0020846431755845562 0.01393120647008475 -0.0076618295351917748 0.00081968761855087549 -0.024829265173104104 0.08331181395070307 0.0057313084290281594 0.011472517977295718 -0.0018946916087630968 0.021598028857295636 0.0055794326903910382 -0.024829264971173354 -0.0045119483178397788
leaf_weight=3240.8266198337078 1118.2962414249778 742.6882991194725 540.6713837608695 170.3651752024889 427.56142777204514 2719.486151650548 4493.4759173095226 1288.812652990222 657.12013342231512 5753.0292835235596 8907.6639378964901 871.52715836465359 13329.448901861906 2614.960973918438 1871.7551546692848 491.51357799768448 18626.696111083031 263.80412209033966 221.87552574276924 897.04719617962837 838.24084657430649 41.464653700590134 42.074667990207672 295.89388629794121 68.867140352725983 1447.5961349606514 302.62371021509171 1890.9063555002213 446.91394998133183 686.60640975832939
leaf_count=3556 11680 1471 3435 207 738 5436 5550 8408 2248 6284 5749 1024 7471 4481 2001 333 12192 249 179 873 760 405 26 282 61 1412 281 1749 2498 1119
internal_value=-0.000110043 -0.00360615 0.00113029 -0.0159256 -0.00234648 -0.00119285 -0.00337471 -0.00850064 0.000614392 0.00136434 0.00183156 -0.00775419 0.00343879 -0.00254362 0.000495124 -0.00458189 0.000987268 0.00204419 0.00315982 -0.00338006 -0.0056789 0.00609178 0.00485695 0.0148673 0.0355162 0.00381401 0.01251 0.0023386 -0.00839574 -0.0125225
internal_weight=75309.8 19721.4 55588.4 752.501 18603.1 15332.3 9158.89 4008.3 5150.6 54835.9 48980.1 3270.85 22237.1 5855.79 26743 2363.27 24379.7 6173.38 5430.69 1118.92 2843.29 211.83 4311.77 406.836 110.942 3904.93 566.428 3338.5 2005.05 1133.52
internal_count=92158 46044 46114 4047 34364 28225 21642 13844 7798 42067 34030 6139 13220 8037 20810 2334 18476 6583 5112 1052 5401 612 4060 369 87 3691 530 3161 4641 3617
cat_boundaries=0 1 2 3 4 5
cat_threshold=1 6616068 2457971 6429472 4767872
is_linear=0
shrinkage=0.05


Tree=94
num_leaves=31
num_cat=9
split_feature=18 2 3 3 3 3 3 3 13 0 3 3 3 0 0 21 21 0 17 2 4 3 3 0 0 21 0 21 21 3
split_gain=166.58 88.9182 103.367 64.8295 35.9133 62.3942 33.0969 31.9032 28.8292 23.6368 20.7494 18.3207 18.2998 18.6244 18.169 17.9565 16.932 16.6562 15.1412 15.0815 14.8925 36.1925 30.608 17.8655 16.064 14.1967 14.0985 21.1473 18.1317 19.1566
threshold=0.1033163294196129 0 44.500000000000007 83.500000000000014 56.500000000000007 73.500000000000014 64.500000000000014 85.500000000000014 1.0492995977401736 1 81.500000000000014 46.500000000000007 53.500000000000007 2 3 4.3133318424224862 4.3541185855865487 4 0.6428571641445161 5 4.5000000000000009 36.500000000000007 80.500000000000014 6 7 4.3892645835876474 8 4.3107709884643564 4.3111460208892831 61.500000000000007
decision_type=2 1 2 2 2 2 2 2 2 1 2 2 2 1 1 2 2 1 2 1 2 2 2 1 1 2 1 2 2 2
left_child=1 3 -3 20 17 6 15 -7 9 -2 11 16 -13 -14 -10 26 -11 -4 -17 -12 22 -22 23 -1 25 -23 -6 -28 -29 -30
right_child=8 2 4 -5 5 7 -8 -9 14 10 19 12 13 -15 -16 18 -18 -19 -20 -21 21 24 -24 -25 -26 -27 27 28 29 -31
leaf_value=-0.003943135003683965 -0.0021483757082917123 -0.024457354898325751 0.00900034371369666 -0.024829265258051861 -0.010200773792651443 0.00080323632710599131 -0.024033945270390988 -0.02482926534745707 -0.0038724262841243911 -0.0034679417602447716 -0.017326828509824956 0.0037188526224146063 0.0039041870684889193 0.00073528975407508251 0.00013695423592941709 -0.013222736288530249 0.0012536332949026074 -0.0037476751174423967 0.041556096192044152 -0.0023700944510287834 -0.024285321030694328 0.04353878886974543 -0.019273534432590719 0.0042025032073361368 0.0046735004706907899 0.013962723229156628 0.0045995766171734497 0.13497548447868057 0.092211371861393387 -0.024829264920276421
leaf_weight=1285.0361054837704 4595.1233014166355 1075.5305985584855 375.70628109574318 265.27860456705093 47.989072307944298 1201.5994589179754 754.41347255557775 135.03455652296543 4659.0387383550406 2888.3978135287762 206.59954126179218 13263.57144844532 5970.7742890119553 20704.16043227911 7163.6248680651188 852.96819983422756 5541.9454282522202 753.61851924657822 12.804027557373045 914.99371469020844 91.921195298433304 51.924835994839668 215.99318839609623 1391.8537227511406 747.49822525680065 185.60533511638641 33.980270192027092 6.8833999037742641 7.2624348998069745 6.7414205968379974
leaf_count=2154 5479 11690 544 2663 223 2667 7034 1339 5248 3105 390 7809 2937 15701 6675 5054 5179 1534 4 1137 238 65 961 1452 760 122 177 21 25 38
internal_value=-0.000101741 -0.00629173 -0.0106305 -0.000898371 -0.0070804 -0.00989304 -0.0161818 -0.00178631 0.000790449 0.00127936 0.00159774 0.00175396 0.00220104 0.00144634 -0.00144621 -0.0100661 -0.000364069 0.000539876 -0.0124126 -0.00512515 0.000700779 0.00571998 -0.00116775 0.000293173 0.00852003 0.0196029 0.00968481 0.0244757 0.0685291 0.0358683
internal_weight=75407.9 9499.64 5264.53 4235.11 4189 3059.68 1723.04 1336.63 65908.2 54085.6 49490.4 48368.8 39938.5 26674.9 11822.7 968.629 8430.34 1129.32 865.772 1121.59 3969.83 1076.95 2892.88 2676.89 985.028 237.53 102.857 54.8675 20.8873 14.0039
internal_count=92425 38765 30350 8415 18660 16582 12576 4006 53660 41737 36258 34731 26447 18638 11923 5542 8284 2078 5058 1527 5752 1185 4567 3606 947 187 484 261 84 63
cat_boundaries=0 1 2 3 4 5 6 7 8 9
cat_threshold=1 5249024 16408 193120 835864 1 6307649 336179 5948264
is_linear=0
shrinkage=0.05


Tree=95
num_leaves=31
num_cat=7
split_feature=18 2 3 3 3 3 3 3 3 3 3 21 2 3 19 3 2 7 4 3 3 21 21 3 0 0 21 0 0 7
split_gain=158.746 84.5155 104.593 64.218 37.1863 65.584 32.7555 32.1218 26.236 27.9883 29.3826 24.9812 21.6788 49.7826 21.5095 38.5143 21.2081 20.4028 28.8918 29.0064 21.6335 23.3245 18.788 18.2907 17.7177 17.7007 17.6603 16.6206 16.6124 16.4748
threshold=0.1033163294196129 0 44.500000000000007 83.500000000000014 56.500000000000007 73.500000000000014 64.500000000000014 85.500000000000014 80.500000000000014 46.500000000000007 54.500000000000007 4.3080980777740487 1 76.500000000000014 1.2765365242958071 74.500000000000014 2 25.69999980926514 4.5000000000000009 35.500000000000007 36.500000000000007 4.3348309993743905 4.4354026317596444 42.500000000000007 3 4 4.3133318424224862 5 6 32.899999618530281
decision_type=2 1 2 2 2 2 2 2 2 2 2 2 1 2 2 2 1 2 2 2 2 2 2 2 1 1 2 1 1 2
left_child=1 3 -3 27 29 6 26 -7 9 16 22 -12 14 -14 24 -16 17 -2 20 -20 28 -22 -11 -23 -13 -15 -6 -1 -19 -4
right_child=8 2 4 -5 5 7 -8 -9 -10 10 11 12 13 25 15 -17 -18 18 19 -21 21 23 -24 -25 -26 -27 -28 -29 -30 -31
leaf_value=-0.0041152649000565766 -0.0060096588473004765 -0.024354409801838936 0.00010231245258657594 -0.024829265606867244 0.0092379408290668898 0.001283038153889136 -0.024079079116392843 -0.024829265220971539 -0.0043595127987201693 0.0037780795915109845 0.013070335610255232 -0.0031422475687962236 -0.0066799049722396329 0.0071136190619523866 0.0019314946710521073 0.013245244815727409 -0.010871629854484021 -0.0093074867451601248 -0.024209225097572631 0.006343254048220278 -0.0074342006611051951 -0.0042684769553872591 -0.00038634941783704082 0.0027342315360870829 0.00098988121315593861 -0.0016994555241726956 -0.012428927552245582 0.0029418543454094639 0.0060209314086251582 0.039488928275918871
leaf_weight=1182.3478022813797 1530.318935751915 1052.9506588205695 1097.0023819506168 259.89815302193165 105.67347280681133 1198.6686732172966 733.15161675214767 130.60677735507488 2269.2018545717001 16771.916584193707 401.0596330165863 2996.3281983137131 2978.0664100944996 1246.8775072693825 3916.1817715764046 931.06910598278046 533.75803589820862 196.05194640159607 80.639963179826736 2120.4574311077595 1810.8584758043289 1743.6101957559586 3229.9747164845467 2004.4626631736755 18923.557475090027 1040.5184860527515 854.81542924046516 2771.6052747517824 1302.7401806116104 27.208475708961487
leaf_count=2221 1845 11728 2030 2675 495 2678 7002 1328 3116 10757 323 3437 3914 1070 1701 385 947 354 112 1314 2064 2111 2553 1715 12917 1311 5077 3517 1563 36
internal_value=5.75418e-05 -0.00601672 -0.0102814 -0.000753902 -0.00670829 -0.00959563 -0.0161202 -0.0012826 0.000923582 0.00111161 0.00159842 0.000668937 0.000513668 -0.00241908 0.00109058 0.00410466 -0.00114275 -0.000661444 0.000222521 0.00522393 -0.00133727 -0.00277467 0.00310559 -0.000523441 0.00042406 0.00312829 -0.0100451 0.000828601 0.00399394 0.00105556
internal_weight=75441.6 9413.93 5200.08 4213.85 4147.13 3022.92 1693.64 1329.28 66027.6 63758.4 52435.5 32433.7 32032.6 5265.46 26767.1 4847.25 11322.9 10789.1 9258.82 2201.1 7057.72 5558.93 20001.9 3748.07 21919.9 2287.4 960.489 3953.95 1498.79 1124.21
internal_count=92296 38787 30374 8413 18646 16580 12574 4006 53509 50393 38368 25058 24735 6295 18440 2086 12025 11078 9233 1426 7807 5890 13310 3826 16354 2381 5572 5738 1917 2066
cat_boundaries=0 1 2 3 4 5 6 7
cat_threshold=1 1 1 6304256 352313 4339712 4725792
is_linear=0
shrinkage=0.05


Tree=96
num_leaves=31
num_cat=10
split_feature=18 2 17 13 0 4 0 19 0 6 21 2 4 21 19 21 19 0 21 21 0 21 0 18 13 21 0 17 21 21
split_gain=155.154 84.1705 33.2513 30.6244 22.9134 21.4877 17.4796 17.3129 16.664 13.9692 16.3104 12.7154 18.6779 15.6555 13.8404 22.9074 11.7292 12.6736 11.0514 11.9133 15.1698 12.9655 11.6354 16.4144 24.1337 11.9481 11.026 10.9544 10.0838 9.82666
threshold=0.1033163294196129 0 0.35714286565780645 1.0386904478073122 1 4.5000000000000009 2 1.2397086620330813 3 4 4.4112560749053964 5 1.5000000000000002 4.3185729980468759 0.64574182033538829 4.4249255657196054 0.73144462704658519 6 4.4617228507995614 4.3253991603851327 7 4.378577947616578 8 0.68239793181419384 1.0334821343421938 4.4192326068878183 9 0.92857143282890331 4.3665392398834237 4.3084647655487069
decision_type=2 1 2 2 1 2 1 2 1 1 2 1 2 2 2 2 2 1 2 2 1 2 1 2 2 2 1 2 2 2
left_child=1 7 5 4 -2 29 -5 16 27 10 28 14 13 -13 15 -6 -1 -18 19 20 -16 -21 23 24 -23 -26 -14 -4 -9 -3
right_child=3 2 8 6 11 -7 -8 9 -10 -11 -12 12 26 -15 18 -17 17 -19 -20 21 -22 22 -24 -25 25 -27 -28 -29 -30 -31
leaf_value=0.0065258507721453031 -0.001643272490487112 0.0042671270072814948 0.030419799877917847 -0.0076693713306140304 0.0056439134396499505 -0.019010650316853294 -0.00084192498790359007 0.035026193757803241 -0.0039638260003378679 -0.00047107086208655999 0.058629297036097032 0.011465990269937089 0.00090102890085034116 0.0017208994128693469 0.0028259692215908349 0.040361938533899175 -0.008112402289153435 -0.0012350205982972369 -0.0057822194505815381 0.0042230240842967247 -0.0011764928717020746 0.0051986312390688242 0.00038686361440403827 0.0016593606900244643 0.043328777443854508 0.014760740029920906 -0.0032397157496298389 0.0021496247826895873 0.0076247167002412124 -0.0105629302902074
leaf_weight=326.90040118247271 5870.6320805549622 115.13454832881689 75.114393472671509 1000.9790153950453 1481.6307979822159 824.93857358396053 13028.056316673756 37.590556152164936 311.02332571148872 445.62871059775352 18.572091072797775 483.53427383303642 2813.4536478817463 2790.9431488215923 4092.2358042299747 49.086376011371613 976.92516865581274 2123.9226419404149 462.01390618085861 8118.1210130751133 5589.694227963686 2344.4865690916777 7855.9295473396778 6136.5961636304855 58.687131464481354 97.246766343712807 3737.1042584776878 63.012228965759277 314.29117212444544 3746.5824466273189
leaf_count=543 6783 768 27 1050 645 5645 12761 76 329 555 14 462 2715 2785 2603 13 2510 4413 405 3846 4832 1641 6464 2604 24 38 3903 17 319 23490
internal_value=-0.000117124 -0.00613451 -0.0104401 0.000737906 0.00129739 -0.0116856 -0.00133513 -0.000923976 0.0025558 0.00562109 0.0126215 0.00167178 7.64977e-05 0.00315993 0.00210419 0.00675724 -0.00248223 -0.00343189 0.00189925 0.00200274 0.000516921 0.00258726 0.00178211 0.0030472 0.00646547 0.0255126 -0.00146484 0.0163402 0.0105519 -0.0101208
internal_weight=75390.1 9379.64 5135.81 66010.4 51981.4 4686.66 14029 4243.83 449.15 816.083 370.454 46110.8 9825.04 3274.48 36285.7 1530.72 3427.75 3100.85 34755 34293 9681.93 24611.1 16492.9 8637.02 2500.42 155.934 6550.56 138.127 351.882 3861.72
internal_count=92280 38706 30276 53574 39763 29903 13811 8430 373 964 409 32980 9865 3247 23115 658 7466 6923 22457 22052 7435 14617 10771 4307 1703 62 6618 44 395 24258
cat_boundaries=0 1 2 3 4 5 6 7 8 9 10
cat_threshold=1 7346176 36864 32776 6 1 4225041 82197 295001 811022
is_linear=0
shrinkage=0.05


Tree=97
num_leaves=31
num_cat=8
split_feature=18 2 17 7 13 7 0 19 6 4 0 21 7 0 19 0 7 21 19 21 6 4 2 7 7 21 16 19 21 19
split_gain=144.626 82.032 28.4302 26.7274 25.2892 20.7455 32.4836 19.3509 19.2341 18.4936 17.8408 13.494 12.4171 12.21 11.8668 14.4849 11.9198 27.0027 13.588 11.4548 11.0342 15.9575 11.4437 18.6929 16.8889 12.2334 12.6402 16.983 18.5275 13.7624
threshold=0.1033163294196129 0 0.35714286565780645 27.400000572204593 1.0386904478073122 32.100000381469734 1 1.4481241106987002 2 4.5000000000000009 3 4.4249255657196054 30.10000038146973 4 0.98968088626861583 5 26.10000038146973 4.3773367404937753 1.0077143907546999 4.4271981716156015 6 5.5000000000000009 7 27.800000190734867 22.000000000000004 4.3577458858489999 0.81250000000000011 1.023426949977875 4.4497880935668954 1.3673683404922488
decision_type=2 1 2 2 2 2 1 2 1 2 1 2 2 1 2 1 2 2 2 2 1 2 1 2 2 2 2 2 2 2
left_child=1 3 9 7 5 6 8 14 -2 -3 -7 -12 -8 -6 -1 16 -16 18 -18 -14 21 -10 24 25 -22 -24 -27 28 -28 -29
right_child=4 2 -4 -5 13 10 12 -9 20 -11 11 -13 19 -15 15 -17 17 -19 -20 -21 22 -23 23 -25 -26 26 27 29 -30 -31
leaf_value=-0.013469259086310387 0.0053724056305958934 -0.0098866890811286443 0.0018968668162792632 0.0023483378626420067 -0.0064716772321490954 0.0058899427150950522 -0.0026658275289711711 0.014152995707890168 -0.0011554422459364407 -0.018229717115321325 0.0029019069130766986 -0.0029675020158090085 0.0012018327557924732 -0.00072028662912291348 -0.0038748999123612233 -0.0085194997873396603 0.018096665831288706 0.00029299213166967939 0.071172152764212432 -0.0054426998373991765 -0.015719149317343303 0.0088331255720822521 -0.0021916543326773968 -0.0032853970671071473 0.0026447330801592471 0.0033536009263911079 0.039926644454701059 -0.0040741368887452596 -0.0035102543659320412 0.026240737843274294
leaf_weight=514.96451156586409 3208.3084582090378 3841.3724251464009 445.25709682703018 2630.842755407095 984.04631172120571 4049.2938798367977 7180.7452677637339 112.87185227870941 6124.9085325449705 803.08527931571007 4065.8216598629951 1289.9234038591385 5376.2618980109692 13018.270436525345 200.43556325882673 639.8127027451992 23.295941948890686 103.49388407170773 24.999631002545357 737.62421223521233 126.23330144584179 427.7771036028862 609.60496407747269 2432.2465987503529 15330.859228461981 816.0986844599247 97.288417875766754 122.86120063066483 32.834544003009796 53.847657322883606
leaf_count=2664 2020 24286 368 2859 1042 2653 8314 229 5145 5619 2658 998 4495 12766 676 1813 43 127 32 763 153 205 612 2328 8398 816 76 92 22 46
internal_value=-6.63499e-05 -0.0058901 -0.0101723 -0.000762736 0.000756778 0.00126393 0.000795478 -0.00581544 0.00172304 -0.0113293 0.00338965 0.00148549 -0.0012549 -0.00112962 -0.00731104 -0.00411433 0.00401549 0.0146992 0.0455706 0.000400187 0.00127384 -0.000502594 0.00186703 -0.000458242 0.00249476 0.0035107 0.00660634 0.0152578 0.028966 0.00516357
internal_weight=75425.3 9340.43 5089.71 4250.72 66084.9 52082.5 42677.5 1619.87 29382.9 4644.46 9405.04 5355.75 13294.6 14002.3 1507 992.038 352.225 151.789 48.2956 6113.89 26174.6 6552.69 19621.9 4164.78 15457.1 1732.54 1122.93 306.832 130.123 176.709
internal_count=92318 38716 30273 8443 53602 39794 33485 5584 19913 29905 6309 3656 13572 13808 5355 2691 878 202 75 5258 17893 5350 12543 3992 8551 1664 1052 236 98 138
cat_boundaries=0 1 2 3 4 5 6 7 8
cat_threshold=1 508283 8 3679900 36864 2556699 1 1
is_linear=0
shrinkage=0.05


Tree=98
num_leaves=31
num_cat=13
split_feature=18 2 3 3 3 3 3 3 3 19 3 3 0 0 0 5 0 0 2 2 7 0 3 5 0 18 6 0 18 0
split_gain=146.052 74.3957 103.891 60.6506 36.3925 63.3532 33.2892 24.1936 31.1169 26.8098 22.8627 20.9191 20.7784 20.3201 15.8472 15.345 14.5551 14.5064 14.0509 13.8286 18.051 20.0887 19.1858 16.6703 15.7127 20.1016 14.4652 15.6433 13.9443 13.7383
threshold=0.1033163294196129 0 44.500000000000007 83.500000000000014 56.500000000000007 74.500000000000014 85.500000000000014 46.500000000000007 54.500000000000007 0.98414596915245067 64.500000000000014 81.500000000000014 1 2 3 1.0000000180025095e-35 4 5 6 7 29.10000038146973 8 48.500000000000007 1.0000000180025095e-35 9 0.69005101919174205 10 11 0.33248299360275274 12
decision_type=2 1 2 2 2 2 2 2 2 2 2 2 1 1 1 2 1 1 1 1 2 1 2 2 1 2 1 1 2 1
left_child=1 3 -3 16 15 10 17 13 19 11 -6 12 -10 18 -11 29 -1 -7 -2 26 24 -22 23 -23 -21 -26 27 -9 -24 -4
right_child=7 2 4 -5 5 6 -8 8 9 14 -12 -13 -14 -15 -16 -17 -18 -19 -20 20 21 22 28 -25 25 -27 -28 -29 -30 -31
leaf_value=-0.0046314352676266749 0.0011179523895984676 -0.024379500666506862 0.010244538274709699 -0.024829265199490701 -0.0098366301297560469 -0.0047851122728410486 -0.02482926509930514 0.0067158262866419439 -0.0046341308705503716 0.0034092604076514446 -0.021180990029002505 -0.0085462688584626856 0.00015810381571981568 -0.0036619653171673198 0.0001059242433409036 -0.011397049303864086 0.0023179961995521115 0.0072213357162825122 -0.010498167156884335 -0.0018867119577052104 -0.0082007855537729463 -0.0022429651000911871 0.0086446161048374572 -0.018994506698420406 0.016828110162190671 0.0017756308401552616 0.0012125517121346027 0.0025732061759172718 0.0010613727425875311 -0.0018779201114123734
leaf_weight=999.9249584376812 6000.6434024572372 1000.5215608105063 439.00441521406174 250.14466088265181 930.45684330165386 401.50617283582687 123.38600882142782 5093.7510203123093 2606.8824542462826 8356.1695452183485 849.71655928343534 841.36848796904087 16676.362325757742 4981.1086109280586 6426.6181393563747 197.28688350319862 2958.9290385991335 643.60062146186829 272.13546118140221 406.18265241384506 678.47500884532928 850.07282757759094 746.85095137357712 179.95603096485138 494.51027143001556 402.1816121339798 3906.7118437290192 4197.5873808264732 3219.3104001879692 486.62852495908737
leaf_count=1903 4975 11687 669 2669 5563 1027 1315 2611 3247 4972 7465 1287 13509 6551 5298 425 3837 1195 459 398 844 875 824 223 479 235 2151 2245 2542 1002
internal_value=8.74137e-06 -0.00586601 -0.00994393 -0.000951852 -0.00639664 -0.00931378 -0.00026771 0.00083067 0.00126227 0.000358803 -0.0152515 -0.000828804 -0.000492075 -0.00128185 0.00197556 0.00126343 0.000556869 0.00263204 0.000613027 0.00282544 0.00102512 -0.000193451 0.000908529 -0.00516962 0.0063326 0.00996568 0.00377723 0.00484908 0.00248934 0.00396184
internal_weight=75618 9281.11 5072.11 4209 4071.59 2948.67 1168.49 66336.9 55083 34907.4 1780.17 20124.6 19283.2 11253.9 14782.8 1122.92 3958.85 1045.11 6272.78 20175.6 6977.54 5674.67 4996.19 1030.03 1302.87 896.692 13198.1 9291.34 3966.16 925.633
internal_count=92482 38757 30348 8409 18661 16565 3537 53725 41740 28313 13028 18043 16756 11985 10270 2096 5740 2222 5434 13427 6420 5308 4464 1098 1112 714 7007 4856 3366 1671
cat_boundaries=0 1 2 3 4 5 6 7 8 9 10 11 12 13
cat_threshold=1 2103040 491859 3065116 6297600 2759760 1 1 1085504 546252 13 3760881 5097752
is_linear=0
shrinkage=0.05


Tree=99
num_leaves=31
num_cat=7
split_feature=18 17 3 3 0 3 3 21 21 0 4 19 21 21 4 0 0 21 0 21 4 21 19 7 18 7 17 0 0 3
split_gain=138.26 68.1564 40.4029 36.885 21.9868 20.4725 42.6287 19.487 33.5126 25.0061 16.8451 21.2717 16.5703 21.6864 16.4952 15.3425 14.4984 13.5312 24.851 70.0228 29.713 43.6779 33.9766 28.8032 28.6863 16.2313 16.2284 15.5375 13.5128 12.7286
threshold=0.1033163294196129 1.0000000180025095e-35 44.500000000000007 83.500000000000014 0 60.500000000000007 73.500000000000014 4.3541185855865487 4.3670930862426767 1 1.5000000000000002 1.1024996042251589 4.4037587642669687 4.3857433795928964 3.5000000000000004 2 3 4.436152696609498 4 4.4149835109710702 1.5000000000000002 4.3787388801574716 1.1865218281745913 26.400000572204593 0.7461734712123872 27.400000572204593 2.2142857313156132 5 6 80.500000000000014
decision_type=2 2 2 2 1 2 2 2 2 1 2 2 2 2 2 1 1 2 1 2 2 2 2 2 2 2 2 1 1 2
left_child=1 2 -1 5 12 14 -7 9 -9 -6 11 -11 13 29 28 -8 -3 18 19 20 21 -10 -23 -21 26 27 -25 -19 -4 -2
right_child=4 16 3 -5 7 6 15 8 17 10 -12 -13 -14 -15 -16 -17 -18 25 -20 23 -22 22 -24 24 -26 -27 -28 -29 -30 -31
leaf_value=-0.015027788653756894 0.0019451943124940048 0.0045174401843888169 -0.0010634449181784751 -0.018266721037164309 -0.0061962317754671228 -0.012583588319727071 0.0076313211971123082 0.0092417165863415904 0.034522951304973841 0.00048358912212527846 -0.0019936619301185224 0.0112527380142339 -0.00010739950931970976 0.0061261137800128311 -0.0070893855834011817 -0.0041456810644772196 -0.0026652236062870288 0.010905137333883501 -9.5945278570896917e-05 0.046914596908292479 -0.0039818841171655349 -0.0037197812343170936 0.037499958927381387 0.026125435783182206 8.325292923801143e-05 -0.0039700205328185509 0.0082808527486588155 -0.001789236550100712 0.011236073490196641 -0.0047336861000586809
leaf_weight=1790.5466524809599 20590.518360048532 1308.6588499993086 505.37428830564022 556.18673013150692 2525.7273565530777 1527.0695329979062 419.69934314489365 1102.1108893156052 133.94613581895828 2534.2855146825314 7046.014865398407 559.83587899804115 10207.562950953841 3202.9974504113197 476.3279206007719 765.89515188336372 1494.6124382168055 394.32444965839386 10609.208971560001 72.480067640542984 1415.0458460748196 371.87076705694199 57.757818758487701 385.63664458692074 254.89193588495255 3185.637884914875 190.27416276931763 595.39389730989933 392.00073646008968 738.96850255131721
leaf_count=13456 12171 1068 1503 4659 2649 10389 1027 774 33 2902 7668 616 6753 1597 1594 1982 1928 535 10680 35 1053 322 33 251 144 3685 27 723 1202 936
internal_value=-8.1504e-05 -0.00581206 -0.00864733 -0.00618651 0.000718344 -0.0045423 -0.00706075 -0.000239919 0.000782689 -0.00175543 -0.000642566 0.00243211 0.00158504 0.00228988 0.000430927 5.27667e-05 0.000694486 0.000254978 0.00102479 0.00513311 -0.000115078 0.00959385 0.00182166 0.016686 0.0140488 -0.00223239 0.0202298 0.00336057 0.00442272 0.0017138
internal_weight=75410.9 9236.37 6433.1 4642.55 66174.5 4086.37 2712.66 31434.4 18768.6 12665.9 10140.1 3094.12 34740 24532.5 1373.7 1185.59 2803.27 17666.5 13491.1 2881.9 1978.62 563.575 429.629 903.283 830.803 4175.36 575.911 989.718 897.375 21329.5
internal_count=92395 38808 35812 22356 53587 17697 13398 32130 18295 13835 11186 3518 21457 14704 4299 3009 2996 17521 12578 1898 1441 388 355 457 422 4943 278 1258 2705 13107
cat_boundaries=0 1 2 3 4 5 6 7
cat_threshold=852255 1085440 860527 4506259 1081344 6322688 5396322
is_linear=0
shrinkage=0.05


Tree=100
num_leaves=31
num_cat=8
split_feature=18 2 7 17 13 4 2 0 0 21 19 0 7 19 19 7 8 0 4 4 18 0 4 19 19 21 19 4 17 0
split_gain=121.109 75.2397 27.939 25.9779 24.7006 18.5465 18.0319 21.8006 16.3471 16.0507 16.0332 17.9182 15.532 14.9362 14.661 14.3084 14.2713 14.2135 12.7951 12.3799 12.272 12.0095 11.8996 11.7517 25.1532 12.2108 11.2427 11.0542 11.0402 12.437
threshold=0.1033163294196129 0 28.899999618530277 0.35714286565780645 0.96922349929809581 4.5000000000000009 1 2 3 4.3133318424224862 1.2462514638900759 4 25.69999980926514 1.0775208473205569 1.4481241106987002 31.500000000000004 3.4000000059604649 5 1.5000000000000002 4.5000000000000009 0.7461734712123872 6 3.5000000000000004 0.98968088626861583 1.0000777840614321 4.3084647655487069 0.73144462704658519 2.5000000000000004 0.6428571641445161 7
decision_type=2 1 2 2 2 2 1 1 1 2 2 1 2 2 2 2 2 1 2 2 2 1 2 2 2 2 2 2 2 1
left_child=1 2 10 5 8 23 7 15 -2 -8 12 14 -1 22 -12 -6 -14 -17 21 -11 -19 -10 -5 25 -25 -3 -4 -20 -29 -30
right_child=4 3 26 13 6 -7 9 -9 18 19 11 -13 16 -15 -16 17 -18 20 27 -21 -22 -23 -24 24 -26 -27 -28 28 29 -31
leaf_value=-0.013114493999579169 -0.0029934571285788916 0.02398175592164687 0.01536126842479359 0.020593914999130141 0.00074373737489549145 -0.017840368574932933 0.004486305280450879 -0.0011348891381630507 0.0060745487010402145 -0.0019343982781272534 0.0049129437375464982 -0.0039060816073611762 -0.0040551572321518067 -0.0070360528056247727 0.035731460891087787 0.0072622657461864932 0.026160517126397321 0.006093324959375316 -0.00077259580507718271 -0.0070273950701367563 -0.0013364517372518876 0.0022215657332083517 -0.0028909283454815692 -0.02064323494102574 -0.0078295707593394534 -0.007263746941008716 0.0027198369383669139 0.00031187621256157061 0.012836838209398772 0.0027628834339697263
leaf_weight=546.3188200071454 1684.3862400054932 31.755123503506184 196.56370040774345 132.09114795923233 11752.628542497754 765.49995697289705 796.50505241751671 12541.429583266377 3229.0271679162979 5752.381117194891 85.736738666892052 226.49807488173246 1395.968481823802 236.0450667142868 70.177493833005428 1946.8493857979774 40.20413339138031 895.78524553775787 4657.7520087212324 1505.4598096311092 1464.2775793075562 5503.630734115839 91.164613395929337 597.22452781349421 1067.6662480905652 2040.9303879439831 1671.5608288645744 5703.7983141243458 309.87095922231674 8519.5384505987167
leaf_count=3282 1903 134 182 78 8994 5559 972 12083 1959 6953 117 368 2678 200 107 1252 32 579 3525 1861 736 4243 96 6245 6282 11591 1657 4810 153 3556
internal_value=-4.02168e-05 -0.0054174 -0.000520427 -0.00959463 0.000705978 -0.01075 -0.000161629 0.000426871 0.00178009 -0.00225139 -0.00413075 0.00524299 -0.00593889 0.00173285 0.0176523 0.00164618 -0.0032093 0.00411258 0.00206837 -0.00299081 0.00147733 0.00365576 0.0110041 -0.00929781 -0.012426 -0.00678504 0.00404997 0.00134712 0.00202647 0.0031341
internal_weight=75458.7 9195.41 4233.03 4962.38 66263.3 4503.08 36655.3 28601 29608 8054.35 2364.9 382.412 1982.49 459.301 155.914 16059.5 1436.17 4306.91 27923.6 7257.84 2360.06 8732.66 223.256 3737.58 1664.89 2072.69 1868.12 19191 14533.2 8829.41
internal_count=92187 38608 8423 30185 53579 29811 33430 23644 20149 9786 6584 592 5992 374 224 11561 2710 2567 18246 8814 1315 6202 174 24252 12527 11725 1839 12044 8519 3709
cat_boundaries=0 1 2 3 4 5 6 7 8
cat_threshold=1 1 4161941 5771264 5005777 3670164 76080 16392
is_linear=0
shrinkage=0.05


Tree=101
num_leaves=31
num_cat=10
split_feature=18 2 7 13 17 0 4 2 19 7 9 0 0 0 0 7 4 0 21 18 7 0 19 0 19 7 21 4 4 4
split_gain=116.708 76.49 25.6402 24.7104 22.0631 23.9188 21.8535 19.9343 18.2477 18.1513 20.2113 20.7546 18.4406 17.6428 14.6636 14.5951 13.7852 13.2677 13.0614 20.8064 11.8099 11.136 10.4338 15.9207 15.4891 12.0625 11.2848 11.0632 10.2463 16.803
threshold=0.12882652878761294 0 27.400000572204593 0.96922349929809581 1.0000000180025095e-35 1 4.5000000000000009 2 1.4481241106987002 23.69999980926514 1.0000000180025095e-35 3 4 5 6 31.500000000000004 4.5000000000000009 7 4.4192326068878183 0.057397959753870971 28.400000572204593 8 0.98414596915245067 9 1.0637500286102297 26.69999980926514 4.3787388801574716 4.5000000000000009 1.0000000180025095e-35 1.5000000000000002
decision_type=2 1 2 2 2 1 2 1 2 2 2 1 1 1 1 2 2 1 2 2 2 1 2 1 2 2 2 2 2 2
left_child=1 2 8 14 6 -6 15 9 22 -5 12 -12 -11 -9 28 18 -13 -17 -3 -20 -21 -4 27 24 25 -24 -27 -1 -2 -30
right_child=3 4 21 7 5 -7 -8 13 -10 10 11 16 -14 -15 -16 17 -18 -19 19 20 -22 -23 23 -25 -26 26 -28 -29 29 -31
leaf_value=-0.016269282272914163 -0.0048877586778846415 -0.0092300415284810398 0.0066918623478337824 -0.010101666206572716 0.0094828668661429919 -0.007669830911886482 -0.019163533592635562 -0.0053922828888978832 0.013372513948754564 -0.0030491203308657022 -0.0017180330793479461 0.0016272437078926451 0.00059689033586867531 -0.00054543117948866295 0.0023200847580788502 0.0065868524765520468 0.0054680228944054615 -0.0080776352378888333 -0.021361314446685636 -0.011476142238661138 0.028024889335588901 3.8764996789954719e-05 0.0070919805822050267 -0.0074538333506738233 -0.0068422686771671655 0.058244833383497632 0.011357822074165559 0.003187975391006655 0.0059170209180699944 -0.0010147432586087785
leaf_weight=403.03818047046661 1063.1092498600483 2141.1322055086493 1028.9315117895603 404.00339540839195 278.47792522609234 683.3965572565794 697.17384885251522 3045.9421027600765 121.72208039462566 5230.9335789084435 2815.3921026587486 5871.9009640514851 10247.087121784687 4892.3680804669857 23393.812372893095 238.22585515677929 3879.8852059543133 401.79829705506563 504.62072484195232 41.188866704702377 35.001979112625122 1604.4540704488754 97.114004738628864 784.12660368531942 116.7510092407465 28.287998795509338 23.489041849970818 89.230771392583847 1120.460531026125 3978.6647968888283
leaf_count=2403 1015 14716 1041 563 244 1252 5505 3975 235 6138 2285 4898 7914 5624 14706 1371 1625 2254 4942 111 92 1837 269 2201 350 34 35 227 967 3321
internal_value=-6.50162e-05 -0.00530288 -0.000406074 0.000675121 -0.00949372 -0.002685 -0.0111072 -0.000197189 -0.00526514 0.000421003 0.000572587 0.00206221 -0.000636895 -0.00241266 0.00174905 -0.00943649 0.00315212 -0.0026426 -0.011034 -0.0176841 0.00667058 0.00266386 -0.00673632 -0.0039199 0.00654582 0.0174836 0.0369742 -0.0127424 -0.00042185 0.000508414
internal_weight=75261.7 9318.16 4297.15 65943.6 5021.02 961.874 4059.14 36387.5 1663.76 28449.2 28045.2 12567.2 15478 7938.31 29556 3361.97 9751.79 640.024 2721.94 580.812 76.1908 2633.39 1542.04 1049.77 265.642 148.891 51.777 492.269 6162.23 5099.13
internal_count=92150 39119 8632 53031 30487 1496 28991 33022 5754 23423 22860 8808 14052 9599 20009 23486 6523 3625 19861 5145 203 2878 5519 2889 688 338 69 2630 5303 4288
cat_boundaries=0 1 2 3 4 5 6 7 8 9 10
cat_threshold=1 4243464 1 4517888 6307680 3381552 6001664 634256 1655997 2425115
is_linear=0
shrinkage=0.05


Tree=102
num_leaves=31
num_cat=7
split_feature=18 2 3 3 3 3 3 0 13 3 3 0 3 3 2 4 3 7 3 19 21 0 21 3 4 18 0 21 13 0
split_gain=121.407 63.507 101.979 56.8262 38.34 63.8112 31.8258 24.761 23.7088 22.8604 16.904 17.9286 16.4311 15.6196 19.0669 30.127 27.8642 19.8716 19.795 32.0303 17.5222 20.17 16.6552 18.2928 18.3294 16.4466 21.4177 30.1916 17.9918 16.0005
threshold=0.1033163294196129 0 44.500000000000007 83.500000000000014 56.500000000000007 74.500000000000014 85.500000000000014 1 1.0701970458030703 61.500000000000007 45.500000000000007 2 81.500000000000014 41.500000000000007 3 4.5000000000000009 48.500000000000007 28.400000572204593 67.500000000000014 0.98414596915245067 4.4332523345947275 4 4.3253991603851327 46.500000000000007 5.5000000000000009 0.69770407676696788 5 4.4276964664459237 1.0334821343421938 6
decision_type=2 1 2 2 2 2 2 1 2 2 2 1 2 2 1 2 2 2 2 2 2 1 2 2 2 2 1 2 2 1
left_child=1 3 -3 -1 10 9 -7 -2 12 -6 -4 -12 13 -9 18 17 -17 -16 20 -20 22 -22 23 24 -15 26 27 28 -24 -19
right_child=7 2 4 -5 5 6 -8 8 -10 -11 11 -13 -14 14 15 16 -18 29 19 -21 21 -23 25 -25 -26 -27 -28 -29 -30 -31
leaf_value=0.00043197077889320411 -0.0039363272355356482 -0.024292138416409047 -0.0099772911201319644 -0.024829265145568047 -0.0069520205582430704 0.0030813464535207557 -0.024829265621300223 -0.0014174058082947563 -0.0021073655914940399 -0.019131457051269372 0.012639244008135934 -0.0016417191439239141 -0.0044911784300392327 -0.0069910419220273815 0.0044032747892002273 -0.020369903835944472 -0.0034215299130109706 -0.0039402253776213954 -0.0022317480631651554 0.0032516280564096052 0.0026183567150064096 -0.0045615644529384183 0.0069288590006565884 0.0022607553605993175 0.015124731336524467 0.0029624881044208258 0.0049180665157026885 0.051991909208237132 0.023569820262816971 0.0012792779471962987
leaf_weight=3928.9447389990091 2823.4115949273109 930.87799138575792 232.29235255718231 236.00063849240541 581.74513002485037 1015.7427019476891 113.55461893230677 4880.0053847134113 6154.855119779706 1140.7895425707102 410.30742648243904 462.16262617707253 1258.7221389114857 955.81268304586411 2876.930986225605 280.30919119715691 1798.4153635203838 2287.7739997804165 5940.9181674420834 4827.1256446242332 2376.3011880517006 1647.7259114384651 620.31371361017227 6507.9315695762634 103.8694589138031 11436.845912516117 5146.7076368927956 48.163803696632385 220.04547911882401 4059.4837752282619
leaf_count=5750 3520 11661 603 2686 3312 2189 1291 5905 6171 9814 563 918 1742 940 2880 420 1796 2718 4796 2731 1564 1394 333 4404 77 4555 3698 19 77 3877
internal_value=-0.000104843 -0.00553608 -0.00940207 -0.000999421 -0.00589884 -0.00896227 0.000274841 0.000637263 0.000841337 -0.0150181 0.00200908 0.00520042 0.00115837 0.00128532 0.00154325 -0.000269225 -0.00570696 0.0009562 0.00205757 0.000226354 0.00273603 -0.000326448 0.00322819 0.00126879 -0.00482327 0.00407686 0.0061886 0.0133426 0.0112862 -0.000606206
internal_weight=75304.1 9052.42 4887.47 4164.95 3956.59 2851.83 1129.3 66251.7 63428.3 1722.53 1104.76 872.47 57273.4 56014.7 51134.7 11302.9 2078.72 9224.19 39831.8 10768 29063.7 4024.03 25039.7 7567.61 1059.68 17472.1 6035.23 888.523 840.359 6347.26
internal_count=92404 38787 30351 8436 18690 16606 3480 53617 50097 13126 2084 1481 43926 42184 36279 11691 2216 9475 24588 7527 17061 2958 14103 5421 1017 8682 4127 429 410 6595
cat_boundaries=0 1 2 3 4 5 6 7
cat_threshold=1 4198400 4516126 1 3490646 1081346 1149794
is_linear=0
shrinkage=0.05


Tree=103
num_leaves=31
num_cat=9
split_feature=18 2 7 0 0 21 19 19 0 13 13 21 21 21 0 21 0 21 13 4 21 19 0 2 8 19 7 20 7 6
split_gain=112.702 64.5258 30.1204 22.7459 22.38 20.0007 32.7603 19.3404 18.7686 15.0728 13.5447 13.2621 12.5814 19.2348 21.0873 18.5831 19.3179 29.5299 40.3097 24.746 34.3738 16.0285 14.9893 14.4493 13.9261 11.9534 11.4709 10.842 9.94995 11.6595
threshold=0.1033163294196129 0 28.69999980926514 1 2 4.4178998470306405 0.68664982914924633 1.4481241106987002 3 1.0386904478073122 1.0980769395828249 4.3133318424224862 4.4381103515625009 4.3541185855865487 4 4.3670930862426767 5 4.4164822101593026 1.0334821343421938 1.5000000000000002 4.3787388801574716 1.1865218281745913 6 7 3.4000000059604649 0.75939869880676281 26.10000038146973 1.5000000000000002 32.500000000000007 8
decision_type=2 1 2 1 1 2 2 2 1 2 2 2 2 2 1 2 1 2 2 2 2 2 1 1 2 2 2 2 2 1
left_child=1 2 7 -2 5 27 -7 26 -9 12 -8 28 13 14 -5 -15 17 19 25 20 -17 -22 -14 -21 -16 -19 -1 -3 29 -6
right_child=3 4 -4 9 11 6 10 8 -10 -11 -12 -13 22 15 24 16 -18 18 -20 23 21 -23 -24 -25 -26 -27 -28 -29 -30 -31
leaf_value=-0.010359886834854311 0.0016773504875521737 0.019463951472788992 0.0039380424732680299 -0.0047572629421328318 0.0053180054624031433 0.10800233124567007 0.0048449979560239694 -0.0085168960238744037 0.022085632387519982 -0.0019581420131591864 0.072017025990025171 -0.011493135561289634 0.002057919056914416 0.0081673882391356274 0.00085640409688453832 0.030236853870307487 0.0002820058499004348 -0.015488324559868583 0.02916620371928651 0.00038180119145277721 -0.0010070763866140038 0.024791930754773407 -0.0048166580571050365 -0.012484363003639766 -0.01319688598995594 0.0079667430628206342 -0.0028524289022873947 -0.0095091464372738833 0.023010528100962199 -0.013642261046740746
leaf_weight=874.26008944958448 31102.922989323735 34.994071699678898 1896.2497501075268 2495.8931314945221 157.4543841406703 8.2811619341373426 242.63450172543526 78.784936286509037 116.78899400681257 8888.938182875514 7.7442306056618682 3771.7089982405305 1222.8659020513296 1162.2390741109848 7494.4513932168484 157.0838850736618 8428.373834758997 58.880580902099609 253.72499400377274 1275.2336418330669 379.89792194962502 71.542007744312286 2231.0020045787096 263.26656728982925 180.53056275844574 701.30486166477203 1217.190667539835 417.75132890790701 37.625580728054047 150.74836463481188
leaf_count=4156 18904 166 1868 2710 887 6 896 119 160 9729 14 24222 1458 745 7584 35 7796 52 72 766 344 40 2414 319 192 463 2124 2566 171 1341
internal_value=-2.04186e-05 -0.00526693 -0.000721356 0.000692012 -0.00920473 -0.000919969 0.0101588 -0.00458462 0.0104515 -0.000177453 0.00692263 -0.0106081 0.00042258 0.000846468 -0.000775288 0.00214001 0.00153555 0.00486176 0.0119097 0.00155609 0.0100913 0.00308142 -0.00239065 -0.00181984 0.000525159 0.00615002 -0.00599067 -0.00726973 -0.00126266 -0.00422594
internal_weight=75380.4 9012.22 4183.27 66368.2 4828.94 711.405 258.66 2287.02 195.574 35265.2 250.379 4117.54 26376.3 22922.4 10170.9 12751.5 11589.3 3160.93 1013.91 2147.02 608.524 451.44 3453.87 1538.5 7674.98 760.185 2091.45 452.745 345.828 308.203
internal_count=92319 38696 8427 53623 30269 3648 916 6559 279 34719 910 26621 24990 21118 10486 10632 9887 2091 587 1504 419 384 3872 1085 7776 515 6280 2732 2399 2228
cat_boundaries=0 1 2 3 4 5 6 7 8 9
cat_threshold=1 328093 32792 2169894 5279744 1082368 4223072 1 6
is_linear=0
shrinkage=0.05


Tree=104
num_leaves=31
num_cat=3
split_feature=18 2 3 3 3 3 3 3 3 3 2 3 3 5 2 5 3 3 5 3 19 3 3 7 19 7 21 21 21 3
split_gain=109.407 67.9131 99.3428 56.3081 37.3091 68.6225 29.8185 28.267 22.0064 32.8155 24.7504 28.5082 28.0096 20.8009 18.6246 21.8021 18.1363 28.3334 17.1274 15.7191 15.6603 23.9977 15.5441 15.0822 14.4738 14.191 16.319 25.5692 18.9232 16.0975
threshold=0.1033163294196129 0 44.500000000000007 83.500000000000014 56.500000000000007 73.500000000000014 85.500000000000014 64.500000000000014 47.500000000000007 53.500000000000007 1 76.500000000000014 80.500000000000014 1.0000000180025095e-35 2 1.0000000180025095e-35 56.500000000000007 74.500000000000014 1.0000000180025095e-35 84.500000000000014 0.99191448092460643 65.500000000000014 46.500000000000007 29.60000038146973 0.74819689989089977 23.69999980926514 4.4368870258331308 4.3414282798767099 4.4310560226440439 42.500000000000007
decision_type=2 1 2 2 2 2 2 2 2 2 1 2 2 2 1 2 2 2 2 2 2 2 2 2 2 2 2 2 2 2
left_child=1 3 -3 -1 22 7 -7 -6 14 -10 12 16 20 -14 25 -16 -12 -18 -19 -13 21 -11 -4 -22 -23 -2 27 -27 -29 -30
right_child=8 2 4 -5 5 6 -8 -9 9 10 11 19 13 -15 15 -17 17 18 -20 -21 23 24 -24 -25 -26 26 -28 28 29 -31
leaf_value=0.00080915207661912028 -0.0079940783979620521 -0.024273448164454196 -0.0060512044331426703 -0.02482926515663704 -0.010277200591078544 0.0020191689718602984 -0.024829265600416355 -0.024120539332498473 0.0030217907299797033 0.002040226365767703 -0.0021033972216216354 0.0011801408056962663 -0.016433822426022125 0.0040102108135644417 -0.0042060906756331926 -0.022950103803244047 -0.016416170769339936 -0.00044445196619257663 -0.018152576142440133 -0.018268828587755241 0.0049523117080066958 -0.0072648029444695467 0.0065105254618239052 0.0012477943055916245 -0.00093739238539282009 -0.0025372498285350089 -0.0043621377989546536 0.0021544376394213739 0.0094166755702436173 0.041236759162736197
leaf_weight=3956.9525140970945 614.78379210829735 899.57643392682076 380.76349291205406 226.40843649208546 879.60027328878641 1167.6658586412668 113.46518663316965 634.94201386719942 15837.819630503654 8643.632110953331 1933.9195321202278 3944.7267656624317 393.07039456069469 182.04214352369308 928.56703308224678 186.25329625606537 754.77579352259636 797.62759819626808 164.7523218691349 106.70021811127663 4257.6657518148422 1033.3365075588226 697.19674205780029 7746.2721606492996 7209.5645895600319 3846.6688049733639 1961.6822233498096 5699.7366472184658 159.14294803142548 52.977306425571442
leaf_count=5734 815 11667 959 2665 5545 2695 1335 6911 10220 6142 2115 4424 829 128 1328 338 1325 985 210 187 2489 858 1100 4140 5888 4101 2212 4641 192 24
internal_value=-4.15279e-05 -0.00522913 -0.00930512 -0.000578429 -0.00582902 -0.00887604 -0.000358701 -0.0160807 0.000657631 0.00111596 0.000303856 -0.00221973 0.000963538 -0.00996261 -0.00114864 -0.00733766 -0.00542402 -0.00916383 -0.00347595 0.000667924 0.00118104 0.000199555 0.0020734 0.00256175 -0.0017306 -0.000589281 -0.000200863 0.000635647 0.00270016 0.0173638
internal_weight=75412.3 8956.57 4773.21 4183.36 3873.63 2795.67 1281.13 1514.54 66455.7 53005.9 37168.1 7702.5 29465.6 575.113 13449.8 1114.82 3651.08 1717.16 962.38 4051.43 28890.5 16886.5 1077.96 12003.9 8242.9 12335 11720.2 9758.53 5911.86 212.12
internal_count=92202 38611 30212 8399 18545 16486 4030 12456 53591 39940 29720 9246 20474 957 13651 1666 4635 2520 1195 4611 19517 12888 2059 6629 6746 11985 11170 8958 4857 216
cat_boundaries=0 1 2 3
cat_threshold=1 1 1
is_linear=0
shrinkage=0.05


Tree=105
num_leaves=31
num_cat=5
split_feature=2 3 3 4 4 3 3 3 3 3 3 3 0 3 19 3 21 3 3 0 3 21 7 21 21 21 0 7 13 0
split_gain=78.2344 177.475 67.0527 60.9223 33.0316 40.802 38.8267 43.1811 73.3457 40.7885 32.5098 21.4629 20.9317 19.3079 19.116 29.8533 18.5716 17.8386 65.767 25.7724 17.8166 19.4248 17.7781 28.9181 21.4133 17.7145 17.5279 16.8725 16.373 14.5042
threshold=0 44.500000000000007 81.500000000000014 4.5000000000000009 4.5000000000000009 48.500000000000007 52.500000000000007 74.500000000000014 61.500000000000007 83.500000000000014 45.500000000000007 55.500000000000007 1 46.500000000000007 0.99191448092460643 75.500000000000014 4.3144545555114755 76.500000000000014 57.500000000000007 2 83.500000000000014 4.319024085998536 27.10000038146973 4.4395930767059335 4.3455877304077157 4.4228515625000009 3 25.10000038146973 0.91287881135940563 4
decision_type=1 2 2 2 2 2 2 2 2 2 2 2 1 2 2 2 2 2 2 1 2 2 2 2 2 2 1 2 2 1
left_child=2 -2 10 -4 6 -6 13 8 26 29 12 25 -1 -3 15 -13 -15 18 -7 28 21 -5 -18 24 -24 -12 -8 -16 -19 -9
right_child=1 4 3 20 5 17 7 9 -10 -11 11 14 -14 16 27 -17 22 19 -20 -21 -22 -23 23 -25 -26 -27 -28 -29 -30 -31
leaf_value=-0.0055391373031437709 -0.024440741890099465 -0.00501156201700023 -0.024617577535317587 0.067194898349834539 -0.021402323538620469 -0.0012583040877550628 0.0013629540375358839 -0.0044087953846847286 -0.017240832099333855 -0.011532388166889831 0.0039250011021649579 0.00073371438584033072 -0.00019028103764711575 0.012542854392463807 0.011585240819228008 -0.0049487689109496847 0.014924080806587936 0.050871293789677544 -0.021969656770547574 -0.0077866858564168851 -0.024829265204708666 0.0090034531385013768 -0.0012503941947856541 -0.0066927854048358243 0.007251374362237978 -0.00034129335073213897 -0.0057910193761657805 0.0020092977092911308 0.0077037257394446433 0.0033986389112763134
leaf_weight=2325.3029563724995 900.84710688889027 716.53106448054314 472.39398151636124 15.756731197237967 393.93726488947868 1423.3615609109402 1568.6479313671589 697.53967973589897 1126.714828312397 616.68615835905075 13401.489578932524 13490.211456120014 8454.1595370769501 537.83409163355827 479.20463395118713 2789.1657854616642 276.70626753568649 23.117398351430893 524.54733367264271 374.23131320625544 35.022693194448948 159.60881185531616 1204.4681895077229 796.73675060272217 1923.2783664166927 2972.8880963921547 1872.9619609564543 11477.887300521135 441.09070952236652 3787.600140273571
leaf_count=3877 11774 1467 3426 33 734 1513 2388 1281 8435 2257 6986 10447 8779 488 302 2836 200 22 2682 680 403 182 1161 778 1754 2008 3795 6869 553 4271
internal_value=-2.05279e-05 -0.00277462 0.000922837 -0.0146503 -0.00170842 -0.00634036 -0.000734521 -0.00263726 -0.00616816 0.000524402 0.0011148 0.00171024 -0.00134943 0.00263815 0.000875082 -0.000239872 0.00379477 -0.00421088 -0.00683561 0.00188704 0.00772959 0.014232 0.00267485 0.00181118 0.00397742 0.00315042 -0.00254318 0.00239307 0.00964567 0.00218216
internal_weight=75279.9 19206.8 56073.1 682.782 18306 3180.29 15125.7 9670.15 4568.32 5101.83 55390.3 44610.8 10779.5 5455.55 28236.5 16279.4 4739.02 2786.35 1947.91 838.439 210.388 175.366 4201.19 3924.48 3127.75 16374.4 3441.61 11957.1 464.208 4485.14
internal_count=92381 46233 46148 4044 34459 6184 28275 22427 14618 7809 42104 29448 12656 5848 20454 13283 4381 5450 4195 1255 618 215 3893 3693 2915 8994 6183 7171 575 5552
cat_boundaries=0 1 2 3 4 5
cat_threshold=1 4750336 4546603 7086229 3153152
is_linear=0
shrinkage=0.05


Tree=106
num_leaves=31
num_cat=6
split_feature=18 2 3 3 3 3 3 3 0 21 21 21 21 0 13 3 21 3 3 2 0 4 21 0 21 21 3 21 13 21
split_gain=95.2767 60.0222 100.575 53.0408 28.3794 57.3338 36.1275 28.186 19.2675 18.9065 17.2095 19.8458 18.2947 57.0417 20.1936 47.1419 24.1833 21.2626 18.2377 22.0738 16.3369 16.0193 16.0154 15.3102 15.2206 13.8905 15.5222 15.1666 18.2801 13.507
threshold=0.12882652878761294 0 44.500000000000007 83.500000000000014 56.500000000000007 73.500000000000014 64.500000000000014 85.500000000000014 1 4.3133318424224862 4.3414282798767099 4.436152696609498 4.4174468517303476 2 1.0334821343421938 51.500000000000007 4.4233577251434335 64.500000000000014 37.500000000000007 3 4 4.5000000000000009 4.3107709884643564 5 4.3779044151306161 4.3208537101745614 46.500000000000007 4.3181328773498544 0.91833335161209118 4.4037587642669687
decision_type=2 1 2 2 2 2 2 2 1 2 2 2 2 1 2 2 2 2 2 1 1 2 2 1 2 2 2 2 2 2
left_child=1 3 -3 -1 21 6 9 23 29 22 20 12 18 14 17 16 -16 -14 -12 24 -10 25 -6 -7 -20 27 -27 -4 -29 -2
right_child=8 2 4 -5 5 7 -8 -9 10 -11 11 -13 13 -15 15 -17 -18 -19 19 -21 -22 -23 -24 -25 -26 26 -28 28 -30 -31
leaf_value=0.00059839306956608414 0.0018388262671741138 -0.024306770887191218 0.0040858991282386979 -0.024829265108445086 -0.0032573323902584475 0.007236820267538047 -0.024021471006494967 -0.024829265119093089 -0.0058584297161211841 -0.010883307284505449 -0.0091239146521562772 -0.002780347652502368 0.0013425984200915646 -0.0011046287679864397 0.071593496698516723 0.0076365763704533815 0.030071770670764914 0.020127415878239494 0.0045530616554943434 -0.003372346330527735 -0.0010624977773330598 -0.011975911563863897 0.038123177745832244 -0.0039565586839950123 0.00040309350334074862 -0.0084704336116281122 0.0065466626467089624 0.092696268725791273 0.02363481434356534 -0.0002630568447821487
leaf_weight=4064.471805267036 26494.209408134222 861.253742441535 91.647412717342377 215.98484072089195 62.581318899989128 610.54012240469456 618.96927629411221 108.78661476820707 2272.3608768582344 788.75900492072105 474.36063069105148 3830.1200006306171 345.79119366407394 1410.3923733532429 56.003374457359314 180.18938302993774 93.805152475833893 266.92361903190613 3554.8580121695995 2430.4514733850956 8068.4352979063988 186.72169435024261 37.329766392707825 593.57733844220638 5837.7419930398464 265.91141176223755 487.634979814291 11.486865520477293 57.774748593568802 10742.398513168097
leaf_count=5990 16653 11724 190 2672 334 1221 7030 1325 2467 5105 769 4461 239 1641 22 136 39 122 2267 3103 9200 428 154 1583 4701 640 712 22 121 7241
internal_value=-0.000178524 -0.00498579 -0.00883503 -0.000684645 -0.00543727 -0.0080949 -0.0147473 -0.000455817 0.000481052 -0.00828769 -0.00048957 0.000424193 0.00126196 0.00530114 0.0147402 0.024868 0.045594 0.00952603 0.00048907 0.000874759 -0.00212308 0.00136997 0.0122037 0.00174622 0.00197375 0.00409505 0.00124743 0.0174306 0.0350885 0.00123212
internal_weight=75121.5 9063.43 4782.97 4280.46 3921.72 2820.54 1507.64 1312.9 66058 888.67 28821.4 18480.6 14650.5 2353.11 942.713 329.998 149.809 612.715 12297.4 11823.1 10340.8 1101.18 99.9111 1204.12 9392.6 914.455 753.546 160.909 69.2616 37236.6
internal_count=92312 39251 30589 8662 18865 16752 12623 4129 53061 5593 29167 17500 13039 2199 558 197 61 361 10840 10071 11667 2113 488 2804 6968 1685 1352 333 143 23894
cat_boundaries=0 1 2 3 4 5 6
cat_threshold=1 860447 5275648 1 1085440 5742747
is_linear=0
shrinkage=0.05


Tree=107
num_leaves=31
num_cat=7
split_feature=2 3 3 4 7 3 3 3 0 3 4 4 3 0 3 3 21 0 3 21 0 7 0 21 21 3 0 13 3 19
split_gain=78.0049 165.674 69.3803 52.5104 35.7854 105.419 39.7276 31.7687 29.6724 25.9022 30.8429 25.6439 30.4039 23.5296 23.074 29.807 20.3932 19.9499 17.7103 16.5906 15.2625 15.1866 14.8439 14.6218 39.9584 29.3342 14.4968 14.2936 14.2242 13.0391
threshold=0 44.500000000000007 81.500000000000014 4.5000000000000009 28.899999618530277 56.500000000000007 84.500000000000014 40.500000000000007 1 48.500000000000007 4.5000000000000009 4.5000000000000009 78.500000000000014 2 53.500000000000007 74.500000000000014 4.3133318424224862 3 52.500000000000007 4.4395930767059335 4 31.10000038146973 5 4.4382567405700692 4.4412066936492929 59.500000000000007 6 0.90504807233810436 83.500000000000014 1.2938989996910097
decision_type=1 2 2 2 2 2 2 2 1 2 2 2 2 1 2 2 2 1 2 2 1 2 1 2 2 2 1 2 2 2
left_child=2 -2 7 -4 6 9 8 17 -3 10 -6 12 13 -9 -13 21 -7 -1 19 -11 -15 -16 -23 -18 25 -25 -17 -10 -5 -28
right_child=1 4 3 28 5 16 -8 11 27 18 -12 14 -14 20 15 26 23 -19 -20 -21 -22 22 -24 24 -26 -27 29 -29 -30 -31
leaf_value=0.00021828316905754357 -0.024360198707527377 -0.0036604334537244793 -0.024611990627929396 0.01012544340701693 -0.0032919913473662384 -0.0013928657975717964 -0.016298282551632959 0.0031913069332933524 0.012695845494175016 0.0044568294063855023 -0.020257368544703419 0.0057049434527975474 -0.0061597321682518068 -0.0043647431866212739 -0.0022699296516203705 0.0013579786136569112 -0.01672681340264532 -0.0056633486444491975 -0.0025243034293947345 -0.0050790426546745773 0.00060072871527696756 -0.0010859139632653672 0.0059870135177861675 -0.014240835462469143 -0.010588393906479622 0.096850044414776015 0.0029436830314343572 0.0026901544862016676 -0.024829265133001446 0.014696591805799287
leaf_weight=3225.7774657607079 852.75776930898428 2044.8272672966123 460.24706716090441 191.67660775780678 1724.9165469408035 313.61472769081593 328.2154163941741 9532.9276463985443 383.74303900450468 2885.3283853828907 317.15502572059631 5826.2521822452545 1513.1605049073696 1648.8852001726627 3419.8702329993248 650.56179091334343 1727.8720298483968 2601.3174720406532 2598.0766350030899 541.76604795455933 23061.114167183638 1417.6962112188339 1545.9403904676437 9.4442711919546145 214.17228632420301 16.025731980800629 345.66009628772736 5109.1193649470806 34.31448657810688 743.81689149141312
leaf_count=3553 11719 3843 3422 214 2554 1443 1997 5186 385 2502 601 2348 1826 2205 1730 417 9582 4535 2890 498 18532 636 654 32 1274 89 202 6673 416 276
internal_value=-5.64823e-05 -0.00282007 0.000880804 -0.0149202 -0.00181161 -0.00374382 0.000730413 0.00107606 0.0014719 -0.0010603 -0.00592689 0.00148553 0.000776165 0.00108266 0.00330376 0.00158162 -0.0132341 -0.00241672 0.0005891 0.00294937 0.000267754 3.47153e-07 0.00262012 -0.0151216 -0.00354755 0.0556576 0.00738266 0.00338301 0.00481792 0.010868
internal_weight=75286.3 19067 56219.2 686.238 18214.3 10348.4 7865.91 55533 7537.69 8067.24 2042.07 49705.9 35756.1 34242.9 13949.8 8123.55 2281.13 5827.09 6025.17 3427.09 24710 6383.51 2963.64 1967.51 239.642 25.47 1740.04 5492.86 225.991 1089.48
internal_count=92234 46082 46152 4052 34363 21465 12898 42100 10901 9045 3155 34012 27749 25923 6263 3915 12420 8088 5890 3000 20737 3020 1290 10977 1395 121 895 7058 630 478
cat_boundaries=0 1 2 3 4 5 6 7
cat_threshold=1 3677572 1081496 2588979 4198400 1569281 2137766
is_linear=0
shrinkage=0.05


Tree=108
num_leaves=31
num_cat=9
split_feature=18 2 3 3 3 3 3 3 0 3 7 3 0 2 4 3 7 0 21 21 0 7 18 0 0 21 0 20 21 21
split_gain=87.8665 52.2996 98.1833 49.9457 34.1815 61.7097 30.9445 27.9432 19.7452 17.4904 20.3965 16.8898 15.6625 15.1492 21.7266 24.7133 20.009 18.2125 18.0139 21.4542 18.1401 17.7497 16.2977 19.7096 16.0715 15.6882 15.2177 14.2494 13.6827 14.9787
threshold=0.1033163294196129 0 44.500000000000007 83.500000000000014 56.500000000000007 73.500000000000014 64.500000000000014 85.500000000000014 1 80.500000000000014 23.69999980926514 45.500000000000007 2 3 4.5000000000000009 48.500000000000007 28.400000572204593 4 4.3253991603851327 4.4368870258331308 5 32.500000000000007 0.69005101919174205 6 7 4.4289610385894784 8 10.500000000000002 4.3133318424224862 4.3107709884643564
decision_type=2 1 2 2 2 2 2 2 1 2 2 2 1 1 2 2 2 1 2 2 1 2 2 1 1 2 1 2 2 2
left_child=1 3 -3 -1 11 6 28 12 -2 10 -10 -4 -7 18 16 -16 -15 -18 21 20 22 26 23 25 -21 27 -12 -20 29 -6
right_child=8 2 4 -5 5 7 -8 -9 9 -11 13 -13 -14 14 15 -17 17 -19 19 24 -22 -23 -24 -25 -26 -27 -28 -29 -30 -31
leaf_value=0.00047866671204628574 -0.0026436112140319303 -0.024217975287068053 -0.009988153143135255 -0.024829265238974014 -0.0073133095858791443 -0.0038519054098233247 -0.023905649804875379 -0.024829264713678158 -0.0075550493142798854 -0.0037584176254150045 0.0019080118862108795 0.0055648490291826704 0.0077750026780091328 0.0039773641540416151 -0.019435439133842828 -0.0031664343340473532 0.0010372472850670303 -0.0042231142644680716 0.016212444659108753 -0.0042674988253736529 0.0013146515473187589 0.0074449046344936612 0.0024959836344525029 0.0047730881770707096 0.0011393671597273388 0.037534635012897506 -0.0017930992262695095 0.00033463351719371291 -0.011344911930266762 0.032399973609236264
leaf_weight=3949.3547024279833 4641.577672123909 817.94308835268021 218.9862844645977 205.07355015724897 59.945345833897591 545.27925395965576 595.48579576611519 103.77328511327505 706.25492241978645 2092.93906468153 4092.8221544027328 860.36394470930099 598.76363687217236 2745.8957113623619 268.82586878538132 1772.621515661478 4093.6955709755421 2739.0962709784508 477.5629500746727 2056.8600133359432 14006.579700797796 725.03801220655441 8466.5285773873329 4710.8507730066776 4094.886665135622 63.337924599647522 8591.617693990469 200.68432265520096 745.30827595293522 39.315567538142204
leaf_count=5761 5680 11689 592 2666 325 1489 7006 1317 863 2892 2375 1458 1201 2714 434 1794 3904 3300 163 2046 8557 499 3324 3863 3121 21 7940 75 5050 158
internal_value=-0.000120572 -0.00483405 -0.00851578 -0.0007706 -0.00510651 -0.0081246 -0.0151769 1.41378e-05 0.000498441 0.000734334 0.000891664 0.00240934 0.00226762 0.000992592 -0.000625588 -0.0053088 0.000372517 -0.00107616 0.00138856 0.00199945 0.00258828 -0.000163875 0.00386621 0.00600099 -0.000673524 0.013554 -0.00059879 0.0115144 -0.00902239 0.00841645
internal_weight=75287.3 8739.59 4585.16 4154.43 3767.22 2687.87 1440.05 1247.82 66547.7 61906.1 59813.2 1079.35 1144.04 59106.9 11620.1 2041.45 9578.69 6832.79 47486.8 34077.3 27925.5 13409.5 13919 5452.44 6151.75 741.585 12684.4 678.247 844.569 99.2609
internal_count=92277 38712 30285 8427 18596 16546 12539 4007 53565 47885 44993 2050 2690 44130 12146 2228 9918 7204 31984 21170 16003 10814 7446 4122 5167 259 10315 238 5533 483
cat_boundaries=0 1 2 3 4 5 6 7 8 9
cat_threshold=1 4200448 3693892 1 2909333 1082873 32768 1213994 65555
is_linear=0
shrinkage=0.05


Tree=109
num_leaves=31
num_cat=8
split_feature=18 2 7 17 13 5 19 0 7 21 21 19 18 7 13 0 2 0 21 9 0 21 21 0 8 19 0 16 19 19
split_gain=81.4349 58.561 25.0013 22.8194 22.7357 20.1506 20.0482 15.9586 15.2807 12.5367 31.2331 71.5846 16.3284 15.069 15.1699 11.9171 11.7941 16.7225 15.9883 14.8693 19.962 14.9053 20.6477 14.2306 13.6849 11.5503 10.7734 10.6049 10.2571 9.98102
threshold=0.1033163294196129 0 28.69999980926514 0.35714286565780645 0.96922349929809581 1.0000000180025095e-35 1.4481241106987002 1 22.800000190734867 4.4257724285125741 4.4249255657196054 0.72091868519783031 0.028061226010322574 32.899999618530281 0.92247596383094799 2 3 4 4.3133318424224862 1.0000000180025095e-35 5 4.3677618503570566 4.3577458858489999 6 3.4000000059604649 0.73144462704658519 7 0.93750000000000011 0.87928578257560741 1.0719045996665957
decision_type=2 1 2 2 2 2 2 1 2 2 2 2 2 2 2 1 1 1 2 2 1 2 2 1 2 2 1 2 2 2
left_child=1 2 6 5 15 9 -1 -8 -6 10 13 -12 -11 -3 -15 -2 19 24 -19 23 -21 22 -22 -10 -18 -4 -27 -26 -24 -5
right_child=4 3 25 29 8 -7 7 -9 16 12 11 -13 -14 14 -16 -17 17 18 -20 20 21 -23 28 -25 27 26 -28 -29 -30 -31
leaf_value=-0.0052413803003499059 -0.0014050015354927458 -0.0075686153159601841 0.015592301886823284 0.0093353148461544876 -0.010523107570401393 -0.017485217150863184 -0.0067241158782583759 0.022008220468910596 -0.0027207142497735932 -0.019739941024215571 0.22413899185726596 -0.010000688130383864 -0.0030117608860872102 0.073465303362545378 0.0064643594031359572 0.0020127381102011724 -0.0058118707350655018 0.0081118444994990029 -0.0010510959325974092 -0.0019919640257817029 0.0032913034412893846 0.0011476568453180846 0.024925197127528494 0.00045341670537802828 0.0035469922956483154 0.0075897299029666788 -0.00043315060656324005 0.038587556334210765 0.0097407877461292668 -0.005121851365817341
leaf_weight=2057.3941608294845 2813.9219669103622 2673.711585611105 191.72933027148247 234.16064360737801 352.99485291540623 674.01519634574652 75.516702063381672 118.0660684555769 5356.6245671361685 442.10190254449844 4.8198916316032401 10.11560323089361 217.71509355306625 9.6648269891738874 67.106320410966873 26867.587536424398 2558.1843051016331 529.73321756720543 4699.6889847517014 2901.8279838263988 3198.7262087464333 6038.0517632365227 133.65635335445404 10321.114935427904 111.00829714536667 671.64644348621368 1088.46559882164 26.806767046451569 662.42305308580399 243.5631582736969
leaf_count=6305 2670 18179 178 177 499 5586 108 169 6294 4811 3 92 865 46 325 17384 3589 597 5376 2355 2011 4233 55 7999 129 472 1251 10 309 206
internal_value=6.18649e-05 -0.00446432 -0.000202933 -0.00837735 0.000658794 -0.00958258 -0.00379395 0.0115893 -0.000170028 -0.0080275 -0.00654993 0.0655594 -0.0142203 -0.0069415 0.0148992 0.00168893 -7.00063e-05 -0.00177686 -0.000122668 0.00040278 0.00165766 0.00271253 0.00508458 -0.000632537 -0.00496662 0.00393844 0.00266898 0.0103628 0.0122901 0.00196446
internal_weight=75352.1 8779.79 4202.82 4576.97 66572.4 4099.25 2250.98 193.583 36890.8 3425.24 2765.42 14.9355 659.817 2750.48 76.7711 29681.5 36537.8 7925.42 5229.42 28612.4 12934.7 10032.9 3994.81 15677.7 2696 1951.84 1760.11 137.815 796.079 477.724
internal_count=92283 38773 8483 30290 53510 29907 6582 277 33456 24321 18645 95 5676 18550 371 20054 32957 9701 5973 23256 8963 6608 2375 14293 3728 1901 1723 139 364 383
cat_boundaries=0 1 2 3 4 5 6 7 8
cat_threshold=1 2168876 5836800 1 3185584 4517888 7348064 1672332
is_linear=0
shrinkage=0.05


Tree=110
num_leaves=31
num_cat=8
split_feature=18 2 3 3 3 3 3 3 21 3 3 2 13 0 19 0 21 6 3 4 3 3 0 0 4 21 3 17 21 6
split_gain=79.1894 50.3872 99.769 49.4172 33.1389 49.1392 36.0623 25.6211 22.3776 22.0303 28.6237 23.2078 20.3248 19.5368 16.9572 15.7368 14.8916 22.3684 24.8798 29.3623 32.5481 15.9687 14.5812 13.9253 12.7223 14.2727 12.7462 12.6303 12.128 12.7827
threshold=0.12882652878761294 0 44.500000000000007 82.500000000000014 56.500000000000007 73.500000000000014 65.500000000000014 85.500000000000014 4.3133318424224862 46.500000000000007 54.500000000000007 1 1.0307765007019045 2 0.85093587636947643 3 4.3414282798767099 4 62.500000000000007 3.5000000000000004 60.500000000000007 57.500000000000007 5 6 4.5000000000000009 4.3208537101745614 52.500000000000007 0.6428571641445161 4.4332523345947275 7
decision_type=2 1 2 2 2 2 2 2 2 2 2 1 2 1 2 1 2 1 2 2 2 2 1 1 2 2 2 2 2 1
left_child=1 3 -3 -1 24 6 8 -7 22 11 28 14 13 -12 -2 -16 -10 18 19 -18 21 -21 -6 -14 25 -4 -26 -19 29 -11
right_child=9 2 4 -5 5 7 -8 -9 16 10 12 -13 23 -15 15 -17 17 27 -20 20 -22 -23 -24 -25 26 -27 -28 -29 -30 -31
leaf_value=0.00099316436961289383 0.0035433211866772113 -0.024257981162948056 0.018185716034204571 -0.020016901933689036 -0.0087712807497279995 0.0014086143362203294 -0.024829264877113798 -0.02482926524858409 -0.021646451602110619 0.00077093941072241105 0.0027021630475727266 -0.01210347221668891 -0.0053924630616460842 -0.00016590627412327544 0.00017558408059821777 -0.0040183806163235115 0.016072578788021818 -0.010806818619959031 -0.024829265137306464 0.12968677093300573 0.20482485635002901 -0.024829265828651616 0.026612550868292707 -0.00078469638517922487 -0.019615727458181187 0.0020213577847917057 0.0080204300060730035 0.0541089859682721 -0.00030515292074390164 0.003858992443317335
leaf_weight=3934.5639350265265 1758.7399108707905 787.70001340657473 166.22115781903267 301.30725248903036 45.940561234951019 1194.8374092429876 504.64871244877577 100.89930571615696 235.64057583361864 4610.9901291429996 9014.1701431870461 487.19950324296951 2220.2173172831535 17363.882207453251 4693.0194597244263 4268.928772598505 20.781458891928196 527.72531283646822 15.293651759624479 2.9123191535472852 5.4429679065942764 3.9265057966113091 61.892731100320816 6236.661931425333 115.08499810099602 765.34537279605865 65.449617832899094 7.6008780002593985 3251.9016021490097 12442.770646184683
leaf_count=5436 1284 11675 336 3173 243 2781 6179 1327 1921 3016 4766 908 2280 14890 3924 5715 98 3593 143 15 34 33 315 5975 309 1356 115 3 2585 7735
internal_value=-2.6745e-06 -0.00444163 -0.00804858 -0.00050133 -0.00472323 -0.00768929 -0.0140736 -0.000634535 -0.00821935 0.000590307 0.00100107 -0.00143057 0.000131312 0.00081516 -0.000945537 -0.00182645 -0.0110374 -0.00675439 0.0231221 0.0522956 0.113587 0.0409715 0.0131924 -0.0020017 0.00255134 0.00490559 -0.00959673 -0.00970384 0.00249316 0.00302676
internal_weight=75211.7 8863.21 4627.34 4235.87 3839.64 2727.54 1431.81 1295.74 927.157 66348.5 55140.6 11207.9 34834.9 26378.1 10720.7 8961.95 819.324 583.683 48.3569 33.0633 12.2818 6.83882 107.833 8456.88 1112.1 931.567 180.535 535.326 20305.7 17053.8
internal_count=92163 39085 30476 8609 18801 16685 12577 4108 6398 53078 41247 11831 27911 19656 10923 9639 5840 3919 323 180 82 48 558 8255 2116 1692 424 3596 13336 10751
cat_boundaries=0 1 2 3 4 5 6 7 8
cat_threshold=1 1 49180 491795 8 5407720 184832 2
is_linear=0
shrinkage=0.05


Tree=111
num_leaves=31
num_cat=9
split_feature=18 2 3 3 3 3 3 3 3 3 2 21 7 21 13 0 0 3 0 3 0 0 0 21 21 3 3 5 3 6
split_gain=88.581 48.3565 93.733 47.2577 24.2666 54.9657 34.125 26.0141 21.6097 25.0259 17.9042 17.3157 16.8564 17.7738 16.2406 21.0237 14.936 14.7153 13.9617 13.5391 13.0155 12.9452 12.3368 11.3647 11.3203 19.9842 17.4578 13.4073 13.9893 11.9521
threshold=0.1033163294196129 0 44.500000000000007 83.500000000000014 56.500000000000007 73.500000000000014 64.500000000000014 85.500000000000014 46.500000000000007 54.500000000000007 1 4.3348309993743905 22.000000000000004 4.4617228507995614 1.0307765007019045 2 3 39.500000000000007 4 46.500000000000007 5 6 7 4.4070775508880624 4.4178998470306405 36.500000000000007 37.500000000000007 1.0000000180025095e-35 36.500000000000007 8
decision_type=2 1 2 2 2 2 2 2 2 2 1 2 2 2 2 1 1 2 1 2 1 1 1 2 2 2 2 2 2 1
left_child=1 3 -3 -1 19 6 22 18 10 21 11 -2 -13 17 15 -11 -16 24 -7 -4 -21 -10 -6 -23 26 -26 27 -14 -29 -28
right_child=8 2 4 -5 5 7 -8 -9 9 14 -12 12 13 -15 16 -17 -18 -19 -20 20 -22 23 -24 -25 25 -27 29 28 -30 -31
leaf_value=0.00033317981280207458 -0.0041225515299482983 -0.024182452023376974 -0.0065179009230406986 -0.024829265102344882 0.0015517473631776674 0.0073718775799889716 -0.023940192175362526 -0.024829265553794888 0.000805214275476324 0.0027861751920161722 -0.01069276527040283 -0.016922323172730066 -0.0040399536809895952 -0.010716671372591902 -0.0051810532129312938 -0.00017800642811262535 -0.00042090417482144941 0.0028445949976809138 -0.0035938927460722617 -0.0018271114667629052 0.011667314420424173 0.0043253771751101391 -0.011816381736668605 0.00098180561407745239 0.0063066438587650918 -0.0076852517701688538 -0.0032500486188996383 -0.021782088426352861 0.00097047944121119193 0.012468914887396841
leaf_weight=3954.3057084530592 3054.564860522747 773.02063393592834 365.89300003647804 195.83916840702295 245.80112227797508 595.51555116474628 562.38353849947453 96.996592812240124 7690.4993588030338 9097.1621327847242 491.63513049483299 139.11825659871101 572.40953037142754 329.4929390847683 2224.2131032049656 17435.287357732654 6305.388911575079 4645.1777589917183 550.30534076690674 339.89300218224525 368.07084316015244 9262.6757876574993 593.11711551249027 3502.3731002807617 793.29625481367111 376.2246253490448 314.30707719922066 278.94673705101013 89.148169010877609 184.33368137478828
leaf_count=5751 3642 11738 956 2673 1511 1169 7016 1308 5550 4815 929 206 748 405 2306 15043 6057 3563 1506 638 453 5422 4077 2385 974 489 357 393 109 190
internal_value=1.84704e-05 -0.00474511 -0.00834072 -0.000854199 -0.005047 -0.00762127 -0.0144104 3.35971e-05 0.000634807 0.00104001 -0.00136151 -0.000935832 0.000324653 0.000641053 0.000229166 0.000839303 -0.00166875 0.00115696 0.0021383 0.00129153 0.00532764 0.00242984 -0.00802191 0.00340533 -0.00184817 0.00180557 -0.00481739 -0.00882721 -0.0162717 0.0027457
internal_weight=75427.4 8641.14 4491 4150.14 3717.98 2644.12 1401.3 1242.82 66786.3 55517.6 11268.7 10777 7722.46 7583.34 35062.1 26532.4 8529.6 7253.84 1145.82 1073.86 707.964 20455.5 838.918 12765 2608.67 1169.52 1439.15 940.504 368.095 498.641
internal_count=92379 38796 30372 8424 18634 16587 12604 3983 53583 41578 12005 11076 7434 7228 28221 19858 8363 6823 2675 2047 1091 13357 5588 7807 3260 1463 1797 1250 502 547
cat_boundaries=0 1 2 3 4 5 6 7 8 9
cat_threshold=1 1 49180 184832 1286843 5445219 5691464 298001 19
is_linear=0
shrinkage=0.05


Tree=112
num_leaves=31
num_cat=7
split_feature=18 2 3 3 3 3 3 3 13 21 3 0 9 3 2 4 21 0 0 0 17 7 19 21 19 0 21 7 17 21
split_gain=67.7141 44.5358 100.295 47.749 29.9564 51.4649 36.2493 25.8192 22.1252 20.1409 16.8308 16.2464 16.6027 20.9965 16.3551 15.8296 15.7438 14.8737 14.4722 14.1256 14.0808 13.3705 14.0727 13.3562 14.7542 16.9125 23.0285 54.8728 14.1768 14.5566
threshold=0.12882652878761294 0 44.500000000000007 83.500000000000014 56.500000000000007 73.500000000000014 65.500000000000014 85.500000000000014 0.93142634630203258 4.3133318424224862 45.500000000000007 1 1.0000000180025095e-35 36.500000000000007 2 4.5000000000000009 4.3070762157440194 3 4 5 0.21428572386503222 28.69999980926514 1.4910158514976504 4.3429741859436044 0.90079402923583995 6 4.3773367404937753 28.69999980926514 1.0000000180025095e-35 4.4382567405700692
decision_type=2 1 2 2 2 2 2 2 2 2 2 1 2 2 1 2 2 1 1 1 2 2 2 2 2 1 2 2 2 2
left_child=1 3 -3 21 10 6 9 16 -2 17 -4 -10 -13 15 -15 -14 -7 -6 20 -18 -12 22 -1 -11 25 26 27 -25 29 -28
right_child=8 2 4 -5 5 7 -8 -9 11 23 18 12 13 14 -16 -17 19 -19 -20 -21 -22 -23 -24 24 -26 -27 28 -29 -30 -31
leaf_value=-0.0030925239263292058 0.0021083741435839946 -0.024233362694937963 -0.0095196341963617991 -0.0248292648524127 0.030801851187970675 0.087814036774058551 -0.024829265370985718 -0.02482926536909991 -0.001810424052041014 -0.020747678826816787 0.019915423396899303 -0.00047697480923142928 -0.0027703431297184679 0.0026128907174398125 -0.0012796934293733335 -0.021865015426732064 0.0087472227800036335 -0.0048873584998000283 -0.00041817216066235285 -0.0024590640335493009 0.0010811732504666031 0.0036437545088237409 0.014259314575130118 -0.0248292650558035 -0.013495543471764571 -0.0074443420115762431 0.0036342492353983375 0.23931736502999584 -0.01735702852701744 0.053762800923386173
leaf_weight=2005.8204429075122 16176.250431925058 755.1573552377522 228.61426120996475 192.39449287950993 44.794741474092007 5.3265484273433676 485.13311933726072 96.573070257902145 10088.175289928913 232.75263272970915 255.89629423618317 22336.708024173975 380.79829901456833 14053.196151018143 3339.7634887695312 151.80907353758812 433.71205885708332 62.62558551877737 473.31685134768486 761.03878569602966 162.09683138132095 1956.237890213728 124.07716098427773 4.0904294326901427 330.8710124194622 156.71299751102924 31.619426473975182 3.7857761234045029 26.765746906399727 26.720254205167294
leaf_count=3999 10389 11750 628 2692 218 16 6235 1335 10238 1940 439 19800 509 8296 3709 231 757 337 951 1995 110 1903 90 29 2387 998 236 23 92 188
internal_value=-4.70981e-05 -0.00415433 -0.00758225 -0.000486792 -0.00429268 -0.00714208 -0.0137685 4.25109e-05 0.000499663 -0.00794065 0.0025833 -1.71733e-05 0.000432488 0.00156599 0.00186544 -0.0082129 0.002044 0.0124076 0.00568762 0.00166161 0.0123169 0.000659366 -0.00208169 -0.0106282 -0.00657121 0.00260424 0.0183657 0.102135 0.0127712 0.0265937
internal_weight=75382.8 8856.13 4577.6 4278.53 3822.45 2702.52 1405.87 1296.65 66526.7 920.739 1119.92 50350.5 40262.3 17925.6 17393 532.607 1200.08 107.42 891.31 1194.75 417.993 4086.14 2129.9 813.318 580.566 249.695 92.9816 7.87621 85.1054 58.3397
internal_count=92520 39348 30664 8684 18914 16786 12683 4103 53172 6448 2128 42783 32545 12745 12005 740 2768 555 1500 2752 549 5992 4089 5893 3953 1566 568 52 516 424
cat_boundaries=0 1 2 3 4 5 6 7
cat_threshold=1 6576128 1 343062 5038366 4563002 2116817
is_linear=0
shrinkage=0.05


Tree=113
num_leaves=31
num_cat=6
split_feature=18 2 3 3 3 3 3 13 21 21 0 7 0 0 0 21 21 21 21 0 21 7 21 13 3 19 7 21 3 18
split_gain=77.2757 39.454 94.9509 44.3783 23.0246 69.254 28.2571 20.6653 16.5571 19.7895 14.8703 14.4607 23.031 14.1527 12.2652 12.4191 11.3759 11.2622 18.7176 10.4467 10.3146 10.1874 17.1081 13.3833 31.1351 19.0355 10.5913 12.7819 12.9813 14.2393
threshold=0.1033163294196129 0 44.500000000000007 83.500000000000014 74.500000000000014 61.500000000000007 85.500000000000014 1.0386904478073122 4.3133318424224862 4.3114185333251962 1 32.100000381469734 2 3 4 4.3078274726867685 4.4249255657196054 4.3113029003143319 4.3107709884643564 5 4.4260935783386239 29.60000038146973 4.3403015136718759 1.0334821343421938 51.500000000000007 1.0330139994621279 21.19999980926514 4.3777177333831796 37.500000000000007 1.1313775777816775
decision_type=2 1 2 2 2 2 2 2 2 2 1 2 1 1 1 2 2 2 2 1 2 2 2 2 2 2 2 2 2 2
left_child=1 3 -3 19 5 8 14 11 9 -4 -10 12 21 -13 15 -6 -15 18 -7 20 -1 22 -2 26 25 -25 -24 28 -28 -30
right_child=7 2 4 -5 6 17 -8 -9 10 -11 -12 13 -14 16 -16 -17 -18 -19 -20 -21 -22 -23 23 24 -26 -27 27 -29 29 -31
leaf_value=-0.0014265911829818049 6.9829265648719546e-05 -0.024214726445693755 0.0071112298396159186 -0.024829265258107469 0.064659425232061127 -0.0078027926396998298 -0.024829264882430317 -0.0011378788102046143 0.007246645003630695 0.058073535067553028 -0.0048052432698522836 0.0057837887053800441 -0.0008650989177391527 0.0026586095292271844 0.0083814051917105916 -0.0039545468879602017 -0.0021981187024284875 -0.019044496036062897 0.074802598129099881 0.0024882471324720054 -0.014245720900193668 0.00051987056082291802 -0.011022247175790501 0.030722016021352872 -0.0028484878055245427 -0.009199867679913723 -0.0084482369547570213 0.0023338618986950485 0.011413602427454296 0.003442545392016748
leaf_weight=1534.01273945719 4859.6144825518131 732.25610638037324 100.18629895150661 185.62987721711397 6.7047579288482657 46.985659010708332 93.158609740436077 14062.072802588344 317.29523646086454 23.521521419286728 1178.4871453642845 2769.8040972352028 16141.126986324787 5260.5012789666653 605.71454022824764 402.40064360201359 1564.2159397006035 907.55567514151335 8.0295597314834577 2175.3487949073315 174.79966357350349 13069.479104310274 126.74713625013828 197.11516565084457 184.2519019395113 35.190096259117126 134.30170315504074 6144.3588417470455 1157.4691182374954 1085.887298822403
leaf_count=2703 3824 11672 332 2663 17 438 1320 13876 743 60 4244 2196 16541 3011 1087 1102 1112 9234 39 2637 377 6923 150 85 132 31 152 4538 763 263
internal_value=-6.00301e-06 -0.00449857 -0.00776799 -0.000945975 -0.00450428 -0.0070915 0.00152504 0.000565191 -0.000778487 0.0168011 -0.0022324 0.00101937 0.000628859 0.00277503 0.00394431 -0.00276252 0.00154319 -0.0177129 0.0042536 0.000195443 -0.00272197 0.00152192 0.0024635 0.00374667 0.0125005 0.0246746 0.00332505 0.00353843 0.00665129 0.00755525
internal_weight=75284.2 8492.09 4422.3 4069.79 3690.04 2582.06 1107.98 66792.1 1619.49 123.708 1495.78 52730.1 43135.5 9594.52 1014.82 409.105 6824.72 962.571 55.0152 3884.16 1708.81 26994.4 13924.9 9065.32 416.557 232.305 8648.76 8522.02 2377.66 2243.36
internal_count=92265 38668 30288 8380 18616 15090 3526 53597 5379 392 4987 39721 33402 6319 2206 1119 4123 9711 477 5717 3080 16861 9938 6114 248 116 5866 5716 1178 1026
cat_boundaries=0 1 2 3 4 5 6
cat_threshold=1 33048 377147 3679884 3808320 7501824
is_linear=0
shrinkage=0.05


Tree=114
num_leaves=31
num_cat=6
split_feature=18 2 3 3 3 3 3 3 3 0 3 6 21 3 3 19 7 21 0 7 3 19 19 4 2 21 21 21 0 21
split_gain=62.8357 48.5631 91.8647 45.3547 27.5053 50.1258 26.271 24.2576 17.9898 16.6413 16.355 15.2899 14.9093 14.3744 22.329 18.5245 18.1773 15.9855 13.8792 15.6171 13.2838 17.9088 21.7763 13.2782 22.2278 12.8748 12.6919 17.9896 13.6019 14.0111
threshold=0.057397959753870971 0 44.500000000000007 83.500000000000014 56.500000000000007 74.500000000000014 85.500000000000014 61.500000000000007 45.500000000000007 1 81.500000000000014 2 4.3080980777740487 47.500000000000007 54.500000000000007 0.98414596915245067 29.60000038146973 4.3080980777740487 3 32.899999618530281 58.500000000000007 1.0775208473205569 1.068532466888428 4.5000000000000009 4 4.4617228507995614 4.397275686264039 4.4395930767059335 5 4.3577458858489999
decision_type=2 1 2 2 2 2 2 2 2 1 2 1 2 2 2 2 2 2 1 2 2 2 2 2 1 2 2 2 1 2
left_child=1 3 -3 -1 8 7 -7 11 -4 -2 13 12 -6 -11 25 -16 26 -18 -10 -20 -14 22 -22 24 -12 -15 28 -28 29 -17
right_child=9 2 4 -5 5 6 -8 -9 18 10 23 -13 20 14 15 16 17 -19 19 -21 21 -23 -24 -25 -26 -27 27 -29 -30 -31
leaf_value=0.00088011108528724649 -0.0024318032875006268 -0.024202640017487634 -0.011522556786453052 -0.024829265304739782 0.082044819265409297 0.0032870385464805023 -0.024829264881540733 -0.018297814741080276 -0.0014171932923423057 -0.00071797586307627498 -0.024207768881254008 -0.017709670884428118 -0.012304477402345373 0.0028401821205195615 -0.00066155711615096288 0.0034306312654767118 0.012630832837711065 -0.00023428636302491265 0.00980725959795903 0.063052697513983555 0.011318413978333931 -0.023503868813678282 0.11290961933883435 0.0055739169040209683 -0.0041666354479305409 -0.0072610661185025255 -0.0016018357661513362 0.0094913618339191527 0.0037577909896012412 0.015476704813280871
leaf_weight=3883.7970556020737 4671.2577738165855 718.13279800862074 195.39016526937485 179.47283584624529 5.6140832155942908 956.74026916921139 90.981077291071415 933.94264163821936 412.78584682941437 12647.602368295193 160.90201780200005 144.26337420195341 135.7308439835906 16487.499549090862 17972.328968822956 399.85992175340652 249.59892031550407 7401.9173309504986 433.06884855031967 14.223624050617216 168.75218921154737 37.724559791386127 5.4450855106115332 258.19665911793709 987.28962689638138 321.60382348299026 1672.5914546698332 467.64879880845547 2699.2083995044231 609.09091120958328
leaf_count=5574 5804 11725 551 2641 22 2053 1322 9684 824 12482 445 1008 788 9971 15071 267 188 4238 604 13 1041 295 6 274 1340 251 1209 415 1855 332
internal_value=-6.51377e-05 -0.00416444 -0.00789922 -0.000255461 -0.00458688 -0.00746475 0.0008455 -0.0135472 0.00217296 0.00044362 0.000659381 -0.00462948 0.00117998 0.000782533 0.0011756 0.000389781 0.00178942 0.000185385 0.00528427 0.0112489 -9.19324e-05 0.00772991 0.014494 -0.00467125 -0.0069751 0.00264692 0.00388799 0.000822061 0.00565756 0.0105977
internal_weight=75322.7 8316.07 4252.8 4063.27 3534.66 2479.19 1047.72 1431.47 1055.47 67006.6 62335.3 497.53 353.267 60929 48281.3 31472.2 13499.9 7651.52 860.078 447.292 347.653 211.922 174.197 1406.39 1148.19 16809.1 5848.4 2140.24 3708.16 1008.95
internal_count=92293 38151 29936 8215 18211 16219 3375 12844 1992 54142 48338 3160 2152 46279 33797 23575 8504 4426 1441 617 2130 1342 1047 2059 1785 10222 4078 1624 2454 599
cat_boundaries=0 1 2 3 4 5 6
cat_threshold=1 4200448 11 5443297 1 49161
is_linear=0
shrinkage=0.05


Tree=115
num_leaves=31
num_cat=7
split_feature=18 2 4 0 21 7 13 0 21 19 7 4 7 0 7 7 7 8 21 0 21 0 4 21 7 17 0 4 13 21
split_gain=56.4491 44.9104 19.4128 19.0885 18.3022 18.0931 17.5458 16.8489 19.7019 51.5321 14.2325 14.1633 13.1697 12.9955 12.8651 12.0747 11.3068 11.1517 11.0249 14.7553 12.9011 20.3275 19.6924 48.0479 42.8906 22.6681 19.7733 19.623 13.7033 12.2771
threshold=0.057397959753870971 0 4.5000000000000009 1 4.4275724887847909 24.500000000000004 1.0588461160659792 2 4.4249255657196054 0.71135830879211437 31.500000000000004 4.5000000000000009 22.800000190734867 3 32.899999618530281 25.69999980926514 28.899999618530277 3.4000000059604649 4.3253991603851327 4 4.3996813297271737 5 2.5000000000000004 4.4178998470306405 27.400000572204593 1.0714285969734194 6 3.5000000000000004 1.0334821343421938 4.4233577251434335
decision_type=2 1 2 1 2 2 2 1 2 2 2 2 2 1 2 2 2 2 2 1 2 1 2 2 2 2 1 2 2 2
left_child=1 5 4 -2 7 -1 12 8 14 -10 -6 13 -5 -7 -3 -15 -11 -17 19 -14 -20 22 26 27 25 29 -22 -24 -26 -25
right_child=3 2 -4 6 10 11 -8 -9 9 16 -12 -13 18 15 -16 17 -18 -19 20 -21 21 -23 23 24 28 -27 -28 -29 -30 -31
leaf_value=-0.011918557622847947 -0.003550101990932958 -0.0016602505219928494 -0.014968730526559382 -0.0068834171103182504 -0.019208384377828895 -0.00627431641622655 -0.0013977592986588209 -0.006828278586320677 0.16459523256576614 0.034838722085134499 0.0020463077367654557 0.0060306909197538096 -0.0022616778970039023 -0.013747703769991022 0.034640038150205492 0.001724459269995436 -0.013492822127336143 0.032092409663326417 0.0023347159324839848 0.00099872514826923413 -0.0076108019025879353 -0.0005742966783869257 0.029106853541256174 0.06991855996963918 0.0077322686141600887 0.01160313323913717 0.0026304434385622257 -0.0007436200524478171 0.024117465147359719 0.032423401000191032
leaf_weight=302.07484733313322 2809.5795116722584 755.3191336132586 725.1128057166934 526.58419604599476 391.3977309577167 814.48584268987179 8970.8276155889034 2150.8978251293302 6.3349778056144705 26.815048847347498 98.602550014853477 962.41225554794073 5099.021676003933 126.33598762005568 25.223096795380116 1811.4219786301255 22.052772607654333 30.744000732898712 21489.854420423508 10807.655147403479 605.51907904446125 12453.355392999947 57.47540020942688 55.937959372997284 675.64385122060776 43.916955351829529 2001.9766563177109 1307.8329377770424 157.31387883424759 35.806192100048065
leaf_count=1914 3629 4341 5696 662 4158 1919 8918 14621 3 52 760 1059 4586 978 87 2358 84 16 13571 9191 513 10320 13 27 274 10 1684 714 51 30
internal_value=-2.97085e-06 -0.0039061 -0.00752698 0.00047689 -0.00597487 -0.00014721 0.00065333 -0.00450544 0.001536 0.0304216 -0.0149313 0.000802176 0.000986071 -0.00100595 -0.000487213 0.00119967 0.013028 0.00223127 0.0010617 -4.7219e-05 0.00151533 0.00050305 0.00321283 0.0065556 0.0150729 0.041144 0.000233096 0.000512996 0.0108268 0.0552848
internal_weight=75347.5 8249.23 4201.76 67098.3 3476.64 4047.47 64288.7 2986.64 835.745 55.2028 490 3745.4 55317.9 2782.99 780.542 1968.5 48.8678 1842.17 54791.3 15906.7 38884.6 17394.8 4941.42 2333.93 968.619 135.661 2607.5 1365.31 832.958 91.7442
internal_count=92239 38046 29802 54193 24106 8244 50564 19188 4567 139 4918 6330 41646 5271 4428 3352 136 2374 40984 13777 27207 13636 3316 1119 392 67 2197 727 325 57
cat_boundaries=0 1 2 3 4 5 6 7
cat_threshold=1 4198400 41368 4208674 1345416 1359880 32768
is_linear=0
shrinkage=0.05


Tree=116
num_leaves=31
num_cat=7
split_feature=3 3 3 17 16 19 7 0 21 13 21 0 3 21 21 0 21 6 21 4 0 0 7 8 7 19 3 7 21 0
split_gain=58.1924 46.6654 33.6506 30.6337 25.3959 23.8453 21.4749 25.1243 19.4651 19.4079 21.7073 19.1814 17.5619 16.655 15.1553 13.506 11.4535 14.17 18.9421 30.416 15.1686 11.5101 11.5034 11.3324 13.0209 12.503 11.1044 10.7727 10.4993 17.3684
threshold=84.500000000000014 45.500000000000007 54.500000000000007 1.0000000180025095e-35 0.31250000000000006 0.98414596915245067 29.60000038146973 0 4.4332523345947275 0.92247596383094799 4.373950958251954 1 47.500000000000007 4.3981404304504403 4.3080980777740487 2 4.3101520538330087 3 4.3205077648162851 3.5000000000000004 4 5 32.500000000000007 3.4000000059604649 25.300000190734867 1.4910158514976504 49.500000000000007 30.10000038146973 4.4037587642669687 6
decision_type=2 2 2 2 2 2 2 1 2 2 2 1 2 2 2 1 2 1 2 2 1 1 2 2 2 2 2 2 2 1
left_child=1 3 8 4 13 11 7 9 16 10 -7 -4 -10 15 -8 -1 -3 20 19 21 -18 -19 26 24 25 -11 -23 -15 -16 -30
right_child=-2 2 5 -5 -6 6 14 -9 12 23 -12 -13 -14 27 28 -17 17 18 -20 -21 -22 22 -24 -25 -26 -27 -28 -29 29 -31
leaf_value=-0.0095015828912331859 -0.01819419323174358 -0.0029852316769909777 -0.0044660985899639717 -0.00033431812337384793 0.00020253332625281363 0.044060634658719587 0.010765623728786474 0.0019298872489578829 -0.0088473119847735735 0.012288295799139022 0.0082129643171542002 -0.0006348248219738478 0.00037954239637342005 -0.015613441833082865 0.00022983760543532255 -0.0030726020488085551 0.0043695288250289637 0.0024228496189797597 0.0033194150534118835 -0.00208952746165916 -0.001194894002145813 0.014186213296156561 0.0040390560583371156 -0.0069759476742595819 0.0066875104821669251 0.045095460204456303 0.028760852739451601 0.003588953065702952 0.0013395502534926137 -0.0069609005875912776
leaf_weight=1438.2484826184809 437.07136300206184 826.31259468197823 3962.7756573185325 6205.3614432364702 1490.104674488306 82.740721173584461 289.36738738417625 7094.0475950464606 625.70574802160263 79.477205023169518 86.253258965909481 18450.782134138048 2933.498532474041 748.71228196099401 6380.9148063659668 1952.5386643446982 1912.9661549031734 155.06214916706085 12386.015860646963 356.20463499426842 3366.3662285804749 251.18236070871353 110.84815019369125 120.42579848319292 658.37953323870897 45.763497583568096 272.43828827142715 80.933997768908739 1073.2852843180299 1517.7443247511983
leaf_count=5432 3978 677 7380 5948 1677 44 369 7322 675 114 98 21782 2283 5009 6154 6932 1306 118 8011 284 2391 221 89 152 665 30 202 334 1082 1579
internal_value=-2.86852e-06 0.000103208 0.00064562 -0.00276631 -0.00540903 -0.000235845 0.00115132 0.00302032 0.0021596 0.0101171 0.0257643 -0.00131448 -0.00124253 -0.0073903 -0.000496859 -0.00583663 0.00277623 0.00302931 0.00388551 0.0100392 0.000825824 0.0155111 0.018382 0.00730405 0.00949859 0.0242762 0.0217694 -0.0137402 -0.000860102 -0.00354429
internal_weight=75391.5 74954.5 63038.6 11915.9 5710.54 39842 17428.4 8167.09 23196.6 1073.04 168.994 22413.6 3559.2 4220.43 9261.31 3390.79 19637.4 18811.1 13531.8 1145.74 5279.33 789.531 634.469 904.046 783.62 125.241 523.621 829.646 8971.94 2591.03
internal_count=92338 88360 63028 25332 19384 46771 17609 8425 16257 1103 142 29162 2958 17707 9184 12364 13299 12622 8925 914 3697 630 512 961 809 144 423 5343 8815 2661
cat_boundaries=0 1 2 3 4 5 6 7
cat_threshold=16648 6304512 5535504 2 2623887 32908 1218181
is_linear=0
shrinkage=0.05


Tree=117
num_leaves=31
num_cat=8
split_feature=18 2 3 3 3 3 3 3 21 2 3 4 4 3 6 0 3 6 0 0 21 21 7 3 21 3 0 3 21 21
split_gain=68.6475 42.228 90.5583 42.4955 21.001 49.0783 32.5369 22.8437 21.4195 17.024 22.5791 20.2782 20.249 28.9524 19.7259 21.7917 18.1485 14.9796 14.0104 13.7829 14.2804 15.1433 23.9162 13.6679 14.2245 13.9132 13.5758 13.4545 16.5749 24.4519
threshold=0.1033163294196129 0 44.500000000000007 83.500000000000014 56.500000000000007 73.500000000000014 65.500000000000014 85.500000000000014 4.3122317790985116 1 80.500000000000014 4.5000000000000009 4.5000000000000009 48.500000000000007 2 3 45.500000000000007 4 5 6 4.3107709884643564 4.3084647655487069 31.10000038146973 55.500000000000007 4.3080980777740487 61.500000000000007 7 45.500000000000007 4.3205077648162851 4.3182144165039071
decision_type=2 1 2 2 2 2 2 2 2 1 2 2 2 2 1 1 2 1 1 1 2 2 2 2 2 2 1 2 2 2
left_child=1 3 -3 26 27 6 8 18 19 10 16 -12 14 -14 -11 -16 17 -2 -7 20 21 22 -6 -18 25 -25 -1 -4 29 -29
right_child=9 2 4 -5 5 7 -8 -9 -10 12 11 -13 13 -15 15 -17 23 -19 -20 -21 -22 -23 -24 24 -26 -27 -28 28 -30 -31
leaf_value=-0.0033379117051983162 0.0021655758849057072 -0.024463672011313116 -0.010238122623864487 -0.024829265148070715 -0.024829265183365916 -0.0042033778511504907 -0.024829265448615554 -0.024829265492642898 -0.011011150071940664 0.0048638441340801853 -0.015775568151319235 0.0043149248522479124 -0.019788487566897842 -0.0031645465935053402 -0.0045479071553105503 0.00049155424493744473 0.0025715922059472377 -0.0022353429855779851 0.0069018714996908065 -0.0047853218356958046 0.08013982968949987 -0.024829264822267171 0.093780679119032789 0.032409826225298692 0.00059845777693355248 0.0061031779599963346 0.0026381743605369498 0.0079875320469842779 0.0011953519560938147 0.060399691277696767
leaf_weight=1534.7278668582439 2697.8615644872189 683.81999983265996 209.03092432022095 175.04383695870638 6.9417657852172914 503.83450916409492 445.00625263154507 85.437532693147659 767.1089650914073 1650.260371863842 375.53719708323479 188.71685892343521 297.57313507795334 2185.5811198949814 3046.910318672657 7191.5162535905838 16406.420920848846 6763.8700408935547 628.12062077224255 54.772316314280033 13.813589595258234 11.98600187152624 10.960295148193834 62.020551383495331 25776.983689248562 265.09383547306061 2460.1353235989809 86.84576952457428 766.58188319206238 29.919408649206161
leaf_count=2881 2778 11660 597 2705 41 1377 6139 1307 5858 1536 832 126 497 2338 4024 7380 8693 7493 1291 282 43 72 47 44 17624 199 2874 162 1267 49
internal_value=-6.22216e-05 -0.00430198 -0.00777607 -0.000716018 -0.00462409 -0.0071274 -0.0138418 0.000101064 -0.00819308 0.000474753 0.000891898 -0.00905623 -0.00105013 -0.00515671 -0.000192398 -0.00101114 0.000999903 -0.000980565 0.00198275 0.0137596 0.0310031 0.0186664 0.0477881 0.0014407 0.00072994 0.0110909 0.000340558 0.00116906 0.0038684 0.0214174
internal_weight=75382.4 8474.09 4304.18 4169.91 3620.36 2527.98 1310.59 1217.39 865.583 66908.3 52536.5 564.254 14371.8 2483.15 11888.7 10238.4 51972.3 9461.73 1131.96 98.474 43.7017 29.8881 17.9021 42510.5 26104.1 327.114 3994.86 1092.38 883.347 116.765
internal_count=92216 38652 30192 8460 18532 16457 12482 3975 6343 53564 37789 958 15775 2835 12940 11404 36831 10271 2668 485 203 160 88 26560 17867 243 5755 2075 1478 211
cat_boundaries=0 1 2 3 4 5 6 7 8
cat_threshold=1 1 24 3316034 10 7085125 801815 6437888
is_linear=0
shrinkage=0.05


Tree=118
num_leaves=31
num_cat=2
split_feature=3 2 3 7 3 3 4 3 9 21 3 4 21 3 4 3 3 21 21 21 21 3 21 18 1 7 7 19 3 21
split_gain=55.2126 44.289 141.927 43.5685 89.5769 31.4756 53.147 21.4254 20.188 19.7399 18.9019 18.8341 18.4781 16.6573 32.4805 18.2035 15.1327 15.7812 14.9086 16.9831 24.3049 22.2921 13.8619 13.6556 18.6532 12.1435 11.9515 11.9121 11.7703 11.4695
threshold=84.500000000000014 0 44.500000000000007 28.899999618530277 56.500000000000007 80.500000000000014 4.5000000000000009 41.500000000000007 1.0000000180025095e-35 4.3134174346923837 76.500000000000014 4.5000000000000009 4.3133318424224862 48.500000000000007 4.5000000000000009 52.500000000000007 45.500000000000007 4.4589090347290048 4.436152696609498 4.4412066936492929 4.4382567405700692 59.500000000000007 4.4395930767059335 0.71301022171974193 1 22.000000000000004 25.300000190734867 0.78848230838775646 81.500000000000014 4.378577947616578
decision_type=2 1 2 2 2 2 2 2 2 2 2 2 2 2 2 2 2 2 2 2 2 2 2 2 1 2 2 2 2 2
left_child=1 5 -3 16 13 7 28 25 10 -8 -9 -12 -6 14 -5 22 -4 -18 -14 20 -20 -22 -15 24 -10 -1 -11 -23 -7 -26
right_child=-2 2 3 4 12 6 9 8 23 26 11 -13 18 15 -16 -17 17 -19 19 -21 21 27 -24 -25 29 -27 -28 -29 -30 -31
leaf_value=-0.014093078253526771 -0.018162758622806693 -0.024393252257421894 -0.024829265148126656 -0.0022787839868711368 -0.0011575436711918268 -0.010317098720928116 0.058949262519860116 0.00068023279027506958 -6.9826546586476931e-05 0.0078837112116590634 -0.0067449967174159908 0.0048959486735678419 -0.016231715669403943 0.0041500630618398725 -0.020249086797498844 -0.002788628638281393 0.0016033702639601079 0.026981997574601624 -0.008896783391714411 -0.009770359753423578 -0.011473495196406929 0.13133917508195514 -0.0045521739030813134 0.00136019668299084 0.0074210266969370322 -0.0014440392098965032 -0.019424194248539348 0.044885556347783684 -0.024333970787275269 0.0031739221029745907
leaf_weight=195.60017102956772 420.01009020581841 688.05316863581538 53.683649688959122 1711.7151339948177 306.2726105004549 296.30310562252998 17.307537436485291 24367.39446285367 2211.3061245083809 299.57530908286572 1642.3113865554333 440.70330405235291 1570.214862421155 2855.4837196171284 294.74835473299026 2622.4287956058979 7454.7995963543653 61.762632727622986 28.24418767541647 195.89737449586391 7.4874007105827358 8.9646793678402918 544.94995415210724 13913.993413388729 3148.8087132573128 6337.3345283865929 46.252861127257347 7.1720760390162459 302.85016183555126 3210.3488422632217
leaf_count=345 3971 11742 124 2558 1426 602 43 17933 2236 336 1600 270 9451 2446 595 2911 10791 62 150 1264 28 37 498 5667 2343 8602 66 47 1735 2357
internal_value=-8.50312e-05 1.64203e-05 -0.00211295 -0.00124801 -0.00338855 0.000711187 -0.0082542 0.000866724 0.00122578 0.00683934 0.000289439 -0.00428212 -0.0125191 -0.000972966 -0.00491861 0.000341491 0.00162298 0.0018119 -0.0144331 -0.00303448 0.0224057 0.0598298 0.00275545 0.00232727 0.0038973 -0.00182276 0.00423141 0.0929144 -0.0174021 0.00526864
internal_weight=75262 74842 18411.9 17723.8 10153.6 56430.1 962.289 55467.8 48934.9 363.136 26450.4 2083.01 2124.25 8029.33 2006.46 6022.86 7570.25 7516.56 1817.98 247.766 51.8683 23.6242 3400.43 22484.5 8570.46 6532.93 345.828 16.1368 599.153 6359.16
internal_count=92236 88265 44130 32388 21411 44135 2782 41353 32406 445 19803 1870 12403 9008 3153 5855 10977 10853 10977 1526 262 112 2944 12603 6936 8947 402 84 2337 4700
cat_boundaries=0 1 2
cat_threshold=1 8
is_linear=0
shrinkage=0.05


Tree=119
num_leaves=31
num_cat=5
split_feature=3 3 18 3 0 17 21 21 21 0 6 21 13 3 21 3 8 3 18 21 0 18 0 4 4 21 21 8 21 21
split_gain=52.874 40.4133 41.9404 28.0202 26.9163 20.2387 18.0542 15.7466 14.8762 17.6883 22.5172 18.9426 17.3315 13.5432 15.5565 13.5275 13.3113 15.434 12.9463 13.1159 12.3478 12.0979 15.6973 21.0836 32.5578 54.3152 22.0713 14.7518 13.6626 21.0663
threshold=84.500000000000014 45.500000000000007 0.019132654182612899 53.500000000000007 0 1.0000000180025095e-35 4.4354026317596444 4.3403015136718759 4.3270299434661874 1 2 4.4289610385894784 1.0188746452331545 64.500000000000014 4.3817813396453866 47.500000000000007 3.4000000059604649 46.500000000000007 0.11607143282890321 4.4214937686920175 3 1.1441326141357424 4 1.0000000180025095e-35 1.5000000000000002 4.3827989101409921 4.4185781478881845 1.0000000180025095e-35 4.362830877304078 4.3577458858489999
decision_type=2 2 2 2 1 2 2 2 2 1 1 2 2 2 2 2 2 2 2 2 1 2 1 2 2 2 2 2 2 2
left_child=1 2 5 6 8 -1 -3 -4 -5 10 -10 13 21 -12 -15 16 -8 -18 19 -6 -9 22 23 -11 25 27 -26 -25 29 -24
right_child=-2 3 7 4 18 -7 15 20 9 12 11 -13 -14 14 -16 -17 17 -19 -20 -21 -22 -23 28 24 26 -27 -28 -29 -30 -31
leaf_value=-0.011898524909581432 -0.017767520715464877 0.0026912258754918446 -0.0042551266391674105 -0.00091399703048169578 -0.0029851861093390343 -0.00067117579092180763 -0.011097527027069749 0.0023091486098999192 0.00038608118551977015 -0.0074601056758258153 0.011805418902438747 0.0010396258186103006 -0.0017069667667520484 0.021537099362834836 0.053575716187912549 0.00017695449813109513 -0.015764747553577946 0.028471561611296478 -0.00083864583725511892 -0.012246140177545385 -0.001957107254048975 0.00053119965810496841 0.0062656009954381395 0.1001475641337998 -0.0067517370891293478 0.0073758106220748257 0.013984956879336669 0.046953333049826726 0.0019174220304261362 0.033129386840076679
leaf_weight=1562.1688606888056 417.74380255490541 17735.875394314528 2981.8988462388515 5795.4608296826482 2870.3430243544281 540.19172435253859 520.69154673814774 3273.1061266064644 330.99442837387323 146.81194020807743 95.537878714501858 102.43964453786612 2904.1230599619448 85.191065810620785 68.235459983348846 2557.3637617230415 33.096079707145691 48.779731154441833 19605.579708218575 441.06690485030413 3498.5579916872084 3947.0885281562805 614.24930742383003 28.005191043019295 168.71775710582733 66.759662717580795 535.88604695349932 24.379168078303337 4351.9408258348703 82.817660637199879
leaf_count=13786 4002 11897 3692 5954 10891 606 580 2988 320 197 79 121 3164 43 54 1961 41 41 18727 2343 4236 1122 525 20 230 71 168 23 4366 46
internal_value=-2.84768e-05 7.03053e-05 -0.00260831 0.000573103 -0.000167382 -0.00901371 0.00207087 -0.00122763 0.00120554 0.00211276 0.0099026 0.0186077 0.00169074 0.0265837 0.0357861 -0.00141103 -0.00815063 0.0105902 -0.00132647 -0.00421871 0.000105521 0.00268247 0.00409308 0.00989406 0.0131071 0.0372804 0.00901954 0.0753915 0.00295252 0.00945725
internal_weight=75435.1 75017.4 11855.9 63161.4 42265.6 2102.36 20895.8 9753.56 19348.6 13553.2 682.398 351.404 12870.8 248.964 153.427 3159.93 602.567 81.8758 22917 3311.41 6771.66 9966.66 6019.57 970.56 823.748 119.144 704.604 52.3844 5049.01 697.067
internal_count=92294 88292 25308 62984 48464 14392 14520 10916 16503 10549 617 297 9932 176 97 2623 662 82 31961 13234 7224 6768 5646 709 512 114 398 43 4937 571
cat_boundaries=0 1 2 3 4 5
cat_threshold=835740 8 14 1475473 32768
is_linear=0
shrinkage=0.05


end of trees

feature_importances:
slot=1085
sku=585
rating=359
fg=270
dow=263
roll_7d=205
temp_c=196
ratio_so_far=165
lag_7d=159
price_ratio=128
holiday=76
weather=28
rain_mm_h=25
is_weekend=22
cat=16
lag_1d=15
h=3

parameters:
[boosting: gbdt]
[objective: poisson]
[metric: poisson]
[tree_learner: serial]
[device_type: cpu]
[data_sample_strategy: bagging]
[data: ]
[valid: ]
[num_iterations: 120]
[learning_rate: 0.05]
[num_leaves: 31]
[num_threads: 4]
[seed: 0]
[deterministic: 0]
[force_col_wise: 0]
[force_row_wise: 0]
[histogram_pool_size: -1]
[max_depth: -1]
[min_data_in_leaf: 20]
[min_sum_hessian_in_leaf: 0.001]
[bagging_fraction: 0.9]
[pos_bagging_fraction: 1]
[neg_bagging_fraction: 1]
[bagging_freq: 1]
[bagging_seed: 7719]
[bagging_by_query: 0]
[feature_fraction: 0.9]
[feature_fraction_bynode: 1]
[feature_fraction_seed: 2437]
[extra_trees: 0]
[extra_seed: 11797]
[early_stopping_round: 0]
[early_stopping_min_delta: 0]
[first_metric_only: 0]
[max_delta_step: 0]
[lambda_l1: 0]
[lambda_l2: 0]
[linear_lambda: 0]
[min_gain_to_split: 0]
[drop_rate: 0.1]
[max_drop: 50]
[skip_drop: 0.5]
[xgboost_dart_mode: 0]
[uniform_drop: 0]
[drop_seed: 21238]
[top_rate: 0.2]
[other_rate: 0.1]
[min_data_per_group: 100]
[max_cat_threshold: 32]
[cat_l2: 10]
[cat_smooth: 10]
[max_cat_to_onehot: 4]
[top_k: 20]
[monotone_constraints: ]
[monotone_constraints_method: basic]
[monotone_penalty: 0]
[feature_contri: ]
[forcedsplits_filename: ]
[refit_decay_rate: 0.9]
[cegb_tradeoff: 1]
[cegb_penalty_split: 0]
[cegb_penalty_feature_lazy: ]
[cegb_penalty_feature_coupled: ]
[path_smooth: 0]
[interaction_constraints: ]
[verbosity: -1]
[saved_feature_importance_type: 0]
[use_quantized_grad: 0]
[num_grad_quant_bins: 4]
[quant_train_renew_leaf: 0]
[stochastic_rounding: 1]
[linear_tree: 0]
[max_bin: 255]
[max_bin_by_feature: ]
[min_data_in_bin: 3]
[bin_construct_sample_cnt: 200000]
[data_random_seed: 38]
[is_enable_sparse: 1]
[enable_bundle: 1]
[use_missing: 1]
[zero_as_missing: 0]
[feature_pre_filter: 1]
[pre_partition: 0]
[two_round: 0]
[header: 0]
[label_column: ]
[weight_column: ]
[group_column: ]
[ignore_column: ]
[categorical_feature: 0,1,2,6]
[forcedbins_filename: ]
[precise_float_parser: 0]
[parser_config_file: ]
[objective_seed: 8855]
[num_class: 1]
[is_unbalance: 0]
[scale_pos_weight: 1]
[sigmoid: 1]
[boost_from_average: 1]
[reg_sqrt: 0]
[alpha: 0.9]
[fair_c: 1]
[poisson_max_delta_step: 0.7]
[tweedie_variance_power: 1.5]
[lambdarank_truncation_level: 30]
[lambdarank_norm: 1]
[label_gain: ]
[lambdarank_position_bias_regularization: 0]
[eval_at: ]
[multi_error_top_k: 1]
[auc_mu_weights: ]
[num_machines: 1]
[local_listen_port: 12400]
[time_out: 120]
[machine_list_filename: ]
[machines: ]
[gpu_platform_id: -1]
[gpu_device_id: -1]
[gpu_device_id_list: ]
[gpu_use_dp: 0]
[num_gpu: 1]

end of parameters

pandas_categorical:null
