tree
version=v4
num_class=1
num_tree_per_iteration=1
label_index=0
max_feature_idx=21
objective=quantile
feature_names=sku cat fg slot dow is_weekend weather temp_c rain_mm_h holiday cricket exam payday price_ratio featured hidden lag_1d lag_7d roll_7d ratio_so_far h rating
feature_infos=-1:14:15:13:18:5:21:4:0:1:16:9:6:12:10:11:22:17:2:7:19:20:8:3 -1:0:3:1:2 -1:0:1 [32:87] [0:6] [0:1] -1:0:1:2:3:4 [19.399999618530273:33] [0:6] [0:1] none none [0:1] [0.8888888955116272:1.1111111640930176] none none [0:24] [0:24] [0:6] [0.40000000596046448:1.8666666746139526] [1:16] [4.300499439239502:4.4664254188537598]
tree_sizes=2417 2495 2474 2492 2440 2441 2466 2519 2542 2494 2503 2502 2530 2550 2425 2578 2488 2439 2583 2468 2530 2484 2433 2465 2530 2628 2606 2534 2548 2555 2594 2504 2521 2552 2500 2580 2592 2545 2520 2562 2558 2594 2553 2521 2499 2516 2483 2510 2566 2458 2490 2470 2434 2481 2442 2391 2416 2475 2417 2494 2478 2435 2458 2510 2425 2434 2516 2554 2491 2520 2459 2527 2487 2444 2464 2357 2500 2532 2433 2441 2443 2526 2479 2408 2405 2448 2474 2441 2558 2422 2429 2482 2459 2509 2443 2414 2490 2467 2476 2520 2448 2499 2407 2484 2455 2514 2457 2535 2428 2569 2496 2472 2473 2439 2457 2540 2464 2383 2414 2526

Tree=0
num_leaves=31
num_cat=10
split_feature=18 18 18 2 3 0 0 18 3 3 3 3 2 3 0 4 4 2 3 3 0 3 3 3 4 2 2 7 2 9
split_gain=2643.04 400.504 119.489 114.27 151.414 107.66 47.0774 39.4667 37.6543 31.8797 38.9053 31.6081 32.8025 56.6077 33.977 18.5595 18.1146 32.6477 29.6593 15.9501 15.0422 14.2209 24.3439 17.3197 14.1574 18.4518 13.9772 13.8135 16.2004 13.6613
threshold=0.13903062045574191 0.76147955656051647 0.33035713434219366 0 81.500000000000014 1 2 1.5727040171623232 42.500000000000007 73.500000000000014 84.500000000000014 47.500000000000007 3 80.500000000000014 4 4.5000000000000009 4.5000000000000009 5 38.500000000000007 46.500000000000007 6 54.500000000000007 74.500000000000014 56.500000000000007 4.5000000000000009 7 8 30.10000038146973 9 1.0000000180025095e-35
decision_type=2 2 2 1 2 1 1 2 2 2 2 2 1 2 1 2 2 1 2 2 1 2 2 2 2 1 1 2 1 2
left_child=3 2 11 4 8 7 27 -3 -1 -5 -11 20 13 14 -13 -10 19 18 -18 -8 26 -14 23 -23 -7 29 -2 -4 -29 -26
right_child=1 5 6 9 -6 24 16 -9 15 10 -12 12 21 -15 -16 -17 17 -19 -20 -21 -22 22 -24 -25 25 -27 -28 28 -30 -31
leaf_value=0 0 0.050000000000000003 0 0 0 0 0 0.050000000000000003 0 0 0 0 0 0 0.050000000000000003 0.050000000000000003 0 0 0.050000000000000003 0 0 0 0 0 0 0 0 0.050000000000000003 0 0.050000000000000003
leaf_weight=2280 1443 5541 5043 26714 3748 4433 1908 2124 1896 1849 1908 3603 1776 703 2085 491 156 778 1762 8650 4127 734 3074 1030 514 228 445 2277 1260 587
leaf_count=2280 1443 5541 5043 26714 3748 4433 1908 2124 1896 1849 1908 3603 1776 703 2085 491 156 778 1762 8650 4127 734 3074 1030 514 228 445 2277 1260 587
internal_value=-0.0117764 -0.0046485 -0.00711069 -0.0217263 -0.0165686 0.00284315 -0.00458688 0.00671987 -0.0105582 -0.0231507 -0.0188382 -0.0100079 -0.00862168 -0.00606713 -0.0044128 -0.00616883 -0.00645356 -0.00280045 0.000703858 -0.0073925 -0.013005 -0.0110901 -0.0124948 -0.0171769 -0.00232155 0.0022009 -0.00911486 -0.00169383 0.000699746 0.00488193
internal_weight=93167 54281 40854 38886 8415 13427 21834 7665 4667 30471 3757 19020 13005 6391 5688 2387 13254 2696 1918 10558 6015 6614 4838 1764 5762 1329 1888 8580 3537 1101
internal_count=93167 54281 40854 38886 8415 13427 21834 7665 4667 30471 3757 19020 13005 6391 5688 2387 13254 2696 1918 10558 6015 6614 4838 1764 5762 1329 1888 8580 3537 1101
cat_boundaries=0 1 2 3 4 5 6 7 8 9 10
cat_threshold=1 327711 852383 1 7485024 1 885023 1 1 1
is_linear=0
shrinkage=0.05


Tree=1
num_leaves=31
num_cat=6
split_feature=17 16 0 3 3 3 3 17 4 0 3 3 3 21 17 0 17 4 21 17 17 4 0 3 0 0 3 4 17 21
split_gain=1573.01 574.906 219.945 120.202 199.119 70.8633 111.827 63.1701 56.8786 50.6564 50.2662 47.5458 28.1101 26.7711 26.0203 23.8982 21.7185 19.8194 19.5355 23.9358 18.7012 17.5649 16.8117 16.377 15.45 12.2915 11.9491 11.1473 11.1264 10.7874
threshold=0.21428572386503222 0.18750000000000003 0 44.500000000000007 56.500000000000007 83.500000000000014 74.500000000000014 1.3571428656578066 4.5000000000000009 1 47.500000000000007 80.500000000000014 46.500000000000007 4.3743658065795907 1.0000000180025095e-35 2 0.6428571641445161 5.5000000000000009 4.3299646377563485 0.5000000149011613 1.0000000180025095e-35 4.5000000000000009 3 40.500000000000007 4 5 77.500000000000014 4.5000000000000009 1.0714285969734194 4.3785598278045663
decision_type=2 2 1 2 2 2 2 2 2 1 2 2 2 2 2 1 2 2 2 2 2 2 1 2 1 1 2 2 2 2
left_child=1 3 7 14 10 6 13 16 12 -3 27 24 -4 -6 29 -14 -2 25 -10 -20 -15 -13 -12 -11 -8 -9 -18 -5 -21 -1
right_child=2 9 8 4 5 -7 11 17 18 23 22 21 15 20 -16 -17 26 -19 19 28 -22 -23 -24 -25 -26 -27 -28 -29 -30 -31
leaf_value=0 0 0.047500000000000001 0 0 0 0 0 0.047500000000000001 0 0 0 0 0 0 0 0 0.047500000000000001 0.097500000000000003 0 0.047500000000000001 0 0 0 0 0 0.047500000000000001 0 0 0.047500000000000001 0
leaf_weight=12271 1965 3072 2590 2027 12606 5209 1668 1723 1139 710 2474 2395 6048 4800 708 5570 4159 528 769 1374 794 405 2036 5890 2106 1391 543 596 780 4746
leaf_count=12271 1965 3072 2590 2027 12606 5209 1668 1723 1139 710 2474 2395 6048 4800 708 5570 4159 528 769 1374 794 405 2036 5890 2106 1391 543 596 780 4746
internal_value=-0.0117728 -0.0160987 -0.00200759 -0.0180809 -0.0164633 -0.0182495 -0.0171349 0.00383031 -0.00530088 -0.00485939 -0.00895486 -0.0115455 -0.00679547 -0.0191538 -0.0214683 -0.0057454 0.000941203 0.0091296 -8.61645e-05 0.00207834 -0.0220325 -0.0164821 -0.00575388 -0.00732224 -0.00788288 0.00761079 0.00278605 -0.0144586 0.0047818 -0.021859
internal_weight=93092 64513 28579 54841 37116 29983 24774 10309 18270 9672 7133 6574 14208 18200 17725 11618 6667 3642 4062 2923 5594 2800 4510 6600 3774 3114 4702 2623 2154 17017
internal_count=93092 64513 28579 54841 37116 29983 24774 10309 18270 9672 7133 6574 14208 18200 17725 11618 6667 3642 4062 2923 5594 2800 4510 6600 3774 3114 4702 2623 2154 17017
cat_boundaries=0 1 2 3 4 5 6
cat_threshold=327703 327711 2657224 5429856 336831 262160
is_linear=0
shrinkage=0.05


Tree=2
num_leaves=31
num_cat=10
split_feature=18 18 17 18 0 2 3 0 18 3 2 3 0 3 3 3 17 4 2 3 3 17 4 2 21 0 9 2 9 2
split_gain=2638.57 401.774 147.975 111.197 107.83 60.6436 102.029 46.3403 41.4186 33.2013 32.2144 53.8498 33.9722 28.1453 35.4767 22.1506 19.6176 18.1666 36.0065 30.6263 16.7702 16.421 16.2475 16.5834 16.1734 15.3302 14.3984 13.9459 13.6321 13.5275
threshold=0.13903062045574191 0.76147955656051647 0.35714286565780645 0.33248299360275274 0 1 81.500000000000014 2 1.5727040171623232 47.500000000000007 3 80.500000000000014 4 73.500000000000014 84.500000000000014 43.500000000000007 0.6428571641445161 4.5000000000000009 5 37.500000000000007 46.500000000000007 1.0714285969734194 4.5000000000000009 6 4.3299646377563485 7 1.0000000180025095e-35 8 1.0000000180025095e-35 9
decision_type=2 2 2 2 1 1 2 1 2 2 1 2 1 2 2 2 2 2 1 2 2 2 2 1 2 1 2 1 2 1
left_child=2 3 5 9 8 6 15 16 26 25 11 12 -11 -7 -15 -1 -5 20 19 -19 -9 -4 -6 28 -21 27 -3 -2 -24 -28
right_child=1 4 21 7 22 13 -8 17 -10 10 -12 -13 -14 14 -16 -17 -18 18 -20 24 -22 -23 23 -25 -26 -27 29 -29 -30 -31
leaf_value=0 0 0.045124999999999998 0 0 0 0 0 0 0.047500000000000001 0 0 0 0 0 0 0 0.045124999999999998 0 0 -0.0025000000000000005 0 0.050000000000000003 0 0 0.045124999999999998 0 0.045124999999999998 0 0.045124999999999998 -0.0025000000000000005
leaf_weight=2154 1261 3489 1041 4927 4390 26500 3747 2021 2108 3073 6641 692 2574 1687 1889 1685 2971 121 803 691 9034 144 505 236 1228 4297 1642 422 587 408
leaf_count=2154 1261 3489 1041 4927 4390 26500 3747 2021 2108 3073 6641 692 2574 1687 1889 1685 2971 121 803 691 9034 144 505 236 1228 4297 1642 422 587 408
internal_value=-0.0118218 -0.00468533 -0.0217642 -0.00715232 0.00283764 -0.0223116 -0.0183166 -0.00471646 0.00671608 -0.00995253 -0.00853236 -0.0059828 -0.00436958 -0.0233193 -0.0191555 -0.0125879 -0.00165023 -0.00645312 -0.00289307 0.000637255 -0.00737449 -0.00436709 -0.00235684 0.00248494 0.00217561 -0.0130351 0.00445478 -0.00878618 0.00508242 0.00778049
internal_weight=92968 54121 38847 40756 13365 37662 7586 21796 7647 18960 12980 6339 5647 30076 3576 3839 7898 13898 2843 2040 11055 1185 5718 1328 1919 5980 5539 1683 1092 2050
internal_count=92968 54121 38847 40756 13365 37662 7586 21796 7647 18960 12980 6339 5647 30076 3576 3839 7898 13898 2843 2040 11055 1185 5718 1328 1919 5980 5539 1683 1092 2050
cat_boundaries=0 1 2 3 4 5 6 7 8 9 10
cat_threshold=327711 1 328095 1 5387360 1 1 360735 1 1
is_linear=0
shrinkage=0.05


Tree=3
num_leaves=31
num_cat=11
split_feature=17 2 3 3 0 16 3 0 3 4 17 3 3 3 4 2 3 0 2 0 4 0 7 2 21 17 0 21 4 0
split_gain=1593.04 699.318 430.508 214.565 213.118 184.724 109.469 103.903 98.8387 64.5302 63.6098 48.9106 196.404 46.0561 34.4909 30.9077 30.666 29.6351 26.5418 22.5274 20.1511 20.0551 19.3113 17.9319 17.5648 19.4033 15.9709 14.7176 16.0148 14.1653
threshold=0.21428572386503222 0 80.500000000000014 42.500000000000007 1 1.0000000180025095e-35 74.500000000000014 2 84.500000000000014 4.5000000000000009 1.3571428656578066 44.500000000000007 56.500000000000007 47.500000000000007 4.5000000000000009 3 46.500000000000007 4 5 6 4.5000000000000009 7 30.10000038146973 8 4.3299646377563485 0.5000000149011613 9 4.3295428752899179 4.5000000000000009 10
decision_type=2 1 2 2 1 2 2 1 2 2 2 2 2 2 2 1 2 1 1 1 2 1 2 1 2 2 1 2 2 1
left_child=1 2 3 17 10 6 11 20 -8 16 18 -3 13 -13 26 24 -6 -1 22 -18 21 -5 -2 27 -11 -26 -9 -12 -29 -7
right_child=4 5 -4 7 9 29 8 14 -10 15 23 12 -14 -15 -16 -17 19 -19 -20 -21 -22 -23 -24 -25 25 -27 -28 28 -30 -31
leaf_value=0 0.042750000000000003 0 0 0.042868750000000004 0 0 0 0 0 0 0.042750000000000003 0 0 0 0.045243749999999999 0 0 0 0 0 0.047500000000000001 0 0.042868750000000004 0.042750000000000003 0 0.042868750000000004 0 0.042868750000000004 0.095368750000000002 0
leaf_weight=1720 2675 11889 4672 1865 2576 1310 3539 3437 1980 969 1223 1920 13819 2894 1281 681 5321 4828 2075 6257 897 2647 1938 546 514 1864 4149 1184 671 1709
leaf_count=1720 2675 11889 4672 1865 2576 1310 3539 3437 1980 969 1223 1920 13819 2894 1281 681 5321 4828 2075 6257 897 2647 1938 546 514 1864 4149 1184 671 1709
internal_value=-0.0117512 -0.0160977 -0.00965642 -0.00657895 -0.00190391 -0.0203021 -0.0212973 -0.00314164 -0.014817 -0.00515886 0.00383647 -0.022469 -0.0208702 -0.0121728 -0.00646896 0.000422046 -0.00675074 -0.014073 0.000949462 -0.00565296 0.00232054 0.000964096 0.003062 0.00917494 0.00239767 0.00470984 -0.00775771 0.0106563 0.0134636 -0.00842166
internal_weight=93050 64556 25496 20824 28494 39060 36041 14276 5519 18182 10312 30522 18633 4814 8867 4028 14154 6548 6688 11578 5409 4512 4613 3624 3347 2378 7586 3078 1855 3019
internal_count=93050 64556 25496 20824 28494 39060 36041 14276 5519 18182 10312 30522 18633 4814 8867 4028 14154 6548 6688 11578 5409 4512 4613 3624 3347 2378 7586 3078 1855 3019
cat_boundaries=0 1 2 3 4 5 6 7 8 9 10 11
cat_threshold=1 327703 885151 1 360731 1 2657160 327701 1 5256192 2433309
is_linear=0
shrinkage=0.05


Tree=4
num_leaves=31
num_cat=9
split_feature=18 18 17 18 0 0 2 3 17 18 3 2 3 0 3 3 3 4 2 3 17 4 2 4 0 2 21 17 3 18
split_gain=2646.84 405.299 151.342 114.77 107.399 48.6749 41.3168 88.3954 36.2493 36.2103 33.689 32.7003 57.4005 31.5358 23.2941 34.6878 20.5436 19.7435 36.4295 28.4895 18.987 16.8508 19.7763 16.0143 15.6102 15.854 14.4849 13.3736 13.3281 13.2132
threshold=0.13903062045574191 0.76147955656051647 1.0000000180025095e-35 0.33248299360275274 0 1 2 81.500000000000014 0.35714286565780645 1.5727040171623232 47.500000000000007 3 80.500000000000014 4 73.500000000000014 84.500000000000014 43.500000000000007 4.5000000000000009 5 37.500000000000007 0.6428571641445161 4.5000000000000009 6 4.5000000000000009 7 8 4.3305799961090097 1.0714285969734194 46.500000000000007 0.18494898080825808
decision_type=2 2 2 2 1 1 1 2 2 2 2 1 2 1 2 2 2 2 1 2 2 2 1 2 1 1 2 2 2 2
left_child=2 3 6 10 9 20 7 16 -4 -3 24 12 13 -12 -8 -16 -1 28 19 -19 -5 -6 26 -15 25 -2 -23 -10 -7 -13
right_child=1 4 8 5 21 17 14 -9 27 -11 11 29 -14 23 15 -17 -18 18 -20 -21 -22 22 -24 -25 -26 -27 -28 -29 -30 -31
leaf_value=0 0 0.040725312499999999 0 0 0 0 0 0 0 0.042750000000000003 0.042981562500000001 0 0 0 0 0 0 0 0 0.040725312499999999 0.040725312499999999 0 0 0 0 0 0.042981562500000008 0.042981562500000001 0 0
leaf_weight=1742 1452 5590 1928 5414 4416 1897 25761 3695 1046 2109 1800 3082 704 3193 1387 1812 1298 118 786 1822 3172 409 235 743 4107 455 693 135 8616 3522
leaf_count=1742 1452 5590 1928 5414 4416 1897 25761 3695 1046 2109 1800 3082 704 3193 1387 1812 1298 118 786 1822 3172 409 235 743 4107 455 693 135 8616 3522
internal_value=-0.0117596 -0.00463651 -0.0217336 -0.00711359 0.00289176 -0.00463803 -0.0226551 -0.0191277 -0.0111531 0.00674861 -0.00994858 -0.00852116 -0.00598602 -0.00433229 -0.0234755 -0.0194514 -0.0128125 -0.00653823 -0.00275128 0.000927835 -0.00169846 -0.00227746 0.0026365 -0.0068297 -0.0130446 -0.00911581 0.00544465 -0.00425487 -0.0075264 -0.0109933
internal_weight=93139 54335 38804 40883 13452 21825 35695 6735 3109 7699 19058 13044 6440 5736 28960 3199 3040 13239 2726 1940 8586 5753 1337 3936 6014 1907 1102 1181 10513 6604
internal_count=93139 54335 38804 40883 13452 21825 35695 6735 3109 7699 19058 13044 6440 5736 28960 3199 3040 13239 2726 1940 8586 5753 1337 3936 6014 1907 1102 1181 10513 6604
cat_boundaries=0 1 2 3 4 5 6 7 8 9
cat_threshold=327711 852383 1 1 901535 1 1 885023 1
is_linear=0
shrinkage=0.05


Tree=5
num_leaves=31
num_cat=7
split_feature=18 18 0 17 18 3 2 3 2 3 0 17 4 2 21 3 17 3 4 3 3 4 17 3 3 3 0 2 4 4
split_gain=2636.78 388.52 190.306 154.085 70.3486 51.0166 43.5661 89.0884 43.4983 70.1924 50.3206 38.556 35.8049 36.7009 25.1351 27.1692 24.9069 23.0656 23.0225 22.1821 32.7929 22.1292 21.752 20.9933 32.2567 22.9949 16.6468 16.111 16.0329 15.6148
threshold=0.13903062045574191 0.48596936464309698 0 1.0000000180025095e-35 1.5727040171623232 47.500000000000007 1 81.500000000000014 2 80.500000000000014 3 0.5000000149011613 4.5000000000000009 4 4.3299646377563485 39.500000000000007 0.35714286565780645 42.500000000000007 4.5000000000000009 73.500000000000014 84.500000000000014 4.5000000000000009 1.3571428656578066 54.500000000000007 74.500000000000014 56.500000000000007 5 6 5.5000000000000009 4.5000000000000009
decision_type=2 2 1 2 2 2 1 2 1 2 1 2 2 1 2 2 2 2 2 2 2 2 2 2 2 2 1 1 2 2
left_child=3 5 4 6 22 16 7 17 9 10 28 27 -4 14 -14 -16 -2 -1 -12 -8 -21 -18 -3 26 25 -25 -10 -5 -7 -11
right_child=1 2 12 11 -6 8 19 -9 23 29 18 -13 13 -15 15 -17 21 -19 -20 20 -22 -23 -24 24 -26 -27 -28 -29 -30 -31
leaf_value=0 0 0.038689046875000001 0 0 0.0408440625 0.040832484375000005 0 0 0 0 0 0 0 0 0 0.038689046875000001 0 0 0 0 0 0.038689046875000001 0.038694984374999998 0 0 0 0 0 0.045250000000000005 0
leaf_weight=1710 6202 7670 11208 1113 2096 2590 25847 3689 988 715 5505 764 873 631 91 1393 1699 1371 1329 1377 1797 524 2123 976 4220 1125 1912 1246 175 133
leaf_count=1710 6202 7670 11208 1113 2096 2590 25847 3689 988 715 5505 764 873 631 91 1393 1699 1371 1329 1377 1797 524 2123 976 4220 1125 1912 1246 175 133
internal_value=-0.0117932 -0.00466149 -0.000267395 -0.0217223 0.00439743 -0.0087415 -0.0226516 -0.0190399 -0.00734696 -0.00513784 -0.00391968 -0.0110711 -0.00417429 0.000686078 0.00355325 0.00751348 -0.011997 -0.0127637 -0.00621712 -0.0234942 -0.0195495 -0.00745614 0.00262177 -0.0098498 -0.0114657 -0.0165278 -0.00632759 -0.0142327 0.00177477 -0.0189269
internal_weight=93092 54178 26085 38914 11889 28093 35791 6770 19668 10447 9599 3123 14196 2988 2357 1484 8425 3081 6834 29021 3174 2223 9793 9221 6321 2101 2900 2359 2765 848
internal_count=93092 54178 26085 38914 11889 28093 35791 6770 19668 10447 9599 3123 14196 2988 2357 1484 8425 3081 6834 29021 3174 2223 9793 9221 6321 2101 2900 2359 2765 848
cat_boundaries=0 1 2 3 4 5 6 7
cat_threshold=327711 1 1 885151 1 5280320 1
is_linear=0
shrinkage=0.05


Tree=6
num_leaves=31
num_cat=10
split_feature=18 18 0 2 7 18 18 4 2 0 21 2 4 7 0 7 2 7 4 0 19 7 2 0 7 4 7 19 7 4
split_gain=2635.26 393.775 186.275 114.143 123.691 71.2014 46.0259 31.1768 36.7319 29.7632 22.5075 19.4314 24.3705 22.2776 17.4458 16.7728 15.7356 34.4669 28.7383 16.1066 14.2622 12.7072 17.4518 12.6707 12.3835 12.2409 11.8716 13.2418 10.5127 9.80841
threshold=0.13903062045574191 0.48596936464309698 0 1 27.10000038146973 1.5727040171623232 0.24362244457006457 4.5000000000000009 2 3 4.3299646377563485 4 4.5000000000000009 27.400000572204593 5 30.10000038146973 6 28.69999980926514 4.5000000000000009 7 0.99914938211441051 30.10000038146973 8 9 27.400000572204593 4.5000000000000009 24.500000000000004 1.1669636368751528 28.899999618530277 4.5000000000000009
decision_type=2 2 1 1 2 2 2 2 1 1 2 1 2 2 1 2 1 2 2 1 2 2 1 1 2 2 2 2 2 2
left_child=3 6 5 4 20 11 16 23 10 21 -9 12 15 -14 25 -3 17 -2 19 -19 -1 -8 29 -4 -12 -6 -22 -28 -18 -23
right_child=1 2 7 -5 14 -7 9 8 -10 -11 24 -13 13 -15 -16 -17 28 18 -20 -21 26 22 -24 -25 -26 -27 27 -29 -30 -31
leaf_value=0 0 -0.0019344523437500002 0 0 0 0.038801859374999997 0 0 0 0 0 -0.0019344523437500002 -0.0019344523437500002 0.045928047656249998 0 0.036754594531249997 0 0 0.043547110156250006 0 0 0 0 0 0.036754594531249997 0 0 0 0 0.040945296875000009
leaf_weight=2768 3313 3114 5772 30430 1513 2109 4433 861 613 11079 232 2505 425 1060 821 2696 1929 683 595 1020 1046 1243 1173 5446 1227 316 1689 232 2377 243
leaf_count=2768 3313 3114 5772 30430 1513 2109 4433 861 613 11079 232 2505 425 1060 821 2696 1929 683 595 1020 1046 1243 1173 5446 1227 316 1689 232 2377 243
internal_value=-0.0117786 -0.00465114 -0.000224482 -0.0217216 -0.0165564 0.00438166 -0.00875819 -0.00410105 0.000485851 -0.00726295 0.00336207 0.00259184 0.0038965 0.00961279 -0.00762264 0.00243546 -0.0114979 -0.00975316 -0.00504787 -0.00835291 -0.0206844 -0.00470994 -0.00198383 -0.00530398 0.00714531 -0.0103181 -0.018276 -0.0159422 -0.0137715 0.00161507
internal_weight=92963 54148 26060 38815 8385 11909 28088 14151 2933 18171 2320 9800 7295 1485 2650 5810 9917 5611 2298 1703 5735 7092 2659 11218 1459 1829 2967 1921 4306 1486
internal_count=92963 54148 26060 38815 8385 11909 28088 14151 2933 18171 2320 9800 7295 1485 2650 5810 9917 5611 2298 1703 5735 7092 2659 11218 1459 1829 2967 1921 4306 1486
cat_boundaries=0 1 2 3 4 5 6 7 8 9 10
cat_threshold=327711 1 1 854431 1 5930496 1 6337024 1 2662848
is_linear=0
shrinkage=0.05


Tree=7
num_leaves=31
num_cat=4
split_feature=18 18 17 18 0 0 18 0 17 17 17 3 4 3 4 17 3 3 3 3 3 9 3 0 7 9 17 17 21 3
split_gain=2602.29 392.623 150.696 110.673 108.437 51.3451 44.0165 33.1166 20.8822 19.1531 19.0304 18.823 18.5273 21.6304 17.7277 17.4706 15.8268 13.6703 13.1738 51.0664 16.4057 13.0711 12.601 10.5359 10.5085 10.1774 10.0804 9.6567 9.94765 9.33456
threshold=0.13903062045574191 0.76147955656051647 0.21428572386503222 0.33248299360275274 0 1 1.7181122899055483 2 1.0714285969734194 0.6428571641445161 1.0000000180025095e-35 47.500000000000007 4.5000000000000009 37.500000000000007 4.5000000000000009 0.21428572386503222 46.500000000000007 47.500000000000007 44.500000000000007 56.500000000000007 46.500000000000007 1.0000000180025095e-35 80.500000000000014 3 30.10000038146973 1.0000000180025095e-35 0.35714286565780645 0.35714286565780645 4.3299646377563485 79.500000000000014
decision_type=2 2 2 2 1 1 2 1 2 2 2 2 2 2 2 2 2 2 2 2 2 2 2 1 2 2 2 2 2 2
left_child=2 3 10 7 6 9 21 15 26 24 18 -9 16 -14 -6 17 -7 -2 -1 20 -20 -3 -19 -13 -5 -16 -4 -15 -29 -25
right_child=1 4 8 5 14 12 -8 11 -10 -11 -12 23 13 27 25 -17 -18 22 19 -21 -22 -23 -24 29 -26 -27 -28 28 -30 -31
leaf_value=0 0 0.034916716367187496 0 0 0 0 0.079361766406250006 0 0.040832484375000005 0.034916864804687496 0 0 0 0 0 0 0 0 0 0 0 0.036856957773437497 0 0 0 0.034804052304687493 0 0 0.034916864804687496 0
leaf_weight=13698 1862 3800 694 3024 4394 2019 1675 3372 142 2926 1250 1470 128 1244 617 2383 9029 2917 849 20216 934 2209 713 5276 1858 732 1044 511 973 1121
leaf_count=13698 1862 3800 694 3024 4394 2019 1675 3372 142 2926 1250 1470 128 1244 617 2383 9029 2917 849 20216 934 2209 713 5276 1858 732 1044 511 973 1121
internal_value=-0.011799 -0.00472647 -0.0216814 -0.00716578 0.00269047 -0.00472319 0.00657005 -0.00994036 -0.00787234 -0.00147096 -0.0223841 -0.0116922 -0.00654377 -0.00295868 -0.00250739 -0.00741598 -0.00747647 -0.00897669 -0.0225964 -0.0218385 -0.0137269 0.00458063 -0.00719008 -0.0103629 -0.00339 0.00250185 -0.0093786 -0.00201613 0.000707547 -0.00942329
internal_weight=93080 54253 38827 40826 13427 21712 7684 19114 1880 7808 36947 11239 13904 2856 5743 7875 11048 5492 35697 21999 1783 6009 3630 7867 4882 1349 1738 2728 1484 6397
internal_count=93080 54253 38827 40826 13427 21712 7684 19114 1880 7808 36947 11239 13904 2856 5743 7875 11048 5492 35697 21999 1783 6009 3630 7867 4882 1349 1738 2728 1484 6397
cat_boundaries=0 1 2 3 4
cat_threshold=327711 328095 2951583 36864
is_linear=0
shrinkage=0.05


Tree=8
num_leaves=31
num_cat=9
split_feature=18 18 17 18 0 2 7 0 18 17 0 17 4 2 7 4 4 2 17 9 2 21 0 17 4 4 21 7 2 19
split_gain=2649.92 402.116 161.013 111.235 104.271 63.4849 81.7729 52.6703 39.6802 30.3797 21.8391 19.1188 18.8842 34.207 17.4373 15.8229 15.1377 15.8064 14.3291 13.6979 13.2556 13.1368 12.0094 10.9316 10.814 10.7907 10.7463 10.7316 11.6561 10.6925
threshold=0.13903062045574191 0.76147955656051647 0.35714286565780645 0.33248299360275274 0 1 27.10000038146973 2 1.5727040171623232 0.35714286565780645 3 0.6428571641445161 4.5000000000000009 4 27.400000572204593 4.5000000000000009 4.5000000000000009 5 1.0714285969734194 1.0000000180025095e-35 6 4.3305799961090097 7 1.0000000180025095e-35 4.5000000000000009 4.5000000000000009 4.3299646377563485 30.10000038146973 8 0.99914938211441051
decision_type=2 2 2 2 1 1 2 1 2 2 1 2 2 1 2 2 2 1 2 2 1 2 1 2 2 2 2 2 1 2
left_child=2 3 5 9 8 6 29 11 19 10 -2 27 -9 14 -14 22 -6 21 -4 -3 24 -18 -11 -7 -21 -13 -16 -5 -29 -1
right_child=1 4 18 7 16 23 -8 12 -10 15 -12 25 13 -15 26 -17 17 -19 -20 20 -22 -23 -24 -25 -26 -27 -28 28 -30 -31
leaf_value=0 0 0.033171028986328122 0 0 0 0 0 0 0.032746868087890624 0 0 0.033170724689453125 0 0 -0.0044112656249999998 0 0 0 0.043309297656250002 0.035008469259765626 -0.0080918432402343754 0.035207287189453131 0 0 0.082383781759765629 0.036949141134765627 0.035008751291015626 0.040894145273437502 0 0
leaf_weight=2722 3611 3505 1035 3074 4434 28971 2075 10987 2130 668 10940 2375 500 816 501 1007 420 229 147 1140 415 684 2848 1082 516 603 1026 1159 701 2783
leaf_count=2722 3611 3505 1035 3074 4434 28971 2075 10987 2130 668 10940 2375 500 816 501 1007 420 229 147 1140 415 684 2848 1082 516 603 1026 1159 701 2783
internal_value=-0.0117482 -0.00461558 -0.0217242 -0.00708791 0.00287427 -0.0222949 -0.0182058 -0.00464309 0.00667444 -0.0098747 -0.0109872 -0.00138223 -0.00650289 -0.00287548 0.000604341 -0.0062956 -0.00221136 0.00245686 -0.0035533 0.00446557 0.00768952 0.00493659 -0.00787827 -0.0233263 0.00969203 0.00177972 0.00325802 -0.00329347 -0.000295699 -0.0213942
internal_weight=93104 54289 38815 40816 13473 37633 7580 21742 7706 19074 14551 7912 13830 2843 2027 4523 5767 1333 1182 5576 2071 1104 3516 30053 1656 2978 1527 4934 1860 5505
internal_count=93104 54289 38815 40816 13473 37633 7580 21742 7706 19074 14551 7912 13830 2843 2027 4523 5767 1333 1182 5576 2071 1104 3516 30053 1656 2978 1527 4934 1860 5505
cat_boundaries=0 1 2 3 4 5 6 7 8 9
cat_threshold=327711 1 328095 590221 1 1 1 4231200 1
is_linear=0
shrinkage=0.05


Tree=9
num_leaves=31
num_cat=8
split_feature=18 18 17 18 0 0 2 3 18 17 3 2 3 0 3 3 3 17 4 2 3 17 4 2 17 9 2 21 3 3
split_gain=2613.63 410.878 154.12 116.395 109.203 50.259 44.1464 90.9388 41.3149 35.8607 32.6466 33.4419 58.2094 31.7171 22.1885 34.1441 20.9908 20.9021 20.1847 29.4657 26.6874 15.7505 15.2481 19.2254 15.051 14.3441 14.7314 14.1773 13.805 12.8886
threshold=0.13903062045574191 0.76147955656051647 1.0000000180025095e-35 0.33248299360275274 0 1 2 81.500000000000014 1.5727040171623232 0.35714286565780645 47.500000000000007 3 80.500000000000014 4 73.500000000000014 84.500000000000014 42.500000000000007 0.6428571641445161 4.5000000000000009 5 37.500000000000007 0.21428572386503222 4.5000000000000009 6 1.0714285969734194 1.0000000180025095e-35 7 4.3299646377563485 46.500000000000007 54.500000000000007
decision_type=2 2 2 2 1 1 1 2 2 2 2 1 2 1 2 2 2 2 2 1 2 2 2 1 2 2 1 2 2 2
left_child=2 3 6 10 8 17 7 16 25 -4 21 12 13 -12 -8 -16 -1 -5 28 20 -20 -2 -6 -24 -11 -3 -27 -22 -7 -13
right_child=1 4 9 5 22 18 14 -9 -10 24 11 29 -14 -15 15 -17 -18 -19 19 -21 27 -23 23 -25 -26 26 -28 -29 -30 -31
leaf_value=0 0 0.031512477537011717 0 0 0 0 0 0 0.031256334681542972 0 0 0 0 0 0 0 0 0.031512485329980466 0 0 -0.0041907023437500008 0 0.033141215056542966 0 0.0411438327734375 0.033263983296777343 -0.0076872510782226566 0.033258313726464844 0 0
leaf_weight=1712 4360 3517 1921 5383 4386 1922 25774 3693 2123 1052 2630 1794 691 3129 1370 1829 1353 3135 118 777 649 1667 1082 231 145 1640 405 1145 8582 4801
leaf_count=1712 4360 3517 1921 5383 4386 1922 25774 3693 2123 1052 2630 1794 691 3129 1370 1829 1353 3135 118 777 649 1667 1082 231 145 1640 405 1145 8582 4801
internal_value=-0.0117969 -0.00469889 -0.0216936 -0.00719356 0.00290272 -0.00469002 -0.0226239 -0.0189849 0.00678687 -0.0110327 -0.0100435 -0.00863741 -0.00607752 -0.00443219 -0.0234727 -0.0195452 -0.0126183 -0.00168856 -0.0066216 -0.00276125 0.000575314 -0.0130869 -0.00234279 0.00238005 -0.00423977 0.00453074 0.00786064 0.0020903 -0.00761615 -0.011141
internal_weight=93016 54167 38849 40783 13384 21711 35731 6758 7685 3118 19072 13045 6450 5759 28973 3199 3065 8518 13193 2689 1912 6027 5699 1313 1197 5562 2045 1794 10504 6595
internal_count=93016 54167 38849 40783 13384 21711 35731 6758 7685 3118 19072 13045 6450 5759 28973 3199 3065 8518 13193 2689 1912 6027 5699 1313 1197 5562 2045 1794 10504 6595
cat_boundaries=0 1 2 3 4 5 6 7 8
cat_threshold=327711 852383 1 1 5387264 1 1 1
is_linear=0
shrinkage=0.05


Tree=10
num_leaves=31
num_cat=8
split_feature=18 18 17 0 18 2 3 0 18 3 3 3 5 2 3 17 17 17 3 2 3 0 0 21 3 3 17 3 2 3
split_gain=2637.92 388.871 153.678 143.132 71.0176 63.153 105.497 54.2507 53.932 29.9613 36.2309 28.2855 28.0022 26.859 24.605 19.4378 18.0091 17.4916 16.0665 18.5262 37.2558 15.2595 15.1887 14.9973 16.4862 14.1224 13.7267 13.4949 15.8966 13.2373
threshold=0.13903062045574191 0.58545920252799999 0.35714286565780645 0 0.24362244457006457 1 81.500000000000014 2 1.5727040171623232 73.500000000000014 84.500000000000014 46.500000000000007 1.0000000180025095e-35 3 43.500000000000007 1.0714285969734194 0.5000000149011613 1.3571428656578066 47.500000000000007 4 80.500000000000014 5 6 4.3305799961090097 36.500000000000007 47.500000000000007 1.0714285969734194 79.500000000000014 7 49.500000000000007
decision_type=2 2 2 1 2 1 2 1 2 2 2 2 2 1 2 2 2 2 2 1 2 1 1 2 2 2 2 2 1 2
left_child=2 4 5 8 15 6 14 16 17 -7 -11 -9 -5 23 -1 18 25 29 -2 20 21 -20 -13 -14 -25 -6 -4 28 -27 -3
right_child=1 3 26 12 7 9 -8 11 -10 10 -12 22 13 -15 -16 -17 -18 -19 19 -21 -22 -23 -24 24 -26 27 -28 -29 -30 -31
leaf_value=0 0 -0.0018377297265625002 0 0 0 0 0 0 0.029620112948442381 0 0 0 -0.0016570607528271484 0 0 0.043304206992187504 0 0.031557095709965823 0 0 0 0.036616473398437502 0 0 0.031902674577153324 0.0388870328125 0.034568203634765628 0 0 0.029936853660161133
leaf_weight=2171 3280 1926 1040 7422 1828 26521 3697 3538 2112 1691 1874 4030 618 399 1716 102 3044 1927 1524 3548 491 900 8356 45 1047 1854 138 774 1411 3931
leaf_count=2171 3280 1926 1040 7422 1828 26521 3697 3538 2112 1691 1874 4030 618 399 1716 102 3044 1927 1524 3548 491 900 8356 45 1047 1854 138 774 1411 3931
internal_value=-0.0117904 -0.00465328 -0.0217308 0.00101019 -0.00782584 -0.022287 -0.0182094 -0.00640125 0.00521906 -0.0233148 -0.0190112 -0.00814924 -0.00336181 0.00171882 -0.0124582 -0.0114195 -0.00326477 0.00330164 -0.0116468 -0.0102004 -0.007247 -0.00470297 -0.0070281 0.00444444 0.00796703 -0.00488751 -0.00394737 -0.00323719 -0.00183002 0.00194212
internal_weight=92955 54107 38848 19427 34680 37670 7584 24835 9896 30086 3565 15924 9531 2109 3887 9845 8911 7784 9743 6463 2915 2424 12386 1710 1092 5867 1178 4039 3265 5857
internal_count=92955 54107 38848 19427 34680 37670 7584 24835 9896 30086 3565 15924 9531 2109 3887 9845 8911 7784 9743 6463 2915 2424 12386 1710 1092 5867 1178 4039 3265 5857
cat_boundaries=0 1 2 3 4 5 6 7 8
cat_threshold=327711 1 852383 1 1 5389824 5280768 1
is_linear=0
shrinkage=0.05


Tree=11
num_leaves=31
num_cat=10
split_feature=17 2 3 0 3 16 3 0 3 2 4 3 3 3 17 4 0 2 3 21 0 4 7 0 17 21 0 4 0 4
split_gain=1604.81 688.735 424.16 219.685 206.568 181.74 107.338 100.105 96.6893 66.3717 63.4795 47.8994 196.357 45.8036 44.1218 33.473 29.6496 28.494 28.0682 24.2297 23.6601 19.0159 18.0334 17.9352 17.5835 15.286 14.5049 14.1918 13.4897 12.9634
threshold=0.21428572386503222 0 80.500000000000014 1 42.500000000000007 1.0000000180025095e-35 74.500000000000014 2 84.500000000000014 3 4.5000000000000009 44.500000000000007 56.500000000000007 47.500000000000007 1.3571428656578066 4.5000000000000009 4 5 46.500000000000007 4.3299646377563485 6 4.5000000000000009 30.10000038146973 7 0.5000000149011613 4.3261692523956308 8 4.5000000000000009 9 4.5000000000000009
decision_type=2 1 2 1 2 2 2 1 2 1 2 2 2 2 2 2 1 1 2 2 1 2 2 1 2 2 1 2 1 2
left_child=1 2 4 9 16 6 11 21 -8 14 18 -3 13 -13 22 26 29 19 -5 -12 -20 23 -2 -6 -21 -16 -9 -27 -7 -1
right_child=3 5 -4 10 7 28 8 15 -10 -11 17 12 -14 -15 25 -17 -18 -19 20 24 -22 -23 -24 -25 -26 27 -28 -29 -30 -31
leaf_value=0 0.025843449800043702 0 0 0 0.030098003948930419 0 0 0 0 0 -0.001574207715185791 0 0 0 0.02790596684341284 0.030307540848295657 0 0 0 0 0 0.037358177176074092 0.028440010977153075 0 0.031595398040141602 0.029147636795732297 0 0.079008882838872072 0 0
leaf_weight=1253 2700 11904 4688 2606 1854 1087 3503 1567 2001 2653 976 1921 13812 2914 1147 1264 4849 696 5295 501 6293 860 1934 2636 1850 1230 6034 694 1968 438
leaf_count=1253 2700 11904 4688 2606 1854 1087 3503 1567 2001 2653 976 1921 13812 2914 1147 1264 4849 696 5295 501 6293 860 1934 2636 1850 1230 6034 694 1968 438
internal_value=-0.0118101 -0.016177 -0.00977381 -0.00194488 -0.00670561 -0.0203426 -0.0213348 -0.00332219 -0.0149073 0.00386767 -0.00524908 -0.0224927 -0.0209109 -0.0122389 0.00621999 -0.00657746 -0.0140596 0.000292071 -0.00682331 0.00221671 -0.0057689 0.00208022 0.00313984 0.00077951 0.00496597 0.0108678 -0.00783778 0.0135915 -0.00863339 -0.00818636
internal_weight=93128 64553 25443 28575 20755 39110 36055 14215 5504 10358 18217 30551 18647 4835 7705 8865 6540 4023 14194 3327 11588 5350 4634 4490 2351 3071 7601 1924 3055 1691
internal_count=93128 64553 25443 28575 20755 39110 36055 14215 5504 10358 18217 30551 18647 4835 7705 8865 6540 4023 14194 3327 11588 5350 4634 4490 2351 3071 7601 1924 3055 1691
cat_boundaries=0 1 2 3 4 5 6 7 8 9 10
cat_threshold=1 327703 885151 1 360731 1 2657160 327701 4198400 2367517
is_linear=0
shrinkage=0.05


Tree=12
num_leaves=31
num_cat=6
split_feature=18 18 0 17 18 3 2 3 0 2 3 17 4 2 4 4 17 7 17 4 3 3 3 3 9 4 3 3 3 0
split_gain=2659.78 388.099 185.085 161.216 66.5566 55.0346 47.3874 66.8874 47.687 44.7058 92.5873 39.1002 32.992 35.2452 31.4202 31.4131 25.1717 23.231 20.8486 20.1645 20.0714 30.2519 19.6873 31.9358 18.4799 18.4138 16.3347 14.7508 14.5956 15.2033
threshold=0.13903062045574191 0.48596936464309698 0 1.0000000180025095e-35 1.5727040171623232 47.500000000000007 1 79.500000000000014 2 3 81.500000000000014 0.5000000149011613 4.5000000000000009 4 4.5000000000000009 4.5000000000000009 0.35714286565780645 28.69999980926514 0.92857143282890331 4.5000000000000009 73.500000000000014 84.500000000000014 54.500000000000007 75.500000000000014 1.0000000180025095e-35 4.5000000000000009 56.500000000000007 36.500000000000007 83.500000000000014 5
decision_type=2 2 1 2 2 2 1 2 1 1 2 2 2 1 2 2 2 2 2 2 2 2 2 2 2 2 2 2 2 1
left_child=3 5 4 9 18 16 7 8 -7 10 17 -5 -4 24 -9 -10 -2 -1 -3 -18 -11 -22 -8 26 -14 -20 -24 -26 29 -25
right_child=1 2 12 11 -6 6 22 14 15 20 -12 -13 13 -15 -16 -17 19 -19 25 -21 21 -23 23 28 27 -27 -28 -29 -30 -31
leaf_value=0 0 0.026658651407733897 0 0 0.02744748377086292 0.035058209619711921 0 0 0 0 0 0 -0.0014954973294265014 0 7.8710385759289553e-05 0.031950080481884524 0 0 0.027018010428295422 0.03001562813813452 0 0 0 0 0 0.030676957500237068 0 0.028309250672851075 0 0
leaf_weight=2099 6114 5306 11194 2333 2140 2614 2850 1032 5332 25808 3662 782 1056 607 197 1295 1678 937 3445 531 1384 1806 989 1590 37 1050 1616 1246 544 1571
leaf_count=2099 6114 5306 11194 2333 2140 2614 2850 1032 5332 25808 3662 782 1056 607 197 1295 1678 937 3445 531 1384 1806 989 1590 37 1050 1616 1246 544 1571
internal_value=-0.01175 -0.00457767 -0.000190752 -0.0217355 0.00439085 -0.0086708 -0.00722618 -0.00492837 -0.00347094 -0.0226874 -0.0190057 -0.0108266 -0.00406007 0.000644942 -0.0158869 -0.00572171 -0.012078 -0.0125494 0.00265024 -0.0075034 -0.0235378 -0.0197962 -0.00985262 -0.0114105 0.00343095 0.00515573 -0.0156526 0.00746298 -0.0084278 -0.00712591
internal_weight=92845 54034 26081 38811 11941 27953 19630 10470 9241 35696 6698 3115 14140 2946 1229 6627 8323 3036 9801 2209 28998 3190 9160 6310 2339 4495 2605 1283 3705 3161
internal_count=92845 54034 26081 38811 11941 27953 19630 10470 9241 35696 6698 3115 14140 2946 1229 6627 8323 3036 9801 2209 28998 3190 9160 6310 2339 4495 2605 1283 3705 3161
cat_boundaries=0 1 2 3 4 5 6
cat_threshold=327711 1 885151 1 1 1742560
is_linear=0
shrinkage=0.05


Tree=13
num_leaves=31
num_cat=9
split_feature=18 18 0 2 3 18 3 2 3 0 4 2 3 3 3 4 4 21 0 18 2 2 4 3 3 4 4 0 3 3
split_gain=2645.66 397.393 189.469 115.415 149.534 68.519 48.4402 41.9983 63.506 46.6092 36.1382 40.6306 35.5969 35.1851 42.4212 29.7566 24.0199 22.207 21.7905 20.9224 18.539 17.9456 26.5804 52.8792 17.6322 15.7735 15.6926 15.6423 14.7919 13.2525
threshold=0.13903062045574191 0.48596936464309698 0 1 81.500000000000014 1.5727040171623232 47.500000000000007 2 80.500000000000014 3 4.5000000000000009 4 42.500000000000007 73.500000000000014 84.500000000000014 4.5000000000000009 4.5000000000000009 4.3299646377563485 5 0.22576530277729037 6 7 4.5000000000000009 37.500000000000007 39.500000000000007 4.5000000000000009 5.5000000000000009 8 46.500000000000007 44.500000000000007
decision_type=2 2 1 1 2 2 2 1 2 1 2 1 2 2 2 2 2 2 1 2 1 1 2 2 2 2 2 1 2 2
left_child=3 6 5 4 12 21 18 8 9 26 28 17 -1 -5 -15 -10 -11 -12 20 -9 -2 22 29 -24 -19 -14 -8 -21 -4 -3
right_child=1 2 10 13 -6 -7 7 19 15 16 11 -13 25 14 -16 -17 -18 24 -20 27 -22 -23 23 -25 -26 -27 -28 -29 -30 -31
leaf_value=0 0 -0.0031706622969491951 0 0 0 0.026608575611500554 0.028492507885200698 0 0 0 -0.0014207224629551763 0 0 0 0 7.4774866471325082e-05 -0.0015187936383349368 0 0 0 0 -0.0031706622969491951 -0.0055456622969491951 0.034151753897567173 0.027376701272238319 0.028760023551020267 0.037257465777398205 0 0 0.025667109906880647
leaf_weight=2260 2361 1395 1584 26707 3740 2119 2571 3469 733 5543 875 619 1889 1850 1879 133 1353 94 5448 1800 595 2477 138 1354 1364 497 176 3959 9629 4434
leaf_count=2260 2361 1395 1584 26707 3740 2119 2571 3469 733 5543 875 619 1889 1850 1879 133 1353 94 5448 1800 595 2477 138 1354 1364 497 176 3959 9629 4434
internal_value=-0.0117451 -0.00461105 -0.000164865 -0.0217093 -0.0165156 0.00447933 -0.00873192 -0.00737827 -0.00521696 -0.00405216 -0.00407231 0.000846883 -0.0105252 -0.0231404 -0.0185908 -0.0181871 -0.00624095 0.00386841 -0.011911 -0.00983962 -0.00834457 0.00271994 0.00396462 0.00991957 0.00764746 -0.00626572 0.00145992 -0.00799184 -0.005371 0.00244038
internal_weight=93045 54223 26082 38822 8386 11917 28141 19737 10509 9643 14165 2952 4646 30436 3729 866 6896 2333 8404 9228 2956 9798 7321 1492 1458 2386 2747 5759 11213 5829
internal_count=93045 54223 26082 38822 8386 11917 28141 19737 10509 9643 14165 2952 4646 30436 3729 866 6896 2333 8404 9228 2956 9798 7321 1492 1458 2386 2747 5759 11213 5829
cat_boundaries=0 1 2 3 4 5 6 7 8 9
cat_threshold=327711 1 1 885151 1 885023 1 1 5411904
is_linear=0
shrinkage=0.05


Tree=14
num_leaves=31
num_cat=9
split_feature=18 18 17 18 0 2 3 0 18 3 2 3 0 3 3 3 4 4 2 4 2 3 17 3 17 0 3 3 3 2
split_gain=2624 391.983 153.467 116.452 104.906 60.5737 101.164 43.3339 41.012 35.7198 34.6598 49.0318 34.404 29.2569 37.7829 24.8413 23.7445 23.1713 37.6021 18.2498 19.461 17.4341 16.012 15.6973 15.5491 14.7381 13.4684 27.613 17.9403 13.4617
threshold=0.13903062045574191 0.76147955656051647 0.35714286565780645 0.33248299360275274 0 1 81.500000000000014 2 1.5727040171623232 47.500000000000007 3 80.500000000000014 4 73.500000000000014 84.500000000000014 42.500000000000007 4.5000000000000009 4.5000000000000009 5 4.5000000000000009 6 38.500000000000007 0.6428571641445161 46.500000000000007 1.0714285969734194 7 54.500000000000007 74.500000000000014 56.500000000000007 8
decision_type=2 2 2 2 1 1 2 1 2 2 1 2 1 2 2 2 2 2 1 2 1 2 2 2 2 1 2 2 2 1
left_child=2 3 5 9 8 6 15 22 -3 25 11 12 -11 -7 -15 -1 -13 23 21 -6 -21 -19 -5 -9 -4 29 -12 28 -28 -2
right_child=1 4 24 7 19 13 -8 17 -10 10 26 16 -14 14 -16 -17 -18 18 -20 20 -22 -23 -24 -25 -26 -27 27 -29 -30 -31
leaf_value=0 0 0.024383754411536618 0 0 0 0 0 0 0.025278146830925524 0 0 0 0 0 0 0 7.1036123147758811e-05 0 0 0.02554252189223748 0 0.025393600814317553 0.024383761814856932 0 0.037358230953027344 0 0 0 0 0
leaf_weight=2086 1439 5575 1048 4907 4415 26395 3716 2003 2116 3067 1799 597 2657 1685 1869 1776 108 156 804 1081 239 1888 2955 9020 139 4099 729 3052 1048 455
leaf_count=2086 1439 5575 1048 4907 4415 26395 3716 2003 2116 3067 1799 597 2657 1685 1869 1776 108 156 804 1081 239 1888 2955 9020 139 4099 729 3052 1048 455
internal_value=-0.011781 -0.0046805 -0.0217234 -0.00712 0.00272978 -0.0222833 -0.0182898 -0.00461855 0.00654136 -0.00997375 -0.00850693 -0.00589127 -0.00435884 -0.0232938 -0.0190349 -0.012623 -0.0183333 -0.00629818 -0.0022823 -0.00238903 0.00276515 0.00132094 -0.00164507 -0.00734147 -0.00402275 -0.0131695 -0.0110441 -0.0124198 -0.0173748 -0.00932248
internal_weight=92923 54209 38714 40783 13426 37527 7578 21733 7691 19050 13057 6429 5724 29949 3554 3862 705 13871 2848 5735 1320 2044 7862 11023 1187 5993 6628 4829 1777 1894
internal_count=92923 54209 38714 40783 13426 37527 7578 21733 7691 19050 13057 6429 5724 29949 3554 3862 705 13871 2848 5735 1320 2044 7862 11023 1187 5993 6628 4829 1777 1894
cat_boundaries=0 1 2 3 4 5 6 7 8 9
cat_threshold=327711 1 328095 1 7484448 1 1 885023 1
is_linear=0
shrinkage=0.05


Tree=15
num_leaves=31
num_cat=5
split_feature=18 18 17 0 18 18 3 0 0 4 17 17 17 0 3 17 3 3 3 3 9 17 17 4 0 3 18 21 3 17
split_gain=2663.8 392.886 157.833 144.629 75.2489 58.4002 32.3581 29.5629 26.6842 25.4168 22.4372 20.7671 16.8386 15.1382 15.1019 13.6819 12.6065 11.9571 50.1872 17.4023 11.7561 11.3551 10.8453 10.5604 10.5415 10.2528 9.84772 9.43335 9.42841 9.419
threshold=0.13903062045574191 0.58545920252799999 0.21428572386503222 0 0.33248299360275274 1.5727040171623232 47.500000000000007 1 2 4.5000000000000009 1.0714285969734194 1.0000000180025095e-35 1.3571428656578066 3 80.500000000000014 0.6428571641445161 40.500000000000007 44.500000000000007 56.500000000000007 46.500000000000007 1.0000000180025095e-35 1.0714285969734194 0.35714286565780645 4.5000000000000009 4 47.500000000000007 0.99872449040412914 4.379357337951661 40.500000000000007 0.21428572386503222
decision_type=2 2 2 1 2 2 2 1 1 2 2 2 2 1 2 2 2 2 2 2 2 2 2 2 1 2 2 2 2 2
left_child=2 4 11 5 6 12 13 15 14 -5 22 17 16 29 -8 25 -3 -1 19 -19 -11 28 -4 -14 -22 -6 -18 -23 -9 -2
right_child=1 3 10 9 7 -7 8 21 -10 20 -12 -13 23 -15 -16 -17 26 18 -20 -21 24 27 -24 -25 -26 -27 -28 -29 -30 -31
leaf_value=0 0 -0.005295242695773611 0 0 0 0.024014239489379249 0 0 0 0 0.029549881356518322 0 0.023115897420156562 0 0 0.02466141640712214 0.023164566690959787 0 0 0 0.02241009725442223 0 0 0.027515675573560289 0.026595273144570677 0 0.024627605040433844 0.050000000000000003 0 0
leaf_weight=13656 1175 579 707 7399 1070 2120 4506 793 7686 1054 139 1242 1296 4298 884 1811 2905 846 20329 925 716 666 1056 607 392 2444 2440 185 8694 502
leaf_count=13656 1175 579 707 7399 1070 2120 4506 793 7686 1054 139 1242 1296 4298 884 1811 2905 846 20329 925 716 666 1056 607 392 2444 2440 185 8694 502
internal_value=-0.0117126 -0.00454981 -0.0216967 0.00112774 -0.00774039 0.00534549 -0.00985119 -0.00517302 -0.00845824 -0.00326246 -0.00764984 -0.0224188 0.00335697 -0.0128996 -0.00572222 -0.00213215 0.00204254 -0.0226396 -0.0219208 -0.0138481 0.00150324 -0.00673077 -0.0091747 0.00744877 0.00509928 -0.00395561 0.00280168 -0.00120447 -0.00723358 -0.00866924
internal_weight=93122 54222 38900 19508 34714 9947 19051 15663 13076 9561 1902 36998 7827 5975 5390 5325 5924 35756 22100 1771 2162 10338 1763 1903 1108 3514 5345 851 9487 1677
internal_count=93122 54222 38900 19508 34714 9947 19051 15663 13076 9561 1902 36998 7827 5975 5390 5325 5924 35756 22100 1771 2162 10338 1763 1903 1108 3514 5345 851 9487 1677
cat_boundaries=0 1 2 3 4 5
cat_threshold=327711 328095 2689935 360735 2160896
is_linear=0
shrinkage=0.05


Tree=16
num_leaves=31
num_cat=8
split_feature=18 18 0 17 2 3 18 17 3 5 2 5 3 3 3 2 0 17 3 2 3 5 3 2 3 9 3 17 0 3
split_gain=2624.52 394.275 182.441 157.088 64.4133 104.007 62.8181 47.5119 41.5553 36.1332 45.0251 30.6206 28.4399 35.8377 25.4339 40.8203 28.3425 23.9392 23.7464 23.5481 19.8014 19.6886 18.9334 18.2953 16.4887 16.0004 16.4048 14.9289 14.8348 14.6376
threshold=0.13903062045574191 0.48596936464309698 0 0.35714286565780645 1 81.500000000000014 1.5727040171623232 0.35714286565780645 47.500000000000007 1.0000000180025095e-35 2 1.0000000180025095e-35 73.500000000000014 84.500000000000014 80.500000000000014 3 4 0.92857143282890331 42.500000000000007 5 54.500000000000007 1.0000000180025095e-35 75.500000000000014 6 46.500000000000007 1.0000000180025095e-35 36.500000000000007 1.0714285969734194 7 56.500000000000007
decision_type=2 2 1 2 1 2 2 2 2 2 1 2 2 2 2 1 1 2 2 1 2 2 2 1 2 2 2 2 1 2
left_child=3 7 6 4 5 18 17 8 -2 24 25 28 -6 -14 15 16 -10 -3 -1 -16 -17 -19 29 -13 -4 -11 -27 -5 -9 -22
right_child=1 2 9 27 12 -7 -8 11 14 10 -12 23 13 -15 19 20 -18 21 -20 -21 22 -23 -24 -25 -26 26 -28 -29 -30 -31
leaf_value=0 0 0.020630977589459344 0 0 0 0 0.021606107526861231 0 0 -0.0026268124344192914 0 0.02724516669051192 0 0 0 0 0 0.021960102549148736 0 0 0 0.026139891794882276 0 0 0 0 0.024123920773601676 0.034012825337550061 0 0
leaf_weight=2080 6173 5070 1603 1065 26522 3702 2110 3012 4263 1097 635 1486 1700 1902 742 1878 2091 3364 1799 1323 733 1043 1409 380 9942 43 1272 140 3229 1319
leaf_count=2080 6173 5070 1603 1065 26522 3702 2110 3012 4263 1097 635 1486 1700 1902 742 1878 2091 3364 1799 1323 733 1043 1409 380 9942 43 1272 140 3229 1319
internal_value=-0.0117842 -0.00467335 -0.000260705 -0.0216924 -0.0222603 -0.0181407 0.0044214 -0.00879342 -0.0101061 -0.00397891 0.000861503 -0.00556618 -0.023297 -0.0191283 -0.00857683 -0.00767339 -0.00496538 0.00268809 -0.0124194 -0.0136925 -0.0108962 0.00538348 -0.0131393 5.35906e-05 -0.00525985 0.0039801 0.00769962 -0.00392116 -0.00724643 -0.0162037
internal_weight=93127 54217 26179 38910 37705 7581 11587 28038 19931 14592 3047 8107 30124 3602 13758 11693 6354 9477 3879 2065 5339 4407 3461 1866 11545 2412 1315 1205 6241 2052
internal_count=93127 54217 26179 38910 37705 7581 11587 28038 19931 14592 3047 8107 30124 3602 13758 11693 6354 9477 3879 2065 5339 4407 3461 1866 11545 2412 1315 1205 6241 2052
cat_boundaries=0 1 2 3 4 5 6 7 8
cat_threshold=327703 1 1 1 7503392 1 1 7435360
is_linear=0
shrinkage=0.05


Tree=17
num_leaves=31
num_cat=9
split_feature=18 18 17 18 1 17 2 3 3 17 4 17 3 2 2 3 3 3 1 1 4 3 3 4 2 4 2 21 3 2
split_gain=2639.66 407.937 155.701 138.248 52.2282 50.5544 43.5555 90.3599 43.4117 36.9375 30.9609 28.4087 25.1894 44.0426 24.631 23.2224 33.7038 22.3414 22.0438 21.1021 19.2143 17.7286 37.3158 16.0326 22.2365 15.8737 14.6734 14.4204 13.4213 13.0333
threshold=0.13903062045574191 0.48596936464309698 1.0000000180025095e-35 1.400255084037781 0 0.35714286565780645 1 81.500000000000014 47.500000000000007 0.5000000149011613 4.5000000000000009 1.0714285969734194 80.500000000000014 2 3 73.500000000000014 84.500000000000014 43.500000000000007 4 5 5.5000000000000009 56.500000000000007 74.500000000000014 4.5000000000000009 6 4.5000000000000009 7 4.3285236358642587 46.500000000000007 8
decision_type=2 2 2 2 1 2 1 2 2 2 2 2 2 1 1 2 2 2 1 1 2 2 2 2 1 2 1 2 2 1
left_child=2 5 6 4 11 8 7 17 -2 29 -7 -3 13 19 -14 -8 -17 -1 -5 -10 -13 -15 -23 28 -25 -21 27 -12 -6 -4
right_child=1 3 9 18 23 10 15 -9 12 -11 26 20 14 21 -16 16 -18 -19 -20 25 -22 22 -24 24 -26 -27 -28 -29 -30 -31
leaf_value=0 0 0 0 0.068084884441120708 0 0 0 0 0 0 -0.0028051122909437858 0.020794083457229631 0 0 0 0 0 0 0.020422676298349714 0 0.05903595854560742 0 0 0.020202086143342814 0 0.032001607299153793 0 0.02779657776446557 0 0
leaf_weight=1745 6178 10652 1122 1487 727 6275 25748 3689 2086 782 430 2688 735 2676 1310 1425 1801 1303 2661 3599 412 953 1763 1328 473 641 373 1089 5764 1227
leaf_count=1745 6178 10652 1122 1487 727 6275 25748 3689 2086 782 430 2688 735 2676 1310 1425 1801 1303 2661 3599 412 953 1763 1328 473 641 373 1089 5764 1227
internal_value=-0.0117498 -0.00463076 -0.021702 -0.000141265 -0.00171702 -0.00881422 -0.0226394 -0.0190181 -0.0101713 -0.0110109 -0.0055008 0.000174393 -0.00860822 -0.00771463 -0.0137286 -0.0234814 -0.0194823 -0.0126476 0.00823288 -0.0048846 0.0043871 -0.0110349 -0.0138807 -0.00484823 -0.000680178 -0.00283529 0.000105708 0.00228769 -0.00601217 -0.0141443
internal_weight=93142 54300 38842 26192 22044 28108 35711 6737 19941 3131 8167 13752 13763 11718 2045 28974 3226 3048 4148 6326 3100 5392 2716 8292 1801 4240 1892 1519 6491 2349
internal_count=93142 54300 38842 26192 22044 28108 35711 6737 19941 3131 8167 13752 13763 11718 2045 28974 3226 3048 4148 6326 3100 5392 2716 8292 1801 4240 1892 1519 6491 2349
cat_boundaries=0 1 2 3 4 5 6 7 8 9
cat_threshold=3 1 1 1 2 8 1 1 1
is_linear=0
shrinkage=0.05


Tree=18
num_leaves=31
num_cat=7
split_feature=18 18 0 17 18 2 3 3 2 3 0 4 2 3 3 17 3 4 18 4 17 3 4 9 3 17 4 0 0 3
split_gain=2615.46 399.33 184.402 154.505 66.992 62.6502 103.642 50.9217 40.4855 70.7113 48.6188 34.8028 36.9878 28.8723 36.5354 25.6847 23.4993 22.7299 22.0513 20.6921 20.3753 16.4764 16.0928 15.631 17.7204 15.4488 15.3379 15.306 14.4466 12.495
threshold=0.13903062045574191 0.49362246692180639 0 0.35714286565780645 1.5727040171623232 1 81.500000000000014 47.500000000000007 2 80.500000000000014 3 4.5000000000000009 4 73.500000000000014 84.500000000000014 0.35714286565780645 43.500000000000007 4.5000000000000009 0.22576530277729037 4.5000000000000009 1.3571428656578066 46.500000000000007 5.5000000000000009 1.0000000180025095e-35 36.500000000000007 1.0714285969734194 4.5000000000000009 5 6 40.500000000000007
decision_type=2 2 1 2 2 1 2 2 1 2 1 2 1 2 2 2 2 2 2 2 2 2 2 2 2 2 2 1 1 2
left_child=3 7 4 5 20 6 16 15 9 10 22 21 23 -7 -15 -2 -1 28 -10 -17 29 -4 -9 -13 -25 -5 -11 -20 -12 -3
right_child=1 2 11 25 -6 13 -8 8 18 26 17 12 -14 14 -16 19 -18 -19 27 -21 -22 -23 -24 24 -26 -27 -28 -29 -30 -31
leaf_value=0 0 -0.004043678061574703 0 0 0.019404599374360204 0 0 0.024615623579841713 0 0 0 -0.002495471812698327 0 0 0 0 0 -0.0026648566763965965 0 0.022868298250038433 0.019840963606773815 0 0.033629648881383103 -0.0011205048627211116 0.021907620427754449 0.032312184070672559 -1.1226068768918673e-05 0 0 0.020908340262108662
leaf_weight=2179 6175 861 1545 1038 2130 26377 3690 2617 3462 715 1255 1060 617 1695 1852 1705 1710 1346 2133 522 2136 9530 181 44 1234 146 133 3651 4347 6800
leaf_count=2179 6175 861 1545 1038 2130 26377 3690 2617 3462 715 1255 1060 617 1695 1852 1705 1710 1346 2133 522 2136 9530 181 44 1234 146 133 3651 4347 6800
internal_value=-0.01178 -0.00469151 -0.000214778 -0.0217108 0.00435411 -0.0222722 -0.0182115 -0.00880603 -0.0074244 -0.00531433 -0.00410938 -0.004099 0.00071912 -0.0233007 -0.0190654 -0.0120686 -0.0125161 -0.00634521 -0.00984209 -0.0074652 0.00261049 -0.00538826 0.00146011 0.00359281 0.00731612 -0.00392736 -0.0191627 -0.00795297 -0.00775616 0.00140647
internal_weight=92886 54199 25957 38687 11927 37503 7579 28242 19840 10594 9746 14030 2955 29924 3547 8402 3889 6948 9246 2227 9797 11075 2798 2338 1278 1184 848 5784 5602 7661
internal_count=92886 54199 25957 38687 11927 37503 7579 28242 19840 10594 9746 14030 2955 29924 3547 8402 3889 6948 9246 2227 9797 11075 2798 2338 1278 1184 848 5784 5602 7661
cat_boundaries=0 1 2 3 4 5 6 7
cat_threshold=327711 1 1 885151 1 2369949 4198400
is_linear=0
shrinkage=0.05


Tree=19
num_leaves=31
num_cat=8
split_feature=18 18 17 18 1 3 2 3 2 3 17 4 17 17 1 3 3 1 3 4 3 3 4 4 3 4 2 2 17 2
split_gain=2640.69 397.631 153.554 139.527 54.7554 47.2785 43.9813 92.4793 43.5945 72.9366 37.9999 35.3886 27.1609 24.0298 23.7373 22.853 33.7696 22.7681 22.3064 21.6333 20.1143 31.1729 18.5705 16.4246 15.508 15.3341 23.231 14.5762 13.5806 12.8594
threshold=0.13903062045574191 0.49362246692180639 1.0000000180025095e-35 1.400255084037781 0 47.500000000000007 1 81.500000000000014 2 80.500000000000014 0.35714286565780645 4.5000000000000009 1.0714285969734194 0.35714286565780645 3 73.500000000000014 84.500000000000014 4 42.500000000000007 4.5000000000000009 54.500000000000007 75.500000000000014 5.5000000000000009 4.5000000000000009 56.500000000000007 4.5000000000000009 5 6 1.0714285969734194 7
decision_type=2 2 2 2 1 2 1 2 1 2 2 2 2 2 1 2 2 1 2 2 2 2 2 2 2 2 1 1 2 1
left_child=2 5 6 4 12 13 7 18 9 11 -4 14 29 27 -7 -8 -17 -5 -1 -15 -10 24 -14 -11 -22 -6 -27 -2 -12 -3
right_child=1 3 10 17 25 8 15 -9 20 23 28 -13 22 19 -16 16 -18 -19 -20 -21 21 -23 -24 -25 -26 26 -28 -29 -30 -31
leaf_value=0 0 0 0 0.063710410250346655 0 0 0 0 0 0 0 0.026539991710062119 0.018762331104029459 0 0 0 0 0.018434369405642193 0 0.023349664555261124 0 0 0.055092112437988353 -1.0664765330472739e-05 0 0.01809660081478795 0 0 0.030696574867138927 0
leaf_weight=1687 5116 8041 1956 1497 6432 2424 25802 3688 2882 719 1046 1852 2648 1697 5383 1408 1825 2666 1351 526 976 3746 394 132 1629 1289 454 1056 137 2517
leaf_count=1687 5116 8041 1956 1497 6432 2424 25802 3688 2882 719 1046 1852 2648 1697 5383 1408 1825 2666 1351 526 976 3746 394 132 1629 1289 454 1056 137 2517
internal_value=-0.0117783 -0.00463144 -0.0217134 -0.00016578 -0.00176923 -0.00874796 -0.0226441 -0.0190009 -0.00741149 -0.00520932 -0.0111102 -0.00397298 0.000176341 -0.011891 -0.00544703 -0.023488 -0.0195252 0.00822123 -0.0125411 -0.00743365 -0.00991823 -0.0114903 0.00433925 -0.0192421 -0.015691 -0.005 -0.000846242 -0.0134964 -0.00403635 -0.00102292
internal_weight=92976 54076 38900 25938 21775 28138 35761 6726 19743 10510 3139 9659 13600 8395 7807 29035 3233 4163 3038 2223 9233 6351 3042 851 2605 8175 1743 6172 1183 10558
internal_count=92976 54076 38900 25938 21775 28138 35761 6726 19743 10510 3139 9659 13600 8395 7807 29035 3233 4163 3038 2223 9233 6351 3042 851 2605 8175 1743 6172 1183 10558
cat_boundaries=0 1 2 3 4 5 6 7 8
cat_threshold=3 1 1 8 2 1 1 1
is_linear=0
shrinkage=0.05


Tree=20
num_leaves=31
num_cat=7
split_feature=17 16 0 3 3 3 3 17 3 4 0 3 3 21 17 0 17 17 3 21 17 4 3 0 0 0 0 4 21 17
split_gain=1588.07 567.994 224.511 117.831 204.401 68.0674 78.3086 64.2632 61.1253 60.7858 53.627 52.8735 29.5283 26.763 24.4406 23.6541 20.7489 18.309 16.8247 16.6718 24.0652 15.9142 15.2255 14.6198 13.5851 12.5108 12.3091 12.1473 10.6869 10.3465
threshold=0.21428572386503222 0.18750000000000003 0 44.500000000000007 56.500000000000007 84.500000000000014 73.500000000000014 1.3571428656578066 80.500000000000014 4.5000000000000009 1 47.500000000000007 46.500000000000007 4.3743658065795907 1.0000000180025095e-35 2 1.0000000180025095e-35 0.6428571641445161 74.500000000000014 4.3299646377563485 0.5000000149011613 5.5000000000000009 40.500000000000007 3 4 5 6 4.5000000000000009 4.3785598278045663 1.0714285969734194
decision_type=2 2 1 2 2 2 2 2 2 2 1 2 2 2 2 1 2 2 2 2 2 2 2 1 1 1 1 2 2 2
left_child=1 3 7 14 11 6 13 17 18 12 -3 27 -4 -6 28 -14 -15 -2 -8 -11 -21 25 -12 -13 -20 -9 -19 -5 -1 -22
right_child=2 10 9 4 5 -7 8 21 -10 19 22 23 15 16 -16 -17 -18 26 24 20 29 -23 -24 -25 -26 -27 -28 -29 -30 -31
leaf_value=0 0 0.013725735549485141 0 0 0 0 0 0.019826680857039654 0 -0.0011534238612830663 0 0 0 0 0 0 0 0.021505859085117287 0 0 0.018949413020961293 0.059145323267770472 0 0 0 0.017547748143701025 0.017476954337745088 0 0 0.019907409365627335
leaf_weight=12248 1955 3036 2578 2018 12052 4051 849 1710 3940 1136 704 1760 5313 4634 701 6277 723 1635 1579 784 1350 520 5912 2784 2161 1390 3109 610 4713 769
leaf_count=12248 1955 3036 2578 2018 12052 4051 849 1710 3940 1136 704 1760 5313 4634 701 6277 723 1635 1579 784 1350 520 5912 2784 2161 1390 3109 610 4713 769
internal_value=-0.0117754 -0.0161214 -0.0019526 -0.0180905 -0.0164924 -0.0183059 -0.0173645 0.00393794 -0.0134394 -0.00529039 -0.0049368 -0.00890965 -0.00683583 -0.0192874 -0.0214528 -0.00575928 -0.0222279 0.0010412 -0.00951732 0.000117603 0.00212711 0.00930939 -0.00745548 -0.00564481 -0.00807487 0.00795161 0.00271922 -0.0145548 -0.021831 0.00489618
internal_weight=93001 64475 28526 54823 37161 29989 25938 10319 8529 18207 9652 7172 14168 17409 17662 11590 5357 6699 4589 4039 2903 3620 6616 4544 3740 3100 4744 2628 16961 2119
internal_count=93001 64475 28526 54823 37161 29989 25938 10319 8529 18207 9652 7172 14168 17409 17662 11590 5357 6699 4589 4039 2903 3620 6616 4544 3740 3100 4744 2628 16961 2119
cat_boundaries=0 1 2 3 4 5 6 7
cat_threshold=327703 327711 2657160 2893213 2433855 262160 262160
is_linear=0
shrinkage=0.05


Tree=21
num_leaves=31
num_cat=9
split_feature=18 18 0 17 18 17 2 3 4 4 3 3 3 3 3 2 0 2 2 21 17 17 4 3 3 17 3 0 2 0
split_gain=2665.07 392.968 179.274 157.236 64.7753 57.7551 52.588 98.8257 48.4699 46.0349 44.6005 26.2116 25.8235 33.5021 23.6737 41.6145 29.0391 24.3861 23.388 27.1482 22.1399 16.7503 16.9276 16.3458 38.5036 15.0629 13.9102 13.8618 13.6786 16.141
threshold=0.13903062045574191 0.48596936464309698 0 0.21428572386503222 1.5727040171623232 0.35714286565780645 1 81.500000000000014 4.5000000000000009 4.5000000000000009 47.500000000000007 42.500000000000007 73.500000000000014 84.500000000000014 80.500000000000014 2 3 4 5 4.3299646377563485 0.92857143282890331 0.92857143282890331 4.5000000000000009 56.500000000000007 74.500000000000014 0.92857143282890331 46.500000000000007 6 7 8
decision_type=2 2 1 2 2 2 1 2 2 2 2 2 2 2 2 1 1 1 1 2 2 2 2 2 2 2 2 1 1 1
left_child=3 5 4 6 21 10 7 11 26 27 28 -1 -8 -14 15 16 -12 -16 19 -10 -5 -3 -23 -17 -25 -20 -4 -7 29 -2
right_child=1 2 8 20 -6 9 12 -9 18 -11 14 -13 13 -15 17 23 -18 -19 25 -21 -22 22 -24 24 -26 -27 -28 -29 -30 -31
leaf_value=0 0 0.018683638154633943 0 0 0.016641860109400809 0 0 0 -0.0042279613769057953 5.7671193064153318e-05 0 0 0 0 0 0 0 0 0 0.01918446504881165 0.029161746123781987 0.017014841106104607 0.02190100121275431 0 0 5.7671193064153318e-05 0 0 0 0
leaf_weight=1938 1505 5318 1568 1694 2116 3154 26185 3711 868 1907 4301 1563 1583 1844 727 2623 2078 1317 463 1466 210 3443 1062 942 1790 157 9646 3074 1053 3679
leaf_count=1938 1505 5318 1568 1694 2116 3154 26185 3711 868 1907 4301 1563 1583 1844 727 2623 2078 1317 463 1466 210 3443 1062 942 1790 157 9646 3074 1053 3679
internal_value=-0.011686 -0.00453444 -0.000115869 -0.0217052 0.00439577 -0.00863233 -0.0224297 -0.0186009 -0.00391804 -0.0050799 -0.0100762 -0.012575 -0.0233622 -0.0192807 -0.00848817 -0.00762315 -0.00489497 -0.013454 0.00177725 0.00407027 -0.00769433 0.00269012 0.00493341 -0.010873 -0.0135798 -0.00685484 -0.00542179 -0.00716121 -0.0135843 -0.0125289
internal_weight=92985 54257 26107 38728 11939 28150 36824 7212 14168 8135 20015 3501 29612 3427 13778 11734 6379 2044 2954 2334 1904 9823 4505 5355 2732 620 11214 6228 6237 5184
internal_count=92985 54257 26107 38728 11939 28150 36824 7212 14168 8135 20015 3501 29612 3427 13778 11734 6379 2044 2954 2334 1904 9823 4505 5355 2732 620 11214 6228 6237 5184
cat_boundaries=0 1 2 3 4 5 6 7 8 9
cat_threshold=327711 1 1 7503392 1 1 7370336 1 622879
is_linear=0
shrinkage=0.05


Tree=22
num_leaves=31
num_cat=9
split_feature=18 18 18 2 3 0 0 18 3 3 3 3 0 4 2 3 2 3 4 4 0 3 7 2 2 3 4 21 3 3
split_gain=2675.01 389.643 116.771 111.636 148.484 103.244 43.582 43.4179 39.2048 35.6569 41.4839 32.632 28.3738 25.6397 21.1346 24.2283 20.6965 36.0363 17.4613 17.4293 16.1794 15.4505 14.8906 19.481 14.1922 13.5914 13.508 12.5319 12.5016 66.3827
threshold=0.13903062045574191 0.76147955656051647 0.33035713434219366 0 81.500000000000014 1 2 1.5727040171623232 42.500000000000007 73.500000000000014 84.500000000000014 47.500000000000007 3 4.5000000000000009 4 37.500000000000007 5 80.500000000000014 4.5000000000000009 4.5000000000000009 6 46.500000000000007 30.10000038146973 7 8 79.500000000000014 4.5000000000000009 4.331956386566163 44.500000000000007 56.500000000000007
decision_type=2 2 2 1 2 1 1 2 2 2 2 2 1 2 1 2 1 2 2 2 1 2 2 1 1 2 2 2 2 2
left_child=3 2 11 4 8 7 22 -3 -1 28 -11 20 16 21 15 -15 17 -13 -7 25 24 -8 -4 26 -2 -10 -24 -16 -5 -30
right_child=1 5 6 9 -6 18 13 -9 19 10 -12 12 -14 14 27 -17 -18 -19 -20 -21 -22 -23 23 -25 -26 -27 -28 -29 29 -31
leaf_value=0 0 0.017788715154210082 0 0 0 0 0 0.015875674906211928 0 0 0 0 0 0 0 0.018000715462138685 0 0 0.015090569325711773 0.037558233463204742 0 0 0.018139317823396821 0 0 0 0.028985509444761772 0 0 0
leaf_weight=2269 1445 5533 5034 11854 3764 4412 1933 2123 1634 1839 1860 2256 7579 120 276 1790 2833 276 1334 481 4068 8565 1884 1245 455 266 379 494 2122 12809
leaf_count=2269 1445 5533 5034 11854 3764 4412 1933 2123 1634 1839 1860 2256 7579 120 276 1790 2833 276 1334 481 4068 8565 1884 1245 455 266 379 494 2122 12809
internal_value=-0.0117215 -0.004524 -0.00696249 -0.0217196 -0.0166211 0.00286897 -0.00446133 0.0066658 -0.0106452 -0.0231269 -0.0185253 -0.00983503 -0.00842475 -0.00626327 -0.00190299 0.00091623 -0.00560465 -0.00233017 -0.00219771 -0.00616338 -0.0128938 -0.00738236 -0.00167212 0.000826682 -0.00890052 -0.00831579 0.00359037 -0.0088961 -0.0237624 -0.0227999
internal_weight=92932 54034 40632 38898 8414 13402 21720 7656 4650 30484 3699 18912 12944 13178 2680 1910 5365 2532 5746 2381 5968 10498 8542 3508 1900 1900 2263 770 26785 14931
internal_count=92932 54034 40632 38898 8414 13402 21720 7656 4650 30484 3699 18912 12944 13178 2680 1910 5365 2532 5746 2381 5968 10498 8542 3508 1900 1900 2263 770 26785 14931
cat_boundaries=0 1 2 3 4 5 6 7 8 9
cat_threshold=1 327711 852383 2689935 1 1 885023 1 1
is_linear=0
shrinkage=0.05


Tree=23
num_leaves=31
num_cat=9
split_feature=18 18 0 17 18 17 2 3 4 3 4 2 3 3 2 3 0 7 17 17 3 3 3 3 3 0 4 2 0 0
split_gain=2665.49 389.338 181.429 153.946 68.5434 61.2157 53.4026 97.9632 49.0707 42.8168 37.4801 26.7733 25.4207 33.3922 24.6693 63.8373 28.5782 24.0882 21.167 18.4367 17.4806 14.9689 14.6355 24.6107 13.7312 13.3497 12.621 12.0239 14.4498 12.011
threshold=0.13903062045574191 0.48596936464309698 0 0.21428572386503222 1.5727040171623232 0.35714286565780645 1 81.500000000000014 4.5000000000000009 47.500000000000007 4.5000000000000009 2 73.500000000000014 84.500000000000014 3 80.500000000000014 4 28.69999980926514 1.0714285969734194 0.92857143282890331 36.500000000000007 46.500000000000007 54.500000000000007 75.500000000000014 56.500000000000007 5 4.5000000000000009 6 7 8
decision_type=2 2 1 2 2 2 1 2 2 2 2 1 2 2 1 2 1 2 2 2 2 2 2 2 2 1 2 1 1 1
left_child=3 5 4 6 19 9 7 17 25 27 21 20 -8 -14 15 16 -11 -1 -5 -3 -12 -4 -16 24 -24 -7 -21 28 -2 -23
right_child=1 2 10 18 -6 8 12 -9 -10 14 11 -13 13 -15 22 -17 -18 -19 -20 26 -22 29 23 -25 -26 -27 -28 -29 -30 -31
leaf_value=0 0 0.015803908388740941 0 0 0.015073094425256138 0 0 0 0.013633738236866522 0 -0.0020237028720256388 0 0 0 0 0 0 0 0.020889373051847973 0.015309631735952229 0.017100679689031752 0 0 0 0 0 0.01912917167701729 0 0 0
leaf_weight=2427 1485 5309 1575 1749 2132 1268 26270 3687 1873 3618 72 614 1569 1849 1891 744 2796 1116 145 3447 2273 5270 729 2704 1332 4975 1073 1051 3645 4362
leaf_count=2427 1485 5309 1575 1749 2132 1268 26270 3687 1873 3618 72 614 1569 1849 1891 744 2796 1116 145 3447 2273 5270 729 2704 1332 4975 1073 1051 3645 4362
internal_value=-0.0117394 -0.00458074 -0.000186589 -0.0217433 0.00434592 -0.00866476 -0.0224565 -0.018603 -0.00500246 -0.0101513 -0.00401383 0.00098851 -0.023395 -0.0193388 -0.00860359 -0.00656608 -0.0049579 -0.0126658 -0.00784055 0.00258673 0.00342217 -0.00533818 -0.0107948 -0.0122718 -0.0163877 -0.00713199 0.00493363 -0.0136103 -0.0126121 -0.00459925
internal_weight=93050 54238 26127 38812 11961 28111 36918 7230 8116 19995 14166 2959 29688 3418 13814 7158 6414 3543 1894 9829 2345 11207 6656 4765 2061 6243 4520 6181 5130 9632
internal_count=93050 54238 26127 38812 11961 28111 36918 7230 8116 19995 14166 2959 29688 3418 13814 7158 6414 3543 1894 9829 2345 11207 6656 4765 2061 6243 4520 6181 5130 9632
cat_boundaries=0 1 2 3 4 5 6 7 8 9
cat_threshold=327711 1 1 1 7500832 4199456 1 622879 2656192
is_linear=0
shrinkage=0.05


Tree=24
num_leaves=31
num_cat=8
split_feature=18 18 17 18 2 3 17 3 1 4 3 3 2 3 3 17 17 1 1 21 4 4 2 4 18 2 21 21 4 2
split_gain=2611.65 395.656 158.2 138.898 54.8629 102.693 50.1411 47.3985 45.6651 26.0833 25.9113 34.2275 24.2345 65.7756 24.0649 24.0272 21.535 20.7348 18.508 18.4135 20.8877 18.2199 16.9531 14.4979 14.2364 13.4443 13.3727 12.9157 12.7438 12.3019
threshold=0.13903062045574191 0.49362246692180639 0.21428572386503222 1.400255084037781 0 81.500000000000014 0.35714286565780645 47.500000000000007 1 4.5000000000000009 73.500000000000014 84.500000000000014 2 80.500000000000014 42.500000000000007 0.92857143282890331 1.0714285969734194 3 4 4.3279523849487314 4.5000000000000009 4.5000000000000009 5 4.5000000000000009 0.26403062045574194 6 4.3285236358642587 4.3299646377563485 4.5000000000000009 7
decision_type=2 2 2 2 1 2 2 2 1 2 2 2 1 2 2 2 2 1 1 2 2 2 1 2 2 1 2 2 2 1
left_child=2 6 4 8 5 14 7 -2 15 -8 -6 -12 13 18 -1 -3 29 -5 -9 -17 -21 -10 26 -20 -14 27 -11 -23 -19 -4
right_child=1 3 16 17 10 -7 9 12 21 22 11 -13 24 -15 -16 19 -18 28 23 20 -22 25 -24 -25 -26 -27 -28 -29 -30 -31
leaf_value=0 0 0 0 0.057152964960118881 0 0 0 0 0 -0.0053528688159702915 0 0 0 0 0 0 0.026659190165000485 0.014085723143899054 0 0.015910065467980267 0.046439296250501333 -0.0056261257587976819 -0.00068457047149653389 0.027731093961693098 0 0 0.022680915228907486 0.016245645704580165 0.041068657742624762 0
leaf_weight=1957 6198 7936 1074 1500 26243 3703 6368 2102 6442 422 1594 1865 3269 739 1583 2378 145 2064 3643 2439 870 489 390 664 3398 462 1073 801 595 699
leaf_count=1957 6198 7936 1074 1500 26243 3703 6368 2102 6442 422 1594 1865 3269 739 1583 2378 145 2064 3643 2439 870 489 390 664 3398 462 1073 801 595 699
internal_value=-0.0117719 -0.00468364 -0.0216652 -0.000229058 -0.0223921 -0.0184903 -0.00877733 -0.0101297 -0.00182541 -0.005498 -0.0233435 -0.0192758 -0.00849982 -0.00647734 -0.0124011 -4.95122e-05 -0.00766423 0.00814499 -0.00484865 0.00243098 0.00484285 -0.00477206 -0.000331565 -0.00294765 -0.0106682 -0.000256849 0.0020903 0.00236434 0.00542338 -0.00917936
internal_weight=93105 54242 38863 25976 36945 7243 28266 20013 21817 8253 29702 3459 13815 7148 3540 13623 1918 4159 6409 5687 3309 8194 1885 4307 6667 1752 1495 1290 2659 1773
internal_count=93105 54242 38863 25976 36945 7243 28266 20013 21817 8253 29702 3459 13815 7148 3540 13623 1918 4159 6409 5687 3309 8194 1885 4307 6667 1752 1495 1290 2659 1773
cat_boundaries=0 1 2 3 4 5 6 7 8
cat_threshold=1 3 1 2 8 1 1 1
is_linear=0
shrinkage=0.05


Tree=25
num_leaves=31
num_cat=6
split_feature=18 18 0 17 18 17 4 17 4 18 0 17 0 7 0 21 4 0 7 18 13 17 17 21 0 21 7 21 18 21
split_gain=2609.09 378.254 175.084 153.498 64.2638 47.965 40.8192 38.0515 34.3887 29.7667 19.9334 15.1837 14.915 14.7656 14.1969 14.048 13.0303 11.5463 10.2512 9.98395 9.96942 9.6116 9.39656 10.9516 10.0405 8.7507 8.37941 8.16016 7.19481 7.13096
threshold=0.13903062045574191 0.48596936464309698 0 1.0000000180025095e-35 1.5727040171623232 0.35714286565780645 4.5000000000000009 0.5000000149011613 4.5000000000000009 0.26403062045574194 1 0.92857143282890331 2 27.400000572204593 3 4.3285236358642587 4.5000000000000009 4 32.100000381469734 1.0497449040412905 1.0188746452331545 1.0714285969734194 0.6428571641445161 4.3299646377563485 5 4.333465814590455 30.10000038146973 4.3887064456939706 0.24362244457006457 4.3789420127868661
decision_type=2 2 1 2 2 2 2 2 2 2 1 2 1 2 1 2 2 1 2 2 2 2 2 2 1 2 2 2 2 2
left_child=3 5 4 29 11 9 12 27 14 17 26 19 -4 -8 -7 -10 20 -2 -14 -3 -13 -9 24 -24 -15 -18 -11 -5 -16 -1
right_child=1 2 6 7 -6 8 13 21 15 10 -12 16 18 22 28 -17 25 -19 -20 -21 -22 -23 23 -25 -26 -27 -28 -29 -30 -31
leaf_value=0 0 -0.0054471214856647125 0 0 0.013615153546798375 0 -0.00080201286570324515 0 -0.0015126796989169324 0 0 0.015355432032544282 0 0.039829841703568569 0 0.020699837592145089 0.01257906612456724 0 0 0.016628877949552458 -0.022855048249559352 0.025326230656750461 -0.00069974083287464308 0.0143957115942714 0 0.052729293383553748 0 0 0 0
leaf_weight=25558 1423 3979 5148 507 2090 2182 651 639 522 2568 7100 2583 5096 108 681 1352 494 7421 1354 1034 772 140 491 885 947 554 1444 1856 3359 10038
leaf_count=25558 1423 3979 5148 507 2090 2182 651 639 522 2568 7100 2583 5096 108 681 1352 494 7421 1354 1034 772 140 491 885 947 554 1444 1856 3359 10038
internal_value=-0.0117745 -0.00469597 -0.000374246 -0.0216854 0.00424192 -0.00873022 -0.00399251 -0.0110917 -0.00548419 -0.0100471 -0.00832433 0.00248513 -0.00535437 0.0011194 -0.00727258 0.000453575 0.00462753 -0.0122117 -0.0069582 0.000603431 0.0031073 -0.00150834 0.00291032 0.00563227 -0.00063981 0.00949427 -0.00545748 -0.014251 -0.00546914 -0.0226205
internal_weight=92976 54238 26186 38738 11506 28052 14680 3142 8096 19956 11112 9416 11598 3082 6222 1874 4403 8844 6450 5013 3355 779 2431 1376 1055 1048 4012 2363 4040 35596
internal_count=92976 54238 26186 38738 11506 28052 14680 3142 8096 19956 11112 9416 11598 3082 6222 1874 4403 8844 6450 5013 3355 779 2431 1376 1055 1048 4012 2363 4040 35596
cat_boundaries=0 1 2 3 4 5 6
cat_threshold=327703 592287 2654664 5264480 524680 131144
is_linear=0
shrinkage=0.05


Tree=26
num_leaves=31
num_cat=10
split_feature=18 18 0 17 18 2 7 17 4 18 4 0 2 7 0 2 2 21 17 7 0 21 0 21 0 7 17 19 7 4
split_gain=2639.35 385.389 161.734 158.525 66.1719 61.3582 83.2516 49.6282 46.6961 32.0686 26.7334 22.367 16.7264 21.7218 14.6197 14.4764 13.6906 24.335 13.5205 11.8023 11.4329 10.9546 10.8942 10.4525 9.34674 9.23548 9.23364 9.22735 9.78798 8.85909
threshold=0.13903062045574191 0.49362246692180639 0 0.35714286565780645 1.5727040171623232 1 27.10000038146973 0.35714286565780645 4.5000000000000009 0.26403062045574194 4.5000000000000009 2 3 30.10000038146973 4 5 6 4.3299646377563485 1.0714285969734194 23.69999980926514 7 4.3156414031982431 8 4.3285236358642587 9 30.10000038146973 1.0000000180025095e-35 0.99914938211441051 24.500000000000004 4.5000000000000009
decision_type=2 2 1 2 2 1 2 2 2 2 2 1 1 2 1 1 1 2 2 2 1 2 1 2 1 2 2 2 2 2
left_child=3 7 4 5 12 6 27 9 22 20 14 -11 13 24 -9 23 17 -10 -5 -19 -2 -18 -4 -12 -3 -8 -7 -1 -29 -15
right_child=1 2 8 18 -6 26 25 10 16 11 15 -13 -14 29 -16 -17 21 19 -20 -21 -22 -23 -24 -25 -26 -27 -28 28 -30 -31
leaf_value=0 0 0.016452848972225903 0 0 0.012943192605103661 0 0 0 -0.0053047188275726354 0 -0.0041422352807678926 0 -0.0065411163275656452 0.014788409847754242 0 -0.0016276626344648084 8.9774675054677818e-05 -0.0046096337182747402 0.024059919123912938 0.016012655854912305 0 -0.00035721391150021325 0 0.020463977770621557 -0.0051747654113814762 0 0 0 0 0.041480866768798579
leaf_weight=2717 2398 1277 4800 1058 2110 29026 1285 563 871 4043 418 7131 2490 2756 5767 384 143 63 136 1419 6462 476 6385 1067 2691 745 1065 1020 1808 633
leaf_count=2717 2398 1277 4800 1058 2110 29026 1285 563 871 4043 418 7131 2490 2756 5767 384 143 63 136 1419 6462 476 6385 1067 2691 745 1065 1020 1808 633
internal_value=-0.0117971 -0.00468241 -0.000304434 -0.0217473 0.00397552 -0.0223159 -0.0182937 -0.0087318 -0.00391932 -0.0100729 -0.00545493 -0.00829157 0.00225703 0.00345589 -0.00700632 -0.000200642 0.00164872 0.00338929 -0.00381072 0.00728745 -0.0123194 -0.00496769 -0.00540232 0.00203704 0.00094506 -0.00963054 -0.0233284 -0.0214653 -0.0194661 0.00639569
internal_weight=93207 54347 26114 38860 11957 37666 7575 28233 14157 20034 8199 11174 9847 7357 6330 1869 2972 2353 1194 1482 8860 619 11185 1485 3968 2030 30091 5545 2828 3389
internal_count=93207 54347 26114 38860 11957 37666 7575 28233 14157 20034 8199 11174 9847 7357 6330 1869 2972 2353 1194 1482 8860 619 11185 1485 3968 2030 30091 5545 2828 3389
cat_boundaries=0 1 2 3 4 5 6 7 8 9 10
cat_threshold=327711 1 592287 1 4198400 1 1 591244 2654656 262160
is_linear=0
shrinkage=0.05


Tree=27
num_leaves=31
num_cat=10
split_feature=17 2 3 3 16 0 3 3 0 4 2 3 3 3 0 4 0 3 0 4 0 3 7 2 21 17 0 4 4 3
split_gain=1541.02 676.608 431.647 210.567 194.115 193.991 116.654 103.615 103.193 70.8673 58.6662 52.033 210.74 43.1463 38.6274 34.9255 29.0829 28.8878 21.2828 18.731 18.5328 18.14 18.0578 16.0165 20.6271 19.3582 14.4122 14.0966 13.8689 25.94
threshold=0.21428572386503222 0 80.500000000000014 42.500000000000007 1.0000000180025095e-35 1 74.500000000000014 84.500000000000014 2 4.5000000000000009 3 44.500000000000007 56.500000000000007 47.500000000000007 4 4.5000000000000009 5 46.500000000000007 6 4.5000000000000009 7 44.500000000000007 30.10000038146973 8 4.3299646377563485 0.5000000149011613 9 4.5000000000000009 4.5000000000000009 37.500000000000007
decision_type=2 1 2 2 2 1 2 2 1 2 1 2 2 2 1 2 1 2 1 2 1 2 2 1 2 2 1 2 2 2
left_child=1 2 3 16 6 10 11 -8 19 17 14 -3 13 -13 21 -10 28 -7 -19 20 -5 -2 27 24 -11 -26 -6 -16 -1 -30
right_child=5 4 -4 8 26 9 7 -9 15 23 -12 12 -14 -15 22 -17 -18 18 -20 -21 -22 -23 -24 -25 25 -27 -28 -29 29 -31
leaf_value=0 0.011388184289792776 0 0 0.017185703319186191 0 0 0 0 0 -0.0050394828861940032 0 0 0 0 -0.003429672490002185 0.016931048785901497 0 0 0 0.026352820610288132 0 0.021228458858259643 0.013803094967720995 -0.00043565363818846674 0 0.016317840173338566 0 0.016524352760679754 0 0.045662548981650092
leaf_weight=1466 697 11888 4729 1845 1753 2572 3514 1963 7563 970 2636 1925 13743 2907 1806 1255 4602 6044 5594 869 2627 2327 2192 704 517 1850 1280 640 404 106
leaf_count=1466 697 11888 4729 1845 1753 2572 3514 1963 7563 970 2636 1925 13743 2907 1806 1255 4602 6044 5594 869 2627 2327 2192 704 517 1850 1280 640 404 106
internal_value=-0.0117413 -0.0160256 -0.00968743 -0.00657882 -0.0201672 -0.002071 -0.0211923 -0.0144742 -0.00314464 -0.00516538 0.00341482 -0.0224001 -0.020747 -0.0117653 0.00563169 -0.00646239 -0.0139708 -0.0068297 -0.00576989 0.00234068 0.0010398 0.0100198 0.00274312 0.000674338 0.00212017 0.00463667 -0.00802011 -0.000204415 -0.00873615 -0.0158824
internal_weight=92988 64439 25466 20737 38973 28549 35940 5477 14159 18251 10298 30463 18575 4832 7662 8818 6578 14210 11638 5341 4472 3024 4638 4041 3337 2367 3033 2446 1976 510
internal_count=92988 64439 25466 20737 38973 28549 35940 5477 14159 18251 10298 30463 18575 4832 7662 8818 6578 14210 11638 5341 4472 3024 4638 4041 3337 2367 3033 2446 1976 510
cat_boundaries=0 1 2 3 4 5 6 7 8 9 10
cat_threshold=1 327703 885151 1 262160 360735 2657224 327701 1 2385725
is_linear=0
shrinkage=0.05


Tree=28
num_leaves=31
num_cat=7
split_feature=18 18 17 18 4 2 3 3 3 1 2 3 4 17 3 3 3 13 1 3 3 4 4 21 2 18 17 3 1 2
split_gain=2625.78 395.822 175.041 122.473 54.7437 53.6794 98.7248 52.1402 50.9835 50.9683 36.79 74.2294 36.0192 27.1481 26.9185 35.4313 23.9672 23.8898 23.5624 22.3748 31.0744 22.3656 21.7857 18.2236 30.7886 21.4569 17.3177 17.0061 15.0651 14.4056
threshold=0.13903062045574191 0.49362246692180639 0.21428572386503222 1.5727040171623232 4.5000000000000009 0 81.500000000000014 36.500000000000007 47.500000000000007 1 2 80.500000000000014 4.5000000000000009 0.35714286565780645 73.500000000000014 84.500000000000014 42.500000000000007 0.98112535476684581 3 54.500000000000007 75.500000000000014 4.5000000000000009 4.5000000000000009 4.3299646377563485 4 0.66624149680137645 1.0714285969734194 56.500000000000007 5 6
decision_type=2 2 2 2 2 1 2 2 2 1 1 2 2 2 2 2 2 2 1 2 2 2 2 2 1 2 2 2 1 1
left_child=2 8 5 4 9 6 16 -6 13 17 11 12 18 29 -7 -16 -1 -3 -10 -12 27 -15 26 -9 -25 -26 -4 -21 -5 -2
right_child=1 3 22 28 7 14 -8 23 10 -11 19 -13 -14 21 15 -17 -18 -19 -20 20 -22 -23 -24 24 25 -27 -28 -29 -30 -31
leaf_value=0 0 0.012726170785589731 0 0.051954554082079787 -0.0059974078599927712 0 0 3.5611909532428371e-05 0 0 0 0 0.018672786690656844 0 0 0 0 0 0 0 0 0.015641975893595901 2.178268190942334e-05 0.018593112822398002 1.7860695575010664e-05 -0.0028267047254710524 0.022856923167717293 0 0.010967256992285719 0
leaf_weight=1942 5125 6169 1330 1205 186 26225 3701 1743 2434 6528 2898 857 1864 1723 1577 1830 1590 5609 5405 1018 3752 534 506 2185 289 475 84 1592 1535 1066
leaf_count=1942 5125 6169 1330 1205 186 26225 3701 1743 2434 6528 2898 857 1864 1723 1577 1830 1590 5609 5405 1018 3752 534 506 2185 289 475 84 1592 1535 1066
internal_value=-0.0117134 -0.00460492 -0.0216456 -0.000142725 -0.00132419 -0.0224122 -0.0185504 0.00338253 -0.00869711 -0.00257839 -0.0073108 -0.00529356 -0.00404772 -0.0119496 -0.0233548 -0.0191738 -0.0125708 -0.000610791 -0.00553323 -0.00961123 -0.01127 -0.00725521 -0.00692708 0.00441176 0.00680739 -0.00183246 -0.0101132 -0.0154598 0.00985401 -0.013661
internal_weight=92977 54192 38785 25924 23184 36865 7233 4878 28268 18306 19820 10560 9703 8448 29632 3407 3532 11778 7839 9260 6362 2257 1920 4692 2949 764 1414 2610 2740 6191
internal_count=92977 54192 38785 25924 23184 36865 7233 4878 28268 18306 19820 10560 9703 8448 29632 3407 3532 11778 7839 9260 6362 2257 1920 4692 2949 764 1414 2610 2740 6191
cat_boundaries=0 1 2 3 4 5 6 7
cat_threshold=1 3 1 8 1 2 1
is_linear=0
shrinkage=0.05


Tree=29
num_leaves=31
num_cat=10
split_feature=17 2 3 3 16 0 3 3 0 4 3 3 3 2 4 0 7 3 0 4 4 0 7 3 0 4 3 0 9 6
split_gain=1498.49 669.567 427.355 211.248 185.296 142.965 115.207 104.352 97.9856 94.2309 52.7769 216.946 47.4042 40.7842 32.5004 29.2752 27.2388 27.0012 25.1961 24.7151 20.0797 15.7303 15.4224 13.6715 13.0436 12.9719 23.8426 11.2779 10.6197 10.3808
threshold=0.21428572386503222 0 80.500000000000014 42.500000000000007 1.0000000180025095e-35 1 74.500000000000014 84.500000000000014 2 4.5000000000000009 44.500000000000007 56.500000000000007 47.500000000000007 3 4.5000000000000009 4 30.10000038146973 46.500000000000007 5 4.5000000000000009 4.5000000000000009 6 28.69999980926514 54.500000000000007 7 4.5000000000000009 37.500000000000007 8 1.0000000180025095e-35 9
decision_type=2 1 2 2 2 1 2 2 1 2 2 2 2 1 2 1 2 2 1 2 2 1 2 2 1 2 2 1 2 1
left_child=1 2 3 15 6 13 10 -8 19 17 -3 12 -12 16 27 25 20 -7 -19 21 -2 -5 29 -24 -6 -1 -27 -10 -23 -11
right_child=5 4 -4 8 24 9 7 -9 14 22 11 -13 -14 -15 -16 -17 -18 18 -20 -21 -22 28 23 -25 -26 26 -28 -29 -30 -31
leaf_value=0 -0.00057515262440823724 0 0 0.015237991319855322 0 0 0 0 0 0.019572998007574397 0 0 0 0 0.013962280735201421 0 0.013489879500719372 0 0 0.025569281303563913 0.017675870265870915 0 0.014877245564578395 2.0693547813952173e-05 0 0 0.044655585773443245 0 0.028249502113884696 -0.00064412683690941283
leaf_weight=1252 3021 11902 4710 1849 1282 2615 3481 2001 2154 164 1920 13784 2889 2655 1185 4842 3626 5270 6252 956 1048 1840 1370 1099 1762 356 92 4853 1357 1423
leaf_count=1252 3021 11902 4710 1849 1282 2615 3481 2001 2154 164 1920 13784 2889 2655 1185 4842 3626 5270 6252 956 1048 1840 1370 1099 1762 356 92 4853 1357 1423
internal_value=-0.0118353 -0.0160582 -0.00974809 -0.00665992 -0.0201731 -0.00229741 -0.0211753 -0.014502 -0.00323376 -0.00496484 -0.022375 -0.0207108 -0.0115669 0.00239382 -0.00678493 -0.0140935 0.00423977 -0.00689503 -0.00585402 0.00162176 0.00143156 0.000227903 0.00175049 0.00422236 -0.00832786 -0.00827485 -0.015625 -0.00808834 -0.00189429 -0.00209515
internal_weight=93010 64467 25446 20736 39021 28543 35977 5482 14194 18193 30495 18593 4809 10350 8192 6542 7695 14137 11522 6002 4069 5046 4056 2469 3044 1700 448 7007 3197 1587
internal_count=93010 64467 25446 20736 39021 28543 35977 5482 14194 18193 30495 18593 4809 10350 8192 6542 7695 14137 11522 6002 4069 5046 4056 2469 3044 1700 448 7007 3197 1587
cat_boundaries=0 1 2 3 4 5 6 7 8 9 10
cat_threshold=1 327703 885215 1 360731 2657160 327701 2368797 5246976 2
is_linear=0
shrinkage=0.05


Tree=30
num_leaves=31
num_cat=6
split_feature=18 18 17 0 5 2 3 17 3 5 18 5 2 3 0 3 3 3 17 18 9 21 3 3 3 3 3 21 0 2
split_gain=2555.75 359.291 188.822 110.809 61.409 53.4622 98.0844 48.8772 39.6798 38.8573 29.5628 28.3475 26.5491 67.5556 33.0706 26.5484 34.9969 22.7497 17.9418 17.4262 15.647 14.9758 17.0478 14.7395 25.5461 14.5202 14.317 14.2307 14.1097 13.7556
threshold=0.13903062045574191 0.48596936464309698 0.21428572386503222 0 1.0000000180025095e-35 1 81.500000000000014 0.21428572386503222 47.500000000000007 1.0000000180025095e-35 1.0497449040412905 1.0000000180025095e-35 2 80.500000000000014 3 73.500000000000014 84.500000000000014 43.500000000000007 1.0714285969734194 0.24362244457006457 1.0000000180025095e-35 4.3299646377563485 39.500000000000007 54.500000000000007 75.500000000000014 46.500000000000007 56.500000000000007 4.3285236358642587 4 5
decision_type=2 2 2 1 2 1 2 2 2 2 2 2 1 2 1 2 2 2 2 2 2 2 2 2 2 2 2 2 1 1
left_child=2 7 5 10 25 6 17 8 -2 19 -3 18 13 14 -10 -7 -17 -1 -4 -9 -12 -6 -23 -14 26 -5 -25 -11 -21 -24
right_child=1 3 11 4 21 15 -8 9 12 27 20 -13 23 -15 -16 16 -18 -19 -20 28 -22 22 29 24 -26 -27 -28 -29 -30 -31
leaf_value=0 0 0.010772014283403686 0 0 -0.00063857425049417395 0 0 0 0 -0.0011577332345079632 0.0097554937233001633 3.1117207749999475e-05 0 0 0.018651964461651484 0 0 0 0.02171407700933143 0 0.029174160490291257 -0.0040792816393613648 0.013264166698441349 0 0 0 0 0.014116014820687185 0 -0.00055523189115186324
leaf_weight=2003 5694 7040 1331 1551 1065 26267 3727 1485 3494 546 2970 495 1736 720 2229 1565 1844 1537 84 2206 1891 91 1366 638 2517 9631 1307 1535 4107 444
leaf_count=2003 5694 7040 1331 1551 1065 26267 3727 1485 3494 546 2970 495 1736 720 2229 1565 1844 1537 84 2206 1891 91 1366 638 2517 9631 1307 1535 4107 444
internal_value=-0.0118492 -0.00483985 -0.0216386 -0.000605589 -0.00359514 -0.0224312 -0.0185875 -0.0087492 -0.0102768 -0.00591406 0.00294895 -0.0063089 -0.00871569 -0.00646826 -0.00465228 -0.0233724 -0.0192212 -0.0126271 -0.00991166 -0.00753398 0.00595042 0.00279838 0.00545765 -0.011052 -0.0125728 -0.00529422 -0.0168766 0.000156175 -0.00638761 0.00651934
internal_weight=93116 54263 38853 26049 14148 36943 7267 28214 18335 9879 11901 1910 12641 6443 5723 29676 3409 3540 1415 7798 4861 2966 1901 6198 4462 11182 1945 2081 6313 1810
internal_count=93116 54263 38853 26049 14148 36943 7267 28214 18335 9879 11901 1910 12641 6443 5723 29676 3409 3540 1415 7798 4861 2966 1901 6198 4462 11182 1945 2081 6313 1810
cat_boundaries=0 1 2 3 4 5 6
cat_threshold=327711 1 1 7501344 852383 1
is_linear=0
shrinkage=0.05


Tree=31
num_leaves=31
num_cat=9
split_feature=17 2 7 16 0 0 4 16 4 2 0 9 7 6 7 21 2 7 7 17 21 8 7 0 7 19 19 7 17 0
split_gain=1494.27 677.817 370.801 199.637 142.404 110.873 77.119 50.8106 48.3977 43.3284 26.3484 26.1452 25.459 32.9552 20.7826 20.5796 22.9857 20.2802 19.9638 17.0026 23.0128 15.1535 16.6158 13.8582 12.8993 13.6342 21.044 17.6777 12.4975 10.5345
threshold=0.21428572386503222 0 27.10000038146973 1.0000000180025095e-35 1 2 4.5000000000000009 0.68750000000000011 4.5000000000000009 3 4 1.0000000180025095e-35 25.69999980926514 5 30.10000038146973 4.3299646377563485 6 30.10000038146973 30.10000038146973 1.0000000180025095e-35 4.379357337951661 1.0000000180025095e-35 22.000000000000004 7 31.500000000000004 0.99254107475280773 1.000000059604645 28.899999618530277 1.0714285969734194 8
decision_type=2 1 2 2 1 1 2 2 2 1 1 2 2 1 2 2 1 2 2 2 2 2 2 1 2 2 2 2 2 1
left_child=1 2 7 19 9 17 10 12 18 11 -6 14 21 -14 -2 -8 28 -4 -7 20 24 -1 -23 -5 25 27 -27 -3 -17 -20
right_child=4 3 5 23 6 8 15 -9 -10 -11 -12 -13 13 -15 -16 16 -18 -19 29 -21 -22 22 -24 -25 -26 26 -28 -29 -30 -31
leaf_value=0 -0.0011021906769688062 0 0 0 0 0 -0.0013611740042550539 0 0.013584259539296968 0 0 0.022547139391868178 0 0 0.010783210433839275 0.011048184793489735 -0.0013587654367763922 0.018035858729185235 0 0 0 0 0 0 0 0 0 0 0.013362314262419529 0
leaf_weight=3337 2830 5175 2336 1446 7465 4804 1131 1227 1369 2641 6644 2363 1015 2752 2487 1636 526 2264 1947 1306 8917 675 975 1589 3706 5343 6977 4521 742 2779
leaf_count=3337 2830 5175 2336 1446 7465 4804 1131 1227 1369 2641 6644 2363 1015 2752 2487 1636 526 2264 1947 1306 8917 675 975 1589 3706 5343 6977 4521 742 2779
internal_value=-0.0118222 -0.0160355 -0.00969388 -0.0201809 -0.00228087 -0.00485354 -0.00494657 -0.0172102 -0.00759694 0.0024078 -0.00669254 0.0043099 -0.0185458 -0.0154433 0.00236506 0.00114622 0.00337466 0.00165944 -0.00886674 -0.0212206 -0.0214318 -0.0208893 -0.0169697 -0.00786656 -0.020673 -0.0211324 -0.0222362 -0.0197298 0.00546678 -0.00655946
internal_weight=92925 64460 25480 38980 28465 15499 18144 9981 10899 10321 14109 7680 8754 3767 5317 4035 2904 4600 9530 35945 34639 4987 1650 3035 25722 22016 12320 9696 2378 4726
internal_count=92925 64460 25480 38980 28465 15499 18144 9981 10899 10321 14109 7680 8754 3767 5317 4035 2904 4600 9530 35945 34639 4987 1650 3035 25722 22016 12320 9696 2378 4726
cat_boundaries=0 1 2 3 4 5 6 7 8 9
cat_threshold=1 327703 360607 1 2657224 28 1 2368829 5256192
is_linear=0
shrinkage=0.05


Tree=32
num_leaves=31
num_cat=6
split_feature=18 18 17 1 2 3 17 4 3 18 4 3 3 3 2 3 17 1 9 2 3 3 3 4 4 3 2 13 4 3
split_gain=2561.65 359.086 166.117 70.1955 53.4482 100.585 49.7001 46.526 43.1054 41.9764 27.6383 25.5305 34.1891 23.5252 22.7068 64.8498 20.4659 19.1382 17.4652 17.1689 15.6242 28.6925 14.432 14.1511 13.6215 24.5272 13.5829 13.569 13.152 12.755
threshold=0.13903062045574191 0.49362246692180639 0.21428572386503222 0 1 81.500000000000014 0.35714286565780645 4.5000000000000009 47.500000000000007 0.99872449040412914 4.5000000000000009 73.500000000000014 84.500000000000014 42.500000000000007 2 80.500000000000014 1.0714285969734194 3 1.0000000180025095e-35 4 54.500000000000007 75.500000000000014 56.500000000000007 4.5000000000000009 4.5000000000000009 36.500000000000007 5 0.96214285492897045 4.5000000000000009 46.500000000000007
decision_type=2 2 2 1 1 2 2 2 2 2 2 2 2 2 1 2 2 1 2 1 2 2 2 2 2 2 1 2 2 2
left_child=2 6 4 9 5 13 8 29 26 24 -8 -6 -13 -1 15 17 23 -10 27 -12 -16 22 -22 -4 -3 -26 -2 -11 -19 -5
right_child=1 3 16 7 11 -7 10 -9 14 18 19 12 -14 -15 20 -17 -18 28 -20 -21 21 -23 -24 -25 25 -27 -28 -29 -30 -31
leaf_value=0 0 0 0 0 0 0 0 0.0002265901924092542 0 0.0094888823115239947 0.013816296407344671 0 0 0 0 0 0.020628373158864857 0 0.019734126264266242 -0.0021878241412463667 0 0 0 -2.6449944829711408e-06 -0.0051547574619829478 0.013176175868116438 0 0 0.021194702286655882 0
leaf_weight=1958 5124 7727 1334 724 26160 3701 6348 1851 2086 2194 1518 1580 1861 1600 1895 727 134 3641 3186 372 733 2747 1342 430 122 1740 1050 2488 655 5901
leaf_count=1958 5124 7727 1334 724 26160 3701 6348 1851 2086 2194 1518 1580 1861 1600 1895 727 134 3641 3186 372 733 2747 1342 430 122 1740 1050 2488 655 5901
internal_value=-0.0118819 -0.00486007 -0.0216962 -0.000612154 -0.022439 -0.0185942 -0.00876124 -0.00434245 -0.0101075 0.00120084 -0.00549284 -0.0233818 -0.019333 -0.0125913 -0.00855634 -0.00658672 -0.00727081 -0.00497493 0.00390824 -0.000185185 -0.0106409 -0.0121526 -0.0165904 -0.00870181 -0.0010194 0.00281955 -0.0135811 0.00196497 -0.00304227 -0.00630566
internal_weight=92929 54171 38758 25933 36860 7259 28238 8476 20000 17457 8238 29601 3441 3558 13826 7109 1898 6382 7868 1890 6717 4822 2075 1764 9589 1862 6174 4682 4296 6625
internal_count=92929 54171 38758 25933 36860 7259 28238 8476 20000 17457 8238 29601 3441 3558 13826 7109 1898 6382 7868 1890 6717 4822 2075 1764 9589 1862 6174 4682 4296 6625
cat_boundaries=0 1 2 3 4 5 6
cat_threshold=3 1 1 8 1 1
is_linear=0
shrinkage=0.05


Tree=33
num_leaves=31
num_cat=7
split_feature=18 18 2 3 18 3 4 2 3 3 3 3 4 1 3 1 18 2 1 4 4 2 21 9 19 13 3 3 3 18
split_gain=2567.15 353.795 114.239 150.552 68.0032 48.6439 46.5534 43.1352 70.95 39.9893 34.098 41.7298 31.9615 29.6917 28.8902 24.6 21.2926 19.1095 18.0298 16.1741 15.7774 15.6271 26.9125 14.3082 14.2196 13.7442 12.5063 64.4132 17.4135 12.4249
threshold=0.13903062045574191 0.48596936464309698 0 81.500000000000014 1.0497449040412905 47.500000000000007 4.5000000000000009 1 80.500000000000014 42.500000000000007 73.500000000000014 84.500000000000014 4.5000000000000009 2 36.500000000000007 3 0.22576530277729037 4 5 4.5000000000000009 4.5000000000000009 6 4.3299646377563485 1.0000000180025095e-35 0.75469842553138744 0.98112535476684581 44.500000000000007 56.500000000000007 46.500000000000007 0.66624149680137645
decision_type=2 2 1 2 2 2 2 1 2 2 2 2 2 1 2 1 2 1 1 2 2 1 2 2 2 2 2 2 2 2
left_child=2 5 3 9 6 17 13 8 12 -1 26 -12 15 25 -8 -7 -9 18 24 -10 -11 22 -16 -6 -2 -3 -4 28 -28 -23
right_child=1 4 10 -5 23 7 14 16 19 20 11 -13 -14 -15 21 -17 -18 -19 -20 -21 -22 29 -24 -25 -26 -27 27 -29 -30 -31
leaf_value=0 0.016213876991365953 0.0085570089121987988 0 0 0.0069902514199511826 0 -0.0056217516869473648 0 0 0 0 0 0.015789087877657228 0 -0.0038046497445271598 0 0 0 0 -1.0131527063949102e-05 0.0087550461272801142 3.3399745733390583e-05 0.015505188947763676 0.018665001599492248 0 0 0 0 0 -0.0012263797332852542
leaf_weight=2287 244 4545 11849 3767 4192 2397 166 3455 719 1911 1820 1910 1861 5979 1015 5327 5709 1379 3386 135 500 426 1709 3069 3353 4490 982 12779 1106 538
leaf_count=2287 244 4545 11849 3767 4192 2397 166 3455 719 1911 1820 1910 1861 5979 1015 5327 5709 1379 3386 135 500 426 1709 3069 3353 4490 982 12779 1106 538
internal_value=-0.0119147 -0.0048693 -0.0217092 -0.0165712 -0.000686019 -0.00877794 -0.00226839 -0.00741596 -0.00521841 -0.0106003 -0.0231377 -0.0186595 -0.003988 -0.00352671 0.00263363 -0.00540523 -0.00991925 -0.0119708 -0.0109086 -0.0190281 -0.00610742 0.00355206 0.00548825 0.00342584 -0.00835182 -0.00171089 -0.0237629 -0.0227971 -0.0146552 -0.00191909
internal_weight=93005 54094 38911 8465 26129 27965 18868 19603 10439 4698 30446 3730 9585 15014 3854 7724 9164 8362 6983 854 2411 3688 2724 7261 3597 9035 26716 14867 2088 964
internal_count=93005 54094 38911 8465 26129 27965 18868 19603 10439 4698 30446 3730 9585 15014 3854 7724 9164 8362 6983 854 2411 3688 2724 7261 3597 9035 26716 14867 2088 964
cat_boundaries=0 1 2 3 4 5 6 7
cat_threshold=1 1 3 8 1 3 1
is_linear=0
shrinkage=0.05


Tree=34
num_leaves=31
num_cat=9
split_feature=18 18 2 3 0 4 3 2 3 0 3 3 3 18 0 18 4 2 4 4 0 3 3 0 3 3 3 4 0 9
split_gain=2539.74 358.154 112.621 150.413 105.212 60.4916 48.6344 44.3916 72.8667 46.6984 35.6609 42.0154 35.0531 22.3584 22.0801 20.8398 19.3351 18.5045 17.645 16.0491 15.3108 14.4462 13.4079 12.7798 12.6972 64.8042 16.9057 12.6796 12.6489 11.6264
threshold=0.13903062045574191 0.48596936464309698 0 81.500000000000014 1 4.5000000000000009 47.500000000000007 2 80.500000000000014 3 73.500000000000014 84.500000000000014 42.500000000000007 1.0497449040412905 4 0.22576530277729037 4.5000000000000009 5 4.5000000000000009 4.5000000000000009 6 46.500000000000007 79.500000000000014 7 44.500000000000007 56.500000000000007 46.500000000000007 4.5000000000000009 8 1.0000000180025095e-35
decision_type=2 2 1 2 1 2 2 1 2 1 2 2 2 2 1 2 2 1 2 2 1 2 2 1 2 2 2 2 1 2
left_child=2 6 3 12 13 21 14 8 9 16 24 -12 -1 -3 17 -9 -8 -2 22 -10 -17 -6 28 -23 -4 26 -26 -11 -14 -15
right_child=1 4 10 -5 5 -7 7 15 19 27 11 -13 18 29 -16 20 -18 -19 -20 -21 -22 23 -24 -25 25 -27 -28 -29 -30 -31
leaf_value=0 0 0.0093639788505748955 0 0 0 0.0045477580376430682 0 0 0 0 0 0 0.01959695450092161 0.0079129610840840813 0 0 -0.0059721472366552827 0 0.034585980518540442 -9.624950710751648e-06 0 0 0 0 0 0 0 0.018029670571368252 0 0.026081518347082479
leaf_weight=2269 2365 7042 11838 3732 1566 2962 4320 3533 729 3471 1818 1868 399 3016 5423 1459 1029 596 483 137 4271 3803 268 5853 978 12748 1102 836 1222 1909
leaf_count=2269 2365 7042 11838 3732 1566 2962 4320 3533 729 3471 1818 1868 399 3016 5423 1459 1029 596 483 137 4271 3803 268 5853 978 12748 1102 836 1222 1909
internal_value=-0.0119122 -0.00493741 -0.0216959 -0.0165622 -0.000723682 -0.00363534 -0.00884927 -0.00749684 -0.00527466 -0.00402858 -0.0231122 -0.0185024 -0.0105527 0.00272815 -0.0120408 -0.0100211 -0.00714219 -0.00845675 -0.0063027 -0.0191686 -0.00815881 -0.00531545 -0.00848332 -0.004593 -0.0237493 -0.0227745 -0.0145913 -0.000144776 -0.00677051 0.00531472
internal_weight=93045 54320 38725 8373 26151 14184 28169 19785 10522 9656 30352 3686 4641 11967 8384 9263 5349 2961 2372 866 5730 11222 1889 9656 26666 14828 2080 4307 1621 4925
internal_count=93045 54320 38725 8373 26151 14184 28169 19785 10522 9656 30352 3686 4641 11967 8384 9263 5349 2961 2372 866 5730 11222 1889 9656 26666 14828 2080 4307 1621 4925
cat_boundaries=0 1 2 3 4 5 6 7 8 9
cat_threshold=1 327711 1 7484960 885023 1 1217600 5402656 2211983
is_linear=0
shrinkage=0.05


Tree=35
num_leaves=31
num_cat=8
split_feature=18 18 17 0 2 7 18 4 2 0 21 17 18 17 4 2 7 4 0 7 2 9 17 4 0 7 7 17 19 7
split_gain=2515.17 322.663 170.448 116.616 54.0386 81.7401 44.6039 35.5202 37.2312 28.8375 24.1115 22.7014 20.5115 19.8197 15.0023 14.5465 34.3004 21.4716 14.1951 13.1267 13.8976 13.0171 10.5338 10.655 10.2613 10.0244 8.89842 8.73902 8.37631 8.2607
threshold=0.13903062045574191 0.48596936464309698 0.21428572386503222 0 1 27.10000038146973 0.24362244457006457 4.5000000000000009 2 3 4.3299646377563485 1.0714285969734194 1.0497449040412905 1.0714285969734194 4.5000000000000009 4 28.69999980926514 4.5000000000000009 5 31.10000038146973 6 1.0000000180025095e-35 0.35714286565780645 4.5000000000000009 7 28.899999618530277 30.10000038146973 0.92857143282890331 0.99914938211441051 24.500000000000004
decision_type=2 2 2 1 1 2 2 2 1 1 2 2 2 2 2 1 2 2 1 2 1 2 2 2 1 2 2 2 2 2
left_child=2 6 4 12 5 28 11 24 10 19 -9 15 27 14 -4 16 -2 18 -18 -8 -21 -14 -11 -24 -5 -17 -7 -3 -1 -30
right_child=1 3 13 7 -6 26 9 8 -10 22 -12 -13 21 -15 -16 25 17 -19 -20 20 -22 -23 23 -25 -26 -27 -28 -29 29 -31
leaf_value=0 0 -0.006041576797511332 0 0 0 0 0 -0.0047439351279318495 -0.00071598526259506595 0 0.0099367682862270944 0.024170669026598451 0.0074351251920171226 0.018617106775875532 -2.5127447588225838e-06 0 0 0.023542222377324659 0 0.01970021954767855 0 0.027838729207202612 0 -0.00014632804543310355 0 0 0 0.010355583769061828 0 0
leaf_weight=2707 3207 4248 1323 4784 29796 1162 5953 877 629 6692 1482 109 3011 144 429 1922 670 549 1040 1188 920 1898 2775 706 6366 2354 663 2754 996 1700
leaf_count=2707 3207 4248 1323 4784 29796 1162 5953 877 629 6692 1482 109 3011 144 429 1922 670 549 1040 1188 920 1898 2775 706 6366 2354 663 2754 996 1700
internal_value=-0.0119946 -0.00502457 -0.0216894 -0.00101635 -0.0224381 -0.0185598 -0.00874221 -0.00408538 0.000753012 -0.00727761 0.00363501 -0.0114532 0.00262772 -0.00706751 -0.00853311 -0.011707 -0.00999817 -0.00527888 -0.00804094 -0.00502106 -0.00163662 0.00510796 -0.00905185 -0.00682993 -0.00538565 -0.0138915 -0.00941096 0.000892602 -0.02165 -0.0196773
internal_weight=93054 54134 38920 26049 37024 7228 28085 14138 2988 18234 2359 9851 11911 1896 1752 9742 5466 2259 1710 8061 2108 4909 10173 3481 11150 4276 1825 7002 5403 2696
internal_count=93054 54134 38920 26049 37024 7228 28085 14138 2988 18234 2359 9851 11911 1896 1752 9742 5466 2259 1710 8061 2108 4909 10173 3481 11150 4276 1825 7002 5403 2696
cat_boundaries=0 1 2 3 4 5 6 7 8
cat_threshold=327711 1 1 854943 1 6337024 1 2654656
is_linear=0
shrinkage=0.05


Tree=36
num_leaves=31
num_cat=9
split_feature=18 18 17 0 2 3 3 2 3 0 4 2 17 3 3 4 18 7 3 2 9 21 3 4 0 2 17 4 0 4
split_gain=2538.24 325.667 165.194 115.536 53.6455 97.3951 48.8985 45.0628 69.5867 43.4364 38.0799 33.3752 25.7352 23.8007 31.9341 21.8163 21.4814 21.2278 20.1072 24.2619 20.138 19.1735 21.171 18.5673 17.203 15.5663 15.4844 15.4651 14.7839 14.5594
threshold=0.13903062045574191 0.48596936464309698 0.21428572386503222 0 1 81.500000000000014 47.500000000000007 2 80.500000000000014 3 4.5000000000000009 4 0.35714286565780645 73.500000000000014 84.500000000000014 4.5000000000000009 0.22576530277729037 28.69999980926514 43.500000000000007 5 1.0000000180025095e-35 4.3299646377563485 39.500000000000007 4.5000000000000009 6 7 0.92857143282890331 4.5000000000000009 8 4.5000000000000009
decision_type=2 2 2 1 1 2 2 1 2 1 2 1 2 2 2 2 2 2 2 1 2 2 2 2 1 1 2 2 1 2
left_child=2 6 4 18 5 17 12 8 9 -8 -5 21 25 -6 -15 -11 -9 -1 -3 20 -20 -12 -23 -14 -18 28 29 -10 -2 -4
right_child=1 3 26 10 13 -7 7 16 27 15 11 -13 23 14 -16 -17 24 -19 19 -21 -22 22 -24 -25 -26 -27 -28 -29 -30 -31
leaf_value=0 0 -0.0068036569425251915 0 0 0 0 0.016490326864271748 0 0 0 -0.0044683837506576587 -0.00069486372844012451 0 0 0 -0.0056329824533146947 0 0 0.0081345080183284398 -0.0069187813280107259 0.021519362840441654 -0.0042403954147981404 0.01015971545162931 0.0095107001312029708 0 0 0.011570556306192026 -9.1437031752140643e-06 0 -2.3871075208814544e-06
leaf_weight=2440 1488 1660 1250 11206 26325 3681 2774 3510 712 5502 860 616 1655 1572 1860 1331 1213 1114 4846 2629 2834 91 1403 523 4518 1069 207 133 3697 416
leaf_count=2440 1488 1660 1250 11206 26325 3681 2774 3510 712 5502 860 616 1655 1572 1860 1331 1213 1114 4846 2629 2834 91 1403 523 4518 1069 207 133 3697 416
internal_value=-0.0119539 -0.00496868 -0.0217078 -0.000951425 -0.0224413 -0.0185798 -0.00870311 -0.0073389 -0.00508993 -0.00387998 -0.00400395 0.00102694 -0.0118892 -0.0233802 -0.0194639 -0.0060171 -0.00988259 -0.0126759 0.00266508 0.00348967 0.00490885 0.00373832 0.00716198 -0.00720845 -0.00799599 -0.0135193 -0.00722104 -0.0188462 -0.0123867 -0.00882353
internal_weight=93135 54270 38865 26145 36992 7235 28125 19693 10452 9607 14176 2970 8432 29757 3432 6833 9241 3554 11969 10309 7680 2354 1494 2178 5731 6254 1873 845 5185 1666
internal_count=93135 54270 38865 26145 36992 7235 28125 19693 10452 9607 14176 2970 8432 29757 3432 6833 9241 3554 11969 10309 7680 2354 1494 2178 5731 6254 1873 845 5185 1666
cat_boundaries=0 1 2 3 4 5 6 7 8 9
cat_threshold=327711 1 1 885151 1 1 1216576 1 622879
is_linear=0
shrinkage=0.05


Tree=37
num_leaves=31
num_cat=6
split_feature=18 18 17 1 2 3 3 2 3 18 4 3 3 17 1 3 4 18 4 4 2 17 4 2 13 3 3 17 4 21
split_gain=2491.83 312.081 169.951 60.4541 50.5733 94.8977 48.026 43.6931 72.6475 33.0159 28.7972 26.7152 36.2718 25.603 24.7395 23.9853 21.6049 21.5731 19.9286 19.4201 18.2549 16.1847 14.8347 13.7037 13.5985 13.4381 13.1544 11.6352 11.6344 11.5814
threshold=0.13903062045574191 0.48596936464309698 0.21428572386503222 0 1 81.500000000000014 47.500000000000007 2 79.500000000000014 0.99872449040412914 4.5000000000000009 73.500000000000014 84.500000000000014 0.35714286565780645 3 43.500000000000007 4.5000000000000009 0.22576530277729037 4.5000000000000009 4.5000000000000009 4 1.0714285969734194 4.5000000000000009 5 1.0086206793785097 41.500000000000007 46.500000000000007 0.6428571641445161 4.5000000000000009 4.3299646377563485
decision_type=2 2 2 1 1 2 2 1 2 2 2 2 2 2 1 2 2 2 2 2 1 2 2 1 2 2 2 2 2 2
left_child=2 6 4 9 5 15 13 8 10 27 14 -6 -13 23 -8 -1 -15 -9 26 -10 29 22 -4 25 -11 -2 -5 -3 -27 -20
right_child=1 3 21 18 11 -7 7 17 19 24 -12 12 -14 16 -16 -17 -18 -19 20 -21 -22 -23 -24 -25 -26 28 -28 -29 -30 -31
leaf_value=0 0 0 0 0 0 0 0 0 0 0.0092751773014289884 0.014387115480143342 0 0 0 0 0 0.010888077565754313 0 -0.0042833191840023739 -8.6865180164533624e-06 -0.00012511569388367282 0.017107723621772153 -2.2677521448373816e-06 0 0 0 0 0.0063899154557402749 0.037847672964179915 0.0078769939627746262
leaf_weight=2013 3738 5337 1319 748 26266 3724 2326 3483 1011 5813 1828 1569 1854 1688 5151 1491 537 5742 517 193 462 144 435 1070 2034 1228 5972 4329 162 848
leaf_count=2013 3738 5337 1319 748 26266 3724 2326 3483 1011 5813 1828 1569 1854 1688 5151 1491 537 5742 517 193 462 144 435 1070 2034 1228 5972 4329 162 848
internal_value=-0.0120066 -0.00508282 -0.0216778 -0.00113968 -0.022428 -0.0186774 -0.00873229 -0.0073832 -0.00517889 0.000543571 -0.0036835 -0.0233411 -0.0191864 -0.011893 -0.00505885 -0.0127711 -0.00729213 -0.00989431 -0.00458397 -0.0167359 4.10509e-05 -0.00708641 -0.00840935 -0.0135447 0.00295336 -0.0124707 -0.00584821 -0.00141217 -0.00827338 0.00294872
internal_weight=93032 54217 38815 26060 36917 7228 28157 19734 10509 17513 9305 29689 3423 8423 7477 3504 2225 9225 8547 1204 1827 1898 1754 6198 7847 5128 6720 9666 1390 1365
internal_count=93032 54217 38815 26060 36917 7228 28157 19734 10509 17513 9305 29689 3423 8423 7477 3504 2225 9225 8547 1204 1827 1898 1754 6198 7847 5128 6720 9666 1390 1365
cat_boundaries=0 1 2 3 4 5 6
cat_threshold=3 1 1 8 1 1
is_linear=0
shrinkage=0.05


Tree=38
num_leaves=31
num_cat=9
split_feature=17 2 3 3 16 0 3 3 0 4 3 3 3 0 2 3 0 4 4 7 21 2 17 4 0 0 4 3 4 3
split_gain=1456.83 669.562 425.029 206.046 173.67 129.022 113.637 100.426 78.6715 64.1527 48.6413 198.195 47.3806 31.4784 31.0972 29.1014 23.4633 22.3655 21.4629 20.0959 16.9436 17.7077 16.2984 13.8571 13.8329 13.3106 12.1033 11.8061 23.7426 11.4518
threshold=0.21428572386503222 0 80.500000000000014 44.500000000000007 1.0000000180025095e-35 1 74.500000000000014 84.500000000000014 2 4.5000000000000009 44.500000000000007 56.500000000000007 47.500000000000007 3 4 46.500000000000007 5 4.5000000000000009 4.5000000000000009 30.10000038146973 4.3299646377563485 6 0.5000000149011613 4.5000000000000009 7 8 4.5000000000000009 35.500000000000007 4.5000000000000009 40.500000000000007
decision_type=2 1 2 2 2 1 2 2 1 2 2 2 2 1 1 2 1 2 2 2 2 1 2 2 1 1 2 2 2 2
left_child=1 2 3 13 6 14 10 -8 17 15 -3 12 26 27 19 -7 -17 25 -10 23 -11 22 -22 -2 -6 -5 -12 28 -1 -15
right_child=5 4 -4 8 24 9 7 -9 18 20 11 -13 -14 29 -16 16 -18 -19 -20 -21 21 -23 -24 -25 -26 -27 -28 -29 -30 -31
leaf_value=0 -0.0030344822939108451 0 0 0.01139869361477408 0 0 0 0 0 -0.0020372618223640465 0 0 0 0 0 0 0 0.019756725617428406 -1.5408404070071936e-05 0.0093259255688307677 -0.0005223572623666116 -0.0013599420655150364 0.010084455453357427 0.014179199720380765 0 0 0 0 0 0
leaf_weight=471 3027 11843 4703 2043 1289 2601 3505 1968 6488 1136 1374 13812 2878 3867 2636 5305 6270 892 1138 3597 510 525 1861 1053 1740 2645 551 1478 296 1371
leaf_count=471 3027 11843 4703 2043 1289 2601 3505 1968 6488 1136 1374 13812 2878 3867 2636 5305 6270 892 1138 3597 510 525 1861 1053 1740 2645 551 1478 296 1371
internal_value=-0.0120178 -0.0161868 -0.00986925 -0.00678501 -0.0203042 -0.00261123 -0.0212734 -0.0146401 -0.00302893 -0.00514052 -0.0224654 -0.0208716 -0.0121226 -0.0134137 0.0018575 -0.00672616 -0.00565227 0.00148479 -0.0063253 0.00346815 0.000421627 0.00245166 0.00429144 0.00106618 -0.00880654 0.000106655 -0.0181948 -0.00832594 -0.0133963 -0.0155488
internal_weight=92873 64352 25392 20689 38960 28521 35931 5473 13206 18208 30458 18615 4803 7483 10313 14176 11575 5580 7626 7677 4032 2896 2371 4080 3029 4688 1925 2245 767 5238
internal_count=92873 64352 25392 20689 38960 28521 35931 5473 13206 18208 30458 18615 4803 7483 10313 14176 11575 5580 7626 7677 4032 2896 2371 4080 3029 4688 1925 2245 767 5238
cat_boundaries=0 1 2 3 4 5 6 7 8 9
cat_threshold=1 327703 885215 360735 1 2657160 1 2368797 327709
is_linear=0
shrinkage=0.05


Tree=39
num_leaves=31
num_cat=10
split_feature=18 18 17 0 2 3 3 2 3 0 5 2 17 3 3 7 5 5 21 18 3 7 2 17 3 5 0 2 0 0
split_gain=2504.24 318.178 165.696 109.653 52.1508 100.046 48.2802 42.8609 72.6279 45.4226 33.9796 30.8008 25.2542 24.2117 33.5127 24.0287 23.6531 22.8392 22.4181 21.5173 21.4273 19.0235 20.1801 17.5103 16.6314 15.2841 14.3734 13.9883 14.0975 13.6589
threshold=0.13903062045574191 0.48596936464309698 0.21428572386503222 0 1 81.500000000000014 47.500000000000007 2 80.500000000000014 3 1.0000000180025095e-35 4 0.35714286565780645 73.500000000000014 84.500000000000014 28.69999980926514 1.0000000180025095e-35 1.0000000180025095e-35 4.3299646377563485 0.22576530277729037 39.500000000000007 30.10000038146973 5 0.78571429848670971 46.500000000000007 1.0000000180025095e-35 6 7 8 9
decision_type=2 2 2 1 1 2 2 1 2 1 2 1 2 2 2 2 2 2 2 2 2 2 1 2 2 2 1 1 1 1
left_child=2 6 4 21 5 15 12 8 9 -8 24 18 27 -6 -15 -1 -14 29 -12 -9 -20 -3 -23 -4 -5 -10 -21 28 -2 -11
right_child=1 3 23 10 13 -7 7 19 25 17 11 -13 16 14 -16 -17 -18 -19 20 26 -22 22 -24 -25 -26 -27 -28 -29 -30 -31
leaf_value=0 0 0.0035034440206433703 0 0 0 0 0.013638865502342515 0 0 0 -0.0039672901336840526 -0.00051067018180068851 0 0 0 0 0.0098394509147987259 -0.0059761424158095797 -0.0044222253421969653 0 0.0092562354771889566 0.0092736293775279588 -0.0072342140770814316 0.0096324195371259424 0 -8.2521921156306938e-06 0 0 0 0
leaf_weight=2420 1303 5934 1575 1564 26288 3698 2770 3485 721 1233 859 625 1668 1569 1852 1116 534 1336 94 2296 1361 4669 1314 319 9628 130 3450 1052 3800 4247
leaf_count=2420 1303 5934 1575 1564 26288 3698 2770 3485 721 1233 859 625 1668 1569 1852 1116 534 1336 94 2296 1361 4669 1314 319 9628 130 3450 1052 3800 4247
internal_value=-0.0120504 -0.00509358 -0.0217364 -0.00111525 -0.0224758 -0.0186688 -0.00879126 -0.00743848 -0.00524336 -0.00400063 -0.00409271 0.00068901 -0.011975 -0.0234028 -0.0194461 -0.0126555 -0.00737965 -0.00618957 0.00334918 -0.00992038 0.00713058 0.00241679 0.00440832 -0.00731257 -0.00535204 -0.0192421 -0.00804038 -0.013619 -0.0125367 -0.00762774
internal_weight=92910 54073 38837 26048 36943 7234 28025 19668 10437 9586 14131 2939 8357 29709 3421 3536 2202 6816 2314 9231 1455 11917 5983 1894 11192 851 5746 6155 5103 5480
internal_count=92910 54073 38837 26048 36943 7234 28025 19668 10437 9586 14131 2939 8357 29709 3421 3536 2202 6816 2314 9231 1455 11917 5983 1894 11192 851 5746 6155 5103 5480
cat_boundaries=0 1 2 3 4 5 6 7 8 9 10
cat_threshold=327711 1 1 885151 1 1 2894237 1 622877 4198400
is_linear=0
shrinkage=0.05


Tree=40
num_leaves=31
num_cat=10
split_feature=17 2 3 3 16 0 3 3 0 4 3 3 3 0 3 2 4 0 4 21 2 3 17 9 0 0 3 0 4 3
split_gain=1429.5 687.619 423.69 199.473 177.573 123.488 109.203 97.1301 86.1106 63.5799 47.2588 187.116 46.11 32.5702 29.4441 27.4152 25.6653 23.7405 20.4214 18.0033 19.6707 17.5596 16.9386 16.7564 13.5386 12.8871 12.817 11.7309 11.6855 23.6179
threshold=0.21428572386503222 0 80.500000000000014 43.500000000000007 1.0000000180025095e-35 1 74.500000000000014 84.500000000000014 2 4.5000000000000009 44.500000000000007 56.500000000000007 47.500000000000007 3 46.500000000000007 4 4.5000000000000009 5 4.5000000000000009 4.3299646377563485 6 44.500000000000007 0.5000000149011613 1.0000000180025095e-35 7 8 76.500000000000014 9 4.5000000000000009 37.500000000000007
decision_type=2 1 2 2 2 1 2 2 1 2 2 2 2 1 2 1 2 1 2 2 1 2 2 2 1 1 2 1 2 2
left_child=1 2 3 13 6 15 10 -8 18 14 -3 12 -12 28 -7 21 27 -16 24 -11 22 -2 -21 26 -5 -6 -23 -10 -1 -30
right_child=5 4 -4 8 25 9 7 -9 16 19 11 -13 -14 -15 17 -17 -18 -19 -20 20 -22 23 -24 -25 -26 -27 -28 -29 29 -31
leaf_value=0 -0.0030225975857376811 0 0 0 0 0 0 0 0 -0.0025110253313498634 0 0 0 0 0 0 0.0083113287410190202 0 0.017973418090736742 -0.0011998857757450447 -0.0012919449622392845 0.0068532436160995309 0.0092848876474232508 0.036351974205359315 0.0094786441168874802 0 -0.0092260879960705151 0 0 0.036967043950376602
leaf_weight=1371 1815 11977 4724 1880 1479 2582 3503 1997 3413 1135 1932 13758 2874 5230 5300 2638 1161 6281 914 508 532 3597 1850 1831 3007 1573 456 3330 353 109
leaf_count=1371 1815 11977 4724 1880 1479 2582 3503 1997 3413 1135 1932 13758 2874 5230 5300 2638 1161 6281 914 508 532 3597 1850 1831 3007 1573 456 3330 353 109
internal_value=-0.0120943 -0.0162116 -0.00982269 -0.00674836 -0.0203777 -0.00277213 -0.0213583 -0.0148727 -0.00323057 -0.00525058 -0.0225263 -0.0209465 -0.0124532 -0.0135743 -0.00682941 0.00159225 -0.00662118 -0.00575296 0.00139821 0.000291925 0.00238754 0.00310105 0.0043469 0.00442726 0.000117659 -0.00879751 0.00263385 -0.0078118 -0.00769126 -0.0146104
internal_weight=93110 64585 25492 20768 39093 28525 36041 5500 13705 18188 30541 18564 4806 7063 14163 10337 7904 11581 5801 4025 2890 7699 2358 5884 4887 3052 4053 6743 1833 462
internal_count=93110 64585 25492 20768 39093 28525 36041 5500 13705 18188 30541 18564 4806 7063 14163 10337 7904 11581 5801 4025 2890 7699 2358 5884 4887 3052 4053 6743 1833 462
cat_boundaries=0 1 2 3 4 5 6 7 8 9 10
cat_threshold=1 327703 885215 360731 1 2657160 1 524736 2433311 2247200
is_linear=0
shrinkage=0.05


Tree=41
num_leaves=31
num_cat=6
split_feature=18 18 17 0 17 3 4 4 0 3 17 17 3 0 3 4 13 3 3 3 0 0 3 17 21 3 21 18 18 0
split_gain=2472.03 300.834 167.505 99.0128 52.5205 43.758 40.0433 35.5691 26.2094 19.16 19.0197 17.7338 15.883 13.8521 13.8279 13.1527 12.5765 11.7678 50.4998 16.6825 10.2317 10.1659 9.98146 9.9158 13.7201 9.4602 9.31403 8.90392 8.34662 8.1673
threshold=0.13903062045574191 0.48596936464309698 0.21428572386503222 0 0.35714286565780645 47.500000000000007 4.5000000000000009 4.5000000000000009 1 43.500000000000007 1.0000000180025095e-35 0.78571429848670971 80.500000000000014 2 46.500000000000007 4.5000000000000009 1.0204166769981386 44.500000000000007 56.500000000000007 46.500000000000007 3 4 46.500000000000007 0.5000000149011613 4.3299646377563485 79.500000000000014 4.376493215560914 0.74107143282890331 0.25382652878761297 5
decision_type=2 2 2 1 2 2 2 2 1 2 2 2 2 1 2 2 2 2 2 2 1 1 2 2 2 2 2 2 2 1
left_child=2 4 10 9 5 20 13 14 12 -3 17 15 28 -6 -5 -4 27 -1 19 -19 -2 -16 -15 26 -25 -10 -9 -11 -7 -24
right_child=1 3 11 7 6 8 -8 23 25 16 -12 -13 -14 22 21 -17 -18 18 -20 -21 -22 -23 29 24 -26 -27 -28 -29 -30 -31
leaf_value=0 0 -0.0062819976753142942 0 0 0 0 8.8402714524247141e-05 0.00022013411756612378 0 0.0081942718850139661 0 0.0066993749073472999 0 0 0 -2.1543645375955125e-06 -0.00021881008905653629 0 0 0 0 0 0 -0.0026431005958806398 0.0048307559349673075 0 -0.00070696082529383541 0.0089339133185487862 0 0
leaf_weight=13610 1889 1720 1233 1485 1958 2016 1863 825 6209 2387 1242 317 956 955 5469 363 2608 841 20263 947 4271 3800 500 640 1073 1381 354 5686 3204 2856
leaf_count=13610 1889 1720 1233 1485 1958 2016 1863 825 6209 2387 1242 317 956 955 5469 363 2608 841 20263 947 4271 3800 500 640 1073 1381 354 5686 3204 2856
internal_value=-0.0120508 -0.00514324 -0.0216792 -0.00127366 -0.00873548 -0.0101174 -0.00534924 -0.0042106 -0.00855005 0.00195995 -0.022427 -0.00725301 -0.00609441 -0.00726192 -0.00553747 -0.0093985 0.00275021 -0.0226389 -0.0219253 -0.0138702 -0.0136201 -0.00481983 -0.00884633 0.000708852 0.00313777 -0.0105263 -0.00282019 0.00372538 -0.00501916 -0.00758343
internal_weight=92921 54105 38816 26047 28058 19926 8132 13646 13766 12401 36903 1913 6176 6269 10754 1596 10681 35661 22051 1788 6160 9269 4311 2892 1713 7590 1179 8073 5220 3356
internal_count=92921 54105 38816 26047 28058 19926 8132 13646 13766 12401 36903 1913 6176 6269 10754 1596 10681 35661 22051 1788 6160 9269 4311 2892 1713 7590 1179 8073 5220 3356
cat_boundaries=0 1 2 3 4 5 6
cat_threshold=327839 592831 786847 622879 2658112 4198400
is_linear=0
shrinkage=0.05


Tree=42
num_leaves=31
num_cat=7
split_feature=18 18 17 0 17 2 3 3 4 4 2 3 2 0 3 3 3 2 17 3 3 3 2 3 4 4 3 9 3 18
split_gain=2487.91 304.429 168.47 98.1802 54.5402 54.1 99.5346 44.9851 37.918 37.0916 31.8259 27.6535 43.9071 31.6442 25.1945 34.5139 24.0547 21.4477 18.838 16.896 21.5267 15.9587 17.2634 15.7666 15.6577 14.4161 14.0715 13.9405 13.7254 12.4985
threshold=0.13903062045574191 0.47321428358554846 0.21428572386503222 0 0.35714286565780645 1 81.500000000000014 47.500000000000007 4.5000000000000009 4.5000000000000009 2 80.500000000000014 3 4 73.500000000000014 84.500000000000014 42.500000000000007 5 0.92857143282890331 54.500000000000007 75.500000000000014 43.500000000000007 6 46.500000000000007 4.5000000000000009 4.5000000000000009 74.500000000000014 1.0000000180025095e-35 56.500000000000007 0.24362244457006457
decision_type=2 2 2 1 2 1 2 2 2 2 1 2 1 1 2 2 2 1 2 2 2 2 1 2 2 2 2 2 2 2
left_child=2 4 5 21 7 6 16 -2 23 29 27 12 13 -9 -7 -16 -1 -13 25 -14 28 -3 24 -5 26 -4 -23 -10 -21 -6
right_child=1 3 18 8 9 14 -8 11 10 -11 -12 17 19 -15 15 -17 -18 -19 -20 20 -22 22 -24 -25 -26 -27 -28 -29 -30 -31
leaf_value=0 0 -0.0052603874277759605 0 0 0 0 0 0 -0.0030455770226690956 8.3982578798034793e-05 -0.00031266728985052442 0 0 0 0 0 0 0 0.016415595443505966 0 0 0.006548471858838157 -0.0056801740549761734 0 0.034170740499344966 -2.046646310715737e-06 -0.011154000406205801 0.0062212509734109389 0 0
leaf_weight=1947 6176 1737 1273 1482 1118 26299 3701 2959 1021 1884 622 736 1920 3400 1572 1834 1583 1300 207 732 1395 5580 2668 9333 1641 412 906 1256 1315 5062
leaf_count=1947 6176 1737 1273 1482 1118 26299 3701 2959 1021 1884 622 736 1920 3400 1572 1834 1583 1300 207 732 1395 5580 2668 9333 1641 412 906 1256 1315 5062
internal_value=-0.0119986 -0.00508222 -0.0216609 -0.00121352 -0.00870897 -0.0224063 -0.0185279 -0.0101126 -0.00413509 -0.00523934 0.000939979 -0.00852112 -0.00758681 -0.00477669 -0.0233504 -0.0193042 -0.0125212 -0.0138998 -0.00710888 -0.0109194 -0.0130157 0.00198533 0.00270264 -0.00549931 0.00384828 -0.00885757 0.00274437 0.00367809 -0.0162799 -0.00711165
internal_weight=93071 54243 38828 26246 27997 36936 7231 19933 13714 8064 2899 13757 11721 6359 29705 3406 3530 2036 1892 5362 3442 12532 10795 10815 8127 1685 6486 2277 2047 6180
internal_count=93071 54243 38828 26246 27997 36936 7231 19933 13714 8064 2899 13757 11721 6359 29705 3406 3530 2036 1892 5362 3442 12532 10795 10815 8127 1685 6486 2277 2047 6180
cat_boundaries=0 1 2 3 4 5 6 7
cat_threshold=327839 1 1 1 7484416 1 1
is_linear=0
shrinkage=0.05


Tree=43
num_leaves=31
num_cat=10
split_feature=18 18 17 0 17 2 7 4 4 2 18 0 21 17 0 7 2 0 0 7 7 0 7 0 18 19 7 19 21 21
split_gain=2472.49 296.57 165.518 91.9033 57.7974 51.1092 77.8881 37.3981 36.9483 31.5368 28.8778 20.9737 20.0963 14.5313 12.8894 12.0753 15.9141 11.0617 10.9685 10.4772 10.2938 9.78606 9.03479 8.83099 8.70656 8.2615 7.9849 8.32683 7.68675 7.50139
threshold=0.13903062045574191 0.47321428358554846 0.21428572386503222 0 0.35714286565780645 1 27.10000038146973 4.5000000000000009 4.5000000000000009 2 0.25382652878761297 3 4.3299646377563485 0.35714286565780645 4 30.10000038146973 5 6 7 31.899999618530277 28.69999980926514 8 31.899999618530277 9 0.054846938699483878 0.99914938211441051 24.500000000000004 1.292279124259949 4.3775744438171396 4.3887064456939706
decision_type=2 2 2 1 2 1 2 2 2 1 2 1 2 2 1 2 1 1 1 2 2 1 2 1 2 2 2 2 2 2
left_child=2 4 5 15 10 6 25 14 21 12 17 19 -10 29 -6 23 -17 -2 -15 -12 -8 -5 -23 -3 -7 -1 -27 -28 -29 -4
right_child=1 3 13 8 7 24 20 -9 9 -11 11 -13 -14 18 -16 16 -18 -19 -20 -21 -22 22 -24 -25 -26 26 27 28 -30 -31
leaf_value=0 0 0.01024993449452043 0 0 0 0 0 7.978344985813305e-05 -0.0033589404795048698 -0.00030143974123776683 0 0 0.0071099184530585341 0.050000000000000003 0 0.00709910533723207 -0.0065775541660257246 0 0 0.012024603632430471 0 0 0 -0.0040399222059410078 0 0 0 0.050000000000000003 0 0
leaf_weight=2683 1698 2587 164 4373 2182 29071 700 1868 830 604 3974 6609 1424 134 4009 4930 1396 7058 1073 576 1119 4969 1520 3602 515 1001 1583 73 43 556
leaf_count=2683 1698 2587 164 4373 2182 29071 700 1868 830 604 3974 6609 1424 134 4009 4930 1396 7058 1073 576 1119 4969 1520 3602 515 1001 1583 73 43 556
internal_value=-0.0120674 -0.00517488 -0.0217183 -0.00135601 -0.00875635 -0.0224666 -0.0186893 -0.00518365 -0.00418063 0.000874738 -0.0102021 -0.00851555 0.00359361 -0.00743383 -0.0070546 0.00174251 0.00328011 -0.0123515 -0.00408036 -0.00585526 -0.00974437 -0.00551464 -0.00675104 0.000173695 -0.0233861 -0.0217119 -0.0197593 -0.0176722 -0.00474138 -0.0130556
internal_weight=92924 54209 38715 26235 27974 36788 7202 8059 13720 2858 19915 11159 2254 1927 6191 12515 6326 8756 1207 4550 1819 10862 6489 6189 29586 5383 2700 1699 116 720
internal_count=92924 54209 38715 26235 27974 36788 7202 8059 13720 2858 19915 11159 2254 1927 6191 12515 6326 8756 1207 4550 1819 10862 6489 6189 29586 5383 2700 1699 116 720
cat_boundaries=0 1 2 3 4 5 6 7 8 9 10
cat_threshold=327839 1 1 592799 852383 1 524684 32896 2654528 262160
is_linear=0
shrinkage=0.05


Tree=44
num_leaves=31
num_cat=9
split_feature=18 18 2 3 0 3 2 3 0 4 3 3 3 2 0 21 3 3 3 2 4 3 4 4 3 0 3 0 4 3
split_gain=2509.09 299.927 111.51 147.318 96.367 46.0881 38.8011 71.1508 42.2916 38.2201 36.575 35.9879 44.9292 25.0682 21.6448 20.0367 19.8242 19.0105 33.9651 18.487 18.3449 15.9484 15.5647 14.6892 14.6651 14.5226 14.3588 14.1332 13.9386 13.2515
threshold=0.13903062045574191 0.47321428358554846 0 81.500000000000014 1 47.500000000000007 2 80.500000000000014 3 4.5000000000000009 42.500000000000007 73.500000000000014 84.500000000000014 4 5 4.3299646377563485 39.500000000000007 54.500000000000007 75.500000000000014 6 4.5000000000000009 83.500000000000014 4.5000000000000009 4.5000000000000009 46.500000000000007 7 56.500000000000007 8 4.5000000000000009 45.500000000000007
decision_type=2 2 1 2 1 2 1 2 1 2 2 2 2 1 1 2 2 2 2 1 2 2 2 2 2 1 2 1 2 2
left_child=2 5 3 10 29 14 7 8 23 24 -1 -4 -13 15 19 -11 -17 25 26 -2 -9 27 -10 -7 -6 -8 -19 -20 -12 -3
right_child=1 4 11 -5 9 6 17 20 22 13 28 12 -14 -15 -16 16 -18 18 21 -21 -22 -23 -24 -25 -26 -27 -28 -29 -30 -31
leaf_value=0 0 -0.0038379260956439573 0 0 0 0 0 0 0 -0.0031909934555296262 0 0 0 -0.00028196193829610987 0 -0.0049217148892076561 0.0074274559212737018 0 0 0 -7.8395825098491593e-06 0 0.013154595553259447 -0.0088063061238673451 0 0 0 0 0.030791514677093158 0.0063213469134511925
leaf_weight=2281 2329 2282 26706 3764 1475 3454 839 718 4225 838 1912 1821 1881 604 5427 88 1326 978 1040 592 133 541 1072 826 9418 2038 1631 2146 483 10234
leaf_count=2281 2329 2282 26706 3764 1475 3454 839 718 4225 838 1912 1821 1881 604 5427 88 1326 978 1040 592 133 541 1072 826 9418 2038 1631 2146 483 10234
internal_value=-0.0120255 -0.00507981 -0.0217257 -0.016641 -0.00124215 -0.00868109 -0.00735833 -0.00526947 -0.00403832 -0.00413002 -0.0107143 -0.023137 -0.018517 0.00101541 -0.0117932 0.00344139 0.00707214 -0.00972267 -0.0112532 -0.00821392 -0.0191246 -0.00819023 -0.00104108 -0.00772727 -0.00548288 -0.0063521 -0.0156286 -0.00684244 -0.00639875 0.00193198
internal_weight=93102 54254 38848 8440 26265 27989 19641 10428 9577 13749 4676 30408 3702 2856 8348 2252 1414 9213 6336 2921 851 3727 5297 4280 10893 2877 2609 3186 2395 12516
internal_count=93102 54254 38848 8440 26265 27989 19641 10428 9577 13749 4676 30408 3702 2856 8348 2252 1414 9213 6336 2921 851 3727 5297 4280 10893 2877 2609 3186 2395 12516
cat_boundaries=0 1 2 3 4 5 6 7 8 9
cat_threshold=1 327839 1 7484416 1 885023 1 5279808 1217728
is_linear=0
shrinkage=0.05


Tree=45
num_leaves=31
num_cat=10
split_feature=18 18 17 0 17 2 7 4 4 0 2 21 18 17 18 2 7 7 2 0 7 21 13 0 9 19 7 7 0 2
split_gain=2486.75 290.019 152.049 90.7089 55.9903 53.1014 80.7622 37.5414 36.1613 30.0993 25.3753 17.8025 15.5923 13.8999 13.8548 13.6006 33.5596 13.0353 14.0674 12.1129 10.7864 10.6481 9.12919 9.01161 8.88895 8.76031 8.73229 8.3725 8.37029 8.26866
threshold=0.13903062045574191 0.47321428358554846 0.21428572386503222 0 0.35714286565780645 1 27.10000038146973 4.5000000000000009 4.5000000000000009 2 3 4.3299646377563485 0.26403062045574194 0.5000000149011613 0.24362244457006457 4 28.69999980926514 30.10000038146973 5 6 30.10000038146973 4.3887064456939706 0.95553359389305126 7 1.0000000180025095e-35 0.99914938211441051 30.10000038146973 24.500000000000004 8 9
decision_type=2 2 2 1 2 1 2 2 2 1 1 2 2 2 2 1 2 2 1 1 2 2 2 1 2 2 2 2 1 1
left_child=2 4 5 17 9 6 25 14 23 15 11 -10 -11 21 -6 16 -2 -3 22 -16 -8 -4 -19 -5 -18 -1 -13 -27 -15 -23
right_child=1 3 13 8 7 -7 20 -9 10 12 -12 26 -14 28 19 -17 24 18 -20 -21 -22 29 -24 -25 -26 27 -28 -29 -30 -31
leaf_value=0 0 0.00042951949204830266 0 0 0 0 0 7.5794277365226394e-05 -0.0030314437827531453 0 -0.00026786384138130433 0.0028182008510098445 0 0.036396307869274717 0 0 0 0.0089076985666371958 -0.005903371987925757 0 0 0 0.00532891539304457 0 0.025716147708527617 0 0.0080006551508072076 0 0 0
leaf_weight=2706 2143 6164 280 5064 1131 29649 1187 1868 835 5992 604 620 7254 260 1999 2703 1132 1786 1395 3052 646 443 3094 5811 694 989 810 1720 515 410
leaf_count=2706 2143 6164 280 5064 1131 29649 1187 1868 835 5992 604 620 7254 260 1999 2703 1132 1786 1395 3052 646 443 3094 5811 694 989 810 1720 515 410
internal_value=-0.0120692 -0.00514626 -0.0217298 -0.00136443 -0.00868671 -0.0224415 -0.0186051 -0.0051677 -0.00416243 -0.0101089 0.000827815 0.00325607 -0.0114967 -0.00796646 -0.00704465 -0.00732565 -0.00547367 0.00172905 0.00333466 -0.00592457 -0.00953355 -0.011496 0.00460041 -0.00548276 -0.000492881 -0.0216759 0.00664336 -0.0196659 -0.00280645 -0.0142732
internal_weight=92956 54151 38805 26183 27968 36897 7248 8050 13744 19918 2869 2265 13246 1908 6182 6672 3969 12439 6275 5051 1833 1133 4880 10875 1826 5415 1430 2709 775 853
internal_count=92956 54151 38805 26183 27968 36897 7248 8050 13744 19918 2869 2265 13246 1908 6182 6672 3969 12439 6275 5051 1833 1133 4880 10875 1826 5415 1430 2709 775 853
cat_boundaries=0 1 2 3 4 5 6 7 8 9 10
cat_threshold=327839 1 592271 1 1 1 885151 2655552 6324293 1
is_linear=0
shrinkage=0.05


Tree=46
num_leaves=31
num_cat=10
split_feature=18 18 17 0 17 3 2 3 4 4 17 0 3 3 3 2 3 2 21 3 0 7 2 3 2 0 3 2 3 3
split_gain=2480.71 304.229 151.945 92.3967 53.9248 44.5676 44.1351 92.7505 42.3917 35.2212 29.7724 23.1491 22.5233 33.4145 21.8609 18.0249 32.6675 16.1926 16.4909 19.3775 15.8831 13.3141 14.665 13.2299 12.7778 14.5382 12.0659 19.8541 11.4926 18.5012
threshold=0.13903062045574191 0.47321428358554846 1.0000000180025095e-35 0 0.35714286565780645 47.500000000000007 1 81.500000000000014 4.5000000000000009 4.5000000000000009 0.35714286565780645 2 73.500000000000014 84.500000000000014 43.500000000000007 3 80.500000000000014 4 4.3299646377563485 39.500000000000007 5 30.10000038146973 6 46.500000000000007 7 8 79.500000000000014 9 56.500000000000007 74.500000000000014
decision_type=2 2 2 1 2 2 1 2 2 2 2 1 2 2 2 1 2 1 2 2 1 2 1 2 1 1 2 1 2 2
left_child=2 4 6 21 5 24 7 14 23 20 -4 15 -8 -14 -1 16 -7 18 -10 -20 -6 -3 -23 -5 25 -2 27 -13 -29 -30
right_child=1 3 10 8 9 11 12 -9 17 -11 -12 26 13 -15 -16 -17 -18 -19 19 -21 -22 22 -24 -25 -26 -27 -28 28 29 -31
leaf_value=0 0 0.00052787419505190834 0 0 0 -0.00093259822308257431 0 0 -0.0028466305743793199 6.4688161225309892e-05 0 0 0 0 0 0 0 -0.00025447064931223914 -0.0048165391872977657 0.0069288865354727282 0 0.0065196663156349647 -0.0060288574872329947 0 0 0 0 0 0 0
leaf_weight=1765 1475 6181 1927 1485 2822 1991 25774 3682 827 1885 1183 4183 1391 1833 1327 2497 228 607 87 1339 3382 4925 1396 9412 1055 3639 1663 1666 626 887
leaf_count=1765 1475 6181 1927 1485 2822 1991 25774 3682 827 1885 1183 4183 1391 1833 1327 2497 228 607 87 1339 3382 4925 1396 9412 1055 3639 1663 1666 626 887
internal_value=-0.0120866 -0.00517896 -0.021726 -0.00131288 -0.00880478 -0.0102034 -0.0226476 -0.0190139 -0.00413852 -0.00536222 -0.0111254 -0.00861837 -0.0234964 -0.0195565 -0.0126294 -0.00573424 -0.00246733 0.00127622 0.00322903 0.00648668 -0.00718085 0.00179827 0.00341323 -0.00556346 -0.013734 -0.0127004 -0.0101079 -0.0092502 -0.0122287 -0.0153833
internal_weight=93140 54258 38882 26259 27999 19910 35772 6774 13757 8089 3110 13741 28998 3224 3092 4716 2219 2860 2253 1426 6204 12502 6321 10897 6169 5114 9025 7362 3179 1513
internal_count=93140 54258 38882 26259 27999 19910 35772 6774 13757 8089 3110 13741 28998 3224 3092 4716 2219 2860 2253 1426 6204 12502 6321 10897 6169 5114 9025 7362 3179 1513
cat_boundaries=0 1 2 3 4 5 6 7 8 9 10
cat_threshold=327839 1 592287 1 1 5273184 1 1 622879 1
is_linear=0
shrinkage=0.05


Tree=47
num_leaves=31
num_cat=10
split_feature=17 2 3 16 3 3 0 3 0 4 3 3 3 4 2 3 0 0 4 7 0 4 0 4 3 0 3 2 3 3
split_gain=1387.51 677.308 421.478 196.401 194.308 113.698 102.403 98.6744 86.2056 66.2952 49.8622 202.61 45.4097 29.6993 28.0944 27.5156 26.5017 23.6037 16.6291 14.1754 13.6948 13.4824 13.3171 11.2697 29.381 10.9177 10.1274 9.28074 9.25966 9.17761
threshold=0.21428572386503222 0 80.500000000000014 1.0000000180025095e-35 42.500000000000007 74.500000000000014 1 84.500000000000014 2 4.5000000000000009 44.500000000000007 56.500000000000007 47.500000000000007 4.5000000000000009 3 46.500000000000007 4 5 4.5000000000000009 30.10000038146973 6 4.5000000000000009 7 4.5000000000000009 37.500000000000007 8 53.500000000000007 9 79.500000000000014 81.500000000000014
decision_type=2 1 2 2 2 2 1 2 1 2 2 2 2 2 1 2 1 1 2 2 1 2 1 2 2 1 2 1 2 2
left_child=1 2 4 5 16 10 14 -7 18 15 -3 12 -12 25 19 -8 23 27 22 21 -5 28 -6 -1 -25 -10 -15 -17 -2 -4
right_child=6 3 29 20 8 7 9 -9 13 -11 11 -13 -14 26 -16 17 -18 -19 -20 -21 -22 -23 -24 24 -26 -27 -28 -29 -30 -31
leaf_value=0 -0.0028714677064507971 0 0 0 0.0093387934990099616 0 0 0 0 6.8770155435699584e-05 0 0 0 0.034061220070860841 0 0 0 0 0.015353822378754113 0.0056955852807389689 0 0.011927298005378274 0 0 0.040022517437865862 0 -0.010014722958135715 0 -0.013367231810112862 0
leaf_weight=1717 2903 11893 596 1081 1860 3513 2591 1962 2159 4028 1916 13824 2875 256 2654 3588 4302 6244 954 3605 1947 1044 3215 442 124 4888 929 1719 100 4070
leaf_count=1717 2903 11893 596 1081 1860 3513 2591 1962 2159 4028 1916 13824 2875 256 2654 3588 4302 6244 954 3605 1947 1044 3215 442 124 4888 929 1719 100 4070
internal_value=-0.0120219 -0.0160792 -0.00974443 -0.0202219 -0.00670392 -0.021251 -0.0028287 -0.0146164 -0.00342367 -0.00508526 -0.0224417 -0.0208259 -0.0119651 -0.00674594 0.00115355 -0.0066999 -0.0138079 -0.00565535 0.00112187 0.00269211 -0.00799207 0.000660983 -1.47783e-05 -0.00930004 -0.0154594 -0.00798567 0.00056962 -0.00318319 -0.00104063 -0.0233283
internal_weight=92999 64523 25512 39011 20846 35983 28476 5475 14261 18170 30508 18615 4791 8232 10306 14142 6585 11551 6029 7652 3028 4047 5075 2283 566 7047 1185 5307 3003 4666
internal_count=92999 64523 25512 39011 20846 35983 28476 5475 14261 18170 30508 18615 4791 8232 10306 14142 6585 11551 6029 7652 3028 4047 5075 2283 566 7047 1185 5307 3003 4666
cat_boundaries=0 1 2 3 4 5 6 7 8 9 10
cat_threshold=1 327703 885215 1 360863 2657160 2367517 327701 5246976 1
is_linear=0
shrinkage=0.05


Tree=48
num_leaves=31
num_cat=7
split_feature=18 18 17 0 17 3 4 4 17 0 3 3 0 3 18 0 3 3 3 0 3 21 3 21 0 9 0 3 18 18
split_gain=2474.21 286.33 164.516 85.5232 51.3321 43.534 40.0091 38.081 31.3817 28.6311 17.4713 14.9052 13.8139 13.3154 12.8878 12.3783 11.9736 49.4538 16.463 11.6089 10.3695 9.67273 9.06511 10.7588 9.04266 8.41086 8.26573 7.92275 7.83701 7.64131
threshold=0.13903062045574191 0.47321428358554846 1.0000000180025095e-35 0 0.35714286565780645 47.500000000000007 4.5000000000000009 4.5000000000000009 0.35714286565780645 1 46.500000000000007 79.500000000000014 2 40.500000000000007 0.26403062045574194 3 44.500000000000007 56.500000000000007 46.500000000000007 4 79.500000000000014 4.3887064456939706 38.500000000000007 4.3299646377563485 5 1.0000000180025095e-35 6 46.500000000000007 0.23852040618658069 0.25382652878761297
decision_type=2 2 2 1 2 2 2 2 2 1 2 2 1 2 2 1 2 2 2 1 2 2 2 2 1 2 1 2 2 2
left_child=2 4 16 13 5 19 10 12 21 11 -5 29 27 -3 -11 -10 -1 18 -18 -2 25 -4 -8 -24 -12 -15 -25 -6 -14 -7
right_child=1 3 8 6 7 9 22 -9 15 14 24 -13 28 20 -16 -17 17 -19 -20 -21 -22 -23 23 26 -26 -27 -28 -29 -30 -31
leaf_value=0 0 -0.0057155043105523509 0 0 0 0 -0.0037481166083759665 6.5331647663914607e-05 0.046520152274953923 0 0 0 0 0.0028969446608272166 0 0 0 0 0 0 -0.0092700771927272871 0 -0.00074402229736702033 0.00030412559666394127 0 0.016372966686290114 0.0063746642613667307 0 0 0
leaf_weight=13703 1881 1048 395 1559 654 1598 101 1878 122 3639 3798 1006 465 6712 4851 1074 826 20273 923 4299 566 1577 1004 1151 5805 3789 701 2551 2518 2561
leaf_count=13703 1881 1048 395 1559 654 1598 101 1878 122 3639 3798 1006 465 6712 4851 1074 826 20273 923 4299 566 1577 1004 1151 5805 3789 701 2551 2518 2561
internal_value=-0.0120797 -0.0051681 -0.0216999 -0.00141801 -0.00869413 -0.0100618 -0.0040608 -0.00533102 -0.0107797 -0.0084859 -0.00543361 -0.00551208 -0.00722366 0.00166392 -0.0102765 -0.00438963 -0.0226683 -0.0219462 -0.0138794 -0.0135437 0.00217539 -0.0146552 0.00110754 0.00162815 -0.00463657 0.00253071 0.00388769 -0.00951011 -0.00471935 -0.00420173
internal_weight=93028 54135 38893 26234 27901 19835 14119 8066 3168 13655 11162 5165 6188 12115 8490 1196 35725 22022 1749 6180 11067 1972 2957 2856 9603 10501 1852 3205 2983 4159
internal_count=93028 54135 38893 26234 27901 19835 14119 8066 3168 13655 11162 5165 6188 12115 8490 1196 35725 22022 1749 6180 11067 1972 2957 2856 9603 10501 1852 3205 2983 4159
cat_boundaries=0 1 2 3 4 5 6 7
cat_threshold=327831 592783 5404256 32896 622879 5402656 3727392
is_linear=0
shrinkage=0.05


Tree=49
num_leaves=31
num_cat=11
split_feature=18 18 17 0 17 2 3 3 4 4 3 2 0 3 3 2 3 3 3 2 21 17 3 3 2 0 0 0 3 2
split_gain=2466.19 285.401 158.405 87.8717 53.6943 51.4331 98.9911 43.7195 37.4375 36.4947 25.9307 42.0277 29.1291 25.4204 33.3092 24.0306 22.3108 17.7539 37.4339 17.1321 15.3169 14.0563 13.3622 13.2361 12.4059 14.5802 12.3434 12.323 11.4668 11.4008
threshold=0.13903062045574191 0.47321428358554846 0.21428572386503222 0 0.35714286565780645 1 81.500000000000014 47.500000000000007 4.5000000000000009 4.5000000000000009 80.500000000000014 2 3 73.500000000000014 84.500000000000014 4 42.500000000000007 56.500000000000007 74.500000000000014 5 4.3299646377563485 0.35714286565780645 46.500000000000007 45.500000000000007 6 7 8 9 39.500000000000007 10
decision_type=2 2 2 1 2 1 2 2 2 2 2 1 1 2 2 1 2 2 2 1 2 2 2 2 1 1 1 1 2 1
left_child=2 4 5 23 7 6 16 24 26 22 11 12 -9 -7 -15 -12 -1 27 -19 20 -11 -4 -5 -3 25 -2 -6 -13 -22 -25
right_child=1 3 21 9 8 13 -8 10 -10 19 15 17 -14 14 -16 -17 -18 18 -20 -21 28 -23 -24 29 -26 -27 -28 -29 -30 -31
leaf_value=0 0 -0.0040089214890185005 0 0 0 0 0 0 6.2065065280718883e-05 -0.002703777457799956 0 0 0 0 0 0 0 0 0 -0.00035214614604220026 -0.0043883063975140779 0 0 0.0056734899686958218 0 0 0 0 0.0057820101159561212 -0.0040443812266788932
leaf_weight=1962 1481 2279 715 1488 2446 26280 3732 2946 1876 834 739 989 3368 1568 1866 1307 1579 960 1766 601 82 1189 9398 7559 1054 3649 3744 1621 1341 2676
leaf_count=1962 1481 2279 715 1488 2446 26280 3732 2946 1876 834 739 989 3368 1568 1866 1307 1579 960 1766 601 82 1189 9398 7559 1054 3649 3744 1621 1341 2676
internal_value=-0.0120987 -0.00520534 -0.0217062 -0.00146241 -0.00872218 -0.0224302 -0.0186615 -0.0101182 -0.00528143 -0.00422059 -0.00854264 -0.0076309 -0.00487013 -0.0233526 -0.0193069 -0.0137341 -0.012673 -0.0108977 -0.0137197 0.000804759 0.00280239 -0.00764181 -0.00554382 0.00156899 -0.0136077 -0.0125926 -0.0071567 -0.00795019 0.00595573 0.00233757
internal_weight=93095 54204 38891 26258 27946 36987 7273 19880 8066 13744 13696 11650 6314 29714 3434 2046 3541 5336 2726 2858 2257 1904 10886 12514 6184 5130 6190 2610 1423 10235
internal_count=93095 54204 38891 26258 27946 36987 7273 19880 8066 13744 13696 11650 6314 29714 3434 2046 3541 5336 2726 2858 2257 1904 10886 12514 6184 5130 6190 2610 1423 10235
cat_boundaries=0 1 2 3 4 5 6 7 8 9 10 11
cat_threshold=327839 1 1 7484416 1 1 1 622879 5272672 2436253 1
is_linear=0
shrinkage=0.05


Tree=50
num_leaves=31
num_cat=9
split_feature=18 18 17 0 2 3 17 3 4 4 0 3 3 2 3 3 3 0 17 3 2 0 21 3 2 21 21 3 2 4
split_gain=2467.23 286.35 155.694 81.1159 54.6958 100.576 52.647 46.9255 38.4442 35.7618 29.8423 27.1217 35.7169 23.495 37.0238 23.0115 13.5578 13.3231 13.2854 12.8857 12.2159 13.5485 11.3759 10.7015 10.1664 15.9779 13.3484 11.334 10.1589 10.03
threshold=0.13903062045574191 0.47321428358554846 0.21428572386503222 0 1 81.500000000000014 0.35714286565780645 47.500000000000007 4.5000000000000009 4.5000000000000009 2 73.500000000000014 84.500000000000014 3 80.500000000000014 43.500000000000007 46.500000000000007 4 0.5000000149011613 45.500000000000007 5 6 4.3887064456939706 46.500000000000007 7 4.3299646377563485 4.3274590969085702 39.500000000000007 8 5.5000000000000009
decision_type=2 2 2 1 1 2 2 2 2 2 1 2 2 1 2 2 2 1 2 2 1 1 2 2 1 2 2 2 1 2
left_child=2 6 4 19 5 15 7 20 16 17 13 -6 -13 14 -9 -1 -5 -8 22 -3 21 -2 -4 -19 25 -10 -26 -27 29 -21
right_child=1 3 18 8 11 -7 9 10 24 -11 -12 12 -14 -15 -16 -17 -18 23 -20 28 -22 -23 -24 -25 26 27 -28 -29 -30 -31
leaf_value=0 0 -0.0041651240356843817 0 0 0 0 0 0 -0.0025685885849099583 5.8961812016682939e-05 0 0 0 0 0 0 0 0 0 0.0042231328842310739 0 0 0 0 6.5314591089029643e-05 -0.004168891077638375 -0.00068210265610635281 0.0057668305425005902 -0.0052493886858752357 0.042075149314432195
leaf_weight=2013 1464 2286 289 1470 26233 3723 2396 2645 835 1852 7741 1582 1864 3045 260 1523 9381 801 777 6940 1037 3651 837 2997 148 87 474 1365 2635 635
leaf_count=2013 1464 2286 289 1470 26233 3723 2396 2645 835 1852 7741 1582 1864 3045 260 1523 9381 801 777 6940 1037 3651 837 2997 148 87 474 1365 2635 635
internal_value=-0.0120948 -0.00519669 -0.0217109 -0.00144919 -0.0224295 -0.0185391 -0.00872477 -0.0101081 -0.00409586 -0.0053132 -0.0084782 -0.023381 -0.0192107 -0.0057802 -0.00257315 -0.0125 -0.00546724 -0.00713594 -0.00776406 0.0014673 -0.0137354 -0.0127322 -0.0112345 -0.00898109 0.0010055 0.002547 -0.00466238 0.00571625 0.00222821 0.00315842
internal_weight=92986 54145 38841 26256 36938 7259 27889 19843 13760 8046 13691 29679 3446 5950 2905 3536 10851 6194 1903 12496 6152 5115 1126 3798 2909 2287 622 1452 10210 7575
internal_count=92986 54145 38841 26256 36938 7259 27889 19843 13760 8046 13691 29679 3446 5950 2905 3536 10851 6194 1903 12496 6152 5115 1126 3798 2909 2287 622 1452 10210 7575
cat_boundaries=0 1 2 3 4 5 6 7 8 9
cat_threshold=327839 1 592815 1 885151 1 622879 1 1
is_linear=0
shrinkage=0.05


Tree=51
num_leaves=31
num_cat=7
split_feature=18 18 17 0 3 4 17 0 3 17 4 3 3 0 3 3 3 0 0 13 17 21 0 0 4 18 3 4 3 3
split_gain=2444.72 280.195 156.484 75.8806 52.1188 41.3077 32.6948 31.1087 28.0696 25.8247 21.6896 14.6241 13.5959 13.4056 12.1556 48.5512 16.0821 11.8706 10.6458 10.2296 10.2049 9.96936 9.9059 9.32482 9.00567 8.00936 7.80041 7.29588 7.86166 7.47925
threshold=0.13903062045574191 0.47321428358554846 1.0000000180025095e-35 0 47.500000000000007 4.5000000000000009 0.35714286565780645 1 80.500000000000014 0.35714286565780645 4.5000000000000009 54.500000000000007 46.500000000000007 2 44.500000000000007 56.500000000000007 46.500000000000007 3 4 1.0196153521537783 0.6428571641445161 4.3887064456939706 5 6 4.5000000000000009 0.16624149680137637 74.500000000000014 4.5000000000000009 35.500000000000007 43.500000000000007
decision_type=2 2 2 1 2 2 2 1 2 2 2 2 2 1 2 2 2 1 1 2 2 2 1 1 2 2 2 2 2 2
left_child=2 4 14 19 9 12 21 -6 11 17 23 -9 -5 -13 -1 16 -16 27 26 20 -3 -4 -8 -11 -10 -15 -14 -2 -29 -30
right_child=1 3 6 5 7 -7 22 8 24 10 -12 13 18 25 15 -17 -18 -19 -20 -21 -22 -23 -24 -25 -26 -27 -28 28 29 -31
leaf_value=0 0 0.00012283804418310737 0 0 0 0.00031745438336667283 0.043774160826997401 0 0 0 0.0088508449935792207 0 0 0 0 0 0 0 0 -0.0046603219317467807 0.0056531029416256769 0 0 0 0 0 0 0 0 0
leaf_weight=13630 1428 3728 371 1467 4083 2898 126 2941 1795 661 530 3553 4625 1632 838 20182 939 4302 3856 3071 5725 1555 1060 992 409 5106 961 153 132 144
leaf_count=13630 1428 3728 371 1467 4083 2898 126 2941 1795 661 530 3553 4625 1632 838 20182 939 4302 3856 3071 5725 1555 1060 992 409 5106 961 153 132 144
internal_value=-0.012111 -0.00525631 -0.0217094 -0.00155805 -0.00875148 -0.00411269 -0.0109576 -0.00733772 -0.00629613 -0.0120595 -0.00738662 -0.00543002 -0.00552525 -0.00631863 -0.0226496 -0.0219215 -0.0139983 -0.0137157 -0.00482949 0.00126057 0.00207606 -0.0149792 -0.00442664 -0.0102087 -0.0115245 -0.00763189 -0.00341315 -0.0101366 -0.0159091 -0.0108696
internal_weight=92893 54192 38701 26331 27861 13807 3112 19519 15436 8342 2183 13232 10909 10291 35589 21959 1777 6159 9442 12524 9453 1926 1186 1653 2204 6738 5586 1857 429 276
internal_count=92893 54192 38701 26331 27861 13807 3112 19519 15436 8342 2183 13232 10909 10291 35589 21959 1777 6159 9442 12524 9453 1926 1186 1653 2204 6738 5586 1857 429 276
cat_boundaries=0 1 2 3 4 5 6 7
cat_threshold=327839 5279744 590223 622879 2658112 32896 360735
is_linear=0
shrinkage=0.05


Tree=52
num_leaves=31
num_cat=10
split_feature=18 18 17 0 17 3 2 3 5 5 17 0 3 3 3 2 3 3 18 2 21 3 2 0 3 2 2 3 3 0
split_gain=2447.01 269.759 166.031 73.7952 58.0255 43.8919 42.1446 89.5833 37.9166 36.1849 34.8764 27.3568 22.8959 31.823 22.4042 18.6658 27.5013 14.2201 13.0647 12.8212 15.67 12.2403 12.1019 15.4068 12.0414 21.7254 13.4806 13.0249 18.605 12.9083
threshold=0.13903062045574191 0.47321428358554846 1.0000000180025095e-35 0 0.35714286565780645 47.500000000000007 1 81.500000000000014 1.0000000180025095e-35 1.0000000180025095e-35 0.35714286565780645 2 73.500000000000014 84.500000000000014 43.500000000000007 3 80.500000000000014 46.500000000000007 0.24362244457006457 4 4.3299646377563485 45.500000000000007 5 6 80.500000000000014 7 8 56.500000000000007 74.500000000000014 9
decision_type=2 2 2 1 2 2 1 2 2 2 2 1 2 2 2 1 2 2 2 1 2 2 1 1 2 1 1 2 2 1
left_child=2 4 6 21 5 22 7 14 18 17 -4 15 -8 -14 -1 16 -7 -5 -6 20 -11 -3 23 -2 25 29 -26 -27 -29 -13
right_child=1 3 10 9 8 11 12 -9 -10 19 -12 24 13 -15 -16 -17 -18 -19 -20 -21 -22 -23 -24 -25 26 27 -28 28 -30 -31
leaf_value=0 0 -0.004078262021565515 0 0 0 0 0 0 5.6013721415848792e-05 -0.0024560318748327939 0 0 0 0 0 0 0 0 0 -0.00031630642510310623 0.0042913270232241814 0.0040848667420966883 0 0 0 0 0 0 0 0
leaf_weight=1767 1473 2258 1952 1478 1126 2204 25696 3706 1910 834 1188 2952 1423 1796 1278 2470 198 9359 5074 606 1438 10223 1068 3633 541 1642 804 692 1084 1217
leaf_count=1767 1473 2258 1952 1478 1126 2204 25696 3706 1910 834 1188 2952 1423 1796 1278 2470 198 9359 5074 606 1438 10223 1068 3633 541 1642 804 692 1084 1217
internal_value=-0.0121033 -0.00524924 -0.0216912 -0.00159948 -0.00865316 -0.0101011 -0.0226616 -0.0191046 -0.00508631 -0.00412933 -0.0106688 -0.00853376 -0.0234921 -0.0195169 -0.0127504 -0.00547931 -0.00235221 -0.00545585 -0.00698387 0.000851286 0.00257482 0.00118285 -0.0136054 -0.012593 -0.0101823 -0.00942072 -0.0145539 -0.0123757 -0.0153435 -0.00699808
internal_weight=93090 54284 38806 26196 28088 19978 35666 6751 8110 13715 3140 13804 28915 3219 3045 4872 2402 10837 6200 2878 2272 12481 6174 5106 8932 7587 1345 3418 1776 4169
internal_count=93090 54284 38806 26196 28088 19978 35666 6751 8110 13715 3140 13804 28915 3219 3045 4872 2402 10837 6200 2878 2272 12481 6174 5106 8932 7587 1345 3418 1776 4169
cat_boundaries=0 1 2 3 4 5 6 7 8 9 10
cat_threshold=327839 1 592301 1 1 1 622879 1 1 7484416
is_linear=0
shrinkage=0.05


Tree=53
num_leaves=31
num_cat=10
split_feature=18 18 2 3 0 3 4 2 3 0 3 3 3 0 4 18 2 4 3 0 0 3 3 3 0 3 2 21 19 3
split_gain=2466.7 277.673 106.309 145.645 77.2952 50.602 41.8017 40.5287 74.0912 44.6849 38.0605 44.5081 34.4779 23.1002 22.6433 22.439 20.4092 17.1724 15.8002 14.1686 14.1137 12.841 69.3779 20.6445 12.3295 11.608 11.2937 12.7386 11.0801 11.0751
threshold=0.13903062045574191 0.47321428358554846 0 81.500000000000014 1 47.500000000000007 4.5000000000000009 2 80.500000000000014 3 73.500000000000014 84.500000000000014 42.500000000000007 4 4.5000000000000009 0.22576530277729037 5 4.5000000000000009 46.500000000000007 6 7 44.500000000000007 56.500000000000007 46.500000000000007 8 75.500000000000014 9 4.3299646377563485 1.2839859127998354 40.500000000000007
decision_type=2 2 1 2 1 2 2 1 2 1 2 2 2 1 2 2 1 2 2 1 1 2 2 2 1 2 1 2 2 2
left_child=2 5 3 12 29 13 18 8 9 28 21 25 -1 16 19 -9 -2 -10 -6 -11 -14 -4 23 -23 -17 -12 27 -8 -7 -3
right_child=1 4 10 -5 6 7 26 15 17 14 11 -13 20 -15 -16 24 -18 -19 -20 -21 -22 22 -24 -25 -26 -27 -28 -29 -30 -31
leaf_value=0 0 -0.0048232556199204676 0 0 0 0.01065206250222322 -0.0023332302810911542 0 0 0 0 0 0 0 -0.0051393419991657766 0 0 -7.4476033843567017e-06 0 0 0 0 0 0 0 0 -0.00030049110384795092 0.0039514630356127347 0.014586131259816405 0.0038071652563040296
leaf_weight=2288 2347 1081 11841 3784 1454 2426 841 3476 733 1225 676 1861 1519 5422 1361 1209 604 131 9483 4263 845 985 12724 1101 4500 1169 619 1432 261 11411
leaf_count=2288 2347 1081 11841 3784 1454 2426 841 3476 733 1225 676 1861 1519 5422 1361 1209 604 131 9483 4263 845 985 12724 1101 4500 1169 619 1432 261 11411
internal_value=-0.0120745 -0.00519308 -0.021703 -0.0167378 -0.00150735 -0.00866299 -0.00408086 -0.00727215 -0.00513462 -0.0038643 -0.0230828 -0.0183351 -0.0108126 -0.0119163 -0.00600306 -0.00969243 -0.0082489 -0.0191551 -0.00549739 -0.00744351 -0.00657783 -0.023743 -0.0227616 -0.0143097 -0.00776406 -0.012832 0.0012621 0.00289265 0.00160363 0.00134378
internal_weight=93072 54279 38793 8436 26321 27958 13829 19585 10400 9536 30357 3706 4652 8373 6849 9185 2951 864 10937 5488 2364 26651 14810 2086 5709 1845 2892 2273 2687 12492
internal_count=93072 54279 38793 8436 26321 27958 13829 19585 10400 9536 30357 3706 4652 8373 6849 9185 2951 864 10937 5488 2364 26651 14810 2086 5709 1845 2892 2273 2687 12492
cat_boundaries=0 1 2 3 4 5 6 7 8 9 10
cat_threshold=1 327839 1 623007 885023 1 4198400 5389860 1216576 1
is_linear=0
shrinkage=0.05


Tree=54
num_leaves=31
num_cat=6
split_feature=18 18 17 2 3 17 3 1 4 4 3 2 3 3 3 1 2 3 3 13 4 3 17 2 3 3 4 3 18 4
split_gain=2480.87 272.4 150.171 55.7632 99.4957 53.9925 44.0539 37.4956 37.3895 31.6279 26.4788 43.4584 25.9194 34.2612 23.8611 22.9504 21.1058 19.9104 20.6116 19.1922 16.1809 15.3822 13.6147 13.2938 13.0694 12.5588 11.9565 11.2586 11.1089 10.6178
threshold=0.13903062045574191 0.47321428358554846 0.21428572386503222 0 81.500000000000014 0.35714286565780645 47.500000000000007 1 4.5000000000000009 4.5000000000000009 80.500000000000014 2 73.500000000000014 84.500000000000014 43.500000000000007 3 4 54.500000000000007 75.500000000000014 0.98112535476684581 4.5000000000000009 56.500000000000007 0.5000000149011613 5 41.500000000000007 45.500000000000007 4.5000000000000009 83.500000000000014 0.24362244457006457 4.5000000000000009
decision_type=2 2 2 1 2 2 2 1 2 2 2 1 2 2 2 1 1 2 2 2 2 2 2 1 2 2 2 2 2 2
left_child=2 5 3 4 14 6 23 19 28 25 11 15 -5 -14 -1 -8 -12 -13 21 -3 -17 -19 26 24 -2 -9 -4 -18 -7 -26
right_child=1 7 22 12 -6 8 10 9 -10 -11 16 17 13 -15 -16 20 27 18 -20 -21 -22 -23 -24 -25 29 -27 -28 -29 -30 -31
leaf_value=0 0 0.0027118159044231651 0 0 0 0 0 0 5.3213035345056343e-05 7.7016018813797372e-05 0 0 0 0 0 0 0 0 0 0 0.012436875254927343 0 0 0 0 0 -1.9443139951799503e-06 0 0 0.033837047085478682
leaf_weight=2021 3748 9639 870 26275 3680 1129 2077 565 1894 1881 737 1912 1582 1870 1518 3619 868 718 1385 8023 643 1341 766 1059 1196 6195 239 445 5053 164
leaf_count=2021 3748 9639 870 26275 3680 1129 2077 565 1894 1881 737 1912 1582 1870 1518 3619 868 718 1385 8023 643 1341 766 1059 1196 6195 239 445 5053 164
internal_value=-0.012086 -0.00518456 -0.0217376 -0.0224382 -0.0184963 -0.00861798 -0.0100166 -0.00153119 -0.00516964 -0.00422783 -0.00844125 -0.00752245 -0.0233954 -0.0193221 -0.0125106 -0.00472078 -0.0136829 -0.0108383 -0.0131098 -0.000209371 -0.00259831 -0.0162822 -0.00793333 -0.0135276 -0.0124706 -0.0058284 -0.0114743 -0.00988195 -0.00705273 -0.00827206
internal_weight=93112 54291 38821 36946 7219 27988 19912 26303 8076 8641 13745 11695 29727 3452 3539 6339 2050 5356 3444 17662 4262 2059 1875 6167 5108 6760 1109 1313 6182 1360
internal_count=93112 54291 38821 36946 7219 27988 19912 26303 8076 8641 13745 11695 29727 3452 3539 6339 2050 5356 3444 17662 4262 2059 1875 6167 5108 6760 1109 1313 6182 1360
cat_boundaries=0 1 2 3 4 5 6
cat_threshold=1 3 1 8 1 1
is_linear=0
shrinkage=0.05


Tree=55
num_leaves=31
num_cat=11
split_feature=18 18 17 0 2 3 17 3 4 4 3 3 3 2 0 3 2 3 3 3 3 0 2 0 17 3 4 0 0 0
split_gain=2428.03 276.131 158.31 79.8546 52.9361 99.199 50.4956 43.8003 40.2479 32.691 27.3286 36.1102 26.4888 41.4337 33.5234 24.1691 23.6692 19.8582 21.6816 16.5175 15.3621 13.9187 12.9531 17.0864 12.8619 12.3719 12.063 11.8143 11.0077 10.8525
threshold=0.13903062045574191 0.47321428358554846 0.21428572386503222 0 1 81.500000000000014 0.35714286565780645 47.500000000000007 4.5000000000000009 4.5000000000000009 73.500000000000014 84.500000000000014 80.500000000000014 2 3 43.500000000000007 4 54.500000000000007 75.500000000000014 46.500000000000007 56.500000000000007 5 6 7 0.35714286565780645 83.500000000000014 4.5000000000000009 8 9 10
decision_type=2 2 2 1 1 2 2 2 2 2 2 2 2 1 1 2 1 2 2 2 2 1 1 1 2 2 2 1 1 1
left_child=2 6 4 -3 5 15 7 22 19 21 -6 -12 13 14 -9 -1 -14 29 20 -5 -19 -8 23 -2 -4 -18 -16 -26 -20 -15
right_child=1 3 24 8 10 -7 9 12 -10 -11 11 -13 16 17 26 -17 25 18 28 -21 -22 -23 -24 -25 27 -27 -28 -29 -30 -31
leaf_value=0 0 0.002484134242336239 0 0 0 0 0 0 8.1667560109272008e-05 4.3235981306148348e-05 0 0 0 0 0 0 0 0 0 0 0 0 0 0 0.042005436619856354 0 0.01192847847684771 0 0 0
leaf_weight=2021 1476 12483 709 1470 26159 3674 1837 2953 2879 1877 1598 1856 731 603 2807 1532 866 722 749 9397 1338 4339 1052 3661 122 463 550 1072 667 1287
leaf_count=2021 1476 12483 709 1470 26159 3674 1837 2953 2879 1877 1598 1856 731 603 2807 1532 866 722 749 9397 1338 4339 1052 3661 122 463 550 1072 667 1287
internal_value=-0.0121103 -0.00527838 -0.0216691 -0.0015927 -0.0223955 -0.0185589 -0.00873365 -0.0100841 -0.00421998 -0.0053924 -0.0233318 -0.0191517 -0.00851048 -0.00758822 -0.00484152 -0.012602 -0.0137379 -0.0108181 -0.013061 -0.00561563 -0.016335 -0.00714864 -0.0135765 -0.0125414 -0.00760641 -0.00976298 -0.00140333 -0.00443886 -0.00829802 -0.00669312
internal_weight=92950 54207 38743 26229 36840 7227 27978 19925 13746 8053 29613 3454 13736 11676 6310 3553 2060 5366 3476 10867 2060 6176 6189 5137 1903 1329 3357 1194 1416 1890
internal_count=92950 54207 38743 26229 36840 7227 27978 19925 13746 8053 29613 3454 13736 11676 6310 3553 2060 5366 3476 10867 2060 6176 6189 5137 1903 1329 3357 1194 1416 1890
cat_boundaries=0 1 2 3 4 5 6 7 8 9 10 11
cat_threshold=327839 1 1 7484416 1 5256224 1 622879 32896 1744576 5279808
is_linear=0
shrinkage=0.05


Tree=56
num_leaves=31
num_cat=9
split_feature=18 18 17 0 2 3 17 3 4 4 0 3 3 2 3 3 3 17 0 2 0 3 3 2 3 3 3 4 0 3
split_gain=2441.45 279.078 160.814 76.183 53.1799 99.3104 46.9851 43.1589 37.9222 37.7628 26.3274 25.0461 34.4608 24.1299 36.5392 22.8716 13.503 13.2477 12.4938 12.3763 14.1223 11.7312 11.1159 17.1108 11.6048 18.0429 10.8067 10.534 10.4622 10.0303
threshold=0.13903062045574191 0.47321428358554846 0.21428572386503222 0 1 81.500000000000014 0.35714286565780645 47.500000000000007 4.5000000000000009 4.5000000000000009 2 73.500000000000014 84.500000000000014 3 80.500000000000014 42.500000000000007 46.500000000000007 0.5000000149011613 4 5 6 45.500000000000007 79.500000000000014 7 56.500000000000007 74.500000000000014 79.500000000000014 4.5000000000000009 8 41.500000000000007
decision_type=2 2 2 1 1 2 2 2 2 2 1 2 2 1 2 2 2 2 1 1 1 2 2 1 2 2 2 2 1 2
left_child=2 6 4 21 5 15 7 19 18 16 13 -6 -13 14 -9 -1 -5 27 -8 20 -2 -3 23 -12 -25 -26 -17 -4 -18 -22
right_child=1 3 17 9 11 -7 8 10 -10 -11 22 12 -14 -15 -16 26 28 -19 -20 -21 29 -23 -24 24 25 -27 -28 -29 -30 -31
leaf_value=0 0 -0.0037726896419122686 0 0 0 0 0 0 4.8390584512496112e-05 6.9081839867643908e-05 0 0 0 0 0 0 0 0 0 0 0 0.0039330716582710815 0 0 0 0 0 -1.8470982954209528e-06 0 0
leaf_weight=1933 1490 2281 881 1462 26184 3726 1523 2355 1857 2852 3817 1576 1859 2812 251 1276 5578 781 4691 1049 2610 10201 1542 1559 595 835 287 238 3857 1032
leaf_count=1933 1490 2281 881 1462 26184 3726 1523 2355 1857 2852 3817 1576 1859 2812 251 1276 5578 781 4691 1049 2610 10201 1542 1559 595 835 287 238 3857 1032
internal_value=-0.0121244 -0.00527798 -0.0217115 -0.00157161 -0.0224431 -0.018596 -0.00874795 -0.0100504 -0.00552905 -0.00413729 -0.00849194 -0.0233811 -0.0193668 -0.00573876 -0.00228319 -0.0125429 -0.00548087 -0.00752632 -0.00740264 -0.0135213 -0.0125097 0.0012568 -0.0102596 -0.00940347 -0.0122365 -0.0154895 -0.00804543 -0.0110143 -0.00478802 -0.0142114
internal_weight=92990 54249 38741 26231 36841 7222 28018 19947 8071 13749 13766 29619 3435 5418 2606 3496 10897 1900 6214 6181 5132 12482 8348 6806 2989 1430 1563 1119 9435 3642
internal_count=92990 54249 38741 26231 36841 7222 28018 19947 8071 13749 13766 29619 3435 5418 2606 3496 10897 1900 6214 6181 5132 12482 8348 6806 2989 1430 1563 1119 9435 3642
cat_boundaries=0 1 2 3 4 5 6 7 8 9
cat_threshold=327839 1 592799 1 5248032 1 622879 1 2658112
is_linear=0
shrinkage=0.05


Tree=57
num_leaves=31
num_cat=9
split_feature=18 18 2 3 0 3 4 2 3 0 3 3 3 0 18 2 3 4 0 4 4 4 3 3 3 3 0 0 3 3
split_gain=2449.21 270.593 112.777 152.205 74.7796 48.7187 41.0816 39.9918 72.8717 44.3387 36.0664 43.0641 32.8203 22.0239 21.7869 17.874 16.8103 16.8021 15.9411 15.1351 13.26 13.2567 12.3325 64.0162 16.3555 12.0361 12.4771 10.4129 10.2543 9.52083
threshold=0.13903062045574191 0.47321428358554846 0 81.500000000000014 1 47.500000000000007 4.5000000000000009 2 80.500000000000014 3 73.500000000000014 84.500000000000014 42.500000000000007 4 0.22576530277729037 5 46.500000000000007 4.5000000000000009 6 4.5000000000000009 4.5000000000000009 4.5000000000000009 44.500000000000007 56.500000000000007 46.500000000000007 79.500000000000014 7 8 74.500000000000014 76.500000000000014
decision_type=2 2 1 2 1 2 2 1 2 1 2 2 2 1 2 1 2 2 1 2 2 2 2 2 2 2 1 1 2 2
left_child=2 5 3 12 -3 13 16 8 9 17 22 28 -1 15 -9 -2 -6 -7 -16 -10 25 29 -4 24 -24 26 -14 -18 -12 -11
right_child=1 4 10 -5 6 7 -8 14 19 21 11 -13 20 -15 18 -17 27 -19 -20 -21 -22 -23 23 -25 -26 -27 -28 -29 -30 -31
leaf_value=0 0 0.0023530435401058038 0 0 0 0 0.00010094760660999125 0 0 0 0 0 0 0 0 0 0 -0.0052942716989209521 0 -7.0752232151388665e-06 0.028484247824300792 0.010024933756112981 0 0 0 0 0.0014721994187258643 0 0 -0.0023450733287768092
leaf_weight=2284 2323 12415 11865 3799 1469 3879 2883 3476 723 3196 463 1879 1165 5433 2481 596 4989 916 3280 134 497 964 964 12816 1102 263 486 4414 1371 594
leaf_count=2284 2323 12415 11865 3799 1469 3879 2883 3476 723 3196 463 1879 1165 5433 2481 596 4989 916 3280 134 497 964 964 12816 1102 263 486 4414 1371 594
internal_value=-0.0121444 -0.0052677 -0.0217064 -0.0166117 -0.00161253 -0.00868459 -0.00415002 -0.00732449 -0.00519892 -0.00394544 -0.0231271 -0.0185093 -0.0105911 -0.0118834 -0.00971906 -0.00827074 -0.00556015 -0.00733091 -0.00783284 -0.0191657 -0.00652219 -0.000514274 -0.0237681 -0.0228094 -0.0146418 -0.0084117 -0.00682919 -0.00478305 -0.0130589 -0.00184697
internal_weight=93119 54165 38954 8494 26170 27995 13755 19643 10406 9549 30460 3713 4695 8352 9237 2919 10872 4795 5761 857 2411 4754 26747 14882 2066 1914 1651 9403 1834 3790
internal_count=93119 54165 38954 8494 26170 27995 13755 19643 10406 9549 30460 3713 4695 8352 9237 2919 10872 4795 5761 857 2411 4754 26747 14882 2066 1914 1651 9403 1834 3790
cat_boundaries=0 1 2 3 4 5 6 7 8 9
cat_threshold=1 327839 1 7484448 885023 1 5493824 5390176 2657088
is_linear=0
shrinkage=0.05


Tree=58
num_leaves=31
num_cat=10
split_feature=18 18 17 0 3 2 3 2 3 0 17 4 17 3 4 3 3 3 3 3 0 3 2 0 2 4 4 0 0 21
split_gain=2475.1 260.46 152.205 67.1825 53.6809 44.6742 92.299 44.3682 79.8161 50.6428 29.9309 28.459 26.0394 24.137 23.2183 21.8025 31.9485 18.9362 34.833 15.8795 14.0122 13.8472 13.386 13.6372 13.1432 13.08 13.0051 12.979 11.9674 11.0575
threshold=0.13903062045574191 0.47321428358554846 1.0000000180025095e-35 0 47.500000000000007 1 81.500000000000014 2 80.500000000000014 3 0.35714286565780645 4.5000000000000009 0.35714286565780645 42.500000000000007 4.5000000000000009 73.500000000000014 84.500000000000014 54.500000000000007 75.500000000000014 56.500000000000007 4 83.500000000000014 5 6 7 4.5000000000000009 4.5000000000000009 8 9 4.3887064456939706
decision_type=2 2 2 1 2 1 2 1 2 1 2 2 2 2 2 2 2 2 2 2 1 2 1 1 1 2 2 1 1 2
left_child=2 4 5 27 12 6 13 8 9 26 29 -5 22 -1 -14 -7 -17 20 19 -19 -9 28 23 -2 -13 -10 -6 -3 -20 -4
right_child=1 3 10 11 7 15 -8 17 25 -11 -12 24 14 -15 -16 16 -18 18 21 -21 -22 -23 -24 -25 -26 -27 -28 -29 -30 -31
leaf_value=0 0 0.0055481365380776696 0 0 0 0 0 0 0 0 0 0.0020444816180742787 0 0 0.0087256641136737034 0 0 0 0 0 0 0 0 0 -0.00054920325670992866 -6.7214620543819235e-06 -0.008019927342506181 0 0 0
leaf_weight=1691 1479 6612 382 9179 3447 25764 3672 1273 735 5242 1177 1955 1685 1346 535 1398 1829 987 1392 1617 1615 552 1060 3652 489 128 820 8039 1810 1570
leaf_count=1691 1479 6612 382 9179 3447 25764 3672 1273 735 5242 1177 1955 1685 1346 535 1398 1829 987 1392 1617 1615 552 1060 3652 489 128 820 8039 1810 1570
internal_value=-0.0120963 -0.00520367 -0.0217357 -0.00162708 -0.00855632 -0.0226625 -0.0189857 -0.00712356 -0.00487852 -0.00355716 -0.0111617 -0.00446359 -0.0118981 -0.012537 -0.00725225 -0.0235133 -0.019639 -0.00964201 -0.011167 -0.0156106 -0.00628463 -0.00808471 -0.013564 -0.0125073 0.000327332 -0.019438 -0.00759294 0.00062581 -0.00682386 -0.014959
internal_weight=93132 54303 38829 26274 28029 35700 6709 19618 10372 9509 3129 11623 8411 3037 2220 28991 3227 9246 6358 2604 2888 3754 6191 5131 2444 863 4267 14651 3202 1952
internal_count=93132 54303 38829 26274 28029 35700 6709 19618 10372 9509 3129 11623 8411 3037 2220 28991 3227 9246 6358 2604 2888 3754 6191 5131 2444 863 4267 14651 3202 1952
cat_boundaries=0 1 2 3 4 5 6 7 8 9 10
cat_threshold=2425247 1 1 7484416 5427776 1 622879 1 262292 1742018
is_linear=0
shrinkage=0.05


Tree=59
num_leaves=31
num_cat=7
split_feature=18 18 17 0 3 2 3 2 3 0 4 3 3 17 3 4 18 4 17 3 4 2 0 0 4 3 4 4 3 3
split_gain=2437.36 261.226 150.404 73.4389 57.5948 55.873 103.115 42.7484 72.2677 50.5602 39.0157 25.8724 35.8103 25.4548 25.266 23.7255 20.2282 15.8328 15.5861 14.6394 13.8971 13.8506 16.1742 13.0648 12.9455 11.0538 12.5881 10.64 10.3481 54.103
threshold=0.13903062045574191 0.47321428358554846 0.21428572386503222 0 47.500000000000007 1 81.500000000000014 2 80.500000000000014 3 4.5000000000000009 73.500000000000014 84.500000000000014 0.35714286565780645 42.500000000000007 4.5000000000000009 0.22576530277729037 4.5000000000000009 0.5000000149011613 46.500000000000007 4.5000000000000009 4 5 6 4.5000000000000009 40.500000000000007 4.5000000000000009 4.5000000000000009 44.500000000000007 56.500000000000007
decision_type=2 2 2 1 2 1 2 1 2 1 2 2 2 2 2 2 2 2 2 2 2 1 1 1 2 2 2 2 2 2
left_child=2 4 5 -3 13 6 14 8 9 20 19 28 -13 21 -1 -15 -9 -10 27 -5 -6 22 -2 -18 -11 -24 -27 -4 -7 -30
right_child=1 3 18 10 7 11 -8 16 17 24 -12 12 -14 15 -16 -17 23 -19 -20 -21 -22 -23 25 -25 -26 26 -28 -29 29 -31
leaf_value=0 0 0.0019650802223727779 0 0 0 0 0 0 0 0 7.543964328804529e-05 0 0 0 0 0.008125678890038809 0 -6.3853889516628271e-06 0 0 -0.0074467522734161162 0 0 0 0.010554028419906648 0 0.032144809521102991 -0.00043928399707586822 0 0
leaf_weight=1933 1485 12523 886 1474 3444 11824 3672 3502 716 4205 2887 1587 1874 1665 1587 526 2119 139 785 9405 815 1061 2344 3611 1050 1174 154 236 1812 12582
leaf_count=1933 1485 12523 886 1474 3444 11824 3672 3502 716 4205 2887 1587 1874 1665 1587 526 2119 139 785 9405 815 1061 2344 3611 1050 1174 154 236 1812 12582
internal_value=-0.0121015 -0.00526391 -0.021676 -0.00168416 -0.00862371 -0.0223841 -0.0184302 -0.00713867 -0.00493538 -0.00368404 -0.00420296 -0.0233423 -0.0192791 -0.0120853 -0.0123153 -0.00745094 -0.0096133 -0.0188596 -0.00798374 -0.00557726 -0.00772429 -0.0137182 -0.0126479 -0.0077836 -0.000394112 -0.0144487 -0.0108434 -0.0117647 -0.0238786 -0.0229783
internal_weight=93077 54299 38778 26289 28010 36871 7192 19601 10369 9514 13766 29679 3461 8409 3520 2191 9232 855 1907 10879 4259 6218 5157 5730 5255 3672 1328 1122 26218 14394
internal_count=93077 54299 38778 26289 28010 36871 7192 19601 10369 9514 13766 29679 3461 8409 3520 2191 9232 855 1907 10879 4259 6218 5157 5730 5255 3672 1328 1122 26218 14394
cat_boundaries=0 1 2 3 4 5 6 7
cat_threshold=327839 1 1 7484416 1 622879 2369949
is_linear=0
shrinkage=0.05


Tree=60
num_leaves=31
num_cat=9
split_feature=18 18 17 0 17 2 3 3 4 4 0 2 3 3 3 7 0 4 0 2 18 3 3 2 4 3 3 3 18 0
split_gain=2453.84 251.415 157.875 73.0078 53.4314 51.8189 95.2661 45.3781 36.1632 31.9558 29.0793 26.8502 39.7661 23.6369 35.3087 22.9927 15.998 15.1113 12.8961 12.2244 11.9928 11.2348 11.0038 10.936 12.4628 10.1252 53.8042 15.1502 9.32871 8.89247
threshold=0.13903062045574191 0.47321428358554846 0.21428572386503222 0 0.35714286565780645 1 81.500000000000014 47.500000000000007 4.5000000000000009 4.5000000000000009 2 3 80.500000000000014 73.500000000000014 84.500000000000014 28.69999980926514 4 2.5000000000000004 5 6 0.26403062045574194 46.500000000000007 44.500000000000007 7 5.5000000000000009 44.500000000000007 56.500000000000007 46.500000000000007 0.24362244457006457 8
decision_type=2 2 2 1 2 1 2 2 2 2 1 1 2 2 2 2 1 2 1 1 2 2 2 1 2 2 2 2 2 1
left_child=2 4 5 22 7 6 15 18 21 16 11 12 -9 25 -15 -1 -6 -4 19 -2 -12 -5 -3 24 -24 -7 27 -27 -18 -19
right_child=1 3 17 8 9 13 -8 10 -10 -11 20 -13 -14 14 -16 -17 28 29 -20 -21 -22 -23 23 -25 -26 26 -28 -29 -30 -31
leaf_value=0 0 -0.0043522118633855479 0 0 0 0 0 0.00011725366643884047 4.420749828814659e-05 3.8654653015216133e-05 0 0 0 0 0 0 0 0.037314894176411539 0 0 0 0 0.0026959600589412493 -0.0047812311998373727 0.038981790681353039 0 0 0 0 0
leaf_weight=2451 1461 2026 292 1430 1851 11815 3716 2330 2803 1891 3670 2609 220 1580 1883 1111 748 154 4266 392 4890 9058 7536 2725 689 925 12544 903 3655 1457
leaf_count=2451 1461 2026 292 1430 1851 11815 3716 2330 2803 1891 3670 2609 220 1580 1883 1111 748 154 4266 392 4890 9058 7536 2725 689 925 12544 903 3655 1457
internal_value=-0.0121338 -0.00526544 -0.0217294 -0.0017522 -0.00856323 -0.0224532 -0.0186727 -0.0099632 -0.00435494 -0.00515347 -0.00836613 -0.00536371 -0.00172549 -0.0233811 -0.019499 -0.0128299 -0.0068756 -0.00768523 -0.0135439 -0.00983629 -0.0101575 -0.00570652 0.000916371 0.00154338 0.00245289 -0.0238945 -0.0230031 -0.0149891 -0.00519488 -0.00578833
internal_weight=93081 54250 38831 26267 27983 36928 7278 19838 13291 8145 13719 5159 2550 29650 3463 3562 6254 1903 6119 1853 8560 10488 12976 10950 8225 26187 14372 1828 4403 1611
internal_count=93081 54250 38831 26267 27983 36928 7278 19838 13291 8145 13719 5159 2550 29650 3463 3562 6254 1903 6119 1853 8560 10488 12976 10950 8225 26187 14372 1828 4403 1611
cat_boundaries=0 1 2 3 4 5 6 7 8 9
cat_threshold=852127 1 592783 1 5256224 622879 1 1 32769
is_linear=0
shrinkage=0.05


Tree=61
num_leaves=31
num_cat=8
split_feature=18 18 17 0 17 2 3 3 4 4 2 3 0 3 3 3 18 2 0 0 21 17 3 0 3 3 3 3 4 3
split_gain=2451.86 253.278 154.598 71.1133 54.4387 52.7179 97.6318 44.5202 35.7804 33.1937 27.1633 68.2946 36.1998 23.5131 23.4934 32.0969 14.4371 14.346 14.2341 13.6381 12.3991 12.9761 12.2536 11.8219 10.2342 54.8373 14.8653 10.2162 12.3142 9.97402
threshold=0.13903062045574191 0.47321428358554846 0.21428572386503222 0 0.35714286565780645 1 81.500000000000014 47.500000000000007 4.5000000000000009 4.5000000000000009 2 80.500000000000014 3 42.500000000000007 73.500000000000014 84.500000000000014 0.26403062045574194 4 5 6 4.3887064456939706 0.6428571641445161 46.500000000000007 7 44.500000000000007 56.500000000000007 46.500000000000007 40.500000000000007 4.5000000000000009 45.500000000000007
decision_type=2 2 2 1 2 1 2 2 2 2 1 2 1 2 2 2 2 1 1 1 2 2 2 1 2 2 2 2 2 2
left_child=2 4 5 29 7 6 13 17 22 19 11 12 -9 -1 24 -16 -12 18 -2 -6 -4 -22 -5 -18 -7 26 -26 -20 -29 -3
right_child=1 3 20 8 9 14 -8 10 -10 -11 16 -13 -14 -15 15 -17 23 -19 27 -21 21 -23 -24 -25 25 -27 -28 28 -30 -31
leaf_value=0 0 -0.0032126436802143751 0 0 0 0 0 0 4.8297566919345909e-05 4.4038322636110496e-05 0 0 0 0 0 0 0 0 0 0 0 0 0 0 0 0 0 0 0.030537569045047841 0.003104702741830351
leaf_weight=1927 1465 2303 556 1433 1823 11870 3676 3264 2768 1858 3216 741 3083 1577 1582 1870 1242 1070 2312 4341 1016 324 9111 2153 910 12607 896 1141 151 10617
leaf_count=1927 1465 2303 556 1433 1823 11870 3676 3264 2768 1858 3216 741 3083 1577 1582 1870 1242 1070 2312 4341 1016 324 9111 2153 910 12607 896 1141 151 10617
internal_value=-0.0121409 -0.00526048 -0.0217303 -0.00173452 -0.0085804 -0.0224455 -0.0186003 -0.00998589 -0.0042974 -0.00510471 -0.00840025 -0.00625 -0.00457303 -0.0126284 -0.023374 -0.0194959 -0.0107056 -0.0135242 -0.0124137 -0.00687054 -0.00780591 -0.0104104 -0.00562879 -0.00843152 -0.0238833 -0.0229879 -0.0148394 -0.0141256 -0.0106037 0.000908739
internal_weight=92903 54092 38811 26232 27860 36915 7180 19838 13312 8022 13699 7088 6347 3504 29735 3452 6611 6139 5069 6164 1896 1340 10544 3395 26283 14413 1806 3604 1292 12920
internal_count=92903 54092 38811 26232 27860 36915 7180 19838 13312 8022 13699 7088 6347 3504 29735 3452 6611 6139 5069 6164 1896 1340 10544 3395 26283 14413 1806 3604 1292 12920
cat_boundaries=0 1 2 3 4 5 6 7 8
cat_threshold=852127 1 1 7484448 1 622879 5256224 5297728
is_linear=0
shrinkage=0.05


Tree=62
num_leaves=31
num_cat=8
split_feature=18 18 17 0 3 2 3 2 3 0 4 17 3 3 4 7 18 4 0 4 4 2 3 3 4 0 0 3 3 3
split_gain=2462.71 251.553 151.39 69.0117 53.5888 53.1992 96.9736 43.3479 75.9209 50.7699 33.8841 26.41 26.4024 35.8665 24.6348 24.2463 19.2535 16.2157 15.1429 14.3861 13.1988 12.3796 15.4199 12.2242 11.917 11.7738 10.0298 9.8266 50.4375 16.0076
threshold=0.13903062045574191 0.47831633687019354 0.21428572386503222 0 47.500000000000007 1 81.500000000000014 2 80.500000000000014 3 4.5000000000000009 0.35714286565780645 73.500000000000014 84.500000000000014 4.5000000000000009 28.69999980926514 0.22576530277729037 4.5000000000000009 4 4.5000000000000009 2.5000000000000004 5 41.500000000000007 46.500000000000007 4.5000000000000009 6 7 44.500000000000007 56.500000000000007 46.500000000000007
decision_type=2 2 2 1 2 1 2 1 2 1 2 2 2 2 2 2 2 2 1 2 2 1 2 2 2 1 1 2 2 2
left_child=2 4 5 -3 11 6 15 8 9 19 23 21 27 -14 -13 -1 -9 -10 -18 -6 -4 22 25 -5 -24 -2 -11 -7 29 -29
right_child=1 3 20 10 7 12 -8 16 17 26 -12 14 13 -15 -16 -17 18 -19 -20 -21 -22 -23 24 -25 -26 -27 -28 28 -30 -31
leaf_value=0 0 0.0014720186591052509 0 0 0 0 0 0 0 0.015582408103569291 3.9582245027771966e-05 0 0 0 0.0081986458376916097 0 0 -6.0661195040796862e-06 0 -0.0071625713351189712 0 0 0 0 0.030890563452475279 0 0 0 0 0
leaf_weight=2406 946 12945 288 1415 3477 11862 3710 3475 716 1688 2805 1699 1574 1872 532 1121 1138 133 4621 818 1585 1050 1191 9078 168 2767 3607 917 12588 895
leaf_count=2406 946 12945 288 1415 3477 11862 3710 3475 716 1688 2805 1699 1574 1872 532 1121 1138 133 4621 818 1585 1050 1191 9078 168 2767 3607 917 12588 895
internal_value=-0.0121137 -0.00523549 -0.0217296 -0.0017176 -0.00852958 -0.0224327 -0.0185885 -0.00710492 -0.0048975 -0.00362878 -0.00424557 -0.011885 -0.0233691 -0.0192542 -0.0072277 -0.0126524 -0.00960039 -0.0192285 -0.00782688 -0.0076597 -0.00786172 -0.0135822 -0.0125591 -0.0055537 -0.00800221 -0.014227 -0.000344015 -0.0239091 -0.0230313 -0.0152318
internal_weight=93087 54269 38818 26243 28026 36945 7237 19673 10439 9590 13298 8353 29708 3446 2231 3527 9234 849 5759 4295 1873 6122 5072 10493 1359 3713 5295 26262 14400 1812
internal_count=93087 54269 38818 26243 28026 36945 7237 19673 10439 9590 13298 8353 29708 3446 2231 3527 9234 849 5759 4295 1873 6122 5072 10493 1359 3713 5295 26262 14400 1812
cat_boundaries=0 1 2 3 4 5 6 7 8
cat_threshold=852127 1 1 7484416 1217536 1 360731 98591
is_linear=0
shrinkage=0.05


Tree=63
num_leaves=31
num_cat=7
split_feature=18 18 17 0 3 2 3 2 3 0 5 3 3 7 17 5 18 0 5 5 17 3 5 2 3 5 0 3 3 3
split_gain=2415.36 251.691 165.751 64.1026 57.9714 54.4948 99.52 43.2326 71.446 49.5633 37.8773 25.3788 34.2757 23.6746 21.6597 21.7965 20.8254 15.2688 15.1315 14.263 14.7161 13.8385 13.6852 12.5876 13.3728 12.4223 12.1105 10.0525 9.96941 53.4319
threshold=0.13903062045574191 0.48596936464309698 0.21428572386503222 0 47.500000000000007 1 81.500000000000014 2 80.500000000000014 3 1.0000000180025095e-35 73.500000000000014 84.500000000000014 28.69999980926514 0.21428572386503222 1.0000000180025095e-35 0.22576530277729037 4 1.0000000180025095e-35 1.0000000180025095e-35 1.0714285969734194 46.500000000000007 1.0000000180025095e-35 5 40.500000000000007 1.0000000180025095e-35 6 74.500000000000014 44.500000000000007 56.500000000000007
decision_type=2 2 2 1 2 1 2 1 2 1 2 2 2 2 2 2 2 1 2 2 2 2 2 1 2 2 1 2 2 2
left_child=2 4 5 -3 14 6 13 8 9 22 21 28 27 -1 23 26 -9 -18 -10 20 -4 -5 -6 24 -2 -26 -16 -13 -7 -30
right_child=1 3 19 10 7 11 -8 16 18 -11 -12 12 -14 -15 15 -17 17 -19 -20 -21 -22 -23 -24 -25 25 -27 -28 -29 29 -31
leaf_value=0 0 0.0011441692180922836 0 0 0 0 0 0 0 0 7.76641827030931e-05 0 0 0 0 0.004505533656898153 0 0 -5.7628135288757017e-06 -1.9443139951799503e-06 0.0064798281852402832 0 -0.0068925994437366847 0 0 0.027466932840375186 0 0 0 0
leaf_weight=2411 3159 12960 1319 1423 3473 11852 3689 3454 713 5322 2764 439 1874 1120 630 558 2713 3026 135 501 83 9014 809 996 1348 189 1554 1138 1803 12681
leaf_count=2411 3159 12960 1319 1423 3473 11852 3689 3454 713 5322 2764 439 1874 1120 630 558 2713 3026 135 501 83 9014 809 996 1348 189 1554 1138 1803 12681
internal_value=-0.0121761 -0.00535675 -0.0216821 -0.0018281 -0.00864436 -0.0224221 -0.0185249 -0.00715576 -0.00495599 -0.00372761 -0.00427863 -0.0233667 -0.019335 -0.0125248 -0.0121117 -0.00846098 -0.0096568 -0.00781059 -0.0188679 -0.00729112 -0.00987874 -0.00566015 -0.00772367 -0.0138703 -0.0127875 -0.00896226 -0.0107143 -0.013903 -0.023895 -0.0230151
internal_weight=93150 54240 38910 26161 28079 37007 7220 19645 10452 9604 13201 29787 3451 3531 8434 2742 9193 5739 848 1903 1402 10437 4282 5692 4696 1537 2184 1577 26336 14484
internal_count=93150 54240 38910 26161 28079 37007 7220 19645 10452 9604 13201 29787 3451 3531 8434 2742 9193 5739 848 1903 1402 10437 4282 5692 4696 1537 2184 1577 26336 14484
cat_boundaries=0 1 2 3 4 5 6 7
cat_threshold=852127 1 1 7484416 2894269 1 327959
is_linear=0
shrinkage=0.05


Tree=64
num_leaves=31
num_cat=10
split_feature=18 18 17 0 2 3 17 3 4 4 0 2 3 3 3 3 0 4 17 0 3 3 2 2 2 0 3 3 3 3
split_gain=2426.11 248.236 168.352 62.2747 54.5078 100.046 52.771 45.1699 32.9759 32.8401 29.5555 27.164 36.4446 26.5188 35.9665 26.1638 14.8407 13.9105 15.8991 13.149 11.9635 11.9202 17.0824 12.5016 11.5529 11.3269 10.1144 9.90637 54.4612 15.8511
threshold=0.13903062045574191 0.47321428358554846 0.21428572386503222 0 1 81.500000000000014 0.35714286565780645 47.500000000000007 4.5000000000000009 4.5000000000000009 2 3 80.500000000000014 73.500000000000014 84.500000000000014 42.500000000000007 4 4.5000000000000009 1.0714285969734194 5 46.500000000000007 80.500000000000014 6 7 8 9 79.500000000000014 44.500000000000007 56.500000000000007 46.500000000000007
decision_type=2 2 2 1 1 2 2 2 2 2 1 1 2 2 2 2 1 2 2 1 2 2 1 1 1 1 2 2 2 2
left_child=2 6 4 -3 5 15 7 19 20 16 11 12 -9 27 -15 -1 -8 18 -4 24 -5 22 25 -23 -2 -12 -17 -6 29 -29
right_child=1 3 17 8 13 -7 9 10 -10 -11 21 -13 -14 14 -16 26 -18 -19 -20 -21 -22 23 -24 -25 -26 -27 -28 28 -30 -31
leaf_value=0 0 0.0012521161021940553 0 0 0 0 0 4.0767227832186695e-05 3.3719923641228713e-05 3.4520004232649802e-05 0 0 0 0 0 0 0 -1.8470982954209528e-06 0.0051023790799958951 0 0 0 0 0 0 0 0 0 0 0
leaf_weight=1955 1476 12987 1324 1432 11830 3706 1825 2357 2795 1890 1098 2789 235 1567 1859 1321 4341 511 82 4291 9050 488 3135 733 413 2846 276 922 12619 894
leaf_count=1955 1476 12987 1324 1432 11830 3706 1825 2357 2795 1890 1098 2789 235 1567 1859 1321 4341 511 82 4291 9050 488 3135 733 413 2846 276 922 12619 894
internal_value=-0.0121264 -0.00528829 -0.021659 -0.00179904 -0.0224086 -0.0185244 -0.00857094 -0.00995544 -0.00420524 -0.00515765 -0.00835283 -0.00543035 -0.0017554 -0.0233581 -0.0192207 -0.0125282 -0.00692507 -0.00721179 -0.00977952 -0.0135032 -0.00549513 -0.0102286 -0.00945402 -0.0148034 -0.00980779 -0.0072642 -0.00778021 -0.0238978 -0.0230187 -0.0149229
internal_weight=93047 54181 38866 26264 36949 7258 27917 19861 13277 8056 13681 5381 2592 29691 3426 3552 6166 1917 1406 6180 10482 8300 7079 1221 1889 3944 1597 26265 14435 1816
internal_count=93047 54181 38866 26264 36949 7258 27917 19861 13277 8056 13681 5381 2592 29691 3426 3552 6166 1917 1406 6180 10482 8300 7079 1221 1889 3944 1597 26265 14435 1816
cat_boundaries=0 1 2 3 4 5 6 7 8 9 10
cat_threshold=852127 1 592799 1 5256224 622879 1 1 1 4198400
is_linear=0
shrinkage=0.05


Tree=65
num_leaves=31
num_cat=9
split_feature=18 18 2 3 0 3 2 3 0 3 3 4 3 18 2 0 3 4 4 4 3 0 3 3 3 0 3 3 0 3
split_gain=2416.75 250.786 107.226 146.423 64.6732 55.7972 45.2737 75.0626 55.1789 35.6033 41.8416 34.9425 33.2507 20.3565 19.7681 24.6418 17.4243 27.8166 17.1908 15.3966 15.0972 14.4239 13.5331 70.3802 19.0708 11.4179 10.8766 10.5909 9.78571 9.04202
threshold=0.13903062045574191 0.48596936464309698 0 81.500000000000014 1 47.500000000000007 2 80.500000000000014 3 73.500000000000014 84.500000000000014 4.5000000000000009 42.500000000000007 0.22576530277729037 4 5 39.500000000000007 4.5000000000000009 4.5000000000000009 4.5000000000000009 46.500000000000007 6 44.500000000000007 56.500000000000007 46.500000000000007 7 74.500000000000014 80.500000000000014 8 74.500000000000014
decision_type=2 2 1 2 1 2 1 2 1 2 2 2 2 2 1 1 2 2 2 2 2 1 2 2 2 1 2 2 1 2
left_child=2 5 3 12 -3 14 7 8 18 22 26 20 28 -8 15 -2 -17 -18 -7 -9 -6 -15 -4 24 -24 -14 -11 -27 -1 -22
right_child=1 4 9 -5 11 6 13 19 -10 10 -12 -13 25 21 -16 16 17 -19 -20 -21 29 -23 23 -25 -26 27 -28 -29 -30 -31
leaf_value=0 0 0.0012603639473242612 0 0 0 0 0 0 0.0001093526217252891 0 0 4.9206646720107049e-05 0 0 0 0 0 0.0075617108627504927 -0.0055266511151280256 -5.474672852431917e-06 0 0 0 0 0 0 0 0 0 0
leaf_weight=632 2355 12953 11922 3760 1426 3861 3521 721 4778 474 1881 2753 1420 2679 1384 2477 1739 453 916 136 7266 3049 982 12768 1114 832 1354 129 1641 1741
leaf_count=632 2355 12953 11922 3760 1426 3861 3521 721 4778 474 1881 2753 1420 2679 1384 2477 1739 453 916 136 7266 3049 982 12768 1114 832 1354 129 1641 1741
internal_value=-0.0121935 -0.00536913 -0.0217013 -0.0167043 -0.00184494 -0.008651 -0.00719317 -0.00493181 -0.00366039 -0.02308 -0.0184888 -0.00430812 -0.0107757 -0.00973889 -0.0120599 -0.0109838 -0.0130957 -0.00987682 -0.00745248 -0.0191074 -0.00563357 -0.00789979 -0.0237157 -0.0227092 -0.0142176 -0.00664637 -0.0131018 -0.00234295 -0.0151012 -0.00487676
internal_weight=93117 54208 38909 8414 26139 28069 19661 10412 9555 30495 3709 13186 4654 9249 8408 7024 4669 2192 4777 857 10433 5728 26786 14864 2096 2381 1828 961 2273 9007
internal_count=93117 54208 38909 8414 26139 28069 19661 10412 9555 30495 3709 13186 4654 9249 8408 7024 4669 2192 4777 857 10433 5728 26786 14864 2096 2381 1828 961 2273 9007
cat_boundaries=0 1 2 3 4 5 6 7 8 9
cat_threshold=1 852127 1 7484448 1 885023 5494336 5389824 2458094
is_linear=0
shrinkage=0.05


Tree=66
num_leaves=31
num_cat=7
split_feature=18 18 17 0 3 2 3 2 3 0 4 3 3 3 17 18 4 4 4 0 2 0 3 4 17 3 4 3 3 3
split_gain=2425.08 246.425 160.275 67.1006 53.5952 53.1733 97.3566 45.0456 73.6105 52.7785 35.9019 26.029 25.7519 33.0232 22.5612 20.6595 19.837 18.5853 17.0269 16.7712 13.1853 15.949 12.3851 12.1987 14.6849 10.7042 13.3527 9.52673 50.6266 15.2614
threshold=0.13903062045574191 0.48596936464309698 0.21428572386503222 0 47.500000000000007 1 81.500000000000014 2 80.500000000000014 3 4.5000000000000009 42.500000000000007 73.500000000000014 84.500000000000014 0.35714286565780645 0.22576530277729037 4.5000000000000009 4.5000000000000009 4.5000000000000009 4 5 6 46.500000000000007 4.5000000000000009 1.0714285969734194 40.500000000000007 4.5000000000000009 44.500000000000007 56.500000000000007 46.500000000000007
decision_type=2 2 2 1 2 1 2 1 2 1 2 2 2 2 2 2 2 2 2 1 1 1 2 2 2 2 2 2 2 2
left_child=2 4 5 -3 14 6 11 8 9 17 22 -1 27 -14 20 -9 -16 -6 -10 -17 21 -2 -5 24 -4 -23 -27 -7 29 -29
right_child=1 3 23 10 7 12 -8 15 18 -11 -12 -13 13 -15 16 19 -18 -19 -20 -21 -22 25 -24 -25 -26 26 -28 28 -30 -31
leaf_value=0 0 0.0013522164190761744 0 0 0 0 0 0 0 3.3261235354312908e-05 4.2174482214375221e-05 0 0 0 0 0 0.0046836253196129666 -0.0029115798870546928 -5.2009392098103216e-06 0 0 0 0 -0.00041713022660754467 0.013940412353812987 0 0.025714730235015401 0 0 0
leaf_weight=1916 1481 12924 1301 1424 3892 11837 3702 3485 718 4806 2769 1583 1570 1866 1679 2067 528 921 138 3660 1063 2348 9016 489 79 1161 157 916 12593 874
leaf_count=1916 1481 12924 1301 1424 3892 11837 3702 3485 718 4806 2769 1583 1570 1866 1679 2067 528 921 138 3660 1063 2348 9016 489 79 1161 157 916 12593 874
internal_value=-0.0121777 -0.00535382 -0.0217348 -0.00185876 -0.00860376 -0.0224591 -0.0186051 -0.00717606 -0.00493317 -0.00368282 -0.00436304 -0.012625 -0.0233949 -0.0193248 -0.0119431 -0.00972644 -0.00760082 -0.00737611 -0.0189836 -0.00787934 -0.0134863 -0.0124393 -0.00570881 -0.00745051 -0.00985507 -0.0142274 -0.0106601 -0.0239283 -0.0230637 -0.0151955
internal_weight=92963 54237 38726 26133 28104 36857 7201 19687 10475 9619 13209 3499 29656 3436 8417 9212 2207 4813 856 5727 6210 5147 10440 1869 1380 3666 1318 26220 14383 1790
internal_count=92963 54237 38726 26133 28104 36857 7201 19687 10475 9619 13209 3499 29656 3436 8417 9212 2207 4813 856 5727 6210 5147 10440 1869 1380 3666 1318 26220 14383 1790
cat_boundaries=0 1 2 3 4 5 6 7
cat_threshold=852127 1 1 7484448 5477440 1 622879
is_linear=0
shrinkage=0.05


Tree=67
num_leaves=31
num_cat=7
split_feature=18 18 17 0 17 3 4 4 3 0 17 0 4 0 3 3 3 3 0 18 18 17 0 0 3 3 3 3 3 3
split_gain=2427.88 246.357 163.825 60.7087 52.0127 44.6989 30.7887 30.6691 30.0172 29.2738 18.4723 15.1838 13.839 16.8493 12.1746 11.7163 49.6881 16.5327 11.6621 11.1229 10.5546 8.61474 8.44346 8.19209 7.84063 7.42891 7.37991 7.17207 20.9574 28.6744
threshold=0.13903062045574191 0.47321428358554846 0.21428572386503222 0 0.35714286565780645 47.500000000000007 4.5000000000000009 4.5000000000000009 80.500000000000014 1 1.0000000180025095e-35 2 4.5000000000000009 3 46.500000000000007 44.500000000000007 56.500000000000007 46.500000000000007 4 0.25382652878761297 0.24362244457006457 3.0714285373687749 5 6 38.500000000000007 40.500000000000007 78.500000000000014 85.500000000000014 73.500000000000014 81.500000000000014
decision_type=2 2 2 1 2 2 2 2 2 1 2 1 2 1 2 2 2 2 1 2 2 2 1 1 2 2 2 2 2 2
left_child=2 4 10 21 5 18 14 11 9 19 15 -6 13 -4 -5 -1 17 -17 -2 -7 -13 25 -11 -16 -8 -3 -27 28 -18 -30
right_child=1 3 12 6 7 8 24 -9 -10 22 -12 20 -14 -15 23 16 27 -19 -20 -21 -22 -23 -24 -25 -26 26 -28 -29 29 -31
leaf_value=0 0 -0.0047753425952938742 0.041567007486257197 0 0 0 -0.0034534829719023771 3.2794004021017309e-05 0 0 0 0 -0.0003962737152771674 0 0 0 0 0 0 0 0 0.031137128107126457 0 0 6.7525920939152874e-05 0.0020073873272152712 -0.0084849454783940178 0 0 0
leaf_weight=13566 1894 1082 122 1458 1535 2035 91 1891 2073 1353 1223 786 502 1282 5125 836 12948 932 4286 3223 3873 655 5074 3826 2686 10390 950 2806 1451 3120
leaf_count=13566 1894 1082 122 1458 1535 2035 91 1891 2073 1353 1223 786 502 1282 5125 836 12948 932 4286 3223 3873 655 5074 3826 2686 10390 950 2806 1451 3120
internal_value=-0.0121645 -0.00533839 -0.0217181 -0.00185908 -0.00859919 -0.00997091 -0.00425129 -0.00521645 -0.00838421 -0.00740051 -0.0224568 -0.00691799 -0.00742392 -0.00997151 -0.00550245 -0.022664 -0.0219538 -0.013914 -0.0135032 -0.00460326 -0.0054562 0.000555895 -0.00966677 -0.00481231 0.000423118 0.000261633 0.00063933 -0.0226531 -0.0222772 -0.0193667
internal_weight=93074 54286 38788 26263 28023 19938 13186 8085 13758 11685 36882 6194 1906 1404 10409 35659 22093 1768 6180 5258 4659 13077 6427 8951 2777 12422 11340 20325 17519 4571
internal_count=93074 54286 38788 26263 28023 19938 13186 8085 13758 11685 36882 6194 1906 1404 10409 35659 22093 1768 6180 5258 4659 13077 6427 8951 2777 12422 11340 20325 17519 4571
cat_boundaries=0 1 2 3 4 5 6 7
cat_threshold=328095 854959 5248032 32772 622879 36864 2657856
is_linear=0
shrinkage=0.05


Tree=68
num_leaves=31
num_cat=8
split_feature=18 18 2 3 0 3 2 3 0 3 3 4 3 0 18 2 4 4 0 3 3 3 3 4 3 0 3 3 19 9
split_gain=2430.07 243.541 109.382 144.903 63.6053 52.2768 46.1787 73.3651 51.8043 36.4646 42.3341 31.7978 29.7989 22.9806 19.9086 18.2683 16.0322 15.45 14.3978 12.8678 67.0321 19.759 12.7241 12.2364 12.7326 13.0774 12.1185 11.1641 10.6082 9.55089
threshold=0.13903062045574191 0.47321428358554846 0 81.500000000000014 1 47.500000000000007 2 80.500000000000014 3 73.500000000000014 84.500000000000014 4.5000000000000009 43.500000000000007 4 0.22576530277729037 5 4.5000000000000009 4.5000000000000009 6 44.500000000000007 56.500000000000007 46.500000000000007 52.500000000000007 4.5000000000000009 79.500000000000014 7 74.500000000000014 46.500000000000007 1.3101579546928408 1.0000000180025095e-35
decision_type=2 2 1 2 1 2 1 2 1 2 2 2 2 1 2 1 2 2 1 2 2 2 2 2 2 1 2 2 2 2
left_child=2 5 3 12 29 13 7 8 16 19 26 27 -1 15 -8 -2 -7 -9 -16 -4 21 -21 -20 24 25 -14 -11 -6 -10 -3
right_child=1 4 9 -5 11 6 14 17 28 10 -12 -13 23 -15 18 -17 -18 -19 22 20 -22 -23 -24 -25 -26 -27 -28 -29 -30 -31
leaf_value=0 0 -0.00010036936636076356 0 0 0 0 0 0 -7.1306928539800997e-06 0 0 1.6636107412005995e-05 0 0 0 0 -0.0051055594151194154 -4.9408922493198046e-06 0 0 0 0 0 0.026692969251188393 0 0 0 0 0.011594577163868315 0.0095093291284926006
leaf_weight=2368 2346 8794 11848 3760 1412 3840 3480 720 4269 464 1891 2670 1043 5444 1227 601 928 130 1067 969 12737 1102 3429 466 271 506 1340 8712 479 4784
leaf_count=2368 2346 8794 11848 3760 1412 3840 3480 720 4269 464 1891 2670 1043 5444 1227 601 928 130 1067 969 12737 1102 3429 466 271 506 1340 8712 479 4784
internal_value=-0.0121435 -0.00532007 -0.0217071 -0.0166627 -0.0018732 -0.00857117 -0.00715545 -0.00486687 -0.00360971 -0.0231055 -0.0184506 -0.00440097 -0.0107649 -0.0118728 -0.00973324 -0.00820933 -0.00728338 -0.0189412 -0.0079198 -0.0237508 -0.0227681 -0.0144254 -0.00655792 -0.00669291 -0.00854396 -0.00679471 -0.0129712 -0.00568451 9.45776e-05 0.000511481
internal_weight=93097 54332 38765 8414 26372 27960 19569 10366 9516 30351 3695 12794 4654 8391 9203 2947 4768 850 5723 26656 14808 2071 4496 2286 1820 1549 1804 10124 4748 13578
internal_count=93097 54332 38765 8414 26372 27960 19569 10366 9516 30351 3695 12794 4654 8391 9203 2947 4768 850 5723 26656 14808 2071 4496 2286 1820 1549 1804 10124 4748 13578
cat_boundaries=0 1 2 3 4 5 6 7 8
cat_threshold=1 852383 1 7484448 885023 1 1216576 5389920
is_linear=0
shrinkage=0.05


Tree=69
num_leaves=31
num_cat=8
split_feature=18 18 17 0 2 7 17 4 4 18 0 4 0 0 18 0 7 13 7 18 19 7 2 21 21 18 7 2 7 4
split_gain=2419.29 242.392 159.384 58.8644 54.4377 80.1753 50.8366 36.25 33.257 30.5705 21.4005 15.258 14.0095 12.3237 11.0949 10.1028 9.8849 9.08604 8.96797 8.53158 8.1665 7.7618 7.33033 13.0831 9.93121 7.09581 6.92212 11.189 8.67939 6.79266
threshold=0.13903062045574191 0.47321428358554846 0.21428572386503222 0 1 27.400000572204593 0.35714286565780645 4.5000000000000009 4.5000000000000009 0.25382652878761297 2 4.5000000000000009 3 4 0.24362244457006457 5 28.69999980926514 1.0386904478073122 31.500000000000004 0.054846938699483878 0.99914938211441051 24.500000000000004 6 4.3156414031982431 4.3299646377563485 1.6022959947586062 26.10000038146973 7 30.500000000000004 5.5000000000000009
decision_type=2 2 2 1 1 2 2 2 2 2 1 2 1 1 2 1 2 2 2 2 2 2 1 2 2 2 2 1 2 2
left_child=2 6 4 17 5 20 9 25 12 13 18 15 -8 -2 -14 -4 -7 29 -11 -6 -1 -22 24 -24 -9 -5 -15 28 -28 -3
right_child=1 3 11 7 19 16 8 22 -10 10 -12 -13 14 26 -16 -17 -18 -19 -20 -21 21 -23 23 -25 -26 -27 27 -29 -30 -31
leaf_value=0 0 0.0010631144099825906 0 0 0 0 0 -0.0023215965891904109 3.8470706091621616e-05 0 0 -0.00016877228789986167 0 0 0 0 0 -0.002778077433989232 0 0 0 0 6.3317819521594945e-05 -0.00077779548166950362 0.003434239607145154 0.041496992406512771 0 0 0 0.021834835085186157
leaf_weight=2721 1697 10157 248 9501 29170 688 1510 758 1878 3817 6551 492 791 1516 3902 1157 1109 2472 741 501 993 1696 139 435 1336 469 2203 2558 819 925
leaf_count=2721 1697 10157 248 9501 29170 688 1510 758 1878 3817 6551 492 791 1516 3902 1157 1109 2472 741 501 993 1696 139 435 1336 469 2203 2558 819 925
internal_value=-0.012177 -0.00535256 -0.0217118 -0.00189562 -0.0224389 -0.018541 -0.00858825 -0.00434851 -0.00524378 -0.00994624 -0.00820281 -0.00757775 -0.00700871 -0.0121489 -0.00561875 -0.0102313 -0.00939065 0.000394426 -0.00552758 -0.0233856 -0.0215804 -0.0196263 0.000824588 -0.00418118 0.00219675 -0.00573721 -0.0130805 -0.0122849 -0.010225 0.00100614
internal_weight=92950 54175 38775 26192 36878 7207 27983 12638 8081 19902 11109 1897 6203 8793 4693 1405 1797 13554 4558 29671 5410 2689 2668 574 2094 9970 7096 5580 3022 11082
internal_count=92950 54175 38775 26192 36878 7207 27983 12638 8081 19902 11109 1897 6203 8793 4693 1405 1797 13554 4558 29671 5410 2689 2668 574 2094 9970 7096 5580 3022 11082
cat_boundaries=0 1 2 3 4 5 6 7 8
cat_threshold=852383 1 592799 5248032 524684 2130052 1 1
is_linear=0
shrinkage=0.05


Tree=70
num_leaves=31
num_cat=9
split_feature=18 18 17 0 2 3 3 2 3 0 3 4 17 3 3 4 18 4 4 4 0 0 0 3 0 2 4 3 3 3
split_gain=2416.23 235.886 157.238 63.056 54.4452 99.9855 52.5681 45.2846 71.5281 53.0198 30.2244 27.239 26.816 25.2522 34.3385 22.6055 20.659 17.479 16.5054 15.5311 15.4151 12.8136 12.5833 11.5221 11.1114 10.7326 10.2434 9.87177 51.2476 14.9943
threshold=0.13903062045574191 0.47321428358554846 0.21428572386503222 0 1 80.500000000000014 47.500000000000007 2 80.500000000000014 3 43.500000000000007 4.5000000000000009 0.35714286565780645 73.500000000000014 84.500000000000014 4.5000000000000009 0.22576530277729037 4.5000000000000009 4.5000000000000009 4.5000000000000009 4 5 6 46.500000000000007 7 8 4.5000000000000009 44.500000000000007 56.500000000000007 46.500000000000007
decision_type=2 2 2 1 1 2 2 1 2 1 2 2 2 2 2 2 2 2 2 2 1 1 1 2 1 1 2 2 2 2
left_child=2 6 4 -3 5 10 12 8 9 18 -1 23 22 27 -15 24 -9 -10 -8 21 -18 -4 25 -5 -14 -2 -11 -6 29 -29
right_child=1 3 19 11 13 -7 7 16 17 26 -12 -13 15 14 -16 -17 20 -19 -20 -21 -22 -23 -24 -25 -26 -27 -28 28 -30 -31
leaf_value=0 0 0.00039862278879586603 0 0 0 0 0 0 0 0 0 3.4831948194158994e-06 0 0 0 0.0071021707065348112 0 -4.6938476368538146e-06 -0.0025142861574516191 -0.00014925678827070686 0 0 0 0 0 0 0.0089415000617477768 0 0 0
leaf_weight=2005 1489 13478 261 1388 11917 3881 3462 3493 714 4229 1333 2674 638 1590 1855 521 2121 134 794 490 3637 1144 4279 8708 1016 405 1078 899 12554 890
leaf_count=2005 1489 13478 261 1388 11917 3881 3462 3493 714 4229 1333 2674 638 1590 1855 521 2121 134 794 490 3637 1144 4279 8708 1016 405 1078 899 12554 890
internal_value=-0.0121875 -0.0053734 -0.0217117 -0.00196777 -0.0224326 -0.0185379 -0.0085648 -0.00715339 -0.00489146 -0.00365733 -0.0121929 -0.00448357 -0.0118891 -0.0233791 -0.0193541 -0.00711494 -0.00969895 -0.018809 -0.00780591 -0.00766491 -0.00785863 -0.0103381 -0.0135712 -0.00567552 -0.00997582 -0.00995273 -0.000315027 -0.0239071 -0.0230234 -0.0151062
internal_weight=93077 54258 38819 26248 36924 7219 28010 19662 10411 9563 3338 12770 8348 29705 3445 2175 9251 848 4256 1895 5758 1405 6173 10096 1654 1894 5307 26260 14343 1789
internal_count=93077 54258 38819 26248 36924 7219 28010 19662 10411 9563 3338 12770 8348 29705 3445 2175 9251 848 4256 1895 5758 1405 6173 10096 1654 1894 5307 26260 14343 1789
cat_boundaries=0 1 2 3 4 5 6 7 8 9
cat_threshold=852383 1 1 7484416 2369949 32902 622879 360735 1
is_linear=0
shrinkage=0.05


Tree=71
num_leaves=31
num_cat=8
split_feature=18 18 17 0 2 3 3 2 3 0 5 3 3 3 17 18 5 5 5 5 0 2 0 0 3 3 5 3 3 3
split_gain=2435.26 238.87 156.936 65.9697 54.8304 100.496 51.9336 45.434 74.3827 53.5241 27.0524 26.067 25.6626 33.5069 25.0815 21.0437 20.9707 20.1447 15.8392 15.6662 13.6333 12.7649 17.1061 12.5198 12.1985 11.0029 11.3511 10.1525 53.5171 15.3509
threshold=0.13903062045574191 0.47321428358554846 0.21428572386503222 0 1 81.500000000000014 47.500000000000007 2 80.500000000000014 3 1.0000000180025095e-35 42.500000000000007 73.500000000000014 84.500000000000014 0.35714286565780645 0.22576530277729037 1.0000000180025095e-35 1.0000000180025095e-35 1.0000000180025095e-35 1.0000000180025095e-35 4 5 6 7 46.500000000000007 40.500000000000007 1.0000000180025095e-35 44.500000000000007 56.500000000000007 46.500000000000007
decision_type=2 2 2 1 1 2 2 1 2 1 2 2 2 2 2 2 2 2 2 2 1 1 1 1 2 2 2 2 2 2
left_child=2 6 4 -3 5 11 14 8 9 17 24 -1 27 -14 21 -9 -16 -8 -10 23 -17 22 -2 -4 -5 -24 -27 -6 29 -29
right_child=1 3 19 10 12 -7 7 15 18 -11 -12 -13 13 -15 16 20 -18 -19 -20 -21 -22 -23 25 -25 -26 26 -28 28 -30 -31
leaf_value=0 0 0.00070120970858102193 0.043615076048835688 0 0 0 0 0 0 0.000102578463514008 7.9776821152972377e-06 0 0 0 0 0 0.0062532202140216436 -0.0023626472326145247 -4.4591552550111237e-06 -0.00036055857570478064 0 0 0 0 0 0 0.024428993723264632 0 0 0
leaf_weight=1949 1462 13538 122 1361 11887 3694 3900 3481 714 4767 2668 1573 1579 1850 1677 2733 522 915 133 501 3030 1064 2334 1262 8638 1140 155 916 12562 901
leaf_count=1949 1462 13538 122 1361 11887 3694 3900 3481 714 4767 2668 1573 1579 1850 1677 2733 522 915 133 501 3030 1064 2334 1262 8638 1140 155 916 12562 901
internal_value=-0.0121334 -0.00529116 -0.0216981 -0.00185938 -0.0224168 -0.0185075 -0.00849984 -0.00709729 -0.00483508 -0.00357963 -0.00445097 -0.0124645 -0.0233667 -0.0192986 -0.0118027 -0.0096495 -0.00721919 -0.00729016 -0.0190378 -0.00762599 -0.00779542 -0.0134403 -0.0123993 -0.0103685 -0.00564806 -0.0142553 -0.0105985 -0.0238978 -0.023004 -0.0149835
internal_weight=93028 54232 38796 26205 36911 7216 28027 19673 10429 9582 12667 3522 29695 3429 8354 9244 2199 4815 847 1885 5763 6155 5091 1384 9999 3629 1295 26266 14379 1817
internal_count=93028 54232 38796 26205 36911 7216 28027 19673 10429 9582 12667 3522 29695 3429 8354 9244 2199 4815 847 1885 5763 6155 5091 1384 9999 3629 1295 26266 14379 1817
cat_boundaries=0 1 2 3 4 5 6 7 8
cat_threshold=852383 1 1 7484448 2894269 1 622879 32772
is_linear=0
shrinkage=0.05


Tree=72
num_leaves=31
num_cat=10
split_feature=18 18 17 0 3 2 3 2 3 0 17 3 3 3 4 18 4 4 4 4 0 0 2 0 0 3 13 3 3 2
split_gain=2408.65 236.678 160.895 60.4721 56.2397 53.2066 98.9814 43.7808 74.1619 53.7748 27.3002 25.8111 33.9099 22.0391 22.0141 21.8229 19.3889 17.2928 15.4464 14.5806 14.0519 12.1132 11.9597 15.7763 11.7146 10.6587 10.6201 10.5552 12.6332 9.88837
threshold=0.13903062045574191 0.47321428358554846 0.21428572386503222 0 47.500000000000007 1 81.500000000000014 2 80.500000000000014 3 0.35714286565780645 73.500000000000014 84.500000000000014 43.500000000000007 4.5000000000000009 0.22576530277729037 4.5000000000000009 4.5000000000000009 4.5000000000000009 4.5000000000000009 4 5 6 7 8 46.500000000000007 1.0196153521537783 54.500000000000007 75.500000000000014 9
decision_type=2 2 2 1 2 1 2 1 2 1 2 2 2 2 2 2 2 2 2 2 1 1 1 1 1 2 2 2 2 1
left_child=2 4 5 26 10 6 13 8 9 17 22 -7 -13 -1 25 -9 21 -6 24 -10 -17 -12 23 -2 -4 -5 -3 -22 -29 -16
right_child=1 3 18 14 7 11 -8 15 19 -11 16 12 -14 -15 29 20 -18 -19 -20 -21 27 -23 -24 -25 -26 -27 -28 28 -30 -31
leaf_value=0 0 0.0016106742076161197 0.032940348234870659 0 0 0 0 0 0 9.7449540338307594e-05 0 0 0 0 0.0011510099145732922 0 0.003778111272098861 -0.0038425145724859731 -0.00034253064691954161 -4.2361974922605677e-06 0 0 0 0 0 0 0 0 0 -0.00047262070935556483
leaf_weight=1995 1591 10881 165 1284 3843 26324 3748 3484 723 4729 732 1596 1865 1527 1854 1220 542 903 505 139 1610 931 1041 3511 1235 7549 4274 987 1914 471
leaf_count=1995 1591 10881 165 1284 3843 26324 3748 3484 723 4729 732 1596 1865 1527 1854 1220 542 903 505 139 1610 931 1041 3511 1235 7549 4274 987 1914 471
internal_value=-0.012234 -0.0054189 -0.0217171 -0.00201706 -0.00862724 -0.0224457 -0.0186107 -0.00716039 -0.00492648 -0.00364908 -0.0120628 -0.0233817 -0.0193225 -0.0125923 -0.00480838 -0.0096663 -0.00729025 -0.00740118 -0.00754593 -0.0189675 -0.00776915 -0.00996693 -0.0137758 -0.0127793 -0.01025 -0.00595211 4.12133e-05 -0.0064311 -0.00824716 -0.000483871
internal_weight=93173 54213 38960 26313 27900 37055 7270 19552 10337 9475 8348 29785 3461 3522 11158 9215 2205 4746 1905 862 5731 1663 6143 5102 1400 8833 15155 4511 2901 2325
internal_count=93173 54213 38960 26313 27900 37055 7270 19552 10337 9475 8348 29785 3461 3522 11158 9215 2205 4746 1905 862 5731 1663 6143 5102 1400 8833 15155 4511 2901 2325
cat_boundaries=0 1 2 3 4 5 6 7 8 9 10
cat_threshold=2949535 1 1 7484448 1216576 491807 1 885023 32896 1
is_linear=0
shrinkage=0.05


Tree=73
num_leaves=31
num_cat=9
split_feature=18 18 17 0 2 3 3 2 3 0 4 3 3 17 3 18 4 4 0 4 3 4 2 0 3 4 0 3 3 0
split_gain=2419.74 231.849 151.8 56.6133 53.8551 98.1309 52.9087 41.4207 77.4453 52.4529 28.2361 26.8302 34.6811 25.7792 22.6265 20.7718 20.321 18.938 15.4851 14.2555 13.5946 12.8523 12.5363 17.2858 11.5556 11.4333 10.4036 9.46573 10.2212 9.19688
threshold=0.13903062045574191 0.48596936464309698 0.21428572386503222 0 1 81.500000000000014 47.500000000000007 2 80.500000000000014 3 4.5000000000000009 73.500000000000014 84.500000000000014 0.35714286565780645 42.500000000000007 0.22576530277729037 4.5000000000000009 4.5000000000000009 4 4.5000000000000009 46.500000000000007 2.5000000000000004 5 6 41.500000000000007 4.5000000000000009 7 55.500000000000007 75.500000000000014 8
decision_type=2 2 2 1 1 2 2 1 2 1 2 2 2 2 2 2 2 2 1 2 2 2 1 1 2 2 1 2 2 1
left_child=2 6 4 -3 5 14 13 8 9 17 20 -6 -13 22 -1 -9 26 -8 27 -10 -5 -4 23 -2 -25 -26 -15 -17 -29 -22
right_child=1 3 21 10 11 -7 7 15 19 -11 -12 12 -14 16 -16 18 -18 -19 -20 -21 29 -23 -24 24 25 -27 -28 28 -30 -31
leaf_value=0 0 0.00051317798906835627 0 0 0 0 0 0 0 2.1953308036680485e-05 2.0220946215625566e-05 0 0 0 0 0 0.0054421181496054072 -0.002078313759324013 0 -4.0243876176475391e-06 0 0 0 0 0 0.023415712465728628 0 0 0 0
leaf_weight=1957 1321 13043 282 1431 26230 3668 3867 3456 726 4807 2759 1565 1851 663 1570 830 533 921 3609 129 5100 1597 1037 2696 1000 120 1029 421 876 3776
leaf_count=1957 1321 13043 282 1431 26230 3668 3867 3456 726 4807 2759 1565 1851 663 1570 830 533 921 3609 129 5100 1597 1037 2696 1000 120 1029 421 876 3776
internal_value=-0.0122079 -0.00538319 -0.0217523 -0.00199261 -0.0224594 -0.0185789 -0.00854017 -0.00711995 -0.00496651 -0.00368161 -0.00431707 -0.0234011 -0.019233 -0.0118615 -0.012624 -0.0095681 -0.00724719 -0.00737807 -0.00772315 -0.019386 -0.00552295 -0.00788984 -0.0135245 -0.0125122 -0.0142316 -0.01 -0.00992908 -0.00427 -0.00695837 -0.00479383
internal_weight=92870 54150 38720 26109 36841 7195 28041 19642 10450 9595 13066 29646 3416 8399 3527 9192 2225 4788 5736 855 10307 1879 6174 5137 3816 1120 1692 2127 1297 8876
internal_count=92870 54150 38720 26109 36841 7195 28041 19642 10450 9595 13066 29646 3416 8399 3527 9192 2225 4788 5736 855 10307 1879 6174 5137 3816 1120 1692 2127 1297 8876
cat_boundaries=0 1 2 3 4 5 6 7 8 9
cat_threshold=328095 1 1 7484448 2369949 1 622623 360735 2657856
is_linear=0
shrinkage=0.05


Tree=74
num_leaves=31
num_cat=9
split_feature=18 18 17 0 3 2 3 2 3 0 17 4 17 3 3 3 18 4 4 4 0 21 3 2 0 3 4 0 0 3
split_gain=2381.79 239.272 157.337 59.5945 54.4373 43.4309 91.5521 43.1127 75.7135 50.8859 26.1651 25.4269 25.2073 24.6105 23.05 33.8503 22.9143 19.0901 18.7504 14.3612 13.8157 13.0261 12.0325 11.9935 14.4742 11.7355 12.8389 10.3826 9.03547 8.96647
threshold=0.13903062045574191 0.47321428358554846 1.0000000180025095e-35 0 47.500000000000007 1 81.500000000000014 2 80.500000000000014 3 0.35714286565780645 4.5000000000000009 0.35714286565780645 42.500000000000007 73.500000000000014 84.500000000000014 0.22576530277729037 4.5000000000000009 4.5000000000000009 4.5000000000000009 4 4.3887064456939706 46.500000000000007 5 6 40.500000000000007 4.5000000000000009 7 8 76.500000000000014
decision_type=2 2 2 1 2 1 2 1 2 1 2 2 2 2 2 2 2 2 2 2 1 2 2 1 1 2 2 1 1 2
left_child=2 4 5 -3 10 6 13 8 9 17 23 22 21 -1 -7 -16 -9 -6 27 -10 -18 -4 -5 24 -2 -26 -27 -12 -24 -15
right_child=1 3 12 11 7 14 -8 16 19 -11 18 -13 -14 29 15 -17 20 -19 -20 -21 -22 -23 28 -25 25 26 -28 -29 -30 -31
leaf_value=0 0 0.00051156263511798925 0 0 0 0 0 0 0 -1.7873223805730899e-05 0 -1.9971257859962511e-05 0 0 0 0 0 -0.0019743980713578125 0.0033170998010136512 -3.8231682367651626e-06 0 0 0 0 0 0 0.022036758413814968 0 0 0
leaf_weight=1674 1497 13130 378 1425 3877 25765 3630 3512 733 4788 736 2722 1175 969 1406 1790 2082 915 538 138 3643 1558 5128 1030 2333 1152 152 936 3827 379
leaf_count=1674 1497 13130 378 1425 3877 25765 3630 3512 733 4788 736 2722 1175 969 1406 1790 2082 915 538 138 3643 1558 5128 1030 2333 1152 152 936 3827 379
internal_value=-0.0122143 -0.00545732 -0.0216881 -0.00202425 -0.00866652 -0.0226301 -0.0189868 -0.00723029 -0.00503062 -0.00374739 -0.0120432 -0.00440818 -0.0109049 -0.0125579 -0.0234669 -0.0194618 -0.00971906 -0.00738234 -0.00737557 -0.0191447 -0.00776856 -0.0144112 -0.0055395 -0.0137167 -0.0127289 -0.0144571 -0.0106979 -0.00998804 -0.00486041 -0.00752967
internal_weight=93018 54294 38724 26232 28062 35613 6652 19688 10451 9580 8374 13102 3111 3022 28961 3196 9237 4792 2210 871 5725 1936 10380 6164 5134 3637 1304 1672 8955 1348
internal_count=93018 54294 38724 26232 28062 35613 6652 19688 10451 9580 8374 13102 3111 3022 28961 3196 9237 4792 2210 871 5725 1936 10380 6164 5134 3637 1304 1672 8955 1348
cat_boundaries=0 1 2 3 4 5 6 7 8 9
cat_threshold=328095 1 1 7484448 2369949 1 622879 491807 2657856
is_linear=0
shrinkage=0.05


Tree=75
num_leaves=31
num_cat=9
split_feature=18 18 17 0 3 2 3 2 3 0 17 3 3 3 18 0 2 21 0 19 3 3 3 3 3 3 3 3 0 2
split_gain=2398.86 236.313 156.953 58.6519 53.6308 51.0786 97.8901 43.976 73.8772 47.7251 27.381 25.7456 35.184 23.8439 21.039 14.5911 14.2461 13.9984 13.6435 13.5354 12.7047 10.813 10.2581 56.8239 16.3701 8.89496 8.76732 8.746 8.22392 8.15747
threshold=0.13903062045574191 0.48596936464309698 0.21428572386503222 0 47.500000000000007 1 81.500000000000014 2 80.500000000000014 3 0.35714286565780645 73.500000000000014 84.500000000000014 42.500000000000007 0.22576530277729037 4 5 4.4091365337371835 6 1.0359721183776858 45.500000000000007 40.500000000000007 44.500000000000007 56.500000000000007 46.500000000000007 74.500000000000014 53.500000000000007 77.500000000000014 7 8
decision_type=2 2 2 1 2 1 2 1 2 1 2 2 2 2 2 1 1 2 1 2 2 2 2 2 2 2 2 2 1 1
left_child=2 4 5 -3 10 6 13 8 9 19 16 22 25 -1 -9 -16 18 -4 -2 -6 -5 -20 -7 24 -24 -13 -17 -15 -12 -22
right_child=1 3 17 20 7 11 -8 14 -10 -11 28 12 -14 27 15 26 -18 -19 21 -21 29 -23 23 -25 -26 -27 -28 -29 -30 -31
leaf_value=0 0 0.00049426997962350176 0 0 0 0 0 0 0 -1.6979562615444353e-05 0 0 0 0 0 0 0 0 0 0 0 0 0 0 0 0 0 0 0 0
leaf_weight=1925 1497 13089 1167 1509 3360 11833 3720 3503 852 4770 945 438 1859 1195 2343 979 1069 736 2313 1449 8849 1308 896 12602 891 1143 2426 383 1280 2740
leaf_count=1925 1497 13089 1167 1509 3360 11833 3720 3503 852 4770 945 438 1859 1195 2343 979 1069 736 2313 1449 8849 1308 896 12602 891 1143 2426 383 1280 2740
internal_value=-0.0122181 -0.00543238 -0.0217142 -0.00201531 -0.0086175 -0.0224366 -0.0186661 -0.00718931 -0.00496357 -0.00370863 -0.0119591 -0.0233548 -0.0192878 -0.0126677 -0.00969895 -0.00783751 -0.0136698 -0.00771151 -0.0125733 -0.00721623 -0.00437901 -0.0142592 -0.0238883 -0.0229915 -0.0146475 -0.0138046 -0.00568814 -0.00811153 -0.00720225 -0.00382043
internal_weight=93069 54281 38788 26187 28094 36885 7223 19682 10431 9579 8412 29662 3440 3503 9251 5748 6187 1903 5118 4809 13098 3621 26222 14389 1787 1581 3405 1578 2225 11589
internal_count=93069 54281 38788 26187 28094 36885 7223 19682 10431 9579 8412 29662 3440 3503 9251 5748 6187 1903 5118 4809 13098 3621 26222 14389 1787 1581 3405 1578 2225 11589
cat_boundaries=0 1 2 3 4 5 6 7 8 9
cat_threshold=328095 1 1 7484448 5477952 1 622879 360799 1
is_linear=0
shrinkage=0.05


Tree=76
num_leaves=31
num_cat=10
split_feature=17 2 3 3 16 3 3 0 0 4 3 3 3 0 3 0 4 4 0 2 4 0 4 3 3 2 0 13 3 7
split_gain=1313.44 671.128 424.928 187.962 181.403 114.222 98.0967 75.0052 64.1303 53.8544 49.3012 200.766 48.2492 34.0849 27.7165 22.0243 21.575 17.2155 13.9882 13.983 12.0144 11.7703 11.4265 30.8787 11.1624 10.8856 10.8449 9.48073 9.3693 9.2222
threshold=0.21428572386503222 0 80.500000000000014 44.500000000000007 1.0000000180025095e-35 74.500000000000014 84.500000000000014 1 2 4.5000000000000009 44.500000000000007 56.500000000000007 47.500000000000007 3 46.500000000000007 4 4.5000000000000009 4.5000000000000009 5 6 5.5000000000000009 7 4.5000000000000009 36.500000000000007 40.500000000000007 8 9 1.0386904478073122 81.500000000000014 28.69999980926514
decision_type=2 1 2 2 2 2 2 1 1 2 2 2 2 1 2 1 2 2 1 1 2 1 2 2 2 1 1 2 2 2
left_child=1 2 3 13 5 10 -7 19 16 14 -3 12 -12 22 -9 -16 21 27 -6 20 29 -5 -1 -24 -15 26 -17 -10 -4 -2
right_child=7 4 28 8 18 6 -8 9 17 -11 11 -13 -14 24 15 25 -18 -19 -20 -21 -22 -23 23 -25 -26 -27 -28 -29 -30 -31
leaf_value=0 -0.0027278943211282575 0 0 0 0 0 0 0 0.0019528122039188689 -6.9705765355987379e-05 0 0 0 0 0 0 0.0032001260448821902 0.010671944847017245 0 0 0.028885826956171923 0 0 0.021329772874020155 0 0 0 -0.00047393220584437403 0 0.0023879721620800932
leaf_weight=1745 2744 11947 604 2034 1279 3515 1964 2477 3931 3933 1929 13798 2916 3899 2980 2964 1004 1007 1752 2775 783 3970 367 183 1381 2831 2578 1303 4143 4519
leaf_count=1745 2744 11947 604 2034 1279 3515 1964 2477 3931 3933 1929 13798 2916 3899 2980 2964 1004 1007 1752 2775 783 3970 367 183 1381 2831 2578 1303 4143 4519
internal_value=-0.0122211 -0.0161661 -0.00986762 -0.00679024 -0.0202852 -0.0212724 -0.014624 -0.00329555 -0.00319835 -0.00529314 -0.0224632 -0.0208564 -0.0121001 -0.0130726 -0.00676428 -0.00571875 -0.0064762 0.000491921 -0.00853679 -1.15409e-05 0.001044 -0.00761992 -0.00786334 -0.0141818 -0.015293 -0.00438685 -0.00310357 -0.000659152 -0.0233674 0.00040961
internal_weight=93255 64671 25571 20824 39100 36069 5479 28584 13249 17763 30590 18643 4845 7575 13830 11353 7008 6241 3031 10821 8046 6004 2295 550 5280 8373 5542 5234 4747 7263
internal_count=93255 64671 25571 20824 39100 36069 5479 28584 13249 17763 30590 18643 4845 7575 13830 11353 7008 6241 3031 10821 8046 6004 2295 550 5280 8373 5542 5234 4747 7263
cat_boundaries=0 1 2 3 4 5 6 7 8 9 10
cat_threshold=1 327711 7502880 360735 5378080 2368797 1 5246976 1 558016
is_linear=0
shrinkage=0.05


Tree=77
num_leaves=31
num_cat=9
split_feature=18 18 17 2 7 0 17 18 4 0 4 0 4 0 0 0 18 7 7 19 2 7 0 18 7 19 21 21 17 4
split_gain=2392.53 236.036 159.241 57.4465 86.9641 54.008 50.577 32.4081 31.7553 22.6431 18.5654 17.2162 11.9983 13.7187 11.567 11.1115 9.93447 9.68378 9.52638 9.24717 9.05211 9.04149 8.443 7.05352 7.00255 6.89717 6.67741 6.60243 11.9308 6.62871
threshold=0.13903062045574191 0.48596936464309698 0.21428572386503222 0 27.10000038146973 1 0.35714286565780645 0.25382652878761297 4.5000000000000009 2 4.5000000000000009 3 4.5000000000000009 4 5 6 1.072704076766968 28.69999980926514 31.500000000000004 0.99914938211441051 7 24.500000000000004 8 0.054846938699483878 32.100000381469734 1.2839859127998354 4.3775744438171396 4.3279523849487314 3.0714285373687749 4.5000000000000009
decision_type=2 2 2 1 2 1 2 2 2 1 2 1 2 1 1 1 2 2 2 2 1 2 1 2 2 2 2 2 2 2
left_child=2 6 3 4 19 15 7 14 11 18 16 -8 13 -4 -2 27 24 -6 -9 -1 22 -21 -13 -5 -7 -23 -27 -3 -29 -30
right_child=1 5 12 23 17 10 8 9 -10 -11 -12 20 -14 -15 -16 -17 -18 -19 -20 21 -22 25 -24 -25 -26 26 -28 28 29 -31
leaf_value=0 0 -0.00092336323930277135 0.001319808406309166 0 0 0 0 0 3.2716056783184725e-05 0 -0.00017341488540017537 0.00013639471605641289 -0.00032191882630576516 0 0 0 -0.00034951257099755914 0 0 0 0 0 0 0 0 0.032520450634541252 0 0.0069815042940462868 0.02872077505130223 0.11345865952869467
leaf_weight=2706 1689 2328 240 29209 724 5190 1875 3829 1888 6590 2124 891 491 1150 7072 9424 1456 1120 746 1001 1808 1570 1743 509 1332 76 51 4023 102 133
leaf_count=2706 1689 2328 240 29209 724 5190 1875 3829 1888 6590 2124 891 491 1150 7072 9424 1456 1120 746 1001 1808 1570 1743 509 1332 76 51 4023 102 133
internal_value=-0.0122022 -0.00541867 -0.0216741 -0.0223963 -0.0184051 -0.00199525 -0.00859639 -0.00995684 -0.0052925 -0.00817062 -0.00485562 -0.00699303 -0.00748272 -0.00985612 -0.0122332 -0.000187266 -0.00596641 -0.00902928 -0.0054253 -0.0216044 -0.00525606 -0.019533 -0.00339787 -0.0233697 -0.00680006 -0.01731 -0.00610236 0.0013872 0.00255989 0.0135106
internal_weight=93090 54243 38847 36966 7248 26112 28131 19926 8205 11165 10102 6317 1881 1390 8761 16010 7978 1844 4575 5404 4442 2698 2634 29718 6522 1697 127 6586 4258 235
internal_count=93090 54243 38847 36966 7248 26112 28131 19926 8205 11165 10102 6317 1881 1390 8761 16010 7978 1844 4575 5404 4442 2698 2634 29718 6522 1697 127 6586 4258 235
cat_boundaries=0 1 2 3 4 5 6 7 8 9
cat_threshold=1 2949599 592799 5256224 32908 524684 262292 1 360731
is_linear=0
shrinkage=0.05


Tree=78
num_leaves=31
num_cat=11
split_feature=18 18 17 2 3 17 0 3 5 3 2 0 3 3 3 5 2 3 3 0 5 0 0 0 2 3 3 0 3 3
split_gain=2398.32 239.772 156.178 56.4066 103.14 55.2873 53.259 40.418 32.5369 27.4805 46.1935 30.0875 27.4494 25.6296 34.5933 24.8106 23.9092 18.5559 38.3688 16.3851 13.4659 13.7819 13.3523 12.8701 12.9209 12.2783 10.9755 10.4977 10.4168 10.4153
threshold=0.13903062045574191 0.47321428358554846 0.21428572386503222 0 81.500000000000014 0.35714286565780645 1 47.500000000000007 1.0000000180025095e-35 80.500000000000014 2 3 43.500000000000007 73.500000000000014 84.500000000000014 1.0000000180025095e-35 4 56.500000000000007 74.500000000000014 5 1.0000000180025095e-35 6 7 8 9 83.500000000000014 74.500000000000014 10 47.500000000000007 79.500000000000014
decision_type=2 2 2 1 2 2 1 2 2 2 1 1 2 2 2 2 1 2 2 1 2 1 1 1 1 2 2 1 2 2
left_child=2 5 3 4 12 7 -3 23 19 10 11 -9 -1 -5 26 22 -11 27 -19 -7 21 -4 28 24 -2 -18 -15 -12 -8 -14
right_child=1 6 20 13 -6 8 15 9 -10 16 17 -13 29 14 -16 -17 25 18 -20 -21 -22 -23 -24 -25 -26 -27 -28 -29 -30 -31
leaf_value=0 0 0.00024294989511338129 0.033047155796275401 0 0 0 0 0 3.8396656215680668e-05 0 0 -1.6130584484672134e-05 0 0 0 -1.1295894018905081e-05 0 0 0 0 -0.00030582288499047687 0 0 0 0 0 0 0 0 0
leaf_weight=1992 1476 13523 135 26309 3681 1829 953 3240 1896 743 1005 3042 1225 433 1873 2662 882 962 1756 4353 495 1247 5012 4294 409 450 1135 1640 4075 280
leaf_count=1992 1476 13523 135 26309 3681 1829 953 3240 1896 743 1005 3042 1225 433 1873 2662 882 962 1756 4353 495 1247 5012 4294 409 450 1135 1640 4075 280
internal_value=-0.0122123 -0.00541862 -0.0217015 -0.0224166 -0.0184383 -0.00863835 -0.00198379 -0.0100545 -0.00514979 -0.00854227 -0.00759768 -0.004688 -0.0122891 -0.0233765 -0.0193185 -0.00430695 -0.0138434 -0.011006 -0.0139073 -0.00690715 -0.00763186 -0.0101664 -0.00544821 -0.0134124 -0.00974934 -0.00983483 -0.0138393 -0.00802457 -0.00360262 -0.00719269
internal_weight=93007 54202 38805 36928 7178 27977 26225 19899 8078 13720 11645 6282 3497 29750 3441 12702 2075 5363 2718 6182 1877 1382 10040 6179 1885 1332 1568 2645 5028 1505
internal_count=93007 54202 38805 36928 7178 27977 26225 19899 8078 13720 11645 6282 3497 29750 3441 12702 2075 5363 2718 6182 1877 1382 10040 6179 1885 1332 1568 2645 5028 1505
cat_boundaries=0 1 2 3 4 5 6 7 8 9 10 11
cat_threshold=1 852383 1 7484448 1 5256224 32776 2131520 622879 1 2436253
is_linear=0
shrinkage=0.05


Tree=79
num_leaves=31
num_cat=5
split_feature=18 18 17 17 2 3 3 1 17 2 3 4 3 1 3 3 4 3 3 18 13 3 2 3 3 4 4 21 3 3
split_gain=2413.39 239.742 157.984 55.8931 47.2677 95.3979 41.2196 29.0261 28.9732 28.9729 68.1463 28.7233 26.2254 24.6187 20.538 32.0539 19.1161 15.3146 25.8241 14.0946 13.7332 13.4897 13.3095 14.862 12.1999 11.8129 11.3441 10.6724 9.81992 9.6842
threshold=0.13903062045574191 0.47321428358554846 1.0000000180025095e-35 0.35714286565780645 0 81.500000000000014 47.500000000000007 1 0.35714286565780645 2 80.500000000000014 4.5000000000000009 43.500000000000007 3 73.500000000000014 84.500000000000014 4.5000000000000009 54.500000000000007 75.500000000000014 0.24362244457006457 0.95553359389305126 56.500000000000007 4 41.500000000000007 83.500000000000014 4.5000000000000009 4.5000000000000009 4.3887064456939706 46.500000000000007 75.500000000000014
decision_type=2 2 2 2 1 2 2 1 2 1 2 2 2 1 2 2 2 2 2 2 2 2 1 2 2 2 2 2 2 2
left_child=2 3 4 6 5 12 22 20 27 10 13 19 -1 -8 -6 -16 28 -11 21 -5 -3 -19 23 -2 -20 -15 -25 -4 -9 -14
right_child=1 7 8 11 14 -7 9 16 -10 17 -12 -13 29 25 15 -17 -18 18 24 -21 -22 -23 -24 26 -26 -27 -28 -29 -30 -31
leaf_value=0 0 0.0037177945411829786 0 0 0 0 0 0 0 0 0 2.9160421133241458e-05 0 0 0 0 2.9444000768796442e-05 0 0 0 0 0 0 0 0 0.0080319605270436269 0.022732334338609966 0 0 0
leaf_weight=1741 3731 5846 372 1138 25732 3649 2069 732 1213 1888 747 1886 914 3614 1378 1811 1853 724 2252 5036 11850 1341 1059 1225 457 636 165 1567 6062 403
leaf_count=1741 3731 5846 372 1138 25732 3649 2069 732 1213 1888 747 1886 914 3614 1378 1811 1853 724 2252 5036 11850 1341 1059 1225 457 636 165 1567 6062 403
internal_value=-0.0121475 -0.00534468 -0.0216748 -0.00856872 -0.0226241 -0.0188423 -0.00999096 -0.00192176 -0.0109454 -0.00846445 -0.00623408 -0.00505583 -0.0123283 -0.00454581 -0.0235011 -0.0197162 -0.00429421 -0.0108301 -0.0123377 -0.00670554 -0.00075963 -0.0165496 -0.0133819 -0.0123267 -0.00912698 -0.00234742 -0.00791367 -0.014737 -0.00552694 -0.00700456
internal_weight=93091 54311 38780 27968 35628 6707 19908 26343 3152 13728 7066 8060 3058 6319 28921 3189 8647 6662 4774 6174 17696 2065 6180 5121 2709 4250 1390 1939 6794 1317
internal_count=93091 54311 38780 27968 35628 6707 19908 26343 3152 13728 7066 8060 3058 6319 28921 3189 8647 6662 4774 6174 17696 2065 6180 5121 2709 4250 1390 1939 6794 1317
cat_boundaries=0 1 2 3 4 5
cat_threshold=1 3 1 8 1
is_linear=0
shrinkage=0.05


Tree=80
num_leaves=31
num_cat=11
split_feature=18 18 2 3 0 3 2 3 0 3 3 3 0 18 4 2 4 0 4 0 3 3 3 3 3 0 0 0 3 3
split_gain=2425.69 231.523 107.015 145.227 51.3776 51.1612 45.41 74.7915 51.3264 36.2575 36.0231 42.6788 24.8673 23.9911 21.7024 20.8438 19.0645 14.5884 14.3745 13.2951 13.2679 69.685 20.4261 11.4445 11.1549 9.91032 9.71388 8.92946 8.78164 8.77809
threshold=0.13903062045574191 0.48596936464309698 0 81.500000000000014 1 47.500000000000007 2 80.500000000000014 3 43.500000000000007 73.500000000000014 84.500000000000014 4 0.22576530277729037 4.5000000000000009 5 4.5000000000000009 6 4.5000000000000009 7 44.500000000000007 56.500000000000007 46.500000000000007 46.500000000000007 74.500000000000014 8 9 10 80.500000000000014 41.500000000000007
decision_type=2 2 1 2 1 2 1 2 1 2 2 2 1 2 2 1 2 1 2 1 2 2 2 2 2 1 1 1 2 2
left_child=2 5 3 9 27 12 7 8 16 -1 20 24 15 -8 23 29 25 -15 -9 -11 -4 22 -22 -6 -12 -7 -25 -3 -21 -2
right_child=1 4 10 -5 14 6 13 18 -10 19 11 -13 -14 17 -16 -17 -18 -19 -20 28 21 -23 -24 26 -26 -27 -28 -29 -30 -31
leaf_value=0 0 0.016262843045794142 0 0 0 0 0 0 4.7151031822880685e-07 0 0 0 0 0 -5.845713815567644e-05 0 -0.0018772065362287278 0 -3.6320098249269045e-06 2.3696610292218703e-05 0 0 0 0 0 0 0 -9.9536676158269597e-05 0 0
leaf_weight=2374 1838 2584 11890 3754 1249 1237 3505 725 4807 1403 462 1887 5464 1917 2494 584 909 3790 136 778 991 12811 1093 3599 1353 2625 4380 11832 114 519
leaf_count=2374 1838 2584 11890 3754 1249 1237 3505 725 4807 1403 462 1887 5464 1917 2494 584 909 3790 136 778 991 12811 1093 3599 1353 2625 4380 11832 114 519
internal_value=-0.0121832 -0.00534469 -0.0217078 -0.0167191 -0.00195883 -0.00849907 -0.00710269 -0.00484481 -0.0035759 -0.0108321 -0.0230861 -0.018463 -0.0117638 -0.00966131 -0.00441527 -0.00795493 -0.00724221 -0.00766164 -0.0189605 -0.00635076 -0.023725 -0.0227308 -0.0142514 -0.00553749 -0.012989 -0.00879078 -0.00484083 4.15916e-05 -0.00149667 -0.00588672
internal_weight=93104 54194 38910 8423 26138 28056 19651 10439 9578 4669 30487 3702 8405 9212 11722 2941 4771 5707 861 2295 26785 14895 2084 9228 1815 3862 7979 14416 892 2357
internal_count=93104 54194 38910 8423 26138 28056 19651 10439 9578 4669 30487 3702 8405 9212 11722 2941 4771 5707 861 2295 26785 14895 2084 9228 1815 3862 7979 14416 892 2357
cat_boundaries=0 1 2 3 4 5 6 7 8 9 10 11
cat_threshold=1 852447 1 7484448 885023 1 2369693 5389828 4198400 2131456 16
is_linear=0
shrinkage=0.05


Tree=81
num_leaves=31
num_cat=8
split_feature=18 18 17 0 17 2 7 4 0 17 4 2 7 0 18 18 7 21 4 7 9 17 19 0 4 0 4 2 7 19
split_gain=2431.58 234.112 155.317 57.413 53.233 45.4191 76.4794 33.9045 31.2612 31.0361 22.9352 18.6666 34.3423 16.2778 13.2477 10.208 9.94524 9.31752 9.15487 8.66319 8.37861 11.8227 8.09243 7.97241 7.99196 7.70154 7.16177 16.5194 12.844 8.82667
threshold=0.13903062045574191 0.47321428358554846 1.0000000180025095e-35 0 0.35714286565780645 1 27.10000038146973 4.5000000000000009 2 0.35714286565780645 4.5000000000000009 3 28.69999980926514 4 0.2704081684350968 0.23852040618658069 28.69999980926514 4.3887064456939706 1.5000000000000002 31.899999618530277 1.0000000180025095e-35 4.0714285373687753 1.000000059604645 5 4.5000000000000009 6 4.5000000000000009 7 25.10000038146973 1.0547766685485842
decision_type=2 2 2 1 2 1 2 2 1 2 2 1 2 1 2 2 2 2 2 2 2 2 2 1 2 1 2 1 2 2
left_child=2 4 5 20 8 6 -1 13 11 17 19 12 22 -6 -10 -15 -8 -4 -13 25 -3 26 -2 -11 -25 -5 -22 28 29 -28
right_child=1 3 9 10 7 -7 16 -9 14 23 -12 18 -14 15 -16 -17 -18 -19 -20 -21 21 -23 -24 24 -26 -27 27 -29 -30 -31
leaf_value=0 0 -0.00031451893897910027 0 0 0 0 0 3.501880234823456e-05 0 0.031394798006461631 -5.5534281247893173e-05 0 0 0 0 0 0 0 0 0 4.97683380791348e-06 0.067538847338001626 0 0 0.00012135845421814235 0 -0.0066272110649603783 -0.010433180191740922 0.03731135235432511 0.032944972965921797
leaf_weight=5185 1971 9427 375 2208 1830 28910 597 1911 5401 126 2481 974 2142 713 6465 3633 945 1572 2286 2050 3505 150 607 708 348 4968 117 311 999 36
leaf_count=5185 1971 9427 375 2208 1830 28910 597 1911 5401 126 2481 974 2142 713 6465 3633 945 1572 2286 2050 3505 150 607 708 348 4968 117 311 999 36
internal_value=-0.0121217 -0.00528144 -0.0216827 -0.00189128 -0.00846758 -0.0226205 -0.01892 -0.00504823 -0.00986093 -0.0110019 -0.0044956 -0.007403 -0.00540254 -0.00684909 -0.011498 -0.00514233 -0.00914397 -0.0148819 -0.0103221 -0.00564708 0.000207832 0.00183665 -0.00929015 -0.00461083 -0.00600375 -0.006466 0.00141908 0.00435748 0.00711806 -0.00637255
internal_weight=92951 54185 38766 26252 27933 35637 6727 8087 19846 3129 11707 7980 4720 6176 11866 4346 1542 1947 3260 9226 14545 5118 2578 1182 1056 7176 4968 1463 1152 153
internal_count=92951 54185 38766 26252 27933 35637 6727 8087 19846 3129 11707 7980 4720 6176 11866 4346 1542 1947 3260 9226 14545 5118 2578 1182 1056 7176 4968 1463 1152 153
cat_boundaries=0 1 2 3 4 5 6 7 8
cat_threshold=852447 1 592799 1 5256224 32896 2129920 1
is_linear=0
shrinkage=0.05


Tree=82
num_leaves=31
num_cat=7
split_feature=18 18 17 0 17 3 4 0 4 17 3 4 0 0 3 3 3 3 18 0 0 18 0 3 3 3 18 3 4 3
split_gain=2412.01 231.322 154.688 54.7292 52.4276 41.594 32.6691 26.6923 23.0344 20.3081 18.121 16.4998 13.7128 13.144 13.0578 12.8968 51.3521 16.5242 12.7434 11.7797 10.0785 9.11692 7.59886 7.423 29.762 22.6489 7.35186 7.31689 7.28997 7.80538
threshold=0.13903062045574191 0.47321428358554846 0.21428572386503222 0 0.35714286565780645 47.500000000000007 4.5000000000000009 1 4.5000000000000009 1.0000000180025095e-35 80.500000000000014 4.5000000000000009 2 3 46.500000000000007 44.500000000000007 56.500000000000007 46.500000000000007 0.3507653027772904 4 5 0.23852040618658069 6 84.500000000000014 73.500000000000014 81.500000000000014 0.25382652878761297 37.500000000000007 4.5000000000000009 35.500000000000007
decision_type=2 2 2 1 2 2 2 1 2 2 2 2 1 1 2 2 2 2 2 1 1 2 1 2 2 2 2 2 2 2
left_child=2 4 9 22 5 13 12 10 14 15 26 20 -6 28 -5 -1 17 -17 -9 -16 -4 -14 -3 24 -18 -26 -7 -10 -2 -30
right_child=1 3 11 8 6 7 -8 18 27 -11 -12 -13 21 -15 19 16 23 -19 -20 -21 -22 -23 -24 -25 25 -27 -28 -29 29 -31
leaf_value=0 0 0.0076891370760304948 0 0 0 0 3.3267862230822831e-05 0 -0.0045059628282134601 0 0 -0.00016369023566324665 0 0 0 0 0 0 0 0 0 0 -0.00035142719798079823 0 0 0 0 3.3671371700535094e-05 0 0
leaf_weight=13627 1465 3521 242 1252 2113 1754 1875 6480 60 1214 761 509 646 4293 4156 837 12934 939 2110 3857 1135 3433 10891 3904 1465 1972 2680 2423 149 275
leaf_count=13627 1465 3521 242 1252 2113 1754 1875 6480 60 1214 761 509 646 4293 4156 837 12934 939 2110 3857 1135 3433 10891 3904 1465 1972 2680 2423 149 275
internal_value=-0.0121875 -0.00537513 -0.0217082 -0.0019935 -0.00853071 -0.00990509 -0.00512892 -0.00837686 -0.00452458 -0.0224222 -0.00550913 -0.00774125 -0.00687984 -0.0133128 -0.00567458 -0.0226386 -0.0218913 -0.0137387 -0.010093 -0.00493261 -0.0105846 -0.00514184 7.28054e-05 -0.0226054 -0.0221382 -0.0180026 -0.00429635 -0.000251712 -0.00962349 -0.0154481
internal_weight=92972 54194 38778 26160 28034 19967 8067 13785 11748 36892 5195 1886 6192 6182 9265 35678 22051 1776 8590 8013 1377 4079 14412 20275 16371 3437 4434 2483 1889 424
internal_count=92972 54194 38778 26160 28034 19967 8067 13785 11748 36892 5195 1886 6192 6182 9265 35678 22051 1776 8590 8013 1377 4079 14412 20275 16371 3437 4434 2483 1889 424
cat_boundaries=0 1 2 3 4 5 6 7
cat_threshold=852447 592783 5258272 622879 2133504 2130052 80
is_linear=0
shrinkage=0.05


Tree=83
num_leaves=31
num_cat=12
split_feature=18 18 17 2 3 17 0 3 4 0 3 4 3 3 2 3 2 0 2 4 0 3 3 0 3 3 0 2 0 3
split_gain=2402.01 231.022 160.638 54.83 101.752 53.5921 50.1549 43.871 30.3343 26.7825 26.1792 26.1136 25.8437 34.1517 20.6484 16.4623 22.0557 17.5914 16.4651 15.7147 15.6402 13.7128 27.8717 13.1636 12.775 11.5782 10.9601 10.8923 10.4347 10.2689
threshold=0.13903062045574191 0.47831633687019354 0.21428572386503222 0 81.500000000000014 0.35714286565780645 1 47.500000000000007 4.5000000000000009 2 42.500000000000007 4.5000000000000009 73.500000000000014 84.500000000000014 3 80.500000000000014 4 5 6 4.5000000000000009 7 56.500000000000007 74.500000000000014 8 80.500000000000014 46.500000000000007 9 10 11 79.500000000000014
decision_type=2 2 2 1 2 2 1 2 2 1 2 2 2 2 1 2 1 1 1 2 1 2 2 1 2 2 1 1 1 2
left_child=2 5 3 4 10 7 -3 23 20 14 -1 25 -5 -14 24 16 17 -11 -17 28 -7 -18 -23 27 -9 -8 -27 -2 -4 -12
right_child=1 6 19 12 -6 8 11 9 -10 15 29 -13 13 -15 -16 18 21 -19 -20 -21 -22 22 -24 -25 -26 26 -28 -29 -30 -31
leaf_value=0 0 0.00014173169575132095 0 0 0 0 0 -2.3248675489901337e-05 2.4288066847626517e-05 0 0 3.1987803115508339e-05 0 0 0 0 0 -1.534763077634997e-05 0 0.00013455192852455928 0 0 0 0 0 0 0 0 0 0
leaf_weight=1942 1301 13488 259 26230 3688 900 1357 1983 1883 3284 1311 2648 1573 1867 1764 653 1858 1099 998 494 5332 815 1250 4533 82 4818 3821 362 1131 291
leaf_count=1942 1301 13488 259 26230 3688 900 1357 1983 1883 3284 1311 2648 1573 1867 1764 653 1858 1099 998 494 5332 815 1250 4533 82 4818 3821 362 1131 291
internal_value=-0.0121978 -0.00540255 -0.0216986 -0.0224256 -0.0185218 -0.00854985 -0.0020186 -0.00994145 -0.00512323 -0.00837081 -0.0124718 -0.00427928 -0.0233771 -0.0193023 -0.00477338 -0.00973964 -0.00884301 -0.00640543 -0.0143095 -0.00745754 -0.00680359 -0.0115664 -0.0143705 -0.0134361 -0.00139225 -0.00545218 -0.00477775 -0.00939928 -0.0101799 -0.00774032
internal_weight=93015 54229 38786 36902 7232 28097 26132 19982 8115 13786 3544 12644 29670 3440 3829 9957 8306 4383 1651 1884 6232 3923 2065 6196 2065 9996 8639 1663 1390 1602
internal_count=93015 54229 38786 36902 7232 28097 26132 19982 8115 13786 3544 12644 29670 3440 3829 9957 8306 4383 1651 1884 6232 3923 2065 6196 2065 9996 8639 1663 1390 1602
cat_boundaries=0 1 2 3 4 5 6 7 8 9 10 11 12
cat_threshold=1 852383 527244 1 1 7484448 1 4199424 622877 2133568 1 32902
is_linear=0
shrinkage=0.05


Tree=84
num_leaves=31
num_cat=10
split_feature=18 18 17 17 0 2 3 3 4 17 0 4 2 3 3 3 3 0 2 0 3 2 2 0 3 3 3 18 3 4
split_gain=2386.86 222.071 157.211 53.7919 49.6927 43.65 92.2356 42.7946 31.1326 28.0407 27.3894 25.0946 24.1021 27.3564 23.7502 21.8615 33.4116 15.3791 15.0882 17.7185 13.5128 19.6544 14.2032 13.1127 12.6892 20.6524 12.1226 11.2672 10.1376 10.3145
threshold=0.13903062045574191 0.48596936464309698 1.0000000180025095e-35 0.35714286565780645 0 1 81.500000000000014 47.500000000000007 4.5000000000000009 0.35714286565780645 2 4.5000000000000009 3 80.500000000000014 42.500000000000007 73.500000000000014 84.500000000000014 4 5 6 80.500000000000014 7 8 9 56.500000000000007 74.500000000000014 46.500000000000007 0.24362244457006457 42.500000000000007 4.5000000000000009
decision_type=2 2 2 2 1 1 2 2 2 2 1 2 1 2 2 2 2 1 1 1 2 1 1 1 2 2 2 2 2 2
left_child=2 3 5 7 -3 6 14 18 17 -4 12 26 13 -9 -1 -7 -17 -5 19 -2 21 23 -22 -12 -23 -26 -6 -19 -21 -30
right_child=1 4 9 8 11 15 -8 10 -10 -11 20 -13 -14 -15 -16 16 -18 27 -20 28 22 24 -24 -25 25 -27 -28 -29 29 -31
leaf_value=0 0 -1.9946097917855622e-05 0 0 0 0 0 -2.4731854725092664e-06 3.0390065776900367e-05 0 0 -1.7463488075082641e-05 0 0 0 0 0 0 0 0 0 0 0 0 0 0 0 0 0 0.021598173484751501
leaf_weight=1699 1475 13501 1919 1533 1393 25795 3685 2191 1886 1192 2563 2700 2329 175 1355 1402 1803 795 1054 2814 553 1666 837 1576 694 1117 8577 3927 732 90
leaf_count=1699 1475 13501 1919 1533 1393 25795 3685 2191 1886 1192 2563 2700 2329 175 1355 1402 1803 795 1054 2814 553 1666 837 1576 694 1117 8577 3927 732 90
internal_value=-0.0122114 -0.00542933 -0.0216692 -0.00852376 -0.0021178 -0.0226077 -0.0189828 -0.00992651 -0.00510072 -0.0108888 -0.00836983 -0.00436514 -0.00523379 -0.00169062 -0.0125573 -0.02345 -0.0195554 -0.00679856 -0.0133861 -0.0122628 -0.0099878 -0.00917148 -0.0145324 -0.00684344 -0.0119428 -0.0148399 -0.00552658 -0.00534658 -0.0141525 -0.00930657
internal_weight=93028 54178 38850 28007 26171 35739 6739 19866 8141 3111 13701 12670 4695 2366 3054 29000 3205 6255 6165 5111 9006 7616 1390 4139 3477 1811 9970 4722 3636 822
internal_count=93028 54178 38850 28007 26171 35739 6739 19866 8141 3111 13701 12670 4695 2366 3054 29000 3205 6255 6165 5111 9006 7616 1390 4139 3477 1811 9970 4722 3636 822
cat_boundaries=0 1 2 3 4 5 6 7 8 9 10
cat_threshold=852383 1 592781 1 5248032 1 622879 1 1 7353344
is_linear=0
shrinkage=0.05


Tree=85
num_leaves=31
num_cat=9
split_feature=18 18 17 2 3 0 17 3 0 4 2 3 3 3 3 4 0 4 3 2 0 18 0 0 3 4 3 3 3 3
split_gain=2403.25 223.175 156.973 56.8731 104.12 52.5691 51.9696 43.5745 28.4766 27.4938 27.0511 35.4337 25.9332 25.8095 36.7112 25.4262 17.4573 15.2529 14.5194 13.6906 17.7719 11.659 11.4824 11.3516 10.4005 12.8944 10.1875 9.97151 53.7724 14.3252
threshold=0.13903062045574191 0.47321428358554846 0.21428572386503222 0 81.500000000000014 1 0.35714286565780645 47.500000000000007 2 4.5000000000000009 3 80.500000000000014 43.500000000000007 73.500000000000014 84.500000000000014 4.5000000000000009 4 4.5000000000000009 46.500000000000007 5 6 0.26403062045574194 7 8 40.500000000000007 4.5000000000000009 79.500000000000014 44.500000000000007 56.500000000000007 46.500000000000007
decision_type=2 2 2 1 2 1 2 2 1 2 1 2 2 2 2 2 1 2 2 1 1 2 1 1 2 2 2 2 2 2
left_child=2 6 3 4 12 -3 7 19 10 16 11 -9 -1 27 -15 18 -8 22 -7 20 -2 -10 -4 -20 -22 -26 -14 -5 29 -29
right_child=1 5 17 13 -6 15 9 8 21 -11 -12 -13 26 14 -16 -17 -18 -19 23 -21 24 -23 -24 -25 25 -27 -28 28 -30 -31
leaf_value=0 0 0.00025841801023012144 0 0 0 0 0 1.7340278504378966e-06 0 2.1554160216400172e-05 0 0 0 0 0 -1.3587877715097255e-05 0 -2.2742936721071359e-05 0 0 0 0 0 0 0 0.018560114135884698 0 0 0 0
leaf_weight=2033 1494 13089 246 11897 3678 1452 2815 2343 3653 1876 2618 209 1227 1584 1889 2795 3347 492 5147 1059 2336 4877 1134 3821 1162 149 277 913 12582 910
leaf_count=2033 1494 13089 246 11897 3678 1452 2815 2343 3653 1876 2618 209 1227 1584 1889 2795 3347 492 5147 1059 2336 4877 1134 3821 1162 149 277 913 12582 910
internal_value=-0.0121939 -0.00539434 -0.0216844 -0.0223993 -0.0184165 -0.00208904 -0.00850634 -0.00987688 -0.00830292 -0.00511321 -0.00533784 -0.00168495 -0.0122915 -0.0233644 -0.0193133 -0.00431191 -0.00672671 -0.00755876 -0.00545106 -0.0133548 -0.0122885 -0.010082 -0.0102536 -0.00470004 -0.0141851 -0.0106598 -0.00731383 -0.0238993 -0.0230146 -0.014989
internal_weight=93104 54242 38862 36990 7215 26304 27938 19900 13700 8038 5170 2552 3537 29775 3473 13215 6162 1872 10420 6200 5141 8530 1380 8968 3647 1311 1504 26302 14405 1823
internal_count=93104 54242 38862 36990 7215 26304 27938 19900 13700 8038 5170 2552 3537 29775 3473 13215 6162 1872 10420 6200 5141 8530 1380 8968 3647 1311 1504 26302 14405 1823
cat_boundaries=0 1 2 3 4 5 6 7 8 9
cat_threshold=1 328095 592783 1 820191 1 622879 2130052 2657856
is_linear=0
shrinkage=0.05


Tree=86
num_leaves=31
num_cat=10
split_feature=18 18 17 0 2 3 17 4 3 3 3 3 3 4 0 2 0 2 4 3 21 3 18 0 3 2 2 0 3 3
split_gain=2400.19 218.944 159.646 64.333 53.9033 100.4 45.5441 34.764 30.1481 26.6455 26.3605 23.2092 32.6349 21.9645 21.5781 22.3993 18.4203 17.7367 16.2031 14.1016 17.3399 13.614 12.7282 11.1067 10.74 16.3186 11.334 11.3183 10.9286 22.8779
threshold=0.13903062045574191 0.39897958934307104 0.21428572386503222 0 1 81.500000000000014 0.21428572386503222 4.5000000000000009 47.500000000000007 46.500000000000007 42.500000000000007 73.500000000000014 84.500000000000014 4.5000000000000009 2 3 4 5 4.5000000000000009 38.500000000000007 4.3299646377563485 80.500000000000014 0.45280611515045172 6 80.500000000000014 7 8 9 56.500000000000007 74.500000000000014
decision_type=2 2 2 1 1 2 2 2 2 2 2 2 2 2 1 1 1 1 2 2 2 2 2 1 2 1 1 1 2 2
left_child=2 6 4 22 5 10 8 9 -2 -5 -1 -6 -13 16 15 21 -8 19 23 -9 -21 -10 -3 -4 25 27 -26 -16 -27 -30
right_child=1 3 18 7 11 -7 13 17 14 -11 -12 12 -14 -15 24 -17 -18 -19 -20 20 -22 -23 -24 -25 26 28 -28 -29 29 -31
leaf_value=0 0 0 0.029825058106138554 0 0 0 0 -0.00037742073783388221 1.6473264579160018e-06 0 0 0 0 -0.00048447333279308348 0.0052051213094699489 0 0 0 0.00012896147893438488 -0.0030296171977206941 0.0055305001296079188 0 0.00011895510278541744 0 0 0 0 0 0 0
leaf_weight=1940 4621 2102 127 2176 26339 3693 2876 153 1235 11783 1583 1541 1867 1354 426 1332 2708 930 504 1047 1707 78 13209 1276 535 1225 730 2333 739 872
leaf_count=1940 4621 2102 127 2176 26339 3693 2876 153 1235 11783 1583 1541 1867 1354 426 1332 2708 930 504 1047 1707 78 13209 1276 535 1225 730 2333 739 872
internal_value=-0.0122175 -0.0054148 -0.021698 -0.0028793 -0.0224258 -0.0185491 -0.00939992 -0.0049225 -0.0110293 -0.00608389 -0.0125106 -0.0233662 -0.0194836 -0.00608244 -0.00941873 -0.00550847 -0.00746777 -0.00071019 -0.00759046 0.00121259 0.00203341 -0.000894897 -0.000500946 -0.0103528 -0.0109025 -0.00997766 -0.0150791 -0.00723994 -0.012641 -0.0153476
internal_weight=93041 54171 38870 33107 36963 7216 21064 17796 14126 13959 3523 29747 3408 6938 9505 2645 5584 3837 1907 2907 2754 1313 15311 1403 6860 5595 1265 2759 2836 1611
internal_count=93041 54171 38870 33107 36963 7216 21064 17796 14126 13959 3523 29747 3408 6938 9505 2645 5584 3837 1907 2907 2754 1313 15311 1403 6860 5595 1265 2759 2836 1611
cat_boundaries=0 1 2 3 4 5 6 7 8 9 10
cat_threshold=328095 1 527244 1 7500896 1 32772 1 1 360515
is_linear=0
shrinkage=0.05


Tree=87
num_leaves=31
num_cat=9
split_feature=18 18 17 0 2 3 17 4 3 3 3 3 3 4 0 2 3 0 2 4 18 0 21 3 2 0 3 3 3 18
split_gain=2404.55 223.904 157.79 66.7315 53.0017 100.357 41.9893 33.1429 29.3823 26.1053 35.6915 26.0296 25.9881 25.0643 23.6644 22.3868 18.8791 17.4047 16.6025 14.7214 13.7437 12.1748 11.7761 10.48 13.9301 10.387 10.0457 53.4761 15.4948 9.47736
threshold=0.13903062045574191 0.36096936464309698 0.21428572386503222 0 1 81.500000000000014 0.21428572386503222 4.5000000000000009 47.500000000000007 73.500000000000014 84.500000000000014 46.500000000000007 42.500000000000007 4.5000000000000009 2 3 80.500000000000014 4 5 4.5000000000000009 0.48596936464309698 6 4.307037591934205 80.500000000000014 7 8 44.500000000000007 56.500000000000007 46.500000000000007 0.23852040618658069
decision_type=2 2 2 1 1 2 2 2 2 2 2 2 2 2 1 1 2 1 1 2 2 1 2 2 1 1 2 2 2 2
left_child=2 6 4 20 5 12 8 11 -2 26 -11 -5 -1 17 15 16 -10 -8 22 21 -3 -4 -9 24 -16 -13 -6 28 -28 -19
right_child=1 3 19 7 9 -7 13 18 14 10 -12 25 -14 -15 23 -17 -18 29 -20 -21 -22 -23 -24 -25 -26 -27 27 -29 -30 -31
leaf_value=0 0 0 0.038298399665048319 0 0 0 0 -0.0045974764636571401 0 0 0 0 0 -0.0004436291565353452 0 0 0 0 0 -0.00029438575249468433 0.00011432142931742663 0 0.0025000635380725668 0 0 0 0 0 0 0
leaf_weight=1955 4541 2721 125 2167 11838 3684 2099 271 1543 1557 1860 7305 1586 1334 2430 1798 129 792 915 506 13441 1253 2486 1099 2491 4418 926 12605 884 2203
leaf_count=1955 4541 2721 125 2167 11838 3684 2099 271 1543 1557 1860 7305 1586 1334 2430 1798 129 792 915 506 13441 1253 2486 1099 2491 4418 926 12605 884 2203
internal_value=-0.0121991 -0.00539607 -0.0217044 -0.0028926 -0.0224251 -0.0185848 -0.0095227 -0.00502504 -0.0110559 -0.0233603 -0.0192493 -0.00614471 -0.0125741 -0.0061761 -0.00947313 -0.00612069 -0.00197368 -0.00777385 -0.000803377 -0.00759023 -0.000571976 -0.0102685 0.00113348 -0.0113765 -0.0104095 -0.00521411 -0.0238954 -0.023009 -0.0149724 -0.00526622
internal_weight=92962 54183 38779 33724 36895 7225 20459 17562 14031 29670 3417 13890 3541 6428 9490 3470 1672 5094 3672 1884 16162 1378 2757 6020 4921 11723 26253 14415 1810 2995
internal_count=92962 54183 38779 33724 36895 7225 20459 17562 14031 29670 3417 13890 3541 6428 9490 3470 1672 5094 3672 1884 16162 1378 2757 6020 4921 11723 26253 14415 1810 2995
cat_boundaries=0 1 2 3 4 5 6 7 8 9
cat_threshold=852383 1 723852 1 5272672 1 32772 1 2141760
is_linear=0
shrinkage=0.05


Tree=88
num_leaves=31
num_cat=5
split_feature=18 18 17 17 3 2 3 4 17 1 2 3 1 3 3 3 18 4 2 3 4 4 3 18 3 13 3 4 17 3
split_gain=2366.95 230.066 158.617 54.6108 44.0857 44.0577 93.9264 37.0318 31.3915 27.2675 26.163 66.6402 25.0492 24.6328 21.5951 33.5894 16.1679 15.5402 13.4409 13.2887 14.4403 12.4253 12.3864 11.3869 11.0557 11.3872 9.83061 9.74988 14.7229 9.21786
threshold=0.13903062045574191 0.47321428358554846 1.0000000180025095e-35 0.35714286565780645 47.500000000000007 0 81.500000000000014 4.5000000000000009 0.35714286565780645 1 2 80.500000000000014 3 44.500000000000007 73.500000000000014 84.500000000000014 0.26403062045574194 4.5000000000000009 4 40.500000000000007 4.5000000000000009 4.5000000000000009 79.500000000000014 0.24362244457006457 45.500000000000007 1.0425724387168886 46.500000000000007 5.5000000000000009 1.214285731315613 79.500000000000014
decision_type=2 2 2 2 2 1 2 2 2 1 1 2 1 2 2 2 2 2 1 2 2 2 2 2 2 2 2 2 2 2
left_child=2 3 5 4 18 6 13 23 -4 22 11 12 -6 -1 -7 -16 -12 26 19 -2 -21 -14 24 -5 -3 27 -11 -26 -29 -15
right_child=1 9 8 7 10 14 -8 -9 -10 17 16 -13 21 29 15 -17 -18 -19 -20 20 -22 -23 -24 -25 25 -27 -28 28 -30 -31
leaf_value=0 0 -0.0010145643072794709 0 0 0 0 0 7.4197978943656791e-05 0 0 0 0 0 0 0 0 0 -6.2265666928571642e-05 0 0 0.020507187867848196 0.0068124633201859077 -0.0019137986434675199 0 0.00034898323217341935 -0.00031949577278701379 0 -0.00065961812955305594 0.059645542201686275 0
leaf_weight=1812 3386 3083 1927 1122 2079 25579 3648 1871 1181 741 3241 732 3602 1019 1385 1822 3400 1853 1065 1517 212 647 810 5017 10328 2491 6084 481 478 235
leaf_count=1812 3386 3083 1927 1122 2079 25579 3648 1871 1181 741 3241 732 3602 1019 1385 1822 3400 1853 1065 1517 212 647 810 5017 10328 2491 6084 481 478 235
internal_value=-0.0122119 -0.00547659 -0.0216743 -0.00864168 -0.010046 -0.0226225 -0.0189753 -0.00515605 -0.010843 -0.00212627 -0.00846471 -0.00634561 -0.00469343 -0.0125245 -0.0234732 -0.0196056 -0.0107175 -0.00441989 -0.0135518 -0.0124878 -0.00892134 -0.00247124 -0.000996833 -0.0070329 -0.000707253 -0.000101611 -0.00552747 0.000573669 0.00539625 -0.00713716
internal_weight=92848 54240 38608 27891 19881 35500 6714 8010 3108 26349 13701 7060 6328 3066 28786 3207 6641 8678 6180 5115 1729 4249 17671 6139 16861 13778 6825 11287 959 1254
internal_count=92848 54240 38608 27891 19881 35500 6714 8010 3108 26349 13701 7060 6328 3066 28786 3207 6641 8678 6180 5115 1729 4249 17671 6139 16861 13778 6825 11287 959 1254
cat_boundaries=0 1 2 3 4 5
cat_threshold=1 3 1 8 1
is_linear=0
shrinkage=0.05


Tree=89
num_leaves=31
num_cat=9
split_feature=18 18 17 2 3 17 0 3 4 2 3 0 3 3 3 4 3 3 0 0 4 3 0 2 0 3 3 3 3 3
split_gain=2462.14 262.917 153.388 55.9352 101.542 51.062 48.9008 44.2074 31.5803 29.5529 67.6182 35.3553 27.0949 25.5092 35.1631 17.0676 15.4359 26.7667 15.1439 15.0777 14.1397 14.008 12.8651 12.3291 12.2849 15.3628 10.8648 10.065 54.2108 16.058
threshold=0.13903062045574191 0.47321428358554846 0.21428572386503222 0 81.500000000000014 0.35714286565780645 1 47.500000000000007 4.5000000000000009 2 80.500000000000014 3 43.500000000000007 73.500000000000014 84.500000000000014 4.5000000000000009 54.500000000000007 75.500000000000014 4 5 4.5000000000000009 56.500000000000007 6 7 8 83.500000000000014 46.500000000000007 44.500000000000007 56.500000000000007 46.500000000000007
decision_type=2 2 2 1 2 2 1 2 2 1 2 1 2 2 2 2 2 2 1 1 2 2 1 1 1 2 2 2 2 2
left_child=2 5 3 4 12 7 15 18 19 10 11 -9 -1 27 -15 26 -11 21 23 -7 22 -18 -4 -2 -19 -26 -3 -5 29 -29
right_child=1 6 20 13 -6 8 -8 9 -10 16 -12 -13 -14 14 -16 -17 17 24 -20 -21 -22 -23 -24 -25 25 -27 -28 28 -30 -31
leaf_value=0 0 0 0 0 0 0 -1.744916160867097e-05 0 3.7247060760305618e-05 0 0 -1.4580249237532471e-05 0 0 0 -6.8926353221183216e-05 0 0 0 0 -0.00027966646486995013 0 0 0 0 0 0 0 0 0
leaf_weight=2010 1455 828 287 11824 3696 1841 17172 3268 1861 1895 729 3102 1527 1580 1857 1962 733 1114 4270 4336 480 1353 1098 398 1270 332 6250 913 12679 896
leaf_count=2010 1455 828 287 11824 3696 1841 17172 3268 1861 1895 729 3102 1527 1580 1857 1962 733 1114 4270 4336 480 1353 1098 398 1270 332 6250 913 12679 896
internal_value=-0.0120925 -0.00520362 -0.0216986 -0.0224041 -0.0184605 -0.00857656 -0.00160613 -0.00993398 -0.00521274 -0.00836474 -0.00611706 -0.00446625 -0.0124046 -0.023363 -0.0193119 -0.00458011 -0.0107473 -0.0122553 -0.0134697 -0.00693298 -0.00770777 -0.0165149 -0.0102708 -0.00948739 -0.0089838 -0.00604839 -0.00572902 -0.0238921 -0.0230087 -0.0149116
internal_weight=93016 54169 38847 36982 7233 27957 26212 19919 8038 13796 7099 6370 3537 29749 3437 9040 6697 4802 6123 6177 1865 2086 1385 1853 2716 1602 7078 26312 14488 1809
internal_count=93016 54169 38847 36982 7233 27957 26212 19919 8038 13796 7099 6370 3537 29749 3437 9040 6697 4802 6123 6177 1865 2086 1385 1853 2716 1602 7078 26312 14488 1809
cat_boundaries=0 1 2 3 4 5 6 7 8 9
cat_threshold=1 7372352 1 7484448 622879 5256224 2195588 1 1220288
is_linear=0
shrinkage=0.05


Tree=90
num_leaves=31
num_cat=8
split_feature=18 18 17 17 0 2 3 3 4 2 3 0 3 17 3 3 4 2 0 3 3 0 3 3 0 21 3 4 3 3
split_gain=2459.26 257.458 156.556 54.8694 48.1769 45.4796 94.5984 45.278 33.3603 31.0052 68.5647 38.1961 28.6332 26.7481 22.9393 33.9616 17.9926 14.949 14.9526 14.8383 26.4929 14.7101 14.4765 12.1005 15.9031 11.1594 10.8161 12.361 9.62275 9.54222
threshold=0.13903062045574191 0.47321428358554846 1.0000000180025095e-35 0.35714286565780645 0 1 81.500000000000014 47.500000000000007 4.5000000000000009 2 80.500000000000014 3 43.500000000000007 0.35714286565780645 73.500000000000014 84.500000000000014 4.5000000000000009 4 5 54.500000000000007 75.500000000000014 6 56.500000000000007 83.500000000000014 7 4.3887064456939706 40.500000000000007 4.5000000000000009 46.500000000000007 79.500000000000014
decision_type=2 2 2 2 1 1 2 2 2 1 2 1 2 2 2 2 2 1 1 2 2 1 2 2 1 2 2 2 2 2
left_child=2 3 5 7 16 6 12 17 21 10 11 -9 -1 25 -7 -16 28 18 -2 -11 22 -5 -21 24 -22 -4 -20 -28 -3 -14
right_child=1 4 13 8 -6 14 -8 9 -10 19 -12 -13 29 -15 15 -17 -18 -19 26 20 23 -23 -24 -25 -26 -27 27 -29 -30 -31
leaf_value=0 0 0 0 0 -1.6576703528237422e-05 0 0 0 6.1309324686803477e-05 0 0 -1.3851236775655848e-05 0 0 0 0 -5.5706065921083911e-05 0 0 0 0 0 0 0 0 0 0 0.016642712981437893 0 0
leaf_weight=1751 1460 816 366 1519 17175 25724 3666 3256 1898 1891 720 3063 1072 1184 1375 1790 1935 1046 2331 717 1030 4688 1322 464 1226 1547 1161 150 6245 229
leaf_count=1751 1460 816 366 1519 17175 25724 3666 3256 1898 1891 720 3063 1072 1184 1375 1790 1935 1046 2331 717 1030 4688 1322 464 1226 1547 1161 150 6245 229
internal_value=-0.0120487 -0.00516558 -0.0216722 -0.00850333 -0.00160196 -0.02261 -0.0189044 -0.00991959 -0.00503701 -0.00831872 -0.00600582 -0.00434009 -0.0124017 -0.0108896 -0.0234717 -0.019455 -0.00456362 -0.0134841 -0.0123677 -0.0107669 -0.0122557 -0.00681086 -0.0165645 -0.00902574 -0.0075133 -0.0145452 -0.0141019 -0.0105072 -0.00573927 -0.00678324
internal_weight=92817 54113 38704 27942 26171 35607 6718 19837 8105 13689 7039 6319 3052 3097 28889 3165 8996 6148 5102 6650 4759 6207 2039 2720 2256 1913 3642 1311 7061 1301
internal_count=92817 54113 38704 27942 26171 35607 6718 19837 8105 13689 7039 6319 3052 3097 28889 3165 8996 6148 5102 6650 4759 6207 2039 2720 2256 1913 3642 1311 7061 1301
cat_boundaries=0 1 2 3 4 5 6 7 8
cat_threshold=7372352 1 1 7484448 1 622879 5248032 1744448
is_linear=0
shrinkage=0.05


Tree=91
num_leaves=31
num_cat=9
split_feature=18 18 17 2 3 3 2 3 0 0 3 17 3 3 5 5 18 0 5 5 0 5 3 3 2 0 3 0 3 3
split_gain=2477.57 259.638 157.263 54.2639 98.1935 52.7156 45.0259 73.3608 54.0786 44.6761 28.2527 27.4036 24.6852 33.7354 21.3697 20.1827 19.9789 18.9557 17.7498 15.248 15.0493 14.8738 12.1608 11.7689 11.2069 14.7584 11.0053 10.609 10.2659 56.3431
threshold=0.13903062045574191 0.47321428358554846 0.21428572386503222 0 81.500000000000014 47.500000000000007 1 80.500000000000014 2 3 43.500000000000007 0.21428572386503222 73.500000000000014 84.500000000000014 1.0000000180025095e-35 1.0000000180025095e-35 0.22576530277729037 4 1.0000000180025095e-35 1.0000000180025095e-35 5 1.0000000180025095e-35 46.500000000000007 79.500000000000014 6 7 53.500000000000007 8 44.500000000000007 56.500000000000007
decision_type=2 2 2 1 2 2 1 2 1 1 2 2 2 2 2 2 2 1 2 2 1 2 2 2 1 1 2 1 2 2
left_child=2 5 3 4 10 11 7 8 15 18 -1 24 28 -14 17 -7 -8 -13 22 -9 -18 27 -3 -12 25 -2 -22 -4 -5 -30
right_child=1 9 21 12 -6 6 16 19 -10 -11 23 14 13 -15 -16 -17 20 -19 -20 -21 26 -23 -24 -25 -26 -27 -28 -29 29 -31
leaf_value=0 0 0 0 0 0 0 0 0 3.0689007585754174e-06 -1.5747868351825551e-05 0 0 0 0 0.0042908832849750727 -0.0017528047510414074 0 0 -2.9289407070065556e-05 -3.4504093336805591e-06 0 -0.0002656831416264526 0 0 0 0 0 0 0 0
leaf_weight=2005 1185 828 253 11853 3676 3877 3461 713 4764 17243 1226 696 1577 1868 557 926 1211 1473 1935 135 1343 487 6231 288 1001 3465 3162 1133 1788 12628
leaf_count=2005 1185 828 253 11853 3676 3877 3461 713 4764 17243 1226 696 1577 1868 557 926 1211 1473 1935 135 1343 487 6231 288 1001 3465 3162 1133 1788 12628
internal_value=-0.0120532 -0.0051498 -0.0217021 -0.0224193 -0.0185233 -0.00850138 -0.00708197 -0.00483197 -0.00358263 -0.00157697 -0.0125533 -0.0118211 -0.0233627 -0.0193832 -0.0077036 -0.00731872 -0.0096355 -0.00994698 -0.00443136 -0.0189269 -0.00782015 -0.00756807 -0.00559924 -0.00739762 -0.0138073 -0.0127742 -0.00643965 -0.0102092 -0.0238846 -0.0229883
internal_weight=92988 54206 38782 36909 7195 27969 19592 10415 9567 26237 3519 8377 29714 3445 2726 4803 9177 2169 8994 848 5716 1873 7059 1514 5651 4650 4505 1386 26269 14416
internal_count=92988 54206 38782 36909 7195 27969 19592 10415 9567 26237 3519 8377 29714 3445 2726 4803 9177 2169 8994 848 5716 1873 7059 1514 5651 4650 4505 1386 26269 14416
cat_boundaries=0 1 2 3 4 5 6 7 8 9
cat_threshold=1 1 7484448 7372352 327967 1216576 1 622877 32902
is_linear=0
shrinkage=0.05


Tree=92
num_leaves=31
num_cat=9
split_feature=18 18 17 2 3 17 0 3 4 3 0 2 3 3 3 4 2 0 4 0 18 17 3 3 3 3 2 0 3 3
split_gain=2472.47 261.431 153.284 53.829 100.153 53.0664 45.6564 44.219 31.8646 29.5753 29.4886 26.9398 36.4279 24.0111 33.2539 15.864 14.8127 17.9018 14.7562 14.2288 12.3989 11.3216 10.397 55.6726 15.9094 10.164 9.73716 9.74304 9.49164 9.17145
threshold=0.13903062045574191 0.47321428358554846 0.21428572386503222 0 81.500000000000014 0.35714286565780645 1 47.500000000000007 4.5000000000000009 42.500000000000007 2 3 80.500000000000014 73.500000000000014 84.500000000000014 4.5000000000000009 4 5 4.5000000000000009 6 0.34311223030090338 0.6428571641445161 44.500000000000007 56.500000000000007 46.500000000000007 79.500000000000014 7 8 46.500000000000007 74.500000000000014
decision_type=2 2 2 1 2 2 1 2 2 2 1 1 2 2 2 2 1 1 2 1 2 2 2 2 2 2 1 1 2 2
left_child=2 5 3 4 9 7 15 16 19 -1 11 12 -9 22 29 28 17 -2 21 -7 -12 -4 -5 24 -24 -11 -8 -28 -3 -15
right_child=1 6 18 13 -6 8 26 10 -10 25 20 -13 -14 14 -16 -17 -18 -19 -20 -21 -22 -23 23 -25 -26 -27 27 -29 -30 -31
leaf_value=0 0 0 0 0 0 0 5.3216902038410241e-05 2.833089397750846e-06 5.8243858452463294e-05 0 0 0 0 0 0 -6.6343863551996659e-05 0 0 -0.00025239898454512997 0 0 0 0 0 0 0 -0.0012147102550448192 -0.0003010322974732264 0 0
leaf_weight=1942 1338 824 1101 11871 3707 2416 13869 2345 1882 1319 6442 2623 213 442 1852 1925 1048 3793 499 3804 2138 327 911 12548 906 278 773 2594 6224 1118
leaf_count=1942 1338 824 1101 11871 3707 2416 13869 2345 1882 1319 6442 2623 213 442 1852 1925 1048 3793 499 3804 2138 327 911 12548 906 278 773 2594 6224 1118
internal_value=-0.0120665 -0.00517272 -0.0217002 -0.0224183 -0.0185551 -0.00852828 -0.00158247 -0.00991474 -0.00511602 -0.0125389 -0.00833697 -0.00532171 -0.001681 -0.0233625 -0.0194168 -0.00447234 -0.0134285 -0.0123222 -0.00795278 -0.00684084 -0.0101397 -0.0105392 -0.0238756 -0.0229708 -0.0147909 -0.00749843 -7.53798e-05 -0.00248738 -0.00557605 -0.0140385
internal_weight=93072 54251 38821 36894 7246 28042 26209 19940 8102 3539 13761 5181 2558 29648 3412 8973 6179 5131 1927 6220 8580 1428 26236 14365 1817 1597 17236 3367 7048 1560
internal_count=93072 54251 38821 36894 7246 28042 26209 19940 8102 3539 13761 5181 2558 29648 3412 8973 6179 5131 1927 6220 8580 1428 26236 14365 1817 1597 17236 3367 7048 1560
cat_boundaries=0 1 2 3 4 5 6 7 8 9
cat_threshold=1 7372352 592783 1 1 622877 5305376 1 622720
is_linear=0
shrinkage=0.05


Tree=93
num_leaves=31
num_cat=9
split_feature=17 2 3 16 3 3 3 0 0 3 3 3 4 0 3 4 2 0 0 4 4 3 0 4 3 4 9 3 7 0
split_gain=1257.07 701.798 446.276 209.86 182.411 111.917 103.55 78.6832 69.1442 52.0373 208.776 49.673 48.2425 33.0545 24.2805 20.0426 19.9557 16.9833 16.444 16.1538 15.6927 24.7252 14.4168 14.0977 10.5542 9.88716 9.74243 9.23326 8.36829 7.15816
threshold=0.21428572386503222 0 80.500000000000014 1.0000000180025095e-35 42.500000000000007 74.500000000000014 84.500000000000014 1 2 44.500000000000007 56.500000000000007 47.500000000000007 4.5000000000000009 3 46.500000000000007 4.5000000000000009 4 5 6 4.5000000000000009 4.5000000000000009 36.500000000000007 7 5.5000000000000009 46.500000000000007 4.5000000000000009 1.0000000180025095e-35 81.500000000000014 31.10000038146973 8
decision_type=2 1 2 2 2 2 2 1 1 2 2 2 2 1 2 2 1 1 1 2 2 2 1 2 2 2 2 2 2 1
left_child=1 2 4 5 13 9 -7 19 16 -3 11 25 14 20 -10 17 23 -9 -16 -6 -1 -22 -5 28 -18 -11 -17 -4 -2 -26
right_child=8 3 27 22 7 6 -8 15 12 10 -12 -13 -14 -15 18 26 24 -19 -20 -21 21 -23 -24 -25 29 -27 -28 -29 -30 -31
leaf_value=0 -6.8197358028206447e-06 0 0 0 0 0 0 0 0 0 0 0 -0.00021457003044791369 0 0 0.0016867076042839935 0 1.5802630211866873e-05 0 -0.0057396175949224366 0 0.022514372359724755 0 0.019515826281272422 0 0 0.020168251063543127 0 0.0025109104050743541 0
leaf_weight=1498 6652 11763 583 1339 4074 3496 1988 2806 1819 1396 13778 2902 3226 4542 1455 681 137 5208 7183 682 373 142 1687 994 1885 543 778 4123 3466 1690
leaf_count=1498 6652 11763 583 1339 4074 3496 1988 2806 1819 1396 13778 2902 3226 4542 1455 681 137 5208 7183 682 373 142 1687 994 1885 543 778 4123 3466 1690
internal_value=-0.0120168 -0.0158872 -0.009439 -0.0201134 -0.0062909 -0.0211802 -0.0146061 -0.0031116 -0.00327551 -0.0223669 -0.0207221 -0.0117899 -0.00583692 -0.0131922 -0.0074902 -0.000471897 -0.000906701 -0.00145371 -0.00638458 -0.00835082 -0.00772368 -0.0152913 -0.00746861 0.000152988 -0.00408136 -0.0179861 0.00491775 -0.0233425 -0.000405218 -0.00355944
internal_weight=92889 64382 25490 38892 20784 35866 5484 14229 28507 30382 18619 4841 13683 6555 10457 9473 14824 8014 8638 4756 2013 515 3026 11112 3712 1939 1459 4706 10118 3575
internal_count=92889 64382 25490 38892 20784 35866 5484 14229 28507 30382 18619 4841 13683 6555 10457 9473 14824 8014 8638 4756 2013 515 3026 11112 3712 1939 1459 4706 10118 3575
cat_boundaries=0 1 2 3 4 5 6 7 8 9
cat_threshold=1 5258240 885151 360763 1 2768960 5246976 2498621 262173
is_linear=0
shrinkage=0.05


Tree=94
num_leaves=31
num_cat=11
split_feature=18 18 17 17 2 3 0 3 3 2 0 3 0 4 3 3 2 2 3 3 4 3 3 2 3 0 4 0 0 3
split_gain=2497.45 259.76 167.074 68.9215 53.9124 101.317 46.5717 44.4063 30.9552 47.1857 36.0402 28.7132 27.3828 27.0145 26.7262 35.6817 21.3733 20.1233 17.3219 37.8508 17.312 11.7723 11.7496 11.5851 14.4586 11.3507 11.2031 14.8547 11.0178 10.4415
threshold=0.13903062045574191 0.47321428358554846 0.21428572386503222 0.21428572386503222 0 81.500000000000014 1 47.500000000000007 80.500000000000014 2 3 42.500000000000007 4 4.5000000000000009 73.500000000000014 84.500000000000014 5 6 56.500000000000007 74.500000000000014 4.5000000000000009 79.500000000000014 47.500000000000007 7 44.500000000000007 8 4.5000000000000009 9 10 44.500000000000007
decision_type=2 2 2 2 1 2 1 2 2 1 1 2 1 2 2 2 1 1 2 2 2 2 2 1 2 1 2 1 1 2
left_child=2 3 4 7 5 11 20 23 9 10 -9 -1 17 22 29 -16 -10 -5 -11 -20 -3 -13 -14 24 25 -2 27 -4 -24 -6
right_child=1 6 26 12 14 -7 -8 8 16 18 -12 21 13 -15 15 -17 -18 -19 19 -21 -22 -23 28 -25 -26 -27 -28 -29 -30 -31
leaf_value=0 0 0 3.4098679014103224e-07 3.4098679014103224e-07 0 0 9.1139939427048268e-08 0 0 0 -1.3312119974801827e-05 0 0 -0.00074909717521692094 0 0 0 0 0 0 -4.2348737549443132e-05 0 0 0 0 0 -0.00022905053379547775 0 0 0
leaf_weight=1948 1559 7070 276 1974 11888 3715 17306 2939 724 2357 2795 1296 1299 1411 1590 1853 1207 1281 949 1612 1960 283 619 990 454 2624 498 1139 3123 14424
leaf_count=1948 1559 7070 276 1974 11888 3715 17306 2939 724 2357 2795 1296 1299 1411 1590 1853 1207 1281 949 1612 1960 283 619 990 454 2624 498 1139 3123 14424
internal_value=-0.0119948 -0.00506193 -0.0216615 -0.00842229 -0.0224065 -0.0185377 -0.00149985 -0.0102361 -0.008585 -0.0075291 -0.00444716 -0.0124681 -0.00501957 -0.00690189 -0.0233482 -0.0192056 -0.0144096 -0.0012634 -0.0111224 -0.0139692 -0.00440819 -0.00745725 -0.00862428 -0.0139284 -0.0128801 -0.0137999 -0.00725301 -0.00952297 -0.00720203 -0.0238902
internal_weight=93163 54253 38910 27917 36997 7242 26336 18210 12583 10652 5734 3527 9707 6452 29755 3443 1931 3255 4918 2561 9030 1579 5041 5627 4637 4183 1913 1415 3742 26312
internal_count=93163 54253 38910 27917 36997 7242 26336 18210 12583 10652 5734 3527 9707 6452 29755 3443 1931 3255 4918 2561 9030 1579 5041 5627 4637 4183 1913 1415 3742 26312
cat_boundaries=0 1 2 3 4 5 6 7 8 9 10 11
cat_threshold=1 7372352 1 7484448 852383 1 1 1 885055 557444 4198400
is_linear=0
shrinkage=0.05


Tree=95
num_leaves=31
num_cat=8
split_feature=18 18 2 3 0 0 2 3 3 3 3 7 3 4 2 3 0 3 4 0 3 3 3 4 3 0 3 3 3 4
split_gain=2493.71 251.664 115.033 156.499 52.069 51.1649 39.2073 36.7665 44.0592 35.6747 32.3695 32.3485 19.7987 18.4903 17.8763 34.3945 20.6115 16.2627 14.2393 13.7927 13.1591 66.8308 19.3563 12.7404 12.4271 12.3947 14.7175 18.6736 11.5926 10.8954
threshold=0.13903062045574191 0.47321428358554846 0 81.500000000000014 1 2 3 73.500000000000014 84.500000000000014 42.500000000000007 47.500000000000007 28.69999980926514 80.500000000000014 4.5000000000000009 4 80.500000000000014 5 46.500000000000007 4.5000000000000009 6 44.500000000000007 56.500000000000007 46.500000000000007 4.5000000000000009 74.500000000000014 7 53.500000000000007 75.500000000000014 39.500000000000007 4.5000000000000009
decision_type=2 2 1 2 1 1 1 2 2 2 2 2 2 2 1 2 1 2 2 1 2 2 2 2 2 1 2 2 2 2
left_child=2 4 3 9 6 13 11 20 24 -1 -6 12 28 -3 15 16 -12 -8 -17 -11 -4 22 -22 -18 -9 -16 -27 -28 29 -2
right_child=1 5 7 -5 10 -7 17 8 -10 19 14 -13 -14 -15 25 18 23 -19 -20 -21 21 -23 -24 -25 -26 26 27 -29 -30 -31
leaf_value=0 0 0 0 0 0 8.6582942455695854e-08 0 0 0 0 0 0.0027248924390819748 0 -5.2010023707568066e-05 0 0 0 0 0.0098342306402620233 0 0 0 0 0.013711583155642838 0 0 0 0 0 0
leaf_weight=2269 1224 7065 11861 3766 5202 17219 361 483 1884 1551 2124 2702 288 1963 1277 481 3514 3740 86 839 975 12765 1106 848 1361 1129 1528 1783 1303 335
leaf_count=2269 1224 7065 11861 3766 5202 17219 361 483 1884 1551 2124 2702 288 1963 1277 481 3514 3740 86 839 975 12765 1106 848 1361 1129 1528 1783 1303 335
internal_value=-0.011983 -0.00504966 -0.0216482 -0.0164777 -0.00835363 -0.00153446 -0.0054326 -0.0230795 -0.0184281 -0.0103509 -0.00996274 -0.002811 -0.00625397 -0.00458066 -0.00861394 -0.00692968 -0.00589732 -0.00918678 -0.018739 -0.00608787 -0.0237288 -0.0227368 -0.0144282 -0.00389982 -0.0129338 -0.0106918 -0.00935955 -0.0110616 -0.00499651 -0.00790571
internal_weight=93032 54172 38860 8425 27925 26247 9953 30435 3728 4659 17972 5852 3150 9028 12770 7053 6486 4101 567 2390 26707 14846 2081 4362 1844 5717 4440 3311 2862 1559
internal_count=93032 54172 38860 8425 27925 26247 9953 30435 3728 4659 17972 5852 3150 9028 12770 7053 6486 4101 567 2390 26707 14846 2081 4362 1844 5717 4440 3311 2862 1559
cat_boundaries=0 1 2 3 4 5 6 7 8
cat_threshold=1 590751 7372352 1 1 4199424 5389860 1085440
is_linear=0
shrinkage=0.05


Tree=96
num_leaves=31
num_cat=15
split_feature=18 18 17 17 2 0 18 4 0 0 4 2 0 4 0 0 18 0 0 18 18 19 2 0 0 2 19 0 18 21
split_gain=2473.95 263.202 166.579 65.7925 57.1954 52.3198 29.8066 26.9621 25.4015 18.7073 18.6983 15.1641 14.6273 12.3257 15.8159 10.4622 9.33158 8.86927 7.72863 9.23607 7.67349 6.20655 6.0018 5.91872 5.63039 5.57578 5.3836 5.25925 5.11295 4.89105
threshold=0.13903062045574191 0.47321428358554846 0.21428572386503222 0.21428572386503222 0 1 0.26403062045574194 4.5000000000000009 2 3 4.5000000000000009 4 5 4.5000000000000009 6 7 0.24362244457006457 8 9 0.39668366312980657 0.054846938699483878 0.98175644874572765 10 11 12 13 1.1669636368751528 14 0.23469387739896777 4.307037591934205
decision_type=2 2 2 2 1 1 2 2 1 1 2 1 1 2 1 1 2 1 1 2 2 2 1 1 1 1 2 1 2 2
left_child=2 3 4 6 17 10 12 8 16 -8 27 18 25 14 -4 -7 -5 -1 21 -20 -6 -10 -16 -11 -15 -2 -19 -3 -13 -17
right_child=1 5 13 7 20 15 9 -9 11 23 -12 28 -14 24 22 29 -18 26 19 -21 -22 -23 -24 -25 -26 -27 -28 -29 -30 -31
leaf_value=0 0 0 0.00086663088285940382 0 0 5.0547170792395596e-05 0 -0.00035664382880725212 0 0 -4.3421161031076036e-05 0 0 -0.00069635195326716605 0 -0.0023266572605503077 0 0 0.0001298989177042262 -0.0026039431585633023 0 0 0 0 0.00046494646308825182 0 0 0 0 -0.00022255910154423943
leaf_weight=2448 1366 1981 230 734 29154 5572 3707 2045 430 2347 1934 388 5769 230 666 1220 2867 4290 1012 527 501 491 514 3969 267 1021 507 5085 1319 10428
leaf_count=2448 1366 1981 230 734 29154 5572 3707 2045 430 2347 1934 388 5769 230 666 1220 2867 4290 1012 527 501 491 514 3969 267 1021 507 5085 1319 10428
internal_value=-0.0119957 -0.00509666 -0.0216333 -0.00846849 -0.022378 -0.00149695 -0.0102495 -0.00516916 -0.0065139 -0.00842313 -0.0045838 -0.00382452 -0.0124939 -0.00722339 -0.00960993 0.000118979 -0.00958876 -0.0183954 -0.00132114 0.000855391 -0.023351 -0.00491407 -0.0118908 -0.0100854 -0.000452716 -0.00904255 -0.016918 -0.00578121 -0.0074546 -0.000733402
internal_weight=93019 54212 38807 27992 36900 26220 18179 9813 7768 10023 9000 4167 8156 1907 1410 17220 3601 7245 2460 1539 29655 921 1180 6316 497 2387 4797 7066 1707 11648
internal_count=93019 54212 38807 27992 36900 26220 18179 9813 7768 10023 9000 4167 8156 1907 1410 17220 3601 7245 2460 1539 29655 921 1180 6316 497 2387 4797 7066 1707 11648
cat_boundaries=0 1 2 3 4 5 6 7 8 9 10 11 12 13 14 15
cat_threshold=1 7372352 7500832 527263 1 525740 33156 131124 385079 2628 1 5280768 5917710 1 5263360
is_linear=0
shrinkage=0.05


Tree=97
num_leaves=31
num_cat=11
split_feature=18 18 17 17 0 2 7 4 0 17 0 18 4 2 0 18 2 7 7 21 0 7 19 4 2 0 0 9 7 7
split_gain=2500.11 259.944 160.776 59.2103 48.1229 44.2807 78.7302 31.2689 29.0068 27.4173 23.9938 20.3203 18.0608 12.7129 16.1166 11.1493 10.879 23.2204 9.00296 8.89119 7.6247 7.24339 6.91331 8.12077 6.65172 7.40382 6.48225 6.69762 6.44534 6.38558
threshold=0.13903062045574191 0.47321428358554846 1.0000000180025095e-35 0.21428572386503222 0 1 27.10000038146973 4.5000000000000009 2 0.35714286565780645 3 0.26403062045574194 4.5000000000000009 4 5 0.24362244457006457 6 28.69999980926514 28.69999980926514 4.3887064456939706 7 25.69999980926514 1.0122267603874209 4.5000000000000009 8 9 10 1.0000000180025095e-35 28.899999618530277 32.100000381469734
decision_type=2 2 2 2 1 1 2 2 1 2 1 2 2 1 1 2 1 2 2 2 1 2 2 2 1 1 1 2 2 2
left_child=2 3 5 8 12 6 21 10 16 19 15 -10 -3 14 -12 -5 17 22 -8 -4 -13 -1 -2 -24 25 -21 27 -6 -18 -22
right_child=1 4 9 7 26 -7 18 -9 11 -11 13 20 -14 -15 -16 -17 28 -19 -20 24 29 -23 23 -25 -26 -27 -28 -29 -30 -31
leaf_value=0 0 0 0 0 1.2476254017559612e-05 0 0 7.3163856970202731e-05 0 0 0.00013053814471830613 0 -4.0295571096166708e-05 0 0 0 0 0.0044878576486766797 0 2.1721648267014425e-05 0 0 0 0.049998498014211704 0 0 -8.064864521490767e-05 0.01986444875924237 0 0
leaf_weight=3664 1060 7038 364 741 2257 28956 580 2052 6277 1182 291 1508 1953 1705 2163 2834 860 1146 959 109 5424 1535 276 48 879 573 13483 1467 886 772
leaf_count=3664 1060 7038 364 741 2257 28956 580 2052 6277 1182 291 1508 1953 1705 2163 2834 860 1146 959 109 5424 1535 276 48 879 573 13483 1467 886 772
internal_value=-0.0119924 -0.00506029 -0.0216831 -0.00840584 -0.00147912 -0.0226327 -0.0189819 -0.00526773 -0.0100879 -0.0107741 -0.00672356 -0.0111947 -0.00444117 -0.0041077 -0.00181337 -0.00972803 -0.0064279 -0.00434783 -0.00904808 -0.0144545 -0.00948209 -0.0219225 -0.00870665 -0.00231481 -0.0160955 -0.01239 7.11506e-05 0.00191484 -0.00947881 -0.00864486
internal_weight=93042 54241 38801 28043 26198 35694 6738 9786 18257 3107 7734 13981 8991 4159 2454 3575 4276 2530 1539 1925 7704 5199 1384 324 1561 682 17207 3724 1746 6196
internal_count=93042 54241 38801 28043 26198 35694 6738 9786 18257 3107 7734 13981 8991 4159 2454 3575 4276 2530 1539 1925 7704 5199 1384 324 1561 682 17207 3724 1746 6196
cat_boundaries=0 1 2 3 4 5 6 7 8 9 10 11
cat_threshold=7372352 1 524701 7500832 1 32776 1 37888 1 2097452 48
is_linear=0
shrinkage=0.05


Tree=98
num_leaves=31
num_cat=10
split_feature=18 18 17 17 2 3 0 3 5 3 2 0 3 3 3 0 5 2 3 3 5 2 3 5 3 0 2 0 3 3
split_gain=2463.03 254.804 161.491 55.2209 53.6732 100.566 46.3353 42.9818 33.7758 27.4837 45.7765 35.5962 25.5941 25.1306 34.4367 21.1798 20.4499 19.8547 18.4431 21.9668 15.5413 13.4159 14.1675 14.602 13.1393 12.6811 12.0002 14.7572 10.6462 10.4506
threshold=0.13903062045574191 0.47321428358554846 0.21428572386503222 0.21428572386503222 0 81.500000000000014 1 47.500000000000007 1.0000000180025095e-35 80.500000000000014 2 3 42.500000000000007 73.500000000000014 84.500000000000014 4 1.0000000180025095e-35 5 54.500000000000007 75.500000000000014 1.0000000180025095e-35 6 40.500000000000007 1.0000000180025095e-35 56.500000000000007 7 8 9 45.500000000000007 46.500000000000007
decision_type=2 2 2 2 1 2 1 2 2 2 1 1 2 2 2 1 2 1 2 2 2 1 2 2 2 1 1 1 2 2
left_child=2 3 4 7 5 12 16 21 15 10 11 -9 -1 -6 -15 29 28 -11 -12 24 25 22 -2 -24 -20 -4 27 -17 -3 -5
right_child=1 6 20 8 13 -7 -8 9 -10 17 18 -13 -14 14 -16 26 -18 -19 19 -21 -22 -23 23 -25 -26 -27 -28 -29 -30 -31
leaf_value=0 0 0 0 0 0 0 -1.612513245912332e-05 0 6.6946088270832815e-05 0 0 -7.9013151059334363e-07 0 0 0 0.00012401123748239084 -4.8754673473538908e-06 0 0 0 4.396101068439109e-05 0 0 0.018644975386189987 0 0 0 -6.1710084345773289e-06 0 0
leaf_weight=1938 3093 647 348 888 26290 3697 17281 2654 2052 728 1727 3048 1567 1571 1887 291 1945 1218 653 1272 502 984 1329 199 1276 1071 1547 1927 6456 3121
leaf_count=1938 3093 647 348 888 26290 3697 17281 2654 2052 728 1727 3048 1567 1571 1887 291 1945 1218 653 1272 502 984 1329 199 1276 1071 1547 1927 6456 3121
internal_value=-0.0120857 -0.00521109 -0.0216955 -0.0085309 -0.0224303 -0.0185573 -0.00167971 -0.0101631 -0.00551089 -0.00854008 -0.00753998 -0.00448965 -0.0124893 -0.023368 -0.0193609 -0.00701698 -0.00457607 -0.0140031 -0.0110694 -0.0133162 -0.00756117 -0.0138046 -0.0126758 -0.00873691 -0.0166796 -0.0102361 -0.00428477 -0.00193868 -0.005825 -0.0095484
internal_weight=93207 54336 38871 28007 36950 7202 26329 18181 9826 12576 10630 5702 3505 29748 3458 7774 9048 1946 4928 3201 1921 5605 4621 1528 1929 1419 3765 2218 7103 4009
internal_count=93207 54336 38871 28007 36950 7202 26329 18181 9826 12576 10630 5702 3505 29748 3458 7774 9048 1946 4928 3201 1921 5605 4621 1528 1929 1419 3765 2218 7103 4009
cat_boundaries=0 1 2 3 4 5 6 7 8 9 10
cat_threshold=1 7372352 1 7484416 7500896 1 1 2654348 1 32776
is_linear=0
shrinkage=0.05


Tree=99
num_leaves=31
num_cat=7
split_feature=18 18 17 17 0 3 0 3 4 0 17 4 4 3 3 3 3 0 17 3 3 0 4 0 0 18 3 3 3 4
split_gain=2493.45 239.674 162.895 73.5117 45.7974 40.1803 33.1547 31.698 24.9288 22.2694 20.5649 19.9741 13.7905 13.0147 54.1026 14.9487 11.481 10.0476 10.0151 9.3997 9.22212 27.0343 8.23077 8.21321 7.98862 7.57811 7.43637 21.8607 32.7946 7.10815
threshold=0.13903062045574191 0.47321428358554846 0.21428572386503222 0.21428572386503222 0 47.500000000000007 1 80.500000000000014 4.5000000000000009 2 1.0000000180025095e-35 4.5000000000000009 4.5000000000000009 44.500000000000007 56.500000000000007 46.500000000000007 44.500000000000007 3 0.5000000149011613 46.500000000000007 44.500000000000007 4 2.5000000000000004 5 6 0.26403062045574194 85.500000000000014 73.500000000000014 81.500000000000014 4.5000000000000009
decision_type=2 2 2 2 1 2 1 2 2 1 2 2 2 2 2 2 2 1 2 2 2 1 2 1 1 2 2 2 2 2
left_child=2 3 10 5 -3 17 8 9 19 25 13 16 18 -1 15 -15 -6 -2 -4 -5 21 22 -8 -11 -18 -7 27 -16 -29 -22
right_child=1 4 12 6 11 7 20 -9 -10 23 -12 -13 -14 14 26 -17 24 -19 -20 -21 29 -23 -24 -25 -26 -27 -28 28 -30 -31
leaf_value=0 0 -2.2626608222086839e-06 0 0 0 0 5.549252656535446e-05 0 -0.0011218857547033319 0 0 -4.6316939799839756e-06 -0.00018497845997656511 0 0 0 0 0 0 0 0 -5.8624580128484627e-06 3.0855042172886649e-07 0 0 0 0 0 0 0.00011092962074065218
leaf_weight=13600 1525 16772 888 784 544 1811 248 1956 1034 1265 1223 2039 496 839 12986 936 4082 4119 516 2786 3171 751 225 4830 2799 2829 2749 1473 3078 771
leaf_count=13600 1525 16772 888 784 544 1811 248 1956 1034 1265 1223 2039 496 839 12986 936 4082 4119 516 2786 3171 751 225 4830 2799 2829 2749 1473 3078 771
internal_value=-0.0119611 -0.00504913 -0.0216455 -0.00825743 -0.00161229 -0.0101241 -0.00475435 -0.00856315 -0.00783485 -0.00749651 -0.022381 -0.00439096 -0.00736842 -0.0225996 -0.0218496 -0.0134789 -0.00559933 -0.0136339 -0.00990028 -0.00983193 -0.00198995 0.00179739 0.0110248 -0.00948812 -0.0050465 -0.00484946 -0.0225821 -0.0222031 -0.0192211 -0.00317098
internal_weight=93125 54341 38784 28105 26236 18335 9770 12691 4604 10735 36884 9464 1900 35661 22061 1775 7425 5644 1404 3570 5166 1224 473 6095 6881 4640 20286 17537 4551 3942
internal_count=93125 54341 38784 28105 26236 18335 9770 12691 4604 10735 36884 9464 1900 35661 22061 1775 7425 5644 1404 3570 5166 1224 473 6095 6881 4640 20286 17537 4551 3942
cat_boundaries=0 1 2 3 4 5 6 7
cat_threshold=491967 7500832 592815 622877 297480 36864 2625088
is_linear=0
shrinkage=0.05


Tree=100
num_leaves=31
num_cat=15
split_feature=18 18 17 17 0 2 7 0 17 4 18 0 2 4 0 18 21 0 7 0 0 4 2 0 7 7 2 2 0 2
split_gain=2494.63 245.94 155.861 54.1411 53.7494 46.0326 77.4974 27.1449 26.6185 25.1141 24.7416 22.1202 19.2453 14.759 13.0518 10.5967 10.0664 9.03498 8.97961 8.68866 8.23906 7.28499 6.98863 6.97961 7.13663 6.64957 20.4986 6.54661 7.02599 6.44216
threshold=0.13903062045574191 0.36096936464309698 1.0000000180025095e-35 0.21428572386503222 0 1 27.800000190734867 2 0.35714286565780645 4.5000000000000009 0.47321428358554846 3 4 4.5000000000000009 5 0.26403062045574194 4.3887064456939706 6 25.69999980926514 7 8 4.5000000000000009 9 10 30.10000038146973 28.69999980926514 11 12 13 14
decision_type=2 2 2 2 1 1 2 1 2 2 2 1 1 2 1 2 2 1 2 1 1 2 1 1 2 2 1 1 1 1
left_child=2 3 5 11 10 6 18 13 16 14 22 25 17 -5 -6 -13 -4 -9 -1 -10 -12 -21 -3 -8 -25 -2 -27 28 -18 -11
right_child=1 4 8 7 9 -7 23 12 19 29 20 15 -14 -15 -16 -17 27 -19 -20 21 -22 -23 -24 24 -26 26 -28 -29 -30 -31
leaf_value=0 0 0 0 0 0 0 0 0 0.025848385854243306 0.00058552357162404976 0.0023578005533358539 0 0 -0.0015197313449790727 0 0 9.7747417201564905e-06 0.0035214207213083437 0 0 -0.00026775641548868682 -0.00021082992009752939 0 0 0 0.0043055270121491879 0 0 0 0
leaf_weight=3638 1401 2292 371 2419 1520 28936 237 1122 234 2138 6689 6547 1358 607 9038 4762 104 892 1654 649 10120 310 1263 672 472 728 537 888 583 756
leaf_count=3638 1401 2292 371 2419 1520 28936 237 1122 234 2138 6689 6547 1358 607 9038 4762 104 892 1654 649 10120 310 1263 672 472 728 537 888 583 756
internal_value=-0.0120079 -0.00508083 -0.0216953 -0.00942056 -0.00246629 -0.0226368 -0.0188933 -0.00561113 -0.0110147 -0.00491755 -0.000844213 -0.0111646 -0.00249852 -0.0090415 -0.00605228 -0.0121367 -0.0146197 0.000595829 -0.0216459 -0.00513412 -4.31317e-05 -0.00719814 -0.00463432 -0.0083454 -0.00992201 -0.00696936 -0.00436759 -0.0163651 -0.0127001 -0.000794748
internal_weight=92937 54189 38748 20373 33816 35609 6673 6398 3139 13452 20364 13975 3372 3026 10558 11309 1946 2014 5292 1193 16809 959 3555 1381 1144 2666 1265 1575 687 2894
internal_count=92937 54189 38748 20373 33816 35609 6673 6398 3139 13452 20364 13975 3372 3026 10558 11309 1946 2014 5292 1193 16809 959 3555 1381 1144 2666 1265 1575 687 2894
cat_boundaries=0 1 2 3 4 5 6 7 8 9 10 11 12 13 14 15
cat_threshold=491967 1 5403808 524684 1 5246976 2624260 557186 393236 1 33132 1 1 2097452 1
is_linear=0
shrinkage=0.05


Tree=101
num_leaves=31
num_cat=9
split_feature=18 18 17 0 2 7 17 4 0 4 18 0 4 18 0 0 7 18 19 7 7 18 0 2 7 19 19 2 21 21
split_gain=2448.16 250.208 159.977 58.0225 55.5742 83.7419 43.2413 26.3604 22.2399 21.4392 20.9818 19.2278 16.9499 12.0985 11.4733 11.0288 9.83368 9.55972 9.09444 8.10424 7.75239 7.10298 6.85368 6.60142 25.5578 6.81749 6.5725 6.52554 7.09616 6.31307
threshold=0.13903062045574191 0.36096936464309698 0.21428572386503222 0 1 27.10000038146973 0.21428572386503222 4.5000000000000009 2 4.5000000000000009 0.47321428358554846 3 4.5000000000000009 0.23852040618658069 4 5 30.10000038146973 0.26403062045574194 0.99914938211441051 24.500000000000004 31.899999618530277 0.054846938699483878 6 7 28.69999980926514 1.315558195114136 1.292279124259949 8 4.3299646377563485 4.331956386566163
decision_type=2 2 2 1 1 2 2 2 1 2 2 1 2 2 1 1 2 2 2 2 2 2 1 1 2 2 2 1 2 2
left_child=2 6 4 10 5 18 8 14 23 11 -3 -8 15 -13 -5 -4 22 -10 -1 -20 -16 -6 -7 24 25 -2 -21 28 -9 -29
right_child=1 3 12 7 21 16 9 27 17 -11 -12 13 -14 -15 20 -17 -18 -19 19 26 -22 -23 -24 -25 -26 -27 -28 29 -30 -31
leaf_value=0 0 0 0 0 0 0 0 -0.0027000244094376757 0 -0.00065411540342665963 -7.2642984928390845e-06 0 0.00018952100610951538 0 0 0 0 0 0 0 0 0 0 0 0.0051893589959109785 0.0065189113791860129 0 5.5446681819466545e-05 0.0029713615195512359 -0.00011553585621123669
leaf_weight=2721 962 3470 367 2318 29132 265 2430 814 6373 1347 16626 676 496 1950 6602 1042 653 4548 986 1577 1824 517 890 1281 764 60 119 289 1302 460
leaf_count=2721 962 3470 367 2318 29132 265 2430 814 6373 1347 16626 676 496 1950 6602 1042 653 4548 986 1577 1824 517 890 1281 764 60 119 289 1302 460
internal_value=-0.0120845 -0.00521203 -0.0216748 -0.00256713 -0.022405 -0.0184683 -0.00958389 -0.00508664 -0.0111417 -0.0061807 -0.000857953 -0.00767405 -0.00754593 -0.00464719 -0.00622673 -0.0103442 -0.00915376 -0.0122061 -0.0215852 -0.019519 -0.00534614 -0.0233625 -0.0119264 -0.00728794 -0.00534714 -0.0105186 -0.0174233 -0.00082897 0.000590737 -0.00483979
internal_weight=92861 54096 38765 33705 36860 7211 20391 13609 13988 6403 20096 5056 1905 2626 10744 1409 1808 10921 5403 2682 8426 29649 1155 3067 1786 1022 1696 2865 2116 749
internal_count=92861 54096 38765 33705 36860 7211 20391 13609 13988 6403 20096 5056 1905 2626 10744 1409 1808 10921 5403 2682 8426 29649 1155 3067 1786 1022 1696 2865 2116 749
cat_boundaries=0 1 2 3 4 5 6 7 8 9
cat_threshold=885183 1 524685 5403744 5378048 2654342 33260 1 1
is_linear=0
shrinkage=0.05


Tree=102
num_leaves=31
num_cat=9
split_feature=18 18 17 0 2 3 17 4 3 17 3 18 4 3 3 3 0 0 2 3 18 3 0 3 2 2 0 21 3 3
split_gain=2470.02 244.893 158.977 51.8413 45.0147 93.7655 43.7915 37.1754 31.6468 28.2773 25.7789 21.7514 21.583 21.5385 32.2143 20.4223 20.3311 19.5859 17.6005 17.1792 12.9308 12.0901 10.0974 9.76719 15.645 10.4371 9.68369 9.67411 9.03085 9.02395
threshold=0.13903062045574191 0.36096936464309698 1.0000000180025095e-35 0 1 81.500000000000014 0.21428572386503222 4.5000000000000009 47.500000000000007 0.35714286565780645 43.500000000000007 0.47321428358554846 4.5000000000000009 73.500000000000014 84.500000000000014 46.500000000000007 2 3 4 80.500000000000014 0.24362244457006457 79.500000000000014 5 80.500000000000014 6 7 8 4.3887064456939706 74.500000000000014 44.500000000000007
decision_type=2 2 2 1 1 2 2 2 2 2 2 2 2 2 2 2 1 1 1 2 2 2 1 2 1 1 1 2 2 2
left_child=2 6 4 11 5 10 8 15 -2 27 -1 -3 17 29 28 -5 18 -8 19 -10 -19 -12 -17 24 26 -25 -18 -4 -15 -6
right_child=1 3 9 7 13 -7 12 -9 16 -11 21 -13 -14 14 -16 22 23 20 -20 -21 -22 -23 -24 25 -26 -27 -28 -29 -30 -31
leaf_value=0 0 0 0 0 0 0 0 5.7767928105618347e-06 -1.4771380577819805e-06 0 0 -6.1109520576037859e-06 -0.00056561043990484294 0 0 0 0 0 0 0 0 0 0 0 0 0 0 0 0 0
leaf_weight=1759 4553 3219 367 1633 11871 3664 1615 3033 1282 1191 1055 16178 1343 395 1801 3346 1714 963 1531 109 2479 243 6417 510 2718 659 956 1570 1003 13967
leaf_count=1759 4553 3219 367 1633 11871 3664 1615 3033 1282 1191 1055 16178 1343 395 1801 3346 1714 963 1531 109 2479 243 6417 510 2718 659 956 1570 1003 13967
internal_value=-0.0120609 -0.0051679 -0.0216788 -0.0025572 -0.0226243 -0.0189369 -0.00949002 -0.00482547 -0.0110533 -0.0108696 -0.0124714 -0.000866955 -0.0060625 -0.0234778 -0.0196077 -0.00613812 -0.00940764 -0.00755883 -0.0058663 -0.00181524 -0.0053737 -0.00712635 -0.00527246 -0.0109601 -0.010078 -0.0151198 -0.00735955 -0.0145973 -0.0139127 -0.023957
internal_weight=93144 54258 38886 33826 35758 6721 20432 14429 14032 3128 3057 19397 6400 29037 3199 11396 9479 5057 2922 1391 3442 1298 9763 6557 5388 1169 2670 1937 1398 25838
internal_count=93144 54258 38886 33826 35758 6721 20432 14429 14032 3128 3057 19397 6400 29037 3199 11396 9479 5057 2922 1391 3442 1298 9763 6557 5388 1169 2670 1937 1398 25838
cat_boundaries=0 1 2 3 4 5 6 7 8 9
cat_threshold=360895 1 592780 5264416 1 5394432 1 1 7353344
is_linear=0
shrinkage=0.05


Tree=103
num_leaves=31
num_cat=9
split_feature=18 18 2 7 0 4 0 2 7 18 0 19 18 7 7 0 7 19 18 7 4 0 2 18 4 7 4 4 2 7
split_gain=2460.16 259.168 108.653 122.124 52.0322 33.168 29.0599 22.6054 37.3201 21.0572 14.6105 12.8771 10.7419 10.6826 10.32 10.6339 9.74256 11.4539 9.5252 9.48729 9.06226 7.65174 6.62238 6.55363 5.99617 5.98083 5.89701 5.64005 13.7829 11.3051
threshold=0.13903062045574191 0.37117348611354833 0 27.10000038146973 1 4.5000000000000009 2 3 28.69999980926514 0.49362246692180639 4 0.99914938211441051 0.19897959381341937 30.10000038146973 32.100000381469734 5 24.500000000000004 1.1669636368751528 0.22576530277729037 25.300000190734867 4.5000000000000009 6 7 0.054846938699483878 4.5000000000000009 31.500000000000004 4.5000000000000009 4.5000000000000009 8 28.899999618530277
decision_type=2 2 1 2 1 2 1 1 2 2 1 2 2 2 2 1 2 2 2 2 2 1 1 2 2 2 2 2 1 2
left_child=2 6 3 11 5 14 7 8 -2 22 -5 24 27 26 15 -3 -13 -18 -9 -19 25 -11 -6 -4 -1 -10 -12 -8 29 -29
right_child=1 4 23 10 9 -7 12 18 20 21 13 16 -14 -15 -16 -17 17 19 -20 -21 -22 -23 -24 -25 -26 -27 -28 28 -30 -31
leaf_value=0 0 0 0 0 0 -3.0611737315014191e-06 0 0 -0.00013624462195409876 0.0036545430773949534 0 0 0 0 0 0 0 0.043033225835503987 0 0 0.0066237893197398402 -0.00030441839665438315 0 0 0 0.027541405585780027 -0.00067921297696484843 0 0 0.025355592271551708
leaf_weight=2420 2711 5175 29756 818 2592 2621 4225 1837 1223 6054 913 1053 7038 779 1879 2426 1691 112 1718 123 384 11454 1331 703 307 476 170 365 445 257
leaf_count=2420 2711 5175 29756 818 2592 2621 4225 1837 1223 6054 913 1053 7038 779 1879 2426 1691 112 1718 123 384 11454 1331 703 307 476 170 365 445 257
internal_value=-0.0120943 -0.0052125 -0.0216984 -0.0166587 -0.00249761 -0.00511725 -0.00961483 -0.00730051 -0.00506884 -0.00101558 -0.00785448 -0.0207939 -0.0111669 -0.0102831 -0.00649789 -0.00731812 -0.0185213 -0.0164071 -0.0103305 -0.00606383 -3.60058e-05 -0.00027416 -0.00432705 -0.023086 -0.0232765 -0.00160388 -0.0135503 -0.0128779 -0.0096298 -0.00482315
internal_weight=93056 54211 38845 8386 33532 12101 20679 8349 4794 21431 2680 5706 12330 1862 9480 7601 2979 1926 3555 235 2083 17508 3923 30459 2727 1699 1083 5292 1067 622
internal_count=93056 54211 38845 8386 33532 12101 20679 8349 4794 21431 2680 5706 12330 1862 9480 7601 2979 1926 3555 235 2083 17508 3923 30459 2727 1699 1083 5292 1067 622
cat_boundaries=0 1 2 3 4 5 6 7 8 9
cat_threshold=1 7503360 592799 1 2458095 2124288 262164 1 1
is_linear=0
shrinkage=0.05


Tree=104
num_leaves=31
num_cat=5
split_feature=18 18 17 2 3 17 1 5 7 3 3 3 5 18 2 3 3 1 5 5 18 2 3 3 3 3 3 3 3 3
split_gain=2498.29 256.64 153.868 55.0455 102.629 42.6121 41.2187 29.2771 29.2741 27.3104 34.988 23.9239 21.9824 20.8581 20.72 55.0865 18.7953 16.9655 13.8 13.5896 11.3152 10.7862 14.3749 10.0607 51.8669 13.9495 9.35482 24.3758 17.2458 9.12083
threshold=0.13903062045574191 0.36096936464309698 0.21428572386503222 0 81.500000000000014 0.35714286565780645 1 1.0000000180025095e-35 28.69999980926514 73.500000000000014 84.500000000000014 47.500000000000007 1.0000000180025095e-35 0.49362246692180639 2 80.500000000000014 46.500000000000007 3 1.0000000180025095e-35 1.0000000180025095e-35 0.24362244457006457 4 41.500000000000007 44.500000000000007 56.500000000000007 46.500000000000007 54.500000000000007 74.500000000000014 56.500000000000007 74.500000000000014
decision_type=2 2 2 1 2 2 1 2 2 2 2 2 2 2 1 2 2 1 2 2 2 1 2 2 2 2 2 2 2 2
left_child=2 5 3 4 8 11 13 16 -1 23 29 21 20 -3 15 17 -8 -13 -19 -4 -7 22 -2 -5 25 -25 -16 28 -28 -11
right_child=1 6 19 9 -6 12 7 -9 -10 10 -12 14 -14 -15 26 -17 -18 18 -20 -21 -22 -23 -24 24 -26 -27 27 -29 -30 -31
leaf_value=0 0 0 0 0 0 0 0 5.6410118566088139e-06 0 0 0 0 0.00013483446225939666 -0.00011538331048626759 0 0 0 0 0.0085903072998219816 -0.00016598847621210672 0 0 0 0 0 0 0 0 0 0
leaf_weight=2432 3110 4121 1403 11799 3729 1101 1204 2579 1109 447 1854 1415 1204 17551 1368 631 8282 2420 460 498 2844 889 955 897 12599 888 602 2488 916 1136
leaf_count=2432 3110 4121 1403 11799 3729 1101 1204 2579 1109 447 1854 1415 1204 17551 1368 631 8282 2420 460 498 2844 889 955 897 12599 888 602 2488 916 1136
internal_value=-0.0119855 -0.00504618 -0.0216706 -0.0223855 -0.0184869 -0.00947287 -0.00236906 -0.00471014 -0.0123906 -0.0233423 -0.0191519 -0.0108004 -0.00553991 -0.00106309 -0.00942718 -0.00708486 -0.00599831 -0.00505821 -0.00282007 -0.00779853 -0.00734474 -0.0136556 -0.0125646 -0.0238924 -0.0230047 -0.015028 -0.0115742 -0.0127933 -0.0177866 -0.0136924
internal_weight=92931 54140 38791 36890 7270 20403 33737 12065 3541 29620 3437 15254 5149 21672 10300 4926 9486 4295 2880 1901 3945 4954 4065 26183 14384 1785 5374 4006 1518 1583
internal_count=92931 54140 38791 36890 7270 20403 33737 12065 3541 29620 3437 15254 5149 21672 10300 4926 9486 4295 2880 1901 3945 4954 4065 26183 14384 1785 5374 4006 1518 1583
cat_boundaries=0 1 2 3 4 5
cat_threshold=1 3 1 8 1
is_linear=0
shrinkage=0.05


Tree=105
num_leaves=31
num_cat=11
split_feature=17 2 3 3 3 3 3 3 0 3 0 0 2 4 0 4 4 21 4 0 4 3 0 0 3 3 0 3 3 0
split_gain=1323.72 664.464 428.868 179.938 167.309 133.004 88.0302 323.593 79.9197 71.3647 69.1652 31.1356 28.625 27.9962 23.2162 19.6361 19.4586 19.9364 19.4008 15.5064 13.5787 25.0315 12.2046 11.6526 11.4418 11.2241 10.113 9.65987 9.1236 8.18111
threshold=0.21428572386503222 0 80.500000000000014 42.500000000000007 74.500000000000014 84.500000000000014 44.500000000000007 56.500000000000007 1 47.500000000000007 2 3 4 4.5000000000000009 5 4.5000000000000009 4.5000000000000009 4.3285236358642587 4.5000000000000009 6 4.5000000000000009 36.500000000000007 7 8 46.500000000000007 78.500000000000014 9 46.500000000000007 81.500000000000014 10
decision_type=2 1 2 2 2 2 2 2 1 2 1 1 1 2 1 2 2 2 2 1 2 2 1 1 2 2 1 2 2 1
left_child=1 2 3 11 6 14 -3 9 15 -8 13 20 16 27 -6 -5 19 -18 23 -12 -1 -22 -19 -10 -14 -21 -26 -2 -4 -29
right_child=10 4 28 8 5 -7 7 -9 18 -11 12 -13 24 -15 -16 -17 17 22 -20 25 21 -23 -24 -25 26 -27 -28 29 -30 -31
leaf_value=0 0 0 0 0 0 0 0 0 0 0 0 0 0 -0.00040595474341860015 0 -0.0054526367151763152 -0.0025969501188979147 0.042354524995830617 0.0077201494586270963 9.7056174933241043e-05 0 0.019097609531850763 0.0049986821931599316 -7.5062493506367654e-07 0 -0.0063167885422681386 0 0 0 0
leaf_weight=1496 947 11922 585 4654 2169 2016 2185 14100 2170 4219 4292 4568 210 1678 2508 779 1114 913 1369 7513 363 147 1742 5224 2325 255 2850 1058 4123 3629
leaf_count=1496 947 11922 585 4654 2169 2016 2185 14100 2170 4219 4292 4568 210 1678 2508 779 1114 913 1369 7513 363 147 1742 5224 2325 255 2850 1058 4123 3629
internal_value=-0.0120188 -0.0159802 -0.0096966 -0.00660809 -0.0200727 -0.0128754 -0.0215583 -0.0195718 -0.00344111 -0.0102514 -0.0030481 -0.0134469 -0.0015996 -0.00723846 -0.00824781 -0.0081986 -0.000529092 0.00260679 -0.000481591 -0.00150912 -0.00811012 -0.0151961 0.00496234 -0.00149445 -0.0047493 -0.000173566 -0.00428502 -0.00893681 -0.023322 -0.00800619
internal_weight=93123 64597 25478 20770 39119 6693 32426 20504 14196 6404 28526 6574 21214 7312 4677 5433 15829 3769 8763 12060 2006 510 2655 7394 5385 7768 5175 5634 4708 4687
internal_count=93123 64597 25478 20770 39119 6693 32426 20504 14196 6404 28526 6574 21214 7312 4677 5433 15829 3769 8763 12060 2006 510 2655 7394 5385 7768 5175 5634 4708 4687
cat_boundaries=0 1 2 3 4 5 6 7 8 9 10 11
cat_threshold=1 5389312 5403648 360763 1 1744576 2624352 262481 2637888 2359325 4198400
is_linear=0
shrinkage=0.05


Tree=106
num_leaves=31
num_cat=12
split_feature=18 18 17 0 2 3 17 4 3 3 3 3 18 0 4 3 2 0 4 3 0 3 2 2 3 0 2 0 0 3
split_gain=2492.58 252.596 162.417 55.9893 54.6289 101.74 42.157 39.8526 27.8821 25.7465 25.5701 33.4533 21.8013 21.0873 20.1616 18.6116 17.324 14.2405 14.205 12.2535 11.8229 11.6928 16.8357 11.9046 11.2709 11.2633 11.2371 10.8594 10.6636 10.1054
threshold=0.13903062045574191 0.36096936464309698 0.21428572386503222 0 1 81.500000000000014 0.35714286565780645 4.5000000000000009 47.500000000000007 42.500000000000007 73.500000000000014 84.500000000000014 0.47321428358554846 2 4.5000000000000009 46.500000000000007 3 4 4.5000000000000009 62.500000000000007 5 80.500000000000014 6 7 79.500000000000014 8 9 10 11 44.500000000000007
decision_type=2 2 2 1 1 2 2 2 2 2 2 2 2 1 2 2 1 1 2 2 1 2 1 1 2 1 1 1 1 2
left_child=2 6 4 12 5 9 8 15 25 -1 29 -12 -3 16 17 -5 19 -8 28 -10 -17 22 27 -23 -11 26 -2 -15 -4 -6
right_child=1 3 18 7 10 -7 14 -9 13 24 11 -13 -14 21 -16 20 -18 -19 -20 -21 -22 23 -24 -25 -26 -27 -28 -29 -30 -31
leaf_value=0 0 0 0.022444456304718908 0 0 0 0 5.3589612637783729e-06 0.027388102554061506 0 0 0 1.5184680902308941e-05 0 0.0001113711594569243 0 0 0 2.6244989140412662e-05 -0.00011861941634698014 0 0 0 0 0 0 0 -7.1309368831049261e-07 0 0
leaf_weight=1932 1353 3165 138 1631 11824 3700 1878 3065 456 1303 1571 1869 16139 2206 1209 3316 1475 2101 488 986 6410 558 3082 792 288 3246 405 797 1254 14412
leaf_count=1932 1353 3165 138 1631 11824 3700 1878 3065 456 1303 1571 1869 16139 2206 1209 3316 1475 2101 488 986 6410 558 3082 792 288 3246 405 797 1254 14412
internal_value=-0.011995 -0.00507739 -0.021676 -0.00241505 -0.0224064 -0.0185069 -0.00944801 -0.00477065 -0.0107645 -0.0124255 -0.0233556 -0.0193023 -0.000652377 -0.00928323 -0.00555127 -0.00613939 -0.00561155 -0.00726941 -0.00734043 -0.0017337 -0.00531051 -0.0107018 -0.00978225 -0.0149259 -0.00771527 -0.0138289 -0.0103507 -0.00711788 -0.00991379 -0.023887
internal_weight=93049 54270 38779 33726 36899 7223 20544 14422 15356 3523 29676 3440 19304 10352 5188 11357 2917 3979 1880 1442 9726 7435 6085 1350 1591 5004 1758 3003 1392 26236
internal_count=93049 54270 38779 33726 36899 7223 20544 14422 15356 3523 29676 3440 19304 10352 5188 11357 2917 3979 1880 1442 9726 7435 6085 1350 1591 5004 1758 3003 1392 26236
cat_boundaries=0 1 2 3 4 5 6 7 8 9 10 11 12
cat_threshold=360895 1 527244 1 5403744 5394432 1 1 624927 1 7484416 557056
is_linear=0
shrinkage=0.05


Tree=107
num_leaves=31
num_cat=10
split_feature=2 3 16 3 3 3 3 3 0 0 3 4 4 3 21 0 0 0 0 0 3 3 0 4 4 3 0 3 3 3
split_gain=1240.2 547.786 368.084 208.957 212.684 277.745 195.355 150.438 134.746 77.1507 66.8901 54.6747 32.2719 27.8288 22.548 22.4156 22.2867 22.0324 21.4151 11.9545 11.092 10.8455 10.5302 10.11 9.88543 39.4419 11.3441 9.75982 9.52034 9.11195
threshold=0 81.500000000000014 1.0000000180025095e-35 44.500000000000007 56.500000000000007 74.500000000000014 41.500000000000007 84.500000000000014 1 2 47.500000000000007 4.5000000000000009 4.5000000000000009 79.500000000000014 4.3285236358642587 3 4 5 6 7 79.500000000000014 46.500000000000007 8 4.5000000000000009 4.5000000000000009 36.500000000000007 9 46.500000000000007 46.500000000000007 63.500000000000007
decision_type=1 2 2 2 2 2 2 2 1 1 2 2 2 2 2 1 1 1 1 1 2 2 1 2 2 2 1 2 2 2
left_child=1 6 3 -2 10 -6 9 18 11 24 23 15 13 19 -14 -8 21 -12 -7 27 -17 -4 -11 28 26 -26 -1 -10 -5 -29
right_child=2 -3 16 4 5 7 8 -9 12 22 17 -13 14 -15 -16 20 -18 -19 -20 -21 -22 -23 -24 -25 25 -27 -28 29 -30 -31
leaf_value=0 0 0 -0.0030612867774742572 0 0 0 0 0 -7.5260026384015981e-07 0 0 -0.00042202360333956081 -0.0019528363227042434 0 0.022772493079542367 0 0 0 0 0.00090781991653250129 0 0 0 0 -0.00010613214001193422 0.0040261130529839267 0 1.4425446857193494e-05 0 -1.3312119974801827e-05
leaf_weight=1373 11904 4218 76 1262 14065 2492 2385 2016 896 1520 1965 2743 1395 738 2575 7998 3255 3112 2972 8850 359 2198 4490 546 331 363 1039 2793 576 2453
leaf_count=1373 11904 4218 76 1262 14065 2492 2385 2016 896 1520 1965 2743 1395 738 2575 7998 3255 3112 2972 8850 359 2198 4490 546 331 363 1039 2793 576 2453
internal_value=-0.0119758 -0.00620553 -0.0177561 -0.0193926 -0.0171034 -0.0196229 -0.00449221 -0.0118382 -0.00271132 -0.0109752 -0.00982777 -0.00655984 -7.35667e-05 -0.00109027 0.00395466 -0.00817352 -0.0056475 -0.00658361 -0.00753111 -0.000623666 -0.00692303 -0.00181699 -0.0142774 -0.0167366 -0.00452503 -0.00979827 -0.00302653 -0.00231632 -0.0149619 -0.00149638
internal_weight=92958 46519 46439 40910 29006 21545 42301 7480 33185 9116 7461 13485 19700 15730 3970 10742 5529 5077 5464 14992 8357 2274 6010 2384 3106 694 2412 6142 1838 5246
internal_count=92958 46519 46439 40910 29006 21545 42301 7480 33185 9116 7461 13485 19700 15730 3970 10742 5529 5077 5464 14992 8357 2274 6010 2384 3106 694 2412 6142 1838 5246
cat_boundaries=0 1 2 3 4 5 6 7 8 9 10
cat_threshold=1 7502848 360731 4198400 2367517 2434453 2433851 525280 5255168 294929
is_linear=0
shrinkage=0.05


Tree=108
num_leaves=31
num_cat=9
split_feature=18 18 17 2 3 0 0 2 4 3 3 3 3 17 2 0 3 3 4 0 0 4 3 3 3 17 3 2 3 3
split_gain=2578.36 231.995 155.965 62.8885 115.615 56.6887 45.9936 40.6073 36.4209 25.6405 25.4418 35.4616 23.4358 22.8358 20.5512 19.1298 17.5566 16.7333 16.1573 14.9072 13.5752 13.1613 12.795 12.6688 12.2832 11.454 10.39 12.5844 18.7833 10.103
threshold=0.13903062045574191 0.36096936464309698 0.21428572386503222 0 81.500000000000014 1 2 3 4.5000000000000009 41.500000000000007 73.500000000000014 84.500000000000014 41.500000000000007 0.35714286565780645 4 5 80.500000000000014 46.500000000000007 4.5000000000000009 6 7 4.5000000000000009 46.500000000000007 81.500000000000014 41.500000000000007 0.5000000149011613 41.500000000000007 8 79.500000000000014 44.500000000000007
decision_type=2 2 2 1 2 1 1 1 2 2 2 2 2 2 1 1 2 2 2 1 1 2 2 2 2 2 2 1 2 2
left_child=2 6 3 4 12 8 7 9 17 15 29 -12 19 26 16 -2 24 -3 25 -1 -16 -15 -9 -11 -7 -4 -8 28 -28 -5
right_child=1 5 18 10 -6 14 13 22 -10 23 11 -13 -14 21 20 -17 -18 -19 -20 -21 -22 -23 -24 -25 -26 -27 27 -29 -30 -31
leaf_value=0 0 0 0 0 0 0 0 0 5.091013200589455e-06 5.2308269079494005e-06 0 0 0 0 0 0 -0.00026304884415359842 0 -9.8385273449508087e-05 0 0 -0.0013609862515831072 0 0 2.2222737685518866e-05 0 0 0 0 0
leaf_weight=239 732 1138 886 11911 3730 2396 1731 389 2307 2935 1578 1860 1683 2171 2719 1092 174 7385 505 1620 2320 694 3357 180 15238 525 3280 3375 464 14402
leaf_count=239 732 1138 886 11911 3730 2396 1731 389 2307 2935 1578 1860 1683 2171 2719 1092 174 7385 505 1620 2320 694 3357 180 15238 525 3280 3375 464 14402
internal_value=-0.0118243 -0.00476034 -0.0216345 -0.0223543 -0.0181862 -0.00221145 -0.00896814 -0.00618459 -0.00518911 -0.00321421 -0.0233732 -0.0193281 -0.0117165 -0.0110171 -0.000797349 -0.00792215 0 -0.00670245 -0.00772443 -0.0155863 -0.00361679 -0.0071466 -0.0101175 -0.000457464 0.000155949 -0.0104713 -0.0122825 -0.0114377 -0.00944177 -0.0239017
internal_weight=93016 54077 38939 37023 7272 33677 20400 8685 10830 4939 29751 3438 3542 11715 22847 1824 17808 8523 1916 1859 5039 2865 3746 3115 17634 1411 8850 7119 3744 26313
internal_count=93016 54077 38939 37023 7272 33677 20400 8685 10830 4939 29751 3438 3542 11715 22847 1824 17808 8523 1916 1859 5039 2865 3746 3115 17634 1411 8850 7119 3744 26313
cat_boundaries=0 1 2 3 4 5 6 7 8 9
cat_threshold=1 7502848 854943 1 1 327707 98635 262205 1
is_linear=0
shrinkage=0.05


Tree=109
num_leaves=31
num_cat=9
split_feature=18 18 17 0 2 7 0 2 5 7 17 17 2 5 18 18 0 21 7 19 0 19 7 0 21 21 5 0 17 21
split_gain=2540.28 225.284 155.524 60.6112 53.163 78.5757 43.8045 42.3774 37.0965 27.432 27.4234 18.0748 14.491 13.6079 13.0189 12.6903 12.5348 11.4032 10.3 9.72153 9.46817 9.17517 8.83062 7.32621 7.20172 10.0638 7.58112 9.60203 7.05517 6.94867
threshold=0.13903062045574191 0.37117348611354833 1.0000000180025095e-35 0 1 27.10000038146973 2 3 1.0000000180025095e-35 28.69999980926514 0.35714286565780645 0.35714286565780645 4 1.0000000180025095e-35 0.22576530277729037 0.43239794671535497 5 4.3887064456939706 28.69999980926514 0.99914938211441051 6 1.000000059604645 22.000000000000004 7 4.3250713348388681 4.3564417362213144 1.0000000180025095e-35 8 2.2142857313156132 4.4153361320495614
decision_type=2 2 2 1 1 2 1 1 2 2 2 2 1 2 2 2 1 2 2 2 1 2 2 1 2 2 2 1 2 2
left_child=2 6 4 12 5 19 11 9 16 20 17 -2 22 28 -9 -14 -5 -4 -7 -1 -8 -21 -3 -12 -24 26 -26 -28 -13 -25
right_child=1 3 10 8 -6 18 7 14 -10 -11 23 13 15 -15 -16 -17 -18 -19 -20 21 -22 -23 24 29 25 -27 27 -29 -30 -31
leaf_value=0 0 -0.0030632710621232434 0 0 0 0 0 0 4.8364625405599814e-06 4.0846138457686112e-06 0.028072625632815752 0 0 -0.0012929369390039518 0 -0.00052870228772725872 0 0 0 0 0 0 -0.00023689294895717575 0 0.002348979000333035 1.2593037630057876e-05 -0.00084468088272942612 0.03733426670173632 0.21369927104630504 0
leaf_weight=2690 8092 89 371 6576 28881 589 1412 2170 3022 2364 128 2032 1033 607 2143 3322 4705 1578 945 973 1827 1569 4773 878 1833 7159 248 811 20 173
leaf_count=2690 8092 89 371 6576 28881 589 1412 2170 3022 2364 128 2032 1033 607 2143 3322 4705 1578 945 973 1827 1569 4773 878 1833 7159 248 811 20 173
internal_value=-0.0118346 -0.00484808 -0.0216074 -0.00231971 -0.0225454 -0.018556 -0.0089551 -0.00653335 -0.00478411 -0.00367214 -0.0109175 -0.0111723 -0.000487602 -0.00760624 -0.0102655 -0.00302526 -0.0061054 -0.0145587 -0.00860495 -0.0214736 -0.00666101 -0.0192565 0.000253135 -0.00489822 0.00034741 0.00110686 0.00359613 0.00696412 -0.00955166 -0.00624411
internal_weight=93013 54238 38775 33571 35647 6766 20667 9916 14303 5603 3128 10751 19268 2659 4313 4355 11281 1949 1534 5232 3239 2542 14913 1179 14824 10051 2892 1059 2052 1051
internal_count=93013 54238 38775 33571 35647 6766 20667 9916 14303 5603 3128 10751 19268 2659 4313 4355 11281 1949 1534 5232 3239 2542 14913 1179 14824 10051 2892 1059 2052 1051
cat_boundaries=0 1 2 3 4 5 6 7 8 9
cat_threshold=360895 1 7533632 1 1 2632256 788640 32896 32908
is_linear=0
shrinkage=0.05


Tree=110
num_leaves=31
num_cat=8
split_feature=18 18 17 0 2 3 0 2 4 3 3 3 7 17 3 0 4 0 4 3 2 18 18 4 0 3 3 3 3 18
split_gain=2542.27 225.001 157.364 65.6799 63.1189 115.035 41.506 40.6557 38.8333 24.8473 23.7562 33.124 23.6914 21.3351 19.369 17.9617 16.1818 16.0861 14.1619 12.8332 11.9018 14.8194 11.6497 11.3317 11.2273 10.9694 10.461 56.9812 14.5559 10.2907
threshold=0.13903062045574191 0.36096936464309698 0.21428572386503222 0 1 81.500000000000014 2 3 4.5000000000000009 41.500000000000007 73.500000000000014 84.500000000000014 28.69999980926514 0.35714286565780645 44.500000000000007 4 4.5000000000000009 5 4.5000000000000009 81.500000000000014 6 0.42984694242477423 0.22576530277729037 4.5000000000000009 7 47.500000000000007 44.500000000000007 56.500000000000007 46.500000000000007 0.47321428358554846
decision_type=2 2 2 1 1 2 1 1 2 2 2 2 2 2 2 1 2 1 2 2 1 2 2 2 1 2 2 2 2 2
left_child=2 6 4 20 5 12 7 9 14 15 26 -12 17 25 -5 23 -15 -1 -4 -11 -3 -22 -9 -2 -16 -8 -6 28 -28 -23
right_child=1 3 18 8 10 -7 13 22 -10 19 11 -13 -14 16 24 -17 -18 -19 -20 -21 21 29 -24 -25 -26 -27 27 -29 -30 -31
leaf_value=0 0 1.1844647447858788e-05 0 0 0 0 0 0 4.594639413531983e-06 4.3036795638118392e-06 0 0 0 0 0 0 -0.001220973689782099 0 -0.00011904076323798006 0 0 2.6435114386362937e-05 0 5.3066070005967111e-06 0 0 0 0 0 -0.00089131094482486394
leaf_weight=358 576 14936 1394 1100 11817 3710 2762 1935 3050 2917 1583 1858 1106 2173 2100 1074 688 2053 501 188 1086 79 1835 157 8141 6077 914 12588 878 3271
leaf_count=358 576 14936 1394 1100 11817 3710 2762 1935 3050 2917 1583 1858 1106 2173 2100 1074 688 2053 501 188 1086 79 1835 157 8141 6077 914 12588 878 3271
internal_value=-0.0118355 -0.00483747 -0.0216112 -0.00233318 -0.0223335 -0.0181438 -0.00898587 -0.00633916 -0.00489029 -0.00334894 -0.0233552 -0.0194493 -0.0116648 -0.0109351 -0.00624063 -0.00801051 -0.00719154 -0.0144442 -0.00755937 -0.000636071 -0.000430812 -0.00270514 -0.010252 -0.00185061 -0.00556342 -0.0121592 -0.0238682 -0.0229624 -0.0146205 -0.0010597
internal_weight=92905 54145 38760 33763 36865 7227 20382 8682 14391 4912 29638 3441 3517 11700 11341 1807 2861 2411 1895 3105 19372 4436 3770 733 10241 8839 26197 14380 1792 3350
internal_count=92905 54145 38760 33763 36865 7227 20382 8682 14391 4912 29638 3441 3517 11700 11341 1807 2861 2411 1895 3105 19372 4436 3770 733 10241 8839 26197 14380 1792 3350
cat_boundaries=0 1 2 3 4 5 6 7 8
cat_threshold=360895 1 854943 1 327707 98635 1 5378048
is_linear=0
shrinkage=0.05


Tree=111
num_leaves=31
num_cat=9
split_feature=18 18 17 0 2 3 0 2 5 17 3 17 7 3 3 3 0 5 3 0 0 2 18 18 3 21 3 2 3 5
split_gain=2574.15 227.9 154.169 61.148 53.1229 109.308 42.0448 44.145 34.8767 27.6653 24.8848 23.9675 22.2013 21.9615 21.5747 33.2183 19.6105 17.7929 14.167 13.5441 13.542 12.4032 17.9861 12.4591 11.8849 10.0821 9.67442 10.9391 18.6566 9.66864
threshold=0.13903062045574191 0.36096936464309698 1.0000000180025095e-35 0 1 81.500000000000014 2 3 1.0000000180025095e-35 0.35714286565780645 41.500000000000007 0.35714286565780645 28.69999980926514 44.500000000000007 73.500000000000014 84.500000000000014 4 1.0000000180025095e-35 81.500000000000014 5 6 7 0.43239794671535497 0.47321428358554846 46.500000000000007 4.3887064456939706 41.500000000000007 8 79.500000000000014 1.0000000180025095e-35
decision_type=2 2 2 1 1 2 1 1 2 2 2 2 2 2 2 2 1 2 2 1 1 1 2 2 2 2 2 1 2 2
left_child=2 6 4 21 5 12 7 10 13 25 16 26 20 -5 -6 -16 -2 -13 -12 -15 -1 -3 -23 -24 -9 -4 -8 28 29 -28
right_child=1 3 9 8 14 -7 11 24 -10 -11 18 17 -14 19 15 -17 -18 -19 -20 -21 -22 22 23 -25 -26 -27 27 -29 -30 -31
leaf_value=0 0 1.1252415075465848e-05 0 0 0 0 0 0 4.364907442855383e-06 0 5.4542454937609456e-06 0 0 0 0 0 0 7.0413503992505964e-05 0 0 0 0 2.5113358667044793e-05 -0.00084840929140054004 0 0 0 0 0 -0.0051589036992505215
leaf_weight=264 740 14990 378 1091 25751 3677 1755 403 3039 1170 2937 2173 946 1443 1402 1795 1081 704 176 8821 1836 1080 73 3258 3411 1565 2802 3399 464 473
leaf_count=264 740 14990 378 1091 25751 3677 1755 403 3039 1170 2937 2173 946 1443 1402 1795 1081 704 176 8821 1836 1080 73 3258 3411 1565 2802 3399 464 473
internal_value=-0.0117783 -0.00475255 -0.0216172 -0.00222888 -0.0225484 -0.0185445 -0.00890925 -0.00625714 -0.00469661 -0.010946 -0.00314147 -0.0108659 -0.0115397 -0.00597314 -0.0234783 -0.0196043 -0.00778418 -0.00690824 -0.000425634 -0.00525624 -0.0144048 -0.000395394 -0.00272614 -0.000908136 -0.0103041 -0.0146037 -0.0121584 -0.0113407 -0.00947446 -0.00814504
internal_weight=93097 54313 38784 33795 35671 6723 20518 8748 14394 3113 4934 11770 3046 11355 28948 3197 1821 2877 3113 10264 2100 19401 4411 3331 3814 1943 8893 7138 3739 3275
internal_count=93097 54313 38784 33795 35671 6723 20518 8748 14394 3113 4934 11770 3046 11355 28948 3197 1821 2877 3113 10264 2100 19401 4411 3331 3814 1943 8893 7138 3739 3275
cat_boundaries=0 1 2 3 4 5 6 7 8 9
cat_threshold=360895 1 854943 1 327707 5246976 98571 1 1
is_linear=0
shrinkage=0.05


Tree=112
num_leaves=31
num_cat=8
split_feature=18 18 17 2 3 0 0 2 4 3 3 7 3 17 0 3 0 4 3 21 2 18 3 3 18 0 3 3 3 4
split_gain=2582.43 225.05 152.643 63.8145 113.437 63.4874 45.6407 39.4537 38.6121 25.8284 32.9518 25.4041 24.879 21.9592 20.799 19.5983 17.0873 16.0032 14.2251 13.0485 12.2101 15.294 12.1593 11.7514 11.2789 10.5964 9.84354 53.3209 15.3651 9.76073
threshold=0.13903062045574191 0.36096936464309698 0.21428572386503222 0 81.500000000000014 1 2 3 4.5000000000000009 73.500000000000014 84.500000000000014 28.69999980926514 41.500000000000007 0.35714286565780645 4 46.500000000000007 5 4.5000000000000009 81.500000000000014 4.4091365337371835 6 0.43239794671535497 47.500000000000007 46.500000000000007 0.47321428358554846 7 44.500000000000007 56.500000000000007 46.500000000000007 5.5000000000000009
decision_type=2 2 2 1 2 1 1 1 2 2 2 2 2 2 1 2 1 2 2 2 1 2 2 2 2 1 2 2 2 2
left_child=2 6 3 4 11 20 7 12 15 26 -11 16 14 22 29 -7 -1 -15 -14 -4 -3 -22 -8 -9 -23 -17 -5 28 -28 -2
right_child=1 5 19 9 -6 8 13 23 -10 10 -12 -13 18 17 -16 25 -18 -19 -20 -21 21 24 -24 -25 -26 -27 27 -29 -30 -31
leaf_value=0 0 1.0689794321692557e-05 0 0 0 0 0 0 4.1466620707126142e-06 0 0 0 5.181533219072898e-06 0 0 0 0 -0.00079761549048189924 0 0 0 2.3857690733692552e-05 0 0 -0.00081361564198281051 0 0 0 0 5.0412766505668761e-06
leaf_weight=361 670 15032 1165 11908 3709 1628 2777 391 3049 1574 1840 1102 2926 2215 1105 1971 2075 696 188 732 1064 77 6082 3370 3258 7741 920 12667 883 86
leaf_count=361 670 15032 1165 11908 3709 1628 2777 391 3049 1574 1840 1102 2926 2215 1105 1971 2075 696 188 732 1064 77 6082 3370 3258 7741 920 12667 883 86
internal_value=-0.0118205 -0.00477672 -0.0216483 -0.0223568 -0.0181489 -0.00227085 -0.00890959 -0.00614567 -0.00478679 -0.0233804 -0.0192882 -0.0117439 -0.00323116 -0.0109465 -0.00780494 -0.00613316 -0.0145936 -0.00718825 -0.000497752 -0.00781497 -0.000405072 -0.00272221 -0.0121938 -0.0100173 -0.00105697 -0.00528213 -0.0239101 -0.0230339 -0.0149889 -0.00130548
internal_weight=93262 54326 38936 37039 7247 33820 20506 8736 14389 29792 3414 3538 4975 11770 1861 11340 2436 2911 3114 1897 19431 4399 8859 3761 3335 9712 26378 14470 1803 756
internal_count=93262 54326 38936 37039 7247 33820 20506 8736 14389 29792 3414 3538 4975 11770 1861 11340 2436 2911 3114 1897 19431 4399 8859 3761 3335 9712 26378 14470 1803 756
cat_boundaries=0 1 2 3 4 5 6 7 8
cat_threshold=1 360895 854943 1 327707 2195723 1 5378048
is_linear=0
shrinkage=0.05


Tree=113
num_leaves=31
num_cat=9
split_feature=18 18 17 0 2 3 0 2 4 17 3 3 3 3 3 17 0 3 4 0 3 0 2 18 3 2 3 21 18 3
split_gain=2547.08 224.042 155.643 63.3607 52.5045 107.413 47.3619 37.5533 37.4017 29.7139 25.2712 21.5308 33.6468 20.9433 20.0831 20.0518 19.2108 14.9552 13.9465 13.56 13.5468 12.7271 12.5228 17.5857 11.904 10.5981 18.5493 10.49 10.1717 10.0236
threshold=0.13903062045574191 0.36096936464309698 1.0000000180025095e-35 0 1 81.500000000000014 2 3 4.5000000000000009 0.35714286565780645 41.500000000000007 73.500000000000014 84.500000000000014 41.500000000000007 46.500000000000007 0.35714286565780645 4 81.500000000000014 4.5000000000000009 5 46.500000000000007 6 7 0.43239794671535497 41.500000000000007 8 79.500000000000014 4.3887064456939706 0.47321428358554846 79.500000000000014
decision_type=2 2 2 1 1 2 1 1 2 2 2 2 2 2 2 2 1 2 2 1 2 1 1 2 2 1 2 2 2 2
left_child=2 6 4 22 5 13 7 10 14 27 16 -6 -13 19 -5 24 -2 -12 -17 -1 -9 -16 -3 -24 -8 26 -26 -4 -25 -15
right_child=1 3 9 8 11 -7 15 20 -10 -11 17 12 -14 29 21 18 -18 -19 -20 -21 -22 -23 23 28 25 -27 -28 -29 -30 -31
leaf_value=0 0 1.0155304605607929e-05 0 0 0 0 0 0 3.9393289671769836e-06 0 4.922456558119253e-06 0 0 0 0 0 0 0 -0.0011568059252046931 0 0 0 0 2.2664806197007927e-05 0 0 0 0 -0.00077293485988366999 0
leaf_weight=214 747 14907 370 1624 25763 3677 1727 381 3032 1190 2916 1393 1834 1199 1355 2189 1094 189 697 1417 3408 8375 1068 73 3300 3396 468 1574 3190 231
leaf_count=214 747 14907 370 1624 25763 3677 1727 381 3032 1190 2916 1393 1834 1199 1355 2189 1094 189 697 1417 3408 8375 1068 73 3300 3396 468 1574 3190 231
internal_value=-0.011846 -0.00483505 -0.0216124 -0.00232275 -0.0225495 -0.0185738 -0.0089533 -0.00613779 -0.0048312 -0.0109285 -0.00327537 -0.0234736 -0.0196235 -0.0116547 -0.00615202 -0.011027 -0.00791689 -0.000523349 -0.00741511 -0.0155273 -0.00989047 -0.00529291 -0.000444202 -0.00281113 -0.0122118 -0.0113135 -0.00948779 -0.0147377 -0.000988354 -0.00723776
internal_weight=92998 54136 38862 33624 35728 6738 20512 8735 14386 3134 4946 28990 3227 3061 11354 11777 1841 3105 2886 1631 3789 9730 19238 4331 8891 7164 3768 1944 3263 1430
internal_count=92998 54136 38862 33624 35728 6738 20512 8735 14386 3134 4946 28990 3227 3061 11354 11777 1841 3105 2886 1631 3789 9730 19238 4331 8891 7164 3768 1944 3263 1430
cat_boundaries=0 1 2 3 4 5 6 7 8 9
cat_threshold=360895 1 854943 1 327707 98635 5246976 1 1
is_linear=0
shrinkage=0.05


Tree=114
num_leaves=31
num_cat=9
split_feature=18 18 17 0 2 3 0 4 2 17 3 7 3 3 3 0 17 0 3 3 4 2 18 0 4 3 2 3 18 21
split_gain=2565.46 228.562 159.957 61.7097 50.4545 104.566 42.4348 39.3834 39.0016 26.8005 24.1974 22.913 22.8148 34.0533 21.0003 20.2525 20.2381 16.4121 14.3371 14.1588 13.9014 12.8459 15.7632 11.7919 11.7896 11.6895 11.3558 19.8754 11.0651 10.9232
threshold=0.13903062045574191 0.36096936464309698 1.0000000180025095e-35 0 1 81.500000000000014 2 4.5000000000000009 3 0.35714286565780645 41.500000000000007 28.69999980926514 73.500000000000014 84.500000000000014 46.500000000000007 4 0.35714286565780645 5 81.500000000000014 46.500000000000007 4.5000000000000009 6 0.43239794671535497 7 5.5000000000000009 41.500000000000007 8 79.500000000000014 0.47321428358554846 4.3887064456939706
decision_type=2 2 2 1 1 2 1 2 1 2 2 2 2 2 2 1 2 1 2 2 2 1 2 1 2 2 1 2 2 2
left_child=2 6 4 21 5 11 8 14 10 29 15 17 -6 -14 -5 24 25 -1 -12 -10 -18 -3 -23 -16 -2 -8 27 -27 -24 -4
right_child=1 3 9 7 12 -7 16 -9 19 -11 18 -13 13 -15 23 -17 20 -19 -20 -21 -22 22 28 -25 -26 26 -28 -29 -30 -31
leaf_value=0 0 9.7662776760237278e-06 0 0 0 0 0 3.742362518818134e-06 0 0 3.9761898208136836e-06 0 0 0 0 0 0 0 0 0 -0.0010730410119799449 0 2.1531565887157531e-05 0 4.7892128180385327e-06 0 0 0 -0.00076771206713750816 0
leaf_weight=248 654 14938 380 1640 25750 3701 1727 3031 387 1207 2937 936 1399 1819 1068 1115 2209 1857 185 3362 703 1056 79 8623 90 3269 3386 465 3243 1557
leaf_count=248 654 14938 380 1640 25750 3701 1727 3031 387 1207 2937 936 1399 1819 1068 1115 2209 1857 185 3362 703 1056 79 8623 90 3269 3386 465 3243 1557
internal_value=-0.0118062 -0.00477366 -0.0216104 -0.00224033 -0.0225623 -0.0186666 -0.00893772 -0.00472099 -0.00627002 -0.0107983 -0.00337784 -0.0117971 -0.023469 -0.0194997 -0.00607846 -0.00789403 -0.0109036 -0.0146912 -0.000688661 -0.0101294 -0.00729739 -0.000393253 -0.00277524 -0.00519296 -0.00139257 -0.012103 -0.0112079 -0.00930637 -0.00108368 -0.0144424
internal_weight=93021 54167 38854 33678 35710 6742 20489 14362 8730 3144 4981 3041 28968 3218 11331 1859 11759 2105 3122 3749 2912 19316 4378 9691 744 8847 7120 3734 3322 1937
internal_count=93021 54167 38854 33678 35710 6742 20489 14362 8730 3144 4981 3041 28968 3218 11331 1859 11759 2105 3122 3749 2912 19316 4378 9691 744 8847 7120 3734 3322 1937
cat_boundaries=0 1 2 3 4 5 6 7 8 9
cat_threshold=360895 1 854943 1 327707 98571 1 4198400 1
is_linear=0
shrinkage=0.05


Tree=115
num_leaves=31
num_cat=10
split_feature=18 18 17 0 2 7 0 2 4 17 7 4 21 0 19 18 7 2 18 18 7 0 7 0 18 0 0 7 18 4
split_gain=2569.25 238.72 154.905 65.9508 64.4579 85.2859 44.4866 38.4585 36.561 19.4423 19.2778 14.8811 13.8187 11.5952 11.1589 10.8157 10.6207 10.1442 16.9127 9.81971 8.8173 9.04616 8.66018 8.06569 7.80903 7.78759 7.68031 7.6589 7.56268 7.36179
threshold=0.13903062045574191 0.36096936464309698 0.21428572386503222 0 1 27.10000038146973 2 3 4.5000000000000009 0.35714286565780645 28.69999980926514 4.5000000000000009 4.4091365337371835 4 0.99914938211441051 0.22576530277729037 28.69999980926514 5 0.43239794671535497 0.47321428358554846 31.500000000000004 6 24.500000000000004 7 0.24362244457006457 8 9 28.899999618530277 0.036989796906709678 4.5000000000000009
decision_type=2 2 2 1 1 2 1 1 2 2 2 2 2 1 2 2 2 1 2 2 2 1 2 1 2 1 1 2 2 2
left_child=2 6 4 17 5 14 7 10 13 -8 23 24 26 -5 -1 27 -7 20 -19 -20 -3 -22 -16 -2 -11 -12 -4 -9 -6 -25
right_child=1 3 12 8 28 16 9 15 -10 11 25 -13 -14 -15 22 -17 -18 18 19 -21 21 -23 -24 29 -26 -27 -28 -29 -30 -31
leaf_value=0 0 -3.7606047233711875e-06 6.6560599874009142e-07 0 0 0 0 0 3.5552443928772271e-06 0 -0.00013520595666088829 -0.0010323512698632044 0 0 0 0 0 0 2.0454987592799655e-05 -0.00069292105286492087 0.025236631457664062 0.00056581299543606025 0 0 0 0.0048841093786033407 0 0 0 4.5497521771366049e-06
leaf_weight=2703 878 11628 506 2306 28929 701 8885 900 3018 631 537 698 737 9065 1002 1838 1116 1079 79 3222 1285 2062 1705 1535 1539 1539 651 1050 697 465
leaf_count=2703 878 11628 506 2306 28929 701 8885 900 3018 631 537 698 737 9065 1002 1838 1116 1079 79 3222 1285 2062 1705 1535 1539 1539 651 1050 697 465
internal_value=-0.0118206 -0.0047959 -0.0216539 -0.00221076 -0.0223706 -0.0181368 -0.00905221 -0.00632427 -0.0047729 -0.0110665 -0.00343157 -0.00749651 -0.00770855 -0.00607466 -0.0212847 -0.0101241 -0.00876445 -0.000303382 -0.00242009 -0.000643744 0.000315526 0.00257693 -0.0190155 -0.00608061 -0.00953917 0.000240848 -0.00429991 -0.0127179 -0.0234034 -0.00425373
internal_weight=92986 54239 38747 33744 36853 7227 20495 8742 14389 11753 4954 2868 1894 11371 5410 3788 1817 19355 4380 3301 14975 3347 2707 2878 2170 2076 1157 1950 29626 2000
internal_count=92986 54239 38747 33744 36853 7227 20495 8742 14389 11753 4954 2868 1894 11371 5410 3788 1817 19355 4380 3301 14975 3347 2707 2878 2170 2076 1157 1950 29626 2000
cat_boundaries=0 1 2 3 4 5 6 7 8 9 10
cat_threshold=360895 1 854943 1 5378048 1 188 526464 768 2474595
is_linear=0
shrinkage=0.05


Tree=116
num_leaves=31
num_cat=7
split_feature=17 16 3 3 3 3 0 3 3 4 21 17 0 0 17 0 21 4 3 21 4 0 21 17 3 0 4 3 0 3
split_gain=1256.44 549.933 105.372 211.732 78.081 143.096 70.4473 54.3916 36.7877 33.1296 25.8698 25.6279 20.036 19.3548 18.1988 16.1231 15.3947 14.7768 14.5641 13.8339 13.4762 11.6194 10.1713 9.53861 9.22089 7.88891 7.46249 7.44147 7.1935 7.11843
threshold=0.21428572386503222 0.18750000000000003 44.500000000000007 56.500000000000007 83.500000000000014 74.500000000000014 0 47.500000000000007 80.500000000000014 4.5000000000000009 4.3743658065795907 1.0000000180025095e-35 1 2 1.0000000180025095e-35 3 4.3785598278045663 4.5000000000000009 46.500000000000007 4.3789420127868661 4.5000000000000009 4 4.3279523849487314 2.0714285373687749 79.500000000000014 5 4.5000000000000009 47.500000000000007 6 33.500000000000007
decision_type=2 2 2 2 2 2 1 2 2 2 2 2 1 1 2 1 2 2 2 2 2 1 2 2 2 1 2 2 1 2
left_child=1 2 11 7 5 10 17 26 12 15 -5 16 -7 -3 -12 -8 25 24 -17 29 28 -9 -19 -24 27 -1 -4 -2 -10 -15
right_child=6 13 3 4 -6 8 9 21 20 -11 14 -13 -14 19 -16 18 -18 22 -20 -21 -22 -23 23 -25 -26 -27 -28 -29 -30 -31
leaf_value=0 -6.9851516771904321e-06 0 0 0 0 0 0 0 0 -0.00034569377125220083 0 0 0 0 0 0 0 -0.002469360070168158 0 0 0 0 0.0045965242182858584 0.047133971072191874 0 0 0 0 0 0
leaf_weight=4786 3162 2179 2004 12621 5256 2018 1680 1939 847 2929 4792 700 1762 111 797 1375 4744 913 6338 1162 403 2636 1957 504 777 7455 604 8927 1500 6198
leaf_count=4786 3162 2179 2004 12621 5256 2018 1680 1939 847 2929 4792 700 1762 111 797 1375 4744 913 6338 1162 403 2636 1957 504 777 7455 604 8927 1500 6198
internal_value=-0.0118258 -0.0156912 -0.0176272 -0.016116 -0.0179624 -0.0167866 -0.00309502 -0.00840526 -0.0104364 -0.00594389 -0.0190637 -0.0208044 -0.00723545 -0.00468394 -0.0218957 -0.00739647 -0.0211908 -0.000929231 -0.00639972 -0.00345876 -0.0148364 -0.00512022 0.00201541 0.00368753 -0.00170216 -0.0202537 -0.0141679 -0.00136281 -0.0162867 -0.00254002
internal_weight=93076 64514 54864 37179 29996 24740 28562 7183 6530 12322 18210 17685 3780 9650 5589 9393 16985 16240 7713 7471 2750 4575 3374 2461 12866 12241 2608 12089 2347 6309
internal_count=93076 64514 54864 37179 29996 24740 28562 7183 6530 12322 18210 17685 3780 9650 5589 9393 16985 16240 7713 7471 2750 4575 3374 2461 12866 12241 2608 12089 2347 6309
cat_boundaries=0 1 2 3 4 5 6 7
cat_threshold=885183 5938368 5379136 5246976 2436509 622959 820124
is_linear=0
shrinkage=0.05


Tree=117
num_leaves=31
num_cat=11
split_feature=18 18 17 2 3 0 17 4 0 0 3 3 0 3 3 2 3 2 3 4 0 0 3 0 4 3 3 3 3 0
split_gain=2580.84 214.387 160.336 63.2878 113.413 60.2472 58.5339 36.205 34.2507 31.7021 25.972 33.8794 23.8017 22.2067 19.4026 15.7132 14.8283 13.6275 26.2648 12.8716 12.7001 11.9807 11.4605 11.7264 9.93683 9.71051 52.7984 15.7562 9.37251 8.62099
threshold=0.13903062045574191 0.37117348611354833 0.21428572386503222 0 81.500000000000014 1 0.21428572386503222 4.5000000000000009 2 3 73.500000000000014 84.500000000000014 4 41.500000000000007 46.500000000000007 5 47.500000000000007 6 80.500000000000014 2.5000000000000004 7 8 41.500000000000007 9 4.5000000000000009 44.500000000000007 56.500000000000007 46.500000000000007 74.500000000000014 10
decision_type=2 2 2 1 2 1 2 2 1 1 2 2 1 2 2 1 2 1 2 2 1 1 2 1 2 2 2 2 2 1
left_child=2 6 3 4 12 -3 9 14 24 15 25 28 -1 -14 -7 22 -11 18 20 -4 -18 -16 23 -2 -8 -5 27 -27 -12 -21
right_child=1 5 19 10 -6 7 8 -9 -10 16 11 -13 13 -15 21 -17 17 -19 -20 29 -22 -23 -24 -25 -26 26 -28 -29 -30 -31
leaf_value=0 0 0 0 0 0 0 0 3.3774821732333659e-06 0 0 0 0 0 0 0 0 -2.1606369744330722e-07 0 0 0.019918743556334165 0 0 0 0 -0.0011232569051045169 0 0 0 0 0
leaf_weight=476 317 19270 290 11753 3712 1602 2217 3022 3877 3340 436 1842 1638 1391 1338 1665 1073 3517 462 174 1993 8306 1264 437 553 916 12610 876 1124 1457
leaf_count=476 317 19270 290 11753 3712 1602 2217 3022 3877 3340 436 1842 1638 1391 1338 1665 1073 3517 462 174 1993 8306 1264 437 553 916 12610 876 1124 1457
internal_value=-0.0117517 -0.00471541 -0.0216171 -0.0223527 -0.0181551 -0.00224521 -0.0087147 -0.00470654 -0.00484805 -0.0105417 -0.0233777 -0.0192681 -0.0117047 -0.0133185 -0.00601547 -0.00649201 -0.0119601 -0.0106707 -0.00847506 -0.00753514 -0.00680039 -0.00516902 -0.00354311 -0.00842175 -0.00908273 -0.0239123 -0.0230419 -0.0150112 -0.0138462 -0.00580932
internal_weight=92948 54253 38695 36774 7217 33538 20715 14268 6647 14068 29557 3402 3505 3029 11246 3683 10385 7045 3528 1921 3066 9644 2018 754 2770 26155 14402 1792 1560 1631
internal_count=92948 54253 38695 36774 7217 33538 20715 14268 6647 14068 29557 3402 3505 3029 11246 3683 10385 7045 3528 1921 3066 9644 2018 754 2770 26155 14402 1792 1560 1631
cat_boundaries=0 1 2 3 4 5 6 7 8 9 10 11
cat_threshold=1 360895 5403712 590237 65867 1 1 313954 5246976 65561 32800
is_linear=0
shrinkage=0.05


Tree=118
num_leaves=31
num_cat=7
split_feature=18 18 2 3 1 3 3 18 4 7 3 1 2 3 3 3 3 4 2 7 1 7 3 3 3 18 2 19 3 4
split_gain=2598.24 210.211 118.192 157.615 40.9234 34.6479 42.1322 31.2677 28.494 27.8139 18.8006 18.1834 20.873 13.4753 12.8703 70.1256 17.9513 12.8208 11.4882 17.6651 12.2862 11.0428 10.9977 9.82666 15.3069 9.34005 12.2139 8.21187 6.93312 6.6554
threshold=0.13903062045574191 0.36096936464309698 0 81.500000000000014 1 73.500000000000014 84.500000000000014 0.16326531022787097 4.5000000000000009 28.69999980926514 46.500000000000007 2 3 42.500000000000007 44.500000000000007 56.500000000000007 46.500000000000007 4.5000000000000009 4 30.10000038146973 5 28.69999980926514 74.500000000000014 74.500000000000014 56.500000000000007 0.45280611515045172 6 1.1669636368751528 45.500000000000007 4.5000000000000009
decision_type=2 2 1 2 1 2 2 2 2 2 2 1 1 2 2 2 2 2 1 2 1 2 2 2 2 2 1 2 2 2
left_child=2 7 3 9 25 14 22 18 10 27 -6 12 17 -13 -4 16 -16 21 19 20 -2 -9 -7 24 -20 26 -3 -1 -27 -21
right_child=1 4 5 -5 8 6 -8 11 -10 -11 -12 13 -14 -15 15 -17 -18 -19 23 29 -22 -23 -24 -25 -26 28 -28 -29 -30 -31
leaf_value=0 0 0 0 0 0 0 0 0 3.2086080645716978e-06 0 0 0 0 0 0 0 0 4.8137890417100456e-06 0 0 0 0 0 0 0 -0.0009149489521679936 0 0 -3.5725744872026287e-06 0.017288323523131241
leaf_weight=2635 950 2471 11841 3749 1213 472 1867 1631 2607 1764 8299 1156 2681 5301 974 12720 1109 758 1474 929 2171 1298 1375 1260 676 3137 1350 247 14681 182
leaf_count=2635 950 2471 11841 3749 1213 472 1867 1631 2607 1764 8299 1156 2681 5301 974 12720 1109 758 1474 929 2171 1298 1375 1260 676 3137 1350 247 14681 182
internal_value=-0.0117635 -0.00469756 -0.0216506 -0.0163996 -0.00227354 -0.0231026 -0.0185784 -0.00869571 -0.00459848 -0.0102454 -0.00587153 -0.00718713 -0.00526027 -0.00906525 -0.0237333 -0.0227505 -0.0142463 -0.0028275 -0.0112274 -0.00948724 -0.0114146 -0.00432742 -0.0132241 -0.0133871 -0.0154419 -0.000968867 -0.00321251 -0.013272 -0.00048827 -0.00407291
internal_weight=92978 54225 38753 8395 33758 30358 3714 20467 12119 4646 9512 12825 6368 6457 26644 14803 2083 3687 7642 4232 3121 2929 1847 3410 2150 21639 3821 2882 17818 1111
internal_count=92978 54225 38753 8395 33758 30358 3714 20467 12119 4646 9512 12825 6368 6457 26644 14803 2083 3687 7642 4232 3121 2929 1847 3410 2150 21639 3821 2882 17818 1111
cat_boundaries=0 1 2 3 4 5 6 7
cat_threshold=1 3 3 1 1 8 1
is_linear=0
shrinkage=0.05


Tree=119
num_leaves=31
num_cat=7
split_feature=18 18 17 17 0 4 0 0 17 3 3 0 3 3 3 4 3 3 21 18 0 3 3 3 3 19 0 0 3 21
split_gain=2565.6 211.461 157.726 58.7135 58.1474 35.3087 32.6938 29.0498 28.0974 17.6745 14.6189 11.3279 10.8367 49.8701 15.9836 10.0428 9.40821 8.68536 8.6671 8.45387 7.82467 7.44477 21.6433 31.4161 7.2001 7.52543 7.03825 7.0058 6.81178 6.20455
threshold=0.13903062045574191 0.36096936464309698 1.0000000180025095e-35 0.21428572386503222 0 4.5000000000000009 1 2 0.35714286565780645 46.500000000000007 47.500000000000007 3 44.500000000000007 56.500000000000007 46.500000000000007 4.5000000000000009 37.500000000000007 80.500000000000014 4.3887064456939706 0.16624149680137637 4 85.500000000000014 73.500000000000014 81.500000000000014 74.500000000000014 0.99254107475280773 5 6 74.500000000000014 4.3299646377563485
decision_type=2 2 2 2 1 2 1 1 2 2 2 1 2 2 2 2 2 2 2 2 1 2 2 2 2 2 1 1 2 2
left_child=2 3 12 7 20 9 15 -2 18 -6 -9 -11 -1 14 -14 -5 -7 26 -4 -8 -3 22 -15 28 -22 -26 -12 -10 -24 -18
right_child=1 4 8 6 5 16 19 10 27 11 17 -13 13 21 -16 -17 29 -19 -20 -21 24 -23 23 -25 25 -27 -28 -29 -30 -31
leaf_value=0 0 0.013926708942285948 0 0 0 -0.0013154185588708819 0 0 0.021561642033975044 0 0 0 0 0 0 -0.0010698609587136709 -5.5009492401920487e-06 0 0 0 0 0 0 0 -0.00010679389952913574 9.1070148799308541e-06 0 0 0 4.4821921683802112e-05
leaf_weight=13656 3654 2698 381 2138 1636 68 603 3334 117 1370 1012 8322 851 12909 937 569 1147 1150 1576 3099 13630 2750 430 3120 1894 1142 4876 1076 1032 1848
leaf_count=13656 3654 2698 381 2138 1636 68 603 3334 117 1370 1012 8322 851 12909 937 569 1147 1150 1576 3099 13630 2750 430 3120 1894 1142 4876 1076 1032 1848
internal_value=-0.0118052 -0.00477579 -0.0216139 -0.00879007 -0.00234558 -0.00475141 -0.00482525 -0.0106017 -0.0108889 -0.00604255 -0.0119582 -0.00523112 -0.0225606 -0.0218746 -0.0138702 -0.00898969 8.16193e-06 -0.0106777 -0.0145759 -0.00175108 -0.000554867 -0.0225816 -0.0222014 -0.0192492 -0.000959463 -0.00316206 -0.00990149 -0.00484074 -0.0132011 0.00042571
internal_weight=93025 54190 38835 20435 33755 14391 6409 14026 3150 11328 10372 9692 35685 22029 1788 2707 3063 7038 1957 3702 19364 20241 17491 4582 16666 3036 5888 1193 1462 2995
internal_count=93025 54190 38835 20435 33755 14391 6409 14026 3150 11328 10372 9692 35685 22029 1788 2707 3063 7038 1957 3702 19364 20241 17491 4582 16666 3036 5888 1193 1462 2995
cat_boundaries=0 1 2 3 4 5 6 7
cat_threshold=360895 5403712 590237 5246976 16 36864 32784
is_linear=0
shrinkage=0.05


end of trees

feature_importances:
slot=1094
sku=600
fg=413
dow=406
roll_7d=368
lag_7d=325
temp_c=124
rating=102
is_weekend=47
ratio_so_far=32
cat=30
holiday=27
lag_1d=15
price_ratio=14
weather=2
rain_mm_h=1

parameters:
[boosting: gbdt]
[objective: quantile]
[metric: quantile]
[tree_learner: serial]
[device_type: cpu]
[data_sample_strategy: bagging]
[data: ]
[valid: ]
[num_iterations: 120]
[learning_rate: 0.05]
[num_leaves: 31]
[num_threads: 4]
[seed: 0]
[deterministic: 0]
[force_col_wise: 0]
[force_row_wise: 0]
[histogram_pool_size: -1]
[max_depth: -1]
[min_data_in_leaf: 20]
[min_sum_hessian_in_leaf: 0.001]
[bagging_fraction: 0.9]
[pos_bagging_fraction: 1]
[neg_bagging_fraction: 1]
[bagging_freq: 1]
[bagging_seed: 7719]
[bagging_by_query: 0]
[feature_fraction: 0.9]
[feature_fraction_bynode: 1]
[feature_fraction_seed: 2437]
[extra_trees: 0]
[extra_seed: 11797]
[early_stopping_round: 0]
[early_stopping_min_delta: 0]
[first_metric_only: 0]
[max_delta_step: 0]
[lambda_l1: 0]
[lambda_l2: 0]
[linear_lambda: 0]
[min_gain_to_split: 0]
[drop_rate: 0.1]
[max_drop: 50]
[skip_drop: 0.5]
[xgboost_dart_mode: 0]
[uniform_drop: 0]
[drop_seed: 21238]
[top_rate: 0.2]
[other_rate: 0.1]
[min_data_per_group: 100]
[max_cat_threshold: 32]
[cat_l2: 10]
[cat_smooth: 10]
[max_cat_to_onehot: 4]
[top_k: 20]
[monotone_constraints: ]
[monotone_constraints_method: basic]
[monotone_penalty: 0]
[feature_contri: ]
[forcedsplits_filename: ]
[refit_decay_rate: 0.9]
[cegb_tradeoff: 1]
[cegb_penalty_split: 0]
[cegb_penalty_feature_lazy: ]
[cegb_penalty_feature_coupled: ]
[path_smooth: 0]
[interaction_constraints: ]
[verbosity: -1]
[saved_feature_importance_type: 0]
[use_quantized_grad: 0]
[num_grad_quant_bins: 4]
[quant_train_renew_leaf: 0]
[stochastic_rounding: 1]
[linear_tree: 0]
[max_bin: 255]
[max_bin_by_feature: ]
[min_data_in_bin: 3]
[bin_construct_sample_cnt: 200000]
[data_random_seed: 38]
[is_enable_sparse: 1]
[enable_bundle: 1]
[use_missing: 1]
[zero_as_missing: 0]
[feature_pre_filter: 1]
[pre_partition: 0]
[two_round: 0]
[header: 0]
[label_column: ]
[weight_column: ]
[group_column: ]
[ignore_column: ]
[categorical_feature: 0,1,2,6]
[forcedbins_filename: ]
[precise_float_parser: 0]
[parser_config_file: ]
[objective_seed: 8855]
[num_class: 1]
[is_unbalance: 0]
[scale_pos_weight: 1]
[sigmoid: 1]
[boost_from_average: 1]
[reg_sqrt: 0]
[alpha: 0.5]
[fair_c: 1]
[poisson_max_delta_step: 0.7]
[tweedie_variance_power: 1.5]
[lambdarank_truncation_level: 30]
[lambdarank_norm: 1]
[label_gain: ]
[lambdarank_position_bias_regularization: 0]
[eval_at: ]
[multi_error_top_k: 1]
[auc_mu_weights: ]
[num_machines: 1]
[local_listen_port: 12400]
[time_out: 120]
[machine_list_filename: ]
[machines: ]
[gpu_platform_id: -1]
[gpu_device_id: -1]
[gpu_device_id_list: ]
[gpu_use_dp: 0]
[num_gpu: 1]

end of parameters

pandas_categorical:null
