tree
version=v4
num_class=1
num_tree_per_iteration=1
label_index=0
max_feature_idx=21
objective=quantile
feature_names=sku cat fg slot dow is_weekend weather temp_c rain_mm_h holiday cricket exam payday price_ratio featured hidden lag_1d lag_7d roll_7d ratio_so_far h rating
feature_infos=-1:0:1:2:3:4:5:6:7:8:9:10:11:12:13:14:15:16:17:18:19:20:21:22 -1:0:1:2:3 -1:0:1 [32:87] [0:6] [0:1] -1:0:1:2:3:4 [19.399999618530273:33] [0:6] [0:1] none none [0:1] [0.8888888955116272:1.1111111640930176] none [0:1] [0:32] [0:32] [0:6.7142858505249023] [0.40000000596046448:2] [1:16] [4.3535852432250977:4.4286198616027832]
tree_sizes=2444 2852 2794 2846 2889 2846 2868 2811 2860 2787 2896 2849 2914 2873 2878 2855 2879 2895 2868 2925 2847 2875 2895 2891 2858 2887 2904 2895 2867 2864 2884 2911 2950 2862 2892 2904 2904 2898 2915 2906 2938 2895 2935 2910 2907 2893 2931 2913 2870 2886 2942 2923 2915 2905 2946 2904 2907 2910 2921 2910 2882 2918 2913 2959 2912 2864 2878 2905 2895 2926 2908 2918 2974 2947 2934 2917 2897 2922 2946 2941 2928 2936 2916 2931 2924 2959 2945 2942 2893 2972 2935 2915 2942 2976 2945 2917 2943 2970 2923 2992 2919 2921 2939 2917 2922 2949 2971 2916 2943 2927 2907 2939 2933 2934 2899 2938 2938 2916 2928 2950

Tree=0
num_leaves=31
num_cat=5
split_feature=18 0 18 3 0 3 16 7 19 2 0 13 21 21 13 18 4 18 19 8 3 4 21 13 21 13 4 19 0 19
split_gain=180.9 57.4886 30.8432 17.5143 13.2377 9.55814 10.6623 8.8971 8.61968 8.73868 6.71457 5.40036 4.96146 4.63366 4.06931 4.05271 3.97062 4.77486 4.31737 3.83578 3.53605 4.26238 5.57853 5.16397 3.79398 5.69164 3.41301 3.37086 3.30614 3.2052
threshold=0.35714286565780645 0 1.0000000180025095e-35 74.500000000000014 1 41.500000000000007 1.0000000180025095e-35 30.10000038146973 0.40771512687206274 2 3 0.97776681184768688 4.3818645477294931 4.4055767059326181 0.92724865674972545 0.6428571641445161 1.0000000180025095e-35 1.0714285969734194 0.78143310546875011 1.0000000180025095e-35 58.500000000000007 4.5000000000000009 4.3781974315643319 1.0638586878776553 4.3754107952117929 1.0204166769981386 4.5000000000000009 1.5294036865234377 4 1.3640589714050295
decision_type=2 1 2 2 1 2 2 2 2 1 1 2 2 2 2 2 2 2 2 2 2 2 2 2 2 2 2 2 1 2
left_child=2 3 -1 5 26 -2 8 -3 -7 16 12 13 -9 -8 -15 -14 18 -18 -10 -11 21 24 -23 -24 25 -13 -4 -17 -6 -19
right_child=1 7 4 -5 28 6 11 10 9 19 -12 20 15 14 -16 27 17 29 -20 -21 -22 22 23 -25 -26 -27 -28 -29 -30 -31
leaf_value=0.94999999999999996 1.05 1 1.05 1 1 0.94999999999999996 1.1000000000000001 1.05 1.25 1.05 1 1.1499999999999999 1.05 1.1499999999999999 1.1000000000000001 1.05 1.1000000000000001 1.1499999999999999 1.1499999999999999 1.1000000000000001 1 1.0299998998641968 1.25 0.94999999999999996 1 1.05 1 1.2 1 1.45
leaf_weight=37015 1082 5096 2296 1255 6867 108 1287 1881 20 593 2999 44 708 95 68 690 1186 825 479 161 372 85 101 22 388 136 642 73 7697 77
leaf_count=37015 1082 5096 2296 1255 6867 108 1287 1881 20 593 2999 44 708 95 68 690 1186 825 479 161 372 85 101 22 388 136 642 73 7697 77
internal_value=0.998109 1.0022 0.996622 1.00534 0.998351 1.00631 1.00708 0.999892 1.0089 1.00935 1.00114 1.00466 1.00267 1.00669 1.01463 1.00486 1.01073 1.00977 1.01474 1.00462 1.0021 1.00402 1.01014 1.01695 1.00178 1.00778 1.00141 1.00739 0.997734 1.01252
internal_weight=74348 19831 54517 8384 17502 7129 6047 11447 3449 3341 6351 2598 3352 1450 163 1471 2587 2088 499 754 1148 776 208 123 568 180 2938 763 14564 902
internal_count=74348 19831 54517 8384 17502 7129 6047 11447 3449 3341 6351 2598 3352 1450 163 1471 2587 2088 499 754 1148 776 208 123 568 180 2938 763 14564 902
cat_boundaries=0 1 2 3 4 5
cat_threshold=360467 360451 1 1066660 5910792
is_linear=0
shrinkage=1


Tree=1
num_leaves=31
num_cat=4
split_feature=15 2 1 7 3 3 3 3 3 3 13 3 4 3 18 18 4 3 18 1 4 3 6 18 13 4 3 7 19 18
split_gain=413.846 184.833 121.17 73.3791 52.6542 28.934 47.5222 26.9197 24.9587 21.5274 23.3153 17.6012 15.0356 14.8317 25.2428 14.2696 15.4748 13.8753 29.1795 12.2715 11.7476 10.3624 10.3236 13.6581 10.0046 9.15297 7.72697 6.90989 6.85544 6.3023
threshold=1.0000000180025095e-35 0 1 28.69999980926514 44.500000000000007 56.500000000000007 74.500000000000014 81.500000000000014 41.500000000000007 44.500000000000007 0.93142634630203258 45.500000000000007 4.5000000000000009 84.500000000000014 1.0000000180025095e-35 1.0000000180025095e-35 5.5000000000000009 81.500000000000014 1.0000000180025095e-35 2 5.5000000000000009 46.500000000000007 3 1.0000000180025095e-35 1.0685737133026125 3.5000000000000004 59.500000000000007 28.10000038146973 0.95473417639732372 1.0000000180025095e-35
decision_type=2 1 1 2 2 2 2 2 2 2 2 2 2 2 2 2 2 2 2 1 2 2 1 2 2 2 2 2 2 2
left_child=1 2 3 7 -3 19 -7 8 29 12 25 -4 -5 14 20 -12 24 18 -13 21 28 -6 -10 -24 -17 -11 -20 -25 -8 -1
right_child=-2 4 11 9 5 6 13 -9 22 10 15 17 -14 -15 -16 16 -18 -19 26 -21 -22 -23 23 27 -26 -27 -28 -29 -30 -31
leaf_value=0.0025000000000000022 -0.047500000000000001 -0.047500000000000001 0 0.047500000000000001 0 -0.047500000000000001 0.052500000000000005 -0.047500000000000001 0.050000000000000003 0.14750000000000002 0.10249999999999999 0.0025000000000000022 0.14199998438358308 -0.047500000000000001 0.050000000000000003 0.10000000000000001 0.33750000000000002 -0.047500000000000001 0.050000000000000003 0.0025000000000000022 -0.047500000000000001 0.095000000000000001 0.10249999999999999 0.10000000000000001 0.050000000000000003 0.29500000000000004 0.047500000000000001 0.20149984657764436 0.052500000000000005 0.047500000000000001
leaf_weight=407 36397 5788 3044 650 454 5546 328 654 367 630 335 961 132 555 1466 2537 70 498 2518 2435 84 1809 195 918 405 317 2490 199 452 1550
leaf_count=407 36397 5788 3044 650 454 5546 328 654 367 630 335 961 132 555 1466 2537 70 498 2518 2435 84 1809 195 918 405 317 2490 199 452 1550
internal_value=-0.00113835 0.00252633 0.00602664 0.0100597 -0.000966592 0.000784902 -0.000967265 0.00525641 0.00693619 0.0141391 0.0155286 0.00204233 0.00650895 0.00423743 0.00598712 0.0135689 0.0124801 0.00352018 0.00418914 0.00392933 0.0127662 0.00657061 0.0114086 0.0134569 0.0119273 0.0224551 0.00265775 0.0114279 0.0146795 0.00309913
internal_weight=74191 37794 18877 9366 18917 13129 8431 4290 3636 5076 4294 9511 782 2885 2330 3347 3012 6467 5969 4698 864 2263 1679 1312 2942 947 5008 1117 780 1957
internal_count=74191 37794 18877 9366 18917 13129 8431 4290 3636 5076 4294 9511 782 2885 2330 3347 3012 6467 5969 4698 864 2263 1679 1312 2942 947 5008 1117 780 1957
cat_boundaries=0 1 2 3 4
cat_threshold=1 3 3 1
is_linear=0
shrinkage=0.05


Tree=2
num_leaves=31
num_cat=11
split_feature=15 18 0 2 7 0 18 0 18 7 6 18 2 4 7 2 4 13 7 7 0 7 4 0 7 0 6 13 7 21
split_gain=348.189 183.831 111.889 74.618 26.454 22.3875 22.1931 21.5353 15.3419 14.3515 9.90224 8.38392 7.85181 10.0523 7.19882 7.68527 6.44471 6.22492 5.70709 4.43325 4.41147 4.31799 3.90507 3.8471 3.56741 3.44499 3.3574 3.84771 3.56148 3.35482
threshold=1.0000000180025095e-35 0.35714286565780645 0 1 27.400000572204593 2 1.0000000180025095e-35 3 1.0000000180025095e-35 30.10000038146973 4 1.6428571343421938 5 5.5000000000000009 28.69999980926514 6 1.5000000000000002 1.0763403773307803 32.899999618530281 32.100000381469734 7 30.500000000000004 4.5000000000000009 8 25.69999980926514 9 10 0.9787137806415559 30.10000038146973 4.3740921020507821
decision_type=2 2 1 1 2 1 2 1 2 2 1 2 1 2 2 1 2 2 2 2 1 2 2 1 2 1 1 2 2 2
left_child=1 3 7 4 24 18 25 11 -5 10 16 14 13 17 -3 22 29 21 26 -4 -10 -11 -16 -8 -1 -7 27 -6 -28 -9
right_child=-2 2 19 8 5 6 23 9 20 12 -12 -13 -14 -15 15 -17 -18 -19 -20 -21 -22 -23 -24 -25 -26 -27 28 -29 -30 -31
leaf_value=-0.0023750000000000051 -0.045124999999999998 0.095125000000000001 0.047500000000000001 -0.045124999999999998 0.1452374864667654 0.00057499366998672809 0.047500000000000001 0.039974997967481614 0.045250000000000005 0.089999999999999997 0.047500000000000001 0.23750000000000002 0.090249999999999997 0.22961249731481079 0.13999999999999999 0.092749999999999999 0.087242484129716857 0.047500000000000001 0.21631246878206734 0.047625000000000001 -0.00012499999999999735 0.13750000000000001 0.42043735627830031 0 0.0023750000000000051 0.0025000000000000022 0.047625000000000001 0.092859997355335386 0.095000000000000001 0.19024999868869782
leaf_weight=2046 36262 369 5114 13282 240 119 614 32 1172 197 1503 411 430 54 396 211 272 123 26 1132 1953 1030 76 2295 2065 1079 630 352 401 221
leaf_count=2046 36262 369 5114 13282 240 119 614 32 1172 197 1503 411 430 54 396 211 272 123 26 1132 1953 1030 76 2295 2065 1079 630 352 401 221
internal_value=-0.00141599 0.00193883 0.00718996 -0.000373755 0.00306223 0.00525017 0.00324629 0.012507 -0.00244012 0.01047 0.00759862 0.0177766 0.0137023 0.0155128 0.0155323 0.0185725 0.0135047 0.0146667 0.0101597 0.00263267 0.000711999 0.0157416 0.0221186 0.000895496 -1.21744e-06 0.00898163 0.00984904 0.0130233 0.00782421 0.0195059
internal_weight=74107 37845 11571 26274 9867 5756 4107 5325 16407 3862 2028 1463 1834 1404 1052 683 525 1350 1649 6246 3125 1227 472 2909 4111 1198 1623 592 1031 253
internal_count=74107 37845 11571 26274 9867 5756 4107 5325 16407 3862 2028 1463 1834 1404 1052 683 525 1350 1649 6246 3125 1227 472 2909 4111 1198 1623 592 1031 253
cat_boundaries=0 1 2 3 4 5 6 7 8 9 10 11
cat_threshold=360599 1 885151 262160 8 1 1 884951 131168 131072 10
is_linear=0
shrinkage=0.05


Tree=3
num_leaves=31
num_cat=9
split_feature=15 18 2 0 3 0 7 3 3 3 3 18 3 0 3 18 4 0 19 3 0 2 7 3 3 0 3 18 0 3
split_gain=381.564 163.389 74.2432 63.9988 44.2373 32.647 38.5405 21.7561 44.8789 15.6631 15.2123 19.3723 14.0796 13.3242 11.2519 19.1708 11.2353 9.72065 9.05257 8.9193 8.14549 9.62153 8.11781 7.95205 7.79111 7.37997 6.57932 6.54036 6.08517 5.90501
threshold=1.0000000180025095e-35 0.6428571641445161 0 1 44.500000000000007 2 28.69999980926514 74.500000000000014 57.500000000000007 43.500000000000007 85.500000000000014 1.0000000180025095e-35 80.500000000000014 3 81.500000000000014 1.0000000180025095e-35 5.5000000000000009 4 0.82505044341087352 41.500000000000007 5 6 26.899999618530277 45.500000000000007 46.500000000000007 7 38.500000000000007 1.0000000180025095e-35 8 44.500000000000007
decision_type=2 2 1 1 2 1 2 2 2 2 2 2 2 1 2 2 2 1 2 2 1 1 2 2 2 1 2 2 1 2
left_child=1 2 5 9 -4 6 12 8 17 -3 11 16 19 -5 15 26 22 27 -8 -1 21 -11 25 -17 -19 -9 -7 -6 -28 -20
right_child=-2 3 4 13 7 14 18 10 -10 20 -12 -13 -14 -15 -16 23 -18 24 29 -21 -22 -23 -24 -25 -26 -27 28 -29 -30 -31
leaf_value=0.042749999999999989 -0.042868750000000004 0.083487475708127021 -0.042868750000000004 0.092624999999999999 0.0046312500000000034 0.0023812500000000014 0.13655937656089664 0.0021312500000000012 -0.042868750000000004 0.22575000000000001 -0.042868750000000004 0.045124999999999998 -0.045006249999999998 0.045124999999999998 -0.045006249999999998 0 -0.042868750000000004 -0.0022850008904933944 0.045249999999999992 0.09262437489405273 0.08823750000000001 0.097588548921048637 0.052131250000000011 0.045124999999999998 0.080737500065565113 0.052131250000000011 0.047250000000000007 -0.0001187500000000008 0.0023750000000000051 0.09261875
leaf_weight=1168 36430 430 5758 1581 777 714 259 220 5233 696 374 1329 583 2448 643 2460 97 333 270 712 898 179 420 4230 1105 253 325 1901 1164 1260
leaf_count=1168 36430 430 5758 1581 777 714 259 220 5233 696 374 1329 583 2448 643 2460 97 333 270 712 898 179 420 4230 1105 253 325 1901 1164 1260
internal_value=-0.00125051 0.00226732 0.000807584 0.00966624 -0.00132584 0.00356179 0.00720084 0.000397773 -0.000742861 0.0165093 0.00435759 0.00586675 0.00316078 0.00586903 0.0019296 0.00239345 0.0111616 0.00316326 0.0128032 0.00526596 0.0186605 0.0224011 0.0129171 0.00106128 0.00646409 0.00842495 0.00643895 0.00136161 0.00833109 0.0113399
internal_weight=74250 37820 31588 6232 17800 13788 4252 12042 9349 2203 2693 2319 2463 4029 9536 8893 990 4116 1789 1880 1773 875 893 6690 1438 473 2203 2678 1489 1530
internal_count=74250 37820 31588 6232 17800 13788 4252 12042 9349 2203 2693 2319 2463 4029 9536 8893 990 4116 1789 1880 1773 875 893 6690 1438 473 2203 2678 1489 1530
cat_boundaries=0 1 2 3 4 5 6 7 8 9
cat_threshold=1 262295 884895 1671200 7503456 262160 1 4445952 131360
is_linear=0
shrinkage=0.05


Tree=4
num_leaves=31
num_cat=4
split_feature=15 18 1 2 3 3 2 3 13 3 3 3 4 3 18 1 3 4 18 3 18 3 13 13 13 4 21 3 3 4
split_gain=351.389 181.115 89.6046 72.802 30.7053 27.7364 24.6487 23.4552 20.0178 18.7368 17.1339 17.0649 11.4188 10.2244 9.54672 20.2314 7.20651 6.59174 6.84374 6.31263 6.25468 5.40686 5.36243 4.68374 4.52176 4.46046 6.17969 4.24332 4.12628 3.87506
threshold=1.0000000180025095e-35 0.35714286565780645 0 1 43.500000000000007 81.500000000000014 2 44.500000000000007 0.97776681184768688 45.500000000000007 57.500000000000007 73.500000000000014 5.5000000000000009 74.500000000000014 1.0000000180025095e-35 3 79.500000000000014 5.5000000000000009 1.6428571343421938 85.500000000000014 1.0000000180025095e-35 46.500000000000007 1.0685737133026125 0.92980295419693004 1.0086206793785097 3.5000000000000004 4.3838512897491464 63.500000000000007 73.500000000000014 4.5000000000000009
decision_type=2 2 1 1 2 2 1 2 2 2 2 2 2 2 2 1 2 2 2 2 2 2 2 2 2 2 2 2 2 2
left_child=1 3 4 5 29 9 8 -5 13 20 -9 -12 22 17 16 23 -11 18 -6 25 -1 -4 28 -16 -8 26 -13 -23 -10 -3
right_child=-2 2 21 7 6 -7 24 10 12 14 11 19 -14 -15 15 -17 -18 -19 -20 -21 -22 27 -24 -25 -26 -27 -28 -29 -30 -31
leaf_value=0.0022562500000000043 -0.040725312499999999 0.038231249999999994 -0.0023750000000000051 -0.040725312499999999 0.12580010940866956 -0.042755937500000001 0.083233072553947574 0.036450624996721748 0.090363124790042632 0.047131250000000006 -0.040725312499999999 0.049524687499999998 0.25623249751165511 0.090713124110847712 0.12966411366305083 0.045243749999999999 0.0021375000000000035 0.49849937744663131 0.23760930535718799 -0.040725312499999999 0 0.04286874999999999 0.040493749999999995 0.083119062500000007 0.036256619976360163 -0.00047531250000000248 0.0033902743656933315 0.03573703682199119 0.040493749523162842 0.095250000000000001
leaf_weight=1304 36429 1078 1005 5723 1258 1144 884 3056 1410 1438 4959 793 45 171 205 2005 249 57 444 378 2422 3027 364 1134 471 780 706 962 161 270
leaf_count=1304 36429 1078 1005 5723 1258 1144 884 3056 1410 1438 4959 793 45 171 205 2005 249 57 444 378 2422 3027 364 1134 471 780 706 962 161 270
internal_value=-0.00139456 0.0019757 0.00717799 -0.000320582 0.0109897 0.00306484 0.0127303 -0.00236505 0.0147442 0.00402135 -0.000980136 -0.00224921 0.0112121 0.0183679 0.00601173 0.00446471 0.00907824 0.0195026 0.0189424 0.000984192 0.00133387 0.00210432 0.0106331 0.0091957 0.00691882 0.00197674 0.00357238 0.00293432 0.0119001 0.004273
internal_weight=74332 37903 11607 26296 6613 9901 5265 16395 3910 8757 10672 7616 1980 1930 5031 3344 1687 1759 1702 2657 3726 4994 1935 1339 1355 2279 1499 3989 1571 1348
internal_count=74332 37903 11607 26296 6613 9901 5265 16395 3910 8757 10672 7616 1980 1930 5031 3344 1687 1759 1702 2657 3726 4994 1935 1339 1355 2279 1499 3989 1571 1348
cat_boundaries=0 1 2 3 4
cat_threshold=3 1 1 3
is_linear=0
shrinkage=0.05


Tree=5
num_leaves=31
num_cat=6
split_feature=15 2 0 7 3 3 3 3 3 0 0 7 21 19 13 3 4 3 0 3 21 7 0 19 7 4 4 4 4 19
split_gain=316.534 152.253 140.685 72.7027 38.2891 30.0169 25.9255 23.309 20.5841 14.4255 13.0453 10.8562 10.3771 9.86835 8.46308 8.16458 7.56405 6.76073 6.3083 5.77784 5.73005 4.92351 4.83066 4.48366 4.46603 5.10386 4.4372 4.06083 4.03718 3.92376
threshold=1.0000000180025095e-35 0 1 30.10000038146973 44.500000000000007 56.500000000000007 80.500000000000014 45.500000000000007 73.500000000000014 2 3 30.10000038146973 4.3713068962097177 1.5114968419075014 0.97095960378646862 47.500000000000007 5.5000000000000009 85.500000000000014 4 81.500000000000014 4.3836994171142587 32.500000000000007 5 0.81004804372787487 30.10000038146973 2.5000000000000004 4.5000000000000009 3.5000000000000004 4.5000000000000009 0.80713108181953441
decision_type=2 1 1 2 2 2 2 2 2 1 1 2 2 2 2 2 2 2 1 2 2 2 1 2 2 2 2 2 2 2
left_child=1 2 3 6 -3 9 7 23 -7 15 -5 19 -9 22 -14 -6 21 18 -10 -4 -15 -12 -13 -1 25 -17 -11 -20 -8 -23
right_child=-2 4 11 10 5 8 28 12 17 26 16 13 14 20 -16 24 -18 -19 27 -21 -22 29 -24 -25 -26 -27 -28 -29 -30 -31
leaf_value=0.085705508106407702 -0.038689046875000001 -0.038689046875000001 0.0020306250000000025 0.18049555765345315 0.032162790548761797 -0.038689046875000001 -0.040618140625 0.049106986845769002 0.052523387553930295 0.041170906250163911 0.079654334562348161 -0.0002253124999999967 0.1718289632744778 0.039222809170484534 0.082954230230122494 0.13938745172603428 0.20244027722023367 -0.038689046875000001 0.041081898158900433 -0.040618140625 0.14298156249999999 0.22674474512030163 0.040725312499999992 0.038095006021317442 0.079663971372302633 0.07741397117900628 -0.0019353437498360938 -0.0047262343750000052 0.12950949944345466 0.12804987912494689
leaf_weight=152 36403 5771 6423 589 387 5270 588 413 580 2695 1782 861 684 57 654 76 75 371 1439 637 101 84 3589 2037 754 81 726 794 26 169
leaf_count=152 36403 5771 6423 589 387 5270 588 413 580 2695 1782 861 684 57 654 76 75 371 1439 637 101 84 3589 2037 754 81 726 794 26 169
internal_value=-0.00156649 0.00163409 0.00480656 0.0102692 -0.00153452 -4.66876e-05 0.00642951 0.00791878 -0.0018299 0.00314791 0.0167858 0.00140092 0.0122187 0.00328993 0.0143572 0.00761468 0.0146698 0.00134422 0.00218094 0.00016997 0.0155696 0.0141646 0.00285393 0.00447921 0.010258 0.0179299 0.0014267 0.000951849 -0.00312704 0.0206917
internal_weight=74268 37865 18921 7253 18944 13173 4554 3940 8454 4719 2699 11668 1751 4608 1338 1298 2110 3184 2813 7060 158 2035 4450 2189 911 157 3421 2233 614 253
internal_count=74268 37865 18921 7253 18944 13173 4554 3940 8454 4719 2699 11668 1751 4608 1338 1298 2110 3184 2813 7060 158 2035 4450 2189 911 157 3421 2233 614 253
cat_boundaries=0 1 2 3 4 5 6
cat_threshold=1 884895 327831 262160 786521 4206592
is_linear=0
shrinkage=0.05


Tree=6
num_leaves=31
num_cat=6
split_feature=15 18 0 3 2 2 3 3 0 3 3 7 4 3 3 3 4 21 13 4 3 21 0 2 3 19 13 7 21 3
split_gain=302.799 198.503 119.142 33.0054 29.9942 27.2239 17.1946 14.6982 14.3052 13.1728 13.7363 11.5513 12.9622 11.1554 7.39597 7.18366 6.94626 10.3236 6.77959 6.38647 5.87375 4.8935 4.87511 4.79178 6.64916 5.25319 4.44952 4.08557 4.05801 4.00279
threshold=1.0000000180025095e-35 0.21428572386503222 0 41.500000000000007 1 2 44.500000000000007 82.500000000000014 3 57.500000000000007 73.500000000000014 32.100000381469734 5.5000000000000009 40.500000000000007 45.500000000000007 74.500000000000014 1.5000000000000002 4.373164415359498 1.0871212482452395 5.5000000000000009 85.500000000000014 4.3902757167816171 4 5 63.500000000000007 1.5114968419075014 1.0188746452331545 28.10000038146973 4.3570151329040536 78.500000000000014
decision_type=2 2 1 2 1 1 2 2 1 2 2 2 2 2 2 2 2 2 2 2 2 2 1 1 2 2 2 2 2 2
left_child=1 4 3 -3 7 11 -6 8 13 -8 -11 12 15 -1 -4 16 17 -5 28 29 22 27 -12 24 25 -16 -7 -18 -13 -15
right_child=-2 2 14 5 6 26 9 -9 -10 10 20 18 -14 19 23 -17 21 -19 -20 -21 -22 -23 -24 -25 -26 -27 -28 -29 -30 -31
leaf_value=0.0019169062500000113 -0.036754594531250004 0.03667118719893412 -0.00010153124999999763 0.066219258053520413 -0.036754594531250004 0.076055772800409246 0.0026739234376557176 -0.038587233593749999 0.00010717187500000613 -0.036754594531250004 -0.0011314460800016305 0.19531009891404147 0.36130242668418333 0.079267952137740114 0.040623781249999991 0.081644503274145089 0.072066113404826271 0.16749293952852107 -0.015513654228117414 0.37792345646197795 -0.036754594531250004 0.040400095086818973 0.044994358217054976 0.038798980231067363 0.036668132320217782 0.088245355886925031 0.034234234167094854 0.091068801896661708 0.17658658975740615 0.029541364829459793
leaf_weight=699 36297 1197 1852 329 5781 1068 2230 930 4129 4890 885 50 118 1059 3000 427 180 519 34 25 368 452 942 2207 1435 182 535 1445 497 317
leaf_count=699 36297 1197 1852 329 5781 1068 2230 930 4129 4890 885 50 118 1059 3000 427 180 519 34 25 368 452 942 2207 1435 182 535 1445 497 317
internal_value=-0.0016394 0.00149383 0.00583274 0.0107557 -0.00153336 0.0123682 -0.00279743 0.00113214 0.00200754 -0.00146806 -0.00252294 0.0145507 0.0134582 0.00535545 0.00193069 0.0128848 0.0137692 0.0175825 0.0210757 0.00795503 0.000763097 0.0122123 0.00192392 0.00269343 0.00360949 0.00488372 0.00685277 0.0134923 0.0224223 0.0075
internal_weight=74079 37782 15527 6851 22255 5654 15096 7159 6229 9315 7085 4051 3470 2100 8676 3352 2925 848 581 1401 2195 2077 1827 6824 4617 3182 1603 1625 547 1376
internal_count=74079 37782 15527 6851 22255 5654 15096 7159 6229 9315 7085 4051 3470 2100 8676 3352 2925 848 581 1401 2195 2077 1827 6824 4617 3182 1603 1625 547 1376
cat_boundaries=0 1 2 3 4 5 6
cat_threshold=884895 1 1 884991 5390084 1
is_linear=0
shrinkage=0.05


Tree=7
num_leaves=31
num_cat=9
split_feature=15 18 0 2 7 2 6 4 21 0 7 7 18 7 19 4 0 0 21 4 21 21 6 21 21 4 7 2 4 7
split_gain=291.214 184.123 102.062 29.3115 25.3516 15.8955 11.9336 11.3995 10.7543 9.73989 21.7053 7.7129 7.02782 6.52565 6.36223 5.31528 5.05018 4.69324 4.94377 4.63671 4.38626 4.3856 4.38441 4.11366 7.11649 5.41392 4.07757 3.93887 6.20129 3.80223
threshold=1.0000000180025095e-35 0.21428572386503222 0 1 30.10000038146973 2 3 4.5000000000000009 4.3612947463989267 4 27.400000572204593 28.10000038146973 1.0000000180025095e-35 30.10000038146973 0.99318948388099682 2.5000000000000004 5 6 4.3759601116180429 1.0000000180025095e-35 4.3765347003936776 4.3594090938568124 7 4.3748261928558358 4.3902757167816171 1.5000000000000002 30.10000038146973 8 3.5000000000000004 32.500000000000007
decision_type=2 2 1 1 2 1 1 2 2 1 2 2 2 2 2 2 1 1 2 2 2 2 1 2 2 2 2 1 2 2
left_child=1 3 4 9 6 7 11 21 -9 10 -1 19 -5 -4 -8 -13 -16 18 -15 -3 -20 -6 -12 -23 25 -25 -24 28 -22 -26
right_child=-2 2 13 12 5 -7 14 8 -10 -11 22 15 -14 17 16 -17 -18 -19 20 -21 27 23 26 24 29 -27 -28 -29 -30 -31
leaf_value=-0.0019946581135658614 -0.034916864804687503 0.10121611090085179 0.034080076562499985 -0.034916864804687503 0.1677606209523608 0.071285431717614589 0.075803900402283519 0.056637830745823015 0.32978718152187425 -0.0001068898437500021 0.080213133643112985 0.21511606551972504 0.0019115638678371483 0.034157857812499984 0.072621596416488257 0.10649677099075255 0.031296892553346632 0.036652232450550784 0.088857751187806089 0.033695587129098856 0.034837225917889535 0.063667806451750797 0.032147868018112979 0.19483196308464054 0.073261623532441339 0.072426927994935872 0.077691385664995588 0.03886400567593843 0.11727510254231299 0.22578382295790336
leaf_weight=1108 36362 142 4096 13239 183 849 918 75 248 5003 392 194 1823 947 893 251 995 2430 41 319 594 654 422 100 527 413 275 337 286 107
leaf_count=1108 36362 142 4096 13239 183 849 918 75 248 5003 392 194 1823 947 893 251 995 2430 41 319 594 654 422 100 527 413 275 337 286 107
internal_value=-0.0017052 0.00136407 0.00552952 -0.00155467 0.0100843 0.0133935 0.00729795 0.0155462 0.024257 0.00106944 0.00383552 0.0123035 -0.00280906 0.00193284 0.0056179 0.0171348 0.00397775 0.00322006 0.00488713 0.00790672 0.00696343 0.014128 0.00886593 0.0133787 0.0151831 0.0195614 0.00617397 0.00642153 0.00818182 0.0116404
internal_weight=74223 37861 15599 22262 6868 3156 3712 2307 323 7200 2197 906 15062 8731 2806 445 1888 4635 2205 461 1258 1984 1089 1801 1147 513 697 1217 880 634
internal_count=74223 37861 15599 22262 6868 3156 3712 2307 323 7200 2197 906 15062 8731 2806 445 1888 4635 2205 461 1258 1984 1089 1801 1147 513 697 1217 880 634
cat_boundaries=0 1 2 3 4 5 6 7 8 9
cat_threshold=884895 1 1 8 852221 786577 1065824 10 1
is_linear=0
shrinkage=0.05


Tree=8
num_leaves=31
num_cat=6
split_feature=15 18 0 2 3 3 3 0 2 3 3 3 3 3 2 3 4 19 3 0 3 4 21 21 21 4 21 19 7 19
split_gain=278.181 164.533 88.2956 30.0074 21.7191 17.1376 15.3259 16.5496 13.736 13.546 12.7513 13.8597 9.65462 7.28614 6.0842 6.24667 5.99657 6.01608 5.96549 5.22121 4.98321 4.54856 4.47603 5.86364 5.09553 5.07846 8.54929 5.23241 4.90931 4.44116
threshold=1.0000000180025095e-35 0.21428572386503222 0 1 41.500000000000007 44.500000000000007 81.500000000000014 2 3 40.500000000000007 57.500000000000007 73.500000000000014 45.500000000000007 78.500000000000014 4 55.500000000000007 5.5000000000000009 0.80713108181953441 85.500000000000014 5 44.500000000000007 5.5000000000000009 4.373164415359498 4.3596270084381112 4.4042356014251718 1.5000000000000002 4.3874146938323983 1.0809819698333742 31.500000000000004 1.521007835865021
decision_type=2 2 1 1 2 2 2 1 1 2 2 2 2 2 1 2 2 2 2 1 2 2 2 2 2 2 2 2 2 2
left_child=1 3 4 6 -3 -5 7 9 13 -1 -7 -12 -4 16 15 29 17 -6 -13 -10 -19 -11 23 -22 25 26 -24 -27 -29 -14
right_child=-2 2 12 5 8 10 -8 -9 19 21 11 18 14 -15 -16 -17 -18 20 -20 -21 22 -23 24 -25 -26 27 -28 28 -30 -31
leaf_value=0.00021366753659436412 -0.033171021564453132 0.03140427340341153 -0.0018004585156250032 -0.033171021564453132 0.13532559611343034 0.0028717902465112822 -0.036558139008384206 1.7204648437502135e-05 0.029154724096323709 0.067195323364522538 -0.033171021564453132 0.033605624612810372 0.036888588359374995 0.015134021095839634 0.03476920655341089 0.034632509627528743 0.36962385121268482 0.047851850178833387 -0.033171021564453132 0.068388707647498756 0.131068897160693 0.28355495681927578 0.14937663190172237 0.047515284914181312 0.077039532916764533 0.077014088513155499 0.58647077441202755 0.074874641678721973 0.56551028175297402 0.0859196048771389
leaf_weight=694 36393 1210 1859 5775 597 2215 1123 4068 793 1295 4875 1834 2021 127 2207 2543 116 361 371 828 146 22 275 812 503 768 46 201 66 113
leaf_count=694 36393 1210 1859 5775 597 2215 1123 4068 793 1295 4875 1834 2021 127 2207 2543 116 361 371 828 146 22 275 812 503 768 46 201 66 113
internal_value=-0.00177404 0.00122623 0.00516547 -0.00153152 0.00941172 -0.00280027 0.0011233 0.00211466 0.0107297 0.00581148 -0.00147122 -0.00250706 0.00182623 0.0122972 0.00269175 0.00371285 0.0126818 0.0123377 0.000782312 0.00684454 0.0114726 0.00881929 0.0121814 0.00940501 0.0136122 0.0152065 0.0207009 0.0135024 0.0195318 0.00570759
internal_weight=74257 37864 15592 22272 6849 15070 7202 6079 5639 2011 9295 7080 8743 4018 6884 4677 3891 3775 2205 1621 3178 1317 2817 958 1859 1356 321 1035 267 2134
internal_count=74257 37864 15592 22272 6849 15070 7202 6079 5639 2011 9295 7080 8743 4018 6884 4677 3891 3775 2205 1621 3178 1317 2817 958 1859 1356 321 1035 267 2134
cat_boundaries=0 1 2 3 4 5 6
cat_threshold=884895 1 884991 1 1 98314
is_linear=0
shrinkage=0.05


Tree=9
num_leaves=31
num_cat=11
split_feature=15 18 0 2 7 7 0 7 0 18 0 2 19 4 0 2 9 21 21 4 6 6 7 13 4 4 18 19 2 21
split_gain=267.178 157.964 75.6027 29.6496 13.7081 10.0079 22.1988 8.24421 6.10809 6.06948 5.57766 5.28187 7.39837 5.24919 4.9125 4.33137 5.71215 4.23127 5.72054 3.85193 3.54051 3.53206 3.30812 3.15938 3.64643 5.5768 4.70164 3.65371 3.13821 3.22125
threshold=1.0000000180025095e-35 0.21428572386503222 0 1 28.69999980926514 27.400000572204593 2 30.10000038146973 3 1.0000000180025095e-35 4 5 1.521007835865021 4.5000000000000009 6 7 1.0000000180025095e-35 4.3759601116180429 4.3765347003936776 3.5000000000000004 8 9 32.100000381469734 1.0188746452331545 1.5000000000000002 1.0000000180025095e-35 1.5000000000000002 0.79038903117179882 10 4.3559122085571298
decision_type=2 2 1 1 2 2 1 2 1 2 1 1 2 2 1 1 2 2 2 2 1 1 2 2 2 2 2 2 1 2
left_child=1 3 4 5 8 -1 21 -4 20 -5 13 12 14 -6 17 16 -15 -9 -19 -20 -3 22 -7 24 25 27 -27 -10 29 -12
right_child=-2 2 7 9 10 6 -8 11 23 -11 28 -13 -14 15 -16 -17 -18 18 19 -21 -22 -23 -24 -25 -26 26 -28 -29 -30 -31
leaf_value=-0.00032146808398437755 -0.031512470486230473 0.083536799987020863 0.030842229699487658 -0.031512470486230473 0.098447012896340974 0.026762797948682467 0.002040719416015635 0.030712089440498559 0.10586175542923595 -0.00221144043994449 0.11009247367918851 0.033037013856441248 0.1046506298984699 0.11986766979358043 0.032980816772003707 0.06497576545812131 0.36960830479925433 0.17371772286470746 0.035698844052650273 0.091794703931925833 0.03119133028371909 0.072648961498217327 0.10804478370500233 0.019500147736907694 0.031476081980810554 0.12760226919194678 0.49306388895223752 0.02805925533838708 0.041308629318708386 0.06063243480228301
leaf_weight=3422 36340 554 4196 13225 1161 348 2706 474 20 1790 53 1401 117 78 2150 63 87 21 383 147 406 615 94 602 562 121 25 198 646 2187
leaf_count=3422 36340 554 4196 13225 1161 348 2706 474 20 1790 53 1401 117 78 2150 63 87 21 383 147 406 615 94 602 562 121 25 198 646 2187
internal_value=-0.00183591 0.00110404 0.0049508 -0.00160811 0.00893031 0.0010334 0.00281291 0.00191089 0.00599276 -0.00287213 0.0106608 0.00335286 0.00444714 0.013406 0.00399212 0.0204386 0.024697 0.00683575 0.00988203 0.00886792 0.00912371 0.00891752 0.00517699 0.00394018 0.00579913 0.0096978 0.0172603 0.00463303 0.00926105 0.0101786
internal_weight=74192 37852 15652 22200 6763 7185 3763 8889 2488 15015 4275 4693 3292 1389 3175 228 165 1025 551 530 960 1057 442 1528 926 364 146 218 2886 2240
internal_count=74192 37852 15652 22200 6763 7185 3763 8889 2488 15015 4275 4693 3292 1389 3175 228 165 1025 551 530 960 1057 442 1528 926 364 146 218 2886 2240
cat_boundaries=0 1 2 3 4 5 6 7 8 9 10 11
cat_threshold=884887 1 852095 262161 262288 1 1049192 1 14 1 1
is_linear=0
shrinkage=0.05


Tree=10
num_leaves=31
num_cat=6
split_feature=15 18 0 3 18 3 3 3 3 0 13 0 18 18 4 21 3 3 3 0 18 3 6 3 0 4 21 4 7 4
split_gain=254.786 140.765 64.6505 17.3205 15.8671 9.97389 9.67471 9.46699 18.114 9.34651 7.44652 5.6982 5.15919 4.98996 5.60084 4.47921 4.46355 9.52019 4.42238 5.10777 3.48658 3.45401 3.33049 3.0903 3.05388 2.90581 2.74645 4.56069 3.07831 2.96196
threshold=1.0000000180025095e-35 0.21428572386503222 0 46.500000000000007 1.0000000180025095e-35 74.500000000000014 45.500000000000007 44.500000000000007 56.500000000000007 1 1.0204166769981386 2 0.6428571641445161 0.78571429848670971 4.5000000000000009 4.3569052219390878 73.500000000000014 82.500000000000014 46.500000000000007 3 1.0714285969734194 37.500000000000007 4 53.500000000000007 5 5.5000000000000009 4.3701629638671884 1.5000000000000002 27.10000038146973 3.5000000000000004
decision_type=2 2 1 2 2 2 2 2 2 1 2 1 2 2 2 2 2 2 2 1 2 2 1 2 1 2 2 2 2 2
left_child=1 4 3 13 7 10 -4 -1 18 21 15 -10 25 -3 -15 -5 -13 24 -9 -20 26 -6 -23 -14 -18 -8 29 -28 -29 -17
right_child=-2 2 6 5 9 -7 12 8 11 -11 -12 16 23 14 -16 20 17 -19 19 -21 -22 22 -24 -25 -26 -27 27 28 -30 -31
leaf_value=-0.029936846961918947 -0.029936846961918947 0.027760015442108987 -0.0032525470748181354 0.17134425906295289 -0.0025860036294522051 0.0301356671476537 0.032103278598632115 0.0035627920179932661 0.0073179089807581922 -0.00020444155478516191 0.057211922608366966 -0.029936846961918947 0.033872645532918293 0.028059237296911288 0.098033459936122447 0.0082134142747251285 0.048576212774020792 -0.029936846961918947 0.049683042820214844 0.040274921896598134 0.15328551112758582 0.032757658750968623 0.071763542546536538 0.029718094357781451 0.0019442928202148492 -0.014314193128351095 0.12525050216799655 -0.035618113825818608 0.065613336046422652 0.057467423853996807
leaf_weight=6975 36276 1292 1868 79 221 825 4189 542 1284 3238 1137 5032 1450 598 147 179 433 1370 402 359 947 881 556 970 905 383 445 34 927 177
leaf_count=6975 36276 1292 1868 79 221 825 4189 542 1284 3238 1137 5032 1450 598 147 179 433 1370 402 359 947 881 556 970 905 383 445 34 927 177
internal_value=-0.00189967 0.000970404 0.00460248 0.00827056 -0.00158978 0.00993684 0.00178128 -0.00230089 -0.00133969 0.000923201 0.0109873 -0.00213542 0.0026373 0.00442562 0.00768456 0.012378 -0.00264516 -0.00101182 0.00417114 0.00662943 0.0120358 0.00396283 0.0048817 0.00450413 0.00198804 0.00164917 0.0107208 0.0117141 0.00977627 0.00679775
internal_weight=74121 37845 15647 6787 22198 4750 8860 17302 10327 4896 3925 9024 6992 2037 745 2788 7740 2708 1303 761 2709 1658 1437 2420 1338 4572 1762 1406 961 356
internal_count=74121 37845 15647 6787 22198 4750 8860 17302 10327 4896 3925 9024 6992 2037 745 2788 7740 2708 1303 761 2709 1658 1437 2420 1338 4572 1762 1406 961 356
cat_boundaries=0 1 2 3 4 5 6
cat_threshold=884887 852223 524492 5601804 5 303665
is_linear=0
shrinkage=0.05


Tree=11
num_leaves=31
num_cat=8
split_feature=15 18 0 2 7 0 0 7 7 18 2 21 4 18 4 9 6 6 21 4 21 7 8 21 21 21 7 4 21 6
split_gain=259.794 118.489 54.0608 36.6704 14.3893 15.7833 9.20479 7.10312 6.55548 6.19947 4.65042 5.67528 6.82272 4.45739 4.02913 4.65304 4.01271 3.50353 3.49842 3.42011 4.10548 3.74407 5.26916 3.59958 3.21949 2.96532 3.90634 2.81525 2.73571 2.67567
threshold=1.0000000180025095e-35 0.21428572386503222 0 1 27.10000038146973 2 3 30.10000038146973 30.10000038146973 1.0000000180025095e-35 4 4.3757929801940927 3.5000000000000004 0.6428571641445161 4.5000000000000009 1.0000000180025095e-35 5 6 4.3765347003936776 1.5000000000000002 4.3738765716552743 22.800000190734867 1.0000000180025095e-35 4.3914229869842538 4.3612947463989267 4.3878991603851327 32.100000381469734 4.5000000000000009 4.3559122085571298 7
decision_type=2 2 1 1 2 1 1 2 2 2 1 2 2 2 2 2 1 1 2 2 2 2 2 2 2 2 2 2 2 1
left_child=1 3 6 4 16 17 13 29 19 -5 11 -9 18 -3 24 -16 -1 -6 -13 20 -8 -22 -23 -21 -15 26 -14 -11 -10 -4
right_child=-2 2 7 9 5 -7 8 10 28 27 -12 12 25 14 15 -17 -18 -19 -20 23 21 22 -24 -25 -26 -27 -28 -29 -30 -31
leaf_value=0.026177552000966293 -0.028440004613823001 0.071815243576535945 0.032171669775400445 -0.028440004613823001 0.036364902250527867 0.0034358382933107946 0.015502790711309356 0.027464731974617546 0.099214812689809584 0.030398032466618641 0.029685263256272368 0.076691483325143972 0.034030393253471916 0.11408318996847894 0.1014001554564557 0.36708074672450897 -0.00044356928172952577 0.065673481992456026 0.028228793584129355 0.028865764670003537 -0.018558639671056597 0.027204901021978298 0.16095840433699959 -0.018214259191829375 0.088317389864400492 0.074525354516117637 0.19595016905457247 -0.010921888533251477 0.058453176361145845 -0.0030899197210772279
leaf_weight=428 36475 519 1184 13255 442 2812 296 1332 82 1476 1388 64 426 60 119 113 2926 631 1278 1509 60 309 337 348 835 88 60 353 2258 2873
leaf_count=428 36475 519 1184 13255 442 2812 296 1332 82 1476 1388 64 426 60 119 113 2926 631 1278 1509 60 309 337 348 835 88 60 353 2258 2873
internal_value=-0.0018898 0.00101146 0.00436414 -0.00132218 0.00160312 0.00367439 0.00768417 0.00173905 0.00661451 -0.00272607 0.00307808 0.0041133 0.00585595 0.0110024 0.012835 0.0187069 -0.000796066 0.00880425 0.00390462 0.00502099 0.00737525 0.00944759 0.0105573 0.00375067 0.0113128 0.0104181 0.00888889 2.73254e-06 0.00858974 0.000213211
internal_weight=74336 37861 15538 22323 7239 3885 6845 8693 5199 15084 4636 3248 1916 1646 1127 232 3354 1073 1342 2859 1002 706 646 1857 895 574 486 1829 2340 4057
internal_count=74336 37861 15538 22323 7239 3885 6845 8693 5199 15084 4636 3248 1916 1646 1127 232 3354 1073 1342 2859 1002 706 646 1857 895 574 486 1829 2340 4057
cat_boundaries=0 1 2 3 4 5 6 7 8
cat_threshold=884895 1 852095 262160 1 8 1 8
is_linear=0
shrinkage=0.05


Tree=12
num_leaves=31
num_cat=8
split_feature=18 0 18 0 3 2 3 0 3 3 0 19 3 3 3 18 13 4 21 17 18 3 21 0 0 21 4 4 0 21
split_gain=82.2267 19.0472 16.167 9.44203 7.8857 6.63075 14.1035 6.09029 5.18622 9.74289 4.5572 4.35716 4.17046 4.10736 3.6149 3.23337 4.2021 3.98794 3.49833 6.29963 3.36236 3.2054 3.07275 2.67337 2.63575 2.67406 5.86254 2.57196 3.54734 2.67774
threshold=0.35714286565780645 0 1.0000000180025095e-35 1 65.500000000000014 2 78.500000000000014 3 44.500000000000007 56.500000000000007 4 0.40771512687206274 73.500000000000014 82.500000000000014 63.500000000000007 0.6428571641445161 1.0386904478073122 4.5000000000000009 4.3822104930877694 1.0000000180025095e-35 2.5000000000000004 46.500000000000007 4.3878991603851327 5 6 4.3817477226257333 1.5000000000000002 2.5000000000000004 7 4.3841838836669931
decision_type=2 1 2 1 2 1 2 1 2 2 1 2 2 2 2 2 2 2 2 2 2 2 2 1 1 2 2 2 1 2
left_child=2 4 5 -4 11 6 7 -1 -7 10 -10 -2 -11 23 24 -13 17 -17 -19 22 -21 -12 -20 -14 -3 -26 -27 -6 29 -29
right_child=1 14 3 -5 27 8 -8 -9 9 12 21 15 13 -15 -16 16 -18 18 19 20 -22 -23 -24 -25 25 26 -28 28 -30 -31
leaf_value=0.0035820636323972699 -0.027018004383131851 -0.017606303176366842 0.0074190200087849174 -0.010092003269856443 0.020577038736283745 -0.027018004383131851 -0.027018004383131851 -0.011697526122779956 -0.027018004383131851 -0.027018004383131851 -0.027018004383131851 0.024415090362531776 0.0025386274633087073 -0.027018004383131851 -0.020892655633752699 0.035175685396866677 0.0061459743960148661 0.041019897790146621 0.047587984584474226 0.11363026575677274 0.53661490941493828 0.004318950749204107 0.24462546314435124 -0.027018004383131851 -0.012534004654989165 -0.017446751124296507 0.030199831691015921 0.015156695499211443 -0.024631187463821605 0.26189449166242101
leaf_weight=1465 169 1327 3958 13457 1399 8521 4853 4489 1054 10554 430 2763 800 2627 2091 3655 931 406 214 230 40 513 41 1567 2554 810 1580 125 1441 53
leaf_count=1465 169 1327 3958 13457 1399 8521 4853 4489 1054 10554 430 2763 800 2627 2091 3655 931 406 214 230 40 513 41 1567 2554 810 1580 125 1441 53
internal_value=-0.00191569 0.00083993 -0.00292219 -0.00166667 0.00216215 -0.00351517 -0.00247386 -0.000843132 -0.00394691 -0.0034554 -0.000167753 0.00294768 -0.00387767 -0.00268723 -0.000974679 0.0031099 0.00380913 0.00443088 0.00735231 0.0100476 0.0153704 0.00234522 0.00441176 -0.0011766 -0.000375539 0.000157447 0.00135983 -2.98223e-05 -0.00138666 0.00510638
internal_weight=74117 19829 54288 17415 11467 36873 10807 5954 26066 17545 1997 8449 15548 4994 8362 8280 5517 4586 931 525 270 943 255 2367 6271 4944 2390 3018 1619 178
internal_count=74117 19829 54288 17415 11467 36873 10807 5954 26066 17545 1997 8449 15548 4994 8362 8280 5517 4586 931 525 270 943 255 2367 6271 4944 2390 3018 1619 178
cat_boundaries=0 1 2 3 4 5 6 7 8
cat_threshold=378387 360979 1 2412087 688527 2475559 143624 16
is_linear=0
shrinkage=0.05


Tree=13
num_leaves=31
num_cat=6
split_feature=15 2 3 0 3 3 3 3 3 3 0 0 3 0 19 4 3 19 4 19 3 4 3 7 3 4 7 0 19 7
split_gain=263.439 99.4686 38.6115 34.7385 23.0377 26.2682 21.0749 19.103 13.6417 9.21615 8.2692 7.72375 7.58674 6.82826 6.28164 6.05601 5.51255 4.12738 4.00058 3.81456 3.69199 3.39408 3.13363 3.04871 2.99185 2.62461 2.52255 2.44576 2.43611 2.1829
threshold=1.0000000180025095e-35 0 44.500000000000007 1 56.500000000000007 74.500000000000014 80.500000000000014 46.500000000000007 80.500000000000014 85.500000000000014 2 3 45.500000000000007 4 1.5114968419075014 5.5000000000000009 46.500000000000007 0.40771512687206274 4.5000000000000009 0.99116244912147533 63.500000000000007 4.5000000000000009 55.500000000000007 27.10000038146973 61.500000000000007 4.5000000000000009 32.500000000000007 5 1.5114968419075014 29.10000038146973
decision_type=2 1 2 1 2 2 2 2 2 2 1 1 2 1 2 2 2 2 2 2 2 2 2 2 2 2 2 1 2 2
left_child=1 3 -3 6 10 24 7 19 12 15 16 14 -5 22 23 27 -4 -15 -12 -1 28 -8 25 -9 -6 26 -14 -7 -19 -30
right_child=-2 2 4 8 5 9 21 11 -10 -11 18 -13 13 17 -16 -17 -18 20 -20 -21 -22 -23 -24 -25 -26 -27 -28 -29 29 -31
leaf_value=0.05637034742568612 -0.02566710416397526 -0.02566710416397526 -0.010526592591364951 0.00033191852553339789 -0.02566710416397526 0.050374067843199803 -0.031844237622426767 0.028276678575442839 -0.031938626035917558 -0.02566710416397526 0.029146195638537237 0.069774082333613693 0.041765812438726832 -0.050877863792081313 0.43449448666859047 -0.034497734520400856 0.052143466013938614 0.029785639055438858 -0.0092654015598210415 0.024202585922590444 0.024686465245821885 0.12678335951143485 0.031872481599919865 0.11391051565395641 -0.02566710416397526 0.11724716689245754 0.16013030552769206 0.031792843056129769 0.02854872539370016 0.065479382830152325
leaf_weight=461 36431 5736 279 4124 1645 621 493 73 839 376 2634 2511 538 184 46 198 1085 3147 689 1782 2397 25 1110 848 3948 119 41 1695 60 126
leaf_count=461 36431 5736 279 4124 1645 621 493 73 839 376 2634 2511 538 184 46 198 1085 3147 689 1782 2397 25 1110 848 3948 119 41 1695 60 126
internal_value=-0.00186377 0.00105868 -0.0015064 0.00362133 -1.51872e-05 -0.00156961 0.00667387 0.00755899 0.00211304 0.00230104 0.00279816 0.00987924 0.00255107 0.00347578 0.013782 0.003393 0.00606259 0.00263842 0.00143564 0.00396121 0.00287958 -0.00297297 0.00616612 0.0130239 -0.00356964 0.00882521 0.00743523 0.00411053 0.00395589 0.00951613
internal_weight=74261 37830 18906 18924 13170 8483 6239 5721 12685 2890 4687 3478 11846 7722 967 2514 1364 5914 3323 2243 5730 518 1808 921 5593 698 579 2316 3333 186
internal_count=74261 37830 18906 18924 13170 8483 6239 5721 12685 2890 4687 3478 11846 7722 967 2514 1364 5914 3323 2243 5730 518 1808 921 5593 698 579 2316 3333 186
cat_boundaries=0 1 2 3 4 5 6
cat_threshold=1 884893 328087 262168 1048674 786571
is_linear=0
shrinkage=0.05


Tree=14
num_leaves=31
num_cat=7
split_feature=15 18 0 2 3 3 0 3 3 3 3 18 4 21 4 21 21 19 4 19 4 6 17 21 16 2 0 3 3 2
split_gain=243.255 104.299 36.2566 23.1213 17.9333 15.7537 9.88116 8.91688 7.35907 7.30039 24.0339 7.02488 4.87374 6.93318 10.0676 8.29804 4.75988 4.71315 4.32589 4.08028 3.89866 3.59996 3.51204 3.16024 3.14453 3.12084 3.4778 3.46957 3.08556 2.98807
threshold=1.0000000180025095e-35 1.0000000180025095e-35 0 1 81.500000000000014 73.500000000000014 2 85.500000000000014 37.500000000000007 44.500000000000007 57.500000000000007 0.6428571641445161 1.5000000000000002 4.3814067840576181 1.0000000180025095e-35 4.3822104930877694 4.3594090938568124 1.5114968419075014 3.5000000000000004 1.1033705472946169 5.5000000000000009 3 1.5000000000000002 4.38265085220337 1.5000000000000002 4 5 42.500000000000007 47.500000000000007 6
decision_type=2 2 1 1 2 2 1 2 2 2 2 2 2 2 2 2 2 2 2 2 2 1 2 2 2 1 1 2 2 1
left_child=1 3 6 4 21 9 17 20 -8 -5 19 25 13 -10 22 -16 24 28 -18 -11 -7 -1 -15 -13 -14 26 27 -4 -3 -30
right_child=-2 2 11 5 -6 7 8 -9 12 10 -12 23 16 14 15 -17 18 -19 -20 -21 -22 -23 -24 -25 -26 -27 -28 -29 29 -31
leaf_value=0.035180333559095368 -0.024383748955776496 0.065793585266590404 0.00012199284550471479 -0.024383748955776496 -0.030252025741305429 0.043728714032785033 -0.0070808028204960771 -0.024383748955776496 0.029623045459749666 0.00082738278828660698 -0.024383748955776496 0.025008595839397546 0.072296370742453916 0.043024646290132564 -0.019448300849118111 0.4570431606520492 0.016649461534509937 0.34951032100867696 0.04916196621272869 0.047975493112706269 -0.032772847794380812 0.0036241770245007358 0.079172640259208837 0.029672153340422416 0.15228495304072454 -0.0066912142852934391 0.00031532259925672881 0.032919826902019306 0.10684055788469404 0.062202387276634144
leaf_weight=689 36313 661 789 5737 1100 1080 611 380 840 908 4709 1399 331 541 34 170 1817 81 1861 339 114 2298 141 1280 34 2878 4118 1752 733 361
leaf_count=689 36313 661 789 5737 1100 1080 611 380 840 908 4709 1399 331 541 34 170 1817 81 1861 339 114 2298 141 1280 34 2878 4118 1752 733 361
internal_value=-0.00197027 0.00083814 0.0032591 -0.00201222 0.001276 -0.00302518 0.00582543 0.0016709 0.0048748 -0.00365732 -0.00243116 0.00152707 0.00543508 0.00765933 0.0107449 0.0204902 0.00448553 0.00908451 0.00394508 0.00374098 0.00379397 0.0032859 0.00782991 0.00379059 0.00993151 0.000892837 0.00148746 0.00293806 0.00858974 0.0102194
internal_weight=74099 37786 20432 17354 4087 13267 8216 1574 6380 11693 5956 12216 5769 1726 886 204 4043 1836 3678 1247 1194 2987 682 2679 365 9537 6659 2541 1755 1094
internal_count=74099 37786 20432 17354 4087 13267 8216 1574 6380 11693 5956 12216 5769 1726 886 204 4043 1836 3678 1247 1194 2987 682 2679 365 9537 6659 2541 1755 1094
cat_boundaries=0 1 2 3 4 5 6 7
cat_threshold=884895 1 262160 2 1 3277152 1
is_linear=0
shrinkage=0.05


Tree=15
num_leaves=31
num_cat=8
split_feature=15 18 0 2 3 3 3 3 0 18 3 19 0 3 0 3 19 2 3 3 2 3 2 21 7 21 19 3 18 21
split_gain=222.486 104.391 29.467 20.1836 15.4892 12.0107 15.4082 10.2222 9.34231 7.61486 6.37978 5.40701 4.22088 4.91465 4.00501 3.88507 3.71149 3.6847 3.48771 3.24927 3.06506 3.43764 2.93927 2.92462 3.0324 2.88908 2.88849 2.85588 2.77165 2.70821
threshold=1.0000000180025095e-35 1.0000000180025095e-35 0 1 81.500000000000014 44.500000000000007 57.500000000000007 73.500000000000014 2 0.6428571641445161 84.500000000000014 1.5114968419075014 3 48.500000000000007 4 46.500000000000007 0.99980619549751293 5 56.500000000000007 48.500000000000007 6 59.500000000000007 7 4.3822104930877694 30.10000038146973 4.384357452392579 1.1033705472946169 46.500000000000007 2.928571462631226 4.3909223079681405
decision_type=2 2 1 1 2 2 2 2 1 2 2 2 1 2 1 2 2 1 2 2 1 2 1 2 2 2 2 2 2 2
left_child=1 3 8 4 14 -5 26 -8 11 12 -9 15 13 -4 19 -3 -10 18 -17 -1 21 -15 -13 -11 -25 -20 27 -7 -18 -28
right_child=-2 2 9 5 -6 6 7 10 16 23 -12 22 -14 20 -16 17 28 -19 25 -21 -22 -23 -24 24 -26 -27 29 -29 -30 -31
leaf_value=0.0032051556732757003 -0.023164561507987669 0.059595369796663293 0.00011589320322947795 -0.023164561507987669 -0.028739424454240155 -0.041140233694481942 -0.023164561507987669 0.041807602202176823 0.060403144026113055 0.023869829578943149 -0.023164561507987669 0.3906542397595037 0.00010622671554187946 0.061523155070060787 0.0022853034289646626 0.15473097442435516 0.023882905726733752 0.056787019253734472 0.097612013748679338 0.051774057027704247 0.024221192536732508 0.028163275234477331 0.03321854643952922 0.02714378989889293 0.039253764813830846 0.045263692538377212 0.042259379949458442 0.015567518540979581 0.16700597699519421 0.12058022597222198
leaf_weight=410 36472 608 1860 5755 1096 348 4690 1027 2073 1628 515 52 6410 637 2096 273 2264 399 327 518 1054 1117 24 607 961 164 300 560 40 33
leaf_count=410 36472 608 1860 5755 1096 348 4690 1027 2073 1628 515 52 6410 637 2096 273 2264 399 327 518 1054 1117 24 607 961 164 300 560 40 33
internal_value=-0.00211039 0.000575225 0.00299102 -0.00227923 0.000776698 -0.00323103 -0.00190887 -0.00292202 0.0058598 0.00173481 0.000609597 0.00886645 0.00111572 0.00225737 0.00262235 0.00835404 0.00457374 0.0100473 0.0120812 0.00534115 0.00358262 0.00486317 0.0219737 0.00388611 0.00542729 0.00956212 0.00317889 0.00171806 0.00320312 0.00716216
internal_weight=74318 37846 20498 17348 4120 13228 7473 6232 6224 14274 1542 1847 11078 4668 3024 1771 4377 1163 764 928 2808 1754 76 3196 1568 491 1241 908 2304 333
internal_count=74318 37846 20498 17348 4120 13228 7473 6232 6224 14274 1542 1847 11078 4668 3024 1771 4377 1163 764 928 2808 1754 76 3196 1568 491 1241 908 2304 333
cat_boundaries=0 1 2 3 4 5 6 7 8
cat_threshold=360477 1 262160 3801314 835933 1 1 1
is_linear=0
shrinkage=0.05


Tree=16
num_leaves=31
num_cat=6
split_feature=15 18 0 2 3 3 3 0 3 3 3 2 18 21 21 4 21 21 4 21 4 0 21 7 21 0 21 18 3 4
split_gain=208.562 100.942 25.2449 18.0845 14.0401 10.9913 12.2485 9.32244 9.2134 5.82913 5.62036 6.18989 5.53581 4.65002 7.80658 7.94965 12.8856 5.51617 4.93485 5.26426 4.10606 3.68683 3.79896 3.60043 3.07415 2.99888 2.92811 4.01866 2.87291 3.20715
threshold=1.0000000180025095e-35 1.0000000180025095e-35 0 1 81.500000000000014 44.500000000000007 57.500000000000007 2 73.500000000000014 85.500000000000014 46.500000000000007 3 0.6428571641445161 4.3576292991638192 4.3740921020507821 1.5000000000000002 4.4046111106872567 4.3978459835052499 2.5000000000000004 4.388714313507081 5.5000000000000009 4 4.3809592723846444 24.500000000000004 4.3833954334259042 5 4.3839001655578622 0.5000000149011613 46.500000000000007 1.5000000000000002
decision_type=2 2 1 1 2 2 2 1 2 2 2 1 2 2 2 2 2 2 2 2 2 1 2 2 2 1 2 2 2 2
left_child=1 3 20 4 25 -5 -7 10 -8 21 -4 13 -9 -12 -15 16 17 -16 -17 -20 28 22 23 -10 -14 -1 -22 -28 -3 -30
right_child=-2 2 7 5 -6 6 8 12 9 -11 11 -13 24 14 15 18 -18 -19 19 -21 26 -23 -24 -25 -26 -27 27 -29 29 -31
leaf_value=0.0019590449091045794 -0.022006333432588288 0.039930608085081226 0.01634247544928721 -0.022006333432588288 -0.027302453231528148 0.0067158856303242481 -0.022006333432588288 0.00029424513351680173 0.1441869457154093 -0.022006333432588288 0.095313615812654753 0.022335986484167129 0.021597323557992196 0.016536013172956658 0.15099698657603244 0.013495109044261301 0.027471045502967684 0.61493188195630677 0.057225035090033127 0.097489629812857151 0.051502548595379498 0.00079175052593788431 0.0047106447186154197 0.041820806357766506 0.026750067735096552 0.022995482841607157 0.13746954962257515 0.37016524285959218 0.094170188372993957 0.059382664940472875
leaf_weight=1711 36462 882 2237 5752 1116 1249 4719 7761 27 378 172 1889 1244 1042 295 558 306 39 740 169 53 795 200 155 993 1280 25 43 595 1389
leaf_count=1711 36462 882 2237 5752 1116 1249 4719 7761 27 378 172 1889 1244 1042 295 558 306 39 740 169 53 795 200 155 993 1280 25 43 595 1389
internal_value=-0.00219762 0.000404082 0.0027868 -0.00239673 0.000502799 -0.00329379 -0.00203576 0.00205528 -0.00293593 0.000401928 0.0033948 0.00429942 0.00105515 0.00559922 0.00516195 0.00691267 0.0115625 0.0183533 0.00488412 0.00715621 0.00702869 0.00213679 0.00609694 0.0114835 0.00324765 0.00228853 0.0160744 0.0229412 0.00667132 0.00772681
internal_weight=74276 37814 20432 17382 4107 13275 7523 17445 6274 1555 7447 5210 9998 3321 3149 2107 640 334 1467 909 2987 1177 382 182 2237 2991 121 68 2866 1984
internal_count=74276 37814 20432 17382 4107 13275 7523 17445 6274 1555 7447 5210 9998 3321 3149 2107 640 334 1467 909 2987 1177 382 182 2237 2991 121 68 2866 1984
cat_boundaries=0 1 2 3 4 5 6
cat_threshold=262161 1 1671406 1 2408570 7550592
is_linear=0
shrinkage=0.05


Tree=17
num_leaves=31
num_cat=5
split_feature=15 2 3 3 0 3 3 3 3 4 7 3 13 0 4 0 7 3 3 3 4 8 4 6 3 4 3 7 3 4
split_gain=198.597 85.3258 27.2154 22.7223 20.8056 16.1005 15.8817 14.4008 7.81102 7.72649 7.34622 6.87555 5.81559 5.56922 4.70294 4.39926 4.32789 4.00406 3.93976 3.91548 3.88839 3.7978 3.77709 3.77223 6.14788 3.7361 3.58034 3.57906 3.49189 3.36504
threshold=1.0000000180025095e-35 0 44.500000000000007 81.500000000000014 1 54.500000000000007 45.500000000000007 75.500000000000014 83.500000000000014 5.5000000000000009 32.500000000000007 48.500000000000007 1.0212862491607668 2 1.5000000000000002 3 30.10000038146973 57.500000000000007 58.500000000000007 54.500000000000007 2.5000000000000004 1.0000000180025095e-35 4.5000000000000009 4 60.500000000000007 4.5000000000000009 54.500000000000007 27.400000572204593 49.500000000000007 5.5000000000000009
decision_type=2 1 2 2 1 2 2 2 2 2 2 2 2 1 2 1 2 2 2 2 2 2 2 1 2 2 2 2 2 2
left_child=1 3 -3 4 6 11 -1 17 13 10 14 25 18 -9 21 -13 -6 -7 -12 22 -16 27 28 24 -22 -4 -25 -8 -18 -21
right_child=-2 2 5 -5 16 7 9 8 -10 -11 12 15 -14 -15 20 -17 19 -19 -20 29 23 -23 -24 26 -26 -27 -28 -29 -30 -31
leaf_value=0.019413431554448503 -0.020906016760958872 -0.020906016760958872 0.0063800913488080372 -0.02593733056995174 0.00027953287684095995 -0.00032815655969291595 -0.020584393123001098 0.061281623982594492 -0.020906016760958872 0.29822364183490785 0.22932628638114794 0.024079751119404365 0.053391776017458953 0.032917351970249233 0.019241630200611502 0.040922482706592378 0.017647812315333682 -0.020906016760958872 0.11760326857750508 0.024171885567182805 0.043639991211686734 0.1440284115126019 0.064098835202785226 0.08424829976688776 0.11833839164500484 -0.039544016291274048 0.024810158442220797 0.062278190789266621 0.027451878864700175 -0.050922725931602943
leaf_weight=2935 36354 5816 1403 1149 5646 981 95 189 740 109 140 891 149 1644 1052 1374 724 5555 130 2059 359 273 371 548 179 389 1194 997 656 203
leaf_count=2935 36354 5816 1403 1149 5646 981 95 189 740 109 140 891 149 1644 1052 1374 724 5555 130 2059 359 273 371 548 179 389 1194 997 656 203
internal_value=-0.00225991 0.000270091 -0.00209989 0.00264182 0.00308126 -0.000841563 0.0049388 -0.00200845 0.00116012 0.00659808 0.00631743 0.00177841 0.0126611 0.00291053 0.00575154 0.00360927 0.00150533 -0.00325582 0.017037 0.00276227 0.00473889 0.00822344 0.00453741 0.00589912 0.00959854 -0.000535715 0.00467466 0.00690476 0.00333333 0.00138815
internal_weight=74304 37950 18982 18968 17819 13166 8160 9109 2573 5225 5116 4057 419 1833 4697 2265 9659 6536 270 4013 3332 1365 1751 2280 538 1792 1742 1092 1380 2262
internal_count=74304 37950 18982 18968 17819 13166 8160 9109 2573 5225 5116 4057 419 1833 4697 2265 9659 6536 270 4013 3332 1365 1751 2280 538 1792 1742 1092 1380 2262
cat_boundaries=0 1 2 3 4 5
cat_threshold=1 884991 262145 5404992 2
is_linear=0
shrinkage=0.05


Tree=18
num_leaves=31
num_cat=8
split_feature=15 18 0 2 3 3 0 18 21 21 3 4 3 4 9 4 18 3 3 0 0 21 3 2 4 3 21 13 0 2
split_gain=188.408 97.6142 17.1739 16.2828 12.2114 9.74103 6.9619 6.1358 5.84936 5.64716 5.26355 4.99136 7.80371 8.85864 5.31516 4.61299 4.22973 4.19623 9.08941 3.63682 3.24359 3.03515 2.89756 3.52205 4.77459 5.08761 4.91007 2.83369 2.78654 2.70124
threshold=1.0000000180025095e-35 1.0000000180025095e-35 0 1 81.500000000000014 73.500000000000014 2 0.6428571641445161 4.3563230037689218 4.3740921020507821 85.500000000000014 1.5000000000000002 46.500000000000007 1.0000000180025095e-35 1.0000000180025095e-35 2.5000000000000004 1.3571428656578066 44.500000000000007 57.500000000000007 3 4 4.3852720260620126 37.500000000000007 5 4.5000000000000009 74.500000000000014 4.3847904205322275 0.99137932062149059 6 7
decision_type=2 2 1 1 2 2 1 2 2 2 2 2 2 2 2 2 2 2 2 1 1 2 2 1 2 2 2 2 1 1
left_child=1 3 6 4 19 17 29 -4 -8 -10 20 12 -11 14 -14 -13 -15 -5 -19 -1 -7 -9 -17 24 25 -24 -26 28 -21 -3
right_child=-2 2 7 5 -6 10 8 21 9 11 -12 15 13 16 -16 22 -18 18 -20 27 -22 -23 23 -25 26 -27 -28 -29 -30 -31
leaf_value=0.0018167798555089655 -0.019860715922910929 0.082796449744383965 0.0002750776272318733 -0.019860715922910929 -0.024640464041454153 -0.0033314624658437168 0.078656189700249082 0.019533463189444822 0.012615393709077057 0.016559211471271828 -0.019860715922910929 0.0039475342711981776 0.13769880048406932 0.22396810880648743 0.042440225651876773 -0.0037462103993004649 0.47329033695593359 0.0061860867813676342 -0.019860715922910929 0.056592860915556598 0.038403347630168144 0.02421097382588059 0.027481677110156106 0.017648283838346029 0.07687604121412045 0.1354371670031374 0.19448130644933817 0.002441698881312444 0.031897309825250401 0.036087269796654213
leaf_weight=1817 36286 1388 8344 5722 1117 528 228 1424 2485 466 361 1189 47 178 792 295 63 1240 4678 145 637 869 927 669 487 84 93 603 412 470
leaf_count=1817 36286 1388 8344 5722 1117 528 228 1424 2485 466 361 1189 47 178 792 295 63 1240 4678 145 637 869 927 669 487 84 93 603 412 470
internal_value=-0.00232659 0.000145928 0.00247878 -0.00262457 0.000129457 -0.00348094 0.00398085 0.00108152 0.00333021 0.00310289 0.000275228 0.00402646 0.00641656 0.00875 0.006323 0.00303953 0.0171992 -0.00397337 -0.00303988 0.00180215 0.00190987 0.00337331 0.00423679 0.00484513 0.00612508 0.00405044 0.00974138 0.00397436 0.00657989 0.00675053
internal_weight=74044 37758 20498 17260 4094 13166 9861 10637 8003 7775 1526 5290 1546 1080 839 3744 241 11640 5918 2977 1165 2293 2555 2260 1591 1011 580 1160 557 1858
internal_count=74044 37758 20498 17260 4094 13166 9861 10637 8003 7775 1526 5290 1546 1080 839 3744 241 11640 5918 2977 1165 2293 2555 2260 1591 1011 580 1160 557 1858
cat_boundaries=0 1 2 3 4 5 6 7 8
cat_threshold=884991 1 262160 7550624 5455104 1 76 1
is_linear=0
shrinkage=0.05


Tree=19
num_leaves=31
num_cat=4
split_feature=18 18 3 3 2 3 21 4 19 3 3 13 4 17 7 18 3 19 1 3 7 6 20 2 17 3 7 21 4 13
split_gain=67.8205 14.7704 4.32942 4.12219 3.91784 6.69249 3.71106 2.71171 2.64256 2.62299 2.87601 2.54788 2.88119 4.0386 2.32133 2.60341 2.18901 1.95972 1.88313 2.05962 1.86576 1.86357 1.76838 1.68642 1.68503 1.65943 2.352 1.64027 1.50364 1.38713
threshold=1.0000000180025095e-35 0.6428571641445161 63.500000000000007 63.500000000000007 0 78.500000000000014 4.3822104930877694 4.5000000000000009 0.490822583436966 43.500000000000007 57.500000000000007 1.0638586878776553 4.5000000000000009 1.0000000180025095e-35 28.899999618530277 1.6428571343421938 47.500000000000007 0.490822583436966 1 48.500000000000007 26.899999618530277 2 13.500000000000002 3 3.5000000000000004 73.500000000000014 26.400000572204593 4.3847904205322275 1.0000000180025095e-35 0.96922349929809581
decision_type=2 2 2 2 1 2 2 2 2 2 2 2 2 2 2 2 2 2 1 2 2 1 2 1 2 2 2 2 2 2
left_child=4 2 17 6 5 -1 8 20 -3 -6 -11 12 18 23 22 16 -16 -2 19 -8 28 -9 -15 27 -17 -12 -27 -14 -4 -19
right_child=1 3 7 -5 9 -7 11 21 -10 10 25 -13 13 14 15 24 -18 29 -20 -21 -22 -23 -24 -25 -26 26 -28 -29 -30 -31
leaf_value=-0.0058165246920391604 -0.021838265187103641 -0.018867680126765381 -0.014828850273947758 -0.018987020972730889 -0.018867680126765381 -0.018867680126765381 0.015556748116008358 -0.0157153619421177 0.011665599866415566 -0.018867680126765381 -0.018867680126765381 -0.019190832455299463 0.01336130226407008 -0.00096801094781289246 0.075995445070339118 0.11847463018882612 0.049483903149665595 -0.0018156980816125036 0.015949700846257475 0.021548939584543958 -0.01482841983208525 -0.021673947564234349 0.12672075096357402 -0.021838265187103641 0.44909990636623942 -0.018867680126765381 -0.01146075396616319 0.16125333745151715 -0.021487020972730891 -0.0076129897365638348
leaf_weight=5939 391 229 493 2312 7963 4828 263 825 4011 3086 10167 437 188 98 69 27 151 5419 1802 511 6429 1482 25 105 44 3222 1777 120 1454 10295
leaf_count=5939 391 229 493 2312 7963 4828 263 825 4011 3086 10167 437 188 98 69 27 151 5419 1802 511 6429 1482 25 105 44 3222 1777 120 1454 10295
internal_value=-0.00239692 -0.00088892 -0.00150963 0.000711123 -0.00391299 -0.00310997 0.00124381 -0.00229009 0.000224055 -0.0042428 -0.00391245 0.00236979 0.00283132 0.00539903 0.00888889 0.011323 0.00863636 -0.000991929 0.00200699 0.00405612 -0.00187202 -0.00380798 0.00313008 0.00190073 0.0196479 -0.00419557 -0.00344969 0.00376623 -0.00322804 -0.000904927
internal_weight=74162 37180 26788 10392 36982 10767 8080 10683 4240 26215 18252 3840 3403 827 414 291 220 16105 2576 774 8376 2307 123 413 71 15166 4999 308 1947 15714
internal_count=74162 37180 26788 10392 36982 10767 8080 10683 4240 26215 18252 3840 3403 827 414 291 220 16105 2576 774 8376 2307 123 413 71 15166 4999 308 1947 15714
cat_boundaries=0 1 2 3 4
cat_threshold=1 12 12 1
is_linear=0
shrinkage=0.05


Tree=20
num_leaves=31
num_cat=9
split_feature=15 18 2 0 3 3 3 3 3 3 2 4 3 0 0 4 3 21 4 18 2 3 0 4 3 2 18 7 2 3
split_gain=185.979 87.9199 16.6891 14.2799 12.0208 9.80105 9.3538 9.03295 7.73085 6.67381 6.51354 6.22812 5.67536 5.37731 3.84427 3.406 3.40405 3.37343 3.64872 3.10597 3.0721 2.90676 2.86698 2.79291 8.15199 4.21856 2.99983 2.59678 2.58512 2.69081
threshold=1.0000000180025095e-35 1.0000000180025095e-35 0 1 82.500000000000014 44.500000000000007 57.500000000000007 73.500000000000014 46.500000000000007 54.500000000000007 2 5.5000000000000009 85.500000000000014 3 4 5.5000000000000009 38.500000000000007 4.3740921020507821 5.5000000000000009 2.928571462631226 5 48.500000000000007 6 4.5000000000000009 37.500000000000007 7 0.21428572386503222 32.500000000000007 8 75.500000000000014
decision_type=2 2 1 1 2 2 2 2 2 2 1 2 2 1 1 2 2 2 2 2 1 2 1 2 2 1 2 2 1 2
left_child=1 2 4 15 -1 -4 -7 -8 23 10 17 13 14 -11 -9 21 -17 -10 27 28 -18 -3 -12 -5 -25 26 -26 -19 -15 -30
right_child=-2 3 5 8 -6 6 7 12 9 11 22 -13 -14 19 -16 16 20 18 -20 -21 -22 -23 -24 24 25 -27 -28 -29 29 -31
leaf_value=0.0031789488543566948 -0.017924296120427112 0.048291518340187828 -0.017924296120427112 -0.0013407868636261047 -0.022465056833043177 0.0071659789931621922 -0.017924296120427112 0.039067320462569305 0.02181198509013187 -0.0073112712465248867 0.033899930906315379 -0.034681871868087626 -0.017924296120427112 0.031258277099415532 -0.0019430138395776207 -0.018897375653559277 0.31444772009052258 0.035288992881159102 0.099905867690754407 0.19111651624398862 0.027520553521712499 0.077361066123997541 0.019350063376142687 -0.049128211594119051 0.053942203137314529 -0.047918048130219534 0.045786664311135018 0.097584639140956164 -0.0072063122812057335 0.024340941198326142
leaf_weight=3166 36330 732 5743 4041 927 1238 4709 500 791 1581 984 570 381 4295 691 21 58 1646 148 57 22 1176 1528 299 120 89 558 153 766 896
leaf_count=3166 36330 732 5743 4041 927 1238 4709 500 791 1581 984 570 381 4295 691 21 58 1646 148 57 22 1176 1528 299 120 89 558 153 766 896
internal_value=-0.00234491 0.000106107 -0.00251369 0.00232064 0.000277302 -0.00337506 -0.00218713 -0.00297007 0.00188269 0.00251398 0.00390476 0.00161972 0.000311704 0.00199802 0.00201091 0.00631748 0.015297 0.00559167 0.00671032 0.00267762 0.02 0.00587526 0.00206608 0.000228117 0.00250469 0.00523468 0.00657817 0.00608949 0.00257092 0.000896509
internal_weight=74216 37886 17355 20531 4093 13262 7519 6281 18522 13415 5250 8165 1572 7595 1191 2009 101 2738 1947 6014 80 1908 2512 5107 1066 767 678 1799 5957 1662
internal_count=74216 37886 17355 20531 4093 13262 7519 6281 18522 13415 5250 8165 1572 7595 1191 2009 101 2738 1947 6014 80 1908 2512 5107 1066 767 678 1799 5957 1662
cat_boundaries=0 1 2 3 4 5 6 7 8 9
cat_threshold=1 262168 1 4338688 2916987 1 2687623 1 1
is_linear=0
shrinkage=0.05


Tree=21
num_leaves=31
num_cat=8
split_feature=15 18 2 18 3 3 0 3 3 0 3 3 13 4 4 18 4 0 3 6 0 0 0 3 4 3 19 7 3 17
split_gain=175.254 89.5827 15.0326 13.9551 10.7185 9.15719 7.47331 6.16569 5.42211 6.18222 4.08297 6.58818 3.40724 3.51326 3.31988 4.34398 3.13702 3.09085 3.0489 2.74713 2.58328 2.50257 2.47265 2.47254 3.15916 2.4609 2.30978 2.2285 2.04589 2.21453
threshold=1.0000000180025095e-35 1.0000000180025095e-35 0 0.6428571641445161 82.500000000000014 73.500000000000014 1 84.500000000000014 46.500000000000007 2 43.500000000000007 61.500000000000007 1.0566239356994631 1.5000000000000002 1.0000000180025095e-35 2.0714285373687749 5.5000000000000009 3 39.500000000000007 4 5 6 7 47.500000000000007 5.5000000000000009 43.500000000000007 1.4537053108215334 26.69999980926514 63.500000000000007 5.5000000000000009
decision_type=2 2 1 2 2 2 1 2 2 1 2 2 2 2 2 2 2 1 2 1 1 1 1 2 2 2 2 2 2 2
left_child=1 2 4 6 21 10 18 22 -5 16 -4 -12 13 14 17 -16 19 -11 20 26 -3 25 -7 -8 27 -1 -10 -25 29 -15
right_child=-2 3 5 8 -6 7 23 -9 9 12 11 -13 -14 28 15 -17 -18 -19 -20 -21 -22 -23 -24 24 -26 -27 -28 -29 -30 -31
leaf_value=8.0340685514840307e-05 -0.017028081314405755 0.022955919028275037 -0.017028081314405755 0.018768737658893545 -0.021341803991391017 -0.0024089053633351305 -0.0020632509154171366 -0.017028081314405755 0.073077635345683914 -0.023186877457167021 -0.0045259743633407129 -0.017028081314405755 0.01291106596462393 0.022727534842056682 0.071524106784524741 0.51833718459406641 0.28022532025122804 0.038199587936467751 0.033133574200244729 0.050027926229469423 -0.010653911467681033 0.00061669437145705965 0.038075760650551682 -0.011221255611947881 -0.013613064411200491 0.041821980781778983 0.22708352219534414 0.025632324045710326 0.0010623744708824626 0.53967134147947848
leaf_weight=361 36320 313 5331 1429 924 485 2983 526 558 148 2761 3577 731 1551 342 29 52 290 4275 674 656 2253 563 506 586 585 39 4975 362 28
leaf_count=361 36320 313 5331 1429 924 485 2983 526 558 148 2761 3577 731 1551 342 29 52 290 4275 674 656 2253 563 506 586 585 39 4975 362 28
internal_value=-0.00241218 -3.33847e-05 -0.0026765 0.00220271 -4.00206e-05 -0.00349732 0.00134182 8.25909e-05 0.00417696 0.00498126 -0.00398021 -0.00312244 0.00383701 0.00465454 0.00742274 0.010903 0.00790322 0.00447488 0.00284164 0.00747049 0.000314756 0.0013301 0.00229962 0.000469094 0.00104912 0.0034728 0.00999176 0.00142218 0.00350077 0.00427802
internal_weight=74213 37893 17366 20527 4123 13243 14294 1574 6233 4804 11669 6338 3481 2750 809 371 1323 438 5244 1271 969 3199 1048 9050 6067 946 597 5481 1941 1579
internal_count=74213 37893 17366 20527 4123 13243 14294 1574 6233 4804 11669 6338 3481 2750 809 371 1323 438 5244 1271 969 3199 1048 9050 6067 946 597 5481 1941 1579
cat_boundaries=0 1 2 3 4 5 6 7 8
cat_threshold=1 884959 262321 57344 9 32785 2916765 1260820
is_linear=0
shrinkage=0.05


Tree=22
num_leaves=31
num_cat=10
split_feature=18 0 3 4 19 3 3 3 2 3 0 2 0 3 3 21 2 0 19 3 3 0 3 2 0 21 19 3 21 21
split_gain=57.4838 20.369 9.09509 3.70634 3.58326 4.09082 3.78437 3.56456 3.42938 6.40063 3.5427 3.26839 3.15764 3.13943 4.0453 1.85005 1.90499 1.74089 2.21424 1.69733 2.29942 2.62917 1.6309 1.89588 1.62982 1.61044 1.98915 1.60975 1.53336 2.78514
threshold=1.0000000180025095e-35 0 63.500000000000007 2.5000000000000004 0.490822583436966 46.500000000000007 53.500000000000007 54.500000000000007 1 81.500000000000014 2 3 4 43.500000000000007 57.500000000000007 4.3694157600402841 5 6 1.4499421119689944 73.500000000000014 84.500000000000014 7 40.500000000000007 8 9 4.3759162425994882 0.87499997019767772 61.500000000000007 4.3680813312530526 4.3586397171020517
decision_type=2 1 2 2 2 2 2 2 1 2 1 1 1 2 2 2 1 1 2 2 2 1 2 1 1 2 2 2 2 2
left_child=8 2 4 -4 -2 24 12 22 9 10 27 -8 15 -10 -15 -7 -17 18 -5 -16 21 -21 -3 -24 -6 26 -18 -1 29 -19
right_child=1 7 3 17 5 6 11 -9 13 -11 -12 -13 -14 14 19 16 25 28 -20 20 -22 -23 23 -25 -26 -27 -28 -29 -30 -31
leaf_value=0.0017189242277579784 -0.016176677248685468 -0.01909106852015463 -0.004726302767854451 0.011741496270050005 0.0081768313927598219 -0.014210405866925966 0.019186327094910163 -0.018976977643856162 -0.016176677248685468 -0.016176677248685468 -0.016176677248685468 -0.015395356977924666 0.01910183968807105 -0.016176677248685468 -0.016176677248685468 0.051949023672686272 -0.020447132902481888 -0.018790051052352708 0.32060639167184096 -0.0018836567568694673 -0.016176677248685468 -0.016176677248685468 -0.0047669176153992791 -0.018497400589877401 -0.0040964154131344927 0.016876096034906699 0.066338070870430407 -0.003974265488037497 -0.018665051052352704 0.0097266840872079485
leaf_weight=798 372 1526 3703 241 1701 153 3212 7692 7925 3862 5128 1239 3405 3048 10114 511 29 259 20 772 1865 2401 3809 2078 3112 376 96 1005 3155 520
leaf_count=798 372 1526 3703 241 1701 153 3212 7692 7925 3862 5128 1239 3405 3048 10114 511 29 259 20 772 1865 2401 3809 2078 3112 376 96 1005 3155 520
internal_value=-0.00246179 -0.00107488 -0.000107173 -0.00146746 0.00064902 0.000779238 0.00140727 -0.00248925 -0.00385964 -0.00310989 -0.00220098 0.000369579 0.00241794 -0.00416938 -0.00380769 0.00465957 0.00547431 -0.0024851 0.00145756 -0.00414203 -0.00339222 -0.00257328 -0.00170849 -0.0013309 -0.000397882 0.00328343 0.0082 -0.000284061 -0.00274341 -0.000763801
internal_weight=74127 37209 22104 7898 14206 13834 9021 15105 36918 10793 6931 4451 4570 26125 18200 1165 1012 4195 261 15152 5038 3173 7413 5887 4813 501 125 1803 3934 779
internal_count=74127 37209 22104 7898 14206 13834 9021 15105 36918 10793 6931 4451 4570 26125 18200 1165 1012 4195 261 15152 5038 3173 7413 5887 4813 501 125 1803 3934 779
cat_boundaries=0 1 2 3 4 5 6 7 8 9 10
cat_threshold=2477619 1 2412071 1 263680 1 16 377387 1 33809
is_linear=0
shrinkage=0.05


Tree=23
num_leaves=31
num_cat=6
split_feature=15 2 3 3 3 3 3 0 3 3 13 7 4 4 0 4 3 21 9 4 0 0 19 4 21 4 0 4 3 13
split_gain=179.589 65.4425 27.7189 19.7305 16.6958 16.4874 11.1339 11.5378 6.79636 6.0244 5.93372 4.59986 4.47083 3.76427 3.22237 3.13769 3.49087 3.4151 4.35425 3.76527 3.087 3.05108 3.00493 2.90374 3.06947 2.83784 4.36212 2.60442 2.56845 2.33052
threshold=1.0000000180025095e-35 0 44.500000000000007 81.500000000000014 57.500000000000007 74.500000000000014 45.500000000000007 1 84.500000000000014 63.500000000000007 1.0270467996597292 32.100000381469734 5.5000000000000009 5.5000000000000009 2 4.5000000000000009 48.500000000000007 4.3706805706024179 1.0000000180025095e-35 1.5000000000000002 3 4 0.76583802700042736 2.5000000000000004 4.3714139461517343 4.5000000000000009 5 5.5000000000000009 45.500000000000007 0.9787137806415559
decision_type=2 1 2 2 2 2 2 1 2 2 2 2 2 2 1 2 2 2 2 2 1 1 2 2 2 2 1 2 2 2
left_child=1 3 -3 6 15 -6 20 10 13 21 11 12 22 14 -7 17 -17 -4 19 28 -1 -9 23 24 -8 26 -13 -11 -19 -23
right_child=-2 2 4 -5 5 8 7 9 -10 27 -12 25 -14 -15 -16 16 -18 18 -20 -21 -22 29 -24 -25 -26 -27 -28 -29 -30 -31
leaf_value=0.017896568108684199 -0.015367843386251193 -0.015367843386251193 -0.005855217188597152 -0.019465879929387194 -0.015367843386251193 0.035500569104688288 0.03495424048170815 0.020239648247657071 -0.015367843386251193 0.021495595536699576 0.025468964156607793 0.16745099146757936 0.26402117263264008 -0.033143999995399707 0.018952813882611542 -0.036255902178497265 0.003512472433620243 -0.042627999920419282 0.016271157972942655 0.034383144545196996 0.00013192333414231984 0.03822635205054109 0.04951373719285565 0.061745245232529167 0.20843958313161309 0.21925968506605176 0.063445092187642979 -0.042891388279189951 0.087485088606031158 0.020013559862822668
leaf_weight=1872 36426 5768 716 1146 5252 1003 40 847 557 2907 1231 115 65 175 1134 371 662 24 2243 770 4333 1238 2137 151 64 83 271 339 242 2082
leaf_count=1872 36426 5768 716 1146 5252 1003 40 847 557 2907 1231 115 65 175 1134 371 662 24 2243 770 4333 1238 2137 151 64 83 271 339 242 2082
internal_value=-0.00239107 2.14059e-05 -0.0020582 0.00210057 -0.000790556 -0.00219247 0.00251055 0.00342697 0.000855698 0.00223427 0.00553516 0.00677375 0.00590761 0.00205017 0.00262751 0.00147375 -0.000982576 0.00210888 0.00279201 0.00547297 0.000801772 0.00349532 0.00555602 0.0106863 0.0171154 0.0113113 0.00950777 0.000622303 0.0106015 0.00417417
internal_weight=74264 37838 18917 18921 13149 8121 17775 11570 2869 7413 4157 2926 2457 2312 2137 5028 1033 3995 3279 1036 6205 4167 2392 255 104 469 386 3246 266 3320
internal_count=74264 37838 18917 18921 13149 8121 17775 11570 2869 7413 4157 2926 2457 2312 2137 5028 1033 3995 3279 1036 6205 4167 2392 255 104 469 386 3246 266 3320
cat_boundaries=0 1 2 3 4 5 6
cat_threshold=1 1409276 805595 1474841 4206592 32836
is_linear=0
shrinkage=0.05


Tree=24
num_leaves=31
num_cat=8
split_feature=15 18 2 3 18 3 3 3 0 3 0 4 3 21 0 13 4 21 21 0 18 6 0 3 3 4 2 21 3 21
split_gain=166.485 83.106 11.9979 10.191 10.1633 9.08313 7.86347 7.60195 5.30508 4.94366 4.7804 4.86732 4.08648 3.22763 2.91931 2.60514 2.83167 3.36593 5.1647 3.01103 2.47816 2.40421 2.3037 2.25271 3.8907 2.16588 2.68517 2.2996 2.07677 2.06989
threshold=1.0000000180025095e-35 1.0000000180025095e-35 0 81.500000000000014 0.6428571641445161 44.500000000000007 57.500000000000007 73.500000000000014 1 85.500000000000014 2 5.5000000000000009 46.500000000000007 4.3839483261108407 3 1.0386904478073122 1.5000000000000002 4.3877525329589853 4.4003443717956552 4 1.5000000000000002 5 6 48.500000000000007 52.500000000000007 1.5000000000000002 7 4.3596270084381112 63.500000000000007 4.3981130123138437
decision_type=2 2 1 2 2 2 2 2 1 2 1 2 2 2 1 2 2 2 2 1 2 1 1 2 2 2 1 2 2 2
left_child=1 2 3 22 8 -4 21 -8 -3 14 11 12 -6 -13 -9 16 17 19 20 -12 -19 -7 -1 29 -25 -26 27 28 -27 -10
right_child=-2 4 5 -5 10 6 7 9 23 -11 15 13 -14 -15 -16 -17 -18 18 -20 -21 -22 -23 -24 24 25 26 -28 -29 -30 -31
leaf_value=-0.00041729432334227658 -0.014599451216938633 0.00084107368772850524 -0.014599451216938633 -0.018492585932917832 0.027061600808024645 0.035827371512577498 -0.014599451216938633 0.033628251019026466 0.019681765852143741 -0.014599451216938633 0.034997334762700019 0.011070847554211527 0.070091226378975552 0.27987899195866167 -0.0024300702513898147 0.012106190225325187 0.016487360024750722 0.16121181681907737 0.03933278628945993 0.0072109880398856492 0.48622886176162894 -0.0010347887160971792 0.0074454646647849863 0.05870752298698137 0.03396772446663239 0.12695971019625224 -0.0065562315429048461 0.023820214485580516 0.031928442879804751 -0.0078242195063737627
leaf_weight=988 36435 7294 5706 1117 448 496 4722 496 1997 371 248 22 1038 58 674 1204 2484 58 326 338 30 742 1988 615 1238 54 921 1415 121 609
leaf_count=988 36435 7294 5706 1117 448 496 4722 496 1997 371 248 22 1038 58 674 1204 2484 58 326 338 30 742 1988 615 1238 54 921 1415 121 609
internal_value=-0.00248226 -0.000158391 -0.00271098 -0.000345713 0.00199386 -0.00344401 -0.00230036 -0.00302012 0.00125701 2.92006e-05 0.00367445 0.00607233 0.00546433 0.018125 0.00162393 0.0028544 0.00355339 0.0058 0.00925121 0.00336177 0.02 0.00134087 0.00118279 0.00224212 0.00293996 0.00233529 0.00149144 0.00273585 0.00814286 0.00108212
internal_weight=74253 37818 17300 4093 20518 13207 7501 6263 14264 1541 6254 1566 1486 80 1170 4688 3484 1000 414 586 88 1238 2976 6970 4364 3749 2511 1590 175 2606
internal_count=74253 37818 17300 4093 20518 13207 7501 6263 14264 1541 6254 1566 1486 80 1170 4688 3484 1000 414 586 88 1238 2976 6970 4364 3749 2511 1590 175 2606
cat_boundaries=0 1 2 3 4 5 6 7 8
cat_threshold=1 5275168 1311152 2998395 4261442 28 4288512 1
is_linear=0
shrinkage=0.05


Tree=25
num_leaves=31
num_cat=7
split_feature=15 18 2 18 3 3 3 3 3 0 3 0 4 3 3 13 21 0 4 19 0 0 21 7 21 4 18 0 3 4
split_gain=162.961 81.2279 13.3385 9.71337 9.63717 8.30303 7.38115 6.47402 5.21543 4.99239 3.90577 4.96111 4.76371 3.01429 5.43602 2.87955 4.37363 4.43747 2.64694 2.49605 2.42366 2.30368 2.44476 2.22663 2.03756 3.13567 2.4751 2.0175 2.01096 1.89276
threshold=1.0000000180025095e-35 1.0000000180025095e-35 0 0.6428571641445161 82.500000000000014 44.500000000000007 57.500000000000007 73.500000000000014 84.500000000000014 1 45.500000000000007 2 5.5000000000000009 48.500000000000007 52.500000000000007 1.0334821343421938 4.3870060443878183 3 5.5000000000000009 1.3290136456489565 4 5 4.3713068962097177 27.400000572204593 4.4042356014251718 1.5000000000000002 2.0714285373687749 6 66.500000000000014 3.5000000000000004
decision_type=2 2 1 2 2 2 2 2 2 1 2 1 2 2 2 2 2 1 2 2 1 1 2 2 2 2 2 1 2 2
left_child=1 2 4 9 21 -4 -7 -8 20 -3 -5 12 -12 -11 -15 16 -13 -18 -16 -17 -9 -1 -23 27 25 26 28 -24 -19 -27
right_child=-2 3 5 10 -6 6 7 8 -10 13 11 15 -14 14 18 19 17 24 -20 -21 -22 22 23 -25 -26 29 -28 -29 -30 -31
leaf_value=-8.8738669377601785e-05 -0.013869478656091703 0.00047563031048127871 -0.013869478656091703 0.011287742006593432 -0.017567956636271944 0.0047670736053047119 -0.013869478656091703 0.033818665107856243 -0.013869478656091703 0.0085767938095054029 0.066306094593054962 0.019961503699317706 0.25008453109540157 0.058697213449109935 0.023622460675478966 0.010798611362342468 -0.011536545391463725 0.060883660300835543 -0.017300930602079045 0.083872478239716039 -0.0024538011362522983 -0.0010901089859304016 0.041380481388778124 0.042953214247782402 0.016978467208505758 0.0066587405540242395 0.50228094937027212 -0.0015628855545182564 0.30370793811297558 0.055306771834912984
leaf_weight=1728 36344 6262 5723 1192 925 1257 4686 474 501 2997 993 2045 49 689 4142 1119 118 102 211 91 570 424 121 519 286 92 28 379 25 67
leaf_count=1728 36344 6262 5723 1192 925 1257 4686 474 501 2997 993 2045 49 689 4142 1119 118 102 211 91 570 424 121 519 286 92 28 379 25 67
internal_value=-0.00250738 -0.000209574 -0.00273213 0.00191925 -0.000239259 -0.00350503 -0.00240919 -0.00311427 -0.000307445 0.00120236 0.00357097 0.00418245 0.00726236 0.00202572 0.00277469 0.00334798 0.00424719 0.00760446 0.00212152 0.00132231 0.00170498 0.00107064 0.00253613 0.00388125 0.00926229 0.0121975 0.0172581 0.0015 0.0142913 0.00726415
internal_weight=74159 37815 17307 20508 4096 13211 7488 6231 1545 14301 6207 5015 1042 8039 5042 3973 2763 718 4353 1210 1044 3171 1443 1019 600 314 155 500 127 159
internal_count=74159 37815 17307 20508 4096 13211 7488 6231 1545 14301 6207 5015 1042 8039 5042 3973 2763 718 4353 1210 1044 3171 1443 1019 600 314 155 500 127 159
cat_boundaries=0 1 2 3 4 5 6 7
cat_threshold=1 5274656 262320 5382150 2933371 5470720 2392321
is_linear=0
shrinkage=0.05


Tree=26
num_leaves=31
num_cat=6
split_feature=15 18 2 0 3 3 3 21 21 3 3 4 0 3 3 2 0 21 21 3 7 4 0 4 4 7 7 20 21 19
split_gain=153.876 78.4151 13.0177 9.68335 8.97192 8.87788 6.09588 5.97039 6.86651 5.13436 4.75753 4.40117 4.24416 3.81181 7.20132 3.5007 3.17016 3.00096 2.64411 3.33894 2.48728 2.41171 2.35886 2.27954 2.56365 2.75399 2.20726 2.81091 2.07781 2.07357
threshold=1.0000000180025095e-35 1.0000000180025095e-35 0 1 82.500000000000014 74.500000000000014 84.500000000000014 4.3586397171020517 4.3709433078765878 46.500000000000007 53.500000000000007 5.5000000000000009 2 44.500000000000007 57.500000000000007 3 4 4.3740921020507821 4.3895165920257577 49.500000000000007 26.69999980926514 4.5000000000000009 5 1.5000000000000002 2.5000000000000004 31.500000000000004 32.500000000000007 11.500000000000002 4.3874146938323983 0.77294412255287182
decision_type=2 2 1 1 2 2 2 2 2 2 2 2 1 2 2 1 1 2 2 2 2 2 1 2 2 2 2 2 2 2
left_child=1 2 4 7 -1 13 22 -3 -9 -5 15 16 18 -4 -15 17 -12 -11 19 28 -18 -17 -7 29 -25 -26 -19 -28 -10 -14
right_child=-2 3 5 9 -6 6 -8 8 12 10 11 -13 23 14 -16 21 20 26 -20 -21 -22 -23 -24 24 25 -27 27 -29 -30 -31
leaf_value=0.0024053599136553568 -0.013176004723287116 0.064481453405672809 -0.013176004723287116 -0.0017906960800980806 -0.016689558804458347 -0.00098181185084675023 -0.013176004723287116 0.00031933598427924163 0.044393712371137733 0.010179410790437174 -0.0084190899810368206 -0.0329581500010247 0.15058662565247388 0.0011053111814742888 -0.013176004723287116 0.021380957422428085 -0.016281275765086096 0.025352562387723643 0.040464627816773784 0.11535048992948237 0.0203627046854447 -0.014280690705920265 0.038986404547422804 -0.00029400088419156593 0.025488748191921009 0.1005614738822735 0.085248769866842919 0.073842691530607935 0.22653568077266986 0.036192402125230075
leaf_weight=3189 36493 440 5769 3352 913 390 506 1763 395 482 1681 604 101 1235 4896 1247 379 1141 564 502 2973 325 468 1009 1916 138 55 31 20 1347
leaf_count=3189 36493 440 5769 3352 913 390 506 1763 395 482 1681 604 101 1235 4896 1247 379 1141 564 502 2973 325 468 1009 1916 138 55 31 20 1347
internal_value=-0.00258086 -0.00034641 -0.00281758 0.00175055 -0.000355925 -0.00357886 0.000241934 0.00308044 0.00276273 0.000859119 0.00148688 0.000605818 0.00356976 -0.00401681 -0.00314875 0.00300061 0.00108981 0.004567 0.00589872 0.00759542 0.00197501 0.00129771 0.00280886 0.00278589 0.00201926 0.0030331 0.00588019 0.0136046 0.00427711 0.00442679
internal_weight=74324 37831 17366 20465 4102 13264 1364 8195 7755 12270 8918 5637 5992 11900 6131 3281 5033 1709 1481 917 3352 1572 858 4511 3063 2054 1227 86 415 1448
internal_count=74324 37831 17366 20465 4102 13264 1364 8195 7755 12270 8918 5637 5992 11900 6131 3281 5033 1709 1481 917 3352 1572 858 4511 3063 2054 1227 86 415 1448
cat_boundaries=0 1 2 3 4 5 6
cat_threshold=1 884895 262168 1 4338688 3292420
is_linear=0
shrinkage=0.05


Tree=27
num_leaves=31
num_cat=6
split_feature=15 18 2 18 3 3 3 3 3 0 3 19 0 3 4 19 7 0 21 21 21 4 0 3 7 21 7 8 7 2
split_gain=153.695 74.9252 12.5772 9.92847 9.52635 8.06635 5.84797 6.9366 4.55137 4.25141 2.99039 3.07818 2.78308 3.13764 3.35151 2.40064 2.27345 2.25617 2.20606 4.11789 3.09559 2.84057 2.23916 2.04087 2.25742 2.01399 2.01107 2.05639 1.85672 2.05836
threshold=1.0000000180025095e-35 1.0000000180025095e-35 0 0.78571429848670971 82.500000000000014 44.500000000000007 57.500000000000007 73.500000000000014 85.500000000000014 1 47.500000000000007 0.40771512687206274 2 45.500000000000007 5.5000000000000009 0.78375816345214855 26.69999980926514 3 4.3586397171020517 4.373164415359498 4.3814177513122567 5.5000000000000009 4 61.500000000000007 31.500000000000004 4.3812518119812021 29.10000038146973 3.4000000059604649 32.100000381469734 5
decision_type=2 2 1 2 2 2 2 2 2 1 2 2 1 2 2 2 2 1 2 2 2 2 1 2 2 2 2 2 2 1
left_child=1 2 4 9 -1 -4 -7 23 17 15 -11 -12 13 -5 -15 26 -13 -9 -17 -20 22 28 -21 24 -8 -24 27 -3 -22 -30
right_child=-2 3 5 12 -6 6 7 8 -10 10 11 16 -14 14 -16 18 -18 -19 19 20 21 -23 25 -25 -26 -27 -28 -29 29 -31
leaf_value=0.0024844523216432609 -0.012517204487122761 0.067017539862414446 -0.012517204487122761 0.03053034048166527 -0.01585508086423543 0.0053848126550739787 -0.013142309834676012 0.027812670058846134 -0.012517204487122761 -0.0017214039125287722 -0.044505781237263842 -0.0089228894988456174 0.01878019851806937 0.06771812373889971 0.24763492936077267 0.044571375571617333 0.019247625637685967 -0.0013595826588550966 -0.0037781358699005099 0.095753335659007219 0.011727283392189789 0.0930438225954274 0.029229741836766548 -0.012517204487122761 0.0012982066138050624 0.050787423258838983 0.034882086985196487 -0.024685268106775179 0.063203053827786418 0.0048907283223100437
leaf_weight=3184 36392 211 5718 284 936 1248 551 387 367 2886 205 582 3461 769 39 303 5339 780 1827 142 2878 60 578 3553 578 80 491 25 194 164
leaf_count=3184 36392 211 5718 284 936 1248 551 387 367 2886 205 582 3461 769 39 303 5339 780 1827 142 2878 60 578 3553 578 80 491 25 194 164
internal_value=-0.00257182 -0.000339769 -0.00276327 0.00170387 -0.000351943 -0.00351692 -0.00243435 -0.00306146 -0.000143417 0.0011165 0.000397915 0.00102351 0.00376345 0.00598004 0.00762376 0.00204438 0.00123205 0.00138389 0.00172984 0.00151697 0.00239746 0.00172027 0.0051875 -0.00401752 -0.00216563 0.00375748 0.00476616 0.00855932 0.00152039 0.0049162
internal_weight=74212 37820 17302 20518 4120 13182 7464 6216 1534 15965 9012 6126 4553 1092 808 6953 5921 1167 6226 5923 4096 3296 800 4682 1129 658 727 236 3236 358
internal_count=74212 37820 17302 20518 4120 13182 7464 6216 1534 15965 9012 6126 4553 1092 808 6953 5921 1167 6226 5923 4096 3296 800 4682 1129 658 727 236 3236 358
cat_boundaries=0 1 2 3 4 5 6
cat_threshold=1 1015935 1310864 2916459 393232 1
is_linear=0
shrinkage=0.05


Tree=28
num_leaves=31
num_cat=7
split_feature=15 18 2 18 7 0 0 0 4 18 21 19 7 8 2 19 0 21 19 19 19 0 4 21 21 21 21 7 21 21
split_gain=148.31 73.5157 11.5096 7.84888 4.41479 4.31386 4.08645 3.3287 2.67397 2.19868 2.12194 2.01997 1.94457 3.1273 2.69217 3.80928 2.42518 2.01203 2.21533 1.92306 2.18224 1.71026 1.62981 2.04188 3.1848 1.84027 1.77003 1.5655 1.83424 1.53083
threshold=1.0000000180025095e-35 1.0000000180025095e-35 0 0.6428571641445161 27.400000572204593 1 2 3 5.5000000000000009 2.3571429252624516 4.3839483261108407 0.40771512687206274 27.400000572204593 1.0000000180025095e-35 4 1.5114968419075014 5 4.3751013278961191 0.81004804372787487 1.0036008358001711 0.99980619549751293 6 3.5000000000000004 4.373164415359498 4.381922960281373 4.3554015159606942 4.388714313507081 28.10000038146973 4.3907539844512948 4.3586397171020517
decision_type=2 2 1 2 2 1 1 1 2 2 2 2 2 2 1 2 1 2 2 2 2 1 2 2 2 2 2 2 2 2
left_child=1 2 4 6 21 27 11 8 9 -5 -10 -3 -8 14 15 22 -15 -18 -19 20 -4 -1 23 25 -25 -14 29 28 -6 -24
right_child=-2 3 19 7 5 -7 12 -9 10 -11 -12 -13 13 16 -16 -17 17 18 -20 -21 -22 -23 26 24 -26 -27 -28 -29 -30 -31
leaf_value=0.00023765408482501194 -0.011891344262766623 -0.042070492175304598 -0.011891344262766623 0.041231570785746414 0.13191582217257319 -0.00018612999617432236 0.0068447067236721663 0.014379073753434083 -0.00017017359902956686 0.10117534583441966 0.21943103357611876 0.00095084348744935989 0.18555203277735877 0.01545204944359041 0.0032090993726049859 0.10027519114827149 0.072776446044814494 0.11854594132488797 0.0286307948145237 -0.011891344262766623 -0.011891344262766623 -0.015057607400349116 0.1326417650660264 0.069195274137414151 0.015146716690564575 -0.0038931657423070076 0.07426954839787718 0.030867292986728329 0.040352001942648125 0.027022029483601676
leaf_weight=741 36418 186 5408 1163 32 1267 1811 4850 22 169 49 7306 33 106 1601 48 26 57 112 4059 3761 1651 30 313 1061 832 62 355 35 697
leaf_count=741 36418 186 5408 1163 32 1267 1811 4850 22 169 49 7306 33 106 1601 48 26 57 112 4059 3761 1651 30 313 1061 832 62 355 35 697
internal_value=-0.00261652 -0.000424518 -0.00282483 0.00159881 -0.000503554 0.00145352 0.000951963 0.00307612 0.00522647 0.00475976 0.0147183 0.000145293 0.00183924 0.00235235 0.00203442 0.00289987 0.00729236 0.0103659 0.00890532 -0.00354097 -0.00394209 -0.00188545 0.00267833 0.00198973 0.00318777 8.6704e-05 0.00463244 0.00576389 0.0129104 0.00394085
internal_weight=74261 37843 17309 20534 4081 1689 14281 6253 1403 1332 71 7492 6789 4978 4677 3076 301 195 169 13228 9169 2392 3028 2239 1374 865 789 422 67 727
internal_count=74261 37843 17309 20534 4081 1689 14281 6253 1403 1332 71 7492 6789 4978 4677 3076 301 195 169 13228 9169 2392 3028 2239 1374 865 789 422 67 727
cat_boundaries=0 1 2 3 4 5 6 7
cat_threshold=1 262383 7372288 1311128 1 33045 3842328
is_linear=0
shrinkage=0.05


Tree=29
num_leaves=31
num_cat=9
split_feature=15 18 2 3 3 18 3 3 3 0 3 19 3 0 2 4 21 0 3 21 0 4 0 0 13 3 4 19 0 7
split_gain=146.455 69.3955 12.4581 9.15559 8.18943 6.94319 6.54606 7.21807 6.20277 3.58495 3.1446 3.17777 2.94741 2.84891 2.65355 3.54286 2.92321 2.60345 2.53592 2.16634 2.11356 2.05582 2.07071 1.99269 1.95753 1.77116 1.72084 1.55584 2.43159 2.16531
threshold=1.0000000180025095e-35 1.0000000180025095e-35 0 82.500000000000014 44.500000000000007 0.6428571641445161 57.500000000000007 74.500000000000014 84.500000000000014 1 47.500000000000007 0.490822583436966 54.500000000000007 2 3 5.5000000000000009 4.3865480422973642 4 45.500000000000007 4.3818645477294931 5 4.5000000000000009 6 7 1.0566239356994631 45.500000000000007 5.5000000000000009 1.1033705472946169 8 30.10000038146973
decision_type=2 2 1 2 2 2 2 2 2 1 2 2 2 1 1 2 2 1 2 2 1 2 1 1 2 2 2 2 1 2
left_child=1 2 3 23 -4 10 27 -8 17 18 20 -12 14 -14 15 -13 -17 19 -7 -9 -3 -15 -23 -1 25 -11 -20 -6 -29 -30
right_child=-2 5 4 -5 6 9 7 8 -10 24 11 12 13 21 -16 16 -18 -19 26 -21 -22 22 -24 -25 -26 -27 -28 28 29 -31
leaf_value=0.030472805856887653 -0.011296777049628292 0.015232210206884948 -0.011296777049628292 -0.014309446451006203 -0.00060617216784572851 0.027903720898725268 -0.011296777049628292 0.072182787873395229 -0.011296777049628292 0.0046038917086297388 -0.039954490577992018 0.026730116376259688 -0.0090080589382417475 0.020263256699563373 0.022649374848430048 0.026842377879688285 0.17318178827340938 0.0006484154684601196 0.059407706390196151 0.02584351365238597 -0.0013112459249663342 0.035884946910255566 -0.012391398655716842 0.00023925712956684395 0.0038925661412760994 0.022143360573177374 0.1981400040768857 -0.0040357820548034542 0.1276099116390553 0.035689937227210901
leaf_weight=891 36343 1195 5728 937 920 346 4854 225 514 671 203 942 1503 4343 1616 24 26 452 884 169 3625 267 525 2302 999 3300 51 115 53 169
leaf_count=891 36343 1195 5728 937 920 346 4854 225 514 671 203 942 1503 4343 1616 24 26 452 884 169 3625 267 525 2302 999 3300 51 115 53 169
internal_value=-0.00263115 -0.000454306 -0.00278406 -0.00038741 -0.00353398 0.00151316 -0.00244345 -0.00310911 0.000110293 0.00290273 0.000904407 0.00143454 0.00157041 0.00101085 0.00299463 0.00503024 0.018 0.00274232 0.00526336 0.00564356 -0.000134856 0.00156948 -0.000770203 0.000887879 0.00227912 0.00278141 0.00665775 0.000847254 0.00375371 0.00663793
internal_weight=74192 37849 17329 4130 13199 20520 7471 6214 1360 6251 14269 9449 9246 6638 2608 992 50 846 1281 394 4820 5135 792 3193 4970 3971 935 1257 337 222
internal_count=74192 37849 17329 4130 13199 20520 7471 6214 1360 6251 14269 9449 9246 6638 2608 992 50 846 1281 394 4820 5135 792 3193 4970 3971 935 1257 337 222
cat_boundaries=0 1 2 3 4 5 6 7 8 9
cat_threshold=1 262544 4207620 1 2998891 884765 231482 295295 4332800
is_linear=0
shrinkage=0.05


Tree=30
num_leaves=31
num_cat=7
split_feature=15 18 18 3 3 3 3 0 0 3 3 4 0 13 21 3 6 0 19 19 4 4 3 4 6 20 0 7 21 17
split_gain=145.36 68.2582 7.08898 5.94768 6.45152 3.40036 9.28249 3.34441 2.96809 2.90595 3.67284 3.67104 2.29651 1.97346 1.92244 1.80315 1.67148 1.66332 3.12896 3.33468 2.22154 4.18687 2.89027 1.68605 1.66022 2.50522 1.57473 1.90677 1.74809 1.59005
threshold=1.0000000180025095e-35 1.0000000180025095e-35 0.78571429848670971 44.500000000000007 57.500000000000007 73.500000000000014 82.500000000000014 0 1 47.500000000000007 54.500000000000007 5.5000000000000009 2 1.0540935993194582 4.3822677135467538 61.500000000000007 3 4 1.2438430786132815 1.3175238966941836 1.5000000000000002 1.0000000180025095e-35 48.500000000000007 4.5000000000000009 5 10.500000000000002 6 30.10000038146973 4.3836994171142587 1.0000000180025095e-35
decision_type=2 2 2 2 2 2 2 1 1 2 2 2 1 2 2 2 1 1 2 2 2 2 2 2 1 2 1 2 2 2
left_child=1 3 8 -1 -5 15 7 24 -3 -10 26 -12 -4 14 -14 16 -6 -16 20 -20 21 -19 -23 -22 -7 -26 -11 28 29 -28
right_child=-2 2 12 4 5 6 -8 -9 9 10 11 -13 13 -15 17 -17 -18 18 19 -21 23 22 -24 -25 25 -27 27 -29 -30 -31
leaf_value=-0.010731938197146879 -0.010731938197146879 -0.0037132484580271576 0.044885285874522826 0.0066721975661764195 -0.0019131217276866508 0.021842425542844018 -0.010731938197146879 -0.0016518949142392714 0.00046264132992171469 0.059769228309515525 0.016958743178535667 -0.033288306168597681 0.0093251195129987179 -0.0030948062473551904 0.012024416381288785 -0.010731938197146879 -0.011325788277322467 0.010449682028108767 0.20881617536546401 0.10568116430656814 0.0046544129193328114 0.016790240380298093 0.39873048654072796 0.080464239211037375 0.024894035275968854 0.078349928299852767 0.064982019642407476 0.018669096454037054 0.021939257670725656 0.0030508777337923355
leaf_weight=7012 36402 2059 1637 1544 763 381 1642 1022 4699 342 6211 427 1172 596 356 4245 486 163 22 71 357 26 89 93 149 94 186 1847 204 56
leaf_count=7012 36402 2059 1637 1544 763 381 1642 1022 4699 342 6211 427 1172 596 356 4245 486 163 22 71 357 26 89 93 149 94 186 1847 204 56
internal_value=-0.00263829 -0.000473111 0.00147164 -0.00278521 -0.00202208 -0.00254612 -0.00127433 0.0013791 0.00097592 0.00123659 0.00175078 0.00112383 0.00320602 0.00234348 0.0030034 -0.00330725 -0.00163731 0.00443075 0.00564982 0.0143548 0.00461538 0.0081295 0.0154348 0.00244444 0.00422713 0.00745059 0.00333017 0.00281589 0.00576233 0.00863636
internal_weight=74353 37951 20613 17338 10326 8782 3288 1646 16031 13972 9273 6638 4582 2945 2349 5494 1249 1177 821 93 728 278 115 450 624 243 2635 2293 446 242
internal_count=74353 37951 20613 17338 10326 8782 3288 1646 16031 13972 9273 6638 4582 2945 2349 5494 1249 1177 821 93 728 278 115 450 624 243 2635 2293 446 242
cat_boundaries=0 1 2 3 4 5 6 7
cat_threshold=819955 4206592 2367889 11 4866126 5 557316
is_linear=0
shrinkage=0.05


Tree=31
num_leaves=31
num_cat=7
split_feature=15 18 2 3 3 3 18 3 3 3 3 0 2 3 0 2 5 0 19 3 5 20 21 0 19 3 13 19 9 21
split_gain=139.792 64.6939 12.2514 9.40799 9.35376 6.00582 5.96359 3.92097 6.52068 2.88169 4.18064 2.68589 2.77971 3.06951 2.15952 2.08646 2.51432 2.34037 2.08517 2.04063 2.26206 2.09249 1.98455 1.96731 2.68999 1.86483 1.99896 1.86173 1.78906 1.77521
threshold=1.0000000180025095e-35 1.0000000180025095e-35 0 74.500000000000014 81.500000000000014 85.500000000000014 0.78571429848670971 43.500000000000007 61.500000000000007 47.500000000000007 54.500000000000007 1 2 75.500000000000014 3 4 1.0000000180025095e-35 5 0.93499818444252025 48.500000000000007 1.0000000180025095e-35 13.500000000000002 4.4116053581237802 6 1.5114968419075014 63.500000000000007 0.97295320034027111 1.2950537800788882 1.0000000180025095e-35 4.3702573776245126
decision_type=2 2 1 2 2 2 2 2 2 2 2 1 1 2 1 1 2 1 2 2 2 2 2 1 2 2 2 2 2 2
left_child=1 2 4 7 -1 14 9 -4 -9 -3 15 -12 25 -14 28 22 17 -17 -16 20 -8 -22 -11 24 -21 26 29 -20 -5 -13
right_child=-2 6 3 5 -6 -7 19 8 -10 10 11 12 13 -15 18 16 -18 -19 27 23 21 -23 -24 -25 -26 -27 -28 -29 -30 -31
leaf_value=0.0029743103871290645 -0.010195341287289534 -1.9521503145503161e-05 -0.010195341287289534 0.066619403101846039 -0.013057377218598549 -0.010195341287289534 0.0033256626498296099 -0.0060319497904612 -0.010195341287289534 0.030012271844835445 -0.0083719935684283039 0.0047606193752558409 -0.018222432502716875 0.016197322118274137 -0.0063671695594241491 0.039592170009263135 -0.011912173409840012 0.018263504569002015 0.043617905220570942 0.051242031591272989 0.032082921395781526 0.089012036144132056 -0.024776337437553596 0.016123277185940057 0.21203504695295083 0.016383844531785638 0.015974925402709526 -0.019716024285858589 0.017105305631191278 0.068413856045105859
leaf_weight=2985 36346 5300 5318 139 1112 374 1193 2809 3762 1208 1461 114 878 1027 274 528 386 959 300 859 277 48 72 2107 50 2650 958 69 206 345
leaf_count=2985 36346 5300 5318 139 1112 374 1193 2809 3762 1208 1461 114 878 1027 274 528 386 959 300 859 277 48 72 2107 50 2650 958 69 206 345
internal_value=-0.002686 -0.000555763 -0.0028009 -0.00353973 -0.000411278 0.000396475 0.00135161 -0.00399066 -0.0031738 0.000895127 0.00137162 0.000724471 0.00119358 -0.000380579 0.00243927 0.00289724 0.00183396 0.00276732 0.000666155 0.00295104 0.00145586 0.00515384 0.00445312 0.00370358 0.00566376 0.00193386 0.00339802 0.00313008 0.00556338 0.00611111
internal_weight=74114 37768 17348 13251 4097 1362 20420 11889 6571 15886 10586 7433 5972 1905 988 3153 1873 1487 643 4534 1518 325 1280 3016 909 4067 1417 369 345 459
internal_count=74114 37768 17348 13251 4097 1362 20420 11889 6571 15886 10586 7433 5972 1905 988 3153 1873 1487 643 4534 1518 325 1280 3016 909 4067 1417 369 345 459
cat_boundaries=0 1 2 3 4 5 6 7
cat_threshold=1 4207616 1 835691 1 2885397 4989329
is_linear=0
shrinkage=0.05


Tree=32
num_leaves=31
num_cat=2
split_feature=15 18 2 3 3 3 3 3 18 3 4 21 3 3 4 2 4 21 4 3 7 9 4 13 21 17 21 9 4 21
split_gain=136.235 62.5294 12.8089 9.17119 7.54327 5.66351 6.60632 5.18366 4.82355 2.64235 2.39365 2.66816 2.2396 3.7988 3.70944 2.92544 2.73137 4.09958 2.01148 1.71017 1.87644 2.00924 1.83692 1.66278 1.74297 2.86475 1.76853 2.31259 1.61518 1.67087
threshold=1.0000000180025095e-35 1.0000000180025095e-35 0 82.500000000000014 44.500000000000007 57.500000000000007 73.500000000000014 84.500000000000014 0.78571429848670971 48.500000000000007 3.5000000000000004 4.3838512897491464 47.500000000000007 54.500000000000007 5.5000000000000009 1 4.5000000000000009 4.3833954334259042 4.5000000000000009 61.500000000000007 31.500000000000004 1.0000000180025095e-35 3.5000000000000004 1.0566239356994631 4.3708395957946786 4.5000000000000009 4.3865480422973642 1.0000000180025095e-35 4.5000000000000009 4.3706805706024179
decision_type=2 2 1 2 2 2 2 2 2 2 2 2 2 2 2 1 2 2 2 2 2 2 2 2 2 2 2 2 2 2
left_child=1 2 3 -1 -4 -6 19 10 12 18 11 -8 -3 15 -15 16 -14 -18 -10 20 -7 22 -22 24 -11 -26 27 -27 29 -17
right_child=-2 8 4 -5 5 6 7 -9 9 23 -12 -13 13 14 -16 28 17 -19 -20 -21 21 -23 -24 -25 25 26 -28 -29 -30 -31
leaf_value=0.0027452244385169663 -0.0096855742229250575 -8.9106030746521669e-06 -0.0096855742229250575 -0.012404508357668622 0.0038613534193693215 -0.010457901373933282 0.042901995255246322 -0.0096855742229250575 0.00044531947122850713 0.010635038761715811 -0.0048076999051688274 -0.0005615480747679988 0.022772586763249128 0.013246045424193366 -0.024760244044969869 -0.012567266050840287 0.019655809782767566 0.11634156495685076 0.038893586733322036 -0.0096855742229250575 0.038349439476160874 -0.011650560523839129 -0.011650560523839129 0.0074029902121207957 0.046083907151661552 0.035975693104131755 -0.0029515855626213905 0.32589035815761147 -0.0072705026889621216 0.024003590290694845
leaf_weight=3179 36286 5266 5748 936 1243 551 376 513 1221 640 370 286 1036 6967 528 264 142 116 320 3583 141 387 44 486 1815 26 20 50 390 1221
leaf_count=3179 36286 5266 5748 936 1243 551 376 513 1221 640 370 286 1036 6967 528 264 142 116 320 3583 141 387 44 486 1815 26 20 50 390 1221
internal_value=-0.00270873 -0.000610723 -0.00281932 -0.000382747 -0.0035765 -0.00253136 -0.0031443 -0.000307445 0.00125853 0.00268895 0.00173449 0.00353474 0.000847456 0.00126406 0.000650432 0.00271537 0.00454405 0.00914729 0.00100259 -0.00407565 -0.00237311 -0.000367134 0.00391892 0.00354462 0.00405527 0.00481162 0.0132292 0.0167105 0.00145333 0.00220539
internal_weight=74151 37865 17357 4115 13242 7494 6251 1545 20508 4578 1032 662 15930 10664 7495 3169 1294 258 1541 4706 1123 572 185 3037 2551 1911 96 76 1875 1485
internal_count=74151 37865 17357 4115 13242 7494 6251 1545 20508 4578 1032 662 15930 10664 7495 3169 1294 258 1541 4706 1123 572 185 3037 2551 1911 96 76 1875 1485
cat_boundaries=0 1 2
cat_threshold=1 1
is_linear=0
shrinkage=0.05


Tree=33
num_leaves=31
num_cat=7
split_feature=15 18 2 0 7 7 2 19 0 4 4 17 21 19 21 7 0 19 7 7 6 21 21 0 7 21 13 20 19 13
split_gain=134.357 60.0024 11.8319 4.74836 3.97807 3.13005 3.38108 2.29691 2.16579 2.90381 3.04673 2.92379 2.28493 2.87229 2.14216 2.13732 2.10571 2.52407 2.01948 1.93714 1.69804 1.49235 1.46007 1.43276 1.86138 1.79844 1.42714 1.42417 1.38992 1.38503
threshold=1.0000000180025095e-35 1.0000000180025095e-35 0 1 25.69999980926514 27.400000572204593 2 1.0036008358001711 3 4.5000000000000009 1.5000000000000002 1.0000000180025095e-35 4.3708395957946786 0.81636518239974987 4.3817477226257333 32.500000000000007 4 1.3640589714050295 27.800000190734867 32.899999618530281 5 4.419403314590455 4.3694157600402841 6 23.69999980926514 4.3682982921600351 0.97547847032547008 10.500000000000002 0.7434058189392091 1.0727512836456301
decision_type=2 2 1 1 2 2 1 2 1 2 2 2 2 2 2 2 1 2 2 2 1 2 2 1 2 2 2 2 2 2
left_child=1 2 4 -3 20 16 8 15 9 10 11 12 -7 -14 -11 -4 17 21 -8 -10 23 -5 -12 -1 25 -25 -21 -9 -20 -26
right_child=-2 3 7 5 -6 6 18 27 19 14 22 -13 13 -15 -16 -17 -18 -19 28 26 -22 -23 -24 24 29 -27 -28 -29 -30 -31
leaf_value=-0.01184705195522057 -0.0092012955117788033 -1.8099897834489288e-05 -0.0092012955117788033 0.011894698640318242 0.0017014854294939508 0.033057382035250674 0.0496879755272309 -0.0092012955117788033 0.017448982641627628 0.048955133262052614 0.066784533723448822 0.032478413091018107 0.18535451842351508 0.11981878676571778 0.16370783056482527 -0.0092012955117788033 -0.0030895263756479294 0.1768043809847194 -0.0174942629523645 0.13460232956165877 -0.011784282939785191 0.043666800564072759 0.006555498585016026 0.067819397888569583 0.0039672735682933329 -0.011784282939785191 0.051986454285473431 -0.0065257273152508101 0.0069583533088844549 0.0055652318672023545
leaf_weight=338 36313 5946 8658 1160 2755 66 162 3045 6944 90 87 104 30 113 91 480 1877 24 399 38 518 85 563 21 194 246 134 1037 2621 41
leaf_count=338 36313 5946 8658 1160 2755 66 162 3045 6944 90 87 104 30 113 91 480 1877 24 399 38 518 85 563 21 194 246 134 1037 2621 41
internal_value=-0.00272513 -0.000641325 -0.00280765 0.0011873 -0.000465598 0.00167215 0.00205733 -0.00353631 0.0025908 0.00461872 0.00356698 0.00761981 0.0110287 0.0145804 0.0104696 -0.0039768 0.00027654 0.00184128 0.000672532 0.00225512 -0.00268041 0.00154618 0.00161538 -0.0012353 0.000468749 -0.00237828 0.0075 -0.00255022 0.000380794 0.0037234
internal_weight=74180 37867 17333 20534 4113 14588 11442 13220 8260 1144 963 313 209 143 181 9138 3146 1269 3182 7116 1358 1245 650 840 502 267 172 4082 3020 235
internal_count=74180 37867 17333 20534 4113 14588 11442 13220 8260 1144 963 313 209 143 181 9138 3146 1269 3182 7116 1358 1245 650 840 502 267 172 4082 3020 235
cat_boundaries=0 1 2 3 4 5 6 7
cat_threshold=1 5389312 1 262168 65627 28 6373958
is_linear=0
shrinkage=0.05


Tree=34
num_leaves=31
num_cat=7
split_feature=15 18 2 3 3 3 3 3 0 3 2 19 3 4 4 0 19 3 7 0 19 21 3 21 13 21 3 0 7 0
split_gain=130.354 58.7809 10.4065 8.1013 8.0405 6.46658 6.59748 4.50496 4.38474 3.91901 4.12389 3.41522 2.92438 2.50019 2.42834 2.39627 2.37421 1.87119 2.012 1.82012 2.16448 1.78131 1.9311 1.6893 1.65959 1.7331 2.47084 1.64162 1.61601 1.60974
threshold=1.0000000180025095e-35 1.0000000180025095e-35 0 82.500000000000014 44.500000000000007 57.500000000000007 73.500000000000014 84.500000000000014 1 46.500000000000007 2 1.5114968419075014 62.500000000000007 4.5000000000000009 5.5000000000000009 3 0.98822057247161876 61.500000000000007 31.500000000000004 4 1.521007835865021 4.385223627090455 76.500000000000014 4.3858325481414804 1.0386904478073122 4.3559122085571298 57.500000000000007 5 32.500000000000007 6
decision_type=2 2 1 2 2 2 2 2 1 2 1 2 2 2 2 1 2 2 2 1 2 2 2 2 2 2 2 1 2 1
left_child=1 2 3 19 -4 27 17 15 -3 16 11 12 24 -12 -14 -8 -10 18 -7 20 -1 22 -17 28 25 26 -11 -6 -13 -27
right_child=-2 8 4 -5 5 6 7 -9 9 10 13 23 14 -15 -16 21 -18 -19 -20 -21 -22 -23 -24 -25 -26 29 -28 -29 -30 -31
leaf_value=0.018931031965351564 -0.0087412307361898634 -0.0010737441467524413 -0.0087412307361898634 -0.01119506879279593 0.03654053422863468 -0.009474941529647677 -0.0016754550170247858 -0.0087412307361898634 0.023303887173858166 0.021225187396841455 0.011115899247966708 0.043201864277854336 0.017298431246346373 -0.013866918617977645 -0.038013231191697715 0.0097586759903324476 -0.0015292950156853393 -0.0087412307361898634 -0.01060796772205823 -0.0004004342771852373 0.089159617300150526 -5.0133273430071549e-05 0.061603397959580357 0.1123817134695335 0.010250238886689876 0.020817679788135653 0.15450952150809202 -0.00068604861501962992 0.19695358491310236 0.050039281817659424
leaf_weight=1082 36392 4228 5741 939 485 549 515 510 1101 50 3413 171 3183 736 143 123 3487 3551 589 2075 22 173 223 45 1042 1458 34 755 29 1388
leaf_count=1082 36392 4228 5741 939 485 549 515 510 1101 50 3413 171 3183 736 143 123 3487 3551 589 2075 22 173 223 45 1042 1458 34 755 29 1388
internal_value=-0.00275905 -0.000704282 -0.00284791 -0.000653231 -0.00353186 -0.00245082 -0.00310685 -0.000272022 0.00110737 0.00147943 0.0019663 0.00266273 0.0024678 0.000700168 0.00137402 0.00162476 0.000241934 -0.00404031 -0.00227592 0.000552059 0.00218133 0.0039792 0.00612717 0.00846939 0.00338368 0.00399317 0.0110714 0.000846773 0.0065 0.00378426
internal_weight=74232 37840 17332 4118 13214 7473 6233 1544 20508 16280 11692 7543 7298 4149 3326 1034 4588 4689 1138 3179 1104 519 346 245 3972 2930 84 1240 200 2846
internal_count=74232 37840 17332 4118 13214 7473 6233 1544 20508 16280 11692 7543 7298 4149 3326 1034 4588 4689 1138 3179 1104 519 346 245 3972 2930 84 1240 200 2846
cat_boundaries=0 1 2 3 4 5 6 7
cat_threshold=1 5256192 1 5455108 950591 4989677 150179
is_linear=0
shrinkage=0.05


Tree=35
num_leaves=31
num_cat=4
split_feature=15 18 2 3 3 3 3 3 18 19 3 3 4 21 2 2 3 3 7 9 21 4 4 1 3 19 3 21 3 3
split_gain=129.085 56.9096 10.9427 8.2847 8.14652 4.66432 4.13641 8.18622 3.50738 2.74 2.55107 3.58365 2.44319 2.44341 2.23063 1.91852 3.08077 1.77182 2.21983 1.73252 1.72569 1.58523 1.53535 1.5321 1.4048 1.69556 1.99648 1.39623 1.62401 4.02452
threshold=1.0000000180025095e-35 1.0000000180025095e-35 0 81.500000000000014 73.500000000000014 85.500000000000014 44.500000000000007 61.500000000000007 0.78571429848670971 0.40771512687206274 47.500000000000007 54.500000000000007 3.5000000000000004 4.3838512897491464 1 2 75.500000000000014 57.500000000000007 32.500000000000007 1.0000000180025095e-35 4.4095332622528085 4.5000000000000009 4.5000000000000009 3 48.500000000000007 1.5114968419075014 58.500000000000007 4.3695418834686288 76.500000000000014 81.500000000000014
decision_type=2 2 1 2 2 2 2 2 2 2 2 2 2 2 1 1 2 2 2 2 2 2 2 1 2 2 2 2 2 2
left_child=1 2 3 -1 6 12 -4 17 9 -3 -11 14 13 27 22 -13 -17 -8 -19 -20 -21 -16 -12 -14 -10 -26 -27 -6 -29 -30
right_child=-2 8 4 -5 5 -7 7 -9 24 10 11 15 23 -15 21 16 -18 18 19 20 -22 -23 -24 -25 25 26 -28 28 29 -31
leaf_value=0.0020647824439905199 -0.00830416919938037 -0.03537250266044184 -0.00830416919938037 -0.010635315353156134 0.010960958181074343 -0.00830416919938037 0.0021993914753525049 -0.00830416919938037 0.011423001645192103 -0.00031487340789887187 0.021688549627316023 0.013895478055186051 0.021702311668073362 -5.5384397032118998e-05 0.01853516518008071 -0.013216625019687709 0.013560205352272169 -0.0090011944531652923 0.04704978210862254 -0.010077569335955319 0.039922430664044689 -0.0063208665014504398 0.061876527911488281 -0.020009612636306639 0.023191643481785443 0.075855434463302146 0.27140316253654778 0.015391847460515272 0.061418780123054198 0.014924234338091511
leaf_weight=2990 36405 208 5744 1107 128 374 1243 3571 1524 5331 1015 5016 103 344 1503 1061 1223 844 89 135 66 381 241 307 2901 103 22 119 89 88
leaf_count=2990 36405 208 5744 1107 128 374 1243 3571 1524 5331 1015 5016 103 344 1503 1061 1223 844 89 135 66 381 241 307 2901 103 22 119 89 88
internal_value=-0.00277516 -0.000731451 -0.00284038 -0.000582134 -0.00353896 -0.00013531 -0.00399076 -0.00306658 0.00104998 0.000701232 0.000776424 0.00123084 0.00140917 0.00307292 0.00264331 0.000623286 -0.000577935 -0.000793018 -0.00222222 0.00155172 -0.0010199 0.0015552 0.00427548 -0.00170732 0.00227472 0.00289821 0.0086 0.00561321 0.0075 0.0105367
internal_weight=74275 37870 17341 4097 13244 1552 11692 5948 20529 15979 15771 10440 1178 768 3140 7300 2284 2377 1134 290 201 1884 1256 410 4550 3026 125 424 296 177
internal_count=74275 37870 17341 4097 13244 1552 11692 5948 20529 15979 15771 10440 1178 768 3140 7300 2284 2377 1134 290 201 1884 1256 410 4550 3026 125 424 296 177
cat_boundaries=0 1 2 3 4
cat_threshold=1 1 1 1
is_linear=0
shrinkage=0.05


Tree=36
num_leaves=31
num_cat=2
split_feature=15 2 3 3 3 3 3 1 4 3 3 4 4 3 21 21 7 21 4 19 3 4 19 19 3 13 3 7 7 21
split_gain=125.578 42.749 20.2931 12.928 10.1477 12.6415 5.33186 3.67857 4.2749 5.89246 3.59317 3.09841 3.08772 2.35342 2.32606 3.69447 2.98236 7.78183 2.50472 2.47479 4.05711 2.4022 2.3084 2.25454 2.19186 2.14952 2.02433 3.71254 2.052 1.94398
threshold=1.0000000180025095e-35 0 44.500000000000007 82.500000000000014 56.500000000000007 74.500000000000014 84.500000000000014 1 5.5000000000000009 37.500000000000007 40.500000000000007 4.5000000000000009 5.5000000000000009 61.500000000000007 4.3722922801971444 4.3586397171020517 32.500000000000007 4.4055767059326181 1.5000000000000002 0.82505044341087352 51.500000000000007 2.5000000000000004 1.5544981956481936 0.40771512687206274 48.500000000000007 0.9574275314807893 74.500000000000014 26.899999618530277 31.500000000000004 4.3855419158935556
decision_type=2 1 2 2 2 2 2 1 2 2 2 2 2 2 2 2 2 2 2 2 2 2 2 2 2 2 2 2 2 2
left_child=1 3 -3 7 11 13 12 8 10 -10 -1 -4 -7 -6 15 -12 18 25 19 20 -16 22 -20 -9 -13 -18 28 -28 -23 -30
right_child=-2 2 4 -5 5 6 -8 23 9 -11 14 24 -14 -15 16 -17 17 -19 21 -21 -22 26 -24 -25 -26 -27 27 -29 29 -31
leaf_value=-0.0010780949909445668 -0.0078889607394113503 -0.0078889607394113503 0.010878855422557889 -0.010103549585498327 -0.0085511347305070283 0.01823780835650855 -0.0078889607394113503 -0.034270870836079124 -0.016979556001217439 0.11252922146754259 0.045834779118203009 -0.035906363253694222 -0.027923731719704692 -0.0078889607394113503 0.034134261677201308 0.0021521193811972219 0.34211743752541379 0.026448929948388739 -0.002825233271699595 0.042007101969242899 0.21476427181672678 0.019727210590069003 0.068665714334612618 0.0012262835101618632 -0.00059657697141942616 0.17861769460778973 0.039118916224364461 0.13583920212406131 0.58931941633506157 0.019999162958599739
leaf_weight=1929 36477 5798 3743 951 1660 2145 560 201 77 199 325 381 178 3911 104 1973 29 154 1087 1049 39 1531 21 8923 572 61 122 64 22 89
leaf_count=1929 36477 5798 3743 951 1660 2145 560 201 77 199 325 381 178 3911 104 1973 29 154 1087 1049 39 1531 21 8923 572 61 122 64 22 89
internal_value=-0.00280303 -0.000787378 -0.00246675 0.000891819 -0.00138023 -0.00241543 0.000272285 0.00119201 0.00191615 0.00804348 0.00172171 0.000483389 0.00132802 -0.00380632 0.00227136 0.000983463 0.00294831 0.00831967 0.00263081 0.00456376 0.0107343 0.00184605 9.02408e-06 0.000485 -0.00206191 0.02 0.00295952 0.00790322 0.00239951 0.00896396
internal_weight=74375 37898 18948 18950 13150 8454 2883 17999 8875 276 8599 4696 2323 5571 6670 2298 4372 244 4128 1192 143 2936 1108 9124 953 90 1828 186 1642 111
internal_count=74375 37898 18948 18950 13150 8454 2883 17999 8875 276 8599 4696 2323 5571 6670 2298 4372 244 4128 1192 143 2936 1108 9124 953 90 1828 186 1642 111
cat_boundaries=0 1 2
cat_threshold=1 3
is_linear=0
shrinkage=0.05


Tree=37
num_leaves=31
num_cat=8
split_feature=15 18 3 3 3 3 19 3 3 13 0 0 3 0 7 3 0 7 4 3 0 0 4 21 21 0 0 19 4 3
split_gain=124.044 52.46 5.65424 6.07515 3.64409 9.03241 3.14814 3.45035 3.45522 2.57269 3.09019 2.42068 2.09741 1.96501 1.75889 1.73185 1.69123 1.62609 2.29762 1.51333 1.50424 1.46083 1.78705 2.17515 4.47253 2.02563 1.95731 2.01667 1.93443 1.78226
threshold=1.0000000180025095e-35 1.0000000180025095e-35 44.500000000000007 57.500000000000007 73.500000000000014 82.500000000000014 0.40771512687206274 48.500000000000007 54.500000000000007 0.96651786565780651 0 1 61.500000000000007 2 31.500000000000004 58.500000000000007 3 32.100000381469734 4.5000000000000009 74.500000000000014 4 5 1.5000000000000002 4.4041404724121103 4.3754107952117929 6 7 0.82505044341087352 1.0000000180025095e-35 70.500000000000014
decision_type=2 2 2 2 2 2 2 2 2 2 1 1 2 1 2 2 1 2 2 2 1 1 2 2 2 1 1 2 2 2
left_child=1 2 -1 -4 12 9 -3 13 16 10 -6 17 14 -8 -5 -16 -9 -10 -19 -12 -11 -13 23 24 25 -23 27 -26 -28 -27
right_child=-2 6 3 4 5 -7 7 8 11 20 19 21 -14 -15 15 -17 -18 18 -20 -21 -22 22 -24 -25 26 29 28 -29 -30 -31
leaf_value=-0.0074945127024407844 -0.0074945127024407844 -0.031974399924262285 0.0063037012819774588 -0.0081235779939816764 -0.0039855006287108181 -0.0074945127024407844 0.010468202507679335 0.031956338771465809 -0.0093171920372546076 0.012575551937249902 -0.0028007610551681224 0.041989280526773143 -0.0074945127024407844 -0.001404443008658174 -0.0091461341326322006 0.038166268713401896 0.015858905565763737 0.016385112817977124 0.19436198330107379 0.057455758162696241 -0.0036172916802475921 -0.011989324607038058 0.0076500677755116557 0.0002224107404436175 0.39482521775408452 0.010015407910163403 0.068906349973394163 0.099792750967903687 0.010123970948419277 0.036801411141020909
leaf_weight=6994 36413 240 1543 610 223 1651 2526 1533 1803 394 56 400 4183 4822 182 459 2581 271 21 298 683 401 4204 692 48 307 93 192 211 176
leaf_count=6994 36413 240 1543 610 223 1651 2526 1533 1803 394 56 400 4183 4822 182 459 2581 271 21 298 683 401 4204 692 48 307 93 192 211 176
internal_value=-0.00281431 -0.00080787 -0.00283804 -0.00209201 -0.0026027 -0.0012935 0.000901271 0.000968639 0.00146022 0.00131802 0.00401213 0.000902029 -0.00339897 0.000103428 -0.00160272 0.000226208 0.00265678 -0.000581949 0.00287671 0.00681319 -0.000125349 0.00136323 0.00117303 0.00235849 0.00347339 0.00127828 0.00704044 0.0104 0.0039172 0.00341785
internal_weight=74210 37797 17276 10282 8739 3305 20521 20281 12933 1654 577 8819 5434 7348 1251 641 4114 2095 292 354 1077 6724 6324 2120 1428 884 544 240 304 483
internal_count=74210 37797 17276 10282 8739 3305 20521 20281 12933 1654 577 8819 5434 7348 1251 641 4114 2095 292 354 1077 6724 6324 2120 1428 884 544 240 304 483
cat_boundaries=0 1 2 3 4 5 6 7 8
cat_threshold=3300640 4207652 499737 7078325 796074 24 1147073 360451
is_linear=0
shrinkage=0.05


Tree=38
num_leaves=31
num_cat=7
split_feature=15 18 2 3 3 3 3 3 0 0 19 21 18 2 3 3 4 9 19 0 4 0 3 4 3 4 0 19 4 21
split_gain=122.556 49.4069 11.9638 8.99488 8.74725 5.67258 4.11182 6.13515 3.1564 2.83743 2.62194 1.85984 1.83046 1.78438 2.55627 1.85327 2.04111 3.81865 2.35859 2.20652 2.05419 2.00279 1.61305 1.97438 1.77323 1.48669 1.42585 1.63731 1.37945 1.89471
threshold=1.0000000180025095e-35 1.0000000180025095e-35 0 74.500000000000014 82.500000000000014 85.500000000000014 43.500000000000007 61.500000000000007 1 2 0.40771512687206274 4.3817477226257333 1.5000000000000002 3 45.500000000000007 63.500000000000007 4.5000000000000009 1.0000000180025095e-35 0.70690947771072399 4 1.5000000000000002 5 80.500000000000014 3.5000000000000004 77.500000000000014 4.5000000000000009 6 0.86987626552581798 1.5000000000000002 4.3754107952117929
decision_type=2 2 1 2 2 2 2 2 1 1 2 2 2 1 2 2 2 2 2 1 2 1 2 2 2 2 1 2 2 2
left_child=1 2 4 6 -1 9 -4 -8 12 22 -10 -11 28 14 -12 16 20 18 -18 -19 -16 -22 23 24 -5 26 -15 -28 29 -3
right_child=-2 8 3 5 -6 -7 7 -9 10 11 13 -13 -14 25 15 -17 17 19 -20 -21 21 -23 -24 -25 -26 -27 27 -29 -30 -31
leaf_value=0.002345435492539964 -0.007119787067318745 0.0076657380511593529 -0.007119787067318745 0.031810376703450598 -0.0092236464711013717 -0.007119787067318745 -0.0072728777701365991 -0.007119787067318745 -0.030707712588834941 0.053911621040760721 -0.00052038551930819502 0.012121963248468381 0.070439394612103565 -0.013082937733875101 0.019270134033656315 0.0096169920380965029 0.057304774271025073 0.18325237577049638 -0.00093384517577129811 0.038185960511954775 0.01114980646224209 -0.0062859534161955541 -0.0087135998142975693 -0.0036802270526601678 0.043741138404623188 -0.013687232142047385 -0.014667494172152191 0.0123005567764558 0.0097765378338097956 0.044707715962605851
leaf_weight=3162 36413 483 5317 97 917 366 2777 3767 231 235 3718 192 539 1079 1507 2819 66 102 430 274 1329 1032 286 116 70 744 707 1831 2992 511
leaf_count=3162 36413 483 5317 97 917 366 2777 3767 231 235 3718 192 539 1079 1507 2819 66 102 430 274 1329 1032 286 116 70 744 707 1831 2992 511
internal_value=-0.0028282 -0.000829797 -0.00279505 -0.0035253 -0.000427802 0.000323053 -0.0039672 -0.00312806 0.0008375 0.00227912 0.000504124 0.00529748 0.0020011 0.000582554 0.000914692 0.00144265 0.00204641 0.00423165 0.00135081 0.00803191 0.00155377 0.000633205 -7.77214e-05 0.00259717 0.00607784 -0.000276314 0.000142382 0.000788853 0.00163572 0.0032495
internal_weight=74109 37696 17302 13223 4079 1362 11861 6544 20394 996 15869 427 4525 15638 11277 7559 4740 872 496 376 3868 2361 569 283 167 4361 3617 2538 3986 994
internal_count=74109 37696 17302 13223 4079 1362 11861 6544 20394 996 15869 427 4525 15638 11277 7559 4740 872 496 376 3868 2361 569 283 167 4361 3617 2538 3986 994
cat_boundaries=0 1 2 3 4 5 6 7
cat_threshold=1 786717 5390212 1 1083488 3263616 1224736
is_linear=0
shrinkage=0.05


Tree=39
num_leaves=31
num_cat=6
split_feature=15 18 2 3 3 3 3 3 0 19 0 3 3 0 21 21 3 17 19 3 2 3 3 20 21 2 18 19 19 13
split_gain=118.09 50.5484 11.3728 8.29703 7.4216 4.12431 3.69999 5.97892 3.49542 2.63322 2.55081 1.85326 2.02717 2.01141 1.7736 2.07595 2.47858 2.85351 3.6554 2.17905 1.50508 1.47465 1.60872 1.52051 2.25013 1.42757 1.4825 1.40911 1.41128 1.36739
threshold=1.0000000180025095e-35 1.0000000180025095e-35 0 81.500000000000014 73.500000000000014 85.500000000000014 43.500000000000007 61.500000000000007 1 0.40771512687206274 2 48.500000000000007 54.500000000000007 3 4.3586397171020517 4.3759162425994882 49.500000000000007 4.5000000000000009 1.1976422667503359 52.500000000000007 4 77.500000000000014 80.500000000000014 10.500000000000002 4.3710577487945566 5 0.21428572386503222 0.93499818444252025 1.1742604374885561 1.0334821343421938
decision_type=2 2 1 2 2 2 2 2 1 2 1 2 2 1 2 2 2 2 2 2 1 2 2 2 2 1 2 2 2 2
left_child=1 2 3 -1 6 10 -4 -8 14 -10 -6 -11 -13 -14 25 -16 -17 19 -19 -18 -15 -22 23 -23 -25 26 -3 -12 -29 -21
right_child=-2 8 4 -5 5 -7 7 -9 9 11 27 12 13 20 15 16 17 18 -20 29 21 22 -24 24 -26 -27 -28 28 -30 -31
leaf_value=0.002013745109115382 -0.0067637977139528077 -0.012717523202888695 -0.0067637977139528077 -0.0087624641475463026 0.014904250431392919 -0.0067637977139528077 -0.0073537552057757628 -0.0067637977139528077 -0.028858378735342388 -0.0012298519010225559 -0.0096016333382199105 0.013729970655590153 -0.0093321820372967001 0.011653029337022336 0.0031540471597195684 0.0081155740000638694 0.07248143859899224 0.017820810920313592 0.46163047698852938 0.044630326338738868 -0.014491402602876341 0.011319418948316029 -0.018203894047075852 0.033294775195344774 0.014537888822151021 -0.0025728929843317882 0.074392098412124158 0.027173614763572447 -0.012964190346525087 0.00071122127158352081
leaf_weight=2978 36294 42 5344 1107 385 364 2758 3565 245 5025 344 2963 870 3650 1964 1735 398 39 33 1349 877 167 212 35 60 92 213 333 121 531
leaf_count=2978 36294 42 5344 1107 385 364 2758 3565 245 5025 344 2963 870 3650 1964 1735 398 39 33 1349 877 167 212 35 60 92 213 333 121 531
internal_value=-0.0028527 -0.000896718 -0.00288716 -0.000581397 -0.00359997 -0.000345832 -0.00403146 -0.00321287 0.000782926 0.000342212 0.00108622 0.000433291 0.000869367 0.000331288 0.00175148 0.0015548 0.00219706 0.00325532 0.0130556 0.00294557 0.00071742 -0.000706885 0.00154008 0.0041603 0.00921053 0.00523055 0.00715686 -0.000544556 0.00127753 0.00223404
internal_weight=74093 37799 17299 4085 13214 1547 11667 6323 20500 14104 1183 13859 8834 5871 6396 6049 4085 2350 72 2278 5001 1351 474 262 95 347 255 798 454 1880
internal_count=74093 37799 17299 4085 13214 1547 11667 6323 20500 14104 1183 13859 8834 5871 6396 6049 4085 2350 72 2278 5001 1351 474 262 95 347 255 798 454 1880
cat_boundaries=0 1 2 3 4 5 6
cat_threshold=1 819613 835643 4206592 1 1
is_linear=0
shrinkage=0.05


Tree=40
num_leaves=31
num_cat=8
split_feature=18 0 19 2 7 2 21 16 19 7 0 21 0 6 4 21 21 20 20 21 19 0 4 13 18 0 7 4 21 13
split_gain=36.1865 11.6715 3.16013 2.7855 2.07651 1.8445 1.57898 1.46571 1.71523 1.18995 1.16549 1.17913 1.16489 1.27519 1.20868 1.84469 1.16245 1.10128 1.09197 1.0565 0.954307 0.937944 0.931115 1.02241 1.05562 0.889559 0.889059 1.18048 0.904839 0.87617
threshold=1.0000000180025095e-35 0 0.40771512687206274 1 25.69999980926514 2 4.3551294803619394 1.5000000000000002 0.65092998743057262 26.69999980926514 3 4.4095332622528085 4 5 2.5000000000000004 4.3870060443878183 4.419403314590455 3.5000000000000004 9.5000000000000018 4.3702573776245126 0.40771512687206274 6 4.5000000000000009 0.9082491695880891 0.6428571641445161 7 27.400000572204593 1.5000000000000002 4.3971109390258798 0.92052632570266735
decision_type=2 1 2 1 2 1 2 2 2 2 1 2 1 1 2 2 2 2 2 2 2 1 2 2 2 1 2 2 2 2
left_child=3 2 -2 4 -1 6 -4 8 18 -7 11 26 -10 14 17 -16 -9 19 -8 -14 -3 22 23 24 -11 -22 -6 28 -28 -17
right_child=1 20 5 -5 10 9 7 16 12 21 -12 -13 13 -15 15 29 -18 -19 -20 -21 25 -23 -24 -25 -26 -27 27 -29 -30 -31
leaf_value=-0.0064256078282551674 -0.0064145629417390413 -0.0090858932036673307 -0.0089083129417390477 -0.0064256078282551674 -0.0064256078282551674 -0.0087895629417390399 0.0067071918414217686 -0.0089145629417390435 0.0014531021058430303 0.012995552642525702 -0.0064256078282551674 0.054765476094156065 -0.019658317888024732 -0.0075345490606452056 -0.0089145629417390435 0.10145028202338802 0.056041550094205889 0.0074994297144760098 0.042312088891143677 0.039614140385409981 -0.0090858932036673307 -0.009139230078440452 -0.009507175821862137 -0.0067983255068163181 0.0092586086590494745 -0.0092938232606996091 0.050577961248424931 -0.0070357284162875693 -0.0070357284162875693 0.0081427461939431438
leaf_weight=4075 475 459 298 26180 747 995 238 2277 3969 115 5367 30 21 4707 1171 44 37 728 180 137 7186 2242 458 2064 33 9188 117 480 44 181
leaf_count=4075 475 459 298 26180 747 995 238 2277 3969 115 5367 30 21 4707 1171 44 37 728 180 137 7186 2242 458 2064 33 9188 117 480 44 181
internal_value=-0.00287724 -0.0017758 -0.000969089 -0.00398353 -0.00331031 -0.000873336 -0.000560482 -0.000482105 -0.000248771 -0.00161419 -0.0027745 -0.00146359 -0.000368682 -0.000756538 0.000213786 -0.000702007 -0.00162921 0.00165914 0.00289474 0.00544304 -0.00274981 -0.00129479 -0.000652986 -0.000230562 0.00378378 -0.00268841 -0.00168588 -0.000319814 0.00338509 0.00344444
internal_weight=74243 37203 20370 37040 10860 19895 13988 13690 11376 5907 6785 1418 10958 6989 2282 1396 2314 886 418 158 16833 4912 2670 2212 148 16374 1388 641 161 225
internal_count=74243 37203 20370 37040 10860 19895 13988 13690 11376 5907 6785 1418 10958 6989 2282 1396 2314 886 418 158 16833 4912 2670 2212 148 16374 1388 641 161 225
cat_boundaries=0 1 2 3 4 5 6 7 8
cat_threshold=2477587 1 1 312871 49680 12 2117121 5243232
is_linear=0
shrinkage=0.05


Tree=41
num_leaves=31
num_cat=6
split_feature=15 18 2 3 3 3 3 3 0 19 0 3 7 13 7 0 0 2 3 21 21 3 19 19 21 7 7 9 21 13
split_gain=120.46 47.8724 11.2717 8.4617 7.98744 6.37641 5.83807 4.20667 3.26151 2.52907 2.28679 2.0082 2.12829 1.91349 2.13062 1.67643 1.59157 1.45059 1.39073 1.40941 1.38736 2.0453 1.36212 1.43688 1.3029 2.68813 2.35626 1.88259 1.66339 1.2868
threshold=1.0000000180025095e-35 1.0000000180025095e-35 0 82.500000000000014 44.500000000000007 57.500000000000007 73.500000000000014 84.500000000000014 1 0.40771512687206274 2 61.500000000000007 31.500000000000004 1.0204166769981386 32.500000000000007 3 4 5 58.500000000000007 4.3559122085571298 4.385223627090455 77.500000000000014 0.95073929429054271 0.99116244912147533 4.4012749195098886 32.899999618530281 31.899999618530277 1.0000000180025095e-35 4.3694157600402841 0.89433810114860546
decision_type=2 2 1 2 2 2 2 2 1 2 1 2 2 2 2 1 1 1 2 2 2 2 2 2 2 2 2 2 2 2
left_child=1 2 3 15 -4 16 11 10 13 -10 20 12 -7 14 -3 -1 -6 -16 -14 -20 21 -8 -23 -24 27 26 -26 28 -21 -18
right_child=-2 8 4 -5 5 6 7 -9 9 -11 -12 -13 18 -15 17 -17 29 -19 19 24 -22 22 23 -25 25 -27 -28 -29 -30 -31
leaf_value=-0.00020648752899913637 -0.0061043274368424091 0.020436943855025702 -0.0061043274368424091 -0.008003060548756229 0.035089690635542965 -0.0066647870540742157 0.0044350745012741661 -0.0061043274368424091 -0.027081248765092977 0.0013031146683940009 -0.0013100638483841795 -0.0061043274368424091 -0.0076362153857922124 0.0037228966054318234 0.11054349107308103 0.0054333175382698428 0.11526089809170684 0.0073488940694507445 0.083896700714956529 -0.010055654272233421 0.00015554090872769291 0.048785657031250762 0.16588330996807035 0.043903931824169073 0.049917556756506956 0.089998162391590586 -0.010001835528093918 -0.010001835528093918 0.075068447235674102 -0.00056823155305466553
leaf_weight=1623 36309 5329 5711 922 291 533 136 520 244 12111 578 3536 173 2589 203 1535 25 92 25 37 149 72 20 89 29 21 83 148 73 943
leaf_count=1623 36309 5329 5711 922 291 533 136 520 244 12111 578 3536 173 2589 203 1535 25 92 25 37 149 72 20 89 29 21 83 148 73 943
internal_value=-0.00284488 -0.000870773 -0.00281149 -0.000514707 -0.00352183 -0.00244687 -0.0031035 -0.000460359 0.000758945 0.000244641 0.00136973 -0.00399098 -0.00214795 0.00153046 0.00205014 0.000715642 0.000798251 0.00618644 -7.64019e-05 0.00149038 0.00392857 0.00588328 0.00936464 0.0128899 0.000754475 0.00477443 0.00169643 -0.00131783 0.00363636 -0.000194275
internal_weight=74149 37840 17272 4080 13192 7481 6222 1564 20568 12355 1044 4658 1122 8213 5624 3158 1259 295 589 416 466 317 181 109 391 133 112 258 110 968
internal_count=74149 37840 17272 4080 13192 7481 6222 1564 20568 12355 1044 4658 1122 8213 5624 3158 1259 295 589 416 466 317 181 109 391 133 112 258 110 968
cat_boundaries=0 1 2 3 4 5 6
cat_threshold=1 360863 2982587 4291360 2359992 1
is_linear=0
shrinkage=0.05


Tree=42
num_leaves=31
num_cat=3
split_feature=15 18 2 3 3 3 3 3 19 2 3 4 4 3 7 9 4 21 21 21 7 19 1 4 21 21 21 7 4 4
split_gain=115.985 46.758 11.5467 8.61611 7.50652 4.87048 5.64884 5.65659 3.0485 1.91264 2.20005 1.81831 1.7809 1.75629 2.03055 1.70124 1.87646 1.62949 2.22548 1.5721 1.72058 1.93947 1.55086 3.58322 2.71847 2.80151 3.36484 4.46081 2.1401 3.53278
threshold=1.0000000180025095e-35 1.0000000180025095e-35 0 82.500000000000014 44.500000000000007 57.500000000000007 74.500000000000014 84.500000000000014 0.40771512687206274 1 41.500000000000007 5.5000000000000009 4.5000000000000009 61.500000000000007 31.500000000000004 1.0000000180025095e-35 3.5000000000000004 4.3799304962158212 4.3695418834686288 4.4012749195098886 31.899999618530277 0.87515330314636242 2 5.5000000000000009 4.3586397171020517 4.3722922801971444 4.384357452392579 31.899999618530277 1.5000000000000002 1.0000000180025095e-35
decision_type=2 2 1 2 2 2 2 2 2 1 2 2 2 2 2 2 2 2 2 2 2 2 1 2 2 2 2 2 2 2
left_child=1 2 3 -1 -4 -6 13 11 -3 10 -10 17 -11 14 -7 16 -16 18 -8 -17 -21 -22 23 24 -12 -26 27 -27 29 -28
right_child=-2 8 4 -5 5 6 7 -9 9 12 22 -13 -14 -15 15 19 -18 -19 -20 20 21 -23 -24 -25 25 26 28 -29 -30 -31
leaf_value=0.001945125865789708 -0.005799111065000289 -0.025895198136483166 -0.005799111065000289 -0.0076029075213184171 0.0014786799173280823 -0.0063315477013705049 0.0043339371651984126 -0.005799111065000289 -0.00025822238266085543 0.0040320324513889241 0.05733978801607871 -0.02344677776825568 -0.013387110078187542 -0.005799111065000289 0.036885606524316217 -0.0072544046165026023 -0.0073082233606421038 0.016564092320367072 0.048352825007003268 0.037448467889941238 0.05224820305256761 -0.0073082233606421038 0.0063539173878431159 0.1259069393462604 -0.0022038949509840945 0.037784946771983942 0.024246289852998412 0.24693585158185491 -0.00016630118366636184 0.37583214119358255
leaf_weight=3185 36460 252 5734 931 1255 553 167 509 3281 4566 293 78 1016 3723 142 208 46 451 143 33 48 110 5641 142 1603 1436 526 77 1552 87
leaf_count=3185 36460 252 5734 931 1255 553 167 509 3281 4566 293 78 1016 3723 142 208 46 451 143 33 48 110 5641 142 1603 1436 526 77 1552 87
internal_value=-0.00289489 -0.000953743 -0.00286614 -0.000553937 -0.00358712 -0.00254219 -0.00311625 -0.000252227 0.000663832 0.000731947 0.00103224 0.00227056 -5.55368e-05 -0.00391014 -0.00219298 -0.000144805 0.00377659 0.00301577 0.00580645 -0.00199248 0.00128272 -0.000886077 0.00136171 0.00194202 0.0017456 0.00148551 0.00224578 0.00405486 0.000981523 0.00348287
internal_weight=74248 37788 17316 4116 13200 7466 6211 1348 20472 20220 14638 839 5582 4863 1140 587 188 761 310 399 191 158 11357 5716 5574 5281 3678 1513 2165 613
internal_count=74248 37788 17316 4116 13200 7466 6211 1348 20472 20220 14638 839 5582 4863 1140 587 188 761 310 399 191 158 11357 5716 5574 5281 3678 1513 2165 613
cat_boundaries=0 1 2 3
cat_threshold=1 1 3
is_linear=0
shrinkage=0.05


Tree=43
num_leaves=31
num_cat=4
split_feature=15 2 3 3 3 3 3 4 19 3 3 4 9 4 3 19 7 13 3 1 9 3 6 9 4 3 3 3 20 1
split_gain=113.9 40.6204 17.9162 11.6117 8.89568 10.7411 4.12967 2.69351 2.61211 2.46427 2.07888 2.33371 4.66023 3.15111 2.35597 1.93871 1.71299 1.65896 1.6311 2.32937 1.57816 2.30166 1.44523 1.486 1.8891 1.84943 1.52647 2.3896 1.46397 1.35751
threshold=1.0000000180025095e-35 0 44.500000000000007 81.500000000000014 57.500000000000007 74.500000000000014 84.500000000000014 5.5000000000000009 0.40771512687206274 45.500000000000007 63.500000000000007 4.5000000000000009 1.0000000180025095e-35 1.5000000000000002 54.500000000000007 0.69001421332359325 32.500000000000007 0.90682870149612438 49.500000000000007 1 1.0000000180025095e-35 61.500000000000007 2 1.0000000180025095e-35 1.5000000000000002 46.500000000000007 45.500000000000007 49.500000000000007 7.5000000000000009 3
decision_type=2 1 2 2 2 2 2 2 2 2 2 2 2 2 2 2 2 2 2 1 2 2 1 2 2 2 2 2 2 1
left_child=1 3 -3 8 15 16 7 -7 -1 -10 11 13 14 29 -13 -4 -6 -17 -14 -20 21 -18 23 24 25 -19 -26 -28 -27 -11
right_child=-2 2 4 -5 5 6 -8 -9 9 10 -12 12 18 -15 -16 17 20 22 19 -21 -22 -23 -24 -25 26 28 27 -29 -30 -31
leaf_value=-0.025649407686805584 -0.0055091555117502741 -0.0055091555117502741 -0.018834819068317559 -0.0072227621452524956 -0.0055091555117502741 0.013395742120852983 -0.0055091555117502741 -0.023842865862675269 0.00050133967229585295 0.048331467276101346 0.0081520286951933547 0.035213631549925906 0.036896819390367791 0.0079272486479414535 -0.0098816854333887445 0.026051227448821906 0.035518191509651034 -0.040314949747529381 0.028109244531784913 0.12149521968219407 -0.0055091555117502741 -0.0055091555117502741 -0.0029095924751635005 -0.00035436768288537094 0.091326282216682292 0.009932968837102053 -0.021483885881575234 0.034403065842003332 0.06567687536202664 0.009995306343892417
leaf_weight=197 36356 5779 457 1130 4697 2136 559 186 6192 844 4909 377 197 3314 338 432 93 23 121 190 391 55 2527 846 50 47 198 331 76 1099
leaf_count=197 36356 5779 457 1130 4697 2136 559 186 6192 844 4909 377 197 3314 338 432 93 23 121 190 391 55 2527 846 50 47 198 331 76 1099
internal_value=-0.00289338 -0.000971264 -0.00261161 0.000666912 -0.00158883 -0.00260996 -0.000157932 0.000770886 0.000979299 0.00104345 0.00147994 0.0020679 0.00403516 0.00161023 0.00143357 7.31891e-05 -0.00395913 0.000386312 0.00769685 0.00995177 -0.00128943 0.00310811 7.56455e-05 0.00126186 0.00293103 0.0080137 0.00164939 0.000860112 0.0104472 0.00320895
internal_weight=74147 37791 18883 18908 13104 8117 2881 2322 17778 17581 11389 6480 1223 5257 715 4987 5236 4530 508 311 539 148 4098 1571 725 146 579 529 123 1943
internal_count=74147 37791 18883 18908 13104 8117 2881 2322 17778 17581 11389 6480 1223 5257 715 4987 5236 4530 508 311 539 148 4098 1571 725 146 579 529 123 1943
cat_boundaries=0 1 2 3 4
cat_threshold=1 8 28 3
is_linear=0
shrinkage=0.05


Tree=44
num_leaves=31
num_cat=6
split_feature=15 18 3 3 19 3 3 0 4 13 6 0 3 3 0 6 19 3 3 21 21 3 4 0 3 3 17 19 4 21
split_gain=112.261 47.452 4.23682 6.50982 2.69536 2.42044 6.26201 2.25183 1.99996 2.38404 2.0182 1.85725 1.82298 1.72529 1.94279 1.56531 1.49139 1.29491 1.22472 1.17558 1.50777 1.73842 2.12473 2.58654 2.42638 5.0653 1.62753 2.32258 1.47942 2.10902
threshold=1.0000000180025095e-35 1.0000000180025095e-35 44.500000000000007 57.500000000000007 0.40771512687206274 73.500000000000014 80.500000000000014 0 3.5000000000000004 0.90504807233810436 1 2 61.500000000000007 45.500000000000007 3 4 1.0494402647018435 58.500000000000007 85.500000000000014 4.4076154232025155 4.3757929801940927 37.500000000000007 1.5000000000000002 5 47.500000000000007 69.500000000000014 6.5000000000000009 1.1976422667503359 4.5000000000000009 4.385223627090455
decision_type=2 2 2 2 2 2 2 1 2 2 1 1 2 2 1 1 2 2 2 2 2 2 2 1 2 2 2 2 2 2
left_child=1 2 -1 13 -3 12 8 -6 10 -10 11 16 15 -4 -15 17 -7 -5 -8 20 -9 28 23 -23 -25 -26 -24 -28 29 -22
right_child=-2 4 3 5 7 6 18 19 9 -11 -12 -13 -14 14 -16 -17 -18 -19 -20 -21 21 22 26 24 25 -27 27 -29 -30 -31
leaf_value=-0.0052336977361627608 -0.0052336977361627608 -0.023144026793682673 -0.030413975802093957 -0.0062101458681962573 -0.00013668921874923664 0.014532951941251768 -0.006861624037989871 0.0030840304908416809 0.05132019016973205 -0.0059098275506443724 0.044834484445538662 -0.0041096293398678709 -0.0052336977361627608 0.056049474125872592 0.0046889895529052764 -0.0057395125407144658 0.054814315288749138 0.027268184636195122 -0.0052336977361627608 -0.0031542514062197439 0.038573102343908108 0.0075000827631764126 0.014047813483937854 0.023215967667538265 0.18880372844881407 0.032048069617043227 -0.037884900706582431 0.39653018715073507 -0.04602057030970591 -0.0024900161482159749
leaf_weight=6998 36406 229 313 203 7457 152 1411 4628 29 380 216 305 4237 125 1095 481 66 560 736 985 162 639 5074 201 247 252 31 31 204 359
leaf_count=6998 36406 229 313 203 7457 152 1411 4628 29 380 216 305 4237 125 1095 481 66 560 736 985 162 639 5074 201 247 252 31 31 204 359
internal_value=-0.00292352 -0.00101518 -0.00294303 -0.00229848 0.000612468 -0.00282361 -0.00175266 0.000673408 0.00122822 -0.00157702 0.00278078 0.00100375 -0.00346743 0.000707761 0.00155738 -0.00178457 0.00442982 -0.000342821 -0.00334653 0.00107502 0.00121407 0.00166667 0.00192664 0.00370052 0.00577465 0.00772545 0.00146417 0.00951613 -0.000655174 0.000758156
internal_weight=74212 37806 17307 10309 20499 8776 3295 20270 1148 409 739 523 5481 1533 1220 1244 218 763 2147 12813 11828 7200 6475 1339 700 499 5136 62 725 521
internal_count=74212 37806 17307 10309 20499 8776 3295 20270 1148 409 739 523 5481 1533 1220 1244 218 763 2147 12813 11828 7200 6475 1339 700 499 5136 62 725 521
cat_boundaries=0 1 2 3 4 5 6
cat_threshold=4732450 5 4572683 262172 11 3164544
is_linear=0
shrinkage=0.05


Tree=45
num_leaves=31
num_cat=9
split_feature=15 18 2 3 3 3 3 3 0 19 3 6 4 3 3 3 0 19 0 4 0 18 6 19 19 21 0 3 0 4
split_gain=111.284 43.0781 11.2586 8.4143 7.68751 5.69352 5.83573 3.99774 2.86288 2.49473 2.07218 2.2508 1.65459 1.62136 2.19282 1.55681 1.45788 1.46448 1.41557 1.39793 1.65494 1.38031 1.52125 1.75545 3.1528 1.43108 1.31384 1.29132 1.69792 2.3324
threshold=1.0000000180025095e-35 1.0000000180025095e-35 0 82.500000000000014 44.500000000000007 57.500000000000007 73.500000000000014 85.500000000000014 1 0.40771512687206274 61.500000000000007 2 5.5000000000000009 48.500000000000007 54.500000000000007 58.500000000000007 3 1.5544981956481936 4 5.5000000000000009 5 1.3571428656578066 6 1.4537053108215334 1.5714836120605471 4.4041404724121103 7 45.500000000000007 8 1.5000000000000002
decision_type=2 2 1 2 2 2 2 2 1 2 2 1 2 2 2 2 1 2 1 2 1 2 1 2 2 2 1 2 1 2
left_child=1 2 3 16 -4 27 10 12 21 -10 11 15 18 -11 -15 -7 -1 -18 -8 20 -16 22 25 -24 -25 -3 -17 -6 29 -29
right_child=-2 8 4 -5 5 6 7 -9 9 13 -12 -13 -14 14 19 26 17 -19 -20 -21 -22 -23 23 24 -26 -27 -28 28 -30 -31
leaf_value=-0.00065878666753117494 -0.0049720128493546227 0.032542997965940151 -0.0049720128493546227 -0.0065952197305071906 -0.029318008634019312 -0.006033416984612845 -0.00725800385142031 -0.0049720128493546227 -0.022121699422853115 -0.0011720640602884919 -0.0049720128493546227 -0.0054525369136787429 -0.018245625542366042 0.015806411029322398 -0.0072306126576862795 0.034488093039221936 0.0027373878075486594 0.054087617861752493 0.015111437334482626 -0.014731887544957502 0.0096659395886025262 0.056927006399605906 0.0011645420407868888 0.17222413210841328 -0.01006215039474747 -0.017330019815276248 -0.0075735551000060131 0.18287323265758457 0.0027688506600116272 0.028415492229666352
leaf_weight=1146 36357 960 5749 936 304 188 248 366 241 6059 3574 436 105 3433 2720 204 2000 24 816 365 4070 626 1819 43 46 133 302 25 794 96
leaf_count=1146 36357 960 5749 936 304 188 248 366 241 6059 3574 436 105 3433 2720 204 2000 24 816 365 4070 626 1819 43 46 133 302 25 794 96
internal_value=-0.00291602 -0.0010175 -0.00285421 -0.000567463 -0.00356516 -0.00250603 -0.00311669 -0.000439741 0.000532536 0.000258018 -0.00399022 -0.00212389 0.000988023 0.00033129 0.00070457 -0.000312501 0.000662459 0.00146509 0.00157895 0.000206148 0.000368187 0.00180506 0.00136454 0.00050052 0.00735955 0.00284225 0.00112648 0.000619359 0.00155738 0.00683206
internal_weight=74185 37828 17313 4106 13207 7458 6239 1535 20515 16888 4704 1130 1169 16647 10588 694 3170 2024 1064 7155 6790 3627 3001 1908 89 1093 506 1219 915 121
internal_count=74185 37828 17313 4106 13207 7458 6239 1535 20515 16888 4704 1130 1169 16647 10588 694 3170 2024 1064 7155 6790 3627 3001 1908 89 1093 506 1219 915 121
cat_boundaries=0 1 2 3 4 5 6 7 8 9
cat_threshold=1 262297 11 4272672 1192192 4273252 10 2311365 262684
is_linear=0
shrinkage=0.05


Tree=46
num_leaves=31
num_cat=3
split_feature=15 18 2 3 3 3 3 3 19 4 3 3 3 3 3 6 4 2 3 21 21 3 21 21 4 21 19 18 19 13
split_gain=107.968 45.2454 11.0958 7.87561 6.68973 5.12487 5.56188 4.58052 2.79348 2.44456 1.75021 2.51807 1.61844 1.58566 1.4755 1.71591 1.4603 4.75226 7.05733 4.01738 1.43462 1.8897 1.41242 2.13169 2.48707 3.22019 2.45236 1.59403 1.86923 1.40685
threshold=1.0000000180025095e-35 1.0000000180025095e-35 0 82.500000000000014 44.500000000000007 57.500000000000007 74.500000000000014 80.500000000000014 0.40771512687206274 3.5000000000000004 48.500000000000007 54.500000000000007 46.500000000000007 85.500000000000014 61.500000000000007 1 4.5000000000000009 2 36.500000000000007 4.3878991603851327 4.3838512897491464 79.500000000000014 4.4041404724121103 4.4025316238403329 2.5000000000000004 4.388714313507081 1.0795205235481264 1.928571403026581 1.0338268876075747 0.92980295419693004
decision_type=2 2 1 2 2 2 2 2 2 2 2 2 2 2 2 1 2 1 2 2 2 2 2 2 2 2 2 2 2 2
left_child=1 2 3 -1 -4 12 14 9 -3 20 16 -12 -6 -9 15 -7 -10 18 -18 29 21 -8 23 24 -13 27 -27 -26 -29 -20
right_child=-2 8 4 -5 5 6 7 13 10 -11 11 22 -14 -15 -16 -17 17 -19 19 -21 -22 -23 -24 -25 25 26 -28 28 -30 -31
leaf_value=0.0013698516306143503 -0.004723412206886891 -0.021230296864665398 -0.004723412206886891 -0.0062654587439818308 -0.010855660127854874 -0.0057049927116012162 0.038092702766125801 -0.0031600531439284138 -0.0014154304955039916 -0.0032510862649296514 0.016923987516424328 0.014671380699712239 0.024733506395574808 -0.004723412206886891 -0.004723412206886891 -0.0051799100679948062 -0.04469742780349837 -0.040371788633517258 0.060800231188911147 0.11475721387549849 0.023828213152848172 0.088965210376242221 -0.0084149483708139943 0.054682723121675408 -0.0059269512666316965 0.013049054318978083 0.062984272728463561 -0.0044462703065179529 0.097136608161643323 0.025326938629301517
leaf_weight=3187 36468 245 5741 933 493 709 158 530 5790 157 4109 3203 742 376 3771 440 290 263 146 96 127 24 1515 139 3629 88 69 65 39 764
leaf_count=3187 36468 245 5741 933 493 709 158 530 5790 157 4109 3203 742 376 3771 440 290 263 146 96 127 24 1515 139 3629 88 69 65 39 764
internal_value=-0.00295441 -0.0010833 -0.00295836 -0.000691749 -0.0036622 -0.00268168 -0.0032597 -0.000444608 0.000511001 0.00358369 0.000575351 0.000927192 0.000263157 -0.00251656 -0.00404472 -0.00247607 -4.01427e-05 0.00131815 0.00256173 0.00454274 0.00616505 0.00901099 0.000447581 0.000738384 0.000618214 -0.000231364 0.00678344 -0.000526387 0.00557692 0.00351648
internal_weight=74306 37838 17388 4120 13268 7527 6292 1372 20450 466 20205 12856 1235 906 4920 1149 7349 1559 1296 1006 309 182 8747 7232 7093 3890 157 3733 104 910
internal_count=74306 37838 17388 4120 13268 7527 6292 1372 20450 466 20205 12856 1235 906 4920 1149 7349 1559 1296 1006 309 182 8747 7232 7093 3890 157 3733 104 910
cat_boundaries=0 1 2 3
cat_threshold=1 11 1
is_linear=0
shrinkage=0.05


Tree=47
num_leaves=31
num_cat=5
split_feature=15 18 2 7 19 0 0 13 21 19 19 21 21 7 2 19 19 0 19 7 21 7 21 19 13 7 21 21 13 21
split_gain=108.973 43.9872 11.6101 3.27758 2.756 2.71975 1.97642 2.73561 2.27705 1.92041 1.79848 1.75846 1.73329 2.79594 2.84524 1.71435 1.61804 2.71005 1.49974 1.40644 1.39819 1.3943 2.29398 1.34521 1.28242 1.17147 1.16797 1.14029 1.13235 1.08576
threshold=1.0000000180025095e-35 1.0000000180025095e-35 0 27.10000038146973 0.40771512687206274 1 2 1.0204166769981386 4.3556129932403573 1.0036008358001711 0.99980619549751293 4.3734130859375009 4.4030735492706308 32.500000000000007 3 0.99980619549751293 0.96529695391654979 4 1.0036008358001711 31.500000000000004 4.3551294803619394 32.899999618530281 4.4012749195098886 1.0222100615501406 0.9574275314807893 29.10000038146973 4.3594090938568124 4.3576292991638192 0.98212006688117992 4.3708858489990243
decision_type=2 2 1 2 2 1 1 2 2 2 2 2 2 2 1 2 2 1 2 2 2 2 2 2 2 2 2 2 2 2
left_child=1 2 3 16 -3 28 7 8 19 10 21 26 13 25 24 -14 -1 18 -18 -6 -8 -4 -23 29 -15 -13 27 -10 -5 -22
right_child=-2 4 9 5 6 -7 20 -9 11 -11 -12 12 15 14 -16 -17 17 -19 -20 -21 23 22 -24 -25 -26 -27 -28 -29 -30 -31
leaf_value=-0.0059569052274572815 -0.0044872415965425466 -0.02015582522033085 -0.0044872415965425466 0.049621996823748862 0.020899485570209504 -0.00026377043200651057 -0.037924285771179955 -0.0019288724190749612 0.020410698574694557 -0.0044872415965425466 -0.0044872415965425466 0.039039105679488463 0.025883221712477679 0.308532205288225 -0.00038459209380434581 -0.01505894626030696 0.0024436220425259111 -0.005872370461594157 -0.0059620394544104074 0.13990639820146816 0.0052919410222834308 -0.0057187988318694429 0.0796662796728142 0.0089230210577028856 0.10779454761343393 0.021663643953645315 -0.0010219342565394314 0.069984694232491582 0.013491856938836245 -0.0016972427151374836
leaf_weight=692 36376 243 5208 204 38 1306 247 2740 143 4080 3736 1586 438 25 36 547 389 959 313 32 1580 109 56 3716 30 1244 1682 43 225 6152
leaf_count=692 36376 243 5208 204 38 1306 247 2740 143 4080 3736 1586 438 25 36 547 389 959 313 32 1580 109 56 3716 30 1244 1682 43 225 6152
internal_value=-0.00294607 -0.00106603 -0.00292499 -0.00059687 0.000498976 0.00105187 0.000562403 0.001138 0.00175051 -0.0036466 -0.00405039 0.00164184 0.00224526 0.0028569 0.0114835 0.000431471 -0.00181258 -0.000966287 0.00139045 0.0107143 0.000138828 -0.00346455 0.0010606 0.000219251 0.0186364 0.0025795 0.000380084 0.00413978 0.0044533 -0.000156494
internal_weight=74175 37799 17277 4088 20522 1735 20279 8584 5844 13189 9109 5774 3906 2921 91 985 2353 1661 702 70 11695 5373 165 11448 55 2830 1868 186 429 7732
internal_count=74175 37799 17277 4088 20522 1735 20279 8584 5844 13189 9109 5774 3906 2921 91 985 2353 1661 702 70 11695 5373 165 11448 55 2830 1868 186 429 7732
cat_boundaries=0 1 2 3 4 5
cat_threshold=1 279631 360671 1 3305240
is_linear=0
shrinkage=0.05


Tree=48
num_leaves=31
num_cat=11
split_feature=15 18 2 3 3 3 3 3 3 0 4 13 18 0 13 0 6 6 3 4 21 2 21 0 6 0 13 21 3 0
split_gain=106.838 42.4201 11.5377 8.52522 6.80031 5.03471 4.31413 3.33449 2.07262 1.98923 1.71918 1.38428 1.44193 1.21641 1.84261 1.11672 1.15747 1.10247 1.08759 1.74809 2.99964 1.2083 3.06208 1.1868 1.08255 1.94336 1.57841 1.61049 1.13316 1.20023
threshold=1.0000000180025095e-35 1.0000000180025095e-35 0 82.500000000000014 44.500000000000007 57.500000000000007 73.500000000000014 85.500000000000014 65.500000000000014 1 4.5000000000000009 1.0188746452331545 1.6428571343421938 2 0.98038461804389965 3 4 5 45.500000000000007 5.5000000000000009 4.3781974315643319 6 4.3865480422973642 7 8 9 1.0307765007019045 4.3759601116180429 45.500000000000007 10
decision_type=2 2 1 2 2 2 2 2 2 1 2 2 2 1 2 1 1 1 2 2 2 1 2 1 1 1 2 2 2 1
left_child=1 2 3 13 -4 24 8 10 -7 11 15 12 -3 14 -1 16 -8 -15 -11 23 -21 22 -22 -20 25 -6 27 -27 -26 -30
right_child=-2 9 4 -5 5 6 7 -9 -10 18 -12 -13 -14 17 -16 -17 -18 -19 19 20 21 -23 -24 -25 28 26 -28 -29 29 -31
leaf_value=0.042002962741407517 -0.0042628795167154194 0.012511315197405691 -0.0042628795167154194 -0.0056543405454098743 -0.0030030220327909854 -0.0042628795167154194 -0.010856272801036567 -0.0042628795167154194 -0.0042628795167154194 -0.0018137618550514989 -0.014046378950556167 0.00030247408994542524 0.053231889669032341 0.0030640960467757331 0.00035437741154313585 -0.0021168600190031839 0.024475301627120031 -0.00041558470419313705 -0.0079825121896016909 -0.020029034266393259 0.0025783013053027621 -0.0064340606722457817 0.10670306667592329 0.0073850634001658248 -0.029260555813798717 -0.010945993088903511 0.047815289108637055 0.05176359417101354 0.032457353753185959 -0.00184712763373821
leaf_weight=190 36446 4842 5754 935 227 2315 108 383 2409 2939 232 2500 635 886 231 456 387 1833 1592 417 193 152 61 7167 206 59 59 94 129 458
leaf_count=190 36446 4842 5754 935 227 2315 108 383 2409 2939 232 2500 635 886 231 456 387 1833 1592 417 193 152 61 7167 206 59 59 94 129 458
internal_value=-0.00296352 -0.00110294 -0.00292231 -0.000595093 -0.00363664 -0.0026469 -0.0032194 -0.000945084 -0.00397333 0.000437115 0.000367708 0.00105359 0.00149991 0.000652865 0.00312065 0.00130915 0.00292079 0.000258335 4.34909e-05 0.000301606 -0.00190158 0.00115763 0.00326772 0.000508619 0.000275973 0.00223831 0.00558558 0.00316993 -0.000828146 0.000281089
internal_weight=74295 37849 17351 4075 13276 7522 6290 1566 4724 20498 1183 7977 5477 3140 421 951 495 2719 12521 9582 823 406 254 8759 1232 439 212 153 793 587
internal_count=74295 37849 17351 4075 13276 7522 6290 1566 4724 20498 1183 7977 5477 3140 421 951 495 2719 12521 9582 823 406 254 8759 1232 439 212 153 793 587
cat_boundaries=0 1 2 3 4 5 6 7 8 9 10 11
cat_threshold=1 1343839 294941 5096199 4 10 1 4206592 12 4775686 4588556
is_linear=0
shrinkage=0.05


Tree=49
num_leaves=31
num_cat=7
split_feature=15 18 2 3 3 3 3 3 19 0 3 7 2 7 19 4 21 0 0 13 9 21 4 3 3 13 0 3 0 13
split_gain=103.513 40.7807 11.1343 8.38395 6.53614 4.55081 4.56977 3.75213 2.6542 1.96972 1.76149 2.1179 1.63201 1.84938 2.45519 1.87639 2.01672 1.5839 1.57905 1.39984 1.35911 1.95226 1.6623 1.59386 2.64721 1.28157 2.61944 1.38621 1.26534 1.24624
threshold=1.0000000180025095e-35 1.0000000180025095e-35 0 81.500000000000014 44.500000000000007 57.500000000000007 74.500000000000014 85.500000000000014 0.40771512687206274 1 61.500000000000007 31.500000000000004 2 31.899999618530277 1.4537053108215334 5.5000000000000009 4.3878991603851327 3 4 1.0638586878776553 1.0000000180025095e-35 4.4012749195098886 3.5000000000000004 58.500000000000007 60.500000000000007 0.95916664600372326 5 62.500000000000007 6 0.90504807233810436
decision_type=2 2 1 2 2 2 2 2 2 1 2 2 1 2 2 2 2 1 1 2 2 2 2 2 2 2 1 2 1 2
left_child=1 2 3 25 -4 17 10 18 -3 12 11 -7 13 15 19 -10 -17 -6 -8 -15 22 -22 -13 -23 -25 26 29 -28 -27 -1
right_child=-2 8 4 -5 5 6 7 -9 9 -11 -12 20 -14 14 -16 16 -18 -19 -20 -21 21 23 -24 24 -26 28 27 -29 -30 -31
leaf_value=0.043872130549655886 -0.004049735540879648 -0.017959803584673764 -0.004049735540879648 -0.0053758502564325373 0.034931410988690972 -0.0044834085089321676 -0.01053759681644021 -0.004049735540879648 0.010905437384089863 0.00019319592095694971 -0.004049735540879648 0.03500926394518912 -0.0019744628546336184 0.050951844865642804 0.13525782328860314 0.034525017339004732 0.2129483427675396 -0.0017611232164207126 0.015724328463830862 -0.041944193636475328 -0.0052197149144402001 -0.0053324205831390709 -0.0053324205831390709 0.076798873998816131 -0.0091228507212171347 -0.002779187427811297 0.0046623706087151164 -0.0021397588829628498 0.0020599505228058057 0.035799717854471391
leaf_weight=33 36404 248 5736 1116 254 542 249 368 4567 12796 3733 139 2051 558 34 136 37 986 750 77 211 54 44 80 41 972 411 272 1107 183
leaf_count=33 36404 248 5736 1116 254 542 249 368 4567 12796 3733 139 2051 558 34 136 37 986 750 77 211 54 44 80 41 972 411 272 1107 183
internal_value=-0.00299836 -0.00116515 -0.0029544 -0.000676601 -0.00366156 -0.00268488 -0.003237 -0.000683981 0.000342859 0.000405804 -0.00395747 -0.00220972 0.00105087 0.00150767 0.00396861 0.00116034 0.00627168 8.0644e-05 0.000905905 0.00326772 -7.90873e-05 -0.00176166 0.00346994 0.00214286 0.00533058 0.000708528 0.00228587 0.000699855 2.64538e-05 0.0069469
internal_weight=74189 37785 17281 4094 13187 7451 6211 1367 20504 20256 4844 1111 7460 5409 669 4740 173 1240 999 635 569 386 183 175 121 2978 899 683 2079 216
internal_count=74189 37785 17281 4094 13187 7451 6211 1367 20504 20256 4844 1111 7460 5409 669 4740 173 1240 999 635 569 386 183 175 121 2978 899 683 2079 216
cat_boundaries=0 1 2 3 4 5 6 7
cat_threshold=1 360669 1 4522040 146432 852508 4739684
is_linear=0
shrinkage=0.05


Tree=50
num_leaves=31
num_cat=5
split_feature=18 0 3 3 19 4 0 3 0 21 0 19 0 20 4 21 19 3 7 19 7 3 13 21 13 16 18 21 19 3
split_gain=30.2454 8.88517 4.32665 2.34115 1.58178 1.56383 1.54814 1.40393 1.26654 1.1514 1.76972 1.0603 1.01933 1.08126 1.27133 1.10133 1.07618 1.56383 0.973204 0.907417 0.874455 1.01524 0.859328 0.870499 1.14451 1.31791 1.0329 1.00497 0.797412 0.791047
threshold=1.0000000180025095e-35 0 73.500000000000014 56.500000000000007 0.490822583436966 2.5000000000000004 1 83.500000000000014 2 4.419403314590455 3 1.0338268876075747 4 3.5000000000000004 1.0000000180025095e-35 4.4068651199340829 0.65092998743057262 43.500000000000007 32.100000381469734 1.6574097871780398 29.60000038146973 45.500000000000007 1.0086206793785097 4.3759601116180429 1.0638586878776553 1.0000000180025095e-35 0.35714286565780645 4.3855419158935556 1.0036008358001711 65.500000000000014
decision_type=2 1 2 2 2 2 1 2 1 2 1 2 1 2 2 2 2 2 2 2 2 2 2 2 2 2 2 2 2 2
left_child=7 2 4 6 -2 8 19 11 -4 12 -11 -1 -6 14 20 -16 17 -15 -8 -3 21 -14 -20 -24 25 26 28 -28 -25 -18
right_child=1 3 5 -5 9 -7 18 -9 -10 10 -12 -13 13 16 15 -17 29 -19 22 -21 -22 -23 23 24 -26 -27 27 -29 -30 -31
leaf_value=-0.0038472487638356659 -0.0037144143356561739 -0.0073747363310710723 -0.0055248931526381273 -0.0063745198704772245 -0.0031735241045319478 -0.0061821254776391957 -0.0071211214050021874 -0.0038472487638356659 -0.0079125834966555057 -0.0097500750500972757 0.028790817980659217 -0.0038472487638356659 0.016500784460369705 0.046942255808612526 -0.0068733696958231359 0.046573091956179959 -0.00842514749704063 0.0010036785529978166 -0.007133983500923694 0.036317535246325777 0.015207456258136728 0.081351017792434505 -0.0073707456160621897 0.079978045459915631 -0.0034955614650703844 -0.0074728575476287742 0.083119308386172625 0.026512003448907862 -0.0074824491024291576 -0.0064196861786776308
leaf_weight=23003 439 3301 897 7708 8371 2247 4790 4931 1157 120 211 9028 25 24 1105 23 4604 217 508 65 111 22 165 28 134 44 28 33 25 793
leaf_count=23003 439 3301 897 7708 8371 2247 4790 4931 1157 120 211 9028 25 24 1105 23 4604 217 508 65 111 22 165 28 134 44 28 33 25 793
internal_value=-0.00298873 -0.00198212 -0.00127748 -0.00283241 -0.000901028 -0.00268659 -0.00229196 -0.00400168 -0.00168939 -0.000817869 0.0020997 -0.00388077 -0.000881008 -0.00132968 -2.33293e-05 -0.000611703 -0.00163001 0.001639 -0.00178231 -0.0031487 0.00417721 0.00989362 -0.000336789 0.00123632 0.00287671 0.00575949 0.00859649 0.0130328 0.00349056 -0.00177599
internal_weight=74157 37195 20366 16829 16065 4301 9121 36962 2054 15626 331 32031 15295 6924 1286 1128 5638 241 5755 3366 158 47 965 457 292 158 114 61 53 5397
internal_count=74157 37195 20366 16829 16065 4301 9121 36962 2054 15626 331 32031 15295 6924 1286 1128 5638 241 5755 3366 158 47 965 457 292 158 114 61 53 5397
cat_boundaries=0 1 2 3 4 5
cat_threshold=2477587 528776 281090 2394112 2147856
is_linear=0
shrinkage=0.05


Tree=51
num_leaves=31
num_cat=5
split_feature=15 18 3 3 19 3 3 0 0 13 3 3 7 7 9 19 0 3 21 19 21 0 7 13 20 19 4 0 21 21
split_gain=104.398 42.4581 4.10562 5.80928 2.27222 2.16772 6.1487 1.97034 1.82367 1.95145 1.7871 1.55645 1.76189 1.55179 1.83944 1.64875 1.54552 2.04244 1.5325 1.38677 1.98039 1.32722 1.87787 1.29433 1.28167 1.23387 1.20038 2.65997 2.65088 1.20018
threshold=1.0000000180025095e-35 1.0000000180025095e-35 44.500000000000007 57.500000000000007 0.40771512687206274 73.500000000000014 82.500000000000014 0 1 0.97095960378646862 61.500000000000007 48.500000000000007 26.69999980926514 32.500000000000007 1.0000000180025095e-35 0.9433027207851411 2 46.500000000000007 4.404839515686036 1.0324247479438784 4.3701629638671884 3 25.10000038146973 1.0588461160659792 9.5000000000000018 0.98649892210960399 5.5000000000000009 4 4.3878991603851327 4.3570151329040536
decision_type=2 2 2 2 2 2 2 1 1 2 2 2 2 2 2 2 1 2 2 2 2 1 2 2 2 2 2 1 2 2
left_child=1 2 -1 16 -3 10 8 23 9 -7 13 26 21 -5 15 -15 17 -4 19 -14 -21 22 24 -6 -13 -19 -9 28 -28 -25
right_child=-2 4 3 5 7 6 -8 11 -10 -11 -12 12 18 14 -16 -17 -18 25 -20 20 -22 -23 -24 29 -26 -27 27 -29 -30 -31
leaf_value=-0.0036548863256438829 -0.0036548863256438829 -0.016995318993110957 -0.0096152346855303897 -0.0040668756452937761 0.023227422348033128 0.046515772497666287 -0.0036548863256438829 -0.0017423848165837093 -0.0016416009155977235 -2.1440538471684422e-05 -0.0036548863256438829 0.058250389056585507 0.0062169660959702109 0.034566587598842347 -0.004766366730526406 0.073434932343164491 -0.00060140068573381628 0.030353100025098629 -0.0044211542774209396 -0.0012902276039110207 0.022564802921163821 -0.015133267774211305 -0.012081829566891541 0.084835112069104407 -0.0052997239196512259 0.14704830946303007 0.017431066666191101 -0.0047799086926365586 0.13645361185110946 -0.026285166957091217
leaf_weight=6977 36283 245 91 948 3013 186 1641 5758 1223 208 4239 55 5312 69 221 20 1320 59 1711 716 2010 704 177 43 32 65 92 258 33 328
leaf_count=6977 36283 245 91 948 3013 186 1641 5758 1223 208 4239 55 5312 69 221 20 1320 59 1711 716 2010 704 177 43 32 65 92 258 33 328
internal_value=-0.00298142 -0.00114081 -0.00296722 -0.00233236 0.000398544 -0.00282981 -0.00180786 0.000456475 0.000380333 0.00329208 -0.00343551 0.000234763 0.000598581 -0.00178061 0.00129032 0.00735955 0.000504885 0.00433333 0.000800594 0.00108982 0.0020066 -0.00143595 0.00156934 0.00155569 0.00764368 0.00870968 -0.000399773 0.0023107 0.00796296 -0.00122642
internal_weight=74037 37754 17267 10290 20487 8755 3258 20242 1617 394 5497 16858 10717 1258 310 89 1535 215 9749 8038 2726 968 264 3384 87 124 6141 383 125 371
internal_count=74037 37754 17267 10290 20487 8755 3258 20242 1617 394 5497 16858 10717 1258 310 89 1535 215 9749 8038 2726 968 264 3384 87 124 6141 383 125 371
cat_boundaries=0 1 2 3 4 5
cat_threshold=294936 295069 262300 1710274 74340
is_linear=0
shrinkage=0.05


Tree=52
num_leaves=31
num_cat=5
split_feature=15 18 2 3 3 3 3 3 3 0 4 19 13 19 0 13 2 7 0 3 7 3 7 9 19 19 4 20 3 19
split_gain=102.261 39.9079 12.6446 8.2464 6.09921 4.54021 3.70442 3.3515 2.13198 1.89031 1.33193 1.41934 2.4197 1.30912 1.19025 1.09432 1.07654 1.07016 1.24979 1.06889 1.01484 1.02 1.00381 1.6481 1.91108 0.965065 0.946376 1.02989 0.936577 1.15236
threshold=1.0000000180025095e-35 1.0000000180025095e-35 0 82.500000000000014 44.500000000000007 56.500000000000007 74.500000000000014 85.500000000000014 61.500000000000007 1 5.5000000000000009 0.98822057247161876 0.97095960378646862 0.54324871301651012 2 0.90504807233810436 3 30.10000038146973 4 47.500000000000007 26.899999618530277 77.500000000000014 32.500000000000007 1.0000000180025095e-35 0.92773190140724193 1.5114968419075014 2.5000000000000004 7.5000000000000009 78.500000000000014 1.0494402647018435
decision_type=2 2 1 2 2 2 2 2 2 1 2 2 2 2 1 2 1 2 1 2 2 2 2 2 2 2 2 2 2 2
left_child=1 2 3 28 -4 14 8 10 22 16 11 20 26 -11 15 -6 17 18 -3 -18 -8 -22 -7 24 -24 -19 -13 -28 29 -1
right_child=-2 9 4 -5 5 6 7 -9 -10 13 -12 12 -14 -15 -16 -17 19 25 -20 -21 21 -23 23 -25 -26 -27 27 -29 -30 -31
leaf_value=0.00058906776896893451 -0.0034721420093616891 0.016958234130823934 -0.0034721420093616891 -0.0047277242508437754 0.14657798613117395 -0.0038635318630290873 -0.0086551590635817015 -0.0034721420093616891 -0.0034721420093616891 -0.015890129571108129 -0.014256513936257412 0.022100684556378203 0.00083591887750216116 -0.00012135502541209487 -0.001450634830146049 0.013480375846961296 -0.031851277118867552 0.016763521923836979 -0.0007478685547417591 0.0031934315352282108 -0.0081488968648398413 0.040015638070578355 0.0096953635658106191 -0.004528048394000085 0.053697949182409978 0.088779769187711521 0.026655843759145176 0.080501652544786029 -0.003760880923841481 0.034251378010039968
leaf_weight=2018 36340 1522 5740 910 30 987 235 371 3765 362 97 108 281 11600 621 371 312 2587 2029 2139 101 117 64 251 35 81 30 28 512 662
leaf_count=2018 36340 1522 5740 910 30 987 235 371 3765 362 97 108 281 11600 621 371 312 2587 2029 2139 101 117 64 251 35 81 30 28 512 662
internal_value=-0.00299814 -0.00118343 -0.002952 -0.000526574 -0.0037039 -0.00276428 -0.00325348 -0.000942984 -0.00387299 0.000302442 0.000566699 0.00116667 0.00316555 -0.000105247 0.00033268 0.00242092 0.000864054 0.00121482 0.000646296 -2.2441e-05 -0.000805741 0.00165137 -0.00215782 0.000142856 0.00560606 0.00197151 0.00795181 0.0131034 0.000670425 0.00104477
internal_weight=74306 37966 17334 4102 13232 7492 6470 1368 5102 20632 997 900 447 11962 1022 401 8670 6219 3551 2451 453 218 1337 350 99 2668 166 58 3192 2680
internal_count=74306 37966 17334 4102 13232 7492 6470 1368 5102 20632 997 900 447 11962 1022 401 8670 6219 3551 2451 453 218 1337 350 99 2668 166 58 3192 2680
cat_boundaries=0 1 2 3 4 5
cat_threshold=1 377245 1410620 1 98320
is_linear=0
shrinkage=0.05


Tree=53
num_leaves=31
num_cat=5
split_feature=15 2 3 3 3 3 3 4 3 0 13 0 4 3 9 19 3 3 0 20 7 9 3 3 4 13 21 0 7 21
split_gain=103.337 35.5996 16.2419 10.3696 7.59656 8.40468 4.41284 2.39053 2.31117 2.23596 2.20218 2.56681 3.21312 6.17198 4.40485 2.2794 2.55344 2.24782 1.99063 1.98146 1.88184 1.90732 2.264 1.70082 1.63697 1.56459 1.53627 1.48581 1.47007 1.45748
threshold=1.0000000180025095e-35 0 44.500000000000007 82.500000000000014 56.500000000000007 75.500000000000014 84.500000000000014 5.5000000000000009 61.500000000000007 1 1.0386904478073122 2 4.5000000000000009 36.500000000000007 1.0000000180025095e-35 0.80713108181953441 49.500000000000007 43.500000000000007 3 2.5000000000000004 32.500000000000007 1.0000000180025095e-35 59.500000000000007 47.500000000000007 4.5000000000000009 0.89208075404167186 4.380178928375245 4 32.500000000000007 4.385711908340455
decision_type=2 1 2 2 2 2 2 2 2 1 2 1 2 2 2 2 2 2 1 2 2 2 2 2 2 2 2 1 2 2
left_child=1 3 -3 10 23 8 7 9 20 -7 11 12 -1 -14 19 -16 17 -17 29 -15 -6 22 -22 24 -4 -11 -27 -21 -25 -12
right_child=-2 2 4 -5 5 6 -8 -9 -10 25 18 -13 13 14 15 16 -18 -19 -20 27 21 -23 -24 28 -26 26 -28 -29 -30 -31
leaf_value=0.014425833583952559 -0.0032985349088936046 -0.0032985349088936046 -0.0038316189143778184 -0.0044913380383015868 -0.003670355269877633 0.025158676494637135 -0.0032985349088936046 -0.017784656067193195 -0.0032985349088936046 0.032708583194872867 0.0014304658880733958 0.0013493501626677725 -0.044939113036659636 0.060510977149986572 0.047647712157678004 0.096221655396130423 0.31275913771025476 0.055134762267495252 -0.0025199265756478671 -0.024488882927808736 -0.018605648712080421 -0.0043016459743000805 0.068630457339898629 0.008720249041912119 -0.03000850603019304 0.023798980730581024 -0.0062236285505396895 0.032426692112442944 -0.005600394312875203 0.019393739163176806
leaf_weight=4086 36426 5709 1065 947 1191 325 564 164 4180 21 529 8236 151 53 83 93 81 82 3997 114 47 316 62 2938 284 605 940 248 423 297
leaf_count=4086 36426 5709 1065 947 1191 325 564 164 4180 21 529 8236 151 53 83 93 81 82 3997 114 47 316 62 2938 284 605 940 248 423 297
internal_value=-0.00299346 -0.0011632 -0.00270362 0.000364004 -0.00173524 -0.00263518 -0.000284461 0.000790753 -0.00369738 0.00129297 0.000631578 0.00096507 0.00185863 0.00455801 0.00640583 0.0106342 0.0129687 0.00957143 -0.00028302 0.00295181 -0.00209159 0.000764705 0.00646789 -0.00012739 -0.00162713 0.000488577 0.000307442 0.00162983 0.00047456 0.0019378
internal_weight=74257 37831 18834 18997 13125 8415 2619 2055 5796 1891 18050 13227 4991 905 754 339 256 175 4823 415 1616 425 109 4710 1349 1566 1545 362 3361 826
internal_count=74257 37831 18834 18997 13125 8415 2619 2055 5796 1891 18050 13227 4991 905 754 339 256 175 4823 415 1616 425 109 4710 1349 1566 1545 362 3361 826
cat_boundaries=0 1 2 3 4 5
cat_threshold=1 787072 499836 1050881 294916
is_linear=0
shrinkage=0.05


Tree=54
num_leaves=31
num_cat=9
split_feature=18 0 3 2 3 3 0 3 3 4 3 7 0 21 0 0 3 0 19 4 20 19 21 19 0 13 0 13 21 4
split_gain=29.2375 8.3848 4.56816 3.02727 5.1908 2.79255 2.29556 2.13014 2.68063 1.7151 1.3299 1.25032 1.82665 1.22722 1.40121 1.13168 1.12945 1.16243 1.00176 1.2622 1.29956 0.924359 1.00016 0.960391 0.890107 0.884344 1.05531 0.850293 0.922352 0.820591
threshold=1.0000000180025095e-35 0 64.500000000000014 1 78.500000000000014 54.500000000000007 2 43.500000000000007 61.500000000000007 2.5000000000000004 73.500000000000014 26.400000572204593 3 4.4185786247253427 4 5 79.500000000000014 6 0.91529542207717907 3.5000000000000004 3.5000000000000004 0.490822583436966 4.3839483261108407 0.65092998743057262 7 1.0188746452331545 8 0.96214285492897045 4.4050946235656747 1.5000000000000002
decision_type=2 1 2 1 2 2 1 2 2 2 2 2 1 2 1 1 2 1 2 2 2 2 2 2 1 2 1 2 2 2
left_child=3 2 13 4 6 15 27 -5 24 16 -10 -12 18 21 -15 29 17 -4 -13 20 -20 22 -2 -23 -9 -25 -27 -1 -29 -3
right_child=1 5 9 7 -6 -7 -8 8 10 -11 11 12 -14 14 -16 -17 -18 -19 19 -21 -22 23 -24 25 -26 26 -28 28 -30 -31
leaf_value=0.0026612248948914255 -0.0031408021291837052 -0.006577138025065335 -0.0082409641520127339 -0.0031336081634489241 -0.0031336081634489241 -0.0056877021634374435 -0.0045521898482028351 -0.0031336081634489241 -0.0031336081634489241 -0.0053694936505165108 -0.0031336081634489241 -0.003503954471479033 -0.003503954471479033 -0.011111824816932321 0.01526660327155757 -0.0062437871725571185 -0.0067193799257416675 -0.0063848116526338946 0.041760721173628682 -0.003503954471479033 0.0067819570935194005 0.013245205851840148 0.042230581005330822 -0.0046189202059470054 -0.0031336081634489241 -0.00868623264048295 -0.0050773254382787299 -0.0051383980405124681 0.0052529454031777778 -0.0063652925583191217
leaf_weight=436 349 983 489 7992 4869 8614 4627 1943 7817 3671 3216 217 1215 103 259 5196 626 2153 44 74 216 596 20 8111 3431 973 3107 831 80 2041
leaf_count=436 349 983 489 7992 4869 8614 4627 1943 7817 3671 3216 217 1215 103 259 5196 626 2153 44 74 216 596 20 8111 3431 973 3107 831 80 2041
internal_value=-0.00303295 -0.00204486 -0.00136244 -0.00402859 -0.00332611 -0.00287165 -0.00233847 -0.0043197 -0.00402053 -0.00240597 -0.00441402 -0.00377559 -0.00270668 -0.000827786 0.0020442 -0.00221411 -0.00157283 -0.00112036 -0.000276294 0.00143712 0.00307692 -0.000906812 -0.00337398 -0.000835615 -0.00308337 -0.000931426 -0.00153186 -0.000504791 -0.00137761 -0.00298945
internal_weight=74299 37291 20457 37008 10843 16834 5974 26165 18173 6939 12799 4982 1766 13518 362 8220 3268 2642 551 334 260 13156 369 12787 5374 12191 4080 1347 911 3024
internal_count=74299 37291 20457 37008 10843 16834 5974 26165 18173 6939 12799 4982 1766 13518 362 8220 3268 2642 551 334 260 13156 369 12787 5374 12191 4080 1347 911 3024
cat_boundaries=0 1 2 3 4 5 6 7 8 9
cat_threshold=2477587 1 2477591 4572833 296960 528776 17 2444401 65538
is_linear=0
shrinkage=0.05


Tree=55
num_leaves=31
num_cat=6
split_feature=15 18 2 3 3 3 3 3 3 7 9 21 0 3 21 4 4 0 3 21 21 4 7 21 0 21 0 3 18 0
split_gain=101.869 42.6723 11.4589 8.05617 6.1435 4.43559 3.89807 2.94505 1.84283 2.12139 1.9883 1.70767 1.44594 1.44801 1.43816 1.28822 1.2438 2.38072 1.62317 1.30067 2.60375 1.88012 2.06737 1.89128 3.28155 2.38279 2.08496 1.31383 1.33929 1.28246
threshold=1.0000000180025095e-35 1.0000000180025095e-35 0 81.500000000000014 44.500000000000007 57.500000000000007 73.500000000000014 85.500000000000014 61.500000000000007 32.500000000000007 1.0000000180025095e-35 4.3694157600402841 1 48.500000000000007 4.4095332622528085 5.5000000000000009 5.5000000000000009 2 50.500000000000007 4.4044318199157724 4.3996908664703378 1.5000000000000002 27.400000572204593 4.3754107952117929 3 4.3978459835052499 4 78.500000000000014 0.21428572386503222 5
decision_type=2 2 1 2 2 2 2 2 2 2 2 2 1 2 2 2 2 1 2 2 2 2 2 2 1 2 1 2 2 1
left_child=1 2 3 -1 -4 -6 8 15 9 -7 11 -11 -3 -14 -12 -8 19 -18 -19 20 21 23 -23 26 25 -25 -15 -28 -29 -22
right_child=-2 12 4 -5 5 6 7 -9 -10 10 14 -13 13 16 -16 -17 17 18 -20 -21 29 22 -24 24 -26 -27 27 28 -30 -31
leaf_value=0.0015535489361468504 -0.002976927755276478 -0.0042376547949667942 -0.002976927755276478 -0.0041143174665072184 -8.836919938899065e-05 -0.0033301570982113048 0.0030102950176559566 -0.002976927755276478 -0.002976927755276478 -0.017518685868303952 -0.0039298832674126306 0.067760036476941968 -0.00032711062569062478 -0.014180948627471785 0.023380554327616106 -0.013601313272075425 -0.014562189180859492 -0.033895108702373042 0.072387081019680402 -0.0014118827494463558 0.16952493021806081 -0.015677386123193759 0.009477464339730915 0.10012062346945766 0.013535551208450562 0.37591073096023175 0.013439288774741568 0.08152667441920762 0.026373480141372769 0.01610721713813178
leaf_weight=3021 36294 2153 5745 1103 1229 855 1055 374 3574 35 135 51 6660 633 67 112 628 33 78 1828 116 932 5424 258 652 22 786 32 24 203
leaf_count=3021 36294 2153 5745 1103 1229 855 1055 374 3574 35 135 51 6660 633 67 112 628 33 78 1828 116 932 5424 258 652 22 786 32 24 203
internal_value=-0.00300167 -0.00118568 -0.00300934 -0.000708052 -0.00372657 -0.00278282 -0.00332215 -0.00113887 -0.00403541 -0.00228784 0.00142361 0.0077907 0.000361156 0.000505212 -0.00128713 9.85421e-05 0.000841702 -0.00114344 0.00533058 0.000976167 0.0012211 0.00105957 0.000608872 0.00224969 0.00401287 0.00844827 0.00113559 0.00274648 0.0101786 0.00565831
internal_weight=74112 37818 17356 4124 13232 7487 6258 1541 4717 1143 288 86 20462 18309 202 1167 11649 739 111 10910 9082 8763 6356 2407 932 280 1475 842 56 319
internal_count=74112 37818 17356 4124 13232 7487 6258 1541 4717 1143 288 86 20462 18309 202 1167 11649 739 111 10910 9082 8763 6356 2407 932 280 1475 842 56 319
cat_boundaries=0 1 2 3 4 5 6
cat_threshold=1 4206592 2150144 294995 1097961 2130112
is_linear=0
shrinkage=0.05


Tree=56
num_leaves=31
num_cat=8
split_feature=15 18 2 3 3 3 3 3 3 2 0 5 0 19 0 0 20 19 21 5 0 21 17 19 7 21 21 0 19 19
split_gain=100.12 40.4886 11.6325 7.93579 6.00854 3.65085 3.69504 2.99701 1.99464 1.64961 1.60382 1.54759 1.39255 1.25283 1.73727 1.65147 1.45165 1.17524 1.29264 1.2154 1.33375 1.15945 1.77713 1.94713 1.33664 1.98946 1.276 1.39487 1.15066 1.1213
threshold=1.0000000180025095e-35 1.0000000180025095e-35 0 82.500000000000014 44.500000000000007 57.500000000000007 73.500000000000014 85.500000000000014 65.500000000000014 1 2 1.0000000180025095e-35 3 1.1033705472946169 4 5 5.5000000000000009 0.93356090784072887 4.3598644733428964 1.0000000180025095e-35 6 4.3727951049804696 6.5000000000000009 1.1976422667503359 32.500000000000007 4.4064195156097421 4.3596270084381112 7 0.40771512687206274 0.86987626552581798
decision_type=2 2 1 2 2 2 2 2 2 1 1 2 1 2 1 1 2 2 2 2 1 2 2 2 2 2 2 1 2 2
left_child=1 2 3 -1 -4 13 8 17 -7 10 21 12 29 -6 -15 -16 -17 -8 -19 20 -20 26 24 -24 -23 -26 27 -3 -12 -11
right_child=-2 9 4 -5 5 6 7 -9 -10 11 28 -13 -14 14 15 16 -18 18 19 -21 -22 22 23 -25 25 -27 -28 -29 -30 -31
leaf_value=0.0014232533074919865 -0.0028280813675126541 0.046459407805332975 -0.0028280813675126541 -0.0039043748548887001 -0.0023995669594229722 -0.0028280813675126541 -0.0055692510703081446 -0.0028280813675126541 -0.0028280813675126541 -0.010398974745130338 -0.014943107320262492 -0.012333154899321803 -0.0088570851710023137 -0.0045093164216044469 -0.00049201945756865843 0.012630144530748242 0.13897417134125087 0.044854557303727081 -0.005869898329881525 -0.0048060662607324577 0.025144033443630656 0.014892102235328769 0.01138513452594562 0.3649511966801483 0.14683308486603078 -0.009866935470881244 -0.0052486896084424561 -0.0010058229513255287 0.0012247532692911342 0.014056241017313684
leaf_weight=3156 36358 143 5768 928 898 2325 451 382 2355 723 157 1083 2021 107 104 44 80 26 208 151 330 3100 30 28 77 68 1216 176 9772 1818
leaf_count=3156 36358 143 5768 928 898 2325 451 382 2355 723 157 1083 2021 107 104 44 80 26 208 151 330 3100 30 28 77 68 1216 176 9772 1818
internal_value=-0.00302451 -0.00122001 -0.00299861 -0.000666015 -0.00371873 -0.0027818 -0.00327393 -0.00115633 -0.00397436 0.000288555 0.000566465 -0.000438442 -3.50735e-05 -0.000296027 0.00231343 0.00466386 0.00843283 0.000102915 0.00136364 0.000950652 0.0020632 0.00131188 0.00184226 0.0105172 0.00168721 0.00637931 0.000179152 0.00299373 0.000201729 0.000742845
internal_weight=74083 37725 17313 4084 13229 7461 6228 1548 4680 20412 14767 5645 4562 1233 335 228 124 1166 715 689 538 4838 3303 58 3245 145 1535 319 9929 2541
internal_count=74083 37725 17313 4084 13229 7461 6228 1548 4680 20412 14767 5645 4562 1233 335 228 124 1166 715 689 538 4838 3303 58 3245 145 1535 319 9929 2541
cat_boundaries=0 1 2 3 4 5 6 7 8
cat_threshold=1 1 1409305 5001045 4331776 1074758 1180386 294928
is_linear=0
shrinkage=0.05


Tree=57
num_leaves=31
num_cat=6
split_feature=15 18 2 3 3 3 3 3 3 13 0 0 3 3 7 9 21 21 0 5 2 21 21 0 21 7 3 7 3 13
split_gain=99.3727 39.1424 11.0093 7.43668 6.222 4.84339 3.31403 3.12529 2.35421 1.59881 1.71362 1.51824 1.41053 1.53965 1.34696 1.34454 2.24253 1.44948 1.17737 1.16441 1.12488 1.2061 1.81782 1.7542 1.47643 1.83484 1.3233 1.71306 1.51494 1.11183
threshold=1.0000000180025095e-35 1.0000000180025095e-35 0 82.500000000000014 44.500000000000007 56.500000000000007 73.500000000000014 84.500000000000014 61.500000000000007 1.0386904478073122 1 2 47.500000000000007 53.500000000000007 32.500000000000007 1.0000000180025095e-35 4.3694157600402841 4.4095332622528085 3 1.0000000180025095e-35 4 4.3596270084381112 4.3740921020507821 5 4.4041404724121103 32.500000000000007 69.500000000000014 28.400000572204593 72.500000000000014 0.96651786565780651
decision_type=2 2 1 2 2 2 2 2 2 2 1 1 2 2 2 2 2 2 1 2 1 2 2 1 2 2 2 2 2 2
left_child=1 2 3 29 -4 11 8 19 14 10 -3 12 -6 -14 -7 16 -16 -17 -11 -8 21 -12 -23 24 25 26 -24 -28 -29 -1
right_child=-2 9 4 -5 5 6 7 -9 -10 18 20 -13 13 -15 15 17 -18 -19 -20 -21 -22 22 23 -25 -26 -27 27 28 -30 -31
leaf_value=0.0039074817205432847 -0.0026866772991370213 -0.0011280593295401196 -0.0026866772991370213 -0.0037091561121442651 0.0097597627446200201 -0.0030222451749251072 0.0081726424198275936 -0.0026866772991370213 -0.0026866772991370213 -0.0078226690177243246 0.025570661902636849 -0.00075898282368513687 0.13282213544257146 0.021614021400241389 -0.016501347506513119 -0.0035919850356663664 0.063736071641245354 0.022352930679610934 -0.00017814062302256445 -0.010699445774037544 0.00046596474335514445 -0.0025510903953605826 0.034121101477926657 0.0065094126600712277 0.00091478930915666874 0.15613041801565419 0.057247024006921901 0.056021860128820634 0.28645373559749393 -0.00029643796636578284
leaf_weight=993 36459 5180 5748 906 78 1007 834 515 3577 1609 420 884 25 28 45 162 55 75 3755 204 2767 1971 1320 2806 438 43 145 47 25 2196
leaf_count=993 36459 5180 5748 906 78 1007 834 515 3577 1609 420 884 25 28 45 162 55 75 3755 204 2767 1971 1320 2806 438 43 145 47 25 2196
internal_value=-0.00303679 -0.00124254 -0.00299215 -0.000726497 -0.00369306 -0.00274336 -0.00324683 -0.0012331 -0.00388234 0.000234823 0.000497295 0.000467979 0.00528369 0.0119811 -0.00209822 0.000637981 0.0055 -0.0014135 -0.000507085 0.00034682 0.000879703 0.00120929 0.00104856 0.00157131 0.00269231 0.00341772 0.00313272 0.00675115 0.0130556 0.000409218
internal_weight=74317 37858 17332 4095 13237 7489 6474 1553 4921 20526 15162 1015 131 53 1344 337 100 237 5364 1038 9982 7215 6795 4824 2018 1580 1537 217 72 3189
internal_count=74317 37858 17332 4095 13237 7489 6474 1553 4921 20526 15162 1015 131 53 1344 337 100 237 5364 1038 9982 7215 6795 4824 2018 1580 1537 217 72 3189
cat_boundaries=0 1 2 3 4 5 6
cat_threshold=1 7879680 327720 4887112 1 98680
is_linear=0
shrinkage=0.05


Tree=58
num_leaves=31
num_cat=7
split_feature=15 18 2 7 19 7 2 0 6 4 0 19 7 13 4 9 7 13 0 9 4 19 4 20 19 19 0 7 19 19
split_gain=98.0328 38.4601 10.8921 3.67837 1.74138 1.87686 1.71209 1.6009 1.43269 1.35491 1.35126 1.32581 1.24067 1.18142 1.32866 1.78235 1.40255 1.11216 1.08907 1.07428 1.47991 1.53708 1.27767 1.06112 1.04273 0.975209 1.55979 1.43512 1.05446 0.967111
threshold=1.0000000180025095e-35 1.0000000180025095e-35 0 25.69999980926514 1.0036008358001711 32.500000000000007 1 2 3 4.5000000000000009 4 0.40771512687206274 23.69999980926514 1.0425724387168886 4.5000000000000009 1.0000000180025095e-35 25.10000038146973 1.0612499713897707 5 1.0000000180025095e-35 1.5000000000000002 0.82505044341087352 1.0000000180025095e-35 9.5000000000000018 0.99980619549751293 0.70690947771072399 6 29.10000038146973 0.66937628388404857 0.73515841364860546
decision_type=2 2 1 2 2 2 1 1 1 2 1 2 2 2 2 2 2 2 1 2 2 2 2 2 2 2 1 2 2 2
left_child=1 2 3 8 5 24 7 13 10 18 -1 -9 -12 14 19 -16 -17 -14 -8 22 21 29 -3 -6 -4 26 27 28 -13 -21
right_child=-2 6 4 -5 23 -7 9 11 -10 -11 12 25 17 -15 15 16 -18 -19 -20 20 -22 -23 -24 -25 -26 -27 -28 -29 -30 -31
leaf_value=-0.0035295060147329835 -0.0025523434341801704 0.10732752464262259 -0.0025523434341801704 0.00074624207776079979 -0.0025523434341801704 -0.0025523434341801704 -0.0088414796494260088 -0.013913120147579615 -0.0034512481504133958 -0.012383440297872635 -0.0035283684620157894 -0.0091973136030213173 0.0021280295443073826 -0.0041353797181761494 0.012464473140991906 0.004802548146136067 0.16478176738321579 0.005615200290628986 0.0062698860633381721 0.017825657834559652 -0.0080928406381623203 0.01666403182899279 0.018154537795132375 -0.0025523434341801704 -0.0025523434341801704 0.00041983335864453149 0.0024501575714137289 0.059792402311126938 0.029240236895212164 0.10317335938165961
leaf_weight=331 36426 44 4894 2745 2832 501 2271 159 525 1095 260 81 210 766 284 67 180 39 2343 49 832 695 986 1244 3768 10013 435 149 23 91
leaf_count=331 36426 44 4894 2745 2832 501 2271 159 525 1095 260 81 210 766 284 67 180 39 2343 49 832 695 986 1244 3768 10013 435 149 23 91
internal_value=-0.00304878 -0.00126899 -0.00300277 -0.000754259 -0.00370081 -0.00408327 0.000193793 0.000476638 -0.00287546 -0.000542128 -0.00152941 0.000160992 0.000105972 0.00133117 0.00175341 0.00403955 0.00714575 0.00263052 -0.000166885 0.0013033 0.000518895 0.00200599 0.00257281 -0.00284102 -0.00425537 0.000228482 0.00204942 0.00507604 0.00076923 0.00678571
internal_weight=74338 37912 17349 4110 13239 9163 20563 14854 1365 5709 840 10860 509 3994 3228 531 247 249 4614 2697 1667 835 1030 4076 8662 10701 688 253 104 140
internal_count=74338 37912 17349 4110 13239 9163 20563 14854 1365 5709 840 10860 509 3994 3228 531 247 249 4614 2697 1667 835 1030 4076 8662 10701 688 253 104 140
cat_boundaries=0 1 2 3 4 5 6 7
cat_threshold=1 1 491672 28 4276807 7581936 5261380
is_linear=0
shrinkage=0.05


Tree=59
num_leaves=31
num_cat=8
split_feature=15 2 16 17 7 6 19 19 20 0 7 19 4 9 7 0 0 4 0 21 7 13 0 20 20 19 0 7 21 19
split_gain=98.5664 31.4972 5.16428 4.13812 3.77728 2.87486 2.68647 3.65185 2.19457 2.10043 2.66572 2.07213 1.93738 5.86883 3.5482 3.29698 1.88377 1.86594 1.84119 1.79008 1.56339 1.65285 1.5355 1.82203 1.47417 1.4026 2.36461 1.25494 1.28861 1.24475
threshold=1.0000000180025095e-35 0 1.0000000180025095e-35 1.0000000180025095e-35 25.69999980926514 1 1.0036008358001711 0.99980619549751293 10.500000000000002 2 23.69999980926514 0.40771512687206274 4.5000000000000009 1.0000000180025095e-35 26.400000572204593 3 4 4.5000000000000009 5 4.385711908340455 32.500000000000007 1.0222331881523135 6 14.500000000000002 8.5000000000000018 0.93607437610626232 7 28.10000038146973 4.3619239330291757 1.54505330324173
decision_type=2 1 2 2 2 1 2 2 2 1 2 2 2 2 2 1 1 2 1 2 2 2 1 2 2 2 1 2 2 2
left_child=1 4 3 6 5 9 7 -3 -8 10 -1 -6 18 15 24 27 29 19 20 22 -13 -22 23 -10 -15 -4 -27 -14 -29 -16
right_child=-2 2 25 -5 11 -7 8 -9 17 -11 -12 12 13 14 16 -17 -18 -19 -20 -21 21 -23 -24 -25 -26 26 -28 28 -30 -31
leaf_value=-0.003354649133563101 -0.0024247262624711619 -0.0024247262624711619 -0.012339879715071543 -0.0017564698277398639 -0.013215310899463774 -0.003278685742892726 -0.0024247262624711619 -0.0024247262624711619 0.028770534369246488 -0.003356819942080415 0.02307820031005944 0.0040911720551404986 -0.0011109863886066289 0.083573146791986297 0.094019780240364476 -0.0088389008133777976 0.020411676648770846 -0.0025585046722975623 -0.00064706231493866229 -0.0025585046722975623 0.069829677257610592 -0.0072918683360113897 -8.1449837822679641e-05 0.066041386446054437 0.2233153989550262 0.034184955317188882 -0.0030576056244066806 0.008915838124460276 0.043625472960721216 0.025495335062512267
leaf_weight=455 36452 7095 543 1290 206 515 3813 3828 185 970 582 6058 261 21 250 1031 521 348 7107 566 275 122 383 62 23 338 419 157 281 99
leaf_count=455 36452 7095 543 1290 206 515 3813 3828 185 970 582 6058 261 21 250 1031 521 348 7107 566 275 122 383 62 23 338 419 157 281 99
internal_value=-0.00303787 -0.00124908 -0.00269475 -0.00291975 0.000191717 -0.00160983 -0.00313575 -0.00358555 -0.00221859 -0.000736243 0.000826169 0.000468558 0.000531901 0.00177004 0.00501094 5.78023e-05 0.00431034 -0.00062824 0.000290516 0.000309363 0.000901004 0.00394206 0.00214286 0.00511673 0.0188636 0.000346153 0.00173712 0.00268688 0.00436073 0.00711699
internal_weight=74256 37804 18870 17570 18934 2522 16280 10923 5357 2007 1037 16412 16206 2644 914 1730 870 1544 13562 1196 6455 397 630 247 44 1300 757 699 438 349
internal_count=74256 37804 18870 17570 18934 2522 16280 10923 5357 2007 1037 16412 16206 2644 914 1730 870 1544 13562 1196 6455 397 630 247 44 1300 757 699 438 349
cat_boundaries=0 1 2 3 4 5 6 7 8
cat_threshold=1 28 3389530 1257555 1349752 837405 5258309 4547729
is_linear=0
shrinkage=0.05


Tree=60
num_leaves=31
num_cat=6
split_feature=15 18 2 7 19 19 6 0 19 0 7 0 4 21 21 21 4 21 21 7 21 2 18 19 19 7 19 4 17 19
split_gain=95.3755 40.5848 9.38595 2.79349 1.65745 1.40973 1.39061 1.2963 1.29352 1.19322 1.24609 1.21622 1.0741 1.96606 1.61503 1.25024 1.22726 1.85231 1.32906 2.80244 1.69253 1.53185 1.72391 1.20149 1.10626 1.03065 0.969891 1.13704 0.973452 1.11278
threshold=1.0000000180025095e-35 1.0000000180025095e-35 0 25.69999980926514 1.0105390548706057 0.99980619549751293 1 2 0.54324871301651012 3 23.69999980926514 4 3.5000000000000004 4.388714313507081 4.3570151329040536 4.3892569541931161 1.5000000000000002 4.3751013278961191 4.4052653312683114 30.10000038146973 4.4012749195098886 5 0.5000000149011613 1.0648030042648318 1.0281906723976137 26.10000038146973 1.0450130701065066 2.5000000000000004 1.0000000180025095e-35 0.7772643268108369
decision_type=2 2 1 2 2 2 1 1 2 1 2 1 2 2 2 2 2 2 2 2 2 1 2 2 2 2 2 2 2 2
left_child=1 2 3 6 5 -4 9 12 -9 -1 -11 -12 16 14 -14 -15 17 -3 19 25 21 22 -21 26 -24 -19 28 -28 -18 -30
right_child=-2 7 4 -5 -6 -7 -8 8 -10 10 11 -13 13 15 -16 -17 23 18 -20 20 -22 -23 24 -25 -26 -27 27 -29 29 -31
leaf_value=-0.003185298257318179 -0.0023034899493476037 -0.0039415565188274694 -0.0023034899493476037 -3.2075454222413317e-05 -0.0023034899493476037 -0.0023034899493476037 -0.0031147514557480897 -0.012048963563120733 5.8481556425798379e-05 -0.0031922393982502639 -0.0003185360240208102 0.039105274994040151 0.12163278608614032 0.11459315611578567 0.010487736964492919 0.04172181102111272 -0.011580779795753565 -0.011350535444737768 0.0041483848055266998 0.19675747051363165 0.39525030889930585 -0.011994319412416564 0.0084741669998030737 -0.016148607902609077 0.078823419852021778 0.073572595403284688 -0.01430714584525012 0.045093484586557812 0.066231872283042739 0.0053904800316781944
leaf_weight=396 36449 760 5373 2747 3907 3933 510 427 13918 237 110 102 40 37 1870 109 777 177 474 27 38 41 50 731 22 328 39 53 32 555
leaf_count=396 36449 760 5373 2747 3907 3933 510 427 13918 237 110 102 40 37 1870 109 777 177 474 27 38 41 50 731 22 328 39 53 32 555
internal_value=-0.00306784 -0.00130883 -0.00309125 -0.00100195 -0.00373988 -0.00410273 -0.00285978 0.000196292 -6.44387e-05 -0.00154971 0.000228757 0.00301887 0.000802268 0.00173638 0.0013089 0.00732877 0.000336256 0.00125978 0.00251945 0.00393118 0.00932584 0.00678571 0.0101515 -0.000473252 0.00611111 0.0020297 0.000357142 0.00532609 2.19929e-05 0.00155877
internal_weight=74269 37820 17315 4102 13213 9306 1355 20505 14345 845 449 212 6160 2056 1910 146 4104 1917 1157 683 178 140 99 2187 72 505 1456 92 1364 587
internal_count=74269 37820 17315 4102 13213 9306 1355 20505 14345 845 449 212 6160 2056 1910 146 4104 1917 1157 683 178 140 99 2187 72 505 1456 92 1364 587
cat_boundaries=0 1 2 3 4 5 6
cat_threshold=1 28 360601 4276967 2758656 1
is_linear=0
shrinkage=0.05


Tree=61
num_leaves=31
num_cat=4
split_feature=15 18 3 3 3 3 4 3 7 3 21 0 13 0 7 0 16 7 0 3 4 21 21 21 7 3 19 21 21 13
split_gain=95.4519 38.148 4.42771 5.02915 1.93171 6.23597 1.59977 1.57298 1.9391 1.80517 1.58185 1.53266 1.33355 1.66746 1.49424 1.64966 1.69121 1.30987 1.22875 1.6657 1.20363 1.41959 1.18242 2.50947 1.88498 1.07593 1.50475 1.30259 1.44922 1.07061
threshold=1.0000000180025095e-35 1.0000000180025095e-35 44.500000000000007 57.500000000000007 73.500000000000014 82.500000000000014 5.5000000000000009 61.500000000000007 31.500000000000004 58.500000000000007 4.3559122085571298 0 1.0334821343421938 1 32.100000381469734 2 1.0000000180025095e-35 24.500000000000004 3 46.500000000000007 1.0000000180025095e-35 4.3858921527862558 4.3694157600402841 4.3714139461517343 32.899999618530281 76.500000000000014 0.91769307851791393 4.3596270084381112 4.3740921020507821 0.91287881135940563
decision_type=2 2 2 2 2 2 2 2 2 2 2 1 2 1 2 1 2 2 1 2 2 2 2 2 2 2 2 2 2 2
left_child=1 2 -1 18 7 6 11 8 -5 -10 -11 -6 13 14 25 16 -16 -13 19 -4 21 -17 -12 -24 -25 27 29 -3 -29 -27
right_child=-2 12 3 4 5 -7 -8 -9 9 10 22 17 -14 -15 15 20 -18 -19 -20 -21 -22 -23 23 24 -26 26 -28 28 -30 -31
leaf_value=-0.0021883154518802235 -0.0021883154518802235 0.023097727689668404 -0.004290813798660551 -0.0025071049338789043 -0.0021168572107456854 -0.0021883154518802235 -0.017226993784171234 -0.0021883154518802235 -0.0030483578015831009 0.069249558176525103 -0.0069541844179859778 0.10048578344355041 -0.0023825698075911495 -0.00041369130782623612 0.062593897971268034 0.17420422244234304 0.16695705941184971 0.016287236702674582 -0.00051529872143312664 0.035609332522080935 0.013718529900532232 0.01956511774298977 0.059941587191201601 -0.0068834261797752361 0.074067781301092872 -0.067740471733767266 0.014297555482056202 -0.0080509938962800027 0.0080397499996683504 0.060084771424490549
leaf_weight=6973 36335 272 100 611 735 1651 132 4227 178 23 80 32 5685 7388 95 44 35 758 1306 122 598 156 60 248 38 23 530 1586 3917 122
leaf_count=6973 36335 272 100 611 735 1651 132 4227 178 23 80 32 5685 7388 95 44 35 758 1306 122 598 156 60 248 38 23 530 1586 3917 122
internal_value=-0.00306913 -0.00130749 -0.00303751 -0.0023789 -0.00283996 -0.00188634 0.000280626 -0.0034172 -0.00184976 0.000103667 0.00179287 0.000737704 0.000153781 0.000404306 0.000935299 0.0028125 0.00785714 0.00225 0.000268323 0.00362069 0.00186881 0.00525 0.00110329 0.00236994 0.000419579 0.000666665 0.00255555 0.000445886 0.000278938 0.00706896
internal_weight=74060 37725 17274 10301 8773 3308 1657 5465 1238 627 449 1525 20451 14766 7378 928 130 790 1528 222 798 200 426 346 286 6450 675 5775 5503 145
internal_count=74060 37725 17274 10301 8773 3308 1657 5465 1238 627 449 1525 20451 14766 7378 928 130 790 1528 222 798 200 426 346 286 6450 675 5775 5503 145
cat_boundaries=0 1 2 3 4
cat_threshold=5460322 1016541 32772 262684
is_linear=0
shrinkage=0.05


Tree=62
num_leaves=31
num_cat=6
split_feature=15 18 2 3 3 3 3 3 3 7 9 4 21 7 4 7 3 0 13 0 3 21 0 21 4 21 0 13 0 13
split_gain=96.3603 37.6029 10.3596 7.32351 6.4192 4.4671 4.32213 3.55307 1.87995 2.08381 1.80097 1.78253 1.57316 1.63747 1.39688 1.19449 2.53968 1.15906 1.06638 1.03269 1.11522 0.958886 1.26859 1.25714 1.23693 0.998473 0.954872 1.05317 0.929787 0.922025
threshold=1.0000000180025095e-35 1.0000000180025095e-35 0 82.500000000000014 44.500000000000007 57.500000000000007 73.500000000000014 84.500000000000014 61.500000000000007 31.500000000000004 1.0000000180025095e-35 3.5000000000000004 4.4012749195098886 31.899999618530277 5.5000000000000009 32.899999618530281 58.500000000000007 1 0.95383521914482128 2 74.500000000000014 4.3727951049804696 3 4.3845276832580575 2.5000000000000004 4.3832442760467538 4 0.89433810114860546 5 1.0444663763046267
decision_type=2 2 1 2 2 2 2 2 2 2 2 2 2 2 2 2 2 1 2 1 2 2 1 2 2 2 1 2 1 2
left_child=1 2 3 21 -4 26 8 14 9 -7 11 18 -12 -14 19 -15 -17 -3 -11 -8 -21 28 23 24 -23 -26 27 -6 -1 -22
right_child=-2 17 4 -5 5 6 7 -9 -10 10 12 -13 13 15 -16 16 -18 -19 -20 20 29 22 -24 -25 25 -27 -28 -29 -30 -31
leaf_value=-0.0063173952347433939 -0.0020788996792862123 0.0058050298426009428 -0.0020788996792862123 -0.0029154207701628382 0.088154260452559974 -0.0023817496871849594 -0.0045306762675408462 -0.0020788996792862123 -0.0020788996792862123 0.068082100040224011 -0.0028959399115039458 -0.0031612485142963075 0.043718764376183654 -0.0031612485142963075 -0.01545959287638673 -0.0029491915526283731 0.070955606391343393 -0.00034762566450431497 0.023907655965946743 -0.0051189919194484963 0.028178742678152187 0.052004543852571 0.00037662633546285213 0.0020670398740551231 0.018398932198181447 0.049101469201495121 0.016263049009405416 -0.0025149120197706818 0.00011552778347858129 -0.00055020467048252561
leaf_weight=378 36392 6227 5777 921 20 548 254 505 3542 37 211 43 29 107 97 24 21 14286 105 128 417 77 1557 252 102 31 585 642 759 137
leaf_count=378 36392 6227 5777 921 20 548 254 505 3542 37 211 43 29 107 97 24 21 14286 105 128 417 77 1557 252 102 31 585 642 759 137
internal_value=-0.00306026 -0.00129287 -0.00300936 -0.000805741 -0.00368849 -0.00271873 -0.00326753 -0.000968792 -0.00402507 -0.00224445 -0.000147315 0.00391892 -0.00206633 0.00135359 0.000711519 -0.000723685 0.00611111 0.000155266 0.00661972 0.00130342 0.00229769 0.000339036 0.000993065 0.00326271 0.00619047 0.00327068 1.20277e-05 -0.00127976 -0.000822341 0.00330325
internal_weight=74211 37819 17306 4077 13229 7452 6205 1538 4667 1125 577 185 392 181 1033 152 45 20513 142 936 682 3156 2019 462 210 133 1247 662 1137 554
internal_count=74211 37819 17306 4077 13229 7452 6205 1538 4667 1125 577 185 392 181 1033 152 45 20513 142 936 682 3156 2019 462 210 133 1247 662 1137 554
cat_boundaries=0 1 2 3 4 5 6
cat_threshold=1 409757 1194048 2917633 6864643 6816163
is_linear=0
shrinkage=0.05


Tree=63
num_leaves=31
num_cat=4
split_feature=15 18 2 3 3 3 3 3 3 7 9 4 0 21 19 7 19 4 3 3 0 4 21 21 0 3 20 20 3 3
split_gain=93.6255 38.5264 9.30927 6.86535 5.9707 4.29399 3.96591 3.0055 1.86917 2.08028 1.80826 1.97969 1.55887 1.52697 1.34149 1.8836 1.23117 1.18964 1.13354 1.78236 1.30751 1.2201 1.64588 1.47865 1.42507 1.28102 1.13501 1.09247 1.07085 1.06036
threshold=1.0000000180025095e-35 1.0000000180025095e-35 0 82.500000000000014 44.500000000000007 57.500000000000007 73.500000000000014 84.500000000000014 61.500000000000007 31.500000000000004 1.0000000180025095e-35 3.5000000000000004 1 4.4012749195098886 0.86987626552581798 31.899999618530277 0.40771512687206274 5.5000000000000009 48.500000000000007 54.500000000000007 2 2.5000000000000004 4.3877525329589853 4.4044318199157724 3 67.500000000000014 14.500000000000002 9.5000000000000018 57.500000000000007 65.500000000000014
decision_type=2 2 1 2 2 2 2 2 2 2 2 2 1 2 2 2 2 2 2 2 1 2 2 2 1 2 2 2 2 2
left_child=1 2 3 -1 -4 -6 8 17 9 -7 11 -11 -3 -12 27 -16 -14 -8 -18 20 -20 23 29 24 -21 -24 -27 -15 -26 -23
right_child=-2 12 4 -5 5 6 7 -9 -10 10 13 -13 16 14 15 -17 18 -19 19 21 -22 22 25 -25 28 26 -28 -29 -30 -31
leaf_value=0.00013498117763442705 -0.0019749546953219013 0.011387709827186527 -0.0019749546953219013 -0.0027695336400450181 -0.00026351824931268862 -0.0022626622028257114 0.0042071007550646073 -0.0019749546953219013 -0.0019749546953219013 0.025447402652473014 -0.0027511429159287485 -0.0030031860885814925 -0.011406956271619785 0.067618135289872122 0.031532859535975545 -0.0030031860885814925 -0.0016588936939377812 -0.013796653878598769 0.0027745948574525213 -0.0051978674357911064 0.016612549424640279 -0.0022863891104729956 -0.003494056722977867 -0.0069473816398677689 -0.0080210526473950862 0.02463728812406733 0.072807681799800905 0.0079496521486715419 0.015906578078733198 -0.01897288207189227
leaf_weight=3183 36427 3645 5722 927 1250 560 940 521 3587 139 212 47 247 20 30 112 5991 92 1726 784 1706 1417 183 1133 305 128 24 23 1617 1595
leaf_count=3183 36427 3645 5722 927 1250 560 940 521 3587 139 212 47 247 20 30 112 5991 92 1726 784 1706 1417 183 1133 305 128 24 23 1617 1595
internal_value=-0.00308461 -0.00134369 -0.00307659 -0.000997568 -0.00372124 -0.00279636 -0.00332883 -0.00113651 -0.00404863 -0.00228784 -0.000197257 0.00387097 0.000124139 -0.00210328 0.00121622 -0.00112676 -7.88581e-05 0.000426355 -2.67939e-05 0.00028348 0.00122086 -0.000164209 -0.000861967 0.000444125 0.00107908 0.00246269 0.00585526 0.00895349 0.00180642 -0.00123174
internal_weight=74293 37866 17365 4110 13255 7533 6283 1553 4730 1143 583 186 20501 397 185 142 16856 1032 16609 10618 3432 7186 3347 3839 2706 335 152 43 1922 3012
internal_count=74293 37866 17365 4110 13255 7533 6283 1553 4730 1143 583 186 20501 397 185 142 16856 1032 16609 10618 3432 7186 3347 3839 2706 335 152 43 1922 3012
cat_boundaries=0 1 2 3 4
cat_threshold=1 262297 3365376 5845024
is_linear=0
shrinkage=0.05


Tree=64
num_leaves=31
num_cat=4
split_feature=15 18 2 3 3 3 3 3 3 4 19 2 3 3 4 0 9 3 3 17 21 13 19 16 6 9 3 21 3 19
split_gain=93.21 39.2076 9.01125 6.75792 5.76959 4.7547 3.26585 2.86763 2.04089 1.42336 1.25839 1.28682 1.67101 1.62631 2.61747 4.26903 2.84595 2.16899 1.31073 1.26663 1.94024 1.72968 2.85714 1.17949 1.17519 1.5591 1.53835 1.44723 1.15494 1.14055
threshold=1.0000000180025095e-35 1.0000000180025095e-35 0 82.500000000000014 44.500000000000007 56.500000000000007 73.500000000000014 84.500000000000014 61.500000000000007 4.5000000000000009 0.40771512687206274 1 47.500000000000007 39.500000000000007 4.5000000000000009 2 1.0000000180025095e-35 58.500000000000007 49.500000000000007 1.0000000180025095e-35 4.3837578296661386 1.0204166769981386 1.4860084652900698 1.5000000000000002 3 1.0000000180025095e-35 59.500000000000007 4.4095332622528085 79.500000000000014 0.89279508590698253
decision_type=2 2 1 2 2 2 2 2 2 2 2 1 2 2 2 1 2 2 2 2 2 2 2 2 1 2 2 2 2 2
left_child=1 2 3 -1 -4 -6 8 9 24 -8 -3 13 -13 -12 18 17 23 -16 -15 20 -18 22 -22 -17 25 26 -7 -27 -20 -29
right_child=-2 10 4 -5 5 6 7 -9 -10 -11 11 12 -14 14 15 16 19 -19 28 -21 21 -23 -24 -25 -26 27 -28 29 -30 -31
leaf_value=6.6287853381782324e-05 -0.0018762069605558066 -0.010847471556766627 -0.0018762069605558066 -0.0026307372186550864 0.00072069809082979429 -0.017627587189729354 0.0072719766958926658 -0.0018762069605558066 -0.0018762069605558066 -0.010993749065328112 -0.0014269161254121057 -0.018612274242466802 -0.0012533229732875236 -0.0022985162271932781 0.019796090526878533 0.031603127309139466 0.042912854692624888 -0.012432849729821451 0.0079819902545055482 0.038434005049582269 0.20220199316337531 0.036547333154216814 0.098285091530225258 -0.024661155986134026 -0.002149529092684426 -0.0026135857701323111 0.051928345691246304 0.041074621822635514 -0.037544451421818656 -0.01126671131682281
leaf_weight=3172 36385 250 5748 938 1033 41 823 525 3584 204 2513 779 4793 3207 794 429 63 596 6481 189 35 24 28 86 1026 164 51 48 189 23
leaf_count=3172 36385 250 5748 938 1033 41 823 525 3584 204 2513 779 4793 3207 794 429 63 596 6481 189 35 24 28 86 1026 164 51 48 189 23
internal_value=-0.00309555 -0.00135797 -0.00310414 -0.0010584 -0.00373776 -0.00282638 -0.00332794 -0.00132732 -0.00395686 0.000209346 0.000125634 0.000169255 -0.000477388 0.00041547 0.000655473 0.00219697 0.0049537 0.000464285 0.000305253 0.00856932 0.012 0.0168391 0.0211905 0.0026699 -0.00230229 0.000341245 0.00586956 -0.00180851 0.000704646 0.00415493
internal_weight=74221 37836 17380 4110 13270 7522 6489 1552 4937 1027 20456 20206 5572 14634 12121 2244 854 1390 9877 339 150 87 63 515 1353 327 92 235 6670 71
internal_count=74221 37836 17380 4110 13270 7522 6489 1552 4937 1027 20456 20206 5572 14634 12121 2244 854 1390 9877 339 150 87 63 515 1353 327 92 235 6670 71
cat_boundaries=0 1 2 3 4
cat_threshold=1 1 6868741 1
is_linear=0
shrinkage=0.05


Tree=65
num_leaves=31
num_cat=7
split_feature=15 18 2 3 3 3 3 3 3 0 19 0 3 4 6 13 0 7 0 16 19 4 13 19 20 3 6 4 4 19
split_gain=91.6326 37.2389 9.28001 6.86906 5.88574 4.6482 4.09619 3.12421 1.56978 1.50238 1.34767 1.27235 1.49983 1.22247 1.19672 1.04837 1.07349 1.15571 1.53088 1.79238 1.01669 1.32523 1.15009 1.00051 1.73691 1.13751 0.994094 1.28552 0.984914 1.2507
threshold=1.0000000180025095e-35 1.0000000180025095e-35 0 82.500000000000014 44.500000000000007 57.500000000000007 73.500000000000014 84.500000000000014 65.500000000000014 1 0.40771512687206274 2 48.500000000000007 5.5000000000000009 3 1.0204166769981386 4 32.100000381469734 5 1.0000000180025095e-35 1.1828637123107912 1.5000000000000002 0.99137932062149059 1.1202971339225771 4.5000000000000009 46.500000000000007 6 5.5000000000000009 1.5000000000000002 1.0471165180206301
decision_type=2 2 1 2 2 2 2 2 2 1 2 1 2 2 1 2 1 2 1 2 2 2 2 2 2 2 1 2 2 2
left_child=1 2 3 11 -4 9 8 13 -7 23 -3 12 -1 -8 -11 16 -12 26 19 20 21 22 -19 24 -6 -25 27 28 29 -18
right_child=-2 10 4 -5 5 6 7 -9 -10 14 15 -13 -14 -15 -16 -17 17 18 -20 -21 -22 -23 -24 25 -26 -27 -28 -29 -30 -31
leaf_value=-0.0046774309257735956 -0.0017823966125280163 -0.01057788659364085 -0.0017823966125280163 -0.0024993459830571123 0.15323325314245922 -0.0017823966125280163 0.0069054866777195426 -0.0017823966125280163 -0.0017823966125280163 0.010091703200808629 -0.00056298070116315773 -0.00037592280045921312 0.031523837945762655 -0.013430005712173393 -0.0029459155862702792 -0.0017602411147966133 0.026068920082977773 0.344877058583206 0.015750881336697622 0.17125854327761497 0.067211104110718747 -0.023454170142615565 0.0024660863204582738 0.068154718040322068 -0.011641469083502829 0.13518522369184877 0.0037507302350463251 0.075974876880967948 0.0027030156710547157 0.094214186176639458
leaf_weight=193 36377 234 5744 932 28 2331 945 516 2392 451 5638 2587 388 94 648 7156 303 39 672 38 40 76 36 23 76 20 5674 46 471 92
leaf_count=193 36377 234 5744 932 28 2331 945 516 2392 451 5638 2587 388 94 648 7156 303 39 672 38 40 76 36 23 76 20 5674 46 471 92
internal_value=-0.00310867 -0.00138756 -0.00309132 -0.0010122 -0.0037338 -0.00281366 -0.00336732 -0.00114148 -0.00410015 -2.40782e-05 5.48367e-05 9.78523e-05 0.0021912 0.00043792 -0.000671778 9.83667e-05 0.000363808 0.000755634 0.00243618 0.00587866 0.0041623 0.00228477 0.007 0.00455414 0.00221154 0.0112791 0.000526874 0.00204989 0.00163972 0.00348101
internal_weight=74260 37883 17368 4100 13268 7524 6278 1555 4723 1246 20515 3168 581 1039 1099 20281 13125 7487 901 229 191 151 75 147 104 43 6586 912 866 395
internal_count=74260 37883 17368 4100 13268 7524 6278 1555 4723 1246 20515 3168 581 1039 1099 20281 13125 7487 901 229 191 151 75 147 104 43 6586 912 866 395
cat_boundaries=0 1 2 3 4 5 6 7
cat_threshold=1 262200 819477 28 7896320 32868 8
is_linear=0
shrinkage=0.05


Tree=66
num_leaves=31
num_cat=5
split_feature=15 18 2 3 3 3 3 3 3 13 4 0 7 21 13 7 2 21 21 19 0 4 4 18 3 9 4 21 7 0
split_gain=91.1972 36.7627 9.35813 7.02527 5.90349 4.15481 4.1548 3.03544 1.66041 1.1254 1.1226 1.01706 1.34261 1.18791 1.22314 1.15238 0.997899 1.38891 2.8563 0.943201 1.10692 1.35238 1.26017 0.895577 0.90094 0.891431 1.80511 1.47292 1.54677 0.957777
threshold=1.0000000180025095e-35 1.0000000180025095e-35 0 82.500000000000014 44.500000000000007 57.500000000000007 73.500000000000014 84.500000000000014 65.500000000000014 1.0204166769981386 5.5000000000000009 1 32.100000381469734 4.3561294078826913 0.97095960378646862 30.500000000000004 2 4.3883564472198495 4.3759601116180429 0.93499818444252025 3 3.5000000000000004 2.5000000000000004 1.7857142686843874 53.500000000000007 1.0000000180025095e-35 1.0000000180025095e-35 4.3822677135467538 28.69999980926514 4
decision_type=2 2 1 2 2 2 2 2 2 2 2 1 2 2 2 2 1 2 2 2 1 2 2 2 2 2 2 2 2 1
left_child=1 2 3 -1 -4 25 8 10 -7 11 19 12 13 14 -3 -16 17 18 -14 -8 21 22 -21 24 -20 26 -6 -28 -29 -27
right_child=-2 9 4 -5 5 6 7 -9 -10 -11 -12 -13 16 -15 15 -17 -18 -19 23 20 -22 -23 -24 -25 -26 29 27 28 -30 -31
leaf_value=9.5181879114870373e-05 -0.0016932767819016156 0.0076081341276139349 -0.0016932767819016156 -0.002374233058569476 0.13319099838617715 -0.0016932767819016156 -0.0029288643494011111 -0.0016932767819016156 -0.0016932767819016156 -0.0020718108035827978 -0.011584813402758387 -0.00041780926133613399 0.04513263111510437 0.0048953415453006294 0.0054147531315762078 0.1496564277049334 0.009922729180662988 0.0091074424243107049 0.10943346566608576 0.027931418656751934 0.010141527984304993 -0.0064225613332652828 0.071872317321355905 0.004879055605256432 0.11916203892732989 0.014819818242608569 -0.0018846267519044353 -0.0035943402364062558 0.058594453064695573 -0.0032128045547642294
leaf_weight=3175 36434 47 5718 947 22 2281 362 512 2394 7221 85 7022 199 5340 20 28 286 177 38 61 448 38 24 25 36 234 391 43 48 505
leaf_count=3175 36434 47 5718 947 22 2281 362 512 2394 7221 85 7022 199 5340 20 28 286 177 38 61 448 38 24 25 36 234 391 43 48 505
internal_value=-0.00311424 -0.00139118 -0.00308827 -0.00100922 -0.00373918 -0.00281149 -0.00334005 -0.00107843 -0.00408022 4.42769e-05 0.000500981 0.000318504 0.000784723 0.000510578 0.00605263 0.0116667 0.00275296 0.00415789 0.00624161 0.00100214 0.00226795 0.00627819 0.0102941 0.0131818 0.0159459 -0.00017297 0.00144841 0.000809127 0.00653846 -0.00127876
internal_weight=74161 37727 17288 4122 13166 7448 6205 1530 4675 20439 1018 13218 6196 5435 95 48 761 475 298 933 571 123 85 99 74 1243 504 482 91 739
internal_count=74161 37727 17288 4122 13166 7448 6205 1530 4675 20439 1018 13218 6196 5435 95 48 761 475 298 933 571 123 85 99 74 1243 504 482 91 739
cat_boundaries=0 1 2 3 4 5
cat_threshold=1 426750 1 6327808 6357116
is_linear=0
shrinkage=0.05


Tree=67
num_leaves=31
num_cat=8
split_feature=15 18 2 3 3 3 3 3 3 4 3 21 19 3 3 0 2 3 0 4 21 19 0 0 3 3 0 19 3 0
split_gain=91.8779 37.2898 9.67094 6.90884 5.66074 4.19604 3.47518 3.52928 1.72473 1.6279 1.27278 1.576 1.14688 1.07776 2.12944 1.42313 1.22688 1.98089 1.60015 1.62999 1.97986 1.78238 1.36507 1.25143 1.05548 1.02165 1.03577 1.01622 0.9597 1.14148
threshold=1.0000000180025095e-35 1.0000000180025095e-35 0 82.500000000000014 44.500000000000007 57.500000000000007 74.500000000000014 80.500000000000014 65.500000000000014 3.5000000000000004 77.500000000000014 4.3838512897491464 0.40771512687206274 48.500000000000007 53.500000000000007 1 2 75.500000000000014 3 2.5000000000000004 4.3688275814056405 0.85873425006866466 4 5 78.500000000000014 85.500000000000014 6 0.93499818444252025 78.500000000000014 7
decision_type=2 2 1 2 2 2 2 2 2 2 2 2 2 2 2 1 1 2 1 2 2 2 1 1 2 2 1 2 2 1
left_child=1 2 3 28 -4 -6 8 9 -7 10 27 -12 -3 -14 15 -15 22 -18 -19 20 -20 -22 -16 -23 -24 26 -9 -8 -1 -30
right_child=-2 12 4 -5 5 6 7 25 -10 -11 11 -13 13 14 16 -17 17 18 19 -21 21 23 24 -25 -26 -27 -28 -29 29 -31
leaf_value=0.0010887252741930498 -0.0016086129428065348 -0.0099160534365508781 -0.0016086129428065348 -0.0022559572103865279 -0.00033231360663903657 -0.0016086129428065348 -0.013635233324823285 0.0054856624951122104 -0.0016086129428065348 -0.0047676049786054891 0.070503474990300172 0.029169175815649658 -0.0015863145930840119 0.0020838274257344073 -0.0067969970499866987 0.019047013021139411 -0.012971827864369515 -0.011641787542588258 0.07917972190938849 -0.0057371004818603461 0.027032996544073058 0.019020888895854581 0.0079039041424476784 -0.01013278534030343 -0.019447908208580833 -0.0016086129428065348 -0.0082745173297995925 0.037028764982909683 0.018151734402312696 -0.0089953070161850855
leaf_weight=2645 36388 243 5725 937 1218 2311 70 234 2599 163 67 60 7392 1428 1588 2150 1379 678 36 317 23 114 4774 149 309 365 288 106 119 387
leaf_count=2645 36388 243 5725 937 1218 2311 70 234 2599 163 67 60 7392 1428 1588 2150 1379 678 36 317 23 114 4774 149 309 365 288 106 119 387
internal_value=-0.00310132 -0.00137746 -0.00308893 -0.000963798 -0.00374678 -0.0028412 -0.00336341 -0.00111974 -0.00398167 0.00240343 0.00457096 0.00838583 6.07374e-05 0.000101538 0.000376592 0.0014142 -1.97514e-05 -0.000919882 0.000466969 0.00224191 0.00478261 0.00339161 0.000344025 0.00222433 0.000743176 -0.00297069 -0.00155173 0.00181818 0.000157092 -0.00183795
internal_weight=74262 37874 17294 4088 13206 7481 6263 1353 4910 466 303 127 20580 20337 12945 3578 9367 2696 1317 639 322 286 6671 263 5083 887 522 176 3151 506
internal_count=74262 37874 17294 4088 13206 7481 6263 1353 4910 466 303 127 20580 20337 12945 3578 9367 2696 1317 639 322 286 6671 263 5083 887 522 176 3151 506
cat_boundaries=0 1 2 3 4 5 6 7 8
cat_threshold=1 3234304 1 1287207 4993120 19008 2998670 565697
is_linear=0
shrinkage=0.05


Tree=68
num_leaves=31
num_cat=6
split_feature=15 18 2 3 3 3 3 3 2 3 4 0 21 21 21 7 4 0 20 3 0 7 4 20 3 3 3 3 0 4
split_gain=91.5315 38.6101 9.1749 6.6177 5.4409 5.27477 2.88553 3.04237 1.44825 1.40573 1.34248 1.22139 1.18026 1.59318 1.53433 1.88299 2.0283 1.30003 1.512 1.23295 1.14945 1.0421 1.29686 1.0734 1.08657 1.12505 1.10149 1.03966 1.03224 0.997371
threshold=1.0000000180025095e-35 1.0000000180025095e-35 0 82.500000000000014 44.500000000000007 57.500000000000007 74.500000000000014 84.500000000000014 1 65.500000000000014 4.5000000000000009 2 4.3757929801940927 4.3596270084381112 4.3962106704711923 31.500000000000004 4.5000000000000009 3 13.500000000000002 42.500000000000007 4 24.500000000000004 1.5000000000000002 7.5000000000000009 50.500000000000007 66.500000000000014 43.500000000000007 48.500000000000007 5 5.5000000000000009
decision_type=2 2 1 2 2 2 2 2 1 2 2 1 2 2 2 2 2 1 2 2 1 2 2 2 2 2 2 2 1 2
left_child=1 2 3 28 -4 -6 9 29 11 -7 20 12 13 17 15 21 -17 18 -3 -16 -10 -14 23 24 26 -26 -23 -12 -1 -8
right_child=-2 8 4 -5 5 6 7 -9 10 -11 27 -13 14 -15 19 16 -18 -19 -20 -21 -22 22 -24 -25 25 -27 -28 -29 -30 -31
leaf_value=0.0030685493698183975 -0.001528182295666208 0.025292297770372021 -0.001528182295666208 -0.002143877473629287 3.8174445995131645e-05 -0.001528182295666208 0.012071417802281957 -0.001528182295666208 0.003390978355291242 -0.001528182295666208 -0.033728733784825597 -0.00011980389745058324 -0.015383595832136743 -0.0045393376559467657 -0.014787114646224229 0.019036287533608628 0.2166187706196761 0.0043891831687764716 0.15107479870112281 0.011292611367657137 -0.008847060362133825 0.072879610130253222 0.020165414846841843 0.026253274285824208 0.13921166035243993 0.088893744314358369 -0.014643904675621967 -0.0046664677742304641 -0.00072831817804717893 -0.010767192483690194
leaf_weight=1243 36406 105 5727 947 1234 2318 762 501 2724 2564 277 8943 136 1756 440 123 69 247 20 1030 1872 22 1711 140 29 26 37 819 1930 77
leaf_count=1243 36406 105 5727 947 1234 2318 762 501 2724 2564 277 8943 136 1756 440 123 69 247 20 1030 1872 22 1711 140 29 26 37 819 1930 77
internal_value=-0.00311006 -0.00138769 -0.00312749 -0.00106796 -0.00377115 -0.0028809 -0.00347316 -0.00141791 7.89231e-05 -0.00403728 -0.000599088 0.000339085 0.000897304 -4.22944e-05 0.00143104 0.00223942 0.00697917 0.00293011 0.00685185 0.000170067 -0.000224109 0.00180628 0.00209924 0.00543307 0.00903509 0.0140909 0.00432203 -0.00217153 2.67873e-05 0.000423122
internal_weight=74235 37829 17303 4120 13183 7456 6222 1340 20526 4882 5692 14834 5891 2128 3763 2293 192 372 125 1470 4596 2101 1965 254 114 55 59 1096 3173 839
internal_count=74235 37829 17303 4120 13183 7456 6222 1340 20526 4882 5692 14834 5891 2128 3763 2293 192 372 125 1470 4596 2101 1965 254 114 55 59 1096 3173 839
cat_boundaries=0 1 2 3 4 5 6
cat_threshold=1 1 1409465 32912 7097871 968989
is_linear=0
shrinkage=0.05


Tree=69
num_leaves=31
num_cat=3
split_feature=15 18 2 3 3 3 3 3 3 19 4 13 19 13 19 6 3 19 3 12 3 3 21 21 3 19 21 2 3 3
split_gain=90.1037 38.789 9.37017 6.3994 5.17869 4.16925 2.94326 2.78903 1.53889 1.27755 1.03506 0.903428 1.03894 0.847583 0.918758 0.805309 1.10168 1.05927 2.23312 0.955238 1.1096 0.938222 1.73158 1.47412 2.06838 0.775641 2.32692 0.765455 1.30359 1.5473
threshold=1.0000000180025095e-35 1.0000000180025095e-35 0 81.500000000000014 44.500000000000007 57.500000000000007 74.500000000000014 84.500000000000014 65.500000000000014 0.40771512687206274 5.5000000000000009 0.95916664600372326 1.4597703218460085 0.90504807233810436 1.1033705472946169 1 61.500000000000007 1.1357936263084414 64.500000000000014 1.0000000180025095e-35 62.500000000000007 58.500000000000007 4.3559122085571298 4.404839515686036 60.500000000000007 0.88050314784049999 4.4076685905456552 2 48.500000000000007 52.500000000000007
decision_type=2 2 1 2 2 2 2 2 2 2 2 2 2 2 2 1 2 2 2 2 2 2 2 2 2 2 2 1 2 2
left_child=1 2 3 11 -4 13 8 10 15 -3 -8 12 -1 14 -6 16 21 -18 -19 -17 -21 -7 -23 -24 25 -25 -27 -11 -29 -30
right_child=-2 9 4 -5 5 6 7 -9 -10 27 -12 -13 -14 -15 -16 19 17 18 -20 20 -22 22 23 24 -26 26 -28 28 29 -31
leaf_value=0.0029779196513656883 -0.0014517731808828976 -0.0094249801296406414 -0.0014517731808828976 -0.002039902035068149 0.030098838075053359 -0.0021473782391872808 0.011557360593015551 -0.0014517731808828976 -0.0014517731808828976 0.0015162178603928154 -0.010232157812292838 -0.00040995133649119236 0.060096518819176062 -0.0016935738581136375 0.11364697989965906 -0.0014517731808828976 -0.0014517731808828976 -0.0014517731808828976 0.048548226819117107 -0.0014517731808828976 0.098498038241280894 0.060680985835611628 -0.0037001423512356721 0.085515633625535992 -0.0057697304204908494 0.055457831463552487 -0.010173986962697758 -0.011446194238997596 0.011908135464900035 -0.0038534933411348707
leaf_weight=883 36400 242 5728 1083 76 190 770 515 2565 14618 82 2064 33 1130 22 699 771 41 27 25 23 25 371 26 39 26 26 1170 1443 3001
leaf_count=883 36400 242 5728 1083 76 190 770 515 2565 14618 82 2064 33 1130 22 699 771 41 27 25 23 25 371 26 39 26 26 1170 1443 3001
internal_value=-0.00312654 -0.0014138 -0.00316125 -0.00106202 -0.00380853 -0.00293932 -0.00346488 -0.00141551 -0.00404203 5.76329e-05 0.000340374 0.000134227 0.00144105 -0.000276874 0.00418367 -0.00309961 -0.00239047 -0.00362932 0.00235294 -0.0044716 0.00229167 -0.000945947 0.000165691 -0.000491804 0.00440171 0.00910256 0.00557692 0.000100829 -0.000395441 -4.50164e-06
internal_weight=74114 37714 17240 4063 13177 7449 6221 1367 4854 20474 852 2980 916 1228 98 2289 1542 839 68 747 48 703 513 488 117 78 52 20232 5614 4444
internal_count=74114 37714 17240 4063 13177 7449 6221 1367 4854 20474 852 2980 916 1228 98 2289 1542 839 68 747 48 703 513 488 117 78 52 20232 5614 4444
cat_boundaries=0 1 2 3
cat_threshold=1 11 1
is_linear=0
shrinkage=0.05


Tree=70
num_leaves=31
num_cat=8
split_feature=15 18 2 3 3 3 3 3 3 4 19 6 0 4 0 13 19 0 19 19 0 13 21 21 13 19 2 4 7 0
split_gain=87.9585 36.9278 8.56617 6.21944 5.53614 4.85975 3.02253 2.5522 2.1131 1.11441 1.10815 1.04821 0.983869 0.974883 0.977068 1.46539 0.919812 1.03629 1.19239 1.28106 0.844028 1.15949 0.841223 1.50875 1.13805 0.949842 0.819697 1.22736 1.26644 1.98187
threshold=1.0000000180025095e-35 1.0000000180025095e-35 0 82.500000000000014 44.500000000000007 56.500000000000007 73.500000000000014 84.500000000000014 61.500000000000007 4.5000000000000009 0.40771512687206274 1 2 4.5000000000000009 3 0.90504807233810436 0.91189715266227733 4 1.0281906723976137 0.98011258244514476 5 1.0917508602142336 4.3713068962097177 4.3971109390258798 1.0204166769981386 0.95651358366012584 6 4.5000000000000009 28.899999618530277 7
decision_type=2 2 1 2 2 2 2 2 2 2 2 1 1 2 1 2 2 1 2 2 1 2 2 2 2 2 1 2 2 1
left_child=1 2 3 20 -4 13 8 9 11 16 -3 12 -7 14 -6 -16 -8 18 19 -18 -1 -22 -17 24 -24 -26 -12 28 29 -28
right_child=-2 10 4 -5 5 6 7 -9 -10 -11 26 -13 -14 -15 15 22 17 -19 -20 -21 21 -23 23 -25 25 -27 27 -29 -30 -31
leaf_value=-0.0015394132905015546 -0.0013791845218387526 -0.0088076818558120926 -0.0013791845218387526 -0.0019351672023795842 -0.0010934081381075683 0.021454265082913454 -0.0048475217673880702 -0.0013791845218387526 -0.0013791845218387526 -0.0075955662278388049 0.0013984059905893008 -0.0016388405473609412 -0.0019958638198263965 -0.008136861121459886 0.10428454454042693 -0.0068059229041337781 0.029111666610641518 -0.0004848681807573241 0.0093595950596346011 0.04960654702846147 0.0025784591498876569 -0.0080462001483985017 0.025912080238116336 -0.0026248696180199275 0.017926839645932013 0.053943391864719484 -0.0060590631799902119 -0.013512201299477097 -0.0062752190223960037 0.01725694584074414
leaf_weight=1104 36358 244 5714 931 383 205 279 523 3588 209 14639 869 254 204 34 84 79 335 121 29 1818 217 108 138 38 48 846 1006 2858 873
leaf_count=1104 36358 244 5714 931 383 205 279 523 3588 209 14639 869 254 204 34 84 79 335 121 29 1818 217 108 138 38 48 846 1006 2858 873
internal_value=-0.00313856 -0.00144899 -0.00314868 -0.00114251 -0.00376529 -0.0028746 -0.00338238 -0.00147619 -0.00399309 -5.70354e-05 -1.12393e-05 -0.00228916 -0.00030917 0.00030376 0.00106242 0.00260869 0.000753261 0.00191489 0.00441422 0.00842592 -7.80515e-05 0.000525671 0.00185096 0.00298193 0.00582474 0.0101163 2.9175e-05 -0.000486299 -0.000138738 0.000933681
internal_weight=74136 37778 17312 4070 13242 7528 6491 1575 4916 1052 20466 1328 459 1037 833 450 843 564 229 108 3139 2035 416 332 194 86 20222 5583 4577 1719
internal_count=74136 37778 17312 4070 13242 7528 6491 1575 4916 1052 20466 1328 459 1037 833 450 843 564 229 108 3139 2035 416 332 194 86 20222 5583 4577 1719
cat_boundaries=0 1 2 3 4 5 6 7 8
cat_threshold=1 9 2351127 3338498 4493188 5317154 1 111918
is_linear=0
shrinkage=0.05


Tree=71
num_leaves=31
num_cat=6
split_feature=15 18 2 3 3 3 3 3 3 19 3 0 19 13 21 2 3 3 3 6 13 21 0 21 9 3 0 21 21 21
split_gain=88.7675 38.3908 9.48601 6.57387 5.19181 4.00451 2.7759 2.26232 1.8752 1.21665 1.13997 1.22265 1.27457 1.04263 1.03068 1.01826 1.17379 1.03941 2.75116 1.70505 1.84255 2.06066 1.18323 1.38352 1.27016 1.09564 0.9831 1.07021 1.53656 1.11016
threshold=1.0000000180025095e-35 1.0000000180025095e-35 0 82.500000000000014 44.500000000000007 56.500000000000007 73.500000000000014 85.500000000000014 65.500000000000014 0.40771512687206274 46.500000000000007 1 0.98649892210960399 1.0917508602142336 4.3865480422973642 2 47.500000000000007 54.500000000000007 75.500000000000014 3 0.92365968227386486 4.3822104930877694 4 4.3706805706024179 1.0000000180025095e-35 79.500000000000014 5 4.3727951049804696 4.3688275814056405 4.3949902057647714
decision_type=2 2 1 2 2 2 2 2 2 2 2 1 2 2 2 1 2 2 2 1 2 2 1 2 2 2 1 2 2 2
left_child=1 2 3 -1 -4 10 8 -8 -7 -3 -6 12 -12 -13 -14 26 -17 22 -19 20 21 -20 24 -24 -18 -22 27 28 -11 -29
right_child=-2 9 4 -5 5 6 7 -9 -10 15 11 13 14 -15 -16 16 17 18 19 -21 25 -23 23 -25 -26 -27 -28 29 -30 -31
leaf_value=9.2094641038602412e-06 -0.001310225295746815 -0.0082721061908212542 -0.001310225295746815 -0.0018367907753684344 -0.010531528324933615 -0.001310225295746815 -0.0017047489341743506 -0.001310225295746815 -0.001310225295746815 0.0086267306232315974 0.019835506283716386 -0.0007753975656955459 0.08304766067771456 0.041638603728118652 0.085452157390412162 -0.012744411874219215 0.034403464903332757 -0.013459436422038343 0.11240731460040354 -0.0071896758614927933 0.025254174480353067 -0.035796247490391973 -0.014887667050627532 0.0057951449583782243 0.001631968543610906 -0.013338034630081257 -0.00026289819050697116 0.018779172518720633 -0.013071991593660926 0.0010260673795034862
leaf_weight=3154 36384 253 5728 942 488 2506 1179 367 2401 1022 58 417 21 27 23 806 360 1102 29 867 242 20 286 1243 467 141 7828 2962 1059 1793
leaf_count=3154 36384 253 5728 942 488 2506 1179 367 2401 1022 58 417 21 27 23 806 360 1102 29 867 242 20 286 1243 467 141 7828 2962 1059 1793
internal_value=-0.00313549 -0.00143831 -0.00317168 -0.00106934 -0.00382331 -0.00295646 -0.00341934 -0.0015718 -0.00400143 2.68543e-05 -6.76995e-05 0.00150183 0.00616071 0.000286342 0.0131818 6.99548e-05 -0.000506023 -0.000207064 -0.000939193 0.000619706 0.0031448 0.0123469 0.000539048 -0.00028915 0.00204898 0.00204961 0.00028846 0.00072597 -0.000218646 0.0011409
internal_weight=74175 37791 17311 4096 13215 7487 6453 1546 4907 20480 1034 546 102 444 44 20227 5563 4757 2401 1299 432 49 2356 1529 827 383 14664 6836 2081 4755
internal_count=74175 37791 17311 4096 13215 7487 6453 1546 4907 20480 1034 546 102 444 44 20227 5563 4757 2401 1299 432 49 2356 1529 827 383 14664 6836 2081 4755
cat_boundaries=0 1 2 3 4 5 6
cat_threshold=1 344588 1 10 3015687 1419449
is_linear=0
shrinkage=0.05


Tree=72
num_leaves=31
num_cat=3
split_feature=15 18 2 3 3 3 3 3 3 4 19 3 19 2 4 3 9 7 3 3 4 19 21 3 7 3 19 6 21 4
split_gain=88.593 37.9542 8.9953 6.68278 5.21743 4.54935 2.75481 2.31699 1.89931 1.19898 1.26054 1.09688 1.18096 1.25357 1.78483 3.95304 2.08897 1.81541 1.33973 1.22665 1.17572 1.04307 1.02735 1.01399 0.998326 1.06013 0.992572 0.989712 1.53106 1.33951
threshold=1.0000000180025095e-35 1.0000000180025095e-35 0 82.500000000000014 44.500000000000007 56.500000000000007 73.500000000000014 85.500000000000014 65.500000000000014 4.5000000000000009 1.0840300917625429 39.500000000000007 0.40771512687206274 1 4.5000000000000009 59.500000000000007 1.0000000180025095e-35 27.800000190734867 49.500000000000007 78.500000000000014 4.5000000000000009 0.70690947771072399 4.380657672882081 48.500000000000007 28.899999618530277 60.500000000000007 0.97093901038169872 2 4.3812518119812021 2.5000000000000004
decision_type=2 2 1 2 2 2 2 2 2 2 2 2 2 1 2 2 2 2 2 2 2 2 2 2 2 2 2 1 2 2
left_child=1 2 3 -1 -4 9 8 -8 -7 10 -6 -3 -13 14 18 16 21 -18 -14 26 24 -16 -19 -22 27 -26 -20 -15 29 -29
right_child=-2 11 4 -5 5 6 7 -9 -10 -11 -12 12 13 20 15 -17 17 22 19 -21 23 -23 -24 -25 25 -27 -28 28 -30 -31
leaf_value=-9.3532847623160569e-05 -0.0012447140309594744 -0.0025652199101646295 -0.0012447140309594744 -0.0017423425651990256 -0.00050165082736719393 -0.0012447140309594744 -0.0016521722109746322 -0.0012447140309594744 -0.0012447140309594744 -0.0066723996293133652 0.054616813359859434 -0.0080696902872942847 -0.0026389414276872993 -0.015408588913915803 0.03047480919400064 -0.0070816049874907576 0.13317446866773497 -0.059184664189206732 0.0034214812410309214 -0.019320715493929524 -0.030047687527836694 0.0043572097820462272 0.045824138459812536 -0.0031745261236984287 -0.0024940377446624486 -0.024974933289925953 0.012644972691397919 0.041915560995741973 0.0010681010964043829 0.0040483136320060894
leaf_weight=3191 36353 2537 5741 935 601 2521 1174 375 2408 203 222 240 3224 255 158 808 35 26 3875 326 265 594 621 741 2637 230 2488 243 1069 192
leaf_count=3191 36353 2537 5741 935 601 2521 1174 375 2408 203 222 240 3224 255 158 808 35 26 3875 326 265 594 621 741 2637 230 2488 243 1069 192
internal_value=-0.00313025 -0.00143996 -0.00316073 -0.00112215 -0.00379577 -0.00292777 -0.00341772 -0.00157844 -0.00399574 0.000165691 0.00101458 1.36148e-05 0.000150606 0.000197615 0.000483339 0.00175736 0.00333333 0.00533724 0.000195197 0.000598743 -0.000419035 0.00151596 0.00473725 -0.00196819 -8.21456e-05 -0.000657483 0.000752003 0.000855599 0.00134082 0.00385057
internal_weight=74288 37935 17371 4126 13245 7504 6478 1549 4929 1026 823 20564 18027 17787 12155 2242 1434 682 9913 6689 5632 752 647 1006 4626 2867 6363 1759 1504 435
internal_count=74288 37935 17371 4126 13245 7504 6478 1549 4929 1026 823 20564 18027 17787 12155 2242 1434 682 9913 6689 5632 752 647 1006 4626 2867 6363 1759 1504 435
cat_boundaries=0 1 2 3
cat_threshold=1 1 4
is_linear=0
shrinkage=0.05


Tree=73
num_leaves=31
num_cat=7
split_feature=15 18 2 7 7 19 19 13 0 21 21 13 21 7 6 2 0 19 19 4 21 20 21 0 7 21 19 0 4 20
split_gain=86.9702 37.7897 8.90822 3.43728 1.51371 1.19137 1.12269 1.06711 1.05816 1.05318 0.97223 1.45717 0.964513 0.999974 0.950227 0.929514 1.17297 0.942008 0.922681 0.875616 1.41924 1.09373 0.867679 0.851695 0.976537 0.83772 0.828453 0.866451 1.20681 1.02157
threshold=1.0000000180025095e-35 1.0000000180025095e-35 0 25.69999980926514 31.500000000000004 0.40771512687206274 1.0006877183914187 1.0386904478073122 1 4.3559122085571298 4.3581771850585946 1.1066017150878908 4.3619239330291757 32.899999618530281 2 3 4 0.7772643268108369 0.99318948388099682 4.5000000000000009 4.3833954334259042 6.5000000000000009 4.3551294803619394 5 30.10000038146973 4.4035899639129648 0.78375816345214855 6 4.5000000000000009 1.5000000000000002
decision_type=2 2 1 2 2 2 2 2 1 2 2 2 2 2 1 1 1 2 2 2 2 2 2 1 2 2 2 1 2 2
left_child=1 2 3 14 6 -3 18 15 10 -6 11 -9 -5 23 -1 16 19 -17 -4 -7 -21 -22 -18 -14 -25 -26 -19 28 29 -28
right_child=-2 5 4 12 9 7 -8 8 -10 -11 -12 -13 13 -15 -16 17 22 26 -20 20 21 -23 -24 24 25 -27 27 -29 -30 -31
leaf_value=-0.0016535928042462943 -0.0011824783294115005 -0.0076275398129604828 -0.0011824783294115005 -0.003114702685563468 0.019658522693808474 0.010286936284500696 -0.0011824783294115005 -0.0031839233870999922 -0.00078326838148815448 -0.0011824783294115005 -0.013936959973726555 0.12348815343381681 -0.00065298502920874645 0.066271276107184432 -0.0015924327137406464 -0.018093103884397114 -0.038401833858873344 0.016265815703470771 -0.0011824783294115005 0.020345357758458842 0.062621006190473991 0.13832087325851525 0.0012298887757749887 0.00038304028512336802 0.033930420606507479 -0.010328696276776116 -0.024469022542368535 -0.0064317753703395418 -0.012468126148128533 0.010298682868417527
leaf_weight=848 36259 238 4207 363 88 2303 3773 134 3879 1484 1247 25 1230 27 512 622 131 42 3671 347 55 79 7908 824 223 59 96 1373 388 1614
leaf_count=848 36259 238 4207 363 88 2303 3773 134 3879 1484 1247 25 1230 27 512 622 131 42 3671 347 55 79 7908 824 223 59 96 1373 388 1614
internal_value=-0.00314447 -0.001466 -0.00318592 -0.00114538 -0.00381646 -1.24518e-05 -0.00401296 2.88977e-05 -0.000581837 -0.00236005 -0.00175141 0.00191824 -0.000121058 0.000247565 -0.00319853 0.000244684 0.000488311 -0.000392988 -0.00435263 0.00137079 0.00331601 0.00768657 0.000180767 0.000136985 0.00113799 0.00368794 -7.54353e-05 -0.000159897 0.000479126 0.00105263
internal_weight=74049 37790 17309 4086 13223 20481 11651 20243 5285 1572 1406 159 2726 2363 1360 14958 10823 4135 7878 2784 481 134 8039 2336 1106 282 3513 3471 2098 1710
internal_count=74049 37790 17309 4086 13223 20481 11651 20243 5285 1572 1406 159 2726 2363 1360 14958 10823 4135 7878 2784 481 134 8039 2336 1106 282 3513 3471 2098 1710
cat_boundaries=0 1 2 3 4 5 6 7
cat_threshold=1 4883016 28 1 98744 7453730 2969237
is_linear=0
shrinkage=0.05


Tree=74
num_leaves=31
num_cat=2
split_feature=15 18 3 3 3 3 19 3 7 3 3 21 21 7 19 19 13 19 7 7 0 13 13 3 21 21 20 3 3 0
split_gain=87.8664 38.4265 3.76052 3.95463 1.54782 4.94785 1.68096 1.54631 1.3124 1.31429 1.55482 1.77754 1.8219 1.79278 2.76907 1.29373 1.04724 1.04157 1.40752 1.23005 1.49267 1.04004 1.03217 1.14168 0.990086 1.35023 0.92941 0.894965 1.4506 1.35666
threshold=1.0000000180025095e-35 1.0000000180025095e-35 44.500000000000007 57.500000000000007 73.500000000000014 82.500000000000014 0.93356090784072887 61.500000000000007 31.500000000000004 58.500000000000007 60.500000000000007 4.404839515686036 4.3586397171020517 31.899999618530277 0.89279508590698253 0.40771512687206274 0.95070043206214916 1.3290136456489565 24.800000190734867 27.400000572204593 0 0.96922349929809581 1.0540935993194582 74.500000000000014 4.4042356014251718 4.3971109390258798 5.5000000000000009 48.500000000000007 54.500000000000007 1
decision_type=2 2 2 2 2 2 2 2 2 2 2 2 2 2 2 2 2 2 2 2 1 2 2 2 2 2 2 2 2 1
left_child=1 2 -1 -4 7 6 -6 8 -5 -10 11 12 -11 -13 -15 -3 -14 18 21 20 26 -8 23 -21 25 -25 -20 -17 29 -29
right_child=-2 15 3 4 5 -7 17 -9 9 10 -12 13 16 14 -16 27 -18 -19 19 22 -22 -23 -24 24 -26 -27 -28 28 -30 -31
leaf_value=-0.0011233544129409256 -0.0011233544129409256 -0.0072268298884213189 -0.00072687195524630743 -0.0013700276371870048 -0.0054613042310846143 -0.0011233544129409256 0.082473267238837286 -0.0011233544129409256 -0.0017962369646595724 0.05590531794545478 -0.0051945798256690968 0.082506343800138354 0.067179022129817648 0.1052549767680052 -0.0093964747043889345 -0.001325250079683067 -0.005538894597507827 -0.011077339062416496 0.031223758286208266 -0.0021885624879369888 -0.0093865476107731199 0.029656830635025229 -0.0060410447644263475 0.043959655212732152 0.0039823816750726385 0.092046811904858139 -0.0023163793821026845 -0.00023825861923940613 -0.00048853819551625667 0.015272874731635614
leaf_weight=7038 36349 247 1546 612 610 1636 33 4230 185 24 162 20 40 31 32 7342 143 96 89 90 255 44 65 132 67 31 147 1590 8755 2510
leaf_count=7038 36349 247 1546 612 610 1636 33 4230 185 24 162 20 40 31 32 7342 143 96 89 90 255 44 65 132 67 31 147 1590 8755 2510
internal_value=-0.00314298 -0.00145522 -0.00318528 -0.00257752 -0.00298838 -0.00213202 -0.000207958 -0.00350338 -0.00195757 -0.000368918 0.00108407 0.00327586 0.0007971 0.00945783 0.00531746 1.36948e-05 -0.000901641 0.00100572 0.00150577 0.000936072 -0.000723015 0.00798701 0.00305195 0.00421875 0.00608696 0.00819018 0.00211382 5.76806e-05 0.000309217 0.00108536
internal_weight=74151 37802 17358 10320 8774 3295 1659 5479 1249 637 452 290 207 83 63 20444 183 1049 953 876 491 77 385 320 230 163 236 20197 12855 4100
internal_count=74151 37802 17358 10320 8774 3295 1659 5479 1249 637 452 290 207 83 63 20444 183 1049 953 876 491 77 385 320 230 163 236 20197 12855 4100
cat_boundaries=0 1 2
cat_threshold=5352844 3300096
is_linear=0
shrinkage=0.05


Tree=75
num_leaves=31
num_cat=10
split_feature=15 18 2 7 19 19 19 20 0 19 13 0 20 13 7 6 7 4 9 0 0 0 8 0 20 7 13 0 18 0
split_gain=85.6909 36.3376 10.0934 4.10578 1.26294 1.35631 1.11637 1.02674 0.995133 0.982954 1.13129 1.48887 1.24619 0.958052 0.868997 0.849085 0.835817 0.988578 2.13683 1.54229 1.22289 1.19981 1.12599 1.15775 0.92984 1.3655 0.817294 0.813654 0.795253 1.15685
threshold=1.0000000180025095e-35 1.0000000180025095e-35 0 25.69999980926514 1.0036008358001711 0.99318948388099682 0.40771512687206274 11.500000000000002 1 0.94461482763290416 0.95916664600372326 2 1.5000000000000002 0.91287881135940563 31.899999618530277 3 23.69999980926514 1.5000000000000002 1.0000000180025095e-35 4 5 6 1.0000000180025095e-35 7 14.500000000000002 29.60000038146973 1.0334821343421938 8 0.35714286565780645 9
decision_type=2 2 1 2 2 2 2 2 1 2 2 1 2 2 2 1 2 2 2 1 1 1 2 1 2 2 2 1 2 1
left_child=1 2 3 15 5 -4 -3 -6 -9 -5 11 -11 -13 -10 -15 -1 -8 18 19 24 -19 22 -20 -24 -18 -26 27 -23 29 -28
right_child=-2 6 4 9 7 -7 16 8 13 10 -12 12 -14 14 -16 -17 17 20 21 -21 -22 26 23 -25 25 -27 28 -29 -30 -31
leaf_value=-0.0015190013096357327 -0.0010671866922938795 -0.0066918568551368436 -0.0010671866922938795 -0.0023680234682766556 -0.0010671866922938795 -0.0010671866922938795 -0.012315656506583211 -0.0011942761816289599 0.071379383668207882 -0.0010346328517819015 -0.00014543818522371835 0.050090983222841605 0.020274387038713131 -0.0011942761816289599 0.01914807973901814 -0.0014566433574065678 0.034558245783927403 0.0016676127358156217 -0.0077615905500859495 0.003393167323604169 -0.0039922348968371149 0.0035395732407805893 -0.005358330558747129 0.01424431213610082 0.13160058755042756 0.054074987953759479 0.02000713092513276 0.036302664129655417 -0.014284220741786161 -0.0041000101128789868
leaf_weight=833 36402 250 5350 932 3241 3803 482 377 29 206 1270 21 338 403 39 512 359 6203 1801 557 7490 1137 219 397 21 31 119 789 459 201
leaf_count=833 36402 250 5350 932 3241 3803 482 377 29 206 1270 21 338 403 39 512 359 6203 1801 557 7490 1137 219 397 21 31 119 789 459 201
internal_value=-0.00316887 -0.00150374 -0.00318774 -0.00102383 -0.00385969 -0.00418606 -7.92115e-05 -0.00312913 -0.00158019 7.77003e-05 0.000749318 0.00261062 0.00448509 -1.03962e-05 -0.000588236 -0.00328996 -3.82445e-05 1.18777e-05 0.000541871 0.00269628 -0.000223838 0.000134712 -0.000673672 0.00116883 0.00497625 0.0113462 0.000856352 0.00141225 -0.000507062 0.00140625
internal_weight=74271 37869 17354 4112 13242 9153 20515 4089 848 2767 1835 565 359 471 442 1345 20265 19783 6090 968 13693 5122 2417 616 411 52 2705 1926 779 320
internal_count=74271 37869 17354 4112 13242 9153 20515 4089 848 2767 1835 565 359 471 442 1345 20265 19783 6090 968 13693 5122 2417 616 411 52 2705 1926 779 320
cat_boundaries=0 1 2 3 4 5 6 7 8 9 10
cat_threshold=1 6443824 4270242 28 2556019 3229881 3298529 2232352 4532226 8194
is_linear=0
shrinkage=0.05


Tree=76
num_leaves=31
num_cat=8
split_feature=18 0 3 2 3 3 0 3 3 4 6 0 20 0 21 18 13 19 0 18 4 20 0 21 7 13 19 21 3 19
split_gain=29.5934 7.85263 3.38541 2.71358 4.31297 2.60442 1.83948 1.70855 2.29183 1.39867 1.75055 2.03523 1.74416 1.39179 1.1598 1.09649 1.24444 1.18906 1.08044 1.06071 0.970954 1.03526 0.924047 1.37303 1.16672 1.26241 0.916523 0.914725 1.12752 1.00658
threshold=1.0000000180025095e-35 0 66.500000000000014 1 78.500000000000014 54.500000000000007 2 43.500000000000007 57.500000000000007 2.5000000000000004 3 4 7.5000000000000009 5 4.3738765716552743 0.6428571641445161 0.96214285492897045 1.0134305357933047 6 0.21428572386503222 1.5000000000000002 10.500000000000002 7 4.3722922801971444 28.400000572204593 0.96214285492897045 1.6574097871780398 4.3600499629974374 76.500000000000014 0.84820351004600536
decision_type=2 1 2 1 2 2 1 2 2 2 1 1 2 1 2 2 2 2 1 2 2 2 1 2 2 2 2 2 2 2
left_child=3 2 15 4 6 13 -1 -5 -9 10 11 12 14 26 -4 16 17 -2 20 -14 -12 -22 23 24 -11 -26 -3 28 29 -20
right_child=1 5 9 7 -6 -7 -8 8 -10 22 18 -13 19 -15 -16 -17 -18 -19 27 -21 21 -23 -24 -25 25 -27 -28 -29 -30 -31
leaf_value=-0.0023614799581954012 0.0041071912118245662 -0.0042338007141200099 0.0065153873761590632 -0.0010138273576791854 -0.0010138273576791854 -0.0032963765385644107 -0.0023614799581954012 -0.0010138273576791854 -0.0010138273576791854 -0.0049679997296908614 -0.0048528024606357117 -0.0046916264913645957 0.055044535658747409 -0.0042200276346994695 0.031645201057555632 -0.0049159972360702771 -0.0031175102517616133 -0.0045555462868513731 -0.0037729118230825152 -0.0047002665434293552 -0.0022016890018274923 0.011316982296198132 -0.003138563248610244 -0.00354037604296023 0.011242937865121609 0.03414105302170594 0.03289932313435389 -0.0044550499882653975 -0.0047334179434348434 0.026869662805403424
leaf_weight=3942 1502 2327 21 7968 4892 9734 2033 3056 15106 78 289 445 28 6728 47 5626 4982 660 38 60 92 60 2485 378 37 29 46 1563 60 43
leaf_count=3942 1502 2327 21 7968 4892 9734 2033 3056 15106 78 289 445 28 6728 47 5626 4982 660 38 60 92 60 2485 378 37 29 46 1563 60 43
internal_value=-0.00311109 -0.00211842 -0.00138483 -0.00411344 -0.00344944 -0.00283762 -0.00254812 -0.00438959 -0.00412179 -0.00239267 -0.00157684 0.000810146 0.00554217 -0.00223107 0.0119118 -0.000931873 -0.000520718 0.000481035 -0.00223898 0.00125 -1.10876e-05 0.00322368 -0.00313768 -0.00114662 0.00298611 0.00787879 -0.00327948 -0.00281214 0.00102837 0.00487654
internal_weight=74355 37358 18523 36997 10867 18835 5975 26130 18162 5753 2746 601 156 9101 68 12770 7144 2162 2145 88 441 152 3007 522 144 66 2373 1704 141 81
internal_count=74355 37358 18523 36997 10867 18835 5975 26130 18162 5753 2746 601 156 9101 68 12770 7144 2162 2145 88 441 152 3007 522 144 66 2373 1704 141 81
cat_boundaries=0 1 2 3 4 5 6 7 8
cat_threshold=2215443 1 5906888 12 3074 524680 16896 528
is_linear=0
shrinkage=0.05


Tree=77
num_leaves=31
num_cat=5
split_feature=15 18 2 3 3 3 3 3 3 0 19 19 4 2 3 21 7 17 21 3 0 3 0 4 18 19 21 18 3 21
split_gain=89.6954 38.9139 9.94369 6.502 4.86954 3.70481 2.97925 2.31134 1.54258 1.13609 1.59245 1.00796 0.977897 0.909277 0.988443 1.04122 0.973382 1.00512 0.997589 0.958885 1.63952 1.56298 2.22137 1.32002 1.47447 1.33663 0.895843 0.894324 1.03581 1.06522
threshold=1.0000000180025095e-35 1.0000000180025095e-35 0 82.500000000000014 44.500000000000007 57.500000000000007 73.500000000000014 85.500000000000014 65.500000000000014 1 1.1096029281616213 0.40771512687206274 4.5000000000000009 2 47.500000000000007 4.4259872436523446 32.899999618530281 1.0000000180025095e-35 4.3837578296661386 52.500000000000007 3 76.500000000000014 4 2.5000000000000004 0.6428571641445161 0.91873028874397289 4.3703420162200937 0.21428572386503222 49.500000000000007 4.3816740512847909
decision_type=2 2 1 2 2 2 2 2 2 1 2 2 2 1 2 2 2 2 2 2 1 2 1 2 2 2 2 2 2 2
left_child=1 2 3 -1 -4 9 8 12 -7 10 -6 -3 -8 16 15 -15 -13 -18 -19 20 27 -21 23 24 25 -23 -27 28 29 -16
right_child=-2 11 4 -5 5 6 7 -9 -10 -11 -12 13 -14 14 19 -17 17 18 -20 21 -22 22 -24 -25 -26 26 -28 -29 -30 -31
leaf_value=8.4961319807828821e-05 -0.00096313598979522609 -0.0062216189793754505 -0.00096313598979522609 -0.0013923307483143445 -0.0014402613281360361 -0.00096313598979522609 0.00086875629076083407 -0.00096313598979522609 -0.00096313598979522609 -0.001990495601201079 0.058195454015205053 0.001255439169148005 -0.0069626605667603217 -0.013757772345986789 0.059784828777651268 0.03486408762927129 0.010781636895900722 0.014853781165701553 0.062444859657549937 -0.010171639339022836 -0.0027404798575572627 0.027338542821991399 -0.0078081398136255128 0.008726817297468735 -0.044055508227453695 0.026930998881084973 0.014370456617281618 0.0068213951932770195 0.034016516017751949 -0.027755407775749742
leaf_weight=3188 36366 243 5736 917 266 2322 935 372 2394 866 97 14360 224 768 23 22 189 43 33 1865 1069 40 743 189 24 26 112 687 34 23
leaf_count=3188 36366 243 5736 917 266 2322 935 372 2394 866 97 14360 224 768 23 22 189 43 33 1865 1069 40 743 189 24 26 112 687 34 23
internal_value=-0.00312675 -0.00142158 -0.00316654 -0.00101705 -0.00383439 -0.00299358 -0.00348728 -0.00157087 -0.00410942 -0.000484135 0.00183646 5.29437e-05 -0.000470234 9.13568e-05 -0.00044889 -0.00208861 0.000299144 0.00330189 0.00815789 -0.000180973 0.000718953 -0.000731912 0.000731921 0.00372818 0.00663366 0.00820225 0.00586956 0.00246461 0.0075 0.00260869
internal_weight=74176 37810 17317 4105 13212 7476 6247 1531 4716 1229 363 20493 1159 20250 5625 790 14625 265 76 4835 1836 2999 1134 391 202 178 138 767 80 46
internal_count=74176 37810 17317 4105 13212 7476 6247 1531 4716 1229 363 20493 1159 20250 5625 790 14625 265 76 4835 1836 2999 1134 391 202 178 138 767 80 46
cat_boundaries=0 1 2 3 4 5
cat_threshold=1 590076 1 2508039 805576
is_linear=0
shrinkage=0.05


Tree=78
num_leaves=31
num_cat=8
split_feature=15 18 2 3 3 3 3 3 3 13 0 4 0 19 7 0 13 20 13 19 2 3 18 0 0 3 19 4 3 0
split_gain=87.6162 37.9572 9.52532 6.38246 4.83349 3.50571 2.89271 2.30216 1.7456 1.13471 1.02471 1.05772 0.951104 1.20461 1.32633 0.940372 1.18948 0.876134 0.866232 0.799261 0.77511 1.19361 1.1472 2.21288 1.17978 1.1421 1.01343 0.930139 3.69328 1.9865
threshold=1.0000000180025095e-35 1.0000000180025095e-35 0 82.500000000000014 44.500000000000007 56.500000000000007 73.500000000000014 85.500000000000014 65.500000000000014 0.89433810114860546 1 3.5000000000000004 2 1.4597703218460085 30.500000000000004 3 1.0917508602142336 2.5000000000000004 0.91287881135940563 0.40771512687206274 4 41.500000000000007 0.21428572386503222 5 6 46.500000000000007 0.77294412255287182 4.5000000000000009 59.500000000000007 7
decision_type=2 2 1 2 2 2 2 2 2 2 1 2 1 2 2 1 2 2 2 2 1 2 2 1 1 2 2 2 2 1
left_child=1 2 3 12 -4 9 8 10 -7 -6 -8 -12 13 14 -1 -11 18 -16 -17 -3 21 22 23 -21 -24 -22 -27 -23 29 -29
right_child=-2 19 4 -5 5 6 7 -9 -10 15 11 -13 -14 -15 17 16 -18 -19 -20 20 25 27 24 -25 -26 26 -28 28 -30 -31
leaf_value=1.0188164036147817e-05 -0.00091497919030546476 -0.005901450617711048 -0.00091497919030546476 -0.0013228598362334078 0.074828053336155581 -0.00091497919030546476 0.0080308746511997108 -0.00091497919030546476 -0.00091497919030546476 -0.0029033202316902386 -0.0014232884821686722 -0.0080422029327103777 -0.00079255044429391041 0.058022568672392652 -0.017635628270535029 0.06515820777641361 0.040189336519969976 0.035426092504258246 -0.0015214445157297897 0.0015005806671142012 -0.022695960703182055 0.0024603037060662949 -0.00071827695888744666 -0.0036276521696045044 -0.0050078609757900827 -0.014876689986955224 4.5835314150669133e-05 0.04815295511968555 -0.0074781068777017394 0.015445425889129009
leaf_weight=1006 36419 251 5697 929 27 2551 503 366 2385 503 420 243 1918 32 23 24 33 204 445 592 435 9307 1201 454 988 693 4458 355 808 917
leaf_count=1006 36419 251 5697 929 27 2551 503 366 2385 503 420 243 1918 32 23 24 33 204 445 592 435 9307 1201 454 988 693 4458 355 808 917
internal_value=-0.00314995 -0.00146262 -0.00318592 -0.00108463 -0.00384065 -0.00300667 -0.00343847 -0.00154047 -0.00402755 -0.000300389 -0.000454547 -0.00173106 -2.04222e-05 0.00103921 0.000798863 -0.00057214 0.00095703 0.0042511 0.000330489 -4.64463e-06 3.01849e-05 0.000221583 -0.000625967 0.000736136 -0.00127684 -0.000470821 -0.000263057 0.000462368 0.00141827 0.00309748
internal_weight=74187 37768 17309 4112 13197 7500 6468 1532 4936 1032 1166 663 3183 1265 1233 1005 502 227 469 20459 20208 14622 3235 1046 2189 5586 5151 11387 2080 1272
internal_count=74187 37768 17309 4112 13197 7500 6468 1532 4936 1032 1166 663 3183 1265 1233 1005 502 227 469 20459 20208 14622 3235 1046 2189 5586 5151 11387 2080 1272
cat_boundaries=0 1 2 3 4 5 6 7 8
cat_threshold=1 2999373 967071 6355842 1 3206439 496019 1441891
is_linear=0
shrinkage=0.05


Tree=79
num_leaves=31
num_cat=4
split_feature=15 18 3 3 3 3 4 3 21 7 0 20 7 19 3 13 19 20 13 3 4 19 3 0 3 0 3 0 16 17
split_gain=88.7481 38.3572 4.13666 4.22992 1.51599 4.93218 1.30876 1.30255 0.927769 0.881243 1.28536 1.42021 1.08722 1.43006 1.08317 1.095 1.23157 1.29023 1.27509 1.03704 0.857808 1.73988 2.01749 2.13206 1.67634 1.378 1.30493 1.05258 0.908585 0.954657
threshold=1.0000000180025095e-35 1.0000000180025095e-35 44.500000000000007 57.500000000000007 73.500000000000014 82.500000000000014 5.5000000000000009 65.500000000000014 4.3708858489990243 27.400000572204593 0 2.5000000000000004 24.800000190734867 1.2559226155281069 74.500000000000014 1.0816667079925539 1.0430254936218264 8.5000000000000018 0.9574275314807893 76.500000000000014 1.5000000000000002 1.0195721983909609 46.500000000000007 1 66.500000000000014 2 47.500000000000007 3 1.0000000180025095e-35 1.5000000000000002
decision_type=2 2 2 2 2 2 2 2 2 2 1 2 2 2 2 2 2 2 2 2 2 2 2 1 2 1 2 1 2 2
left_child=1 2 -1 8 7 6 9 -5 -4 10 -6 -12 13 -13 -11 16 -16 18 -18 -19 21 25 -23 24 -24 -3 -25 28 -22 -30
right_child=-2 20 3 4 5 -7 -8 -9 -10 14 11 12 -14 -15 15 -17 17 19 -20 -21 27 22 23 26 -26 -27 -28 -29 29 -31
leaf_value=-0.00086923023079019156 -0.00086923023079019156 0.0080261558966734491 -0.0058200066541734602 -0.00086923023079019156 -0.0072061114301722774 -0.00086923023079019156 -0.010546222769421867 -0.00086923023079019156 0.0049249388550926939 -0.0031869946725472734 0.048172355840776275 0.087991828632117033 -0.002251703985771898 -0.0051592009352770564 0.019770517273807051 -0.0055206045610885768 0.047299653376774664 0.054151104802954958 -0.00017029480836410789 0.051015052821233142 -0.00055735852522610836 -0.0050648548287854853 0.039834476749601978 0.08415229826905421 -0.018174045652841943 -0.0024454095355851651 0.027554247108774705 -0.0034272519601643661 0.012708956585108181 -0.010278622212161005
leaf_weight=7050 36417 2436 359 2619 465 1641 130 2819 1190 182 44 24 288 32 288 41 21 29 70 37 5048 222 163 26 232 2734 547 7068 1740 319
leaf_count=7050 36417 2436 359 2619 465 1641 130 2819 1190 182 44 24 288 32 288 41 21 29 70 37 5048 222 163 26 232 2734 547 7068 1740 319
internal_value=-0.00313613 -0.00144121 -0.00317358 -0.00253381 -0.00296106 -0.00211422 -0.000184738 -0.0034737 -0.000125889 0.000226823 -0.000838219 0.00128141 0.000232557 0.00660714 0.00158683 0.00281893 0.00353932 0.00710191 0.00324176 0.0124242 2.06952e-05 0.000503143 0.00222689 0.00321281 0.000308641 0.000106382 0.00512007 -0.000195768 0.000233946 0.00111947
internal_weight=74281 37864 17329 10279 8730 3292 1651 5438 1549 1521 853 388 344 56 668 486 445 157 91 66 20535 6360 1190 968 395 5170 573 14175 7107 2059
internal_count=74281 37864 17329 10279 8730 3292 1651 5438 1549 1521 853 388 344 56 668 486 445 157 91 66 20535 6360 1190 968 395 5170 573 14175 7107 2059
cat_boundaries=0 1 2 3 4
cat_threshold=7295586 5808489 5088092 3492025
is_linear=0
shrinkage=0.05


Tree=80
num_leaves=31
num_cat=6
split_feature=15 18 2 3 3 3 3 3 3 4 3 20 20 3 0 4 13 21 0 21 19 2 3 3 18 0 21 21 21 0
split_gain=87.3246 37.1021 10.1801 6.68149 4.91286 3.97581 2.6692 2.79719 1.69599 1.66871 1.63671 1.0407 1.34935 0.873379 0.941812 0.819068 0.912225 1.52327 0.971038 0.882 0.779781 0.772251 1.07011 0.789738 1.1792 1.08345 0.967191 1.9544 1.17959 1.08573
threshold=1.0000000180025095e-35 1.0000000180025095e-35 0 82.500000000000014 44.500000000000007 56.500000000000007 74.500000000000014 80.500000000000014 61.500000000000007 3.5000000000000004 77.500000000000014 8.5000000000000018 12.500000000000002 85.500000000000014 1 4.5000000000000009 0.90504807233810436 4.3822677135467538 2 4.3708395957946786 0.40771512687206274 3 46.500000000000007 45.500000000000007 0.21428572386503222 4 4.3757929801940927 4.3765347003936776 4.3755812644958505 5
decision_type=2 2 1 2 2 2 2 2 2 2 2 2 2 2 1 2 2 2 1 2 2 1 2 2 2 1 2 2 2 1
left_child=1 2 3 -1 -4 15 8 9 -7 10 -8 -12 -13 14 -9 16 17 -6 19 -18 -3 23 -23 24 25 -22 28 -28 -25 -29
right_child=-2 20 4 -5 5 6 7 13 -10 -11 11 12 -14 -15 -16 -17 18 -19 -20 -21 21 22 -24 26 -26 -27 27 29 -30 -31
leaf_value=8.9827119314079754e-05 -0.00082576871925068196 -0.0057662173886777537 -0.00082576871925068196 -0.0012134584648831213 0.00087238399175621698 -0.001060108282284457 0.0046915252663776033 0.0095375180333624396 -0.00082576871925068196 -0.0056982301874322688 0.025474772314602875 0.063452217079740816 0.019905577540281508 -0.00082576871925068196 -0.0065616292747700949 -0.010729487037494389 -0.0085270344672088993 0.090159212769877872 -0.0020325661061232712 0.024012722307739681 0.0016382029810670514 -0.020565255297247495 -0.0014732161442360407 -9.1756371044988659e-05 -0.0027588157629067143 -0.00050360649470390921 0.047132452651887924 0.01902246416241081 -0.045729447348118152 0.0023010065361012805
leaf_weight=3193 36385 250 5760 928 40 1336 182 107 3732 171 67 35 23 372 413 198 71 27 408 275 530 442 5167 3530 3605 786 76 2361 142 3642
leaf_count=3193 36385 250 5760 928 40 1336 182 107 3732 171 67 35 23 372 413 198 71 27 408 275 530 442 5167 3530 3605 786 76 2361 142 3642
internal_value=-0.00314354 -0.00146281 -0.00316588 -0.000996119 -0.0038424 -0.00299517 -0.00345449 -0.00149635 -0.00398382 0.00158996 0.00379479 0.0082 0.0131034 -0.00315023 -0.00182692 -9.32298e-05 0.000602922 0.00619403 0.0001061 0.00202247 -2.45981e-05 9.61372e-06 -0.000489393 0.00020038 -0.000315994 0.000965044 0.000460977 0.000848 -0.00017974 0.000747125
internal_weight=74254 37869 17338 4121 13217 7457 6438 1370 5068 478 307 125 58 892 520 1019 821 67 754 346 20531 20281 5609 14672 4921 1316 9751 6079 3672 6003
internal_count=74254 37869 17338 4121 13217 7457 6438 1370 5068 478 307 125 58 892 520 1019 821 67 754 346 20531 20281 5609 14672 4921 1316 9751 6079 3672 6003
cat_boundaries=0 1 2 3 4 5 6
cat_threshold=1 2162954 2168557 1 3156999 1409435
is_linear=0
shrinkage=0.05


Tree=81
num_leaves=31
num_cat=5
split_feature=15 18 2 3 3 3 3 3 3 13 4 6 0 13 3 21 0 7 13 0 3 4 21 21 3 4 4 21 3 21
split_gain=87.7527 37.568 9.52095 6.35573 4.95674 3.56274 3.18301 2.35417 1.51655 1.06825 0.992765 0.831283 1.23855 0.775513 0.754543 0.709353 1.13069 0.882084 0.862488 0.957477 1.3096 0.706334 0.788956 1.0834 3.15623 1.94299 0.929578 1.16895 1.80031 2.83252
threshold=1.0000000180025095e-35 1.0000000180025095e-35 0 82.500000000000014 44.500000000000007 57.500000000000007 73.500000000000014 85.500000000000014 65.500000000000014 0.89433810114860546 5.5000000000000009 1 2 1.0763403773307803 45.500000000000007 4.3626122474670419 3 27.400000572204593 1.0638586878776553 4 74.500000000000014 4.5000000000000009 4.3710577487945566 4.3701629638671884 64.500000000000014 1.5000000000000002 3.5000000000000004 4.384357452392579 60.500000000000007 4.388714313507081
decision_type=2 2 1 2 2 2 2 2 2 2 2 1 1 2 2 2 1 2 2 1 2 2 2 2 2 2 2 2 2 2
left_child=1 2 3 15 -4 9 8 10 21 -6 -8 12 -11 -14 -13 -1 -17 -18 19 20 -19 22 23 -7 25 -25 -24 -28 -29 -30
right_child=-2 -3 4 -5 5 6 7 -9 -10 11 -12 14 13 -15 -16 16 17 18 -20 -21 -22 -23 26 24 -26 -27 27 28 29 -31
leaf_value=-0.0034251945958080204 -0.00078448028328814787 -6.7261170857768138e-05 -0.00078448028328814787 -0.0011488631346646928 0.071660117602967768 -0.00078448028328814787 0.00016628286543961699 -0.00078448028328814787 -0.00078448028328814787 -0.0038060194733766589 -0.0080659611570550443 -0.02621304826971399 0.011081347169282175 0.047055267439186442 -0.00096554739982353342 0.023148587037604237 -0.0013372539312865007 0.0069520102876335609 -0.0024090507488081876 0.00024852300759010422 0.079360643857377011 -0.00078448028328814787 -0.00078448028328814787 -0.00078448028328814787 0.046715519716711854 0.060931169187883549 -0.00078448028328814787 -0.0010071028681702342 0.099215519716711859 -0.00078448028328814787
leaf_weight=420 36371 20558 5703 915 40 498 1069 366 2387 236 107 200 213 32 523 358 1079 348 221 673 46 442 1030 77 22 30 85 48 48 29
leaf_count=420 36371 20558 5703 915 40 498 1069 366 2387 236 107 200 213 32 523 358 1079 348 221 673 46 442 1030 77 22 30 85 48 48 29
internal_value=-0.00314221 -0.00145531 -0.00317628 -0.00105911 -0.00382822 -0.00298182 -0.00346906 -0.00149806 -0.00411627 -0.000538586 -0.000408164 -0.000805649 0.000804479 0.00323529 -0.00186221 7.94793e-06 0.000302751 -9.88653e-05 0.00078416 0.00137301 0.00329208 -0.00320269 -0.00277718 -0.00133174 0.00275194 -0.000794394 -0.00350807 -0.000476192 0.0026 0.00733766
internal_weight=74174 37803 17245 4060 13185 7482 6238 1542 4696 1244 1176 1204 481 245 723 3145 2725 2367 1288 1067 394 2309 1867 627 129 107 1240 210 125 77
internal_count=74174 37803 17245 4060 13185 7482 6238 1542 4696 1244 1176 1204 481 245 723 3145 2725 2367 1288 1067 394 2309 1867 627 129 107 1240 210 125 77
cat_boundaries=0 1 2 3 4 5
cat_threshold=1 28 4505350 311569 71758
is_linear=0
shrinkage=0.05


Tree=82
num_leaves=31
num_cat=4
split_feature=15 18 2 3 3 3 3 3 3 4 13 21 19 7 13 21 21 21 0 13 3 7 9 7 13 3 2 0 7 13
split_gain=86.7276 36.96 9.5401 6.49384 4.95052 3.78751 3.08728 2.7887 1.71005 1.0455 0.96764 1.42637 0.894936 0.863075 0.854834 1.04718 2.929 0.843724 0.683856 0.701915 0.641851 0.663411 1.40833 0.876752 0.698784 1.00743 0.7 0.634387 0.620368 0.857878
threshold=1.0000000180025095e-35 1.0000000180025095e-35 0 82.500000000000014 44.500000000000007 56.500000000000007 73.500000000000014 84.500000000000014 65.500000000000014 5.5000000000000009 0.90504807233810436 4.3822677135467538 0.40771512687206274 32.899999618530281 0.99137932062149059 4.4076685905456552 4.3855419158935556 4.3556129932403573 1 1.0701970458030703 78.500000000000014 25.300000190734867 1.0000000180025095e-35 26.899999618530277 0.95383521914482128 80.500000000000014 2 3 30.10000038146973 1.0816667079925539
decision_type=2 2 1 2 2 2 2 2 2 2 2 2 2 2 2 2 2 2 1 2 2 2 2 2 2 2 1 1 2 2
left_child=1 2 3 -1 -4 10 8 9 -7 -8 11 -6 -3 18 15 16 -15 -12 19 20 -14 22 -22 -23 -25 26 -26 -19 29 -29
right_child=-2 12 4 -5 5 6 7 -9 -10 -11 17 -13 13 14 -16 -17 -18 27 -20 -21 21 23 -24 24 25 -27 -28 28 -30 -31
leaf_value=-1.4158550224096482e-06 -0.00074525626912374057 -0.0055191796994933477 -0.00074525626912374057 -0.0010951972950965817 -0.0056067837757241366 -0.00074525626912374057 0.0052962710545120494 -0.00074525626912374057 -0.00074525626912374057 -0.0076306127908501546 0.056667161788873481 0.072461243749234183 -0.0019286713372459294 0.031784099048966001 0.003534442325284535 -0.030685907367529755 0.32564390052804604 -0.0022483803972380804 0.00065243480434857139 -0.01843251648907536 0.11468434381377324 -0.035442990082997505 0.017272018020381908 -0.052801974517338063 0.026951264250727736 -0.011310331615195332 0.050213532234653205 0.011858471371557967 -0.002697924613337122 0.043952552833937703
leaf_weight=3189 36378 236 5726 913 41 2520 945 511 2399 95 21 38 4516 78 212 41 25 376 14374 673 20 75 40 33 35 48 35 147 408 20
leaf_count=3189 36378 236 5726 913 41 2520 945 511 2399 95 21 38 4516 78 212 41 25 376 14374 673 20 75 40 33 35 48 35 147 408 20
internal_value=-0.00315015 -0.00147261 -0.00316992 -0.0010629 -0.00382238 -0.00297899 -0.00343122 -0.00148614 -0.00404452 -1.19209e-09 -0.000195054 0.00512658 -3.20446e-05 3.71076e-06 0.00244382 0.00541667 0.00810679 -0.000627573 -4.00536e-05 -0.000515042 -0.000304041 0.00199301 0.00666667 0.000752211 0.00294702 0.00474576 0.00857143 -0.000846479 0.000213674 0.00278443
internal_weight=74168 37790 17349 4102 13247 7521 6470 1551 4919 1040 1051 79 20441 20205 356 144 103 972 19849 5475 4802 286 60 226 151 118 70 951 575 167
internal_count=74168 37790 17349 4102 13247 7521 6470 1551 4919 1040 1051 79 20441 20205 356 144 103 972 19849 5475 4802 286 60 226 151 118 70 951 575 167
cat_boundaries=0 1 2 3 4
cat_threshold=1 4363328 1 5528832
is_linear=0
shrinkage=0.05


Tree=83
num_leaves=31
num_cat=8
split_feature=15 18 2 7 7 19 19 8 21 19 7 7 0 19 0 13 0 0 20 0 0 7 13 13 7 7 7 20 6 21
split_gain=86.8954 37.7402 8.79405 3.86217 1.43381 1.0528 1.02454 0.99232 2.11634 0.918183 0.886917 0.814799 1.09736 0.992063 0.843903 0.802104 0.852956 0.850057 0.841119 1.35627 0.988627 1.27418 1.34771 0.986391 0.968448 1.84392 1.33993 0.85157 0.772481 0.795739
threshold=1.0000000180025095e-35 1.0000000180025095e-35 0 25.69999980926514 31.500000000000004 1.0006877183914187 0.54324871301651012 1.0000000180025095e-35 4.3832964897155771 0.99318948388099682 26.899999618530277 27.400000572204593 1 0.94801497459411632 2 1.0334821343421938 3 4 4.5000000000000009 5 6 32.899999618530281 0.94337606430053722 0.89827585220336925 28.69999980926514 29.10000038146973 24.800000190734867 2.5000000000000004 7 4.3615322113037118
decision_type=2 2 1 2 2 2 2 2 2 2 2 2 1 2 1 2 1 1 2 1 1 2 2 2 2 2 2 2 1 2
left_child=1 2 3 28 5 9 -3 11 -9 -4 -10 14 13 -13 -5 17 -17 -8 19 24 -20 -22 -23 -21 26 -26 -19 -27 29 -1
right_child=-2 6 4 7 -6 -7 15 8 10 -11 -12 12 -14 -15 -16 16 -18 18 20 23 21 22 -24 -25 25 27 -28 -29 -30 -31
leaf_value=0.075309761465265676 -0.00070799345566755357 -0.0052419361548843822 -0.00070799345566755357 0.00063435505262106817 -0.00070799345566755357 -0.00070799345566755357 -0.003037529681848351 -0.0022556520406427773 0.089261643645714331 -0.00070799345566755357 0.042815049276958131 0.063986213199932571 -0.00026219236822823161 0.017864539244102893 -0.002443145462423107 0.0022190704764691186 -0.0044790679082708749 0.031046608128743342 -0.0027668352763174447 0.023445169704574553 0.0033616456723211023 0.2855379459918776 0.016601820134334404 0.0003066486620592236 0.079721131806458567 0.031499791694362032 -0.0057138916877026193 0.0080445628687581521 -0.000981022836153163 -0.001041866448417431
leaf_weight=20 36400 495 4166 228 1584 3768 1522 118 30 3692 43 35 1513 90 698 1559 4026 39 4300 171 5248 23 81 2187 46 273 274 291 516 811
leaf_count=20 36400 495 4166 228 1584 3768 1522 118 30 3692 43 35 1513 90 698 1559 4026 39 4300 171 5248 23 81 2187 46 273 274 291 516 811
internal_value=-0.00315279 -0.00147528 -0.00319489 -0.0011726 -0.00382286 -0.00401514 -2.55673e-05 -9.98197e-05 0.00337696 -0.00434462 0.0100685 -0.000358816 0.000311354 0.00462963 -0.00154428 2.99389e-05 -0.000478963 0.000226564 0.000358107 0.00104998 0.000123289 0.000576276 0.00605769 0.000405404 0.00266345 0.00385246 0.000431309 0.00306737 -0.00336674 -0.00232461
internal_weight=74247 37847 17312 4102 13210 11626 20535 2755 191 7858 73 2564 1638 125 926 20040 5585 14455 12933 3281 9652 5352 104 2358 923 610 313 564 1347 831
internal_count=74247 37847 17312 4102 13210 11626 20535 2755 191 7858 73 2564 1638 125 926 20040 5585 14455 12933 3281 9652 5352 104 2358 923 610 313 564 1347 831
cat_boundaries=0 1 2 3 4 5 6 7 8
cat_threshold=1 262150 2263936 1071361 5246976 788614 2893959 28
is_linear=0
shrinkage=0.05


Tree=84
num_leaves=31
num_cat=8
split_feature=15 18 2 3 3 3 3 3 3 3 4 0 3 0 21 21 0 0 9 21 13 4 9 0 3 0 21 3 7 0
split_gain=86.202 38.9979 8.42034 6.30277 4.88922 3.36069 2.69075 2.22493 1.84373 1.06293 0.926756 0.911295 0.898057 0.767732 0.729106 0.916593 1.6568 0.72834 1.6562 1.67828 0.709772 0.684939 2.45596 1.43145 1.20952 1.11553 1.11494 0.960915 0.863577 0.805619
threshold=1.0000000180025095e-35 1.0000000180025095e-35 0 82.500000000000014 44.500000000000007 56.500000000000007 73.500000000000014 85.500000000000014 65.500000000000014 46.500000000000007 5.5000000000000009 1 78.500000000000014 2 4.3705871105194101 4.3846275806427011 3 4 1.0000000180025095e-35 4.3748261928558358 1.0917508602142336 1.5000000000000002 1.0000000180025095e-35 5 46.500000000000007 6 4.3713068962097177 82.500000000000014 28.400000572204593 7
decision_type=2 2 1 2 2 2 2 2 2 2 2 1 2 1 2 2 1 1 2 2 2 2 2 1 2 1 2 2 2 1
left_child=1 2 3 11 -4 9 8 10 -7 17 -8 14 -13 20 -1 16 -16 18 19 -6 -11 22 23 24 28 -24 -26 29 -3 -23
right_child=-2 21 4 -5 5 6 7 -9 -10 13 -12 12 -14 -15 15 -17 -18 -19 -20 -21 -22 27 25 -25 26 -27 -28 -29 -30 -31
leaf_value=-0.001311103931130185 -0.00067259378288417587 0.028796319513357913 -0.00067259378288417587 -0.00098857624513988183 -0.029593643437599765 -0.00067259378288417587 -0.00061212341640794112 -0.00067259378288417587 -0.00067259378288417587 0.027788526699753398 -0.0070328018339566494 -0.00028935753938386858 -0.0081999533269314483 -0.00029586831405857111 -0.001177792467741592 0.00041254407885143036 0.033223722588251042 -0.019824548362300132 -0.026826931503056869 0.11641831705546578 0.033955105762218732 0.0018764554657220449 -0.003900315298101505 0.0013072954215669159 0.0020382693023560392 0.004993643640452421 0.06369878180721962 -0.029644608557617524 -0.0091075290481212514 -0.0023376923721303514
leaf_weight=234 36434 42 5723 922 21 2499 1076 371 2398 197 107 2063 380 328 119 253 125 404 61 20 20 4139 2323 487 81 3035 264 142 103 9854
leaf_count=234 36434 42 5723 922 21 2499 1076 371 2398 197 107 2063 380 328 119 253 125 404 61 20 20 4139 2323 487 81 3035 264 142 103 9854
internal_value=-0.00316032 -0.00148726 -0.00323336 -0.00125244 -0.00384688 -0.0030072 -0.00343435 -0.00162162 -0.0040096 -0.000385348 -0.000562131 -0.000195338 -0.000658379 0.00114679 0.00134278 0.00244467 0.00463115 -0.00203557 0.00169643 0.00963415 0.00337004 -9.77159e-06 0.000422256 0.00272774 0.0046 1.86518e-06 0.00630435 -0.000203397 0.000862068 -0.000161868
internal_weight=74225 37791 17321 4096 13225 7502 6451 1554 4897 1051 1183 3174 2443 545 731 497 244 506 102 41 217 20470 6335 977 490 5358 345 14135 145 13993
internal_count=74225 37791 17321 4096 13225 7502 6451 1554 4897 1051 1183 3174 2443 545 731 497 244 506 102 41 217 20470 6335 977 490 5358 345 14135 145 13993
cat_boundaries=0 1 2 3 4 5 6 7 8
cat_threshold=1 299345 4416142 4096 524721 6750327 3305697 3162265
is_linear=0
shrinkage=0.05


Tree=85
num_leaves=31
num_cat=7
split_feature=2 3 0 3 3 0 3 16 3 3 0 19 13 19 21 3 21 0 6 3 21 4 13 3 4 21 19 20 6 21
split_gain=13.8222 11.1929 7.5316 5.4899 9.80283 3.27866 1.65257 1.63438 1.53496 1.47373 2.03698 1.35242 1.19959 1.16141 1.0897 0.991201 0.985894 1.55286 1.4741 1.06633 1.19555 1.04975 1.02785 0.899478 1.826 1.02935 0.89932 0.990081 0.89214 1.01608
threshold=0 78.500000000000014 1 44.500000000000007 56.500000000000007 2 74.500000000000014 1.5000000000000002 80.500000000000014 55.500000000000007 3 0.40771512687206274 0.9082491695880891 1.6574097871780398 4.4259872436523446 60.500000000000007 4.3710577487945566 4 5 77.500000000000014 4.3612947463989267 4.5000000000000009 0.93330040574073803 62.500000000000007 2.5000000000000004 4.3883564472198495 0.7772643268108369 11.500000000000002 6 4.3822677135467538
decision_type=1 2 1 2 2 1 2 2 2 2 1 2 2 2 2 2 2 1 1 2 2 2 2 2 2 2 2 2 1 2
left_child=1 2 7 -2 5 12 15 11 16 10 13 -1 -5 -4 -9 -6 17 -8 -19 -20 -21 -18 -22 26 28 -26 27 -13 29 -25
right_child=3 -3 9 4 6 -7 8 14 -10 -11 -12 23 -14 -15 -16 -17 21 18 19 20 22 -23 -24 24 25 -27 -28 -29 -30 -31
leaf_value=-0.00039208496346697413 -0.00063896409373996707 -0.00063896409373996707 -0.001919234064230372 0.010428576410770544 -0.00063896409373996707 -0.00063896409373996707 -0.00099079308636857051 -0.0032002347812754234 -0.00063896409373996707 -0.001919234064230372 -0.001919234064230372 -0.0018290227014127359 -0.00063896409373996707 0.032166775386489134 0.047177933730744137 -0.00063896409373996707 -0.00099079308636857051 -0.0024334429453954452 -0.00099079308636857051 -0.0011460853206569541 0.077385084130213527 -0.00099079308636857051 0.025663585492957875 -0.0022607052877103117 -0.0028136358155809275 0.00017080117977256299 -0.0034560067969486318 0.028530091874976477 -0.0032640237304061518 0.022298224366380941
leaf_weight=272 8612 5949 2728 234 2631 4882 534 2490 4629 7300 4869 746 2872 32 36 9351 2182 140 141 52 37 741 127 443 2090 302 7803 267 1650 151
leaf_count=272 8612 5949 2728 234 2631 4882 534 2490 4629 7300 4869 746 2872 32 36 9351 2182 140 141 52 37 741 127 443 2090 302 7803 267 1650 151
internal_value=-0.00316537 -0.00248303 -0.00210382 -0.00384703 -0.00351329 -0.00202679 -0.00409069 -0.00135609 -0.00356111 -0.00291485 -0.00243086 -0.0011418 -0.000747755 -0.00351986 -0.00252573 -0.00447004 -0.00283763 -0.00150825 0.000522681 0.00222071 0.00449074 -0.00330654 0.00658536 -0.00107122 -0.00163503 -0.00259616 -0.000774729 0.00062685 -0.000610518 0.00104305
internal_weight=74293 37128 31179 37165 28553 7988 20565 16250 8583 14929 7629 13724 3106 2760 2526 11982 3954 1031 497 357 216 2923 164 13452 4636 2392 8816 1013 2244 594
internal_count=74293 37128 31179 37165 28553 7988 20565 16250 8583 14929 7629 13724 3106 2760 2526 11982 3954 1031 497 357 216 2923 164 13452 4636 2392 8816 1013 2244 594
cat_boundaries=0 1 2 3 4 5 6 7
cat_threshold=1 2477619 6376963 524680 3207390 4 12
is_linear=0
shrinkage=0.05


Tree=86
num_leaves=31
num_cat=1
split_feature=15 18 2 3 3 3 3 3 3 13 3 13 4 3 3 20 19 21 21 3 4 4 21 21 21 19 13 19 3 3
split_gain=88.5435 38.6072 9.55523 6.50474 4.90352 3.93216 2.55059 2.10298 1.87664 1.3529 0.994084 1.01437 0.94428 0.815895 1.54652 0.830766 1.07728 0.587887 1.49262 3.93395 1.35591 2.00238 0.933826 0.706045 1.67924 1.28396 0.58573 0.569706 0.602947 0.566106
threshold=1.0000000180025095e-35 1.0000000180025095e-35 0 82.500000000000014 44.500000000000007 56.500000000000007 73.500000000000014 85.500000000000014 65.500000000000014 0.89433810114860546 46.500000000000007 1.0917508602142336 4.5000000000000009 80.500000000000014 77.500000000000014 8.5000000000000018 1.0494402647018435 4.3710577487945566 4.3694157600402841 64.500000000000014 1.5000000000000002 2.5000000000000004 4.3696281909942636 4.384357452392579 4.3846275806427011 0.95294350385665905 0.90504807233810436 0.80005824565887462 61.500000000000007 57.500000000000007
decision_type=2 2 1 2 2 2 2 2 2 2 2 2 2 2 2 2 2 2 2 2 2 2 2 2 2 2 2 2 2 2
left_child=1 2 3 27 -4 9 8 12 17 -6 -11 26 13 14 -8 -16 -17 18 -7 20 -20 -22 -23 29 25 -25 -12 28 -1 -19
right_child=-2 -3 4 -5 5 6 7 -9 -10 10 11 -13 -14 -15 15 16 -18 23 19 -21 21 22 -24 24 -26 -27 -28 -29 -30 -31
leaf_value=0.0036979663494064426 -0.00060701588905296864 0.00014480567262103376 -0.00060701588905296864 -0.00090839605614314364 0.068408695673646144 -0.00060701588905296864 -0.0026047593874353181 -0.00060701588905296864 -0.00060701588905296864 -0.017439052138372949 0.068499061861932123 0.032289298678794785 -0.005505803989252718 -0.003991647277163825 0.017751041079908533 0.030476198233275451 0.040411573186285479 -0.0033498993896303726 -0.00060701588905296864 0.049493502796319915 0.14123840988775252 0.024871071218746488 -0.00060701588905296864 0.089036329151276891 -0.00060701588905296864 -0.00060701588905296864 0.00012189792101054509 0.00029488729150002775 -0.0076775903744274974 -0.00060701588905296864
leaf_weight=145 36363 20526 5729 916 29 539 365 368 2416 480 28 35 236 439 86 54 24 59 113 20 20 58 47 37 824 35 465 2849 197 758
leaf_count=145 36363 20526 5729 916 29 539 365 368 2416 480 28 35 236 439 86 54 24 59 113 20 20 58 47 37 824 35 465 2849 197 758
internal_value=-0.00313157 -0.00144035 -0.00317512 -0.00106769 -0.00382765 -0.00298938 -0.00344568 -0.00169211 -0.00400528 -0.000130184 -0.000436509 0.0010606 -0.000681064 1.03294e-05 0.0013327 0.00536585 0.00910256 -0.00304781 -0.00192597 0.00120155 -0.000588236 0.003 0.000238094 -0.00356976 -0.00260045 0.00472222 0.000476672 -1.5681e-06 -0.00192983 -0.0046328
internal_weight=74260 37897 17371 4107 13264 7535 6498 1572 4926 1037 1008 528 1204 968 529 164 78 2510 797 258 238 125 105 1713 896 72 493 3191 342 817
internal_count=74260 37897 17371 4107 13264 7535 6498 1572 4926 1037 1008 528 1204 968 529 164 78 2510 797 258 238 125 105 1713 896 72 493 3191 342 817
cat_boundaries=0 1
cat_threshold=1
is_linear=0
shrinkage=0.05


Tree=87
num_leaves=31
num_cat=7
split_feature=15 18 2 3 3 3 3 3 3 13 0 13 13 4 19 0 19 0 20 2 19 19 0 7 18 0 19 3 20 3
split_gain=86.3036 37.0782 9.95291 6.72067 4.69731 3.82852 2.90601 2.22557 1.59805 1.05978 0.938654 1.22463 1.31964 0.875706 0.745887 0.73083 0.867023 0.710418 0.747855 0.676362 1.21968 1.01758 1.07603 0.77076 0.819808 1.69492 1.50016 3.99391 1.61152 1.72153
threshold=1.0000000180025095e-35 1.0000000180025095e-35 0 82.500000000000014 44.500000000000007 56.500000000000007 73.500000000000014 85.500000000000014 65.500000000000014 0.89433810114860546 1 1.0917508602142336 0.90682870149612438 5.5000000000000009 1.1096029281616213 2 0.85333493351936351 3 1.5000000000000002 4 0.40771512687206274 0.77294412255287182 5 32.899999618530281 0.21428572386503222 6 0.9053519368171693 53.500000000000007 3.5000000000000004 49.500000000000007
decision_type=2 2 1 2 2 2 2 2 2 2 1 2 2 2 2 1 2 1 2 1 2 2 1 2 2 1 2 2 2 2
left_child=1 2 3 17 -4 9 8 13 -7 -6 -11 12 -12 15 -14 -8 -17 18 -1 20 -3 -21 -23 24 25 26 27 28 -22 -30
right_child=-2 19 4 -5 5 6 7 -9 -10 10 11 -13 14 -15 -16 16 -18 -19 -20 21 23 22 -24 -25 -26 -27 -28 -29 29 -31
leaf_value=0.081926019168165318 -0.00057666509460032017 -0.0063506863958476753 -0.00057666509460032017 -0.00086108426877720256 0.060188759014237252 -0.00057666509460032017 -0.0041160471224134078 -0.00057666509460032017 -0.00057666509460032017 -0.007117290309693514 0.071270712629917701 0.030674833744855048 -0.0022800852021967574 -0.0063762607218069995 0.020579180239037598 -0.021641759440479372 0.010773704668787821 -0.00030946336556918045 0.01708034022084165 -0.0078137724348550427 0.058932751519532214 -0.0057857854686779696 0.0015508782586379484 0.030288568303330023 -0.00026168995821379033 -0.0005955287686136429 0.0023104783705390854 0.017150784042436168 0.080261304859473442 0.048672376653562659
leaf_weight=22 36367 151 5753 950 33 2523 409 367 2394 387 24 38 393 101 141 110 570 2737 426 834 38 1672 3183 268 11337 1524 1103 268 36 23
leaf_count=22 36367 151 5753 950 33 2523 409 367 2394 387 24 38 393 101 141 110 570 2737 426 834 38 1672 3183 268 11337 1524 1103 268 36 23
internal_value=-0.00316195 -0.00148949 -0.00318736 -0.00104595 -0.003856 -0.00303071 -0.00347853 -0.00159602 -0.00407464 -0.000177167 -0.000473043 0.000775576 0.000197131 -0.00054622 -0.000318353 -0.000133151 0.000869564 5.49439e-05 0.00187773 -4.57515e-05 0.000132898 -0.000508878 -0.000231721 0.000179145 0.000129457 0.000865641 0.00207036 0.00486301 0.0135567 0.0187288
internal_weight=74182 37815 17378 4135 13243 7490 6474 1557 4917 1016 983 596 558 1190 534 1089 680 3185 448 20437 14748 5689 4855 14597 14329 2992 1468 365 97 59
internal_count=74182 37815 17378 4135 13243 7490 6474 1557 4917 1016 983 596 558 1190 534 1089 680 3185 448 20437 14748 5689 4855 14597 14329 2992 1468 365 97 59
cat_boundaries=0 1 2 3 4 5 6 7
cat_threshold=1 4250178 5386464 295189 1 1814624 2566935
is_linear=0
shrinkage=0.05


Tree=88
num_leaves=31
num_cat=8
split_feature=15 2 3 3 3 3 3 4 3 19 3 6 21 0 21 0 9 0 4 20 21 21 4 0 21 0 21 0 3 19
split_gain=87.2415 27.3117 14.9282 8.33101 8.26653 7.02807 3.87401 2.0821 1.84061 1.55919 1.42723 1.3765 1.89886 1.6618 1.3213 1.27849 1.14117 2.1275 1.82124 2.01709 1.38512 3.38695 1.28497 1.20634 1.16544 1.12849 1.52244 1.04547 1.03932 1.73721
threshold=1.0000000180025095e-35 0 44.500000000000007 82.500000000000014 56.500000000000007 74.500000000000014 84.500000000000014 5.5000000000000009 61.500000000000007 0.40771512687206274 46.500000000000007 1 4.4024434089660653 2 4.3706805706024179 3 1.0000000180025095e-35 4 1.5000000000000002 7.5000000000000009 4.3852720260620126 4.3855419158935556 4.5000000000000009 5 4.4070219993591317 6 4.3551294803619394 7 48.500000000000007 1.2787584662437441
decision_type=2 1 2 2 2 2 2 2 2 2 2 1 2 1 2 1 2 1 2 2 2 2 2 1 2 1 2 1 2 2
left_child=1 3 -3 9 10 8 7 11 -6 -1 -4 15 13 -13 25 -7 17 18 19 -16 27 22 -22 24 -23 -12 -27 -18 -20 -30
right_child=-2 2 4 -5 5 6 -8 -9 -10 -11 14 12 -14 -15 16 -17 20 -19 28 -21 21 23 -24 -25 -26 26 -28 -29 29 -31
leaf_value=-0.006063116568852449 -0.0005478318398703042 -0.0005478318398703042 -0.016216901693564708 -0.00081852209281723255 -0.00077045442475239066 -0.0088573531489179597 -0.0005478318398703042 -0.0062251248747044021 -0.0005478318398703042 0.00054515142263801097 -0.012814236073832478 0.026565611728297085 0.051406781186032868 -0.00088227165042759125 0.00089456471944670689 0.0045305021663499543 0.0084469896828598436 -0.0021144226951328895 -0.012217615540270399 0.081042407873274019 0.070037060644691146 0.019852087616739879 0.026843555395279668 -0.0032194968053282976 -0.013826236322524658 0.034998000998889077 -0.0047699154768889463 -0.013758619478303275 0.038862799671125554 -0.021802046596148594
leaf_weight=202 36269 5752 896 934 1652 469 558 185 3901 17819 414 244 47 442 46 932 104 427 122 70 30 358 22 1048 106 52 247 370 302 46
leaf_count=202 36269 5752 896 934 1652 469 558 185 3901 17819 414 244 47 442 46 932 104 427 122 70 30 358 22 1048 106 52 247 370 302 46
internal_value=-0.00314895 -0.00146797 -0.00281605 -0.000127936 -0.00188312 -0.00281732 -0.000811611 8.8399e-05 -0.00385648 0.000110703 -0.000193134 0.000529521 0.00226783 0.00163265 0.000233793 -0.000393339 0.000686659 0.00205824 0.00397651 0.00965517 4.90558e-06 0.000722505 0.0132692 0.000291004 0.00238397 -0.00170407 0.000663429 -0.00236287 0.00265957 0.00405172
internal_weight=74066 37797 18842 18955 13090 8430 2877 2319 5553 18021 4660 2134 733 686 3764 1401 3051 1013 586 116 2038 1564 52 1512 464 713 299 474 470 348
internal_count=74066 37797 18842 18955 13090 8430 2877 2319 5553 18021 4660 2134 733 686 3764 1401 3051 1013 586 116 2038 1564 52 1512 464 713 299 474 470 348
cat_boundaries=0 1 2 3 4 5 6 7 8
cat_threshold=1 5 1853544 1586278 2582051 4213133 5561136 98420
is_linear=0
shrinkage=0.05


Tree=89
num_leaves=31
num_cat=5
split_feature=15 2 3 3 3 3 3 4 19 3 0 4 3 0 21 9 3 7 21 7 3 0 17 9 21 13 21 21 0 21
split_gain=86.3673 27.9884 14.5485 8.4201 8.33557 6.84864 3.33965 1.83947 1.53109 1.51338 1.37491 1.27734 1.82959 1.57843 1.25534 1.39369 1.44768 1.14998 1.20916 1.33198 1.42693 1.09843 1.09443 1.07338 1.0487 0.95836 0.942751 1.29565 0.926315 2.04018
threshold=1.0000000180025095e-35 0 44.500000000000007 82.500000000000014 56.500000000000007 74.500000000000014 84.500000000000014 5.5000000000000009 0.40771512687206274 65.500000000000014 1 4.5000000000000009 48.500000000000007 2 4.3706805706024179 1.0000000180025095e-35 55.500000000000007 32.899999618530281 4.3981130123138437 23.69999980926514 78.500000000000014 3 1.0000000180025095e-35 1.0000000180025095e-35 4.3561294078826913 0.99137932062149059 4.4038105010986337 4.4028847217559823 4 4.373164415359498
decision_type=2 1 2 2 2 2 2 2 2 2 1 2 2 1 2 2 2 2 2 2 2 1 2 2 2 2 2 2 1 2
left_child=1 3 -3 8 11 9 7 10 -1 -6 -7 14 -13 -14 24 16 -16 18 19 23 28 -20 -19 -10 -4 -24 27 -12 29 -21
right_child=-2 2 4 -5 5 6 -8 -9 17 -11 26 12 13 -15 15 -17 -18 22 21 20 -22 -23 25 -25 -26 -27 -28 -29 -30 -31
leaf_value=-0.0059825045148203578 -0.00052044024787678902 -0.00052044024787678902 0.0061246327466923283 -0.00077899593525626468 -0.00052044024787678902 0.01274969862450423 -0.00052044024787678902 -0.0056446220360204412 0.059995296785981644 -0.00052044024787678902 -0.00083850185721734633 -0.022548637460495655 0.017499684777514655 -0.0052040604180338566 0.017153997861741235 -0.00035968398304405774 0.06470973626362192 0.021640049015947023 0.0089375788065957206 -0.00023644968100256598 -0.0090351817447019058 -0.0036871418375936252 0.087309071861709567 -0.014845010046219666 -0.017889784270954869 0.037819644420851069 -0.014081635137002991 0.063754767553613992 0.00074646603674654319 0.024443679899353157
leaf_weight=199 36352 5776 191 942 2912 781 553 173 22 2687 1014 374 253 331 930 2113 48 218 603 2034 593 3264 26 490 455 53 307 34 7809 2626
leaf_count=199 36352 5776 191 942 2912 781 553 173 22 2687 1014 374 253 331 930 2113 48 218 603 2034 593 3264 26 490 455 53 307 34 7809 2626
internal_value=-0.00316216 -0.00148912 -0.00284756 -0.000126862 -0.00192916 -0.00286668 -0.00087701 -4.11445e-05 0.000115124 -0.00388373 0.000360486 -0.000239618 -0.00186848 -0.000119864 0.000177949 0.000596893 0.00215746 0.000164053 0.000111518 0.000333725 0.000431786 -0.000668478 0.00324916 -0.00216797 -0.00182663 0.00829114 -0.000604397 0.000104961 0.000545752 0.00110278
internal_weight=74163 37811 18932 18879 13156 8461 2862 2309 17937 5599 2136 4695 958 584 3737 3091 978 17738 17441 13574 13062 3867 297 512 646 79 1355 1048 12469 4660
internal_count=74163 37811 18932 18879 13156 8461 2862 2309 17937 5599 2136 4695 958 584 3737 3091 978 17738 17441 13574 13062 3867 297 512 646 79 1355 1048 12469 4660
cat_boundaries=0 1 2 3 4 5
cat_threshold=1 805720 2335251 1573148 491961
is_linear=0
shrinkage=0.05


Tree=90
num_leaves=31
num_cat=10
split_feature=18 0 3 2 3 3 3 3 0 4 0 0 6 3 19 21 3 0 13 7 3 21 19 13 7 21 19 0 0 0
split_gain=26.6527 6.52104 3.20527 2.59934 3.96064 2.25319 1.59854 2.22161 1.47787 1.27992 1.22638 1.18564 1.04304 0.948053 0.927373 0.776985 0.755881 0.744796 0.909159 1.1148 0.734921 0.943734 0.920128 1.05991 0.856545 0.796024 2.05319 0.712988 0.70817 0.707405
threshold=1.0000000180025095e-35 0 61.500000000000007 1 81.500000000000014 54.500000000000007 43.500000000000007 57.500000000000007 2 2.5000000000000004 3 4 5 66.500000000000014 1.6574097871780398 4.4182326793670663 44.500000000000007 6 1.0204166769981386 31.500000000000004 57.500000000000007 4.3734130859375009 0.95294350385665905 0.94782215356826793 28.899999618530277 4.3702573776245126 0.95473417639732372 7 8 9
decision_type=2 1 2 1 2 2 2 2 1 2 1 1 1 2 2 2 2 1 2 2 2 2 2 2 2 2 2 1 1 1
left_child=3 2 15 4 8 11 -5 16 -1 10 12 14 -4 29 -3 17 -8 18 19 -2 -19 25 23 24 -23 -22 -27 -11 -17 -10
right_child=1 5 9 6 -6 -7 7 -9 13 27 -12 -13 -14 -15 -16 28 -18 20 -20 -21 21 22 -24 -25 -26 26 -28 -29 -30 -31
leaf_value=-0.0004944182354829496 -0.0031852800891162703 -0.0035229485367910341 -0.0034699638428459831 -0.0004944182354829496 -0.0004944182354829496 -0.0026534936277487417 -0.0004944182354829496 -0.0004944182354829496 0.0002552912239807898 -0.0028142744918153001 -0.0034014563029758325 -0.0035472251554696794 0.012505248971947339 -0.0004944182354829496 0.027825079805764222 -0.0033304769165053809 -0.0004944182354829496 -0.0034371336540733677 -0.0036748897784618577 -0.0039880788919749504 0.0053360976643412892 0.061103031130751245 -0.005155518812711481 -0.0053505939327061144 0.041159876448689695 0.0052727620322964731 0.062252674381250463 -0.0023960871543257534 0.015531496236333804 -0.0017106747074488345
leaf_weight=3029 2044 2357 1271 7985 3840 8826 605 15084 535 1078 2005 6028 349 1657 46 118 2450 6713 1292 896 226 20 313 226 67 57 22 2952 228 1759
leaf_count=3029 2044 2357 1271 7985 3840 8826 605 15084 535 1078 2005 6028 349 1657 46 118 2450 6713 1292 896 226 20 313 226 67 57 22 2952 228 1759
internal_value=-0.00318975 -0.00224377 -0.00162342 -0.00414059 -0.00348891 -0.00295564 -0.0044105 -0.004151 -0.00277937 -0.00242652 -0.00174483 -0.00237279 -0.000705523 -0.00212194 -0.00332159 -0.00112175 -0.00292144 -0.0011898 -0.00172324 -0.0012415 -0.000891039 0.000424274 -0.000686902 0.00123003 0.00591954 0.00270492 0.00702532 -0.0030397 0.00121387 -0.00146905
internal_weight=74078 37134 19877 36944 10820 17257 26124 18139 6980 7655 3625 8431 1620 3951 2403 12222 3055 11876 4232 2940 7644 931 626 313 87 305 79 4030 346 2294
internal_count=74078 37134 19877 36944 10820 17257 26124 18139 6980 7655 3625 8431 1620 3951 2403 12222 3055 11876 4232 2940 7644 931 626 313 87 305 79 4030 346 2294
cat_boundaries=0 1 2 3 4 5 6 7 8 9 10
cat_threshold=6409747 1 1581272 85504 524680 19 4259858 16912 6326272 282114
is_linear=0
shrinkage=0.05


Tree=91
num_leaves=31
num_cat=4
split_feature=15 18 2 3 3 3 3 3 3 4 4 19 3 3 0 13 0 3 13 9 21 7 3 20 4 20 20 13 0 13
split_gain=87.5958 39.5573 9.1608 6.11946 4.66413 3.90196 2.39827 1.99978 1.73788 0.927567 0.833337 0.86136 0.790623 1.24333 0.837696 0.74529 0.715181 1.03021 0.937198 1.10586 0.767946 1.10151 0.812181 1.05343 0.7547 0.706303 0.832005 1.07302 0.699816 0.638026
threshold=1.0000000180025095e-35 1.0000000180025095e-35 0 82.500000000000014 44.500000000000007 56.500000000000007 73.500000000000014 85.500000000000014 65.500000000000014 4.5000000000000009 4.5000000000000009 1.1033705472946169 80.500000000000014 77.500000000000014 1 0.90682870149612438 2 43.500000000000007 0.96214285492897045 1.0000000180025095e-35 4.3699970245361337 25.10000038146973 61.500000000000007 11.500000000000002 5.5000000000000009 8.5000000000000018 12.500000000000002 0.99137932062149059 3 1.0245215296745303
decision_type=2 2 1 2 2 2 2 2 2 2 2 2 2 2 1 2 1 2 2 2 2 2 2 2 2 2 2 2 1 2
left_child=1 2 3 16 -4 10 8 9 -7 12 11 28 13 14 -8 -13 17 18 19 -1 -19 -22 23 -23 -18 -15 27 -27 -6 -3
right_child=-2 29 4 -5 5 6 7 -9 -10 -11 -12 15 -14 25 -16 -17 24 20 -20 -21 21 22 -24 -25 -26 26 -28 -29 -30 -31
leaf_value=0.08173530482993166 -0.00046969732370880215 0.0012330738465505533 -0.00046969732370880215 -0.00071383821936130435 0.0067117510822905443 -0.00046969732370880215 0.021935624796550018 -0.00046969732370880215 -0.00046969732370880215 -0.0054345657285569861 -0.01394077744553745 0.073594239991306043 -0.0046625476378721964 0.016809081292946653 -0.0043504565967333068 0.027487494408590354 -0.00025503021791756426 -0.0089685113207632287 -0.004325990055413168 -0.015033310463044415 0.1027033749930463 0.016840708655068867 0.016198711993862591 0.042834976684974074 -0.013132023271898894 0.055249549442129446 0.0042268572728443154 0.037486799394886243 -0.0035183887035417265 -0.001530240804032175
leaf_weight=32 36378 13952 5727 921 216 2523 106 364 2384 223 205 20 432 86 250 184 2158 132 215 44 20 64 292 27 166 21 24 24 415 6564
leaf_count=32 36378 13952 5727 921 216 2523 106 364 2384 223 205 20 432 86 250 184 2158 132 215 44 20 64 292 27 166 21 24 24 415 6564
internal_value=-0.00314006 -0.00145418 -0.00321708 -0.00114345 -0.00385641 -0.00303397 -0.00349309 -0.00176471 -0.004032 -0.000754718 -0.000192309 0.000508981 -6.89301e-05 0.00126223 -0.00036517 0.00333333 -9.52393e-05 0.00116029 -0.00121993 0.00355263 0.00247663 0.00356079 0.00296345 0.00708791 -0.000544131 0.005 0.00876811 0.0127778 -0.000404122 3.02191e-05
internal_weight=74169 37791 17275 4071 13204 7477 6437 1530 4907 1166 1040 835 943 511 356 204 3150 826 291 76 535 403 383 91 2324 155 69 45 631 20516
internal_count=74169 37791 17275 4071 13204 7477 6437 1530 4907 1166 1040 835 943 511 356 204 3150 826 291 76 535 403 383 91 2324 155 69 45 631 20516
cat_boundaries=0 1 2 3 4
cat_threshold=1 574725 819613 3147548
is_linear=0
shrinkage=0.05


Tree=92
num_leaves=31
num_cat=2
split_feature=15 18 3 3 3 3 4 3 7 21 21 7 3 13 19 3 6 21 21 13 19 21 4 21 3 9 20 21 17 6
split_gain=85.0658 36.6044 3.76262 4.35279 1.53848 4.46576 1.31513 1.17749 0.939823 1.36703 1.05771 0.905989 1.08551 0.926353 0.8157 0.719548 1.07498 0.812896 1.21212 0.657167 0.935557 0.844947 0.838883 0.972137 3.14001 1.05326 1.3762 0.835188 0.64665 0.638977
threshold=1.0000000180025095e-35 1.0000000180025095e-35 44.500000000000007 57.500000000000007 73.500000000000014 83.500000000000014 5.5000000000000009 65.500000000000014 24.800000190734867 4.3820624351501474 4.3609066009521493 27.400000572204593 74.500000000000014 1.0816667079925539 0.93918329477310192 46.500000000000007 0 4.3832964897155771 4.3810324668884286 1.0307765007019045 1.2069920897483828 4.370908498764039 1.5000000000000002 4.3676724433898935 76.500000000000014 1.0000000180025095e-35 11.500000000000002 4.3759601116180429 2.5000000000000004 1
decision_type=2 2 2 2 2 2 2 2 2 2 2 2 2 2 2 2 1 2 2 2 2 2 2 2 2 2 2 2 2 1
left_child=1 2 -1 15 7 6 8 14 9 10 -6 -10 -13 -14 -5 -4 17 18 -17 22 -21 -22 23 24 -3 26 27 -25 -23 -16
right_child=-2 19 3 4 5 -7 -8 -9 11 -11 -12 12 13 -15 29 16 -18 -19 -20 20 21 28 -24 25 -26 -27 -28 -29 -30 -31
leaf_value=-0.000446212457523362 -0.000446212457523362 -0.0082044705224634182 -0.006884498523892388 -0.000446212457523362 0.073743485377905441 -0.000446212457523362 -0.0019751414675274067 -0.000446212457523362 -0.0019198634574312127 0.075763304366663176 -0.0019496509197041217 -0.0052387046667470736 0.016423447926443856 -0.008877630661400104 -0.000446212457523362 0.032201046862154158 0.00011504721564229922 0.030187214485553362 0.060571116177698184 -0.0030064274046108916 -0.0061870165216644357 0.0084205587618691354 -0.00061993266560296805 0.00086374176003390735 0.10365536331091647 0.0011981380568525919 0.035755617492956769 0.16043631816882359 0.2361655223785494 -0.000446212457523362
leaf_weight=7019 36396 61 545 1372 22 1388 155 2821 975 22 63 186 439 41 756 24 907 58 20 5308 283 495 10030 416 32 3603 221 39 27 517
leaf_count=7019 36396 61 545 1372 22 1388 155 2821 975 22 63 186 439 41 756 24 907 58 20 5308 283 495 10030 416 32 3603 221 39 27 517
internal_value=-0.00315601 -0.00149624 -0.00318811 -0.00258026 -0.00301302 -0.00215892 -0.000585918 -0.00352726 -0.000194509 0.00434579 0.00147059 -0.000490556 0.00093093 0.0021875 -0.00276938 -0.000141571 0.000649156 0.00526786 0.0109091 -6.70253e-05 -0.000501392 0.00108696 0.000117344 0.000695333 0.00575269 0.000585416 0.00239645 0.000824175 0.00227969 -0.00185782
internal_weight=74241 37845 17330 10311 8757 3291 1903 5466 1748 107 85 1641 666 480 2645 1554 1009 102 44 20515 6113 805 14402 4372 93 4279 676 455 522 1273
internal_count=74241 37845 17330 10311 8757 3291 1903 5466 1748 107 85 1641 666 480 2645 1554 1009 102 44 20515 6113 805 14402 4372 93 4279 676 455 522 1273
cat_boundaries=0 1 2
cat_threshold=8 11
is_linear=0
shrinkage=0.05


Tree=93
num_leaves=31
num_cat=2
split_feature=15 18 2 3 3 3 3 3 3 4 21 13 7 4 7 13 13 21 4 7 7 3 21 3 4 4 6 3 3 13
split_gain=86.7262 36.5405 10.3209 6.97859 5.0108 3.82492 3.18707 2.35201 1.49054 1.03006 0.879766 0.737572 0.729165 0.687757 0.67142 0.809059 0.636844 0.624133 0.913603 2.10804 0.804641 1.03226 0.792273 3.44632 1.1227 0.576518 0.575391 0.638175 1.2856 0.625617
threshold=1.0000000180025095e-35 1.0000000180025095e-35 0 82.500000000000014 44.500000000000007 57.500000000000007 73.500000000000014 85.500000000000014 65.500000000000014 5.5000000000000009 4.3626122474670419 0.89433810114860546 23.19999980926514 4.5000000000000009 27.400000572204593 1.0612499713897707 1.0386904478073122 4.3710577487945566 3.5000000000000004 32.100000381469734 32.899999618530281 58.500000000000007 4.3701629638671884 64.500000000000014 1.5000000000000002 1.5000000000000002 1 45.500000000000007 53.500000000000007 0.94590643048286449
decision_type=2 2 1 2 2 2 2 2 2 2 2 2 2 2 2 2 2 2 2 2 2 2 2 2 2 2 1 2 2 2
left_child=1 2 3 10 -4 11 8 9 13 12 -1 -6 -8 17 -12 -16 -3 22 20 -20 -19 -22 25 24 -24 -7 -13 -28 29 -29
right_child=-2 16 4 -5 5 6 7 -9 -10 -11 14 26 -14 -15 15 -17 -18 18 19 -21 21 -23 23 -25 -26 -27 27 28 -30 -31
leaf_value=-0.0037855336396587004 -0.00042390183464719388 0.00080769768081768447 -0.00042390183464719388 -0.00059952131413343952 0.057736381694638364 -0.00042390183464719388 0.10057647019688915 -0.00042390183464719388 -0.00042390183464719388 -0.0054427244530082667 -0.00067919949168614754 0.0032489120653278179 -0.00030086696811973531 -0.00042390183464719388 0.0086271024620711637 -0.0025853858038713293 -0.0020440602580520471 -0.00042390183464719388 -0.00042390183464719388 0.099576075515587795 -0.0010402921513841153 0.061094564916702988 -0.00042390183464719388 0.04219607223108416 0.044015631784705786 -0.00042390183464719388 -0.019544691557312269 -0.0045677457944760273 -0.0058403809544564454 0.026338104334635966
leaf_weight=414 36290 15105 5698 941 40 151 21 367 2383 111 1279 483 1046 437 1193 287 5348 958 188 20 31 31 76 22 31 352 197 64 239 213
leaf_count=414 36290 15105 5698 941 40 151 21 367 2383 111 1279 483 1046 437 1193 287 5348 958 188 20 31 31 76 22 31 352 197 64 239 213
internal_value=-0.00312406 -0.00144542 -0.00313871 -0.000952845 -0.0038221 -0.00296944 -0.0034739 -0.00150486 -0.00412393 -0.00041596 0.000168609 -0.000428804 6.09173e-05 -0.00321506 0.000491119 0.00121622 -1.54024e-05 -0.0027957 -0.00345277 -0.000432693 -0.00406863 0.00145161 -0.00151899 0.00197674 -0.00172897 -0.00241551 -0.000652175 -0.00154219 -0.000639536 0.0016787
internal_weight=74016 37726 17273 4114 13159 7461 6225 1545 4680 1178 3173 1236 1067 2297 2759 1480 20453 1860 1228 208 1020 62 632 129 107 503 1196 713 516 277
internal_count=74016 37726 17273 4114 13159 7461 6225 1545 4680 1178 3173 1236 1067 2297 2759 1480 20453 1860 1228 208 1020 62 632 129 107 503 1196 713 516 277
cat_boundaries=0 1 2
cat_threshold=1 28
is_linear=0
shrinkage=0.05


Tree=94
num_leaves=31
num_cat=4
split_feature=15 18 2 3 3 3 3 3 3 4 9 21 13 4 9 0 0 21 3 7 21 3 3 19 13 21 21 3 3 0
split_gain=85.1519 38.5703 9.11457 6.04928 4.69773 4.0712 3.43444 2.34636 1.14845 1.00422 0.873274 1.12858 1.15081 0.786325 1.50702 1.67181 1.21966 0.903429 0.881186 1.0847 1.25307 0.862797 1.77638 1.1264 1.10446 0.858782 1.09693 1.0825 0.847341 0.866784
threshold=1.0000000180025095e-35 1.0000000180025095e-35 0 82.500000000000014 44.500000000000007 57.500000000000007 73.500000000000014 85.500000000000014 65.500000000000014 5.5000000000000009 1.0000000180025095e-35 4.3713068962097177 1.0540935993194582 1.5000000000000002 1.0000000180025095e-35 1 2 4.373164415359498 42.500000000000007 27.800000190734867 4.3688275814056405 46.500000000000007 38.500000000000007 1.3290136456489565 0.9574275314807893 4.4112987518310556 4.3809592723846444 74.500000000000014 82.500000000000014 3
decision_type=2 2 1 2 2 2 2 2 2 2 2 2 2 2 2 1 1 2 2 2 2 2 2 2 2 2 2 2 2 1
left_child=1 2 3 -1 -4 10 8 9 -7 -8 11 -6 -13 14 15 17 -16 -3 -18 20 -20 22 -19 24 -23 26 -21 -28 29 -15
right_child=-2 13 4 -5 5 6 7 -9 -10 -11 -12 12 -14 28 16 -17 18 21 19 25 -22 23 -24 -25 -26 -27 27 -29 -30 -31
leaf_value=-0.00021747973539278933 -0.00040270674291483416 0.0091004548551124713 -0.00040270674291483416 -0.00056954524842676752 -0.0033409416168756808 -0.00040270674291483416 0.00022561174264501281 -0.00040270674291483416 -0.00040270674291483416 -0.005109915730370211 -0.0030792482135246365 0.023172464243062754 0.026179122611123141 0.0010793755391591397 -0.0038720003335862558 0.001408877146243846 -0.003448299120077998 0.058910208863379915 0.096342252242706317 -0.002502443213109874 0.019490954968842615 0.13229708584903457 -0.027934739002298412 0.08124229697449678 0.051863965462123331 -0.011844329228717846 0.027136025948603367 -0.0082894810787776871 -0.026895213970210319 -0.0024439842038751257
leaf_weight=3184 36541 104 5731 923 259 2297 1072 368 2380 109 720 207 44 5718 2024 610 584 44 44 872 687 43 58 25 71 299 745 152 148 8254
leaf_count=3184 36541 104 5731 923 259 2297 1072 368 2380 109 720 207 44 5718 2024 610 584 44 44 872 687 43 58 25 71 299 745 152 148 8254
internal_value=-0.0031478 -0.00148322 -0.00322193 -0.00116509 -0.00386252 -0.00303514 -0.00355445 -0.00151388 -0.00423028 -0.000427605 -0.000406505 0.00117647 0.00356574 -1.51364e-05 0.000446399 0.00227749 0.000122988 0.005 0.000702917 0.0010736 0.00272914 0.00682572 0.00333333 0.00938849 0.0072807 0.000488393 0.000907291 0.00213489 -0.000223089 -0.000183225
internal_weight=74317 37776 17294 4107 13187 7456 6226 1549 4677 1181 1230 510 251 20482 6362 955 5407 345 3383 2799 731 241 102 139 114 2068 1769 897 14120 13972
internal_count=74317 37776 17294 4107 13187 7456 6226 1549 4677 1181 1230 510 251 20482 6362 955 5407 345 3383 2799 731 241 102 139 114 2068 1769 897 14120 13972
cat_boundaries=0 1 2 3 4
cat_threshold=1 458867 3305696 3424697
is_linear=0
shrinkage=0.05


Tree=95
num_leaves=31
num_cat=8
split_feature=15 2 3 3 3 3 3 4 19 3 3 0 6 0 21 0 21 19 21 19 0 7 2 3 3 4 21 19 0 3
split_gain=82.7474 27.1034 14.6186 8.41208 7.99591 7.41403 3.18851 1.96278 1.52871 1.51185 1.45283 1.40354 1.32075 1.36758 1.1792 1.09164 1.01466 1.22808 0.901113 0.857527 2.12552 1.89766 2.42027 5.50289 0.873206 0.7737 0.933212 0.874589 0.736048 0.795951
threshold=1.0000000180025095e-35 0 44.500000000000007 82.500000000000014 56.500000000000007 74.500000000000014 84.500000000000014 5.5000000000000009 0.40771512687206274 65.500000000000014 46.500000000000007 1 2 3 4.398792266845704 4 4.3706805706024179 0.69001421332359325 4.3566455841064462 0.40771512687206274 5 29.60000038146973 6 63.500000000000007 55.500000000000007 2.5000000000000004 4.3714139461517343 1.0840300917625429 7 34.500000000000007
decision_type=2 1 2 2 2 2 2 2 2 2 2 1 1 1 2 1 2 2 2 2 1 2 1 2 2 2 2 2 1 2
left_child=1 3 -3 8 10 9 7 12 -1 -6 18 -12 15 -14 25 -7 -13 -18 -4 20 21 -2 23 -23 -24 26 -15 -27 29 -10
right_child=19 2 4 -5 5 6 -8 -9 28 -11 11 16 13 14 -16 -17 17 -19 -20 -21 -22 22 24 -25 -26 27 -28 -29 -30 -31
leaf_value=-0.0049427970225455163 -0.00038257140576909249 -0.00038257140576909249 0.12043274350543141 -0.00054106798600542911 -0.00038257140576909249 -0.0098723314409245987 -0.00038257140576909249 -0.0049882983471540463 -0.017897177903219371 -0.00038257140576909249 0.016020465541483935 -0.0098272993412497241 0.040285346145133211 0.029247172072266972 0.06733484656258075 0.0017648188969742852 -0.013072426315874226 0.0018084004524921611 -0.014953296507800445 -0.00038257140576909249 -0.00038257140576909249 -9.0049810382256545e-07 1.1443495433421316e-05 6.2564654267120237e-05 -0.00038257140576909249 -0.043708289385017633 0.0073462223285916325 0.0089047100812497722 0.00098291129631926681 -0.0013633221852932384
leaf_weight=202 111 5740 31 939 2915 371 560 181 240 2678 842 569 210 49 39 1055 196 2230 879 35045 965 51 22 42 73 134 190 120 14478 3027
leaf_count=202 111 5740 31 939 2915 371 560 181 240 2678 842 569 210 49 39 1055 196 2230 879 35045 965 51 22 42 73 134 190 120 14478 3027
internal_value=-0.00314987 -0.00151485 -0.00284876 -0.000173675 -0.00193562 -0.00285345 -0.00080612 2.12737e-06 6.76981e-05 -0.00391829 -0.000291764 0.000134218 0.000419741 0.00211436 0.000719556 -0.000473539 -0.000374377 7.0073e-05 -0.00208791 -0.00485541 -0.00357595 0.000177992 0.00324468 0.00897849 -0.00236842 7.09927e-05 0.00211297 -0.00185039 0.000116933 -0.000559965
internal_weight=74184 37875 18989 18886 13249 8502 2909 2349 17947 5593 4747 3837 2168 742 532 1426 2995 2426 910 36309 1264 299 188 93 95 493 239 254 17745 3267
internal_count=74184 37875 18989 18886 13249 8502 2909 2349 17947 5593 4747 3837 2168 742 532 1426 2995 2426 910 36309 1264 299 188 93 95 493 239 254 17745 3267
cat_boundaries=0 1 2 3 4 5 6 7 8
cat_threshold=1 73999 5 1837130 1585250 98307 1 4195396
is_linear=0
shrinkage=0.05


Tree=96
num_leaves=31
num_cat=7
split_feature=15 2 17 7 16 6 7 19 19 19 0 7 20 7 7 4 19 0 0 4 19 21 7 0 6 20 4 4 21 21
split_gain=81.4185 27.9454 4.77614 3.62534 2.96294 2.33825 1.82075 1.61388 1.45326 2.38097 1.30088 1.43843 1.28767 1.2327 1.35743 1.14372 1.10582 1.55797 1.10335 1.06274 1.74523 1.36802 1.43946 1.032 1.38566 0.995835 1.10455 0.940426 2.13792 1.30786
threshold=1.0000000180025095e-35 0 1.0000000180025095e-35 25.69999980926514 1.0000000180025095e-35 1 31.500000000000004 0.40771512687206274 1.0036008358001711 0.99980619549751293 2 23.69999980926514 10.500000000000002 28.899999618530277 26.69999980926514 4.5000000000000009 0.93757894635200512 3 4 4.5000000000000009 0.79038903117179882 4.3714139461517343 28.69999980926514 5 6 5.5000000000000009 1.5000000000000002 1.5000000000000002 4.3719420433044442 4.3809592723846444
decision_type=2 1 2 2 2 1 2 2 2 2 1 2 2 2 2 2 2 1 1 2 2 2 2 1 1 2 2 2 2 2
left_child=1 3 4 5 6 10 8 -5 9 13 -1 -12 -10 14 -3 18 -6 -18 -14 20 21 -16 -23 24 -22 -26 -27 28 -20 -30
right_child=-2 2 -4 7 16 -7 -8 -9 12 -11 11 -13 15 -15 19 -17 17 -19 27 -21 23 22 -24 -25 25 26 -28 -29 29 -31
leaf_value=-0.00057575336445265981 -0.00036344283548063786 -0.00036344283548063786 -0.0019770565422251663 -0.0036067520954405326 -0.016910469495569905 -0.00051401458670515758 -0.00036344283548063786 0.0006871204408829591 -0.00036344283548063786 -0.00036344283548063786 -0.00057181596544678874 0.0044361658809371953 -0.00048417785034896433 -0.00036344283548063786 0.021617110781475136 -0.00048417785034896433 0.026759944620515591 -0.0049231949716437677 -0.00060803059207270853 -0.00036344283548063786 -0.00036344283548063786 -0.00044358746284228192 0.052229939507541838 -0.00036344283548063786 -0.00036344283548063786 0.038725687974228359 -0.00036344283548063786 -0.00048417785034896433 0.063913562570898794 0.0080412761121123957
leaf_weight=781 36372 1039 1629 208 396 518 2313 16173 3398 3816 551 667 470 2771 38 294 204 366 76 492 243 105 42 515 129 110 66 337 43 37
leaf_count=781 36372 1039 1629 208 396 518 2313 16173 3398 3816 551 667 470 2771 38 294 204 366 76 492 243 105 42 515 129 110 66 337 43 37
internal_value=-0.00315833 -0.00153422 -0.00289212 -0.000174094 -0.00313584 -0.0019408 -0.00329497 9.73677e-05 -0.00350938 -0.00386825 -0.00114236 -0.000114008 -0.00278733 -0.00320721 -0.00246312 -0.00142005 -0.000445136 0.000964911 -0.000586709 -0.0016092 -0.000833335 0.00364865 0.00146258 -0.00161336 -7.16858e-05 0.00214286 0.00465909 0.00106362 0.00429487 0.01
internal_weight=74199 37827 18929 18898 17300 2517 16334 16381 14021 9366 1999 1218 4655 5550 2779 1257 966 570 963 1740 1248 185 147 1063 548 305 176 493 156 80
internal_count=74199 37827 18929 18898 17300 2517 16334 16381 14021 9366 1999 1218 4655 5550 2779 1257 966 570 963 1740 1248 185 147 1063 548 305 176 493 156 80
cat_boundaries=0 1 2 3 4 5 6 7
cat_threshold=1 28 5006244 4289665 5669810 7179040 12
is_linear=0
shrinkage=0.05


Tree=97
num_leaves=31
num_cat=3
split_feature=15 18 2 3 3 3 3 3 3 3 19 18 13 13 2 19 3 3 4 6 21 21 9 4 3 12 3 7 3 3
split_gain=77.5203 34.8205 8.65345 5.73019 4.37851 2.4208 2.7979 2.09321 1.6726 1.25631 1.09942 2.79757 1.40756 4.55446 1.09592 1.20197 0.934216 1.62054 0.862074 0.836898 1.09039 0.90177 0.71376 1.3786 0.791283 0.71271 1.90643 0.80157 1.07835 1.13625
threshold=1.0000000180025095e-35 1.0000000180025095e-35 0 82.500000000000014 43.500000000000007 57.500000000000007 73.500000000000014 85.500000000000014 45.500000000000007 65.500000000000014 0.40771512687206274 0.35714286565780645 1.0212862491607668 1.0245215296745303 1 0.40771512687206274 63.500000000000007 74.500000000000014 5.5000000000000009 2 4.3619239330291757 4.423603057861329 1.0000000180025095e-35 1.0000000180025095e-35 52.500000000000007 1.0000000180025095e-35 62.500000000000007 31.10000038146973 60.500000000000007 58.500000000000007
decision_type=2 2 1 2 2 2 2 2 2 2 2 2 2 2 1 2 2 2 2 1 2 2 2 2 2 2 2 2 2 2
left_child=1 2 3 -1 -4 8 9 18 -6 25 11 -2 -13 -14 15 -3 -15 -18 -8 20 -16 -21 23 -10 -24 27 -27 -7 29 -29
right_child=10 14 4 -5 5 6 7 -9 22 -11 -12 12 13 16 19 -17 17 -19 -20 21 -22 -23 24 -25 -26 26 -28 28 -30 -31
leaf_value=-0.00051188217653341946 -0.00034527069370660595 -0.0043152633047266837 -0.00034527069370660595 -0.00048831385736989978 -0.0011413932063692321 -0.00034527069370660595 -0.0010117599750738087 -0.00034527069370660595 0.15765491156595302 -0.00034527069370660595 -0.00034527069370660595 -4.0389059053564938e-05 7.1440311976526502e-05 -2.9400391983060908e-05 0.10834899624094199 0.00029770395520469038 7.1440311976526502e-05 -0.0021980324882594142 -0.004713347116183899 -0.0047908179812394067 0.0010065743664489585 0.027814131704724562 0.0047961287883538225 0.0046798442073446396 -0.0040104801020484308 -0.00034527069370660595 0.094537963090073396 -0.00093084149460668131 -0.00034527069370660595 0.020302376506881797
leaf_weight=3197 845 156 5301 925 719 1013 1073 377 21 2407 35175 212 31 92 25 14664 32 24 107 4869 743 21 233 366 321 41 26 154 792 267
leaf_count=3197 845 156 5301 925 719 1013 1073 377 21 2407 35175 212 31 92 25 14664 32 24 107 4869 743 21 233 366 321 41 26 154 792 267
internal_value=-0.00320084 -0.00161537 -0.00326413 -0.00126395 -0.00388788 -0.00314324 -0.00359358 -0.00175658 -0.00144578 -0.00420213 -0.00484757 -0.00338188 0.000115088 0.00337989 -0.000219261 6.74645e-06 -0.000270271 0.00482143 -0.00072034 -0.000811242 0.000719793 -0.00105102 -5.84497e-05 0.00158915 -0.00120939 -0.00336459 0.00171642 -0.00351752 -0.00265045 -0.000605702
internal_weight=74229 37818 17340 4122 13218 7917 6257 1557 1660 4700 36411 1236 391 179 20478 14820 148 56 1180 5658 768 4890 941 387 554 2293 67 2226 1213 421
internal_count=74229 37818 17340 4122 13218 7917 6257 1557 1660 4700 36411 1236 391 179 20478 14820 148 56 1180 5658 768 4890 941 387 554 2293 67 2226 1213 421
cat_boundaries=0 1 2 3
cat_threshold=1 1 8
is_linear=0
shrinkage=0.05


Tree=98
num_leaves=31
num_cat=6
split_feature=15 18 2 3 3 3 3 3 3 19 18 0 18 7 13 19 13 0 7 0 7 19 0 13 7 21 21 13 0 21
split_gain=83.1252 37.818 9.63458 6.43319 4.63637 3.77762 3.21841 2.25221 1.23651 1.21073 3.04553 4.26359 7.52296 2.42472 0.853333 0.799558 0.83571 1.05206 0.8324 0.819446 0.783769 0.927784 0.946931 1.12332 0.734193 0.726691 3.59772 0.720721 0.70487 0.734901
threshold=1.0000000180025095e-35 1.0000000180025095e-35 0 82.500000000000014 44.500000000000007 57.500000000000007 73.500000000000014 85.500000000000014 65.500000000000014 0.40771512687206274 0.35714286565780645 1 0.6428571641445161 31.10000038146973 1.0222331881523135 0.94461482763290416 0.95916664600372326 2 27.10000038146973 3 27.10000038146973 1.0036008358001711 4 1.0178799629211428 27.800000190734867 4.40207862854004 4.3996908664703378 1.0425724387168886 5 4.3615322113037118
decision_type=2 2 1 2 2 2 2 2 2 2 2 1 2 2 2 2 2 1 2 1 2 2 1 2 2 2 2 2 1 2
left_child=1 2 3 15 -4 25 8 28 -7 10 -2 12 13 -12 -14 -1 19 20 -19 -17 21 22 -18 -24 -20 26 -6 -25 29 -8
right_child=9 -3 4 -5 5 6 7 -9 -10 -11 11 -13 14 -15 -16 16 17 18 24 -21 -22 -23 23 27 -26 -27 -28 -29 -30 -31
leaf_value=-0.0026155517430710372 -0.00032800715902127565 -0.0002291710697946912 -0.00032800715902127565 -0.00046389816450140482 -0.00094142308586689448 -0.00032800715902127565 0.048258357941306187 -0.00032800715902127565 -0.00032800715902127565 -0.00032800715902127565 0.00012451429628650108 -0.00032193850237603435 -1.6024593327582111e-05 0.00011308069043095904 3.6199187871250055e-05 -0.00062171233069663497 0.0021664942229419433 -0.013095225583930423 0.079109121400339211 0.0085329944922849978 -0.0009885599898300664 -0.0026883970372350127 0.0063378274673235287 0.032117521575518428 -0.00014720155257594847 -0.0070898623865372039 0.13817667912744308 0.0028980846095058243 -0.0032554358264095442 0.0014452885553275863
leaf_weight=936 847 20568 5752 919 1019 2316 39 367 2402 35163 20 277 48 23 27 233 137 418 32 435 374 129 54 20 359 219 22 54 819 324
leaf_count=936 847 20568 5752 919 1019 2316 39 367 2402 35163 20 277 48 23 27 233 137 418 32 435 374 129 54 20 359 219 22 54 819 324
internal_value=-0.00313657 -0.00149907 -0.00321624 -0.00109756 -0.0038704 -0.00305367 -0.00355593 -0.00157844 -0.00420517 -0.00484343 -0.00330918 0.000316455 0.00789062 0.0252326 -0.001 -3.30097e-05 0.000478841 -0.000149018 -0.00139805 0.00196108 0.00116966 0.00274112 0.00443396 0.00731884 0.000242966 -0.000555557 -4.80427e-06 0.0118919 -0.000516076 0.00130027
internal_weight=74352 37947 17379 4100 13279 7527 6267 1549 4718 36405 1242 395 118 43 75 3181 2245 1577 809 668 768 394 265 128 391 1260 1041 74 1182 363
internal_count=74352 37947 17379 4100 13279 7527 6267 1549 4718 36405 1242 395 118 43 75 3181 2245 1577 809 668 768 394 265 128 391 1260 1041 74 1182 363
cat_boundaries=0 1 2 3 4 5 6
cat_threshold=1 327683 2354472 2320482 9256 638991
is_linear=0
shrinkage=0.05


Tree=99
num_leaves=31
num_cat=2
split_feature=15 18 2 3 3 3 3 3 3 19 18 13 13 3 4 13 17 12 3 6 3 3 4 19 13 19 4 4 19 3
split_gain=80.525 36.9998 9.6545 6.43008 4.371 2.21498 2.93389 2.22062 1.35298 1.31987 3.40012 2.16692 5.61661 1.22361 0.921572 0.799941 1.61513 0.68504 2.06609 0.808525 0.69816 0.930337 1.09454 2.30132 0.951017 0.673238 0.730154 0.737893 0.624183 0.964479
threshold=1.0000000180025095e-35 1.0000000180025095e-35 0 82.500000000000014 43.500000000000007 57.500000000000007 73.500000000000014 85.500000000000014 45.500000000000007 0.40771512687206274 0.35714286565780645 1.0212862491607668 1.0245215296745303 65.500000000000014 5.5000000000000009 1.0816667079925539 1.0000000180025095e-35 1.0000000180025095e-35 62.500000000000007 1 60.500000000000007 58.500000000000007 3.5000000000000004 1.0240518450737002 0.95383521914482128 1.0450130701065066 2.5000000000000004 4.5000000000000009 0.87268143892288219 46.500000000000007
decision_type=2 2 1 2 2 2 2 2 2 2 2 2 2 2 2 2 2 2 2 1 2 2 2 2 2 2 2 2 2 2
left_child=1 2 3 -1 -4 8 13 14 25 10 -2 -12 -13 17 -8 -14 -17 19 -19 20 21 -7 23 24 -23 -6 -27 -28 -3 -30
right_child=9 28 4 -5 5 6 7 -9 -10 -11 11 12 15 -15 -16 16 -18 18 -20 -21 -22 22 -24 -25 -26 26 27 -29 29 -31
leaf_value=-2.5964686588789899e-05 -0.00031160680107021187 -0.0026118902182268081 -0.00031160680107021187 -0.00044070325627633454 -0.0010679231880997067 -0.0008621165032946436 -0.00026279769978065269 -0.00031160680107021187 -0.00054424039715100607 -0.00031160680107021187 -4.6616391467416455e-05 6.2214261856152211e-05 -5.0381108078672962e-05 -0.00031160680107021187 -0.004355223703153506 5.8370067574156826e-05 -2.3721253484530646e-05 -0.00031160680107021187 0.089851320399793155 -0.00031160680107021187 -0.00031160680107021187 0.064955420569526343 -0.0023815417793978683 0.023613908596497979 -0.0035540482245348622 -0.0010679231880997067 0.048811024073308631 -0.0010679231880997067 -0.0011759244513370255 0.0028278301837946825
leaf_weight=3172 857 5191 5357 927 448 180 1067 384 927 35132 209 34 78 2373 109 36 34 44 25 737 1018 45 74 43 157 99 120 39 5015 10325
leaf_count=3172 857 5191 5357 927 448 180 1067 384 927 35132 209 34 78 2373 109 36 34 44 25 737 1018 45 74 43 157 99 120 39 5015 10325
internal_value=-0.00315503 -0.00154135 -0.00324157 -0.00112101 -0.00389778 -0.00314932 -0.00357737 -0.00169872 -0.00150949 -0.00483508 -0.00323718 0.000626597 0.00461538 -0.00420145 -0.000620749 0.000405404 0.00428571 -0.00338571 0.00152174 -0.00353594 -0.00280616 -0.00129259 0.000329152 0.00193877 -0.000297031 -0.00315864 -0.00112403 0.000974842 -0.000104964 5.54095e-05
internal_weight=74256 37876 17345 4099 13246 7889 6256 1560 1633 36380 1248 391 182 4696 1176 148 70 2323 69 2254 1517 499 319 245 202 706 258 159 20531 15340
internal_count=74256 37876 17345 4099 13246 7889 6256 1560 1633 36380 1248 391 182 4696 1176 148 70 2323 69 2254 1517 499 319 245 202 706 258 159 20531 15340
cat_boundaries=0 1 2
cat_threshold=1 11
is_linear=0
shrinkage=0.05


Tree=100
num_leaves=31
num_cat=7
split_feature=15 18 2 3 3 3 3 3 3 19 18 0 18 7 3 4 3 0 0 9 13 21 21 21 19 6 7 0 2 3
split_gain=80.6958 37.3785 8.9871 6.45259 4.55589 3.92741 2.60823 1.98161 1.35006 1.14799 2.90426 4.6422 3.94436 4.26894 1.13564 0.824007 0.812401 0.821231 0.773988 0.768862 0.737284 0.953515 0.930254 1.1798 1.1301 0.735932 0.726657 0.71866 0.716813 1.32693
threshold=1.0000000180025095e-35 1.0000000180025095e-35 0 82.500000000000014 44.500000000000007 57.500000000000007 73.500000000000014 85.500000000000014 65.500000000000014 0.40771512687206274 0.35714286565780645 1 0.6428571641445161 31.10000038146973 63.500000000000007 5.5000000000000009 45.500000000000007 2 3 1.0000000180025095e-35 1.094951927661896 4.3702573776245126 4.3799304962158212 4.3807761669158944 1.4314162731170657 4 23.19999980926514 5 6 46.500000000000007
decision_type=2 2 1 2 2 2 2 2 2 2 2 1 2 2 2 2 2 1 1 2 2 2 2 2 2 1 2 1 1 2
left_child=1 2 3 18 -4 16 8 15 -7 10 -2 12 13 -12 -14 26 -6 -18 -1 -19 22 -22 -20 -24 25 -25 -8 -28 -3 -30
right_child=9 28 4 -5 5 6 7 -9 -10 -11 11 -13 14 -15 -16 -17 17 19 20 -21 21 -23 23 24 -26 -27 27 -29 29 -31
leaf_value=-0.0015360424817272651 -0.00029602646101670128 0.00048963855581651166 -0.00029602646101670128 -0.00041866809346251786 -0.013128952477266849 -0.00029602646101670128 0.085404103991074551 -0.00029602646101670128 -0.00029602646101670128 -0.00029602646101670128 5.8666415165036698e-05 -0.0021775852906145638 -8.5894341149780945e-06 5.9295758477444372e-05 5.088912283037654e-05 -0.0041209867662685973 0.046338898539688519 0.010039062057253042 -0.00067675375887858984 -0.0025942068211251643 0.021080811576387609 -0.014217230486355184 0.084311416297634945 0.021204702663586799 0.04005536198064949 7.5080873682651067e-05 0.0043924760195545231 -0.0037138227620762826 -0.018674892034273874 -0.001832452401452851
leaf_weight=1104 840 14813 5726 941 307 2297 22 365 2388 35110 24 266 50 22 32 105 111 349 830 464 21 126 59 266 37 715 519 514 428 5250
leaf_count=1104 840 14813 5726 941 307 2297 22 365 2388 35110 24 266 50 22 32 105 111 349 830 464 21 126 59 266 37 715 519 514 428 5250
internal_value=-0.0031559 -0.00153707 -0.0032509 -0.00120639 -0.00388737 -0.0030715 -0.00358293 -0.00178689 -0.00416756 -0.00483766 -0.00333874 0.000203044 0.00768116 0.02 0.00170732 -0.000775863 -0.000491472 0.000248917 -0.000123497 -0.000321994 0.00045058 -0.00295918 0.000715783 0.00168524 0.00128684 0.000963302 -0.000355451 -0.000546952 -9.29688e-05 -0.000570625
internal_weight=74101 37757 17266 4099 13167 7441 6210 1525 4685 36344 1234 394 128 46 82 1160 1231 924 3158 813 2054 147 1907 1077 1018 981 1055 1033 20491 5678
internal_count=74101 37757 17266 4099 13167 7441 6210 1525 4685 36344 1234 394 128 46 82 1160 1231 924 3158 813 2054 147 1907 1077 1018 981 1055 1033 20491 5678
cat_boundaries=0 1 2 3 4 5 6 7
cat_threshold=1 98307 156 7422496 2 1887555 1
is_linear=0
shrinkage=0.05


Tree=101
num_leaves=31
num_cat=8
split_feature=15 18 2 3 3 3 3 3 3 4 0 2 0 6 20 0 6 7 21 3 21 7 20 3 12 3 6 3 21 3
split_gain=81.9013 37.0541 9.12167 6.26709 4.69005 3.50745 3.10389 2.30317 1.35126 0.952929 0.927123 0.851436 1.13754 0.771536 0.882873 0.749958 0.725281 0.883119 1.38206 0.781202 0.674694 0.670036 0.745443 1.12867 0.661747 1.94147 0.894746 0.778255 0.839271 1.68083
threshold=1.0000000180025095e-35 1.0000000180025095e-35 0 81.500000000000014 44.500000000000007 57.500000000000007 73.500000000000014 85.500000000000014 65.500000000000014 5.5000000000000009 1 2 3 4 9.5000000000000018 5 6 30.899999618530277 4.3812518119812021 45.500000000000007 4.3976702690124521 32.500000000000007 15.500000000000002 54.500000000000007 1.0000000180025095e-35 62.500000000000007 7 61.500000000000007 4.3559122085571298 58.500000000000007
decision_type=2 2 1 2 2 2 2 2 2 2 1 1 1 1 2 1 1 2 2 2 2 2 2 2 2 2 1 2 2 2
left_child=1 2 3 -1 -4 10 8 9 24 -8 13 15 16 -6 -15 -3 19 -18 -19 -13 -17 22 -21 -24 26 -26 27 28 29 -7
right_child=-2 11 4 -5 5 6 7 -9 -10 -11 -12 12 -14 14 -16 20 17 18 -20 21 -22 -23 23 -25 25 -27 -28 -29 -30 -31
leaf_value=1.1251613547563474e-05 -0.00028122513796586624 0.0038235456666689291 -0.00028122513796586624 -0.00039773468878939196 -0.0038632174074513734 -0.011628119973516966 -8.1861561489648702e-05 -0.00028122513796586624 -0.00028122513796586624 -0.0039231753038187845 -0.003591353806755097 -0.019826103229939634 -0.0070690076401022138 0.031159763452136127 -0.00094719732756562739 0.00041246540263912282 -0.011836661897215226 -0.0032299028777683573 0.11843561484016629 0.0027362902960735343 -0.0027778547670519009 -0.013245468625176558 0.035918613488105947 -0.0084121472164578812 -0.00028122513796586624 0.085349700596581979 -0.00028122513796586624 -0.00028122513796586624 -0.00080436321733480954 0.053234875245174187
leaf_weight=3009 36311 5926 5674 1114 257 21 1071 375 2386 107 813 66 2159 94 79 6922 788 69 20 2169 1934 281 97 49 43 26 720 830 632 23
leaf_count=3009 36311 5926 5674 1114 257 21 1071 375 2386 107 813 66 2159 94 79 6922 788 69 20 2169 1934 281 97 49 43 26 720 830 632 23
internal_value=-0.00314487 -0.00151428 -0.00321987 -0.00116784 -0.00386321 -0.00304066 -0.00352422 -0.00158725 -0.00416685 -0.00050085 -0.000615448 -7.56848e-05 -0.000594947 0.00125 0.00374317 0.000124475 -4.08578e-05 -0.0012796 0.00342697 0.000370508 -0.000166931 0.000508473 0.000788336 0.00424657 -0.00330065 0.00152174 -0.00345014 -0.00269129 -0.00144971 0.00522727
internal_weight=74065 37754 17274 4123 13151 7477 6234 1553 4681 1178 1243 20480 5698 430 173 14782 3539 877 89 2662 8856 2596 2315 146 2295 69 2226 1506 676 44
internal_count=74065 37754 17274 4123 13151 7477 6234 1553 4681 1178 1243 20480 5698 430 173 14782 3539 877 89 2662 8856 2596 2315 146 2295 69 2226 1506 676 44
cat_boundaries=0 1 2 3 4 5 6 7 8
cat_threshold=1 2163964 1 7097991 3 1548944 11 11
is_linear=0
shrinkage=0.05


Tree=102
num_leaves=31
num_cat=3
split_feature=15 18 2 3 3 3 3 19 18 16 3 3 3 2 13 13 3 13 17 4 9 21 12 3 13 3 7 6 19 13
split_gain=78.4669 36.3596 9.79362 6.27302 4.22824 3.81654 2.81275 2.28843 5.48704 2.33137 3.35349 1.98721 1.42408 2.20067 1.4 1.99249 1.10652 0.976623 1.64876 0.835831 0.781971 1.19335 0.7593 2.01273 0.722317 0.70075 0.687736 0.679341 0.637111 0.588718
threshold=1.0000000180025095e-35 1.0000000180025095e-35 0 82.500000000000014 44.500000000000007 57.500000000000007 73.500000000000014 0.40771512687206274 0.35714286565780645 1.0000000180025095e-35 74.500000000000014 85.500000000000014 63.500000000000007 1 1.0212862491607668 1.0566239356994631 65.500000000000014 1.0334821343421938 1.0000000180025095e-35 5.5000000000000009 1.0000000180025095e-35 4.3713068962097177 1.0000000180025095e-35 62.500000000000007 1.0461647510528567 51.500000000000007 30.10000038146973 2 0.91873028874397289 0.97295320034027111
decision_type=2 2 1 2 2 2 2 2 2 2 2 2 2 1 2 2 2 2 2 2 2 2 2 2 2 2 2 1 2 2
left_child=1 2 3 -1 -4 20 16 8 -2 10 12 19 13 17 -14 -16 22 18 -10 28 21 26 27 -24 -23 -26 -6 -7 -8 -30
right_child=7 -3 4 -5 5 6 11 -9 9 -11 -12 -13 14 -15 15 -17 -18 -19 -20 -21 -22 24 23 -25 25 -27 -28 -29 29 -31
leaf_value=-6.2303697208732076e-05 -0.00026716388106757291 -0.00053443670555334221 -0.00026716388106757291 -0.00037784795434992239 0.086085361077570602 -0.00026716388106757291 -0.007325292085766791 -0.00026716388106757291 -9.9146151896497688e-05 -0.0028864906145193558 -0.0019929964107877765 -0.00026716388106757291 0.00022294522905384235 8.8937422317152581e-05 0.00010375214722650394 6.8620780607972715e-05 -0.00026716388106757291 -8.0444622062618943e-06 2.7964217579658424e-05 -0.0036967797255734384 -0.0038243885339914324 0.014333787892266681 -0.00026716388106757291 0.081106070673025235 0.0045176005729807081 0.035345861994406917 -0.0049718129637637207 -0.00026716388106757291 0.011396889830105866 -0.0017288314194129095
leaf_weight=3154 850 20521 5745 928 20 1525 350 35157 32 90 76 370 35 46 22 23 2398 47 31 108 731 192 41 25 29 22 245 726 292 442
leaf_count=3154 850 20521 5745 928 20 1525 350 35157 32 90 76 370 35 46 22 23 2398 47 31 108 731 192 41 25 29 22 245 726 292 442
internal_value=-0.0031669 -0.00157326 -0.00325866 -0.0011171 -0.00391788 -0.00313731 -0.00363789 -0.00482422 -0.00272364 0.00208955 0.00413461 -0.00179898 0.00707627 0.00429487 0.0125 0.0183333 -0.00424708 0.000454544 0.00452381 -0.00080537 -0.000601293 0.000905511 -0.00346785 0.00181818 0.00343621 0.00872549 -0.0014151 -0.00362284 -0.000387455 0.00044959
internal_weight=74273 37864 17343 4082 13261 7516 6277 36409 1252 402 312 1562 236 156 80 45 4715 110 63 1192 1239 508 2317 66 243 51 265 2251 1084 734
internal_count=74273 37864 17343 4082 13261 7516 6277 36409 1252 402 312 1562 236 156 80 45 4715 110 63 1192 1239 508 2317 66 243 51 265 2251 1084 734
cat_boundaries=0 1 2 3
cat_threshold=1 1 11
is_linear=0
shrinkage=0.05


Tree=103
num_leaves=31
num_cat=8
split_feature=15 18 3 3 19 18 0 16 3 18 3 3 4 0 0 3 0 19 6 21 3 0 0 4 9 19 21 3 4 0
split_gain=80.1397 37.9291 3.73049 3.85551 2.05046 4.88689 7.59844 4.87107 6.12095 3.09007 1.32555 4.17822 1.15826 0.987419 0.978572 0.78036 0.758663 0.743556 0.868907 1.38542 0.74045 0.791228 0.772762 0.984861 1.38651 0.786019 0.776161 0.754465 0.695921 0.913455
threshold=1.0000000180025095e-35 1.0000000180025095e-35 44.500000000000007 57.500000000000007 0.40771512687206274 0.35714286565780645 0 1.0000000180025095e-35 74.500000000000014 0.6428571641445161 73.500000000000014 82.500000000000014 5.5000000000000009 1 2 65.500000000000014 3 1.0494402647018435 4 4.37046241760254 46.500000000000007 5 6 1.5000000000000002 1.0000000180025095e-35 0.79038903117179882 4.398792266845704 55.500000000000007 1.5000000000000002 7
decision_type=2 2 2 2 2 2 1 2 2 2 2 2 2 1 1 2 1 2 1 2 2 1 1 2 2 2 2 2 2 1
left_child=1 2 -1 20 5 -2 7 8 9 -7 13 12 14 17 -12 -15 -8 -5 19 -19 21 -4 27 24 -24 -26 -27 -22 29 -16
right_child=4 -3 3 10 -6 6 16 -9 -10 -11 11 -13 -14 15 28 -17 -18 18 -20 -21 22 -23 23 -25 25 26 -28 -29 -30 -31
leaf_value=-0.00025380568701419425 -0.00025380568701419425 -0.00021303791609363789 0.0024685348889485 -0.00025380568701419425 -0.00025380568701419425 0.00022123141565840812 1.4831602521859302e-05 -0.0036386695057899592 -0.0020414414400760617 7.9842895306307809e-05 -0.0041996259787732294 -0.00025380568701419425 -0.004412477511858642 -0.00025380568701419425 -0.0018031073253131549 -0.00025380568701419425 -0.0019549949486461536 0.065744063163923672 -0.00025380568701419425 -0.00025380568701419425 0.0021701141196780994 -0.012146029712349508 0.0923632715166392 0.0033495852756921319 0.064002079512819873 -0.020193330636678122 0.063852838155143254 -0.0097377984968127149 -0.00069736294810045262 0.026310555475264598
leaf_weight=6977 847 20531 218 760 35110 32 106 29 21 36 550 1650 132 2078 122 2207 180 40 189 198 292 310 23 387 30 35 39 206 645 209
leaf_count=6977 847 20531 218 760 35110 32 106 29 21 36 550 1650 132 2078 122 2207 180 40 189 198 292 310 23 387 30 35 39 206 645 209
internal_value=-0.00315471 -0.00154357 -0.00326849 -0.00266473 -0.00483086 -0.00284173 0.00168317 0.0117969 0.0185955 0.0258824 -0.00306948 -0.00227932 -0.000506636 -0.00354715 -0.000117957 -0.00390571 -0.00280406 -0.00220134 -0.000550352 0.00145161 -0.000357144 -0.001875 0.000434781 0.00177481 0.00562992 0.00317308 0.000405404 -0.000964568 0.000831642 0.00270393
internal_weight=74189 37828 17297 10320 36361 1251 404 118 89 68 8780 3308 1658 5472 1526 4285 286 1187 427 238 1540 528 1012 514 127 104 74 498 976 331
internal_count=74189 37828 17297 10320 36361 1251 404 118 89 68 8780 3308 1658 5472 1526 4285 286 1187 427 238 1540 528 1012 514 127 104 74 498 976 331
cat_boundaries=0 1 2 3 4 5 6 7 8
cat_threshold=327683 659788 7475312 1212432 26 2196977 6527265 589966
is_linear=0
shrinkage=0.05


Tree=104
num_leaves=31
num_cat=5
split_feature=15 2 3 3 3 3 3 19 0 3 3 16 2 3 3 13 3 19 6 3 21 21 9 4 0 3 21 13 3 21
split_gain=79.6659 25.6481 14.4094 8.15544 7.7816 7.30989 2.78876 1.75347 3.44199 2.62879 1.61822 1.6072 3.00683 2.40596 2.10597 1.58083 1.53339 1.40684 1.35632 1.71597 1.55533 1.22259 1.36425 1.54897 1.5226 1.23857 1.21867 1.1983 1.15099 1.85254
threshold=1.0000000180025095e-35 0 44.500000000000007 82.500000000000014 57.500000000000007 73.500000000000014 84.500000000000014 0.40771512687206274 1 74.500000000000014 46.500000000000007 1.0000000180025095e-35 2 57.500000000000007 63.500000000000007 0.97776681184768688 65.500000000000014 0.40771512687206274 3 75.500000000000014 4.398792266845704 4.3706805706024179 1.0000000180025095e-35 1.5000000000000002 4 51.500000000000007 4.3817477226257333 1.0334821343421938 77.500000000000014 4.3582277297973642
decision_type=2 1 2 2 2 2 2 2 1 2 2 2 1 2 2 2 2 2 1 2 2 2 2 2 1 2 2 2 2 2
left_child=1 3 -3 17 10 16 18 8 9 11 -4 12 14 -14 27 -16 -6 -1 19 -7 26 -12 23 -23 25 -25 28 -2 -21 -30
right_child=7 2 4 -5 5 6 -8 -9 -10 -11 21 -13 13 -15 15 -17 -18 -19 -20 20 -22 22 -24 24 -26 -27 -28 -29 29 -31
leaf_value=-0.0047467842922513563 1.3291517653907983e-05 -0.00024111540266348456 -0.013100681237047582 -0.00034626527228171655 -0.00024111540266348456 -0.010857214878159839 -0.00024111540266348456 -0.00024111540266348456 -0.00024111540266348456 -0.00024111540266348456 -0.0053069004294166245 -0.0035358919183267157 6.8138972684014066e-05 -0.00024111540266348456 0.00022179223886172389 0.00011980238684324132 -0.00024111540266348456 0.00012464336928534015 -0.0031571168844324949 -0.0055243362642591488 0.060618413250149716 0.0413953359405657 -0.00098228895036945869 0.0081963092003615977 -0.0037901087229064694 0.027407098696823048 -5.4116942375530897e-05 -8.3838192220417635e-06 -0.048713996344944374 0.053439678982857876
leaf_weight=195 25 5749 894 959 2557 165 564 35090 785 144 795 50 55 96 21 36 2399 17770 1782 77 50 209 2216 239 498 157 361 22 27 136
leaf_count=195 25 5749 894 959 2557 165 564 35090 785 144 795 50 55 96 21 36 2399 17770 1782 77 50 209 2216 239 498 157 361 22 27 136
internal_value=-0.00315442 -0.00154753 -0.00285166 -0.000246778 -0.00193738 -0.00289357 -0.00101518 -0.00482656 -0.00297407 0.000555554 -0.000387381 0.00319672 0.00480392 0.000298012 0.0113462 0.017807 -0.00409201 -6.95917e-06 -0.000323327 0.00135593 0.00252688 3.15982e-05 0.000453449 0.0018903 0.000984339 0.00325123 0.00182196 0.00351064 0.00458333 0.00696319
internal_weight=74123 37799 18875 18924 13126 8118 3162 36324 1234 449 5008 305 255 151 104 57 4956 17965 2598 816 651 4114 3319 1103 894 396 601 47 240 163
internal_count=74123 37799 18875 18924 13126 8118 3162 36324 1234 449 5008 305 255 151 104 57 4956 17965 2598 816 651 4114 3319 1103 894 396 601 47 240 163
cat_boundaries=0 1 2 3 4 5
cat_threshold=1 360467 1 10 2511907
is_linear=0
shrinkage=0.05


Tree=105
num_leaves=31
num_cat=6
split_feature=15 18 2 3 3 3 3 3 3 0 3 0 4 4 21 13 0 3 0 4 21 21 0 21 21 21 21 21 7 4
split_gain=81.2025 36.6346 10.0062 6.49731 4.54098 3.38576 2.47355 1.97719 1.51013 1.00921 1.00194 0.94498 2.11075 0.893701 1.07557 0.761173 0.843305 0.757558 0.762442 0.711904 0.682414 0.691876 0.674204 0.653636 0.740369 0.725417 0.619817 1.23919 4.53704 0.832717
threshold=1.0000000180025095e-35 1.0000000180025095e-35 0 82.500000000000014 44.500000000000007 57.500000000000007 73.500000000000014 85.500000000000014 65.500000000000014 1 45.500000000000007 2 1.5000000000000002 3.5000000000000004 4.3838512897491464 1.0386904478073122 3 78.500000000000014 4 4.5000000000000009 4.3695418834686288 4.3701629638671884 5 4.3598644733428964 4.3978459835052499 4.4042356014251718 4.37046241760254 4.3701629638671884 31.10000038146973 3.5000000000000004
decision_type=2 2 1 2 2 2 2 2 2 1 2 1 2 2 2 2 1 2 1 2 2 2 1 2 2 2 2 2 2 2
left_child=1 2 3 17 -4 10 8 9 19 23 -6 12 -12 14 20 -3 -17 18 -1 26 -11 -22 -19 -8 -25 -26 27 -7 -29 -28
right_child=-2 15 4 -5 5 6 7 -9 -10 13 11 -13 -14 -15 -16 16 -18 22 -20 -21 21 -23 -24 24 25 -27 29 28 -30 -31
leaf_value=-0.00069440533770483018 -0.00022905963253031035 0.00037807449778143093 -0.00022905963253031035 -0.00032895200866763072 -0.011648876176412498 -0.00022905963253031035 0.051513381550546272 -0.00022905963253031035 -0.00022905963253031035 -0.0056301458649892014 0.090513053381895608 -0.00087579583720344748 0.0032889275051368413 -0.0036758044049326776 -0.012943723587143241 -0.00021541760853225177 -0.0052902034640655276 -0.015346863563909637 0.0034853053250636086 -0.00022905963253031035 0.02813296183339924 0.012111125224189003 -0.00059076680530754065 -0.0019236536004300444 0.033786044740184561 0.0003296898256261024 -0.00022905963253031035 -0.00044055108816829229 0.088184557364356514 -0.00022905963253031035
leaf_weight=1114 36354 15165 5736 932 304 499 30 373 2404 84 32 801 106 284 246 3365 2002 208 1547 449 29 142 300 297 27 47 1089 45 27 212
leaf_count=1114 36354 15165 5736 932 304 499 30 373 2404 84 32 801 106 284 246 3365 2002 208 1547 449 29 142 300 297 27 47 1089 45 27 212
internal_value=-0.0031495 -0.00152998 -0.00322046 -0.00106194 -0.00388788 -0.00308025 -0.00355188 -0.00182489 -0.00412169 -0.000826308 -0.000695898 0.00011182 0.00378378 -0.00185535 -0.000608784 -0.000100332 -0.000612075 1.73544e-05 0.000355128 -0.00321198 0.00166667 0.00347953 -0.00175197 0.00120438 0.000660376 0.00513513 -0.00278312 -0.00140981 0.00472222 -0.00338586
internal_weight=74250 37896 17364 4101 13263 7527 6284 1559 4725 1186 1243 939 138 785 501 20532 5367 3169 2661 2321 255 171 508 401 371 74 1872 571 72 1301
internal_count=74250 37896 17364 4101 13263 7527 6284 1559 4725 1186 1243 939 138 785 501 20532 5367 3169 2661 2321 255 171 508 401 371 74 1872 571 72 1301
cat_boundaries=0 1 2 3 4 5 6
cat_threshold=1 2736143 262236 3239329 7938240 152678
is_linear=0
shrinkage=0.05


Tree=106
num_leaves=31
num_cat=2
split_feature=15 18 2 3 3 19 18 16 3 3 3 3 3 13 13 13 3 17 13 19 4 9 21 3 3 18 18 3 6 21
split_gain=80.4831 39.2138 8.69122 5.81207 4.35199 2.77705 6.57167 2.93767 3.92423 2.13871 2.88078 2.15833 1.40977 1.35132 1.79369 2.42635 1.29526 0.89418 0.719142 1.28865 0.845482 0.852495 0.808931 0.778523 0.879352 0.927536 0.777607 0.815137 2.28625 1.94746
threshold=1.0000000180025095e-35 1.0000000180025095e-35 0 82.500000000000014 43.500000000000007 0.40771512687206274 0.35714286565780645 1.0000000180025095e-35 74.500000000000014 57.500000000000007 73.500000000000014 85.500000000000014 45.500000000000007 1.0816667079925539 1.0425724387168886 1.0212862491607668 65.500000000000014 1.0000000180025095e-35 1.0307765007019045 1.1976422667503359 1.5000000000000002 1.0000000180025095e-35 4.3707389831542978 46.500000000000007 38.500000000000007 0.5000000149011613 2.928571462631226 76.500000000000014 1 4.3976702690124521
decision_type=2 2 1 2 2 2 2 2 2 2 2 2 2 2 2 2 2 2 2 2 2 2 2 2 2 2 2 2 1 2
left_child=1 2 3 -1 -4 6 -2 8 13 12 16 -12 -6 14 15 -8 -11 -15 20 -20 21 23 -21 24 25 -3 27 -23 29 -29
right_child=5 18 4 -5 9 -7 7 -9 -10 10 11 -13 -14 17 -16 -17 -18 -19 19 22 -22 26 -24 -25 -26 -27 -28 28 -30 -31
leaf_value=-0.00032621758651229463 -0.0002176066509037948 0.032554916170125618 -0.0002176066509037948 -0.00031250440823424921 -0.00093610721858181458 -0.0002176066509037948 8.8544439428294396e-05 -0.002652921941780447 -0.0017738472657978449 -0.0002176066509037948 -0.0015169945355449123 -0.0002176066509037948 -0.00048207174861657871 6.1362479922899869e-05 -5.9529029009963992e-05 5.9749455919929285e-05 -0.0002176066509037948 3.4883533655758419e-06 -0.0027934630903674873 -0.003850193038691602 -0.0002588137967623038 0.00054895599588432971 0.018529491700390539 0.032309177764887689 -0.024781902620812299 -0.013347841845532275 0.064081728642351857 0.12196895973754895 0.001464832411165119 -0.042222148225304013
leaf_weight=3138 830 69 5299 925 728 35238 113 92 72 2326 1170 375 944 21 29 42 2403 27 5302 268 9983 3252 550 449 130 23 35 76 308 24
leaf_count=3138 830 69 5299 925 728 35238 113 92 72 2326 1170 375 944 21 29 42 2403 27 5302 268 9983 3252 550 449 130 23 35 76 308 24
internal_value=-0.00313513 -0.00151772 -0.00326959 -0.00124662 -0.00389015 -0.00481077 -0.00247145 0.00282828 0.00519737 -0.00315001 -0.00357348 -0.00169903 -0.00156101 0.00836207 0.00641304 0.00854839 -0.00418588 0.0158333 -3.63977e-05 -0.000490197 0.000157153 0.000737516 0.00135697 0.00237705 -4.50462e-05 0.00369565 0.000439782 0.000368851 0.00247549 0.00863636
internal_weight=74241 37777 17308 4063 13245 36464 1226 396 304 7946 6274 1545 1672 232 184 155 4729 48 20469 6120 14349 4366 818 671 222 92 3695 3660 408 100
internal_count=74241 37777 17308 4063 13245 36464 1226 396 304 7946 6274 1545 1672 232 184 155 4729 48 20469 6120 14349 4366 818 671 222 92 3695 3660 408 100
cat_boundaries=0 1 2
cat_threshold=1 10
is_linear=0
shrinkage=0.05


Tree=107
num_leaves=31
num_cat=5
split_feature=15 18 2 3 3 3 3 19 18 0 16 3 18 3 3 3 13 0 7 6 21 21 0 20 13 19 3 7 7 21
split_gain=80.0382 37.6639 9.0992 5.92593 4.38531 2.5076 2.55874 2.40945 5.94401 8.73139 4.86516 7.72755 3.74511 2.02003 1.49998 1.2522 0.930769 0.74602 0.731086 0.6917 0.995509 0.804594 0.670103 0.853283 0.713357 0.864805 1.22591 1.02857 0.665352 0.854597
threshold=1.0000000180025095e-35 1.0000000180025095e-35 0 82.500000000000014 43.500000000000007 57.500000000000007 73.500000000000014 0.40771512687206274 0.35714286565780645 1 1.0000000180025095e-35 74.500000000000014 0.6428571641445161 84.500000000000014 45.500000000000007 65.500000000000014 1.0816667079925539 2 32.899999618530281 3 4.3839483261108407 4.4068651199340829 4 9.5000000000000018 1.0763403773307803 0.93356090784072887 79.500000000000014 27.800000190734867 31.899999618530277 4.3561294078826913
decision_type=2 2 1 2 2 2 2 2 2 1 2 2 2 2 2 2 2 1 2 1 2 2 1 2 2 2 2 2 2 2
left_child=1 2 3 17 -4 14 15 8 -2 10 11 12 -10 22 19 -7 -14 -1 -19 20 -6 -22 23 -8 25 -25 27 -27 29 -16
right_child=7 -3 4 -5 5 6 13 -9 9 -11 -12 -13 16 -15 28 -17 -18 18 -20 -21 21 -23 -24 24 -26 26 -28 -29 -30 -31
leaf_value=0.011510176285445914 -0.00020672631835860506 -0.00024351192754018208 -0.00020672631835860506 -0.00029687918782253671 -0.00088930185765272391 -0.00020672631835860506 -0.002923141836766788 -0.00020672631835860506 0.00021518505824950305 -0.0016369736788734081 -0.0031358423558685874 -0.0018421412927401176 8.3461920261102693e-05 -0.00020672631835860506 0.16013030772105902 -0.00020672631835860506 4.1019023593915783e-05 -0.00096667200943841578 0.052818902741034103 -0.00088930185765272391 0.026974716092336468 -0.00088930185765272391 -0.0028999393207507448 -0.0043601843316240499 0.010424433901921052 0.039281638561932855 -0.0023788744654081929 0.025303882851016653 -0.0034970276418210561 0.0027850491347783837
leaf_weight=563 846 20468 5351 923 217 2280 313 35193 24 258 28 26 32 508 23 2350 20 2593 28 319 128 39 486 83 34 28 44 35 268 647
leaf_count=563 846 20468 5351 923 217 2280 313 35193 24 258 28 26 32 508 23 2350 20 2593 28 319 128 39 486 83 34 28 44 35 268 647
internal_value=-0.00314982 -0.00153573 -0.00325608 -0.00120161 -0.00389759 -0.0031415 -0.00360412 -0.00482156 -0.00264992 0.00247423 0.0125 0.0185294 0.0265789 -0.00183214 -0.00140463 -0.00419007 0.0190385 -0.000179021 -0.000534019 -0.00315078 -0.00157361 0.00128742 -0.000552298 0.000667275 0.00303571 0.0018421 0.00481308 0.00928571 -9.595e-05 0.000746267
internal_weight=74155 37728 17260 4107 13153 7802 6161 36427 1234 388 130 102 76 1531 1641 4630 52 3184 2621 703 384 167 1023 537 224 190 107 63 938 670
internal_count=74155 37728 17260 4107 13153 7802 6161 36427 1234 388 130 102 76 1531 1641 4630 52 3184 2621 703 384 167 1023 537 224 190 107 63 938 670
cat_boundaries=0 1 2 3 4 5
cat_threshold=1 294915 295321 6 1887279
is_linear=0
shrinkage=0.05


Tree=108
num_leaves=31
num_cat=5
split_feature=15 2 3 3 3 3 19 0 3 2 16 3 3 19 4 3 4 3 0 21 9 0 19 21 21 21 20 21 19 19
split_gain=78.8117 26.1236 14.4973 8.90834 8.00464 6.6503 3.69221 7.3223 4.93813 5.17571 6.8686 2.91488 2.04747 1.45627 1.40008 1.23521 1.68161 1.20915 1.12024 0.976259 1.20927 1.7251 1.84502 1.82959 1.05205 1.04274 0.902154 0.894547 1.52993 0.840189
threshold=1.0000000180025095e-35 0 44.500000000000007 57.500000000000007 82.500000000000014 74.500000000000014 0.40771512687206274 1 74.500000000000014 2 1.0000000180025095e-35 84.500000000000014 57.500000000000007 0.40771512687206274 5.5000000000000009 47.500000000000007 4.5000000000000009 65.500000000000014 3 4.3706805706024179 1.0000000180025095e-35 4 1.1390342116355898 4.3814263343811044 4.3788444995880136 4.3832964897155771 2.5000000000000004 4.3551294803619394 1.1686824560165407 0.87499997019767772
decision_type=2 1 2 2 2 2 2 1 2 1 2 2 2 2 2 2 2 2 1 2 2 1 2 2 2 2 2 2 2 2
left_child=1 4 -3 15 13 17 7 8 9 10 -2 14 -11 -1 18 16 -4 -5 -7 27 21 22 23 -21 -23 -25 29 28 -17 -22
right_child=6 2 3 5 -6 11 -8 -9 -10 12 -12 -13 -14 -15 -16 19 -18 -19 -20 20 26 24 -24 25 -26 -27 -28 -29 -30 -31
leaf_value=-0.0038622464059288892 0.00010642705016175637 -0.00019639000244067481 -0.0023112904464508998 -0.00019639000244067481 -0.00028203522843140989 0.0093657265749874999 -0.00019639000244067481 -0.00019639000244067481 -0.00019639000244067481 3.1708659385101549e-05 -0.0030566896473896575 -0.00019639000244067481 -0.00019639000244067481 0.00016375732048813061 -0.0031720500702062354 -0.0024217396401495905 -0.017009253981495911 -0.00019639000244067481 -0.0030209274697486094 0.046069963476263229 0.025427940612716551 0.022164750965993442 -0.0075284500231966311 0.070025036802083024 -0.0034833344397907371 0.032094340183483602 -0.0017676038060838125 -0.0066535494176018593 0.053090562815857723 0.0027417123858249001
leaf_weight=199 113 5792 1062 2559 937 632 35146 812 134 67 39 557 95 17755 183 73 284 2696 1514 111 74 367 63 21 375 20 1749 631 28 180
leaf_count=199 113 5792 1062 2559 937 632 35146 812 134 67 39 557 95 17755 183 73 284 2696 1514 111 74 367 63 21 375 20 1749 631 28 180
internal_value=-0.00314119 -0.00154403 -0.00285462 -0.00193831 -0.000227887 -0.00296094 -0.00480223 -0.00214286 0.00296943 0.00646497 0.0130921 -0.00103257 0.000246912 7.23953e-06 -0.000255476 -0.000285829 -0.00158247 -0.00401998 0.000102515 0.000186889 0.000591215 0.00205329 0.00588889 0.00914474 0.000851063 0.0181707 -0.00010734 -0.00144809 0.00292079 0.00267716
internal_weight=74268 37862 18971 13179 18891 8141 36406 1260 448 314 152 2886 162 17954 2329 5038 1346 5255 2146 3692 2960 957 215 152 742 41 2003 732 101 254
internal_count=74268 37862 18971 13179 18891 8141 36406 1260 448 314 152 2886 162 17954 2329 5038 1346 5255 2146 3692 2960 957 215 152 742 41 2003 732 101 254
cat_boundaries=0 1 2 3 4 5
cat_threshold=1 360467 1 805400 393251
is_linear=0
shrinkage=0.05


Tree=109
num_leaves=31
num_cat=8
split_feature=15 18 2 3 3 19 18 0 16 3 3 3 3 3 3 3 20 0 2 19 3 3 0 18 0 19 20 3 0 6
split_gain=80.4969 37.3869 9.9514 6.40203 4.31031 2.66642 6.19255 9.6929 5.80242 6.58169 2.97356 2.13085 2.76763 2.01837 1.57112 1.32367 0.924168 0.798147 0.763461 1.10792 0.955879 0.842628 0.851917 0.782525 1.73752 1.58892 1.08466 1.34302 0.861207 0.838006
threshold=1.0000000180025095e-35 1.0000000180025095e-35 0 82.500000000000014 43.500000000000007 0.40771512687206274 0.35714286565780645 1 1.0000000180025095e-35 74.500000000000014 63.500000000000007 57.500000000000007 73.500000000000014 85.500000000000014 45.500000000000007 65.500000000000014 5.5000000000000009 2 3 0.40771512687206274 41.500000000000007 78.500000000000014 4 0.21428572386503222 5 0.89279508590698253 2.5000000000000004 35.500000000000007 6 7
decision_type=2 2 1 2 2 2 2 1 2 2 2 2 2 2 2 2 2 1 1 2 2 2 1 2 1 2 2 2 1 1
left_child=1 2 3 -1 -4 6 -2 8 9 10 16 14 15 -14 -6 -13 -8 -9 19 -3 23 22 -22 24 -21 -26 27 -27 29 -25
right_child=5 18 4 -5 11 -7 7 17 -10 -11 -12 12 13 -15 -16 -17 -18 -19 -20 20 21 -23 -24 28 25 26 -28 -29 -30 -31
leaf_value=6.0346722550166567e-07 -0.00018657050231864108 -0.0029682960081366689 -0.00018657050231864108 -0.00026793346700983937 -0.00083501726464805387 -0.00018657050231864108 7.5055482718188574e-05 1.4161269387147357e-05 -0.0028262157557056751 -0.0017222481612071913 0.00021320473594098894 -0.00018657050231864108 -0.0011454706168617286 -0.00018657050231864108 -0.0005822074660882954 -0.00018657050231864108 7.8358688474569466e-05 -0.0016691415657273086 -0.0028579534822050726 -0.0030034769080559106 0.0074360801548098987 -0.014755996291866639 5.145891672951296e-05 0.013240128741034069 0.045114552089792939 -0.020855514337003597 0.001325571004964681 0.026178595898934731 -0.0051874676546819487 -0.0043644145311631365
leaf_weight=3149 829 158 5315 925 713 35163 21 102 29 20 29 2293 1169 361 926 2405 26 177 5696 542 5486 377 5542 408 37 26 440 25 955 836
leaf_count=3149 829 158 5315 925 713 35163 21 102 29 20 29 2293 1169 361 926 2405 26 177 5696 542 5486 377 5542 408 37 26 440 25 955 836
internal_value=-0.0031336 -0.00151705 -0.0032325 -0.00107266 -0.00390002 -0.00481179 -0.00252636 0.0025495 0.0135185 0.0205208 0.0272368 -0.00315686 -0.003579 -0.00173203 -0.00155278 -0.0041805 0.0194681 -0.00275087 -7.50207e-05 0.000113942 0.000158783 0.000374834 0.000454297 -0.000594984 0.000514017 0.00252788 0.00182281 0.00872549 -0.00113461 -0.000255185
internal_weight=74180 37784 17256 4074 13182 36396 1233 404 125 96 76 7867 6228 1530 1639 4698 47 279 20528 14832 14674 11405 11028 3269 1070 528 491 51 2199 1244
internal_count=74180 37784 17256 4074 13182 36396 1233 404 125 96 76 7867 6228 1530 1639 4698 47 279 20528 14832 14674 11405 11028 3269 1070 528 491 51 2199 1244
cat_boundaries=0 1 2 3 4 5 6 7 8
cat_threshold=1 327683 1212432 1 1393598 6246616 2593937 6
is_linear=0
shrinkage=0.05


Tree=110
num_leaves=31
num_cat=9
split_feature=18 0 3 19 1 18 18 3 2 3 2 3 20 0 3 3 0 0 21 4 6 16 7 4 20 7 19 18 3 0
split_gain=29.8343 7.43949 3.68021 3.43361 3.64022 4.83582 5.63857 2.95399 2.79288 4.16824 2.56458 2.20119 1.78135 1.58933 1.49513 2.02715 1.46358 1.22944 1.3792 1.01023 1.00858 0.921339 0.911319 0.775595 0.971894 0.708829 0.889058 0.667399 0.65183 0.635033
threshold=1.0000000180025095e-35 0 74.500000000000014 0.40771512687206274 1 0.35714286565780645 0.78571429848670971 56.500000000000007 2 80.500000000000014 3 55.500000000000007 7.5000000000000009 4 43.500000000000007 57.500000000000007 5 6 4.4268662929534921 1.0000000180025095e-35 7 1.5000000000000002 31.899999618530277 3.5000000000000004 7.5000000000000009 28.400000572204593 0.91769307851791393 0.6428571641445161 59.500000000000007 8
decision_type=2 1 2 2 1 2 2 2 1 2 1 2 2 1 2 2 1 1 2 2 1 2 2 2 2 2 2 2 2 1
left_child=8 2 3 4 5 -2 12 16 9 13 -6 -12 -7 19 -10 -16 25 -5 21 22 23 -19 -1 24 -4 -3 -27 -20 -8 -15
right_child=1 7 20 17 10 6 28 -9 14 -11 11 -13 -14 29 15 -17 -18 18 27 -21 -22 -23 -24 -25 -26 26 -28 -29 -30 -31
leaf_value=0.0028214046325372409 -0.0038962280872553777 -0.0030721566643263339 0.053830361737239762 -0.0021535874670434592 -0.0027963787554792386 9.6079895139067077e-05 1.8903537901851779e-06 -0.0022179670970035974 -0.00017724197720270902 -0.00017724197720270902 -0.00088825537394949465 0.014244588671598515 0.00012229332372041025 -0.0013934984491685938 -0.00017724197720270902 -0.00017724197720270902 -0.0030481601104442499 -0.0034976075600320188 0.026042586531775627 -0.00078736256523511078 -0.0020721580924427884 -0.0043076735982915506 0.04870345280966748 -0.0029815237788345982 -0.0034671442730841509 -0.0028522455472488558 -0.0030543457634453889 -0.0061894821649148704 4.3701645603401618e-05 -0.00075685653583348975
leaf_weight=169 36 674 36 5751 139 21 33 8592 7955 4319 35 21 24 2458 3094 15098 7476 7112 47 914 3249 1664 20 137 61 656 1270 26 20 2922
leaf_count=169 36 674 36 5751 139 21 33 8592 7955 4319 35 21 24 2458 3094 15098 7476 7112 47 914 3249 1664 20 137 61 656 1270 26 20 2922
internal_value=-0.0031433 -0.00214132 -0.00142547 -0.0010848 0.00396656 0.00993055 0.0164286 -0.00284506 -0.00414883 -0.00347251 -0.000609757 0.00839286 0.0294444 -0.00267083 -0.00442823 -0.00417821 -0.00226578 -0.00119863 -0.00156846 -0.000911951 -0.00288975 -0.00162717 0.00240741 0.000327868 0.00376289 -0.00329502 -0.00281932 0.00527397 0.00537736 -0.00302412
internal_weight=74029 37080 18412 14929 329 134 98 18668 36949 10802 195 56 45 6483 26147 18192 10076 14600 8849 1103 3483 8776 189 234 97 2600 1926 73 53 5380
internal_count=74029 37080 18412 14929 329 134 98 18668 36949 10802 195 56 45 6483 26147 18192 10076 14600 8849 1103 3483 8776 189 234 97 2600 1926 73 53 5380
cat_boundaries=0 1 2 3 4 5 6 7 8 9
cat_threshold=2215443 1 1 1 380419 524680 2115072 8 1581192
is_linear=0
shrinkage=0.05


Tree=111
num_leaves=31
num_cat=5
split_feature=15 18 2 3 3 3 3 3 19 18 0 16 3 3 3 3 0 4 3 0 13 19 13 19 4 19 21 3 2 20
split_gain=82.1545 38.8178 9.88253 6.34567 4.34593 2.365 2.6905 2.1191 1.94925 4.63683 6.29539 4.56192 4.7186 2.87152 1.59558 1.29253 0.762486 0.677016 0.742648 0.674744 1.04339 0.626849 0.598832 0.597574 0.596971 0.980641 2.23954 2.9172 0.573016 0.708868
threshold=1.0000000180025095e-35 1.0000000180025095e-35 0 82.500000000000014 43.500000000000007 57.500000000000007 73.500000000000014 84.500000000000014 0.40771512687206274 0.35714286565780645 1 1.0000000180025095e-35 74.500000000000014 63.500000000000007 45.500000000000007 65.500000000000014 2 4.5000000000000009 82.500000000000014 3 0.90504807233810436 1.1202971339225771 1.0917508602142336 0.86728867888450634 4.5000000000000009 1.0912528038024905 4.3702573776245126 62.500000000000007 4 11.500000000000002
decision_type=2 2 1 2 2 2 2 2 2 2 1 2 2 2 2 2 1 2 2 1 2 2 2 2 2 2 2 2 1 2
left_child=1 2 3 23 -4 14 15 17 9 -2 11 12 13 -11 21 24 28 -8 -19 -16 -21 -6 -22 -1 25 -7 27 -27 29 -12
right_child=8 -3 4 -5 5 6 7 -9 -10 10 16 -13 -14 -15 19 -17 -18 18 -20 20 22 -23 -24 -25 -26 26 -28 -29 -30 -31
leaf_value=-0.0026227104644197842 -0.00016837987834257355 -0.00012122410988180543 -0.00016837987834257355 -0.00024567469479921196 -0.00078440430255551574 -0.00016837987834257355 0.00030663509574931406 -0.00016837987834257355 -0.00016837987834257355 0.00015400036951020285 -4.4121215422067364e-05 -0.0025324969623981789 -0.001525237398296652 0.00029510359477559684 -0.0036823948783676606 -0.00016837987834257355 -0.0014590204689620141 -0.0033698101747252776 0.055175007464779172 0.056463367756396425 -0.00044575308094640508 -0.00078440430255551574 0.013821145909121913 0.00031939852020260395 -0.00016837987834257355 -0.00016837987834257355 -0.00016837987834257355 0.078842132342526849 0.00027143059659073403 7.0146933006579699e-05
leaf_weight=536 850 20505 5367 927 503 1661 839 517 35122 46 59 33 20 29 350 2423 176 172 35 40 511 210 28 2631 440 45 121 28 24 22
leaf_count=536 850 20505 5367 927 503 1661 839 517 35122 46 59 33 20 29 350 2423 176 172 35 40 511 210 28 2631 440 45 121 28 24 22
internal_value=-0.00313114 -0.00150162 -0.00323976 -0.00109184 -0.00390143 -0.00315726 -0.00359895 -0.00180102 -0.00482821 -0.00289516 0.00147922 0.0102174 0.0165789 0.0223333 -0.00146772 -0.00419458 -0.00276632 -0.000506693 -0.00306763 -0.000102262 0.000942274 -0.00324685 0.000380333 -2.68405e-05 -0.00334423 -0.00295148 0.00041237 0.00732877 0.000652173 -0.0012963
internal_weight=74270 37889 17384 4094 13290 7923 6281 1563 36381 1259 409 128 95 75 1642 4718 281 1046 207 929 579 713 539 3167 2295 1855 194 73 105 81
internal_count=74270 37889 17384 4094 13290 7923 6281 1563 36381 1259 409 128 95 75 1642 4718 281 1046 207 929 579 713 539 3167 2295 1855 194 73 105 81
cat_boundaries=0 1 2 3 4 5
cat_threshold=1 327683 1212432 2645025 1
is_linear=0
shrinkage=0.05


Tree=112
num_leaves=31
num_cat=6
split_feature=15 18 2 3 3 3 3 3 19 18 0 16 3 3 3 4 3 7 19 19 20 18 2 0 7 0 0 3 3 4
split_gain=81.8767 39.7651 9.18541 6.11563 4.26597 3.7951 2.39382 1.99793 1.53349 3.77701 4.64693 3.42055 3.79198 2.62004 1.42553 0.807929 0.702602 0.708125 1.51072 0.701267 0.678788 0.660347 0.884796 0.645115 0.641601 0.60875 0.600628 0.576483 0.753648 0.801968
threshold=1.0000000180025095e-35 1.0000000180025095e-35 0 81.500000000000014 44.500000000000007 56.500000000000007 73.500000000000014 84.500000000000014 0.40771512687206274 0.35714286565780645 1 1.0000000180025095e-35 74.500000000000014 63.500000000000007 65.500000000000014 5.5000000000000009 45.500000000000007 30.10000038146973 1.1202971339225771 0.40771512687206274 6.5000000000000009 0.21428572386503222 2 3 32.899999618530281 4 5 76.500000000000014 80.500000000000014 2.5000000000000004
decision_type=2 2 1 2 2 2 2 2 2 2 1 2 2 2 2 2 2 2 2 2 2 2 1 1 2 1 1 2 2 2
left_child=1 2 3 24 -4 16 14 15 9 -2 11 12 13 20 -7 27 17 18 -6 21 -11 22 -3 -12 26 -18 -1 -8 -29 -30
right_child=8 19 4 -5 5 6 7 -9 -10 10 23 -13 -14 -15 -16 -17 25 -19 -20 -21 -22 -23 -24 -25 -26 -27 -28 28 29 -31
leaf_value=0.0047671676189173498 -0.00015996088442544489 -0.0011896431208628766 -0.00015996088442544489 -0.00024804877713726102 -0.014584549272961321 -0.00015996088442544489 -0.0099894777968320553 -0.00015996088442544489 -0.00015996088442544489 9.6120770643762286e-05 -5.6271136752527528e-08 -0.0024058722147055336 -0.0014585352508700048 0.00028034841503681701 -0.00015996088442544489 -0.0029958143656724865 0.015221609324919547 -0.013661474126156937 0.077504651615966078 5.8257253527148793e-05 0.00020544380649199106 -0.0084069205026164051 0.012186827405064942 -0.0013860694455139133 0.047865702447334332 -0.00039870172175347421 -0.00075813279843688997 0.017108595010075816 -0.0070674021506602737 0.0088024063471233756
leaf_weight=676 839 39 5739 1114 75 2520 357 518 35176 20 114 31 20 29 2380 96 102 205 34 20308 22 169 32 161 28 620 2296 256 192 151
leaf_count=676 839 39 5739 1114 75 2520 357 518 35176 20 114 31 20 29 2380 96 102 205 34 20308 22 169 32 161 28 620 2296 256 192 151
internal_value=-0.00313641 -0.00150988 -0.00327179 -0.00120807 -0.0039128 -0.00312817 -0.00357805 -0.00187898 -0.00482973 -0.00309871 0.000919394 0.00863636 0.0142308 0.0196479 -0.00412245 -0.000627378 -0.000318534 -0.00229299 0.000963302 -2.14145e-05 0.0116667 -0.00270833 0.00133803 -0.0027193 -3.33345e-05 0.000540165 -0.000104308 -0.000188286 0.000759598 -0.000772596
internal_weight=74319 37907 17359 4114 13245 7506 6470 1570 36412 1236 397 122 91 71 4900 1052 1036 314 109 20548 42 240 71 275 3000 722 2972 956 599 343
internal_count=74319 37907 17359 4114 13245 7506 6470 1570 36412 1236 397 122 91 71 4900 1052 1036 314 109 20548 42 240 71 275 3000 722 2972 956 599 343
cat_boundaries=0 1 2 3 4 5 6
cat_threshold=1 327683 1 5406736 262412 299285
is_linear=0
shrinkage=0.05


Tree=113
num_leaves=31
num_cat=5
split_feature=15 18 2 3 3 3 3 3 3 19 0 18 16 3 18 4 3 3 13 13 0 13 7 0 0 19 21 4 3 19
split_gain=81.4223 38.5046 9.5 6.17343 4.25119 3.64126 2.93511 2.16227 1.29725 1.07032 2.89152 4.51125 3.87887 4.62466 3.87008 0.895292 0.849355 0.706262 0.675096 0.645661 1.1119 0.562512 0.547212 0.747712 0.697069 0.692252 0.703011 0.635325 0.742587 1.22694
threshold=1.0000000180025095e-35 1.0000000180025095e-35 0 82.500000000000014 44.500000000000007 56.500000000000007 73.500000000000014 85.500000000000014 65.500000000000014 0.40771512687206274 1 0.35714286565780645 1.0000000180025095e-35 74.500000000000014 0.92857143282890331 5.5000000000000009 45.500000000000007 82.500000000000014 0.90504807233810436 0.96651786565780651 2 1.0785362124443056 26.400000572204593 3 4 0.95473417639732372 4.3791351318359384 3.5000000000000004 77.500000000000014 0.92185965180397045
decision_type=2 2 1 2 2 2 2 2 2 2 1 2 2 2 2 2 2 2 2 2 1 2 2 1 1 2 2 2 2 2
left_child=1 2 3 19 -4 16 8 15 -7 10 11 -2 13 14 -13 22 -6 -3 -18 20 -1 -20 24 -24 -8 -26 -27 28 -25 -30
right_child=9 17 4 -5 5 6 7 -9 -10 -11 -12 12 -14 -15 -16 -17 18 -19 21 -21 -22 -23 23 27 25 26 -28 -29 29 -31
leaf_value=0.029746113239221095 -0.00015196284020417263 -0.0001023396737362978 -0.00015196284020417263 -0.00022098852120238833 -0.0097866558908985407 -0.00015196284020417263 -0.017024970774453151 -0.00015196284020417263 -0.00015196284020417263 -0.00015196284020417263 -0.00015196284020417263 0.00030041079466419087 -0.0024544013284673364 -0.0014992292911263634 0.00017469741774079722 -0.003018317414193511 0.047181539804067946 -0.016070552026296665 -0.00060924133645132161 -0.0010917732852830651 8.4922907107625909e-05 0.014340154984697821 0.015797910577621577 -0.003168118176317613 -0.020817151833813816 -0.0089901880196509385 0.015614922953531308 -0.016558161124994433 0.019870835962688307 0.011700337854124032
leaf_weight=135 149 20251 5723 933 307 2522 231 370 2390 35107 961 38 43 26 33 106 55 243 599 2175 856 62 107 238 93 58 85 89 41 127
leaf_count=135 149 20251 5723 933 307 2522 231 370 2390 35107 961 38 43 26 33 106 55 243 599 2175 856 62 107 238 93 58 85 89 41 127
internal_value=-0.00314842 -0.00152344 -0.00326032 -0.0011576 -0.00391313 -0.00312834 -0.00356745 -0.00166667 -0.00416531 -0.00483772 -0.0034 0.00102007 0.0075 0.0130412 0.0196479 -0.000617022 -0.000356795 -5.70911e-05 0.000586591 -0.000104234 0.000953581 0.00014372 -0.000182415 0.000813952 -0.00146681 0.000487804 0.00269231 -4.95061e-05 0.000788176 0.00333333
internal_weight=74153 37796 17302 4099 13203 7480 6457 1545 4912 36357 1250 289 140 97 71 1175 1023 20494 716 3166 991 661 1069 602 467 236 143 495 406 168
internal_count=74153 37796 17302 4099 13203 7480 6457 1545 4912 36357 1250 289 140 97 71 1175 1023 20494 716 3166 991 661 1069 602 467 236 143 495 406 168
cat_boundaries=0 1 2 3 4 5
cat_threshold=1 360464 557084 17414 4601061
is_linear=0
shrinkage=0.05


Tree=114
num_leaves=31
num_cat=6
split_feature=15 18 3 3 3 3 19 18 0 16 3 3 4 3 0 7 19 19 0 6 21 19 12 4 0 21 0 21 3 21
split_gain=82.395 39.0533 3.35597 3.41435 1.63054 4.98051 1.3874 3.38129 4.57177 3.08981 3.71647 2.56216 1.27458 1.15697 0.734554 1.00619 1.91244 0.654592 0.881825 0.706721 1.86986 3.23533 1.48935 0.613566 1.02589 0.881621 0.833617 0.79151 0.840138 0.774037
threshold=1.0000000180025095e-35 1.0000000180025095e-35 44.500000000000007 57.500000000000007 73.500000000000014 82.500000000000014 0.40771512687206274 0.35714286565780645 0 1.0000000180025095e-35 74.500000000000014 64.500000000000014 5.5000000000000009 65.500000000000014 1 24.800000190734867 1.2559226155281069 0.93918329477310192 2 3 4.3705449104309091 1.0511645674705508 1.0000000180025095e-35 2.5000000000000004 4 4.3700990676879892 5 4.3822968006134042 74.500000000000014 4.3715496063232431
decision_type=2 2 2 2 2 2 2 2 1 2 2 2 2 2 1 2 2 2 1 1 2 2 2 2 1 2 1 2 2 2
left_child=1 2 -1 -4 13 12 7 -2 9 10 11 -9 14 17 -6 16 -16 -5 19 22 21 -21 -19 26 25 -25 27 28 -17 -30
right_child=6 -3 3 4 5 -7 -8 8 -10 -11 -12 -13 -14 -15 15 23 -18 18 -20 20 -22 -23 -24 24 -26 -27 -28 -29 29 -31
leaf_value=-0.000144364698193964 -0.000144364698193964 -0.0001129587796966518 -0.0014851893712213536 -0.000144364698193964 -0.0023599904625193615 -0.000144364698193964 -0.000144364698193964 0.00016913705414138937 -0.00042042159081422332 -0.0021628584371196267 -0.0013040808639361396 0.00021500702068983558 -0.0032434509220617539 -0.000144364698193964 0.074482767290953225 -0.0063140004211018428 -0.0087878220315050614 -0.000144364698193964 -0.000144364698193964 -8.4935195454902601e-05 -0.000144364698193964 0.0551842529673678 0.073532039567457921 -0.020140241090259109 -0.0081203461561686844 0.041174315957969325 -0.00023202469228894232 0.00049135496041070349 0.016656158030518325 0.054125684500601706
leaf_weight=7008 846 20485 1533 1356 596 1653 35087 43 283 30 21 28 130 2854 27 21 40 209 628 49 363 26 20 33 240 70 284 112 76 33
leaf_count=7008 846 20485 1533 1356 596 1653 35087 43 283 30 21 28 130 2854 27 21 40 209 628 49 363 26 20 33 240 70 284 112 76 33
internal_value=-0.00313707 -0.00150426 -0.00324895 -0.002677 -0.00305556 -0.00217949 -0.00483764 -0.00320144 0.000555554 0.00825757 0.0134783 0.0189437 -0.000246692 -0.00358311 0.000156657 0.00102537 0.0069403 -0.00283101 -0.00202703 -0.000716397 0.000468749 0.00766667 -0.00290795 0.000581127 -0.00106414 0.0029646 0.00165399 0.00373016 0.00653846 0.00830275
internal_weight=74184 37846 17361 10353 8820 3315 36338 1251 405 122 92 71 1662 5505 1532 936 67 2651 1295 667 438 75 229 869 343 103 526 242 130 109
internal_count=74184 37846 17361 10353 8820 3315 36338 1251 405 122 92 71 1662 5505 1532 936 67 2651 1295 667 438 75 229 869 343 103 526 242 130 109
cat_boundaries=0 1 2 3 4 5 6
cat_threshold=327683 6426790 4868567 4 1605721 85761
is_linear=0
shrinkage=0.05


Tree=115
num_leaves=31
num_cat=7
split_feature=15 18 2 3 3 3 3 3 3 3 4 0 13 13 0 21 12 3 6 0 13 7 0 0 21 21 21 21 3 3
split_gain=81.203 38.1765 9.29249 5.98419 4.27715 2.33698 2.5327 2.32682 1.83678 1.28505 0.835137 0.703505 1.10186 0.786942 0.645514 1.31531 0.642126 1.97454 0.857615 0.668705 0.627457 0.695233 1.15068 0.85491 0.617837 0.871106 0.58437 1.02192 0.580728 0.565768
threshold=1.0000000180025095e-35 1.0000000180025095e-35 0 82.500000000000014 43.500000000000007 57.500000000000007 73.500000000000014 84.500000000000014 45.500000000000007 65.500000000000014 5.5000000000000009 1 0.90504807233810436 1.0917508602142336 2 4.3619239330291757 1.0000000180025095e-35 62.500000000000007 3 4 1.0917508602142336 27.400000572204593 5 6 4.3598644733428964 4.3738765716552743 4.3710577487945566 4.3701629638671884 83.500000000000014 56.500000000000007
decision_type=2 2 1 2 2 2 2 2 2 2 2 1 2 2 1 2 2 2 1 1 2 2 1 1 2 2 2 2 2 2
left_child=1 2 3 20 -4 8 9 10 -6 16 14 29 -13 -14 15 -8 18 -18 19 -7 21 23 -23 -1 -25 -26 27 -21 -3 -10
right_child=-2 28 4 -5 5 6 7 -9 11 -11 -12 12 13 -15 -16 -17 17 -19 -20 26 -22 22 -24 24 25 -27 -28 -29 -30 -31
leaf_value=-0.0019274780119491559 -0.00013714646328426579 -0.00017171065385016972 -0.00013714646328426579 -0.00020272086023257071 -0.00072236966628656091 -0.00013714646328426579 0.054558706847117638 -0.00013714646328426579 -0.00048997566528414561 -0.00013714646328426579 -0.0025310288877815664 0.059702792371098851 0.00038849505113517589 0.013300697536819416 -0.0018524766456286047 0.0011619140247446987 -0.00013714646328426579 0.072619175217779247 -0.00013714646328426579 -0.00013714646328426579 -0.008956591887775308 0.02574828234144208 0.00010550868317506489 0.0031416726012130193 -0.0068704785029952593 0.0013764200944549078 -0.00013714646328426579 0.028947459830204365 -0.024772525975961648 -0.02811465299134934
leaf_weight=704 36329 20406 5324 928 718 659 39 511 387 2388 93 28 372 24 603 294 45 26 729 203 262 252 1321 51 160 472 595 36 112 126
leaf_count=704 36329 20406 5324 928 718 659 39 511 387 2388 93 28 372 24 603 294 45 26 729 203 262 252 1321 51 160 472 595 36 112 126
internal_value=-0.0031502 -0.00153005 -0.00325649 -0.00119277 -0.0039053 -0.00316531 -0.00360955 -0.00185065 -0.00149547 -0.00418821 -0.000481051 -3.73544e-05 0.00145161 0.00080808 -3.20525e-05 0.00170554 -0.00334278 0.00133803 -0.00349235 -0.00273786 -0.000173806 3.37826e-05 0.000753336 -0.000782265 0.000483404 6.32899e-05 -0.00369668 -0.00165272 -7.01835e-05 -0.00127151
internal_weight=74197 37868 17350 4150 13200 7876 6221 1540 1655 4681 1029 937 424 396 936 333 2293 71 2222 1493 3222 2960 1573 1387 683 632 834 239 20518 513
internal_count=74197 37868 17350 4150 13200 7876 6221 1540 1655 4681 1029 937 424 396 936 333 2293 71 2222 1493 3222 2960 1573 1387 683 632 834 239 20518 513
cat_boundaries=0 1 2 3 4 5 6 7
cat_threshold=1 2219937 640030 11 385493 262222 5310182
is_linear=0
shrinkage=0.05


Tree=116
num_leaves=31
num_cat=5
split_feature=15 18 2 3 3 3 3 3 19 0 18 7 16 18 3 3 5 3 7 0 19 21 13 19 2 19 21 18 2 3
split_gain=81.7948 39.1582 8.29716 5.80438 4.64576 4.01271 2.94777 2.28429 1.89218 4.82485 8.83285 4.37053 5.38291 3.51382 2.1563 1.28087 0.788899 0.739105 0.995919 0.77718 0.728261 1.08993 0.707923 0.688808 0.734968 1.25181 0.708385 0.708292 0.836601 0.688783
threshold=1.0000000180025095e-35 1.0000000180025095e-35 0 82.500000000000014 44.500000000000007 57.500000000000007 73.500000000000014 84.500000000000014 0.40771512687206274 1 0.35714286565780645 29.60000038146973 1.0000000180025095e-35 0.6428571641445161 57.500000000000007 65.500000000000014 1.0000000180025095e-35 80.500000000000014 27.800000190734867 2 0.87887927889823925 4.3714139461517343 0.99137932062149059 0.40771512687206274 3 0.77294412255287182 4.3860356807708749 0.21428572386503222 4 79.500000000000014
decision_type=2 2 1 2 2 2 2 2 2 1 2 2 2 2 2 2 2 2 2 1 2 2 2 2 1 2 2 2 1 2
left_child=1 2 3 -1 -4 -6 15 16 9 10 -2 -12 13 -13 -15 -7 17 18 20 -20 21 -8 -22 27 29 26 -26 28 -3 -25
right_child=8 23 4 -5 5 6 7 -9 -10 -11 11 12 -14 14 -16 -17 -18 -19 19 -21 22 -23 -24 24 25 -27 -28 -29 -30 -31
leaf_value=-0.00042893653348812432 -0.00013028914012005248 -0.0010047480968400188 -0.00013028914012005248 -0.00019258481722094216 -0.00065612582665087451 -0.00013028914012005248 0.014652649558006103 -0.00013028914012005248 -0.00013028914012005248 -0.00013028914012005248 -0.00047408335237729947 0.00025541614057692484 -0.0020478581920994319 0.0001479590633621729 6.4877013290546353e-05 -0.00013028914012005248 -0.0020546491505096533 -0.0045487730506655428 0.013213646293918009 -0.0079377879877514605 0.021621113904427149 -0.01878375654786707 0.035021342195024986 0.00093655933239973231 -0.016769711164498574 -0.001001646722139755 0.0010167021946101413 -0.0080848386918483898 0.0093371380199230303 -0.025532981760182552
leaf_weight=3172 166 36 5725 945 1259 2337 20 505 35145 944 33 22 21 24 33 2383 206 304 115 204 67 47 57 14457 586 4872 188 171 32 212
leaf_count=3172 166 36 5725 945 1259 2337 20 505 35145 944 33 22 21 24 33 2383 206 304 115 204 67 47 57 14457 586 4872 188 171 32 212
internal_value=-0.00313227 -0.0015066 -0.00325608 -0.00129585 -0.00386613 -0.00304771 -0.00356685 -0.00165574 -0.00482549 -0.00290829 0.00260518 0.0122932 0.0175 0.023481 0.0169298 -0.00418432 -0.000294119 0.000405404 0.00156863 -0.000141067 0.00442408 0.000223879 0.00669355 -3.01656e-05 1.22943e-06 -0.000483529 -0.00235142 -0.00269875 0.00161765 0.00018781
internal_weight=74288 37900 17346 4117 13229 7504 6245 1525 36388 1243 299 133 100 79 57 4720 1020 814 510 319 191 67 124 20554 20315 5646 774 239 68 14669
internal_count=74288 37900 17346 4117 13229 7504 6245 1525 36388 1243 299 133 100 79 57 4720 1020 814 510 319 191 67 124 20554 20315 5646 774 239 68 14669
cat_boundaries=0 1 2 3 4 5
cat_threshold=1 360450 4474243 1 1
is_linear=0
shrinkage=0.05


Tree=117
num_leaves=31
num_cat=5
split_feature=15 18 2 3 3 3 3 3 19 18 0 7 18 3 13 3 4 6 3 19 3 0 4 19 13 0 19 13 7 21
split_gain=81.9344 37.0197 9.3964 6.18132 4.6116 4.60802 2.7369 2.34212 1.40341 3.50633 5.9814 3.86806 2.51905 1.22945 1.06115 0.9 0.790204 0.757612 0.966108 0.882893 0.874426 0.788239 0.747315 0.716625 0.704254 1.10702 0.840447 0.700099 0.646278 0.642563
threshold=1.0000000180025095e-35 1.0000000180025095e-35 0 82.500000000000014 44.500000000000007 57.500000000000007 73.500000000000014 84.500000000000014 0.40771512687206274 0.35714286565780645 1 29.60000038146973 0.6428571641445161 65.500000000000014 1.0212862491607668 59.500000000000007 5.5000000000000009 2 45.500000000000007 0.96795868873596203 53.500000000000007 3 4.5000000000000009 0.79038903117179882 0.96651786565780651 4 1.1544770598411562 0.91833335161209118 27.10000038146973 4.3813662528991708
decision_type=2 2 1 2 2 2 2 2 2 2 1 2 2 2 2 2 2 1 2 2 2 1 2 2 2 1 2 2 2 2
left_child=1 2 3 24 -4 17 13 16 9 -2 11 -11 -13 -7 -14 -16 -8 18 -6 21 22 29 -20 -22 25 26 27 -1 -27 -19
right_child=8 -3 4 -5 5 6 7 -9 -10 10 -12 12 14 -15 15 -17 -18 19 20 -21 23 -23 -24 -25 -26 28 -28 -29 -30 -31
leaf_value=-0.00098797565574372287 -0.00012377468311404989 -0.00029981261280188519 -0.00012377468311404989 -0.00018295557635989509 -0.014110199852957734 -0.00012377468311404989 -6.0347928693269053e-05 -0.00012377468311404989 -0.00012377468311404989 -0.0011783798882109453 -0.0011667045642262265 0.00021461616539127706 4.2984775069465715e-05 -0.00012377468311404989 1.2805828461195537e-05 3.4650455439089323e-05 -0.0023821604261901174 -0.023840565945000097 0.021930759885652684 0.019671203169118447 0.04612608782218474 -0.0051493357233524288 -0.019977355380855277 -0.0083159683494794436 -0.00087389207294005236 -0.0022157732173558654 0.04936230972297119 0.018846954885895637 0.0015509496636423158 0.015702925455573176
leaf_weight=153 837 20488 5715 925 201 2314 949 494 35125 37 266 27 23 2368 20 20 86 37 244 213 40 186 49 208 2210 227 80 226 312 69
leaf_count=153 837 20488 5715 925 201 2314 949 494 35125 37 266 27 23 2368 20 20 86 37 244 213 40 186 49 208 2210 227 80 226 312 69
internal_value=-0.00313619 -0.00150606 -0.00320871 -0.00112872 -0.00386131 -0.00304237 -0.00359926 -0.00176259 -0.00483084 -0.00317073 0.00072519 0.00923358 0.0155556 -0.00419906 0.0100794 0.015 -0.000410629 -0.000268646 -0.0012766 0.00121359 -0.000194086 -0.000547946 0.00165529 -0.00237903 -9.04002e-05 0.00101202 0.00278251 0.00186016 -0.000537342 0.00275862
internal_weight=74149 37794 17306 4133 13173 7458 6211 1529 36355 1230 393 127 90 4682 63 40 1035 1247 742 505 541 292 293 248 3208 998 459 379 539 106
internal_count=74149 37794 17306 4133 13173 7458 6211 1529 36355 1230 393 127 90 4682 63 40 1035 1247 742 505 541 292 293 248 3208 998 459 379 539 106
cat_boundaries=0 1 2 3 4 5
cat_threshold=1 360449 3 3276838 2921181
is_linear=0
shrinkage=0.05


Tree=118
num_leaves=31
num_cat=4
split_feature=15 18 3 3 19 0 18 7 16 3 18 3 3 3 4 7 7 7 20 0 13 19 20 19 0 3 0 4 19 13
split_gain=81.7337 39.4963 3.62824 3.95147 2.54712 6.90188 12.1623 6.11782 7.46696 2.53896 1.80172 1.38696 4.34346 1.35666 1.13648 0.795831 0.779885 0.869309 0.928901 0.902827 1.17979 0.897614 0.940514 0.779189 0.977023 0.755859 1.02848 1.55435 1.76333 0.70147
threshold=1.0000000180025095e-35 1.0000000180025095e-35 44.500000000000007 57.500000000000007 0.40771512687206274 0 0.35714286565780645 29.60000038146973 1.0000000180025095e-35 57.500000000000007 0.78571429848670971 73.500000000000014 82.500000000000014 65.500000000000014 5.5000000000000009 24.500000000000004 27.400000572204593 27.800000190734867 7.5000000000000009 1 1.0204166769981386 0.88050314784049999 13.500000000000002 0.93918329477310192 2 45.500000000000007 3 1.5000000000000002 0.95294350385665905 1.0086206793785097
decision_type=2 2 2 2 2 1 2 2 2 2 2 2 2 2 2 2 2 2 2 1 2 2 2 2 1 2 1 2 2 2
left_child=1 2 -1 25 5 6 -2 -8 9 -9 -11 13 14 23 15 -13 -17 18 -18 -19 21 -21 -23 -5 -25 -4 27 28 -27 -20
right_child=4 -3 3 11 -6 -7 7 8 -10 10 -12 12 -14 -15 -16 16 17 19 29 20 -22 22 -24 24 -26 26 -28 -29 -30 -31
leaf_value=-0.00011758594895834739 -0.00011758594895834739 -4.6127402616975851e-05 -0.0079405438232835728 -0.00011758594895834739 -0.00011758594895834739 -0.00011758594895834739 -0.0007554609759967898 6.6129153742288746e-05 -0.0019476145212479333 0.00022652879973492359 6.6742094428193555e-05 0.064242174316212916 -0.00011758594895834739 -0.00011758594895834739 -0.0027328864527345993 -0.0026037640515901698 -0.005733108302501691 -0.0065854086088676829 0.025283863179421946 -0.021514785203441425 -0.0036728363828287219 0.032733206620949709 -0.0091725739371611228 0.013464666897210263 -0.00011758594895834739 0.038347762826107329 -0.0011194482761970579 0.0030911060656822489 0.14730013225260311 0.032812966332473104
leaf_weight=7005 168 20484 331 1333 35089 940 37 30 21 27 22 43 1637 2835 127 814 73 262 65 27 100 96 21 274 993 30 939 217 20 33
leaf_count=7005 168 20484 331 1333 35089 940 37 30 21 27 22 43 1637 2835 127 814 73 262 65 27 100 96 21 274 993 30 939 217 20 33
internal_value=-0.00311993 -0.0014909 -0.00325181 -0.00265336 -0.00481285 -0.00259036 0.00388889 0.015073 0.0215 0.0285443 0.0215306 -0.00306481 -0.00225591 -0.00355566 -0.000454547 -7.8228e-05 -0.000271631 0.000982274 0.00406433 -5.92897e-05 0.00208661 0.00506944 0.00696581 -0.00273077 -0.00184294 -0.000315551 0.000265339 0.00294224 0.011 0.0072449
internal_weight=74093 37759 17275 10270 36334 1245 305 137 100 79 49 8733 3298 5435 1661 1534 1491 677 171 506 244 144 117 2600 1267 1537 1206 267 50 98
internal_count=74093 37759 17275 10270 36334 1245 305 137 100 79 49 8733 3298 5435 1661 1534 1491 677 171 506 244 144 117 2600 1267 1537 1206 267 50 98
cat_boundaries=0 1 2 3 4
cat_threshold=360450 5937700 657668 262366
is_linear=0
shrinkage=0.05


Tree=119
num_leaves=31
num_cat=5
split_feature=15 18 2 3 3 3 3 3 19 18 0 7 16 3 18 3 3 2 19 3 18 0 7 21 7 3 0 21 18 21
split_gain=83.0779 39.7262 9.41479 6.21121 4.44641 2.60986 2.79729 2.24928 2.21868 5.59939 8.9872 5.25125 6.23361 2.02079 1.51919 2.22308 1.22711 0.656513 1.20008 0.769021 0.759081 1.55885 0.788889 1.26687 1.03632 1.09848 0.783536 0.967794 0.850311 2.11074
threshold=1.0000000180025095e-35 1.0000000180025095e-35 0 82.500000000000014 43.500000000000007 57.500000000000007 73.500000000000014 84.500000000000014 0.40771512687206274 0.35714286565780645 1 29.60000038146973 1.0000000180025095e-35 45.500000000000007 0.6428571641445161 58.500000000000007 65.500000000000014 2 0.40771512687206274 42.500000000000007 0.21428572386503222 3 26.400000572204593 4.3705871105194101 27.400000572204593 37.500000000000007 4 4.3981130123138437 0.5000000149011613 4.3907539844512948
decision_type=2 2 1 2 2 2 2 2 2 2 1 2 2 2 2 2 2 1 2 2 2 1 2 2 2 2 1 2 2 2
left_child=1 2 3 -1 -4 13 16 -8 9 -2 11 -11 14 -6 -13 -16 -7 18 -3 20 21 22 23 -20 25 -24 27 28 29 -22
right_child=8 17 4 -5 5 6 7 -9 -10 10 -12 12 -14 -15 15 -17 -18 -19 19 -21 26 -23 24 -25 -26 -27 -28 -29 -30 -31
leaf_value=-0.0001193235239124037 -0.00011170665151043001 -0.0027073941467670353 -0.00011170665151043001 -0.00016792850009398296 -0.00066766869436261033 -0.00011170665151043001 -0.0014001948188550712 -0.00011170665151043001 -0.00011170665151043001 -0.0010816878450005585 -0.0011024900385669979 0.00021089377244641445 -0.0018502337951855367 0.00030110670665958489 2.9981399388244251e-05 6.3903659600333352e-05 -0.00011170665151043001 -0.001918923237501467 0.0044704956030425088 0.0035886768809860769 0.012981250609052267 -0.0052089805799120335 0.0028098395404852652 -0.0024789012149825508 0.00098221790844833724 0.046874330453720768 -0.003467479079224216 -0.026964066091375784 -0.0030713230388776051 0.037113220302022645
leaf_weight=3164 856 163 5337 931 724 2325 1035 525 35076 33 260 21 20 926 20 32 2393 5728 31 10985 353 409 145 250 290 20 1350 338 463 29
leaf_count=3164 856 163 5337 931 724 2325 1035 525 35076 33 260 21 20 926 20 32 2393 5728 31 10985 353 409 145 250 290 20 1350 338 463 29
internal_value=-0.00311335 -0.00147624 -0.00323733 -0.00114164 -0.00388428 -0.0031332 -0.00359828 -0.00176282 -0.0048224 -0.00274557 0.00225388 0.0126471 0.0197312 -0.00136364 0.0265068 0.0219231 -0.00420517 1.11888e-05 0.000186833 0.000234262 -0.000391518 0.000676855 0.00203753 -1.77948e-05 0.00335165 0.00651515 -0.000874458 7.12478e-05 0.00097633 0.00272251
internal_weight=74232 37914 17360 4095 13265 7928 6278 1560 36318 1242 386 126 93 1650 73 52 4718 20554 14826 14663 3678 1145 736 281 455 165 2533 1183 845 382
internal_count=74232 37914 17360 4095 13265 7928 6278 1560 36318 1242 386 126 93 1650 73 52 4718 20554 14826 14663 3678 1145 736 281 455 165 2533 1183 845 382
cat_boundaries=0 1 2 3 4 5
cat_threshold=1 360450 1 3210759 503953
is_linear=0
shrinkage=0.05


end of trees

feature_importances:
slot=999
sku=458
rating=374
dow=301
ratio_so_far=292
temp_c=228
roll_7d=212
fg=192
price_ratio=175
hidden=109
weather=70
h=62
holiday=49
lag_1d=26
lag_7d=22
cat=11
rain_mm_h=7
payday=7
is_weekend=6

parameters:
[boosting: gbdt]
[objective: quantile]
[metric: quantile]
[tree_learner: serial]
[device_type: cpu]
[data_sample_strategy: bagging]
[data: ]
[valid: ]
[num_iterations: 120]
[learning_rate: 0.05]
[num_leaves: 31]
[num_threads: 4]
[seed: 0]
[deterministic: 0]
[force_col_wise: 0]
[force_row_wise: 0]
[histogram_pool_size: -1]
[max_depth: -1]
[min_data_in_leaf: 20]
[min_sum_hessian_in_leaf: 0.001]
[bagging_fraction: 0.9]
[pos_bagging_fraction: 1]
[neg_bagging_fraction: 1]
[bagging_freq: 1]
[bagging_seed: 7719]
[bagging_by_query: 0]
[feature_fraction: 0.9]
[feature_fraction_bynode: 1]
[feature_fraction_seed: 2437]
[extra_trees: 0]
[extra_seed: 11797]
[early_stopping_round: 0]
[early_stopping_min_delta: 0]
[first_metric_only: 0]
[max_delta_step: 0]
[lambda_l1: 0]
[lambda_l2: 0]
[linear_lambda: 0]
[min_gain_to_split: 0]
[drop_rate: 0.1]
[max_drop: 50]
[skip_drop: 0.5]
[xgboost_dart_mode: 0]
[uniform_drop: 0]
[drop_seed: 21238]
[top_rate: 0.2]
[other_rate: 0.1]
[min_data_per_group: 100]
[max_cat_threshold: 32]
[cat_l2: 10]
[cat_smooth: 10]
[max_cat_to_onehot: 4]
[top_k: 20]
[monotone_constraints: ]
[monotone_constraints_method: basic]
[monotone_penalty: 0]
[feature_contri: ]
[forcedsplits_filename: ]
[refit_decay_rate: 0.9]
[cegb_tradeoff: 1]
[cegb_penalty_split: 0]
[cegb_penalty_feature_lazy: ]
[cegb_penalty_feature_coupled: ]
[path_smooth: 0]
[interaction_constraints: ]
[verbosity: -1]
[saved_feature_importance_type: 0]
[use_quantized_grad: 0]
[num_grad_quant_bins: 4]
[quant_train_renew_leaf: 0]
[stochastic_rounding: 1]
[linear_tree: 0]
[max_bin: 255]
[max_bin_by_feature: ]
[min_data_in_bin: 3]
[bin_construct_sample_cnt: 200000]
[data_random_seed: 38]
[is_enable_sparse: 1]
[enable_bundle: 1]
[use_missing: 1]
[zero_as_missing: 0]
[feature_pre_filter: 1]
[pre_partition: 0]
[two_round: 0]
[header: 0]
[label_column: ]
[weight_column: ]
[group_column: ]
[ignore_column: ]
[categorical_feature: 0,1,2,6]
[forcedbins_filename: ]
[precise_float_parser: 0]
[parser_config_file: ]
[objective_seed: 8855]
[num_class: 1]
[is_unbalance: 0]
[scale_pos_weight: 1]
[sigmoid: 1]
[boost_from_average: 1]
[reg_sqrt: 0]
[alpha: 0.9]
[fair_c: 1]
[poisson_max_delta_step: 0.7]
[tweedie_variance_power: 1.5]
[lambdarank_truncation_level: 30]
[lambdarank_norm: 1]
[label_gain: ]
[lambdarank_position_bias_regularization: 0]
[eval_at: ]
[multi_error_top_k: 1]
[auc_mu_weights: ]
[num_machines: 1]
[local_listen_port: 12400]
[time_out: 120]
[machine_list_filename: ]
[machines: ]
[gpu_platform_id: -1]
[gpu_device_id: -1]
[gpu_device_id_list: ]
[gpu_use_dp: 0]
[num_gpu: 1]

end of parameters

pandas_categorical:null
