tree
version=v4
num_class=1
num_tree_per_iteration=1
label_index=0
max_feature_idx=6
objective=quantile
feature_names=step station staff batch_size load fatigue hour
feature_infos=-1:12:19:16:11:24:26:18:1:17:0:7:30:8:29:2:31:15:21:10:4:5:27:3:13:20:9:28:25:22:6:14 -1:10:5:13:8:0:4:11:9:2:3:12:6:1:14 -1:2:1:0:3:4 [1:6] [0:0.90399998426437378] [0:1] [7:22]
tree_sizes=2695 2858 2860 2880 2862 2857 2857 2844 2851 2856 2857 2852 2885 2897 2868 2870 2873 2869 2871 2878 2887 2850 2895 2867 2875 2888 2920 2918 2899 2915 2906 2905 2883 2892 2852 2884 2873 2856 2877 2871 2891 2882 2885 2869 2899 2943 2927 2953 2900 2941 2869 2868 2914 2866 2891 2906 2911 2906 2915 2940 2906 2906 2920 2920 2911 2905 2900 2912 2892 2906 2909 2893 2890 2878 2902 2895 2904 2883 2886 2892

Tree=0
num_leaves=31
num_cat=9
split_feature=0 5 5 0 5 0 5 2 2 5 1 5 2 5 5 0 5 4 4 4 5 6 5 5 5 2 4 4 6 4
split_gain=4269.1 245.44 187.2 140.685 92.4229 34.3056 79.4064 23.359 15.6347 10.3571 9.7485 7.02259 5.44901 3.66219 3.24903 3.00275 2.99825 2.77117 2.62371 2.58783 2.44562 2.32541 2.29912 2.29594 1.90475 3.81403 1.89277 1.88101 1.85127 1.72409
threshold=0 0.0015000000712461772 0.0025000000605359678 1 0.36149999499320989 2 0.0015000000712461772 3 4 0.69249999523162853 5 0.13550000637769702 6 0.32250000536441809 0.12750000506639483 7 0.004500000039115549 0.1345000043511391 0.6264999806880952 0.26150000095367437 0.21550000458955768 15.500000000000002 0.0035000001080334191 0.043500000610947616 0.0025000000605359678 8 0.18349999934434894 0.57449999451637279 10.500000000000002 0.12350000068545343
decision_type=9 2 2 9 2 9 2 1 1 2 9 2 1 2 2 9 2 2 2 2 2 2 2 2 2 1 2 2 2 2
left_child=1 12 7 4 8 6 21 -3 14 -6 -8 16 29 15 18 24 19 -18 22 -10 -5 -2 -4 -19 25 -12 -23 -13 -24 -1
right_child=5 2 3 20 9 -7 10 -9 11 -11 13 27 -14 -15 -16 -17 17 23 -20 -21 -22 26 28 -25 -26 -27 -28 -29 -30 -31
leaf_value=7.6617199620354235 7.6911199710476392 7.7760799845588116 7.6317199615168558 7.6108999695554473 7.7065999698638912 8.4703999137878423 8.5207999229431159 7.7288599647560803 7.6821199726927301 7.745119965549133 7.8193999481201173 7.683499965111924 7.6193599588149743 7.9108999864266236 7.6657999523222626 7.8271999549865718 7.6525999654829491 7.666159965368637 7.6540999699220071 7.6662799580943473 7.6483999685496089 7.6555999614506955 7.6496599545547479 7.6747999572753907 7.8745999526977535 7.7550199625584542 7.7460799706649803 7.6795999526977541 7.6560199670019289 7.651399965286255
leaf_weight=325 204 1759 57 526 1150 69033 6868 432 205 1063 535 730 187 4446 861 13978 151 6237 66 477 226 20 542 2516 8915 278 89 787 2048 3479
leaf_count=325 204 1759 57 526 1150 69033 6868 432 205 1063 535 730 187 4446 861 13978 151 6237 66 477 226 20 542 2516 8915 278 89 787 2048 3479
internal_value=7.78998 7.76707 7.76979 7.76774 7.76891 7.79521 7.79369 7.78633 7.76718 7.78033 7.79396 7.76842 7.75348 7.79346 7.76346 7.79317 7.7678 7.7675 7.76236 7.77163 7.7423 7.7636 7.76266 7.76764 7.79398 7.7912 7.77068 7.77219 7.76292 7.75444
internal_weight=128190 23824 19833 17642 16890 104366 35333 2191 14677 2213 35020 11103 3991 28152 3574 23706 9586 8904 2713 682 752 313 2647 8753 9728 813 109 1517 2590 3804
internal_count=128190 23824 19833 17642 16890 104366 35333 2191 14677 2213 35020 11103 3991 28152 3574 23706 9586 8904 2713 682 752 313 2647 8753 9728 813 109 1517 2590 3804
cat_boundaries=0 1 2 3 4 5 6 7 8 9
cat_threshold=134221824 4096 4982784 4 1 5 4 2048 1
is_linear=0
shrinkage=1


Tree=1
num_leaves=31
num_cat=9
split_feature=0 5 0 5 5 0 5 2 2 1 2 5 5 5 5 5 5 4 0 6 4 5 4 6 4 5 5 6 2 5
split_gain=3802.34 219.967 166.797 142.605 82.0968 36.8081 74.9396 18.4103 12.9489 10.7367 10.5109 10.2764 5.93309 3.24682 2.97017 2.85911 2.84222 3.55913 2.57242 2.55025 2.10073 2.52645 2.09324 1.94922 1.94238 1.76401 2.17532 1.74736 1.62332 1.58968
threshold=0 0.0015000000712461772 1 0.0025000000605359678 0.3275000005960465 2 0.0015000000712461772 3 4 5 6 0.69249999523162853 0.043500000610947616 0.32250000536441809 0.21550000458955768 0.004500000039115549 0.12750000506639483 0.6264999806880952 7 15.500000000000002 0.1345000043511391 0.0094999996945261973 0.2584999948740006 14.500000000000002 0.50850000977516185 0.012500000186264517 0.01049999985843897 10.500000000000002 8 0.0025000000605359678
decision_type=9 2 9 2 2 9 2 1 1 9 1 2 2 2 2 2 2 2 9 2 2 2 2 2 2 2 2 2 1 2
left_child=1 10 3 7 8 6 19 -3 16 -8 -1 28 15 18 -4 22 17 23 29 -2 21 -17 -10 -5 -22 26 -25 -23 -6 -11
right_child=5 2 14 4 11 -7 9 -9 12 13 -12 -13 -14 -15 -16 20 -18 -19 -20 -21 24 27 -24 25 -26 -27 -28 -29 -30 -31
leaf_value=-0.12968401165008545 -0.092947191357064904 -0.013084778656562665 -0.16763398771359583 -0.13157039428032918 -0.098195987892150852 0.63957595481872553 0.68695196342468257 -0.0571115890349604 -0.099847188530371681 0.008286234627344605 -0.16040160285576968 -0.042187196525660581 -0.10648799126011134 0.11364602309918011 -0.13310399370521342 -0.14781600683123017 -0.11674800972783674 -0.12774599241515866 0.034967993545532254 -0.069701744331864685 -0.11616959677770904 -0.050315987219810482 -0.11665680030735627 -0.11916120691610975 -0.11802960715519364 -0.11976120717538917 -0.14148119712962176 -0.13131600637078236 -0.073968607564618247 0.079523991394042995
leaf_weight=3804 204 1759 530 1896 446 69033 6868 428 197 813 187 1063 3911 4446 226 50 785 66 13978 109 5427 38 485 94 810 625 32 63 902 8915
leaf_count=3804 204 1759 530 1896 446 69033 6868 428 197 813 187 1063 3911 4446 226 50 785 66 13978 109 5427 38 485 94 810 625 32 63 902 8915
internal_value=0.000238708 -0.0213844 -0.0188071 -0.01768 -0.0195559 0.00517625 0.00359783 -0.00327298 -0.0212629 0.00386008 -0.0342456 -0.00930485 -0.0201268 0.00333684 -0.0464021 -0.0211825 -0.0247013 -0.0256919 0.00305897 -0.0256294 -0.0215767 -0.0285695 -0.0174897 -0.0253487 -0.0214074 -0.0227617 -0.0292381 -0.0231089 -0.0127834 0.00381269
internal_weight=128190 23824 19833 19077 16890 104366 35333 2187 14479 35020 3991 2411 10981 28152 756 7070 3498 2713 23706 313 6388 151 682 2647 6237 751 126 101 1348 9728
internal_count=128190 23824 19833 19077 16890 104366 35333 2187 14479 35020 3991 2411 10981 28152 756 7070 3498 2713 23706 313 6388 151 682 2647 6237 751 126 101 1348 9728
cat_boundaries=0 1 2 3 4 5 6 7 8 9
cat_threshold=134221824 4096 4982784 4 1 5 4 2048 1
is_linear=0
shrinkage=0.06


Tree=2
num_leaves=31
num_cat=8
split_feature=0 5 0 5 5 0 5 2 2 1 2 5 5 5 5 5 4 6 5 2 5 4 4 4 4 4 4 4 5 4
split_gain=3388.97 188.893 166.912 123.086 68.6498 39.9652 68.5734 16.0186 15.6952 12.1024 11.4898 8.84838 5.11504 3.3741 3.31276 2.77324 2.9414 2.51646 2.41925 2.40347 7.81403 2.0844 2.0826 1.99633 2.26246 1.8086 1.94412 1.79628 1.7583 1.71595
threshold=0 0.0015000000712461772 1 0.0025000000605359678 0.3275000005960465 2 0.0015000000712461772 3 4 5 6 0.62350001931190502 0.043500000610947616 0.3184999972581864 0.21550000458955768 0.13550000637769702 0.6264999806880952 15.500000000000002 0.004500000039115549 7 0.0025000000605359678 0.4264999926090241 0.1345000043511391 0.6174999773502351 0.53150001168251049 0.49050000309944158 0.58149999380111705 0.26150000095367437 0.0035000001080334191 0.18349999934434894
decision_type=9 2 9 2 2 9 2 1 1 9 1 2 2 2 2 2 2 2 2 1 2 2 2 2 2 2 2 2 2 2
left_child=1 8 3 7 10 6 17 -3 21 -8 15 -6 18 19 -4 16 28 -2 27 20 -11 -1 -20 24 -17 -23 -27 -12 -5 -19
right_child=5 2 14 4 11 -7 9 -9 -10 13 12 -13 -14 -15 -16 23 -18 29 22 -21 -22 25 -24 -25 -26 26 -28 -29 -30 -31
leaf_value=-0.12190297095108032 -0.087370359875640999 -0.012299691937168919 -0.15757594845078007 -0.14088897665918168 -0.081757882882365573 0.601201397529602 0.64573484561920158 -0.053684893692862778 -0.15077750668442347 -0.032051551479863744 -0.095416358498857087 -0.045715963077459294 -0.10009871178450463 0.1065272508725436 -0.12511775408290063 -0.10218310623631484 -0.13492692941183529 -0.12215389571827971 -0.12028703639928214 0.032269900199890171 0.067069895622253448 -0.12520295977968754 -0.10939478167663846 -0.1005631109936662 -0.12690312640116144 -0.114342963161946 -0.12034295795846002 -0.10929739551471808 -0.11899065501180181 -0.037102687056852053
leaf_weight=3233 204 1759 530 57 1159 69033 6868 428 187 382 205 1252 3911 4504 226 282 80 20 151 13319 9947 326 6237 264 192 195 50 477 2623 89
leaf_count=3233 204 1759 530 57 1159 69033 6868 428 187 382 205 1252 3911 4504 226 282 80 20 151 13319 9947 326 6237 264 192 195 50 477 2623 89
internal_value=0.000461971 -0.019952 -0.0175638 -0.0164383 -0.0181812 0.00512336 0.00347899 -0.0030535 -0.0318702 0.00372987 -0.0197421 -0.00880713 -0.0186747 0.00317492 -0.0451488 -0.0229738 -0.023913 -0.0244792 -0.0196549 0.00288938 0.00358004 -0.0307174 -0.0200175 -0.0197724 -0.0221013 -0.0341401 -0.0302449 -0.0162581 -0.0235746 -0.0171193
internal_weight=128190 23824 19833 19077 16890 104366 35333 2187 3991 35020 14479 2411 10981 28152 756 3498 2760 313 7070 23648 10329 3804 6388 738 474 571 245 682 2680 109
internal_count=128190 23824 19833 19077 16890 104366 35333 2187 3991 35020 14479 2411 10981 28152 756 3498 2760 313 7070 23648 10329 3804 6388 738 474 571 245 682 2680 109
cat_boundaries=0 1 2 3 4 5 6 7 8
cat_threshold=134221824 4096 4982784 4 4 5 1 2
is_linear=0
shrinkage=0.06


Tree=3
num_leaves=31
num_cat=8
split_feature=0 5 0 5 5 0 5 2 2 1 2 5 5 5 5 6 6 0 5 4 5 4 4 4 4 4 5 4 4 5
split_gain=3033.37 163.622 164.638 105.224 58.7398 41.0362 64.4836 18.4362 14.949 12.9666 10.6351 8.50636 4.98893 4.65783 3.28137 3.15772 2.91977 2.88925 2.5613 2.58621 2.30931 1.97873 2.18833 1.90047 1.73039 1.65892 2.93666 1.73433 1.64306 1.56042
threshold=0 0.0015000000712461772 1 0.0025000000605359678 0.3275000005960465 2 0.0015000000712461772 3 4 5 6 0.62350001931190502 0.18949999660253528 0.043500000610947616 0.1475000008940697 15.500000000000002 13.500000000000002 7 0.13550000637769702 0.6264999806880952 0.0035000001080334191 0.6174999773502351 0.32549999654293066 0.4264999926090241 0.12350000068545343 0.26150000095367437 0.004500000039115549 0.25450000166893011 0.52250000834465038 0.004500000039115549
decision_type=9 2 9 2 2 9 2 1 1 9 1 2 2 2 2 2 2 9 2 2 2 2 2 2 2 2 2 2 2 2
left_child=1 7 3 8 10 6 15 23 16 -8 18 28 -4 24 17 -2 -3 -11 19 20 -5 22 -20 -1 -12 26 -26 -28 -6 -22
right_child=5 2 12 4 11 -7 9 -9 -10 14 13 -13 -14 -15 -16 -17 -18 -19 21 -21 29 -23 -24 -25 25 -27 27 -29 -30 -31
leaf_value=-0.11458879269401552 -0.082128138283102531 -0.045423811999983972 -0.1476413986820069 -0.13243563805963079 -0.063352413910378824 0.56512931367782582 0.60699075488204945 -0.14173085628335805 -0.016841741754457261 0.056928385638885533 -0.10034981290864134 -0.042973005292811749 -0.11953068698183798 -0.094092789077434374 0.075535624975464399 -0.060436536626655678 -0.056283803852321429 0.026733738231353801 -0.081292123052173482 -0.12683131364712516 -0.10106754622325835 -0.094529324334046247 -0.10416893887610042 -0.11439079336429907 -0.088371381151710421 -0.10083572148194722 -0.11103572486156028 -0.047735740887732483 -0.082825686427786732 -0.11192753589571493
leaf_weight=3233 204 230 516 57 386 69033 6868 187 1871 8318 142 1252 240 3911 7985 109 86 11849 60 80 62 264 414 571 187 5310 1341 90 773 2561
leaf_count=3233 204 230 516 57 386 69033 6868 187 1871 8318 142 1252 240 3911 7985 109 86 11849 60 80 62 264 414 571 187 5310 1341 90 773 2561
internal_value=0.000655278 -0.0186581 -0.0164353 -0.0153192 -0.0169307 0.0050653 0.0033992 -0.0297504 -0.00294376 0.00364249 -0.0183746 -0.00825964 -0.0438172 -0.0173537 0.00306839 -0.0237125 -0.0147975 0.00266187 -0.0214686 -0.0223696 -0.0220522 -0.0183902 -0.0207089 -0.0285621 -0.0182885 -0.0181542 -0.0164722 -0.0173962 -0.0119638 -0.0217926
internal_weight=128190 23824 19833 19077 16890 104366 35333 3991 2187 35020 14479 2411 756 10981 28152 313 316 20167 3498 2760 2680 738 474 3804 7070 6928 1618 1431 1159 2623
internal_count=128190 23824 19833 19077 16890 104366 35333 3991 2187 35020 14479 2411 756 10981 28152 313 316 20167 3498 2760 2680 738 474 3804 7070 6928 1618 1431 1159 2623
cat_boundaries=0 1 2 3 4 5 6 7 8
cat_threshold=134221824 4096 4982784 4 2 5 1 2048
is_linear=0
shrinkage=0.06


Tree=4
num_leaves=31
num_cat=12
split_feature=0 0 5 5 5 0 5 2 2 1 2 5 5 5 0 6 5 5 5 2 4 2 2 6 6 0 5 4 5 6
split_gain=2701.32 142.642 162.238 90.9282 49.5573 44.42 55.2713 20.6394 12.9344 12.6278 9.45493 7.78897 5.49797 3.77705 3.43917 3.13201 2.68961 2.59594 2.48577 3.28826 2.13583 2.04754 1.82965 1.78947 2.18815 1.76766 1.70285 2.78969 1.68673 1.4753
threshold=0 1 0.0015000000712461772 0.0025000000605359678 0.3275000005960465 2 0.0015000000712461772 3 4 5 6 0.70350000262260448 0.19849999994039538 0.060499999672174461 7 15.500000000000002 0.0035000001080334191 0.1475000008940697 0.0025000000605359678 8 0.44050000607967382 9 10 18.500000000000004 13.500000000000002 11 0.13550000637769702 0.61450001597404491 0.0035000001080334191 20.500000000000004
decision_type=9 9 2 2 2 9 2 1 1 9 1 2 2 2 9 2 2 2 2 1 2 1 1 2 2 9 2 2 2 2
left_child=1 2 7 8 10 6 15 20 -4 25 16 22 -3 23 18 -2 -5 -16 19 -11 29 -20 -6 24 28 -8 27 -18 -12 -1
right_child=5 12 3 4 11 -7 9 -9 -10 14 13 -13 -14 -15 17 -17 26 -19 21 -21 -22 -23 -24 -25 -26 -27 -28 -29 -30 -31
leaf_value=-0.10769485230207079 -0.079720462613955739 -0.13824291669851332 -0.010551205915671371 -0.12448949977605293 -0.083597610811057113 0.76582166014280084 0.5705713095891265 -0.13346699895900502 -0.048122251241342714 -0.034810982089895824 -0.078683359772169642 -0.034154622527231185 -0.11295884519966382 -0.087847237064473851 0.025129713937472591 -0.079535148045691964 -0.10526615352304078 0.058758506426909766 0.053780927222731284 0.021366946923926822 -0.10848061349025584 0.094312643590640302 -0.06258097014070084 -0.093821065728253841 -0.093585579337439578 0.089621632676980562 -0.09605880010542206 -0.10978049592107353 -0.098385603303250926 -0.10351728023878604
leaf_weight=3222 208 525 1759 57 451 63152 6868 183 428 279 200 1046 235 3015 11849 112 2606 4636 4500 694 499 7351 914 1062 2973 4717 738 97 3731 83
leaf_count=3222 208 525 1759 57 451 63152 6868 183 428 279 200 1046 235 3015 11849 112 2606 4636 4500 694 499 7351 914 1062 2973 4717 738 97 3731 83
internal_value=0.000836415 -0.0173893 -0.0165293 -0.0142359 -0.0157265 0.00499805 0.00346313 -0.027544 -0.00272428 0.00365834 -0.0170527 -0.00776192 -0.0429351 -0.0160926 0.00299171 -0.021375 -0.0199635 0.00241346 0.00373259 0.000820144 -0.026344 0.00397485 -0.0107473 -0.0167919 -0.0164392 0.00533765 -0.0198065 -0.0205039 -0.0173681 -0.0258608
internal_weight=128190 23824 23064 19077 16890 104366 41214 3987 2187 40894 14479 2411 760 10981 29309 320 3498 16485 12824 973 3804 11851 1365 7966 6904 11585 3441 2703 3931 3305
internal_count=128190 23824 23064 19077 16890 104366 41214 3987 2187 40894 14479 2411 760 10981 29309 320 3498 16485 12824 973 3804 11851 1365 7966 6904 11585 3441 2703 3931 3305
cat_boundaries=0 1 2 3 4 5 6 7 8 9 10 11 12
cat_threshold=134221824 4096 7211008 4 4 21 1 2099200 2 1 1 524288
is_linear=0
shrinkage=0.06


Tree=5
num_leaves=31
num_cat=11
split_feature=0 0 5 5 0 5 5 2 1 2 2 5 0 5 5 5 2 6 5 5 5 6 2 4 4 6 6 6 2 6
split_gain=2394.42 129.287 138.788 77.9185 48.434 44.1383 43.7441 19.471 13.6764 11.5625 9.36184 6.42209 4.87662 4.82208 4.16542 3.65186 4.1243 3.17363 3.05275 2.5096 2.47506 2.39364 2.21514 1.99346 1.85235 1.83634 1.74542 1.68905 1.52493 1.5236
threshold=0 1 0.0015000000712461772 0.0025000000605359678 2 0.41150000691413885 0.0015000000712461772 3 4 5 6 0.21550000458955768 7 0.060499999672174461 0.69249999523162853 0.0025000000605359678 8 15.500000000000002 0.13550000637769702 0.16950000077486041 0.0035000001080334191 13.500000000000002 9 0.43649999797344213 0.61450001597404491 18.500000000000004 9.5000000000000018 20.500000000000004 10 18.500000000000004
decision_type=9 9 2 2 9 2 2 1 9 1 1 2 9 2 2 2 1 2 2 2 2 2 1 2 2 2 2 2 1 2
left_child=1 2 7 9 6 10 17 23 -8 21 18 -3 15 29 25 16 -10 -2 20 28 -5 -4 -17 27 -22 -7 -25 -1 -14 -12
right_child=4 11 3 5 -6 14 8 -9 12 -11 13 -13 19 -15 -16 22 -18 -19 -20 -21 24 -23 -24 26 -26 -27 -28 -29 -30 -31
leaf_value=-0.10125177399425032 -0.074937234857118382 -0.13060833676761896 -0.039811048205504365 -0.11702012978948975 0.71987236053423276 -0.068128010515314391 0.53633703101377883 -0.12545897902146474 0.019904942535210458 -0.015198164894249525 -0.09067885851908021 -0.10366131690703649 0.031034632689896067 -0.082287787764173212 -0.032285349280270804 0.051675215574730614 -0.037522327983545482 -0.074763039162950462 -0.088482939209303418 0.057277972513685244 -0.098950184311658335 -0.050019440546701599 0.090844314116996505 -0.10873810163529875 -0.10319366616580911 -0.024561687762757779 -0.10105977776652957 -0.097306243424458871 0.0074219036354039323 -0.088191801784558585
leaf_weight=3200 208 534 230 57 63152 794 6868 183 840 1871 6904 226 8406 3280 1063 4656 322 112 904 4277 2606 86 11723 28 97 123 493 83 3802 1062
leaf_count=3200 208 534 230 57 63152 794 6868 183 840 1871 6904 226 8406 3280 1063 4656 322 112 904 4277 2606 86 11723 28 97 123 493 83 3802 1062
internal_value=0.00103113 -0.0161281 -0.0153097 -0.0131886 0.00494918 -0.0145684 0.00334669 -0.0254974 0.00352042 -0.00253224 -0.0156861 -0.0404416 0.00302433 -0.0147463 -0.00615151 0.00372321 0.000475043 -0.01875 -0.0184801 0.00227887 -0.0195217 -0.0129571 0.00395592 -0.0243461 -0.0192608 -0.0091145 -0.027858 -0.0238629 0.00184207 -0.0155566
internal_weight=128190 23824 23064 19077 104366 16890 41214 3987 40894 2187 14910 760 34026 11246 1980 17541 1162 320 3664 16485 2760 316 16379 3804 2703 917 521 3283 12208 7966
internal_count=128190 23824 23064 19077 104366 16890 41214 3987 40894 2187 14910 760 34026 11246 1980 17541 1162 320 3664 16485 2760 316 16379 3804 2703 917 521 3283 12208 7966
cat_boundaries=0 1 2 3 4 5 6 7 8 9 10 11
cat_threshold=134221824 4096 7211008 4 5 2 1 2230272 5 1 6
is_linear=0
shrinkage=0.06


Tree=6
num_leaves=31
num_cat=11
split_feature=0 0 5 5 0 5 5 2 1 2 2 5 5 0 5 6 5 2 5 5 5 2 6 4 4 6 6 4 2 5
split_gain=2138.85 122.218 113.061 66.7236 52.6209 40.9051 38.9669 22.6894 14.9295 10.9373 8.31982 6.54381 4.8092 4.611 4.03701 3.56058 3.17581 3.44011 2.88454 2.33746 2.33634 2.2638 2.21874 2.05774 2.01248 1.80671 1.68231 1.82892 1.6343 1.51487
threshold=0 1 0.0015000000712461772 0.0025000000605359678 2 0.36149999499320989 0.0015000000712461772 3 4 5 6 0.18349999934434894 0.59150001406669628 7 0.060499999672174461 15.500000000000002 0.0025000000605359678 8 0.0035000001080334191 0.1475000008940697 0.13550000637769702 9 13.500000000000002 0.66749998927116405 0.43050000071525579 18.500000000000004 20.500000000000004 0.13949999958276751 10 0.0035000001080334191
decision_type=9 9 2 2 9 2 2 1 9 1 1 2 2 9 2 2 2 1 2 2 2 1 2 2 2 2 2 2 1 2
left_child=1 2 7 9 6 10 15 24 -8 22 18 -3 -7 16 25 -2 17 -10 -5 -15 23 -18 -4 -20 26 29 -1 -28 -14 -12
right_child=4 11 3 5 -6 12 8 -9 13 -11 14 -13 28 19 -16 -17 21 -19 20 -21 -22 -23 -24 -25 -26 -27 27 -29 -30 -31
leaf_value=-0.095176667554595293 -0.070441000765691292 -0.12259184103995645 -0.037422385313174079 -0.10999892200212037 0.67668001890217877 -0.057905959013041283 0.50415680915295202 -0.11793144028017685 0.018710645983097844 -0.014286275000594574 -0.067447656446732229 -0.10020163523007486 -0.048303695209122248 0.021759853139830483 -0.078192329541519903 -0.070277256813173442 0.048574702640246763 -0.035270988304532763 -0.093002319493754454 0.051796317690474068 -0.08522628972766319 0.085393655269976734 -0.047018274113899527 -0.098278235489726584 -0.094954922287033991 -0.082900293677485054 -0.077323236689350469 -0.100344048156832 -0.019668240978139729 -0.085841736805101626
leaf_weight=3169 208 517 230 57 63152 855 6868 183 840 1871 345 243 607 11849 3137 112 4656 322 2667 4636 814 11723 86 36 552 1062 35 48 751 6559
leaf_count=3169 208 517 230 57 63152 855 6868 183 840 1871 345 243 607 11849 3137 112 4656 322 2667 4636 814 11723 86 36 552 1062 35 48 751 6559
internal_value=0.00119729 -0.0150204 -0.0142254 -0.0123111 0.00490032 -0.0135879 0.00323025 -0.0234206 0.00339424 -0.00244993 -0.0147345 -0.0386493 -0.00598373 0.00287625 -0.013847 -0.017625 0.00355569 0.000526678 -0.017404 0.00215156 -0.0172357 0.00377276 -0.012589 -0.0180844 -0.0222223 -0.0145775 -0.0217122 -0.0301446 -0.00376436 -0.0142231
internal_weight=128190 23824 23064 19077 104366 16890 41214 3987 40894 2187 14677 760 2213 34026 11103 320 17541 1162 3574 16485 3517 16379 316 2703 3804 7966 3252 83 1358 6904
internal_count=128190 23824 23064 19077 104366 16890 41214 3987 40894 2187 14677 760 2213 34026 11103 320 17541 1162 3574 16485 3517 16379 316 2703 3804 7966 3252 83 1358 6904
cat_boundaries=0 1 2 3 4 5 6 7 8 9 10 11
cat_threshold=134221824 4096 7211008 4 5 2 1 2230272 5 1 5
is_linear=0
shrinkage=0.06


Tree=7
num_leaves=31
num_cat=12
split_feature=0 0 5 5 0 5 5 2 1 2 2 5 0 5 5 6 5 2 5 2 5 2 4 6 4 2 4 6 5 6
split_gain=1916.66 115.278 99.6192 58.3833 55.375 34.5681 30.1224 23.088 15.7214 8.45283 7.35569 7.34943 4.31569 4.07776 3.68138 2.908 2.79317 3.03937 2.33908 2.18254 1.9878 1.90472 1.80472 1.58546 1.5744 1.56907 1.44086 1.42907 1.40166 1.2449
threshold=0 1 0.0015000000712461772 0.0025000000605359678 2 0.36149999499320989 0.0015000000712461772 3 4 5 6 0.18349999934434894 7 0.59150001406669628 0.044500000774860389 15.500000000000002 0.0025000000605359678 8 0.1475000008940697 9 0.067500002682209029 10 0.43050000071525579 13.500000000000002 0.20250000059604648 11 0.52849999070167553 19.500000000000004 0.0035000001080334191 9.5000000000000018
decision_type=9 9 2 2 9 2 2 1 9 1 1 2 9 2 2 2 2 1 2 1 2 1 2 2 2 1 2 2 2 2
left_child=1 2 7 9 6 10 15 22 -8 23 20 -3 16 -7 26 -2 17 -10 25 -18 28 -15 -1 -4 -17 -14 -12 29 -5 -24
right_child=4 11 3 5 -6 13 8 -9 12 -11 14 -13 18 21 -16 24 19 -19 -20 -21 -22 -23 27 -25 -26 -27 -28 -29 -30 -31
leaf_value=-0.089466067501319593 -0.066214540719749818 -0.11523633057755905 -0.035177042194383661 -0.10339898668199317 0.6360792177680481 -0.054431601472258805 0.4739074006037749 -0.11085555386336622 0.017588007224111982 -0.013429098500558876 -0.079988928312805616 -0.094189537116270358 0.026823832261652809 -0.045405473496574929 -0.073670748875278955 -0.098923941920339986 0.045660220481831958 -0.033154729006260784 0.048688538629045611 0.080270035953778129 -0.080854753797504286 -0.018488146519451333 -0.095640521019212707 -0.044197177667065581 -0.015315808946291297 0.0050710417164387244 -0.081773988669929895 -0.030929210621079027 -0.09090244095735818 -0.090272577407868829
leaf_weight=3252 208 517 230 57 63152 855 6868 183 840 1871 6444 243 8173 607 3955 28 4656 322 4636 11723 1374 751 29 86 84 3676 704 36 2143 487
leaf_count=3252 208 517 230 57 63152 855 6868 183 840 1871 6444 243 8173 607 3955 28 4656 322 4636 11723 1374 751 29 86 84 3676 704 36 2143 487
internal_value=0.00135642 -0.0139958 -0.0132242 -0.0114273 0.00486181 -0.0126217 0.00314875 -0.0218555 0.003293 -0.00220302 -0.0136757 -0.0369351 0.00276166 -0.00563127 -0.0128428 -0.0151875 0.00341895 0.000578313 0.00206062 0.00362257 -0.0161819 -0.00358763 -0.0206649 -0.0111166 -0.00739286 0.00161482 -0.013667 -0.0238913 -0.0173455 -0.0246977
internal_weight=128190 23824 23064 19077 104366 16890 41214 3987 40894 2187 14677 760 34026 2213 11103 320 17541 1162 16485 16379 3574 1358 3804 316 112 11849 7148 552 2200 516
internal_count=128190 23824 23064 19077 104366 16890 41214 3987 40894 2187 14677 760 34026 2213 11103 320 17541 1162 16485 16379 3574 1358 3804 316 112 11849 7148 552 2200 516
cat_boundaries=0 1 2 3 4 5 6 7 8 9 10 11 12
cat_threshold=134221824 4096 7211008 4 5 2 1 2230272 5 1 5 6
is_linear=0
shrinkage=0.06


Tree=8
num_leaves=31
num_cat=12
split_feature=0 0 5 0 5 5 5 2 1 2 5 2 0 5 5 6 5 2 5 2 4 4 2 5 2 6 6 4 5 4
split_gain=1717.56 113.3 79.9381 57.8207 49.7486 28.7792 25.7077 20.5562 16.4608 7.8736 7.86591 7.44742 4.29388 3.73199 3.48027 2.73091 2.48556 2.45622 2.19079 2.16712 1.76895 1.79197 1.74354 1.57181 1.54133 1.33797 1.28955 1.88689 1.27835 1.21314
threshold=0 1 0.0015000000712461772 2 0.0025000000605359678 0.36149999499320989 0.0015000000712461772 3 4 5 0.18349999934434894 6 7 0.044500000774860389 0.59150001406669628 15.500000000000002 0.0025000000605359678 8 0.1475000008940697 9 0.40450000762939459 0.39249999821186071 10 0.077500000596046462 11 19.500000000000004 18.500000000000004 0.6264999806880952 0.60749998688697826 0.10150000080466272
decision_type=9 9 2 9 2 2 2 1 9 1 2 1 9 2 2 2 2 1 2 1 2 2 1 2 1 2 2 2 2 2
left_child=1 2 7 6 9 11 15 20 -8 -4 -3 23 16 26 -7 -2 17 -10 24 -18 21 -1 -16 29 -14 -22 -13 -28 -12 -6
right_child=3 10 4 -5 5 14 8 -9 12 -11 28 13 18 -15 22 -17 19 -19 -20 -21 25 -23 -24 -25 -26 -27 27 -29 -30 -31
leaf_value=-0.084698088573921054 -0.062241668276564854 -0.10832215074290548 -0.007343321257006874 0.59791446470196519 -0.056163019178638238 -0.051165705383923274 0.44547295656754843 -0.10420422063156422 0.016532726790665267 -0.038526417728841286 -0.10100095491602618 -0.075891896898027209 0.025214402325953591 -0.06925050394276222 -0.042681145086780434 -0.063643325972581502 0.042920607252922058 -0.031165445265885161 0.045767226311302873 0.075453833796551489 -0.083841272305339845 -0.064418082077608824 -0.017378857728284257 -0.074961434148021241 0.0047667792134524229 -0.064568470477414847 -0.071691455111662528 -0.095592770522813897 -0.063218174380738096 -0.085611468381006597
leaf_weight=2972 208 517 1759 63152 22 855 6868 183 840 428 169 6183 8173 3955 607 112 4656 322 4636 11723 673 99 751 1269 3676 60 928 37 74 2283
leaf_count=2972 208 517 1759 63152 22 855 6868 183 840 428 169 6183 8173 3955 607 112 4656 322 4636 11723 673 99 751 1269 3676 60 928 37 74 2283
internal_value=0.00149637 -0.0130367 -0.0122725 0.00481467 -0.010663 -0.0117655 0.00306433 -0.0200045 0.00319763 -0.00214815 -0.0357662 -0.0127273 0.00265413 -0.011898 -0.00538726 -0.013875 0.00330956 0.000629949 0.00195514 0.00350168 -0.0188873 -0.0183048 -0.00349926 -0.0152277 0.00152367 -0.0215853 -0.0127269 -0.0147668 -0.0273333 -0.0162039
internal_weight=128190 23824 23064 104366 19077 16890 41214 3987 40894 2187 760 14677 34026 11103 2213 320 17541 1162 16485 16379 3804 3071 1358 3574 11849 733 7148 965 243 2305
internal_count=128190 23824 23064 104366 19077 16890 41214 3987 40894 2187 760 14677 34026 11103 2213 320 17541 1162 16485 16379 3804 3071 1358 3574 11849 733 7148 965 243 2305
cat_boundaries=0 1 2 3 4 5 6 7 8 9 10 11 12
cat_threshold=134221824 4096 7211008 4 5 4 1 2230272 5 1 5 6
is_linear=0
shrinkage=0.06


Tree=9
num_leaves=31
num_cat=13
split_feature=0 0 5 0 5 5 2 5 1 5 2 2 0 5 5 5 6 5 2 2 4 6 0 2 2 5 4 5 5 6
split_gain=1536.77 104.644 64.8211 61.4978 43.2714 25.4659 21.7928 21.6101 17.504 9.06268 7.1282 6.82845 3.97829 3.20075 3.18508 2.97784 2.19811 2.01956 2.01917 1.93113 1.68604 1.76704 1.43849 1.50565 1.43174 1.39942 1.26562 1.22217 1.17067 1.17289
threshold=0 1 0.0015000000712461772 2 0.0025000000605359678 0.36149999499320989 3 0.0015000000712461772 4 0.18349999934434894 5 6 7 0.031500000506639488 0.0025000000605359678 0.59150001406669628 15.500000000000002 0.1475000008940697 8 9 0.40450000762939459 19.500000000000004 10 11 12 0.56850001215934765 0.60649999976158153 0.030499999411404136 0.012500000186264517 8.5000000000000018
decision_type=9 9 2 9 2 2 1 2 9 2 1 1 9 2 2 2 2 2 1 1 2 2 9 1 1 2 2 2 2 2
left_child=1 2 6 7 10 11 20 16 -9 -3 -4 28 14 26 19 -7 -2 22 -16 -10 -1 -22 23 -14 -17 -11 27 -13 29 -6
right_child=3 9 4 -5 5 15 -8 8 12 25 -12 13 17 -15 18 24 -18 -19 -20 -21 21 -23 -24 -25 -26 -27 -28 -29 -30 -31
leaf_value=-0.079016218136805136 -0.05850716817997096 -0.10182282169833115 -0.035324292699704975 0.57583956935402703 -0.098546327601424732 -0.048095763060887899 -0.097951967393670389 0.42144464718998809 0.012720739455455038 -0.095497829968341566 -0.01218275331510494 -0.070137182616863844 0.0044807755181419575 -0.066772318344363008 0.041043981835546361 -0.040120276381573582 -0.059824726414226634 0.043021192732624655 0.073116900448514002 -0.029295518549932051 -0.078810795967019454 -0.060694362248769958 -0.018546532265718237 0.026130377500593129 -0.016336126264587223 -0.063025080431022132 -0.073530179332425366 -0.078646374748911591 -0.076187915518796848 -0.070002644490455374
leaf_weight=3071 208 517 316 62486 54 855 183 6956 854 164 1871 5792 3421 5097 4749 607 112 4636 12194 322 673 60 314 8114 751 79 105 109 2941 579
leaf_count=3071 208 517 316 62486 54 855 183 6956 854 164 1871 5792 3421 5097 4749 607 112 4636 12194 322 673 60 314 8114 751 79 105 109 2941 579
internal_value=0.00161151 -0.0121354 -0.0114014 0.00475029 -0.00995219 -0.0109805 -0.0183642 0.00296921 0.00308951 -0.033974 -0.00201097 -0.0118851 0.00253493 -0.0110935 0.00315042 -0.00498057 -0.0125625 0.00185693 0.00336174 0.000132653 -0.0172354 -0.0198663 0.00144265 0.00155132 -0.00323417 -0.0248642 -0.012042 -0.0119258 -0.0142734 -0.016654
internal_weight=128190 23824 23064 104366 19077 16890 3987 41880 41560 760 2187 14677 34604 11103 18119 2213 320 16485 16943 1176 3804 733 11849 11535 1358 243 6006 5901 3574 633
internal_count=128190 23824 23064 104366 19077 16890 3987 41880 41560 760 2187 14677 34604 11103 18119 2213 320 16485 16943 1176 3804 733 11849 11535 1358 243 6006 5901 3574 633
cat_boundaries=0 1 2 3 4 5 6 7 8 9 10 11 12 13
cat_threshold=134221824 4096 7211520 4 2053 2 1 2230784 1 5 786432 1 5
is_linear=0
shrinkage=0.06


Tree=10
num_leaves=31
num_cat=12
split_feature=0 0 0 5 5 5 2 1 5 5 2 2 0 5 5 5 5 5 5 2 2 5 2 6 6 0 4 4 6 4
split_gain=1373.85 96.6026 63.745 57.1547 38.1059 20.9704 19.9321 19.8938 16.4404 10.4018 6.28476 5.42968 3.6102 2.93723 2.92784 2.77054 1.92175 1.94114 1.72593 1.66732 1.6343 1.6029 1.53862 1.42912 1.36038 1.3061 1.25313 1.39419 1.25386 1.23114
threshold=0 1 2 0.0015000000712461772 0.0025000000605359678 0.36149999499320989 3 4 0.0015000000712461772 0.26350000500679022 5 6 7 0.044500000774860389 0.69249999523162853 0.0025000000605359678 0.0035000001080334191 0.59150001406669628 0.14950000494718554 8 9 0.0035000001080334191 10 15.500000000000002 13.500000000000002 11 0.40450000762939459 0.39249999821186071 19.500000000000004 0.3965000063180924
decision_type=9 9 9 2 2 2 1 9 2 2 1 1 9 2 2 2 2 2 2 1 1 2 1 2 2 9 2 2 2 2
left_child=1 3 7 6 11 10 26 21 23 -3 -6 24 15 -12 22 20 -17 19 -14 -18 -10 -2 -7 -9 -5 -4 27 -1 -28 -29
right_child=2 9 25 4 5 14 -8 8 12 -11 13 -13 18 -15 -16 16 17 -19 -20 -21 -22 -23 -24 -25 -26 -27 28 29 -30 -31
leaf_value=-0.074875230171277507 -0.026790834951667931 -0.096204923138976481 0.14888914026114478 -0.02863537703700789 -0.071613497132255774 -0.055355651529978046 -0.092074849350050184 -0.0549967380891727 0.011957495088127743 -0.072308242125317293 -0.066602018407616051 -0.011451788116198659 0.017053677251378609 -0.061089134605534709 -0.020837593794587741 0.14198916503287842 0.027841329547530547 0.13841206994663457 0.040695870839297911 0.05750888063869003 -0.02753778743693612 0.34508916772696507 -0.037550284372811403 -0.056235242829373047 -0.037114304381328914 0.58688920892569552 -0.074082148208998305 0.0030479698707800117 -0.057052700513843743 -0.05665202615508233
leaf_weight=2972 84 570 2371 230 3574 370 183 208 854 190 7148 1871 11883 3955 1063 1375 3982 1276 4602 10310 322 7583 780 112 86 59404 673 34 60 65
leaf_count=2972 84 570 2371 230 3574 370 183 208 854 190 7148 1871 11883 3955 1063 1375 3982 1276 4602 10310 322 7583 780 112 86 59404 673 34 60 65
internal_value=0.00171589 -0.011282 0.00468361 -0.0105771 -0.00921623 -0.0101812 -0.0171151 0.00289585 0.00228671 -0.0322597 -0.0110021 -0.00176406 0.00241255 -0.0102458 -0.00473656 0.00299818 0.0031953 0.0030054 0.00176599 0.00280521 0.000183674 0.00566393 -0.00683478 -0.01125 -0.00890798 0.00591551 -0.0160399 -0.01555 -0.018311 -0.00854545
internal_weight=128190 23824 104366 23064 19077 16890 3987 42591 34924 760 14677 2187 34604 11103 2213 18119 16943 15568 16485 14292 1176 7667 1150 320 316 61775 3804 3071 733 99
internal_count=128190 23824 104366 23064 19077 16890 3987 42591 34924 760 14677 2187 34604 11103 2213 18119 16943 15568 16485 14292 1176 7667 1150 320 316 61775 3804 3071 733 99
cat_boundaries=0 1 2 3 4 5 6 7 8 9 10 11 12
cat_threshold=134221824 4096 7211528 4 2053 1 2 2230784 1 5 1 128
is_linear=0
shrinkage=0.06


Tree=11
num_leaves=31
num_cat=13
split_feature=0 0 0 5 5 1 5 2 5 5 2 5 2 0 5 5 5 5 2 4 4 2 2 5 6 4 1 5 6 2
split_gain=1235.34 90.2857 67.3125 47.8595 33.6772 20.5867 18.3732 18.2887 12.397 8.96886 6.11821 4.73527 4.63431 3.35143 2.88496 2.71101 2.08773 1.96659 1.82841 1.69414 1.63636 1.59882 1.54407 1.46883 1.2802 2.12192 1.27752 1.18982 1.1541 1.13149
threshold=0 1 2 0.0015000000712461772 0.0025000000605359678 3 0.59150001406669628 4 0.0015000000712461772 0.26350000500679022 5 0.044500000774860389 6 7 0.0035000001080334191 0.0025000000605359678 0.0035000001080334191 0.54350000619888317 8 0.23149999976158145 0.23449999839067462 9 10 0.15149999409914019 18.500000000000004 0.6264999806880952 11 0.29649999737739569 12.500000000000002 12
decision_type=9 9 9 2 2 9 2 1 2 2 1 2 1 9 2 2 2 2 1 2 2 1 1 2 2 2 9 2 2 1
left_child=1 3 5 7 12 14 10 -1 19 -3 -6 24 -5 15 20 22 -17 21 23 -7 -2 -18 -10 -15 -12 -26 -16 -13 -21 -8
right_child=2 9 -4 4 6 8 29 -9 13 -11 11 27 -14 18 26 16 17 -19 -20 28 -22 -23 -24 -25 25 -27 -28 -29 -30 -31
leaf_value=-0.069782731238320211 -0.11049458192622147 -0.090432627750637914 0.55167585639015382 -0.031232344456378902 -0.066568737579450421 -0.070896920705704553 -0.035907334862404348 -0.086550358389047177 0.011240045382840087 -0.067969747597798238 -0.063134031022676756 -0.058057229553821359 -0.010764680829226715 0.021196899643853764 0.48669264587521383 0.13346981513090572 0.024910874596653514 0.12813523352079628 0.0080106483634491809 -0.042096927446988112 0.009081029496681433 0.053757151072297865 -0.025885520190719973 0.049065150269091556 -0.059246183021518163 -0.081449272427042543 0.14283321668849464 -0.035715131914788256 -0.030703128329947742 -0.01410570306103672
leaf_weight=3804 33 570 59404 316 3867 115 607 183 854 190 6183 3728 1871 8216 6060 1375 3919 1451 5326 76 66 10198 322 2943 928 37 3879 789 129 751
leaf_count=3804 33 570 59404 316 3867 115 607 183 854 190 6183 3728 1871 8216 6060 1375 3919 1451 5326 76 66 10198 322 2943 928 37 3879 789 129 751
internal_value=0.0018212 -0.0105042 0.00463532 -0.009823 -0.00857776 0.00288206 -0.0094849 -0.0158059 0.00219225 -0.0307792 -0.01007 -0.00934047 -0.00157202 0.00230158 0.00527747 0.0028658 0.00306073 0.0028628 0.00167869 -0.0095625 -0.00490909 0.0026466 8.16329e-05 0.00211604 -0.0103095 -0.012342 0.00538424 -0.00782776 -0.00629268 -0.00279234
internal_weight=128190 23824 104366 23064 19077 44962 16890 3987 34924 760 15532 11665 2187 34604 10038 18119 16943 15568 16485 320 99 14117 1176 11159 7148 965 9939 4517 205 1358
internal_count=128190 23824 104366 23064 19077 44962 16890 3987 34924 760 15532 11665 2187 34604 10038 18119 16943 15568 16485 320 99 14117 1176 11159 7148 965 9939 4517 205 1358
cat_boundaries=0 1 2 3 4 5 6 7 8 9 10 11 12 13
cat_threshold=134221824 4096 7211656 2053 4 1 2 2230784 6 1 5 1 5
is_linear=0
shrinkage=0.06


Tree=12
num_leaves=31
num_cat=13
split_feature=0 0 0 5 5 1 5 2 5 5 2 2 0 2 5 5 5 5 4 0 1 6 5 4 0 5 5 5 5 2
split_gain=1102.54 88.4126 68.5639 38.3476 27.4548 20.3214 15.5545 13.2979 10.5948 9.73728 5.69979 4.5265 2.90646 2.85162 2.83778 2.58652 1.90536 1.82985 1.63636 1.58735 1.56802 1.53873 1.50066 1.43908 1.3218 3.08358 1.47505 1.27352 1.92283 1.14742
threshold=0 1 2 0.0015000000712461772 0.0025000000605359678 3 0.36149999499320989 4 0.0015000000712461772 0.26350000500679022 5 6 7 8 0.0035000001080334191 0.044500000774860389 0.69249999523162853 0.55950000882148754 0.23449999839067462 9 10 12.500000000000002 0.37749999761581426 0.26449999213218695 11 0.0025000000605359678 0.004500000039115549 0.3184999972581864 0.0084999999962747114 12
decision_type=9 9 9 2 2 9 2 1 2 2 1 1 9 1 2 2 2 2 2 9 9 2 2 2 9 2 2 2 2 1
left_child=1 3 5 7 11 14 10 -1 21 -3 -6 -5 -12 19 18 -14 22 24 -2 -10 -16 -7 -8 -23 -15 -26 -27 28 -21 -18
right_child=2 9 -4 4 6 8 16 -9 13 -11 12 -13 15 17 20 -17 29 -19 -20 27 -22 23 -24 -25 25 26 -28 -29 -30 -31
leaf_value=-0.085077330147994082 -0.10386490701064816 -0.085006670085599631 0.51857530500674465 -0.0041187787632380691 -0.062925653116890967 -0.050131115771626537 0.0058101733515840163 -0.065613500671133168 -0.0093046377380532706 -0.063891562741930322 -0.018470274434130331 -0.031763311649901579 -0.058828776979309882 0.02506674951725835 0.45749108712270092 -0.054022466738703902 -0.028832900918310322 0.1059271326577866 0.008536167726880586 0.035843965588485856 0.13426322368718499 -0.064854745752467108 -0.041131594413756078 -0.0042893789931487264 -0.010412374889360924 0.12402164925604608 0.048673221585577194 0.070788782543285508 0.0096161923662156559 -0.0018593582487961234
leaf_weight=111 33 570 59404 1765 3599 138 80 3880 970 190 284 440 7148 10189 6060 3955 465 1935 66 2287 3879 71 1076 107 621 1450 9753 1432 5631 601
leaf_count=111 33 570 59404 1765 3599 138 80 3880 970 190 284 440 7148 10189 6060 3955 465 1935 66 2287 3879 71 1076 107 621 1450 9753 1432 5631 601
internal_value=0.00191388 -0.00962919 0.00459568 -0.0089654 -0.00786803 0.00281663 -0.00867573 -0.0143257 0.00212534 -0.0296883 -0.00937035 -0.00156463 -0.00867228 0.0022268 0.00519387 -0.00883128 -0.003991 0.00258653 -0.00490909 0.00138819 0.00529973 -0.00881013 -0.0056782 -0.0051236 0.00243211 0.00286666 0.00309721 0.00162821 0.00133215 -0.00216135
internal_weight=128190 24164 104026 23404 19413 44622 17208 3991 34584 760 14986 2205 11387 34268 10038 11103 2222 23948 99 10320 9939 316 1156 178 22013 11824 11203 9350 7918 1066
internal_count=128190 24164 104026 23404 19413 44622 17208 3991 34584 760 14986 2205 11387 34268 10038 11103 2222 23948 99 10320 9939 316 1156 178 22013 11824 11203 9350 7918 1066
cat_boundaries=0 1 2 3 4 5 6 7 8 9 10 11 12 13
cat_threshold=138416128 4198400 3017352 2053 10 1 4 4194304 1 262144 1 786432 5
is_linear=0
shrinkage=0.06


Tree=13
num_leaves=31
num_cat=11
split_feature=0 0 0 5 5 1 5 5 2 5 2 2 1 5 0 5 2 5 5 4 5 5 0 5 5 4 4 5 4 5
split_gain=996.676 82.4922 71.4701 32.3446 24.6146 20.0854 13.1376 10.6737 9.26179 8.01444 4.04992 3.36047 2.70315 2.63943 2.42813 2.4817 2.42631 2.25857 1.86359 1.34307 1.30167 1.29624 1.2235 2.87434 1.58817 1.20064 1.60097 1.16186 1.69826 1.16004
threshold=0 1 2 0.0015000000712461772 0.0025000000605359678 3 0.36149999499320989 0.26350000500679022 4 0.0015000000712461772 5 6 7 0.55950000882148754 8 0.029499999247491363 9 0.0035000001080334191 0.69249999523162853 0.24450000375509265 0.0084999999962747114 0.60749998688697826 10 0.0025000000605359678 0.004500000039115549 0.22850000113248828 0.15550000220537188 0.11549999937415124 0.62149998545646679 0.37749999761581426
decision_type=9 9 9 2 2 9 2 2 1 2 1 1 9 2 9 2 1 2 2 2 2 2 9 2 2 2 2 2 2 2
left_child=1 3 5 8 11 12 10 25 -1 -7 27 -5 -2 16 -12 -16 20 19 29 -14 -11 -9 -18 -24 -25 26 -3 28 -6 -8
right_child=2 7 -4 4 6 9 18 21 -10 13 14 -13 17 -15 15 -17 22 -19 -20 -21 -22 -23 23 24 -26 -27 -28 -29 -30 -31
leaf_value=-0.061658957323753004 0.42650153545387681 -0.078094803685146236 0.48746078670633991 -0.0038716520374437913 -0.061917528143444464 -0.046529280445786289 0.0054615629504889719 -0.061738067507563839 -0.076959840353375789 0.028732915502363725 -0.017362057968082458 -0.029857512950907505 -0.10226397016036451 0.092018600193948474 -0.055192749427606456 -0.052647980067337188 0.023562744546222879 0.12620743026595388 -0.016045354298697054 0.00063959818576471146 0.009658790510357838 -0.043393405944129666 -0.0097876323959992639 0.11658035030068337 0.045752828290442547 -0.078574791397062249 -0.09483479199339509 -0.053105989096178613 -0.092938202087532493 -0.038663698748930692
leaf_weight=3806 6072 39 59404 1765 2604 316 80 116 185 2539 284 440 30 2824 5772 5331 10189 3879 1066 57 6892 74 621 1450 9753 471 60 941 54 1076
leaf_count=3806 6072 39 59404 1765 2604 316 80 116 185 2539 284 440 30 2824 5772 5331 10189 3879 1066 57 6892 74 621 1450 9753 471 60 941 54 1076
internal_value=0.00198362 -0.00899131 0.00453339 -0.00835039 -0.00734261 0.00271715 -0.00810739 -0.0283636 -0.0132734 0.00202995 -0.00874576 -0.00137415 0.00508041 0.00211824 -0.00815109 -0.00829677 0.00196044 0.00382696 -0.00380198 -0.00572414 0.00115094 -0.0164211 0.00230568 0.00272469 0.00294725 -0.0328421 -0.0388485 -0.0105752 -0.011246 -0.00547059
internal_weight=128190 24164 104026 23404 19413 44622 17208 760 3991 34584 14986 2205 10038 34268 11387 11103 31444 3966 2222 87 9431 190 22013 11824 11203 570 99 3599 2658 1156
internal_count=128190 24164 104026 23404 19413 44622 17208 760 3991 34584 14986 2205 10038 34268 11387 11103 31444 3966 2222 87 9431 190 22013 11824 11203 570 99 3599 2658 1156
cat_boundaries=0 1 2 3 4 5 6 7 8 9 10 11
cat_threshold=138416128 4198400 3017352 2053 4 1 4 1 4194304 1 786432
is_linear=0
shrinkage=0.06


Tree=14
num_leaves=31
num_cat=13
split_feature=0 0 0 5 5 1 5 5 2 5 2 0 2 5 1 0 5 6 5 5 5 2 5 4 5 5 0 4 5 2
split_gain=895.319 80.0478 73.8349 27.9482 21.2464 20.6888 10.8229 9.71703 9.14672 6.97172 4.22691 2.89117 2.63371 2.4731 2.31657 2.23135 2.42352 1.94633 1.91843 2.08587 1.65659 1.59494 1.57238 1.77778 1.30006 2.27264 1.28761 1.26169 1.25766 1.21081
threshold=0 1 2 0.0015000000712461772 0.0025000000605359678 3 0.36149999499320989 0.35649999976158148 4 0.0015000000712461772 5 6 7 0.0025000000605359678 8 9 0.029499999247491363 9.5000000000000018 0.54350000619888317 0.0035000001080334191 0.69249999523162853 10 0.0035000001080334191 0.30550000071525579 0.073499999940395369 0.093499999493360533 11 0.44650000333786016 0.18349999934434894 12
decision_type=9 9 9 2 2 9 2 2 1 2 1 9 1 2 9 9 2 2 2 2 2 1 2 2 2 2 9 2 2 1
left_child=1 3 5 8 12 14 10 24 17 -7 -6 21 -5 29 -2 -12 -17 -1 19 -15 -8 -11 23 -16 27 -26 -21 -3 -27 -13
right_child=2 7 -4 4 6 9 20 -9 -10 11 15 13 -14 18 22 16 -18 -19 -20 26 -22 -23 -24 -25 25 28 -28 -29 -30 -31
leaf_value=-0.081355094186922938 0.40091144332664425 -0.074474702790491662 0.45821313950395953 -0.0036393529151971648 -0.055666944503442145 -0.043737523619039119 -0.03551672469880561 -0.055633799863643765 -0.057977153191439999 0.0069515193548872036 -0.016320334489997528 0.0084910309389006847 -0.028066062173853063 0.10903997942352928 -0.10319288936718699 -0.051881184461950086 -0.049489101263296968 -0.072655115461312578 0.11277041315192579 0.029866158854711909 -0.015082633040775227 0.024663311488645298 0.12355762369389214 0.033680385774050803 -0.040140309756867172 -0.090660315956347493 0.055998048824898526 -0.065940311536066443 -0.069166499848744664 -0.023600390380360263
leaf_weight=21 6072 346 59404 1765 3599 316 1156 141 3880 5016 284 854 440 1416 25 5772 5331 90 1561 8908 1066 11133 3122 20 30 91 5856 50 102 323
leaf_count=21 6072 346 59404 1765 3599 316 1156 141 3880 5016 284 854 440 1416 25 5772 5331 90 1561 8908 1066 11133 3122 20 30 91 5856 50 102 323
internal_value=0.00205102 -0.00835096 0.00446765 -0.00772 -0.00678319 0.00262171 -0.00749372 -0.0274286 -0.0122962 0.00196022 -0.00807313 0.00204072 -0.00123809 0.0025448 0.00515018 -0.00747197 -0.00761109 -0.0292066 0.00272285 0.00252905 -0.00358596 0.00144774 0.00379037 -0.00733333 -0.0310275 -0.0273632 0.00231807 -0.0330909 -0.0297513 -0.000117247
internal_weight=128190 24164 104026 23404 19413 44622 17208 760 3991 35383 14986 35067 2205 18918 9239 11387 11103 111 17741 16180 2222 16149 3167 45 619 223 14764 396 193 1177
internal_count=128190 24164 104026 23404 19413 44622 17208 760 3991 35383 14986 35067 2205 18918 9239 11387 11103 111 17741 16180 2222 16149 3167 45 619 223 14764 396 193 1177
cat_boundaries=0 1 2 3 4 5 6 7 8 9 10 11 12 13
cat_threshold=138416128 4198400 3017352 5 10 1 786432 4 1 4194304 1 2048 5
is_linear=0
shrinkage=0.06


Tree=15
num_leaves=31
num_cat=13
split_feature=0 0 0 5 1 5 5 5 2 5 2 0 2 0 5 1 5 0 5 5 5 6 5 5 5 2 5 4 5 0
split_gain=811.604 75.6912 72.9548 25.2186 20.9625 18.2484 9.98922 9.52119 8.37589 5.9516 3.41463 2.71595 2.53325 2.49516 7.88758 2.35857 2.15386 1.83915 1.95324 1.7468 1.93313 1.66491 1.57057 1.54788 2.44334 1.39745 1.38628 1.61848 1.29545 1.211
threshold=0 1 2 0.0015000000712461772 3 0.0025000000605359678 0.27349999547004705 0.36149999499320989 4 0.0015000000712461772 5 6 7 8 0.004500000039115549 9 0.0025000000605359678 10 0.044500000774860389 0.54350000619888317 0.0035000001080334191 9.5000000000000018 0.69249999523162853 0.073499999940395369 0.093499999493360533 11 0.60749998688697826 0.44050000607967382 0.1134999990463257 12
decision_type=9 9 9 2 9 2 2 2 1 2 1 9 1 9 2 9 2 9 2 2 2 2 2 2 2 1 2 2 2 9
left_child=2 4 3 8 15 12 23 10 21 -6 -7 25 -5 14 -3 -2 -13 -12 -19 20 -18 -1 -9 -4 -25 -11 27 -8 -26 -22
right_child=1 13 6 5 9 7 26 22 -10 11 17 16 -14 -15 -16 -17 19 18 -20 -21 29 -23 -24 24 28 -27 -28 -29 -30 -31
leaf_value=-0.07647378853570759 0.37685675672704561 -0.05587968548737187 -0.069406221780417679 -0.0034209917402853304 -0.041113272201896783 -0.052326927833235622 -0.043355753361546116 -0.033385721216877294 -0.054498523999953592 0.0065344281935939812 -0.015341114420597712 -0.00015159534836280581 -0.026382098443421906 0.50212026873626092 0.17200027041363689 0.10870411325577997 0.10249758065811748 -0.048926177856150721 -0.044652893854543671 0.10600418836281023 0.028074189323429147 -0.068295808533633817 -0.01417767505832873 -0.037731891171455131 -0.085220697642696158 0.023183512799326598 -0.037451773595663235 -0.055489773302110836 -0.075825112291490498 0.052638165895404612
leaf_weight=21 6072 254 396 1765 316 3599 32 1156 3880 5016 284 1177 440 54201 4949 3167 1416 7148 3955 1561 8908 90 1066 30 21 11133 74 76 131 5856
leaf_count=21 6072 254 396 1765 316 3599 32 1156 3880 5016 284 1177 440 54201 4949 3167 1416 7148 3955 1561 8908 90 1066 30 21 11133 74 76 131 5856
internal_value=0.00208893 0.00438979 -0.00781484 -0.00721261 0.00252088 -0.00632267 -0.026026 -0.00698117 -0.0115595 0.00185511 -0.00752462 0.00192951 -0.00118367 0.00579298 0.00449223 0.00506585 0.00241801 -0.00698236 -0.00710897 0.00258418 0.00239926 -0.027719 -0.00331593 -0.0302284 -0.0256484 0.00135491 -0.0141099 -0.0184444 -0.0287368 0.00219615
internal_weight=128190 104026 24164 23404 44622 19413 760 17208 3991 35383 14986 35067 2205 59404 5203 9239 18918 11387 11103 17741 16180 111 2222 578 182 16149 182 108 152 14764
internal_count=128190 104026 24164 23404 44622 19413 760 17208 3991 35383 14986 35067 2205 59404 5203 9239 18918 11387 11103 17741 16180 111 2222 578 182 16149 182 108 152 14764
cat_boundaries=0 1 2 3 4 5 6 7 8 9 10 11 12 13
cat_threshold=138416128 3017352 4198400 5 10 1 786432 4 2 1 4194304 1 2048
is_linear=0
shrinkage=0.06


Tree=16
num_leaves=31
num_cat=13
split_feature=0 0 0 5 1 5 5 5 2 5 1 2 0 5 5 2 5 6 2 5 2 5 2 5 0 5 5 5 5 5
split_gain=723.178 78.1395 63.2363 21.3678 21.0682 15.3936 8.46124 8.36198 5.10328 4.95739 3.55164 3.48801 3.03515 6.93112 2.24355 2.14753 1.88088 1.62267 1.48386 1.4824 1.64559 1.5214 3.62402 1.43351 1.41654 1.54036 1.23797 1.20337 1.16208 1.07951
threshold=0 1 2 0.0015000000712461772 3 0.0025000000605359678 0.38750000298023229 0.36149999499320989 4 0.0015000000712461772 5 6 7 0.004500000039115549 0.67350000143051159 8 0.17549999803304675 16.500000000000004 9 0.0065000001341104516 10 0.0025000000605359678 11 0.11549999937415124 12 0.044500000774860389 0.031500000506639488 0.25249999761581426 0.17349999397993091 0.37749999761581426
decision_type=9 9 9 2 9 2 2 2 1 2 9 1 9 2 2 1 2 2 1 2 1 2 1 2 9 2 2 2 2 2
left_child=2 4 3 8 -2 15 17 11 -1 -6 16 23 13 -3 19 -5 -11 28 29 21 -21 22 -12 -7 -13 -26 -19 -22 -4 -9
right_child=1 12 6 5 9 7 -8 18 -10 10 14 24 -14 -15 -16 -17 -18 26 -20 20 27 -23 -24 -25 25 -27 -28 -29 -30 -31
leaf_value=-0.051210879252844205 0.35424535132342289 -0.052526904358129511 -0.067978513810589031 -0.0032157322358681915 -0.038646475869782974 -0.051935484690550253 -0.041795993101817606 0.0089711776698841797 -0.065239138333387139 0.049479875941680365 0.022210646188026359 -0.014420647555361796 0.47199305261208535 0.16168025418881868 0.087751692101445011 -0.024799172536816572 0.13647345558754798 -0.054651857889272418 -0.017329811162238366 0.025992540941279143 0.0061832999687530688 0.072480530531194437 -0.023975255214908398 -0.04343999741020721 -0.045990607184781665 -0.041973720223271067 -0.049876800421405881 0.035768812481739638 -0.067675609286287255 -0.034704583680765441
leaf_weight=3838 6072 254 437 1765 316 2658 128 29 153 7260 1547 284 54201 4949 1924 440 1423 21 1518 10457 9844 3711 405 941 7148 3955 93 1663 81 675
leaf_count=3838 6072 254 437 1765 316 2658 128 29 153 7260 1547 284 54201 4949 1924 440 1423 21 1518 10457 9844 3711 405 941 7148 3955 93 1663 81 675
internal_value=0.00214697 0.00431885 -0.00720179 -0.00664115 0.00242006 -0.00582197 -0.0241558 -0.00642678 -0.0106424 0.00190145 0.0019638 -0.00693607 0.0057445 0.00431959 0.00164832 -0.00110204 0.00303209 -0.0273228 -0.0029919 0.00151091 0.00128774 0.00237648 0.00102049 -0.00861347 -0.00639273 -0.00650427 -0.0208421 0.00079031 -0.028749 -0.0052605
internal_weight=128190 104026 24164 23404 44622 19413 760 17208 3991 38550 38234 14986 59404 5203 29551 2205 8683 632 2222 27627 21964 5663 1952 3599 11387 11103 114 11507 518 704
internal_count=128190 104026 24164 23404 44622 19413 760 17208 3991 38550 38234 14986 59404 5203 29551 2205 8683 632 2222 27627 21964 5663 1952 3599 11387 11103 114 11507 518 704
cat_boundaries=0 1 2 3 4 5 6 7 8 9 10 11 12 13
cat_threshold=138416128 3017352 4198400 1 12 2068 1 2 4 1 2 5 4194304
is_linear=0
shrinkage=0.06


Tree=17
num_leaves=31
num_cat=13
split_feature=0 0 0 1 5 5 5 5 2 5 2 0 5 5 1 0 2 5 5 5 5 4 2 4 5 2 4 6 4 0
split_gain=650.531 80.305 54.057 21.4964 18.0346 13.3573 8.64036 7.15621 4.87416 4.14715 3.53148 3.5096 6.70153 2.66686 2.56125 2.28426 1.79365 1.76075 1.72692 2.04185 1.48274 1.77778 1.33198 1.28155 1.25694 1.19462 1.17062 1.14113 1.31793 1.12187
threshold=0 1 2 3 0.0015000000712461772 0.0025000000605359678 0.26649999618530279 0.36149999499320989 4 0.0015000000712461772 5 6 0.004500000039115549 0.84950000047683727 7 8 9 0.11549999937415124 0.0025000000605359678 0.0035000001080334191 0.0035000001080334191 0.30550000071525579 10 0.26449999213218695 0.60749998688697826 11 0.44050000607967382 19.500000000000004 0.44850000739097601 12
decision_type=9 9 9 9 2 2 2 2 1 2 1 9 2 2 9 9 1 2 2 2 2 2 1 2 2 1 2 2 2 9
left_child=2 3 4 14 8 16 -4 10 -1 23 17 12 -3 15 -2 22 -6 -7 -17 -20 21 -16 -11 -5 -8 -9 -10 28 -28 -21
right_child=1 11 6 9 5 7 24 25 26 13 -12 -13 -14 -15 20 18 -18 -19 19 29 -22 -23 -24 -25 -26 -27 27 -29 -30 -31
leaf_value=-0.061324790033383897 0.33299063024401754 -0.049375290096641815 -0.061997376008265971 -0.049216787719193154 -0.0030227883017160907 -0.048819355609117245 -0.047080663090098042 -0.030708856295044953 -0.048033938747623968 0.0027604496891905374 -0.041418553511930599 0.44367346945536024 0.1519794389374895 0.095905008285979851 -0.10649235535700327 -0.00084954932049762237 -0.023311222184607575 -0.040833597565594786 0.091998893986758798 0.026775783340732166 0.10627547145116482 0.022168523275760171 0.018771471674089525 -0.016161662443637408 -0.032696907593814419 -0.016290022492504087 -0.078232695378347081 -0.0012780167632540189 -0.047533348750772017 0.048911081096361213
leaf_weight=153 6072 254 574 155 1765 2658 112 704 3333 4792 11387 54201 4949 1313 25 1177 440 941 1416 9590 3122 20 10697 161 74 1518 57 33 415 6082
leaf_count=153 6072 254 574 155 1765 2658 112 704 3333 4792 11387 54201 4949 1313 25 1177 440 941 1416 9590 3122 20 10697 161 74 1518 57 33 415 6082
internal_value=0.0021788 0.00423869 -0.00668801 0.00231386 -0.00616964 -0.00541709 -0.0223636 -0.00598047 -0.00984565 0.00163982 -0.00645162 0.00568391 0.00415845 0.00170194 0.00489069 0.00159874 -0.00102041 -0.00813134 0.00205363 0.00220787 0.00346931 -0.00733333 0.00106033 -0.00520253 -0.0114194 -0.00280288 -0.00934303 -0.0120594 -0.0128136 0.00201072
internal_weight=128190 104026 24164 44622 23404 19413 760 17208 3991 35383 14986 59404 5203 35067 9239 33754 2205 3599 18265 17088 3167 45 15489 316 186 2222 3838 505 472 15672
internal_count=128190 104026 24164 44622 23404 19413 760 17208 3991 35383 14986 59404 5203 35067 9239 33754 2205 3599 18265 17088 3167 45 15489 316 186 2222 3838 505 472 15672
cat_boundaries=0 1 2 3 4 5 6 7 8 9 10 11 12 13
cat_threshold=138416128 3017352 4198400 5 3 1 2 1 786432 4 1 1 2048
is_linear=0
shrinkage=0.06


Tree=18
num_leaves=31
num_cat=12
split_feature=0 0 0 1 5 5 5 5 2 0 5 2 1 5 4 5 5 0 5 2 5 5 6 4 6 2 4 6 4 0
split_gain=592.01 81.3653 49.0685 21.2962 15.5812 11.4722 7.64211 6.35014 4.22812 3.96563 23.3385 3.88834 3.48924 2.68853 2.53901 2.18683 2.11096 1.97346 3.70183 1.68277 1.67556 1.6009 1.614 1.49488 1.52871 1.46856 1.30861 1.3736 1.4259 1.23284
threshold=0 1 2 3 0.0015000000712461772 0.0025000000605359678 0.26350000500679022 0.61550000309944164 4 5 0.0035000001080334191 6 7 0.0015000000712461772 0.13949999958276751 0.027500000782310966 0.84950000047683727 8 0.004500000039115549 9 0.38249999284744268 0.13149999827146533 18.500000000000004 0.28550000488758093 13.500000000000002 10 0.44050000607967382 19.500000000000004 0.44850000739097601 11
decision_type=9 9 9 9 2 2 2 2 1 9 2 1 9 2 2 2 2 9 2 1 2 2 2 2 2 1 2 2 2 9
left_child=2 3 4 -2 8 19 -4 11 23 10 14 15 20 -14 -3 -7 25 18 -12 -6 -5 22 -13 -1 -25 29 -10 28 -28 -15
right_child=1 9 6 12 5 7 -8 -9 26 -11 17 21 13 16 -16 -17 -18 -19 -20 -21 -22 -23 -24 24 -26 -27 27 -29 -30 -31
leaf_value=-0.056184226439446545 0.31301119242937658 -0.11124694304372602 -0.058733266189750791 0.047176450776918379 -0.0028414210036131313 -0.050202838287763764 -0.04378772675508899 -0.015801310351643727 -0.045211309708987291 0.48725306586567546 -0.025292746660889875 -0.039164899577275633 -0.032017209923804503 -0.011258995505104643 -0.091206918360243708 -0.039967827467601816 0.085132254503191188 0.3078530795985856 0.14286067260124022 -0.021912548853531142 0.15638081928619207 -0.030403025437103912 -0.03986313860121591 -0.071139149244354327 -0.017049564341369245 0.024183256656868792 -0.073538733655646268 0.011950652568460122 -0.045140713650765427 0.013473255782279252
leaf_weight=62 6072 82 570 7921 1765 1409 190 1283 3377 39767 222 8553 314 924 202 2506 1171 14182 4949 440 764 2205 1252 25 24 18589 57 32 414 8867
leaf_count=62 6072 82 570 7921 1765 1409 190 1283 3377 39767 222 8553 314 924 202 2506 1171 14182 4949 440 764 2205 1252 25 24 18589 57 32 414 8867
internal_value=0.00219752 0.00416256 -0.00626111 0.00222513 -0.00576732 -0.00506784 -0.0211948 -0.00558996 -0.00918416 0.00561726 0.00490365 -0.00591711 0.00170384 0.00139481 -0.012169 -0.00758981 0.00145396 0.00515672 0.00411233 -0.000993197 0.00276366 -0.00536106 -0.00569403 -0.0207769 -0.0148163 0.00135095 -0.00877635 -0.0116541 -0.0124713 0.000753597
internal_weight=128190 104026 24164 44622 23404 19413 760 17208 3991 59404 19637 15925 38550 29865 284 3915 29551 19353 5171 2205 8685 12010 9805 111 49 28380 3880 503 471 9791
internal_count=128190 104026 24164 44622 23404 19413 760 17208 3991 59404 19637 15925 38550 29865 284 3915 29551 19353 5171 2205 8685 12010 9805 111 49 28380 3880 503 471 9791
cat_boundaries=0 1 2 3 4 5 6 7 8 9 10 11 12
cat_threshold=138416128 3017352 4198400 1 10 81922 1 2068 2 4 1 262144
is_linear=0
shrinkage=0.06


Tree=19
num_leaves=31
num_cat=12
split_feature=0 0 0 1 5 5 0 5 5 2 5 5 2 5 2 5 0 4 5 4 2 0 5 6 4 6 5 0 5 5
split_gain=532.029 83.8098 40.3162 18.2437 12.3981 9.85596 8.11801 7.66458 5.77941 4.54812 3.65682 2.83588 2.73628 2.34884 1.86754 1.86079 18.294 2.01952 1.76414 1.61079 1.47161 1.46503 1.34866 1.34428 1.29566 1.52871 1.29337 1.21408 1.58349 1.58216
threshold=0 1 2 3 0.0015000000712461772 0.0025000000605359678 4 0.18349999934434894 0.36149999499320989 5 0.004500000039115549 0.3184999972581864 6 0.0015000000712461772 7 0.0035000001080334191 8 0.13949999958276751 0.027500000782310966 0.5704999864101411 9 10 0.0035000001080334191 18.500000000000004 0.28550000488758093 13.500000000000002 0.0084999999962747114 11 0.0025000000605359678 0.0065000001341104516
decision_type=9 9 9 9 2 2 9 2 2 1 2 2 1 2 1 2 9 2 2 2 1 9 2 2 2 2 2 9 2 2
left_child=2 3 4 -2 9 20 10 19 12 24 21 13 18 -8 26 16 17 -3 -7 -4 -6 -5 -23 -14 -1 -26 -15 29 -29 -16
right_child=1 15 7 6 5 8 11 -9 -10 -11 -12 -13 23 14 27 -17 -18 -19 -20 -21 -22 22 -24 -25 25 -27 -28 28 -30 -31
leaf_value=-0.052813172853079737 0.29423052088361407 -0.1066721287812134 -0.054285057789323854 0.053876858429301039 -0.0026709357433963277 -0.047190667990497911 -0.032445300286344909 -0.04477514281082056 -0.020360859168542401 -0.042543511590276882 0.12188016330904698 0.057852446109038516 -0.03644136691558466 0.023672379916940638 0.044597991524791256 0.39680716593231763 5.1626182225173824 -0.071274494472606795 -0.037198173334988351 -0.053083302399537804 -0.020597795922319282 -0.13024851572687429 -0.014224609536371551 -0.038200857437085338 -0.066870800289693069 -0.016026590480887087 0.0012026288945394641 -0.0076830295004903636 0.032055709362581584 0.004675076385722789
leaf_weight=62 6072 81 488 173 1765 1409 316 243 2222 3880 7734 5180 9895 2578 1470 51868 2081 171 2190 29 440 47 286 1492 25 24 6192 620 14947 4210
leaf_count=62 6072 81 488 173 1765 1409 316 243 2222 3880 7734 5180 9895 2578 1470 51868 2081 171 2190 29 440 47 286 1492 25 24 6192 620 14947 4210
internal_value=0.00223169 0.00409451 -0.00578704 0.00231705 -0.00533937 -0.0047155 0.00188831 -0.0193247 -0.00519944 -0.00838737 0.00358545 0.00149362 -0.00562285 0.00127248 0.00132665 0.00572773 0.00407115 -0.0109466 -0.00710058 -0.0237099 -0.000938775 -0.00135178 -0.00362099 -0.00514504 -0.020281 -0.0148163 0.0005877 0.00163062 0.0019055 0.00087522
internal_weight=128190 104026 24164 49825 23404 19413 43753 760 17208 3991 8240 35513 14986 30333 30017 54201 2333 252 3599 517 2205 506 333 11387 111 49 8770 21247 15567 5680
internal_count=128190 104026 24164 49825 23404 19413 43753 760 17208 3991 8240 35513 14986 30333 30017 54201 2333 252 3599 517 2205 506 333 11387 111 49 8770 21247 15567 5680
cat_boundaries=0 1 2 3 4 5 6 7 8 9 10 11 12
cat_threshold=138416128 3017354 4198400 1 642 10 1 1 65536 4 512 262144
is_linear=0
shrinkage=0.06


Tree=20
num_leaves=31
num_cat=13
split_feature=0 0 0 1 5 5 0 5 5 0 5 5 5 4 5 2 5 5 2 2 0 5 0 5 2 5 5 6 0 5
split_gain=484.09 82.4855 32.5998 17.6691 11.8491 8.38305 7.79584 6.95509 6.33594 32.1589 5.62265 4.91303 2.9913 2.86739 2.75634 2.56706 2.28429 1.71553 1.58397 1.47161 1.41836 1.57014 1.35694 1.21918 1.2083 1.16865 1.30763 1.12032 1.11172 1.47055
threshold=0 1 2 3 0.0015000000712461772 0.0025000000605359678 4 0.17150000482797625 0.0035000001080334191 5 0.0015000000712461772 0.69249999523162853 0.004500000039115549 0.09549999982118608 0.3184999972581864 6 0.0015000000712461772 0.027500000782310966 7 8 9 0.12949999421834948 10 0.0084999999962747114 11 0.38750000298023229 0.31049999594688421 17.500000000000004 12 0.0025000000605359678
decision_type=9 9 9 9 2 2 9 2 2 9 2 2 2 2 2 1 2 2 1 1 9 2 9 2 1 2 2 2 9 2
left_child=2 3 4 -2 27 19 12 -4 9 10 -3 15 22 -12 16 17 -8 -7 23 -6 -17 -22 -5 -18 -14 26 -9 -1 -20 -30
right_child=1 8 7 6 5 11 14 25 -10 -11 13 -13 24 -15 -16 20 18 -19 28 -21 21 -23 -24 -25 -26 -27 -28 -29 29 -31
leaf_value=-0.0423908986060419 0.27657668963059734 -0.18761918519278409 -0.050665075567310702 -0.043681739793011189 -0.0025106795987925243 -0.044359227911068028 -0.030498582269164201 -0.051973522418199379 0.3729987359763785 6.7537808792513436 -0.11573918790538967 -0.0077838505289292547 0.065103653757369942 -0.095939191195587761 0.054381299342496227 -0.0062339269359420685 0.022252037121924233 -0.035080237719181513 0.01156505204768247 -0.019361928166980107 -0.035754922062698369 -0.027154866150169672 0.024382749215861744 0.0011304711608671086 0.12709622076924695 -0.031149621556348137 -0.04836160350047209 -0.035250877252953443 -0.0072220477304609067 0.030132366800826735
leaf_weight=2891 6072 23 505 254 1765 1409 316 98 51868 1888 61 1066 1563 361 5180 289 2578 2561 5680 440 9498 2385 252 6192 6171 128 29 1100 620 14947
leaf_count=2891 6072 23 505 254 1765 1409 316 98 51868 1888 61 1066 1563 361 5180 289 2578 2561 5680 440 9498 2385 252 6192 6171 128 29 1100 620 14947
internal_value=0.00221437 0.00399127 -0.0054346 0.00222795 -0.00503186 -0.00442188 0.00180605 -0.0176104 0.00561152 0.00255379 -0.0118022 -0.0048682 0.00346909 -0.0104929 0.00141931 -0.00512873 0.00120127 -0.00648241 0.00125469 -0.000938775 -0.00467805 -0.00478113 -0.000996047 0.000574032 0.00376571 -0.00976471 -0.0138425 -0.00801153 0.00153465 0.00179765
internal_weight=128190 104026 24164 49825 23404 19413 43753 760 54201 2333 445 17208 8240 422 35513 16142 30333 3970 30017 2205 12172 11883 506 8770 7734 255 127 3991 21247 15567
internal_count=128190 104026 24164 49825 23404 19413 43753 760 54201 2333 445 17208 8240 422 35513 16142 30333 3970 30017 2205 12172 11883 506 8770 7734 255 127 3991 21247 15567
cat_boundaries=0 1 2 3 4 5 6 7 8 9 10 11 12 13
cat_threshold=138416128 3017354 4198400 1 642 83951616 1 1 4 4194304 2 1 262144
is_linear=0
shrinkage=0.06


Tree=21
num_leaves=31
num_cat=17
split_feature=0 0 0 1 5 5 0 5 5 0 5 5 5 5 5 2 2 5 5 2 1 1 2 2 0 0 4 0 4 2
split_gain=437.554 84.8535 29.3408 17.1426 9.83512 7.3101 7.20756 5.65957 4.92185 26.6713 5.24362 4.1702 2.48306 2.41805 2.05867 1.94727 1.84321 1.56622 1.91319 3.97325 1.61922 1.31038 1.29912 1.21438 1.21191 1.2009 1.19781 1.16392 1.12468 1.09893
threshold=0 1 2 3 0.0015000000712461772 0.0025000000605359678 4 0.17150000482797625 0.0035000001080334191 5 0.0015000000712461772 0.36149999499320989 0.004500000039115549 0.3184999972581864 0.0015000000712461772 6 7 0.0054999999701976785 0.0025000000605359678 8 9 10 11 12 13 14 0.1475000008940697 15 0.29549999535083776 16
decision_type=9 9 9 9 2 2 9 2 2 9 2 2 2 2 2 1 1 2 2 1 9 9 1 1 9 9 2 9 2 1
left_child=2 3 4 -2 15 22 12 -4 9 10 -3 16 27 14 -8 -1 -7 18 19 -16 -19 -10 28 -22 -21 -18 -12 -5 -6 -14
right_child=1 8 7 6 5 11 13 -9 21 -11 26 -13 29 -15 17 -17 25 20 -20 24 23 -23 -24 -25 -26 -27 -28 -29 -30 -31
leaf_value=-0.03744744697849773 0.25998208825276142 -0.17636203408121709 -0.047625171033272039 -0.041060835405430464 0.037239961740414156 -0.035983808044268421 -0.028668667333014358 -0.042228518914195746 0.24259352697523845 6.3485540264962621 -0.11107656403239022 -0.017751375945466701 0.061197434531927795 0.051118421381946423 0.019908834479269544 -0.049652701166632965 -0.0061598838855961091 0.034014535458886531 0.063633099042506372 -0.015422474732326136 0.016742227929091871 0.40762954610975993 -0.018200212476961325 0.003724366032679961 -0.047148738943600284 -0.032727624801909216 -0.086402868771246449 0.022919784262910026 -0.025820057157571002 0.11947044752309217
leaf_weight=3838 6072 23 505 254 895 3599 316 255 14153 1888 120 2222 1563 5180 1680 153 284 4201 3821 288 9617 37715 440 10250 160 11103 302 252 870 6171
leaf_count=3838 6072 23 505 254 895 3599 316 255 14153 1888 120 2222 1563 5180 1680 153 284 4201 3821 288 9617 37715 440 10250 160 11103 302 252 870 6171
internal_value=0.00222467 0.00391399 -0.00504741 0.00212561 -0.00466541 -0.00410972 0.00171007 -0.0165974 0.00555729 0.00286241 -0.0102198 -0.0045265 0.00330909 0.00133823 0.00113401 -0.0073801 -0.00488616 0.00118473 0.00205648 0.000614662 0.000969254 0.00567957 -0.000857143 0.000741661 -0.00434934 -0.00449223 -0.00892891 -0.000758893 -0.00011831 0.00357952
internal_weight=128190 104026 24164 49825 23404 19413 43753 760 54201 2333 445 17208 8240 35513 30333 3991 14986 30017 5949 2128 24068 51868 2205 19867 448 11387 422 506 1765 7734
internal_count=128190 104026 24164 49825 23404 19413 43753 760 54201 2333 445 17208 8240 35513 30333 3991 14986 30017 5949 2128 24068 51868 2205 19867 448 11387 422 506 1765 7734
cat_boundaries=0 1 2 3 4 5 6 7 8 9 10 11 12 13 14 15 16 17
cat_threshold=138416128 3017354 4198400 1 642 83951616 12 1 5 20 8196 4 10 526336 4194304 2 1
is_linear=0
shrinkage=0.06


Tree=22
num_leaves=31
num_cat=12
split_feature=0 0 0 1 5 5 0 5 5 0 5 5 5 0 5 2 5 2 1 4 4 5 5 5 5 2 5 2 5 5
split_gain=394.306 85.8783 25.8183 17.504 7.5221 6.32605 6.25776 4.38878 4.22431 24.5352 4.54162 3.90732 2.36044 2.13239 2.10536 1.98537 1.75457 1.73808 1.64389 1.35233 1.3216 1.19062 1.4826 1.17784 1.17158 1.87311 1.23147 1.47789 1.15858 2.07974
threshold=0 1 2 3 0.0015000000712461772 0.0025000000605359678 4 0.17150000482797625 0.0035000001080334191 5 0.0015000000712461772 0.69249999523162853 0.67350000143051159 6 0.004500000039115549 7 0.0015000000712461772 8 9 0.09549999982118608 0.5704999864101411 0.0025000000605359678 0.0035000001080334191 0.004500000039115549 0.0054999999701976785 10 0.0025000000605359678 11 0.070500001311302199 0.083499997854232802
decision_type=9 9 9 9 2 2 9 2 2 9 2 2 2 9 2 1 2 1 9 2 2 2 2 2 2 1 2 1 2 2
left_child=2 3 4 23 17 -6 14 20 9 10 -3 15 16 -10 -5 -7 -8 -1 24 -12 28 -20 -23 -2 25 -18 27 -27 -4 -30
right_child=1 8 7 6 5 11 12 -9 13 -11 19 -13 -14 -15 -16 -17 18 -19 21 -21 -22 22 -24 -25 -26 26 -28 -29 29 -31
leaf_value=-0.035200600159787855 -0.019854272589798602 -0.16578031203634394 -0.045481899583550214 -0.0044571877996772711 -0.0096442875257433704 -0.033462331285409055 -0.026948547293033497 -0.039694807779343998 0.21493812811674365 5.9676407849064868 -0.10213024278912279 -0.0062517369404655352 0.069272520192338413 0.95137184658536178 0.10150231680207773 -0.029897966690151271 0.053386278843201858 -0.046673539096634971 -0.0025754266977808331 -0.084998667597577862 -0.039334555541397601 0.076224260316627906 0.025512957774090714 0.28038318584577926 0.0076040099033389541 0.0028604525152867667 0.038326547161314131 -0.036579806003355482 0.0060811886172765072 -0.048646769467460792
leaf_weight=3838 110 23 385 506 2205 3970 316 255 25714 1888 61 1066 2127 26154 7734 12172 1404 153 1003 361 25 1167 14700 5962 13874 316 479 127 23 72
leaf_count=3838 110 23 385 506 2205 3970 316 255 25714 1888 61 1066 2127 26154 7734 12172 1404 153 1003 361 25 1167 14700 5962 13874 316 479 127 23 72
internal_value=0.00223075 0.0038344 -0.00467262 0.00203532 -0.00431434 -0.00382847 0.00161547 -0.0155065 0.00548756 0.002991 -0.00956044 -0.00421618 0.00126898 0.00560091 0.00310545 -0.00444852 0.00114587 -0.00668855 0.00118839 -0.00836019 -0.0189505 0.00160308 0.00173076 0.00505294 0.00075509 0.00200172 -0.00011588 -0.00239729 -0.01825 -0.0123158
internal_weight=128190 104026 24164 49825 23404 19413 43753 760 54201 2333 445 17208 35513 51868 8240 16142 33386 3991 33070 422 505 16870 15867 6072 16200 2326 922 443 480 95
internal_count=128190 104026 24164 49825 23404 19413 43753 760 54201 2333 445 17208 35513 51868 8240 16142 33386 3991 33070 422 505 16870 15867 6072 16200 2326 922 443 480 95
cat_boundaries=0 1 2 3 4 5 6 7 8 9 10 11 12
cat_threshold=138416128 3017354 4198400 1 642 83951616 16859136 1 12 1056 4 1
is_linear=0
shrinkage=0.06


Tree=23
num_leaves=31
num_cat=15
split_feature=0 0 0 1 5 0 5 0 5 5 5 5 5 2 5 4 2 2 2 5 1 0 5 0 2 4 4 4 1 5
split_gain=358.053 87.6818 20.9535 16.7163 6.12647 5.69247 5.3344 4.51752 20.4303 4.256 3.49657 3.31615 2.25853 2.03254 1.92589 1.71941 1.62459 1.5304 1.43585 1.42462 1.27165 1.09126 1.08633 1.05014 1.00563 0.983341 0.982763 0.978975 0.934733 2.15531
threshold=0 1 2 3 0.0015000000712461772 4 0.0025000000605359678 5 0.0035000001080334191 0.38750000298023229 0.11950000002980234 0.0015000000712461772 0.3184999972581864 6 0.0025000000605359678 0.088500000536441817 7 8 9 0.69249999523162853 10 11 0.44050000607967382 12 13 0.63650000095367443 0.41850000619888311 0.29549999535083776 14 0.0025000000605359678
decision_type=9 9 9 9 2 9 2 9 2 2 2 2 2 1 2 2 1 1 1 2 9 9 2 9 1 2 2 2 9 2
left_child=2 3 4 -2 18 14 24 8 11 13 16 -3 17 -4 26 -13 -8 21 25 -12 -14 -7 -16 -18 27 -1 -5 -6 29 -19
right_child=1 7 9 5 6 12 10 -9 -10 -11 19 15 20 -15 22 -17 23 28 -20 -21 -22 -23 -24 -25 -26 -27 -28 -29 -30 -31
leaf_value=-0.033058736463874444 0.22763304243310881 -0.15583349331416335 -0.035599162825131814 -0.023007675306859543 0.035584221287533919 -0.01296314142140627 -0.033037211626599387 0.9206894533927793 0.20123520484308138 -0.024365244661354899 -0.024121312586359599 -0.099321942493856369 0.12788011299953606 -0.047428785239352809 0.06721210455176567 -0.066134062688471884 -0.0039964128599917536 -0.019621511430061783 -0.04387312675083687 -0.0058766327240375891 0.036764590370640234 0.0082171981763444358 0.20882044602308372 -0.030172485493421237 -0.016529542476799025 -0.033671748918901817 -0.052704100608688902 -0.023692196476572159 0.010800070440117238 0.030444744032546558
leaf_weight=3816 6072 23 344 158 895 798 2692 28131 25657 128 3835 55 581 288 8517 335 274 469 153 1066 4493 7850 704 9341 440 22 23 870 10235 9925
leaf_count=3816 6072 23 344 158 895 798 2692 28131 25657 128 3835 55 581 288 8517 335 274 469 153 1066 4493 7850 704 9341 440 22 23 870 10235 9925
internal_value=0.0022359 0.00376404 -0.00434252 0.00194622 -0.00401965 0.00153596 -0.00358121 0.00543443 0.00485429 -0.0141039 -0.00393724 -0.00838257 0.00117709 -0.0163101 0.00284445 -0.00707692 -0.00447696 0.000974895 -0.00616236 -0.00258192 0.00234608 0.000303535 0.00296779 -0.00409247 -0.000802721 -0.0058815 -0.00328177 -0.000152112 0.00125558 0.00165744
internal_weight=128190 104026 24164 49825 23404 43753 19413 54201 26070 760 17208 413 34351 632 9402 390 12307 29277 3991 4901 5074 8648 9221 9615 2205 3838 181 1765 20629 10394
internal_count=128190 104026 24164 49825 23404 43753 19413 54201 26070 760 17208 413 34351 632 9402 390 12307 29277 3991 4901 5074 8648 9221 9615 2205 3838 181 1765 20629 10394
cat_boundaries=0 1 2 3 4 5 6 7 8 9 10 11 12 13 14 15
cat_threshold=138416128 3017354 4198400 1 2097794 16842752 2 1 1 12 2068 262144 4194304 4 276
is_linear=0
shrinkage=0.06


Tree=24
num_leaves=31
num_cat=14
split_feature=0 0 0 1 5 0 5 0 5 5 5 5 5 5 5 4 1 5 2 2 2 0 2 5 5 0 4 0 4 5
split_gain=324.893 89.2379 18.035 15.6601 5.45169 5.17746 18.3785 5.03328 4.97083 3.42542 2.88591 2.73655 2.43128 2.26618 2.17317 1.88462 1.68425 2.69639 1.66489 1.50152 1.4826 1.39033 1.14312 1.07838 1.40898 1.13301 1.04755 1.03965 0.990272 1.67468
threshold=0 1 2 3 0.0015000000712461772 4 0.0035000001080334191 5 0.0025000000605359678 0.38750000298023229 0.69249999523162853 0.0015000000712461772 0.004500000039115549 0.004500000039115549 0.84950000047683727 0.088500000536441817 6 0.0015000000712461772 7 8 9 10 11 0.0025000000605359678 0.0035000001080334191 12 0.63650000095367443 13 0.37049999833107 0.0035000001080334191
decision_type=9 9 9 9 2 9 2 9 2 2 2 2 2 2 2 2 9 2 1 1 1 9 1 2 2 9 2 9 2 2
left_child=2 3 4 13 20 6 11 12 -6 18 19 -3 21 -2 16 -13 -9 -18 -4 -10 26 -5 -14 -19 27 -26 -1 -25 29 -23
right_child=1 5 9 7 8 -7 -8 14 10 -11 -12 15 22 -15 -16 -17 17 23 -20 -21 -22 28 -24 24 25 -27 -28 -29 -30 -31
leaf_value=-0.031075212276041986 -0.032320998780397112 -0.14648348371531361 -0.033463213055623921 0.044040799909691231 -0.008090924784308293 0.86544808618921254 0.18916109255249661 0.0087207998202132493 -0.029830620520949813 -0.022903329981673617 -0.005524034760595346 -0.093362625944225064 0.047402723178781705 0.24990221214904607 0.067450212569052384 -0.062166018927163502 -0.048343491290348303 -0.0025311959694842897 -0.044583058124991651 -0.026313776477778692 -0.041240739145786652 -0.13788091709952904 0.10217935539047623 0.083093232084850643 0.074269985014319029 0.020123905542312418 -0.031651443983767694 0.015014951049272866 0.0084905445541254773 -0.038642466880536547
leaf_weight=3816 110 23 344 173 2205 28131 25657 16897 3970 128 1066 55 1563 5962 1300 335 43 1003 288 12172 153 25 6171 803 1365 13738 22 364 103 205
leaf_count=3816 110 23 344 173 2205 28131 25657 16897 3970 128 1066 55 1563 5962 1300 335 43 1003 288 12172 153 25 6171 803 1365 13738 22 364 103 205
internal_value=0.00223169 0.00368734 -0.00403475 0.00185352 -0.0037352 0.00537245 0.00475307 0.00145644 -0.00332159 -0.0130909 -0.00366527 -0.00780145 0.00279273 0.00470766 0.00114568 -0.00661538 0.00105451 0.00147039 -0.0150759 -0.00386495 -0.00575645 -0.0012332 0.00305974 0.0015086 0.00162631 0.0014711 -0.00547609 0.00363496 -0.00344606 -0.00573913
internal_weight=128190 104026 24164 49825 23404 54201 26070 43753 19413 760 17208 413 8240 6072 35513 390 34213 17316 632 16142 3991 506 7734 17273 16270 15103 3838 1167 333 230
internal_count=128190 104026 24164 49825 23404 54201 26070 43753 19413 760 17208 413 8240 6072 35513 390 34213 17316 632 16142 3991 506 7734 17273 16270 15103 3838 1167 333 230
cat_boundaries=0 1 2 3 4 5 6 7 8 9 10 11 12 13 14
cat_threshold=138416128 3017354 4198400 1 16842752 642 1056 2 1 12 512 1 524296 2048
is_linear=0
shrinkage=0.06


Tree=25
num_leaves=31
num_cat=14
split_feature=0 0 0 1 0 5 0 5 5 5 5 5 5 5 2 5 5 1 0 2 5 2 0 2 4 6 5 2 5 5
split_gain=294.912 88.6278 16.3825 15.2761 6.20632 15.8973 4.64395 4.47654 4.46229 2.9378 2.90317 2.67548 2.20894 2.00721 1.83011 1.66932 1.4906 1.47153 1.24656 1.22712 1.17474 1.87846 1.27231 1.08386 1.07939 1.00272 0.993228 1.11525 0.982816 0.97504
threshold=0 1 2 3 4 0.0035000001080334191 5 0.0015000000712461772 0.0025000000605359678 0.0015000000712461772 0.38750000298023229 0.11950000002980234 0.84950000047683727 0.004500000039115549 6 0.004500000039115549 0.0015000000712461772 7 8 9 0.0054999999701976785 10 11 12 0.088500000536441817 17.500000000000004 0.1094999983906746 13 0.14950000494718554 0.0025000000605359678
decision_type=9 9 9 9 9 2 9 2 2 2 2 2 2 2 1 2 2 9 9 1 2 1 9 1 2 2 2 1 2 2
left_child=2 3 7 15 5 9 13 25 -9 -3 14 19 16 18 -4 -2 -8 20 -5 -10 21 22 -18 -15 -11 -1 27 -7 -22 -19
right_child=1 4 10 6 -6 26 12 8 11 24 -12 -13 -14 23 -16 -17 17 29 -20 -21 28 -23 -24 -25 -26 -27 -28 -29 -30 -31
leaf_value=-0.031640524936987241 -0.030381738853573374 -0.13769447469239474 -0.031455420272286476 0.041398351915109752 0.81352120101785985 0.18238495721530917 -0.025609009325229467 -0.007605469297249816 -0.029265141697746452 -0.087760868387571661 -0.02152913018277321 -0.018338792667001603 0.063403199814909203 0.044558559788054827 -0.041908074637492174 0.23490807942010333 0.019559710547777734 -0.0023793242113152742 -0.0302039192217574 -0.025925408772857317 0.0013098445827458005 0.04763187427734699 -0.018516286785300373 0.096048594067047688 -0.058436057791533602 -0.024928904865084114 0.24965177189934934 0.10085168492425169 0.014320609859399909 0.025655111770439228
leaf_weight=2891 110 23 344 173 28131 16449 316 2205 2692 55 128 4901 1300 1563 288 5962 494 1003 333 9615 10173 1470 362 6171 335 1100 5480 3728 4125 16270
leaf_count=2891 110 23 344 173 28131 16449 316 2205 2692 55 128 4901 1300 1563 288 5962 494 1003 333 9615 10173 1470 362 6171 335 1100 5480 3728 4125 16270
internal_value=0.00221109 0.00359795 -0.00375925 0.00177044 0.00527727 0.00460123 0.00137829 -0.00347382 -0.00309906 -0.00707506 -0.0123896 -0.00342469 0.00107981 0.00266182 -0.0142215 0.00458928 0.00098787 0.00102611 -0.000996047 -0.00389681 0.000621859 0.00187274 -0.000374134 0.00290458 -0.00584615 -0.00530544 0.00479097 0.00459642 0.0004188 0.00141399
internal_weight=128190 104026 24164 49825 54201 26070 43753 23404 19413 413 760 17208 35513 8240 632 6072 34213 33897 506 12307 16624 2326 856 7734 390 3991 25657 20177 14298 17273
internal_count=128190 104026 24164 49825 54201 26070 43753 23404 19413 413 760 17208 35513 8240 632 6072 34213 33897 506 12307 16624 2326 856 7734 390 3991 25657 20177 14298 17273
cat_boundaries=0 1 2 3 4 5 6 7 8 9 10 11 12 13 14
cat_threshold=138416128 3017354 4198400 1 16842752 642 2 1056 512 1 3 2621440 1 6
is_linear=0
shrinkage=0.06


Tree=26
num_leaves=31
num_cat=12
split_feature=0 0 1 0 0 5 0 5 5 5 5 2 5 5 5 5 5 1 5 5 2 0 2 4 0 5 5 5 6 5
split_gain=269.057 87.0363 14.2361 13.0852 6.47789 15.6104 4.45716 3.56071 3.84486 2.9378 2.5228 2.30099 2.11575 1.59803 1.58113 1.56481 1.46269 1.34821 1.14145 1.11917 1.68014 1.18537 1.10894 1.07939 1.01798 0.985265 0.975944 0.962644 0.952472 0.916416
threshold=0 1 2 3 4 0.0035000001080334191 5 0.0015000000712461772 0.0025000000605359678 0.0015000000712461772 0.11950000002980234 6 0.84950000047683727 0.004500000039115549 0.17150000482797625 0.004500000039115549 0.0015000000712461772 7 0.50549998879432689 0.0054999999701976785 8 9 10 0.088500000536441817 11 0.22749999910593036 0.34149999916553503 0.69249999523162853 17.500000000000004 0.14950000494718554
decision_type=9 9 9 9 9 2 9 2 2 2 2 1 2 2 2 2 2 9 2 2 1 9 1 2 9 2 2 2 2 2
left_child=3 2 13 7 5 9 15 28 -9 -3 24 18 16 -2 -13 -4 -8 19 -5 20 21 -18 -17 -11 -10 -7 -19 -12 -1 -21
right_child=1 4 6 11 -6 25 12 8 10 23 27 14 -14 -15 -16 22 17 26 -20 29 -22 -23 -24 -25 -26 -27 -28 -29 -30 -31
leaf_value=-0.029742093440767989 -0.028558834522358925 -0.12943280621085101 -0.004305662837902206 -0.029872466295039743 0.76470992895678835 0.15497473408251969 -0.024072468765715688 -0.0071491411394148264 0.00097131244222363445 -0.082495216284317288 -0.019827802459964659 -0.039191149166225264 0.059599007826014676 0.22081359465489703 -0.033268976503982244 0.041885046200771561 0.018386127914911048 0.017474142052646611 -0.0041890802919561489 0.0012312539077810427 0.044773961820706205 -0.017405309578182298 0.090285678423024929 -0.054929894324041689 -0.025826006198671592 0.29527256487738063 0.052209847129423517 -0.0040922651149395304 -0.023433170573179056 0.01346137326783591
leaf_weight=2891 110 23 506 367 28131 22172 316 2205 294 55 3835 239 1300 5962 85 1563 494 15496 69 10173 1470 362 6171 335 12013 3485 1777 1066 1100 4125
leaf_count=2891 110 23 506 367 28131 22172 316 2205 294 55 3835 239 1300 5962 85 1563 494 15496 69 10173 1470 362 6171 335 12013 3485 1777 1066 1100 4125
internal_value=0.00219658 0.00352124 0.00171024 -0.00350608 0.00518541 0.0044954 0.00133167 -0.00325088 -0.00291671 -0.00707506 -0.00321897 -0.0112208 0.00103927 0.00443144 -0.0153772 0.00258909 0.000949288 0.000987167 -0.0078565 0.000600217 0.00182115 -0.00030485 0.00280372 -0.00584615 -0.00367742 0.0046834 0.00135844 -0.00206774 -0.00488449 0.000402014
internal_weight=128190 104026 49825 24164 54201 26070 43753 23404 19413 413 17208 760 35513 6072 324 8240 34213 33897 436 16624 2326 856 7734 390 12307 25657 17273 4901 3991 14298
internal_count=128190 104026 49825 24164 54201 26070 43753 23404 19413 413 17208 760 35513 6072 324 8240 34213 33897 436 16624 2326 856 7734 390 12307 25657 17273 4901 3991 14298
cat_boundaries=0 1 2 3 4 5 6 7 8 9 10 11 12
cat_threshold=138416128 3017354 1 4198400 16842752 642 2 1056 3 2621440 1 4194304
is_linear=0
shrinkage=0.06


Tree=27
num_leaves=31
num_cat=11
split_feature=0 0 0 0 1 0 5 5 1 5 5 5 2 5 5 5 2 5 5 5 2 5 5 5 5 5 5 5 2 5
split_gain=248.564 68.3216 21.0563 12.3559 11.7177 7.0082 13.4054 5.48676 3.69452 2.86351 3.56443 2.48044 2.38419 1.92397 1.7064 3.44166 1.67837 2.2385 1.76216 1.64975 2.76228 1.41888 1.41762 1.31559 1.27696 1.18393 1.17475 1.05488 1.22736 1.01221
threshold=0 1 2 3 4 5 0.0035000001080334191 0.0015000000712461772 6 0.0015000000712461772 0.0025000000605359678 0.11950000002980234 7 0.072499997913837447 0.0035000001080334191 0.0025000000605359678 8 0.0025000000605359678 0.0025000000605359678 0.0035000001080334191 9 0.17150000482797625 0.40549999475479132 0.004500000039115549 0.0015000000712461772 0.021499999798834327 0.0025000000605359678 0.21249999850988391 10 0.50549998879432689
decision_type=9 9 9 9 9 9 2 2 9 2 2 2 1 2 2 2 1 2 2 2 1 2 2 2 2 2 2 2 1 2
left_child=2 4 16 9 23 6 24 -6 19 -4 -11 -12 29 14 15 -10 18 -18 -1 20 -9 -14 -21 -2 -3 -19 -22 28 -8 -5
right_child=1 5 3 12 7 -7 27 8 13 10 11 -13 21 -15 -16 -17 17 25 -20 22 26 -23 -24 -25 -26 -27 -28 -29 -30 -31
leaf_value=0.036640868257338199 -0.026845304451017488 -0.12166683783819998 -0.026267485742259716 -0.028080118317337342 -0.048679554841033111 0.71882733321938108 0.16427633243502954 -0.045750802162212202 -0.0012579289114641563 -0.0060799269340630954 -0.024276445826751317 -0.016835504396215971 -0.036839680216251773 0.026709233992291137 0.0062148898508283777 0.071498744170746517 -0.027601317423098983 0.029272887763883718 0.0053543893826908471 0.054250617765908268 -0.025482407749795107 -0.031272837913743308 0.17122695420490197 0.2075647789756033 -0.060178781370220306 -0.011832482394572109 0.063729872052935968 0.2679562201400113 0.094032404533386224 -0.0039377354744387638
leaf_weight=812 110 23 3987 367 66 28131 17666 100 1208 2187 12013 4877 239 10040 12942 1190 219 553 4670 9355 174 85 977 5962 390 1489 298 3657 4334 69
leaf_count=812 110 23 3987 367 66 28131 17666 100 1208 2187 12013 4877 239 10040 12942 1190 219 553 4670 9355 174 85 977 5962 390 1489 298 3657 4334 69
internal_value=0.0021685 0.00367843 -0.00245362 -0.00333708 0.00187387 0.00509022 0.00437347 0.00146535 0.00149719 -0.00308555 -0.00278125 -0.00307638 -0.0108312 0.00109886 0.000676663 0.00214679 0.000265446 -0.001107 0.000832484 0.00242111 -0.000713286 -0.015018 0.00259698 0.00431306 -0.00634867 -0.000493633 0.00126971 0.00454776 0.00439091 -0.00745291
internal_weight=128190 96623 31567 23824 42422 54201 26070 36350 36284 23064 19077 16890 760 25380 15340 2398 7743 2261 5482 10904 572 324 10332 6072 413 2042 472 25657 22000 436
internal_count=128190 96623 31567 23824 42422 54201 26070 36350 36284 23064 19077 16890 760 25380 15340 2398 7743 2261 5482 10904 572 324 10332 6072 413 2042 472 25657 22000 436
cat_boundaries=0 1 2 3 4 5 6 7 8 9 10 11
cat_threshold=138678272 2755210 4456448 4096 1 16842752 3076 2 12 10 6
is_linear=0
shrinkage=0.06


Tree=28
num_leaves=31
num_cat=12
split_feature=0 0 0 1 0 0 5 2 5 5 1 3 5 5 5 5 5 5 5 2 5 5 5 5 2 5 2 5 5 2
split_gain=227.513 68.5682 18.6042 11.2394 11.0758 7.45068 20.84 4.83913 4.34262 4.26407 3.26153 3.16536 2.20008 3.04391 2.17587 2.10335 1.7661 1.65065 3.21645 1.56977 1.87068 1.77714 1.5145 1.43925 1.43129 1.42606 1.33868 1.25629 1.1895 2.48431
threshold=0 1 2 3 4 5 0.0035000001080334191 6 0.0015000000712461772 0.0025000000605359678 7 1.5000000000000002 0.0015000000712461772 0.0025000000605359678 0.11950000002980234 0.39949999749660497 0.072499997913837447 0.0035000001080334191 0.0025000000605359678 8 0.0025000000605359678 0.0025000000605359678 0.38249999284744268 0.0015000000712461772 9 0.11150000244379045 10 0.004500000039115549 0.0035000001080334191 11
decision_type=9 9 9 9 9 9 2 1 2 2 9 2 2 2 2 2 2 2 2 1 2 2 2 2 1 2 1 2 2 1
left_child=2 3 19 27 12 6 7 -3 -5 23 22 24 -4 -14 -15 26 17 18 -12 21 -21 -1 28 -9 -8 -26 -6 -2 29 -10
right_child=1 5 4 8 15 -7 11 9 10 -11 16 -13 13 14 -16 -17 -18 -19 -20 20 -22 -23 -24 -25 25 -27 -28 -29 -30 -31
leaf_value=0.034442416161897908 -0.025234586183956357 -0.035017560056682571 -0.024691436597724142 -0.045758781550571101 -0.026014793508685637 1.2438978006405308 0.17325343550210293 -0.11436682756790788 -0.043005754032479471 -0.23258382320629784 -0.0011824531767763143 0.99729772984731202 -0.005715131318019288 -0.022819859077146253 -0.015825374132443022 -0.016235489912882414 0.025106679952753692 0.0058419964597787198 0.067208819520501728 -0.025945238377713089 -0.0057332397411999731 0.0050331260197294366 0.15752352180173729 0.062471969077857709 0.084060251642213396 0.17060150165739266 -0.034629299252446261 0.19511089223706718 0.05093725734830367 0.014162547771650862
leaf_weight=812 110 248 3987 66 347 19111 22638 23 100 120 1208 5234 2187 12013 4877 124 10040 12942 1190 219 2042 4670 1022 54 4740 2033 289 5962 9310 472
leaf_count=812 110 248 3987 66 347 19111 22638 23 100 120 1208 5234 2187 12013 4877 124 10040 12942 1190 219 2042 4670 1022 54 4740 2033 289 5962 9310 472
internal_value=0.00213948 0.00358406 -0.00228261 0.0017763 -0.00311303 0.00499836 0.0044735 -0.00842697 0.00137624 -0.0151594 0.00140459 0.0046405 -0.00287492 -0.00260827 -0.00288099 -0.0102078 0.00103033 0.000625815 0.00207173 0.000273185 -0.00105416 0.000821559 0.00227268 -0.00490909 0.00439856 0.00360283 -0.0117358 0.00416508 0.00204736 -0.000608391
internal_weight=128190 96623 31567 42422 23824 54201 35090 445 36350 197 36284 34645 23064 19077 16890 760 25380 15340 2398 7743 2261 5482 10904 77 29411 6773 636 6072 9882 572
internal_count=128190 96623 31567 42422 23824 54201 35090 445 36350 197 36284 34645 23064 19077 16890 760 25380 15340 2398 7743 2261 5482 10904 77 29411 6773 636 6072 9882 572
cat_boundaries=0 1 2 3 4 5 6 7 8 9 10 11 12
cat_threshold=138678272 2755210 4456448 1 4096 83951616 4 3076 12 6 2 10
is_linear=0
shrinkage=0.06


Tree=29
num_leaves=31
num_cat=11
split_feature=0 0 0 0 1 0 5 5 3 2 5 1 5 5 5 5 5 5 2 5 5 5 2 5 5 6 2 5 5 5
split_gain=211.663 68.8856 16.4771 10.4222 9.85476 8.56687 17.1635 3.8128 3.7991 3.20916 3.07793 2.84148 2.63718 2.1608 2.58117 1.97426 1.88559 1.66076 1.95948 1.46914 1.40261 2.45112 1.33675 1.66627 1.55296 1.29147 1.2125 1.16426 1.15476 1.05077
threshold=0 1 2 3 4 5 0.0035000001080334191 0.0015000000712461772 1.5000000000000002 6 0.0025000000605359678 7 0.38249999284744268 0.0015000000712461772 0.0025000000605359678 0.36149999499320989 0.43349999189376837 0.21249999850988391 8 0.0025000000605359678 0.075500000268220915 0.0094999996945261973 9 0.0025000000605359678 0.0025000000605359678 18.500000000000004 10 0.004500000039115549 0.021499999798834327 0.0015000000712461772
decision_type=9 9 9 9 9 9 2 2 2 1 2 9 2 2 2 2 2 2 1 2 2 2 1 2 2 2 1 2 2 2
left_child=2 4 22 13 27 6 9 -6 17 -3 29 20 19 -4 -15 -16 26 18 -8 -13 21 -9 23 -1 -24 -21 -5 -2 -26 -11
right_child=1 5 3 16 7 -7 8 11 -10 10 -12 12 -14 14 15 -17 -18 -19 -20 25 -22 -23 24 -25 28 -27 -28 -29 -30 -31
leaf_value=0.032375871192184019 -0.023720511012919009 -0.032916506453281556 -0.023209950401860701 -0.024504670208062945 -0.043013254657536838 1.1692639326020988 0.14942455551407491 0.020714581974160526 0.93745986605647336 -0.1075048179138335 -0.21862879381391995 -0.012758466779759954 0.12717904369872027 -0.005372223438938146 -0.020852446749447591 -0.0085143795431370361 -0.01525364360913686 0.25588374150949222 0.085836985409375857 0.030154354959350746 0.021713479651854269 -0.0022988108837958304 -0.024388524075050346 0.0047311384585457007 0.027860508882522683 0.067121039291083873 -0.032349100153451667 0.18340423870284311 -0.010778539066425742 0.058723650933186204
leaf_weight=812 110 248 3987 355 66 19111 19652 4215 5234 23 120 366 1309 2187 14677 2213 115 4270 5489 11426 9018 7430 219 4670 553 2520 290 5962 1489 54
leaf_count=812 110 248 3987 355 66 19111 19652 4215 5234 23 120 366 1309 2187 14677 2213 115 4270 5489 11426 9018 7430 219 4670 553 2520 290 5962 1489 54
internal_value=0.00210999 0.00350334 -0.0021553 -0.00293681 0.00169146 0.00492088 0.00435897 0.00131683 0.00451061 -0.00734831 -0.0128406 0.0013434 0.00195419 -0.0027059 -0.00244158 -0.00269272 -0.00981818 0.00424555 0.00405974 0.00171968 0.000880279 0.000445685 0.000249968 0.000756009 -0.000974901 0.00181816 -0.0112093 0.00392831 -0.000464251 -0.00412987
internal_weight=128190 96623 31567 23824 42422 54201 35090 36350 34645 445 197 36284 15621 23064 19077 16890 760 29411 25141 14312 20663 11645 7743 5482 2261 13946 645 6072 2042 77
internal_count=128190 96623 31567 23824 42422 54201 35090 36350 34645 445 197 36284 15621 23064 19077 16890 760 29411 25141 14312 20663 11645 7743 5482 2261 13946 645 6072 2042 77
cat_boundaries=0 1 2 3 4 5 6 7 8 9 10 11
cat_threshold=138678272 2755210 4456448 4096 1 83951616 4 288 6 12 2
is_linear=0
shrinkage=0.06


Tree=30
num_leaves=31
num_cat=13
split_feature=0 0 0 0 0 1 5 5 5 5 5 5 5 5 5 2 1 5 0 5 3 0 5 5 4 5 2 0 5 2
split_gain=197.382 44.768 36.2917 9.75332 8.49323 7.89804 7.47123 3.62276 2.55689 2.01308 2.24719 1.95125 1.77307 1.75638 1.6154 1.6576 1.52955 1.49168 1.44618 18.7263 2.78539 1.30787 1.23432 1.18377 1.01632 1.05477 0.923701 0.916615 3.00676 1.61195
threshold=0 1 2 3 4 5 0.0035000001080334191 0.004500000039115549 0.33249999582767492 0.0015000000712461772 0.0025000000605359678 0.06450000032782556 0.11950000002980234 0.075500000268220915 0.38750000298023229 6 7 0.7514999806880952 8 0.0035000001080334191 1.5000000000000002 9 0.0075000002980232247 0.01350000035017729 0.39249999821186071 0.0035000001080334191 10 11 0.0015000000712461772 12
decision_type=9 9 9 9 9 9 2 2 2 2 2 2 2 2 2 1 9 2 9 2 2 9 2 2 2 2 1 9 2 1
left_child=1 4 5 6 9 13 -4 21 16 26 -11 -6 -12 -2 15 22 -9 27 19 -5 -21 -7 -8 -18 25 -23 -1 29 -29 -3
right_child=2 17 3 18 11 7 14 8 -10 10 12 -13 -14 -15 -16 -17 23 -19 -20 20 -22 24 -24 -25 -26 -27 -28 28 -30 -31
leaf_value=-0.021530305890010377 -0.00211805427724048 0.0099003145611502863 -0.05195101673187115 -0.36771778396879745 -0.028896372210070732 0.014300210262813664 0.12365904098450002 0.14000004821652084 0.22952431752280733 -0.0050498900326018687 -0.020199520727550602 -0.022507287152561315 -0.013667804380372869 0.020087552907832387 0.29783065730852737 0.079446320511897844 0.082930080673149859 0.054947432335227447 1.0991080966459728 0.17063380510750431 0.88121227409308489 -0.15102202689722485 0.14525907760559376 0.04130777292519798 0.013478155348360729 -0.03625387489301847 -0.03063320532986348 -0.041500116232880406 0.014624827373826454 -0.0086868348225522772
leaf_weight=3834 4469 5397 413 32 377 393 5619 4841 2106 2187 12013 383 4877 4545 2336 4764 3140 1045 19111 3754 5234 29 12938 4295 83 221 153 48 17447 2106
leaf_count=3834 4469 5397 413 32 377 393 5619 4841 2106 2187 12013 383 4877 4545 2336 4764 3140 1045 19111 3754 5234 29 12938 4295 83 221 153 48 17447 2106
internal_value=0.00208191 -0.000868897 0.00396025 0.00482238 -0.00274801 0.00202188 0.00398006 0.0028607 0.00307134 -0.00253948 -0.00228432 -0.00896104 -0.00251865 0.000614362 0.00411046 0.00395978 0.00273998 0.000850497 0.00560129 0.00493688 0.00510547 -0.00127273 0.00421942 0.00218805 -0.00397085 -0.006 -0.00376674 0.000757981 0.000995716 0.00020205
internal_weight=128190 49867 78323 54201 23824 24122 26070 15108 14382 23064 19077 760 16890 9014 25657 23321 12276 26043 28131 9020 8988 726 18557 7435 333 250 3987 24998 17495 7503
internal_count=128190 49867 78323 54201 23824 24122 26070 15108 14382 23064 19077 760 16890 9014 25657 23321 12276 26043 28131 9020 8988 726 18557 7435 333 250 3987 24998 17495 7503
cat_boundaries=0 1 2 3 4 5 6 7 8 9 10 11 12 13
cat_threshold=140908552 134221824 524930 16842752 4096 32 6 2049 67108864 524800 12 4456448 12
is_linear=0
shrinkage=0.06


Tree=31
num_leaves=31
num_cat=12
split_feature=0 0 0 1 0 5 0 5 5 5 5 5 5 5 0 5 3 2 5 5 5 5 2 4 0 5 4 6 1 2
split_gain=188.081 69.1445 10.9164 10.0271 7.85478 7.1862 2.75815 2.27371 1.909 1.84733 1.82589 1.75083 2.07447 1.74445 1.68111 17.267 1.74736 1.60124 1.56878 1.4454 1.30367 1.57848 4.55197 1.23059 1.22972 1.20075 1.18522 1.17067 1.15146 1.12821
threshold=0 1 2 3 4 0.0035000001080334191 5 0.20949999988079074 0.38750000298023229 0.06450000032782556 0.0025000000605359678 0.0015000000712461772 0.0025000000605359678 0.84950000047683727 6 0.0035000001080334191 1.5000000000000002 7 0.69249999523162853 0.0065000001341104516 0.0054999999701976785 0.0025000000605359678 8 0.37049999833107 9 0.31049999594688421 0.34649999439716345 19.500000000000004 10 11
decision_type=9 9 9 9 9 2 9 2 2 2 2 2 2 2 9 2 2 1 2 2 2 2 1 2 9 2 2 2 9 1
left_child=1 4 5 25 11 -2 7 10 17 -6 26 -1 -13 20 15 -4 19 -7 -14 29 21 22 24 -23 -8 -3 -5 -12 -22 -17
right_child=2 3 14 6 9 8 13 -9 -10 -11 27 12 18 -15 -16 16 -18 -19 -20 -21 28 23 -24 -25 -26 -27 -28 -29 -30 -31
leaf_value=-0.020525535024348424 -0.048833955727958948 0.1074092840891709 -0.34565471693066968 -0.049927980577586697 -0.02716258987746651 0.13054351006107454 0.026222673985889577 0.10116796610930476 0.27996081787001575 -0.021156849923407633 0.026216625604742975 -0.0047468966306457539 -0.01816842451574411 0.047783948443740364 2.3213614210354407 0.11443902854665751 0.82833953764749979 0.074679541281183925 -0.00058843518169196096 0.2709915205320359 0.063412131183295875 0.054800102949796939 -0.026763202032084842 0.00032541119260939247 0.0005043224125218515 0.38782850701875737 0.024103747958007439 0.077954275832760794 0.0051111529309328246 -0.048925446539070175
leaf_weight=3987 413 4825 32 140 377 18557 888 1727 2336 383 10155 2187 15827 1214 15024 364 5234 4764 1063 7299 607 2639 433 680 954 1247 67 870 23719 178
leaf_count=3987 413 4825 32 140 377 18557 888 1727 2336 383 10155 2187 15827 1214 15024 364 5234 4764 1063 7299 607 2639 433 680 954 1247 67 870 23719 178
internal_value=0.00203136 6.39741e-05 0.00471613 0.00132795 -0.00259696 0.00382592 0.00101258 0.00174832 0.00395377 -0.00857143 0.00143803 -0.00239646 -0.00215852 0.000705883 0.00553946 0.00501654 0.00512811 0.00378997 -0.00238366 0.00456141 0.000615642 0.00144154 0.000224176 0.00227599 0.00152916 0.00361263 -0.00414493 0.00154286 0.000425718 0.00157196
internal_weight=128190 73989 54201 50165 23824 26070 44093 12959 25657 760 11232 23064 19077 31134 28131 13107 13075 23321 16890 7841 29920 5594 2275 3319 1842 6072 207 11025 24326 542
internal_count=128190 73989 54201 50165 23824 26070 44093 12959 25657 760 11232 23064 19077 31134 28131 13107 13075 23321 16890 7841 29920 5594 2275 3319 1842 6072 207 11025 24326 542
cat_boundaries=0 1 2 3 4 5 6 7 8 9 10 11 12
cat_threshold=141433482 134221824 16842752 1 4096 131714 67158017 6 5 262144 4 2
is_linear=0
shrinkage=0.06


Tree=32
num_leaves=31
num_cat=12
split_feature=0 0 0 1 0 5 0 0 5 3 5 5 5 2 6 2 4 5 5 1 5 5 5 2 5 2 5 4 5 5
split_gain=175.924 59.5485 12.4949 9.195 7.22423 6.59588 2.42902 2.2255 17.1594 2.14574 1.99234 1.86029 1.74437 1.58399 1.57895 1.55324 1.54841 1.4088 1.64862 1.37456 1.28338 1.25941 1.1915 1.178 1.15735 1.12821 1.9559 1.23269 1.03687 1.02704
threshold=0 1 2 3 4 0.0035000001080334191 5 6 0.0035000001080334191 1.5000000000000002 0.38750000298023229 0.84950000047683727 0.004500000039115549 7 15.500000000000002 8 0.456499993801117 0.0015000000712461772 0.0025000000605359678 9 0.69249999523162853 0.0065000001341104516 0.004500000039115549 10 0.0084999999962747114 11 0.004500000039115549 0.29549999535083776 0.42849999666213995 0.0035000001080334191
decision_type=9 9 9 9 9 2 9 9 2 2 2 2 2 1 2 1 2 2 2 9 2 2 2 1 2 1 2 2 2 2
left_child=1 4 5 22 17 -2 12 8 -4 21 15 13 -5 24 16 -7 -6 -1 -19 29 -20 25 -3 -24 -8 26 -10 -27 -14 -15
right_child=2 3 7 6 14 10 11 -9 9 -11 -12 -13 28 19 -16 -17 -18 18 20 -21 -22 -23 23 -25 -26 27 -28 -29 -30 -31
leaf_value=-0.019294002922887514 -0.045903918384281511 -0.029599850013263082 -0.32491543391482941 -0.014169714102483954 -0.026842176149960897 0.12271089945741011 0.013275293298365323 2.1820797357733146 -0.046567373518485694 0.77863916538864975 0.26316316879781482 0.047730383428288156 0.059399298245350285 -0.06403035470238054 -0.015896422434994836 0.070198768804312833 -0.022811315663083646 -0.0044620828328069883 -0.01707831904479944 0.011020535497223942 -0.00055312907079043804 0.25473202930011374 0.18329578887430065 0.097555768535191018 -0.003955180334072975 -0.085720367793972102 0.17825265591334746 0.10429706414080595 0.18577476569244 0.067519842136055663
leaf_weight=3987 413 110 32 427 328 18557 2765 15024 66 5234 2336 1350 5001 28 190 4764 242 2187 15827 23834 1063 7299 3840 2122 8098 97 298 81 441 2149
leaf_count=3987 413 110 32 427 328 18557 2765 15024 66 5234 2336 1350 5001 28 190 4764 242 2187 15827 23834 1063 7299 3840 2122 8098 97 298 81 441 2149
internal_value=0.00199672 9.39745e-05 0.00459327 0.00126697 -0.00237543 0.00364187 0.000964969 0.00547337 0.00487932 0.00499044 0.00376435 0.000789978 0.00210138 0.000710094 -0.0081039 0.00359702 -0.00978947 -0.00218324 -0.00196981 0.000964068 -0.00217051 0.00436245 0.00345478 0.00357464 0.000100984 0.00157196 0.00343316 -0.00229787 0.00239471 0.00240604
internal_weight=128190 73989 54201 50165 23824 26070 44093 28131 13107 13075 25657 38224 5869 36874 760 23321 570 23064 19077 26011 16890 7841 6072 5962 10863 542 364 178 5442 2177
internal_count=128190 73989 54201 50165 23824 26070 44093 28131 13107 13075 25657 38224 5869 36874 760 23321 570 23064 19077 26011 16890 7841 6072 5962 10863 542 364 178 5442 2177
cat_boundaries=0 1 2 3 4 5 6 7 8 9 10 11 12
cat_threshold=141433482 134221824 16842752 1 4096 514 67158017 1 6 4 10 2
is_linear=0
shrinkage=0.06


Tree=33
num_leaves=31
num_cat=12
split_feature=0 0 0 5 1 3 0 5 0 2 5 5 2 5 5 5 5 5 2 5 2 0 6 1 5 4 6 5 5 5
split_gain=169.289 52.3838 13.8889 11.6981 8.05583 6.5033 5.44486 2.62088 2.425 2.2607 1.99887 1.79693 1.75934 1.7681 1.66011 1.45349 1.41493 1.80798 4.06976 1.39316 1.55993 1.38157 1.33712 1.33375 1.30349 1.19127 1.14434 1.12378 1.26326 1.12279
threshold=0 1 2 0.0035000001080334191 3 1.5000000000000002 4 0.38750000298023229 5 6 0.004500000039115549 0.0075000002980232247 7 0.0025000000605359678 0.21849999576807025 0.004500000039115549 0.0054999999701976785 0.0025000000605359678 8 0.0015000000712461772 9 10 9.5000000000000018 11 0.3014999926090241 0.36249999701976782 19.500000000000004 0.72349998354911815 0.0035000001080334191 0.0015000000712461772
decision_type=9 9 9 2 9 2 9 2 9 1 2 2 1 2 2 2 2 2 1 2 1 9 2 9 2 2 2 2 2 2
left_child=1 6 3 12 24 7 19 9 15 10 -5 -12 -2 -14 16 -6 17 18 21 -1 -21 -10 -8 -18 -3 -19 -24 28 -22 -23
right_child=2 4 -4 5 8 -7 22 -9 14 -11 11 -13 13 -15 -16 -17 23 25 -20 20 27 29 26 -25 -26 -27 -28 -29 -30 -31
leaf_value=-0.018135436361217717 -0.02214018261543815 0.093940095983931382 0.96561804344538016 0.015844229376684352 -0.013319531256334985 0.73192081546533072 -0.03270510088323747 0.25619335192743414 0.023947495955293475 0.065206935005637442 0.2552442156437742 0.12588212573010962 -0.06230435784849165 -0.15445458798775968 0.025844529394783738 0.063035275685292116 0.020376645342106519 0.05085476663641756 -0.025819101250601845 -0.017518571937056245 -0.0045750493781120385 -0.039483685441024409 -0.021691063316445634 0.0012468608659404361 0.35369886240996279 0.0054847273280147239 0.0099063978211744556 0.0086561017819108202 -0.015074525231604241 0.0012375821017123556
leaf_weight=3991 248 4795 19111 1333 427 5234 64 2633 888 6026 4768 14651 77 120 7520 5442 5862 2990 461 4371 2556 59 662 18097 1277 970 34 696 11790 1037
leaf_count=3991 248 4795 19111 1333 427 5234 64 2633 888 6026 4768 14651 77 120 7520 5442 5862 2990 461 4371 2556 59 662 18097 1277 970 34 696 11790 1037
internal_value=0.00196536 9.88394e-05 0.00451248 0.0038 0.0012106 0.00392524 -0.0021931 0.00357846 0.000925851 0.00340085 0.00369964 0.00385571 -0.00586517 -0.00994203 0.000749565 0.00206055 0.000552101 0.00134426 6.13499e-05 -0.00202853 -0.0018195 0.00124574 -0.00716883 0.000340332 0.00325748 0.00213636 -0.0065 -0.00152591 -0.00164115 -0.000184448
internal_weight=128190 73989 54201 35090 49825 34645 24164 29411 43753 26778 20752 19419 445 197 37884 5869 30364 6405 2445 23404 19413 1984 760 23959 6072 3960 696 15042 14346 1096
internal_count=128190 73989 54201 35090 49825 34645 24164 29411 43753 26778 20752 19419 445 197 37884 5869 30364 6405 2445 23404 19413 1984 760 23959 6072 3960 696 15042 14346 1096
cat_boundaries=0 1 2 3 4 5 6 7 8 9 10 11 12
cat_threshold=141433482 138416128 83951616 1 4198400 514 6 4 5 1 262144 20
is_linear=0
shrinkage=0.06


Tree=34
num_leaves=31
num_cat=14
split_feature=0 0 0 1 5 0 0 5 3 0 5 5 2 5 2 5 5 2 4 5 5 2 5 5 5 1 2 5 5 2
split_gain=159.573 46.3493 14.784 7.36328 5.18169 5.10685 3.40144 9.34518 3.01725 2.317 2.13937 1.73959 1.8622 1.82034 1.65908 1.62929 1.67982 2.5269 1.54589 1.54076 1.49998 1.41982 1.40107 1.26257 1.25403 1.23756 1.22199 1.17646 1.15377 1.21592
threshold=0 1 2 3 0.0035000001080334191 4 5 0.0035000001080334191 1.5000000000000002 6 0.39350000023841863 0.0065000001341104516 7 0.004500000039115549 8 0.004500000039115549 0.0075000002980232247 9 0.26449999213218695 0.004500000039115549 0.004500000039115549 10 0.004500000039115549 0.68250000476837169 0.3014999926090241 11 12 0.0065000001341104516 0.0015000000712461772 13
decision_type=9 9 9 9 2 9 9 2 2 9 2 2 1 2 1 2 2 1 2 2 2 1 2 2 2 9 1 2 2 1
left_child=1 5 4 20 -2 28 7 -4 11 22 15 12 13 -9 -11 -6 17 -17 19 -14 -3 -7 -5 25 -22 -16 -18 -19 -1 -30
right_child=2 3 6 9 10 21 -8 8 -10 14 -12 -13 18 -15 23 16 26 27 -20 -21 24 -23 -24 -25 -26 -27 -28 -29 29 -31
leaf_value=-0.017047310179544674 -0.039894764788560348 -0.03346026477150324 -0.29615323260067405 -0.012520359380954832 0.017773541269092662 -0.016404345144506473 1.9962180656111124 -0.044723984869977751 0.68800556653741096 0.0014033317424962987 0.23752543392245318 0.21475254626349979 0.11025224496775762 0.15224284361992019 0.054975804783816209 0.35212961305915164 0.11352918966551939 0.010783281841522474 0.03458214794215124 -0.13425676911655629 0.10730570514044949 -0.02373192878770591 0.059253159144174672 0.049755339040557379 0.33247693066536499 0.010010588673722011 0.092434611462841584 0.10568342651108402 -0.016467457620832897 -0.012282267756005322
leaf_weight=3991 413 110 32 427 1530 436 15081 66 5234 11217 2307 7242 30 298 2149 3785 5326 828 99 49 4685 324 5442 1552 1277 22966 11389 492 4371 15042
leaf_count=3991 413 110 32 427 1530 436 15081 66 5234 11217 2307 7242 30 298 2149 3785 5326 828 99 49 4685 324 5442 1552 1277 22966 11389 492 4371 15042
internal_value=0.00192886 0.000116677 0.0044018 0.00116244 0.0033681 -0.00203922 0.00535823 0.00463093 0.00471409 0.000890204 0.00347671 0.00396506 0.000686347 0.0031123 0.000717897 0.0033045 0.00343721 0.00438981 -0.00421277 -0.0107089 0.00311937 -0.00685714 0.00199932 0.000975447 0.0032526 0.000873184 0.00314628 0.00207519 -0.0018799 -0.00168969
internal_weight=128190 73989 54201 49825 26070 24164 28131 13050 13018 43753 25657 7784 542 364 37884 23350 21820 5105 178 79 6072 760 5869 26667 5962 25115 16715 1320 23404 19413
internal_count=128190 73989 54201 49825 26070 24164 28131 13050 13018 43753 25657 7784 542 364 37884 23350 21820 5105 178 79 6072 760 5869 26667 5962 25115 16715 1320 23404 19413
cat_boundaries=0 1 2 3 4 5 6 7 8 9 10 11 12 13 14
cat_threshold=141433482 138416128 16842752 1 4198400 67141633 514 2 1 4 2 4 2 1
is_linear=0
shrinkage=0.06


Tree=35
num_leaves=31
num_cat=13
split_feature=0 0 0 5 3 1 0 5 2 0 5 2 4 5 5 2 5 5 0 5 2 1 5 5 2 5 5 5 5 4
split_gain=153.058 41.0173 16.0821 8.90726 7.12062 7.09822 4.14471 3.24773 2.48579 2.13982 1.84308 2.15559 1.6241 1.52247 1.5199 1.3677 1.33268 1.30355 2.48097 2.23057 1.21453 1.17979 1.1523 1.10062 1.02903 1.15823 1.02572 0.987757 0.976122 1.02843
threshold=0 1 2 0.0035000001080334191 1.5000000000000002 3 4 0.2884999960660935 5 6 0.004500000039115549 7 0.10750000178813936 0.3145000040531159 0.84950000047683727 8 0.004500000039115549 0.0075000002980232247 9 0.0065000001341104516 10 11 0.026500000618398193 0.42849999666213995 12 0.0025000000605359678 0.11950000002980234 0.0035000001080334191 0.0084999999962747114 0.60649999976158153
decision_type=9 9 9 2 2 9 9 2 1 9 2 1 2 2 2 1 2 2 9 2 1 9 2 2 1 2 2 2 2 2
left_child=1 6 3 24 7 13 26 8 -5 16 11 -10 -13 -3 15 28 -7 18 -12 -20 -19 27 -8 -18 -2 -26 -1 -17 -11 -30
right_child=2 5 -4 4 -6 9 22 -9 10 14 17 12 -14 -15 -16 21 23 20 19 -21 -22 -23 -24 -25 25 -27 -28 -29 29 -31
leaf_value=-0.014692043327942394 -0.018418085771198293 0.081682979396413904 1.3490449132573543 0.055036674919949589 0.64672523254516634 -0.011769137818097606 -0.025805796945137943 0.22907801797499641 0.018627159624268117 0.012119092928034404 0.31501416934695758 -0.11953977407769399 -0.026839768413565519 0.31636043669754327 0.040617553503790191 -0.066538367705451712 0.048498034260861481 0.12905515596704956 -0.038543528995909355 0.095982434517435058 0.10824926414657213 0.0096819243565017064 -0.016446687963444787 0.16729097366112577 -0.056172410490268457 -0.13617302870878076 -0.0091522490228324923 0.058887230189963259 -0.0072950363769565723 0.0098217111538659724
leaf_weight=18503 248 4840 16301 5796 5234 427 249 3924 1191 2760 4267 26 116 1232 1349 28 5001 8751 298 324 7528 23522 511 441 77 120 4901 2149 6531 1545
leaf_count=18503 248 4840 16301 5796 5234 427 249 3924 1191 2760 4267 26 116 1232 1349 28 5001 8751 298 324 7528 23522 511 441 77 120 4901 2149 6531 1545
internal_value=0.00191013 0.000135326 0.00433207 0.00365128 0.0037525 0.00111909 -0.00189278 0.00341907 0.00319476 0.000851816 0.00348123 0.00131883 -0.00544737 0.00304045 0.00068623 0.000613385 0.00191767 0.00361905 0.00447822 0.000873418 0.00336102 0.000851609 -0.00623377 0.0021742 -0.00478652 -0.00791304 -0.00174921 0.00218656 4.75754e-05 -0.00028529
internal_weight=128190 73989 54201 37900 37455 49825 24164 32221 28297 43753 22501 1333 142 6072 37884 36535 5869 21168 4889 622 16279 25699 760 5442 445 197 23404 2177 10836 8076
internal_count=128190 73989 54201 37900 37455 49825 24164 32221 28297 43753 22501 1333 142 6072 37884 36535 5869 21168 4889 622 16279 25699 760 5442 445 197 23404 2177 10836 8076
cat_boundaries=0 1 2 3 4 5 6 7 8 9 10 11 12 13
cat_threshold=141433482 138416128 83951617 1 4198400 1 514 4 1 67174400 10 4 4
is_linear=0
shrinkage=0.06


Tree=36
num_leaves=31
num_cat=14
split_feature=0 0 0 5 3 1 5 0 2 0 5 5 2 4 5 5 2 5 2 5 5 2 5 5 0 5 0 1 5 5
split_gain=146.778 35.8727 17.3399 8.45606 7.52491 6.11134 3.46863 3.11763 2.51207 2.17468 1.86767 1.7709 2.12786 1.6241 1.49836 1.41646 1.25286 1.21725 1.20858 1.21309 1.13873 1.12665 1.15823 1.10245 2.1162 1.89887 1.54647 1.0846 1.08109 1.34707
threshold=0 1 2 0.0035000001080334191 1.5000000000000002 3 0.2884999960660935 4 5 6 0.004500000039115549 0.004500000039115549 7 0.10750000178813936 0.23750000447034839 0.4825000017881394 8 0.42849999666213995 9 0.0084999999962747114 0.0094999996945261973 10 0.0025000000605359678 0.0075000002980232247 11 0.0065000001341104516 12 13 0.0054999999701976785 0.0015000000712461772
decision_type=9 9 9 2 2 9 2 9 1 9 2 2 1 2 2 2 1 2 1 2 2 1 2 2 9 2 9 9 2 2
left_child=1 7 3 21 6 10 8 -1 -5 17 -3 12 -10 -14 18 16 -12 -7 19 -11 -18 -2 -23 24 -13 -26 -25 -20 29 -29
right_child=2 5 -4 4 -6 9 -8 -9 11 14 15 23 13 -15 -16 -17 20 -19 27 -21 -22 22 -24 26 25 -27 -28 28 -30 -31
leaf_value=-0.012640691313143172 -0.017313000624926377 -0.036353627648998021 1.7955022868790047 0.053912314571710508 0.60792171859245647 0.034090181462908611 0.22022709437205526 -0.017662076058279463 0.017509530046811932 0.011391947352352289 0.12844192706596011 0.29611331918614003 -0.11236738763303236 -0.025229382308751536 0.022684416002199941 0.34792447010288785 0.20492635607660836 0.15725351524145831 0.047730446220624098 -0.0059703245459807788 0.010378456937427265 -0.052802065860852287 -0.12800264698625383 0.31921299190807972 -0.036230917256154807 0.088723486716379654 0.10137406941828793 -0.020775756577321725 0.0046373148220933474 0.023171124118561402
leaf_weight=23404 248 110 15081 6221 5234 5428 4150 760 1191 2760 3222 4267 26 116 7055 889 445 441 1870 6182 1406 77 120 2677 298 327 14168 252 15952 3813
leaf_count=23404 248 110 15081 6221 5234 5428 4150 760 1191 2760 3222 4267 26 116 7055 889 445 441 1870 6182 1406 77 120 2677 298 327 14168 252 15952 3813
internal_value=0.00186848 0.000130461 0.00424021 0.00357117 0.00366671 0.00105047 0.00333561 -0.00176619 0.0031056 0.000802459 0.00283328 0.00339515 0.00127382 -0.00544737 0.000635563 0.00298088 0.00259373 0.00187685 0.000455221 -0.000132708 0.00132509 -0.00465169 -0.00791304 0.0035268 0.00431971 0.000992126 0.00329653 0.000695164 0.000565337 0.00143911
internal_weight=128190 73989 54201 39120 38675 49825 33441 24164 29291 43753 6072 23070 1333 142 37884 5962 5073 5869 30829 8942 1851 445 197 21737 4892 625 16845 21887 20017 4065
internal_count=128190 73989 54201 39120 38675 49825 33441 24164 29291 43753 6072 23070 1333 142 37884 5962 5073 5869 30829 8942 1851 445 197 21737 4892 625 16845 21887 20017 4065
cat_boundaries=0 1 2 3 4 5 6 7 8 9 10 11 12 13 14
cat_threshold=141433482 138416128 83984385 1 4198400 1 514 4 10 1 4 67174400 32769 4
is_linear=0
shrinkage=0.06


Tree=37
num_leaves=31
num_cat=15
split_feature=0 0 0 3 5 1 0 2 5 2 5 0 5 2 5 2 5 4 5 1 5 5 2 0 0 5 5 0 5 5
split_gain=140.099 32.2736 18.7629 8.58015 6.52731 5.68869 3.02602 2.94579 2.93486 2.71627 2.05991 1.95833 1.75373 1.38956 1.37109 1.38221 1.29553 1.23135 1.21857 1.1636 1.01776 0.982386 2.2381 1.79273 1.31489 5.56908 1.1067 0.980329 0.97859 0.971472
threshold=0 1 2 1.5000000000000002 0.004500000039115549 3 4 5 0.38750000298023229 6 0.0035000001080334191 7 0.46050000190734869 8 0.0054999999701976785 9 0.34149999916553503 0.10150000080466272 0.91550001502037059 10 0.004500000039115549 0.0075000002980232247 11 12 13 0.0054999999701976785 0.0065000001341104516 14 0.0094999996945261973 0.0035000001080334191
decision_type=9 9 9 2 2 9 9 1 2 1 2 9 2 1 2 1 2 2 2 9 2 2 1 9 9 2 2 9 2 2
left_child=1 6 3 4 7 12 -1 10 9 -6 -2 16 14 27 -3 -16 20 -9 19 29 -7 22 -11 -23 -24 -26 -27 -13 -17 -15
right_child=2 5 -4 -5 8 11 -8 17 -10 21 -12 13 -14 18 15 28 -18 -19 -20 -21 -22 23 24 -25 25 26 -28 -29 -30 -31
leaf_value=-0.011882249834354595 -0.045110752907270901 -0.0085045737772975367 1.6877721496662643 0.57144641547690922 0.054011498270392262 -0.013108400436786115 -0.016602351494782706 -0.10620550072075477 0.22040456492634208 0.29433418696361657 0.015875023282533766 -0.015373269677074336 0.31470565711458981 -0.065409892416362095 0.14299546306290067 0.37287084157768718 0.1362662954707019 -0.091788850810962816 0.046360172597023637 0.0087789987453820821 0.042942727006101931 0.30617989670970386 0.062557740216130808 0.097691684553446387 -0.30890096680532958 -0.048394909923769727 0.09945355652675622 0.0042851473172464813 0.0095165800186090797 0.052550444016715575
leaf_weight=23404 426 298 15081 5234 6164 427 760 25 3226 3785 1516 1752 916 28 3103 357 546 136 785 23695 4896 2850 917 14651 23 55 112 9465 1398 2159
leaf_count=23404 426 298 15081 5234 6164 427 760 25 3226 3785 1516 1752 916 28 3103 357 546 136 785 23695 4896 2850 917 14651 23 55 112 9465 1398 2159
internal_value=0.0018301 0.000132083 0.00414724 0.00345157 0.00310323 0.00100472 -0.00166691 -0.000134094 0.00331743 0.00312365 0.000528689 0.000765441 0.00272476 0.000607062 0.00229946 0.00254179 0.001785 -0.00768421 0.000842749 0.000772429 0.00150254 0.00343159 0.00418479 0.00322302 0.00175649 -0.0027 0.00097006 4.64953e-05 0.0011728 0.00209467
internal_weight=128190 73989 54201 39120 33886 49825 24164 2103 31783 28557 1942 43753 6072 37884 5156 4858 5869 161 26667 25882 5323 22393 4892 17501 1107 190 167 11217 1755 2187
internal_count=128190 73989 54201 39120 33886 49825 24164 2103 31783 28557 1942 43753 6072 37884 5156 4858 5869 161 26667 25882 5323 22393 4892 17501 1107 190 167 11217 1755 2187
cat_boundaries=0 1 2 3 4 5 6 7 8 9 10 11 12 13 14 15
cat_threshold=141433482 138416128 83984385 1 4198400 5 1 514 1 10 4 4 32769 83886080 262272
is_linear=0
shrinkage=0.06


Tree=38
num_leaves=31
num_cat=14
split_feature=0 0 0 3 5 1 5 2 0 2 0 5 5 5 5 5 2 5 2 0 0 5 5 5 5 2 2 5 5 6
split_gain=133.963 29.2631 19.726 8.37545 5.8854 5.40779 3.09295 2.72067 2.6624 2.2634 1.76939 1.97296 1.69327 1.61951 1.50779 1.31513 1.21057 1.07046 2.27309 1.71702 1.2238 5.56908 1.00698 1.12731 1.14657 3.90442 1.69132 0.999058 0.97859 0.956075
threshold=0 1 2 1.5000000000000002 0.004500000039115549 3 0.2884999960660935 4 5 6 7 0.0025000000605359678 0.46050000190734869 0.19849999994039538 0.0035000001080334191 0.0054999999701976785 8 0.0075000002980232247 9 10 11 0.0054999999701976785 0.84950000047683727 0.0065000001341104516 0.0025000000605359678 12 13 0.12750000506639483 0.0094999996945261973 15.500000000000002
decision_type=9 9 9 2 2 9 2 1 9 1 9 2 2 2 2 2 1 2 1 9 9 2 2 2 2 1 1 2 2 2
left_child=1 8 3 4 7 12 9 14 -1 -6 11 -7 15 -13 -2 -3 -17 18 -11 -19 -20 -22 23 24 25 26 -12 -25 -18 -9
right_child=2 5 -4 -5 6 10 -8 29 -10 17 22 13 -14 -15 -16 16 28 19 20 -21 21 -23 -24 27 -26 -27 -28 -29 -30 -31
leaf_value=-0.0111693148442933 -0.042404107732834699 -0.0079942993506596591 1.5865058206862883 0.53715963054829485 0.050310550120341906 -0.020082107470881468 0.19832218408913979 -0.12712807994409775 -0.015606210405095763 0.27667413574579952 0.026628868875417641 0.019463424030788729 0.29582331768771442 0.069833905485737716 0.014922521885581809 0.13441573527912673 0.35049859108302595 0.28168941859101276 0.058804275803162893 0.089430124179983889 -0.29036690879700988 0.018254744735255523 0.033570244271098476 -0.0011793635690334502 0.035049874762405508 -0.025797901625108803 -0.0015762868492851308 0.010044094923531676 0.0089455852174925524 -0.003952177792887839
leaf_weight=23404 426 298 15081 5234 5896 372 4150 100 760 3785 768 11762 916 1987 1516 3103 357 2677 917 14168 23 167 1191 14914 3632 417 903 7807 1398 61
leaf_count=23404 426 298 15081 5234 5896 372 4150 100 760 3785 768 11762 916 1987 1516 3103 357 2677 917 14168 23 167 1191 14914 3632 417 903 7807 1398 61
internal_value=0.00178844 0.000128029 0.00405427 0.00334117 0.00299699 0.000958965 0.00320039 -7.70326e-05 -0.00158501 0.00297101 0.000725682 0.00127847 0.00263598 0.00139603 0.000559426 0.002218 0.00245533 0.00325479 0.00403761 0.00302939 0.00159534 -0.0027 0.000461912 0.000390493 0.00114336 2.29887e-05 0.00132421 0.00020096 0.0011728 -0.00733333
internal_weight=128190 73989 54201 39120 33886 49825 31783 2103 24164 27633 43753 14121 6072 13749 1942 5156 4858 21737 4892 16845 1107 190 29632 28441 5720 2088 1671 22721 1755 161
internal_count=128190 73989 54201 39120 33886 49825 31783 2103 24164 27633 43753 14121 6072 13749 1942 5156 4858 21737 4892 16845 1107 190 29632 28441 5720 2088 1671 22721 1755 161
cat_boundaries=0 1 2 3 4 5 6 7 8 9 10 11 12 13 14
cat_threshold=141433482 138416128 83984385 1 5 4198400 1 2228866 10 4 32769 83886080 5 4
is_linear=0
shrinkage=0.06


Tree=39
num_leaves=31
num_cat=15
split_feature=0 0 0 3 5 1 5 2 0 2 2 5 5 0 5 5 0 6 2 5 5 0 4 5 0 2 5 5 5 2
split_gain=127.33 26.395 21.2015 8.68512 5.40737 5.08859 2.86709 2.46476 2.22204 2.21993 1.66383 1.63386 1.44929 1.43019 1.26033 1.17061 1.61079 1.13974 1.11308 1.08041 1.0026 0.987772 0.977435 0.945444 2.39323 1.72301 1.71363 0.939948 0.916649 0.97965
threshold=0 1 2 1.5000000000000002 0.004500000039115549 3 0.55149999260902416 4 5 6 7 0.46050000190734869 0.0035000001080334191 8 0.0054999999701976785 0.004500000039115549 9 19.500000000000004 10 0.55950000882148754 0.0094999996945261973 11 0.32549999654293066 0.0075000002980232247 12 13 0.0065000001341104516 0.10750000178813936 0.076499998569488539 14
decision_type=9 9 9 2 2 9 2 1 9 1 1 2 2 9 2 2 9 2 1 2 2 9 2 2 9 1 2 2 2 1
left_child=1 8 3 4 9 11 7 -6 28 12 21 14 -2 15 -3 16 -12 -10 -16 -15 -20 -7 -18 24 -9 -25 -26 -22 29 -1
right_child=2 5 -4 -5 6 10 -8 23 17 -11 13 -13 -14 19 18 -17 22 -19 20 -21 27 -23 -24 25 26 -27 -28 -29 -30 -31
leaf_value=-0.016474095994360768 -0.039859861268864573 -0.007514641389620067 1.4913154714451109 0.50493005271539715 0.049203646508247219 -0.015017793529425753 0.2410624380147503 0.24627371506687182 -0.016041162233954229 -0.08872454716299831 0.043267130419320995 0.27807391862645164 0.014027170572446984 0.0080948208920020547 0.1263507911623791 0.049176389132040768 -0.05218963150030962 0.014443778205154394 0.32946867561804449 0.036356024938720706 -0.0092040217445260447 0.0049734575158171881 0.0006242760242644508 0.1134643029962747 -0.041338783181943124 0.083904550205970943 0.07611835655223928 0.056435950045761699 -0.0067781202440867615 -0.011101068199923261
leaf_weight=2458 426 298 15081 5234 6420 1752 2230 4267 726 161 150 916 1516 23035 3103 6171 181 34 357 2031 853 10307 126 10459 298 7782 327 545 6124 14822
leaf_count=2458 426 298 15081 5234 6420 1752 2230 4267 726 161 150 916 1516 23035 3103 6171 181 34 357 2031 853 10307 126 10459 298 7782 327 545 6124 14822
internal_value=0.00175006 0.000131272 0.00395909 0.00322004 0.0028695 0.000920438 0.00306447 0.00290793 -0.00149566 -7.70326e-05 0.000694148 0.00254719 0.000497951 0.000922407 0.00213654 0.00170654 -0.00122101 -0.00467532 0.00236888 0.000714468 0.00113881 9.396e-05 -0.003653 0.00319742 0.00393949 0.00300016 0.000425197 0.000420601 -0.00139045 -0.00161458
internal_weight=128190 73989 54201 39120 33886 49825 31783 29553 24164 2103 43753 6072 1942 31694 5156 6628 457 760 4858 25066 1755 12059 307 23133 4892 18241 625 1398 23404 17280
internal_count=128190 73989 54201 39120 33886 49825 31783 29553 24164 2103 43753 6072 1942 31694 5156 6628 457 760 4858 25066 1755 12059 307 23133 4892 18241 625 1398 23404 17280
cat_boundaries=0 1 2 3 4 5 6 7 8 9 10 11 12 13 14 15
cat_threshold=141433482 138416128 83984385 1 1 4198400 5 1 642 512 10 262272 67174400 10 1
is_linear=0
shrinkage=0.06


Tree=40
num_leaves=31
num_cat=13
split_feature=0 0 0 3 5 1 5 2 0 2 0 5 6 5 5 5 0 2 0 5 5 5 5 2 5 5 5 0 5 5
split_gain=121.954 23.8486 22.2103 7.96668 4.77385 4.66119 3.23109 3.01364 2.20137 1.87002 4.73127 3.48219 4.84582 1.70963 1.61652 1.38099 2.20946 2.18105 1.27816 1.62748 1.18408 1.16533 1.14887 1.20222 1.05632 1.03699 1.0251 1.00173 5.69687 0.894022
threshold=0 1 2 1.5000000000000002 0.004500000039115549 3 0.11150000244379045 4 5 6 7 0.0035000001080334191 14.500000000000002 0.67350000143051159 0.46050000190734869 0.0075000002980232247 8 9 10 0.0025000000605359678 0.0054999999701976785 0.0015000000712461772 0.012500000186264517 11 0.5834999978542329 0.0075000002980232247 0.097500000149011626 12 0.0054999999701976785 0.36149999499320989
decision_type=9 9 9 2 2 9 2 1 9 1 9 2 2 2 2 2 9 1 9 2 2 2 2 1 2 2 2 9 2 2
left_child=1 8 3 4 9 14 7 -6 29 -2 21 -12 -13 18 20 17 -17 -9 19 -7 -3 -11 -22 -24 -8 -20 -25 -19 -29 -1
right_child=2 5 -4 -5 6 13 24 15 -10 10 11 12 -14 -15 -16 16 -18 27 25 -21 22 -23 23 26 -26 -27 -28 28 -30 -31
leaf_value=-0.010814907549833165 0.012449445308901587 -0.0070637629062429135 1.9448362673823751 0.47463424955247346 0.037186200309336365 -0.019362870276148605 0.11820997335952337 0.2452972646970393 -0.013707368046752773 -0.071940296134528195 -0.24348301258281232 0.0046221628546653905 -0.1755322054229459 0.039781003803378859 0.2613894835088646 0.26805999288965626 0.074010273441042995 0.055485905892284797 0.012943693766260578 0.020701020237685039 0.20804973207499819 0.014220829465624151 0.090029771879955894 -0.021251839949131792 0.23536477879354803 0.0016089104243490295 0.050649462455075768 -0.27046456727827267 0.014683942258352971 -0.0012031772023588109
leaf_weight=20851 1439 298 13831 5234 5048 372 6247 3785 760 23 36 118 51 2472 916 2518 12125 917 6368 13233 1221 436 2374 684 2203 21648 579 23 167 2213
leaf_count=20851 1439 298 13831 5234 5048 372 6247 3785 760 23 36 118 51 2472 916 2518 12125 917 6368 13233 1221 436 2374 684 2203 21648 579 23 167 2213
internal_value=0.00171308 0.00012884 0.00387497 0.00316196 0.00283743 0.000871151 0.0030139 0.00266599 -0.00143392 6.56208e-05 -0.00254599 -0.00990698 -0.00678106 0.000656146 0.00242881 0.00300384 0.00271379 0.00387817 0.000565244 0.00104223 0.00202017 0.000882729 0.00224537 0.00171075 0.00402604 0.000333119 0.000202671 0.00148791 -0.0024 -0.00132773
internal_weight=128190 73989 54201 40370 35136 50165 33033 24583 23824 2103 664 205 169 44093 6072 19535 14643 4892 41621 13605 5156 459 4858 3637 8450 28016 1263 1107 190 23064
internal_count=128190 73989 54201 40370 35136 50165 33033 24583 23824 2103 664 205 169 44093 6072 19535 14643 4892 41621 13605 5156 459 4858 3637 8450 28016 1263 1107 190 23064
cat_boundaries=0 1 2 3 4 5 6 7 8 9 10 11 12 13
cat_threshold=141433482 134221824 2231468033 1 1 4096 4 16777216 2147516417 4 2228866 10 83886080
is_linear=0
shrinkage=0.06


Tree=41
num_leaves=31
num_cat=14
split_feature=0 0 0 3 5 1 5 2 0 5 5 0 2 5 5 0 0 5 2 3 6 5 6 2 5 6 2 5 2 5
split_gain=116.398 23.1453 20.8447 7.70262 4.57521 4.21359 3.5645 2.66682 2.04177 1.78578 1.6398 1.42551 1.2167 1.18913 1.44039 2.19612 2.06154 1.71363 1.12419 1.11468 1.07368 1.01393 0.982127 0.960164 0.887287 1.47649 0.882553 0.847511 0.888288 0.864219
threshold=0 1 2 1.5000000000000002 0.0035000001080334191 3 0.11150000244379045 4 5 0.46050000190734869 0.27349999547004705 6 7 0.004500000039115549 0.0075000002980232247 8 9 0.0065000001341104516 10 2.5000000000000004 19.500000000000004 0.004500000039115549 8.5000000000000018 11 0.0065000001341104516 11.500000000000002 12 0.0015000000712461772 13 0.37250000238418585
decision_type=9 9 9 2 2 9 2 1 9 2 2 9 1 2 2 9 9 2 1 2 2 2 2 1 2 2 1 2 1 2
left_child=2 3 8 4 26 9 7 -6 27 21 12 -12 22 23 15 -15 -16 -17 -8 24 -10 -4 -7 -9 25 -5 -2 -1 -29 -30
right_child=1 -3 5 19 6 10 18 13 20 -11 11 -13 -14 14 16 17 -18 -19 -20 -21 -22 -23 -24 -25 -26 -27 -28 28 29 -31
leaf_value=-0.01168645506460257 -0.00937870399142662 1.8281460913394325 -0.032307773344628921 0.20435626782151259 0.032388597644400448 0.025413144529977401 0.17212648301291911 0.013022508581035409 -0.014256250417111808 0.24570611449833274 0.078812785108855296 0.016145717418333847 0.0095429858098272959 0.2167794562810372 0.25197639331627686 -0.042187610544563797 0.069569657034580387 0.068222100805567717 0.089436893955233729 0.88115619457932504 0.014399593595650316 0.070061412372819279 -0.0030623702010034956 -0.029473878164827681 0.23189620201214053 -0.081243860352315525 -0.085064904024355542 -0.01182385464789551 -0.0087721174543103613 0.0044456792981199126
leaf_weight=3991 248 13831 110 26 5373 840 4943 1191 726 916 1192 5725 26969 4267 2518 298 12125 327 3507 3015 34 5046 9027 142 2170 23 197 4371 13558 1484
leaf_count=3991 248 13831 110 26 5373 840 4943 1191 726 916 1192 5725 26969 4267 2518 298 12125 327 3507 3015 34 5046 9027 142 2170 23 197 4371 13558 1484
internal_value=0.00167657 0.00378864 0.00012884 0.00306092 0.0027418 0.00083014 0.00281935 0.00247422 -0.00131695 0.00231042 0.000624226 0.00147203 0.000465197 0.0027813 0.00290095 0.00379231 0.00260316 0.000425197 0.00389112 0.00520902 -0.00436364 0.00188053 -0.000105092 0.00104876 0.00418837 -0.00379592 -0.00330337 -0.0012162 -0.00105301 -0.000832314
internal_weight=128190 54201 73989 40370 35136 49825 34691 26241 24164 6072 43753 6917 36836 20868 19535 4892 14643 625 8450 5234 760 5156 9867 1333 2219 49 445 23404 19413 15042
internal_count=128190 54201 73989 40370 35136 49825 34691 26241 24164 6072 43753 6917 36836 20868 19535 4892 14643 625 8450 5234 760 5156 9867 1333 2219 49 445 23404 19413 15042
cat_boundaries=0 1 2 3 4 5 6 7 8 9 10 11 12 13 14
cat_threshold=141433482 2231468033 138416128 1 1 4198400 131594 1 67174400 2147516417 10 4 4 1
is_linear=0
shrinkage=0.06


Tree=42
num_leaves=31
num_cat=15
split_feature=0 0 0 3 5 1 5 2 0 5 5 0 5 0 2 5 5 2 0 5 0 5 5 4 1 2 5 2 6 5
split_gain=111.044 25.1757 18.5442 8.22023 4.63712 3.92718 3.46929 2.83379 1.89895 1.76765 1.59504 1.23998 1.31372 1.23183 1.15463 1.13585 1.13803 2.42447 2.07529 1.25579 1.05271 0.928858 0.897585 0.873524 0.834458 0.798331 0.797292 1.16803 0.891475 0.885842
threshold=0 1 2 2.5000000000000004 0.14950000494718554 3 0.0035000001080334191 4 5 0.46050000190734869 0.84950000047683727 6 0.0025000000605359678 7 8 0.004500000039115549 0.0075000002980232247 9 10 0.0065000001341104516 11 0.77349999547004711 0.0015000000712461772 0.41850000619888311 12 13 0.0054999999701976785 14 18.500000000000004 0.01350000035017729
decision_type=9 9 9 2 2 9 2 1 9 2 2 9 2 9 1 2 2 1 9 2 9 2 2 2 9 1 2 1 2 2
left_child=2 3 8 4 6 9 -2 -8 22 26 11 12 23 21 -14 25 17 -17 -18 20 -19 -6 -1 -7 -13 -9 -4 28 -28 -29
right_child=1 -3 5 -5 13 10 7 15 -10 -11 -12 24 14 -15 -16 16 18 19 -20 -21 -22 -23 -24 -25 -26 -27 27 29 -30 -31
leaf_value=-0.010986194147022959 -0.048657878368410165 2.0633377015330705 -0.0096435944084172567 0.82828682290456557 0.079774048165391506 -0.023266933546176021 0.035385152750151104 0.012241158066173341 -0.012029550938920889 0.23096374762843278 0.035319050079549434 0.040340936115322808 0.11039109361628173 0.27389179162564775 0.022927543984543015 0.21757266143835458 0.064893960410421572 0.056106595294811323 0.17444179440435889 0.082709417883025729 -0.048914031169541662 0.22831949540244748 -0.0082828472579895476 -0.057598117055844361 0.0036546463505445102 -0.027705445474937935 0.12770423886219162 0.15646148366251125 0.0016442136163237818 -0.0020842017069505319
leaf_weight=3987 445 13273 298 3015 3821 158 6317 1191 760 916 1516 776 534 3482 8450 3785 11385 329 5375 504 339 798 19077 23 32636 142 2702 521 401 1234
leaf_count=3987 445 13273 298 3015 3821 158 6317 1191 760 916 1516 776 534 3482 8450 3785 11385 329 5375 504 339 798 19077 23 32636 142 2702 521 401 1234
internal_value=0.00161947 0.00368239 0.000107758 0.00294416 0.00270509 0.000762332 0.00235918 0.00243886 -0.00127029 0.00219204 0.000564996 0.000497029 0.00111499 0.00397803 0.00121817 0.00274762 0.00285316 0.00365181 0.00261695 0.00122843 -0.000467066 0.00330395 -0.00117171 -0.00394475 0.00032709 0.00104876 0.00176416 0.00194895 0.00264632 0.000696884
internal_weight=128190 54201 73989 40928 37913 50165 29812 29367 23824 6072 44093 42577 9165 8101 8984 23050 21717 4957 16760 1172 668 4619 23064 181 33412 1333 5156 4858 3103 1755
internal_count=128190 54201 73989 40928 37913 50165 29812 29367 23824 6072 44093 42577 9165 8101 8984 23050 21717 4957 16760 1172 668 4619 23064 181 33412 1333 5156 4858 3103 1755
cat_boundaries=0 1 2 3 4 5 6 7 8 9 10 11 12 13 14 15
cat_threshold=141433482 2265022465 134221824 1 1 4096 2097794 16842752 8 4 16842752 67108864 4 4 10
is_linear=0
shrinkage=0.06


Tree=43
num_leaves=31
num_cat=15
split_feature=0 0 0 3 5 1 5 2 5 5 0 2 5 2 0 0 0 5 0 5 5 4 2 6 6 5 5 5 2 2
split_gain=106.623 26.7981 16.6607 8.13693 4.26133 3.40006 4.04754 3.11781 1.97249 1.75484 1.68437 1.56566 1.38857 2.17163 1.93142 1.34515 1.32612 1.16675 1.74492 1.14522 1.14463 1.1007 1.08589 1.09087 0.993885 0.925441 0.972638 2.53029 4.5192 1.37494
threshold=0 1 2 2.5000000000000004 0.14950000494718554 3 0.0035000001080334191 4 0.004500000039115549 0.55149999260902416 5 6 0.0075000002980232247 7 8 9 10 0.004500000039115549 11 0.0015000000712461772 0.0065000001341104516 0.38249999284744268 12 9.5000000000000018 19.500000000000004 0.67350000143051159 0.004500000039115549 0.0025000000605359678 13 14
decision_type=9 9 9 2 2 9 2 1 2 2 9 1 2 1 9 9 9 2 9 2 2 2 1 2 2 2 2 2 1 1
left_child=2 3 10 4 7 6 -4 19 11 22 -1 -9 13 -10 -14 -6 17 18 21 -2 -15 -7 -8 -24 -12 26 27 28 29 -18
right_child=1 -3 5 -5 15 16 9 8 12 -11 24 -13 14 20 -16 -17 25 -19 -20 -21 -22 -23 23 -25 -26 -27 -28 -29 -30 -31
leaf_value=-0.0083226370913711267 -0.05960051142289053 1.939537439441086 -0.064098551274095708 0.77858961353029155 0.091181286801812561 0.038576653847895929 0.052777382647021899 0.010306660052415281 0.20451830175205338 0.17506606786792125 -0.012679102335749842 -0.071742633850573598 0.061000322785796209 -0.0035355969830450818 0.16397528674009734 0.25745828412810889 0.019464045860851386 0.034256571549820918 -0.045285894460800828 0.029541797763377526 0.077746852810044162 -0.027859822588469786 0.069375667847650521 0.0029644154292824882 0.014257391036246589 0.025601731044938274 0.0012830371819100904 0.039372903519384828 -0.02778974628055771 -0.0037646255640330392
leaf_weight=23064 23 13273 99 3015 4619 321 5992 1439 3785 1118 726 161 11385 668 5375 3482 931 5698 254 6472 504 92 472 2357 34 2029 26907 2512 472 911
leaf_count=23064 23 13273 99 3015 4619 321 5992 1439 3785 1118 726 161 11385 668 5375 3482 931 5698 254 6472 504 92 472 2357 34 2029 26907 2512 472 911
internal_value=0.00158015 0.00360159 9.88394e-05 0.0028401 0.00260222 0.000719283 0.00170661 0.00227063 0.0025945 0.00182855 -0.00120735 0.0005625 0.00274541 0.0036276 0.00248449 0.00382249 0.000471934 0.00126588 -0.00110645 0.00110223 0.00132995 0.00131915 0.00154472 0.00056851 -0.00397403 0.000321924 0.000242587 0.00102694 -0.000404494 0.000946005
internal_weight=128190 54201 73989 40928 37913 50165 10038 29812 23317 9939 23824 1600 21717 4957 16760 8101 40127 6365 667 6495 1172 413 8821 2829 760 33762 31733 4826 2314 1842
internal_count=128190 54201 73989 40928 37913 50165 10038 29812 23317 9939 23824 1600 21717 4957 16760 8101 40127 6365 667 6495 1172 413 8821 2829 760 33762 31733 4826 2314 1842
cat_boundaries=0 1 2 3 4 5 6 7 8 9 10 11 12 13 14 15
cat_threshold=141433482 2265022465 134221824 2053 1 4096 4 4 16842752 16842752 2097154 2097152 10 5 4
is_linear=0
shrinkage=0.06


Tree=44
num_leaves=31
num_cat=15
split_feature=0 0 0 3 5 5 5 5 2 1 1 2 0 2 0 2 0 5 5 5 2 3 4 5 5 0 5 0 4 5
split_gain=101.766 28.3923 15.0518 8.57549 4.10429 3.16331 2.9898 2.61176 2.07166 2.03785 1.86391 1.65799 1.59568 1.41213 1.32198 1.18958 1.05345 4.23984 1.27378 2.15413 1.3758 1.26214 1.03398 0.980344 0.93891 0.928298 1.17791 1.47299 1.0718 0.997725
threshold=0 1 2 2.5000000000000004 0.29250000417232519 0.43349999189376837 0.0035000001080334191 0.0015000000712461772 3 4 5 6 7 8 9 10 11 0.0065000001341104516 0.0075000002980232247 0.004500000039115549 12 1.5000000000000002 0.30750000476837164 0.14549999684095385 0.29649999737739569 13 0.004500000039115549 14 0.38249999284744268 0.0035000001080334191
decision_type=9 9 9 2 2 2 2 2 1 9 9 1 9 1 9 1 9 2 2 2 1 2 2 2 2 9 2 9 2 2
left_child=2 3 11 4 6 7 -2 -4 23 -7 15 12 -1 -6 -13 -9 17 -10 19 -18 -21 -20 -15 -8 -16 26 27 28 -17 -29
right_child=1 -3 5 -5 13 9 8 10 16 -11 -12 14 -14 22 24 25 18 -19 21 20 -22 -23 -24 -25 -26 -27 -28 29 -30 -31
leaf_value=-0.013813085159843487 -0.045052034249411191 1.8231651930746207 -0.038869254638488178 0.73187423671847396 0.20369177085283596 0.12224118799319404 0.030993384216632964 0.085438972191011445 -0.18281852336357604 0.026273700714499304 0.0046039096548864773 0.00039877593638628825 -0.010584244246910384 -0.14201118469237192 -0.0080492079448784507 0.038882748764767563 0.0092082506538703514 0.19253159367111355 0.058441834353642648 0.19224720364693021 0.040345757822902145 0.20356149115555894 0.11753809381703326 0.073107222539428848 0.0023191419381672911 -0.0019616032527540609 0.036479731381104892 -0.10609222665470158 -0.025818067987839245 -0.020661810391992372
leaf_weight=324 445 13273 66 3015 3045 1833 6268 1698 37 3103 22948 6734 5427 69 17226 316 1333 3844 14194 3785 1048 1074 1790 981 1856 2241 9701 62 89 365
leaf_count=324 445 13273 66 3015 3045 1833 6268 1698 37 3103 22948 6734 5427 69 17226 316 1333 3844 14194 3785 1048 1074 1790 981 1856 2241 9701 62 89 365
internal_value=0.00154926 0.00352412 0.000102083 0.00274044 0.00249619 0.000840215 0.00225557 0.000652404 0.00232232 0.00226823 0.000673437 -0.000889825 -0.00181114 0.00411582 -0.000683962 0.00120646 0.00257887 0.00350193 0.00241018 0.00313915 0.00372812 0.00211737 0.00275762 0.00142086 -0.000939032 0.00100626 0.00124234 -0.000923077 0.00166265 -0.00333638
internal_weight=128190 54201 73989 40928 37913 42422 33009 37486 32564 4936 37420 31567 5751 4904 25816 14472 25315 3881 21434 6166 4833 15268 1859 7249 19082 12774 10533 832 405 427
internal_count=128190 54201 73989 40928 37913 42422 33009 37486 32564 4936 37420 31567 5751 4904 25816 14472 25315 3881 21434 6166 4833 15268 1859 7249 19082 12774 10533 832 405 427
cat_boundaries=0 1 2 3 4 5 6 7 8 9 10 11 12 13 14 15
cat_threshold=141433482 2265022465 138678272 1 3089 1029 1 134217728 10 4456448 8 2181070849 4 2621442 2097152
is_linear=0
shrinkage=0.06


Tree=45
num_leaves=31
num_cat=13
split_feature=0 0 0 0 5 3 5 5 5 1 1 5 5 0 5 5 2 0 5 5 2 5 0 5 2 6 4 0 5 5
split_gain=98.2486 27.0587 10.7748 7.46448 5.85878 5.29859 2.96825 2.96497 2.21515 2.09122 1.73624 1.64864 2.14798 3.08492 1.6791 1.62544 1.41174 1.41054 1.7258 1.22882 1.11978 1.11346 1.04897 1.03815 1.00273 0.953111 0.971483 0.866613 0.859258 1.34603
threshold=0 1 2 3 0.0035000001080334191 2.5000000000000004 0.27349999547004705 0.43349999189376837 0.0015000000712461772 4 5 0.004500000039115549 0.0075000002980232247 6 0.55149999260902416 0.0065000001341104516 7 8 0.0065000001341104516 0.0065000001341104516 9 0.0015000000712461772 10 0.0015000000712461772 11 15.500000000000002 0.5495000183582307 12 0.0054999999701976785 0.012500000186264517
decision_type=9 9 9 9 2 2 2 2 2 9 9 2 2 9 2 2 1 9 2 2 1 2 9 2 1 2 2 9 2 2
left_child=1 16 4 11 -2 6 15 8 -5 -9 24 23 13 -13 -14 -6 17 18 -1 -15 -17 -18 -23 -3 -10 -20 -27 28 -26 -30
right_child=2 3 -4 7 5 -7 -8 9 10 -11 -12 12 14 19 -16 20 21 -19 25 -21 -22 22 -24 -25 27 26 -28 -29 29 -31
leaf_value=0.02069780702736761 -0.21763874638041461 -0.053321358682552424 1.7137752814901432 -0.03653709936017889 -0.0057442066334368741 0.68796178251536544 0.3176820615290934 0.11490671671360245 0.080312633859550731 0.024697278671629332 0.0043276750755933176 0.17291230734120042 0.048938256736909769 -0.020966480279481125 0.14673256611260305 0.14413361257950533 -0.021145531809061889 -0.0061754005720375442 0.0052937491447938249 0.051791570616993098 0.06528717490896653 -0.010005559573607893 -0.008530581229805486 0.0055072033309079308 -0.0020134628454383319 -0.012940215151009581 -0.042767549029589721 -0.0018439070575889231 0.083773305011476812 0.02171918890787421
leaf_weight=1519 32 23 13273 66 591 3015 2173 1833 1698 3103 22948 4055 17400 637 1622 6599 174 13000 2660 413 2448 756 12425 1920 1609 953 80 2241 2807 6117
leaf_count=1519 32 23 13273 66 591 3015 2173 1833 1698 3103 22948 4055 17400 637 1622 6599 174 13000 2660 413 2448 756 12425 1920 1609 953 80 2241 2807 6117
internal_value=0.00150339 0.000622311 0.00463544 0.00129211 0.00351816 0.00357588 0.00300279 0.000800622 0.000618791 0.00218314 0.000638162 0.00209126 0.00222746 0.00332027 0.00193418 0.00255115 -0.000830921 -0.000486664 0.000346994 0.000396227 0.0027503 -0.00129966 -0.00123769 0.000410705 0.0011526 -0.000352559 -0.00189932 0.000968711 0.00119681 0.00142806
internal_weight=128190 100059 28131 68492 14858 14826 11811 42422 37486 4936 37420 26070 24127 5105 19022 9638 31567 18212 5212 1050 9047 13355 13181 1943 14472 3693 1033 12774 10533 8924
internal_count=128190 100059 28131 68492 14858 14826 11811 42422 37486 4936 37420 26070 24127 5105 19022 9638 31567 18212 5212 1050 9047 13355 13181 1943 14472 3693 1033 12774 10533 8924
cat_boundaries=0 1 2 3 4 5 6 7 8 9 10 11 12 13
cat_threshold=158276234 138678272 2248179713 16842752 3089 1029 65536 12 262144 10 134217728 8 2621442
is_linear=0
shrinkage=0.06


Tree=46
num_leaves=31
num_cat=14
split_feature=0 0 0 0 3 5 5 5 5 1 5 5 0 5 5 2 0 5 2 5 5 4 1 2 0 5 2 5 2 5
split_gain=96.4012 24.046 11.3067 6.91372 5.72158 4.00909 3.13816 2.83451 2.21772 1.65497 1.64076 1.93421 2.88719 1.56128 1.49539 1.31297 1.38273 1.66693 1.20549 1.14532 1.02302 0.976299 0.968624 0.901626 0.959252 0.861867 1.2941 0.941381 0.970514 1.13196
threshold=0 1 2 3 2.5000000000000004 0.0035000001080334191 0.27349999547004705 0.70350000262260448 0.0015000000712461772 4 0.004500000039115549 0.0075000002980232247 5 0.55149999260902416 0.0065000001341104516 6 7 0.0025000000605359678 8 0.0065000001341104516 0.0015000000712461772 0.21049999445676806 9 10 11 0.0054999999701976785 12 0.012500000186264517 13 0.09549999982118608
decision_type=9 9 9 9 2 2 2 2 2 9 2 2 9 2 2 1 9 2 1 2 2 2 9 1 9 2 1 2 1 2
left_child=1 15 4 10 5 -2 14 8 -5 23 20 12 21 -13 -7 16 17 -1 -16 -14 -3 -12 -9 -10 25 26 -25 -27 -29 -30
right_child=2 3 -4 7 -6 6 -8 22 9 -11 11 13 19 -15 18 -17 -18 -19 -20 -21 -22 -23 -24 24 -26 27 -28 28 29 -31
leaf_value=0.019130399150290352 -0.20458042159758963 -0.050122077161599277 1.6109487646007348 -0.034344873398568163 0.64668407556444352 -0.0053995542354306281 0.29862113783734795 0.1529608997180319 0.076120485874962812 0.00495382256486395 0.17813758263363857 0.046001961332695136 -0.019708491462712335 0.13792861214584681 0.13548559582473518 -0.0085525149112772262 -0.0058048765377152894 -0.00089784500639055408 0.061369944414428515 0.048684076379973608 0.0051767711310534885 0.14723756380904227 0.025925605118404412 0.0061546536729747657 -0.0019565344310216322 0.078746906710788239 -0.035719630309733262 0.049071826914479269 -0.0092653845892463026 0.03775939168610553
leaf_weight=796 32 23 13273 66 3015 591 2173 1104 1749 24537 2069 17400 637 1622 6599 13355 13000 4416 2448 413 1920 1986 1562 1368 2380 2807 241 2960 2248 1400
leaf_count=796 32 23 13273 66 3015 591 2173 1104 1749 24537 2069 17400 637 1622 6599 13355 13000 4416 2448 413 1920 1986 1562 1368 2380 2807 241 2960 2248 1400
internal_value=0.00146689 0.00059413 0.00456935 0.00122554 0.00342534 0.00283357 0.00289103 0.000752545 0.000625717 0.000643991 0.00199463 0.00213048 0.00316748 0.00185217 0.00242664 -0.000775818 -0.000443859 0.000381463 0.00261766 0.000339623 0.000318065 0.0038893 0.00264666 0.00113685 0.000967944 0.00120392 -7.83093e-05 0.00142432 0.00103329 0.000373975
internal_weight=128190 100059 28131 68492 14858 11843 11811 42422 39756 39690 26070 24127 5105 19022 9638 31567 18212 5212 9047 1050 1943 4055 2666 15153 13404 11024 1609 9415 6608 3648
internal_count=128190 100059 28131 68492 14858 11843 11811 42422 39756 39690 26070 24127 5105 19022 9638 31567 18212 5212 9047 1050 1943 4055 2666 15153 13404 11024 1609 9415 6608 3648
cat_boundaries=0 1 2 3 4 5 6 7 8 9 10 11 12 13 14
cat_threshold=158276234 138678272 2248179713 16842752 1029 65536 12 262144 10 3077 8 2621442 5 2
is_linear=0
shrinkage=0.06


Tree=47
num_leaves=31
num_cat=11
split_feature=0 0 0 0 5 3 5 5 5 5 5 0 5 0 5 1 0 1 4 5 5 5 5 5 5 2 5 5 0 5
split_gain=93.3271 22.0297 11.6089 6.80179 5.20973 4.84048 2.8859 2.68615 2.20184 1.54757 2.04282 2.49796 1.53673 1.50715 2.12036 1.35624 1.22833 1.21831 1.07497 1.02302 0.991316 0.985607 0.880545 0.758565 0.885201 1.21416 0.95645 0.908193 1.77342 1.38586
threshold=0 1 2 3 0.0035000001080334191 2.5000000000000004 0.35150000452995306 0.67350000143051159 0.0015000000712461772 0.004500000039115549 0.0075000002980232247 4 0.55149999260902416 5 0.0065000001341104516 6 7 8 0.21049999445676806 0.0015000000712461772 0.0065000001341104516 0.004500000039115549 0.021499999798834327 0.0025000000605359678 0.01350000035017729 9 0.10750000178813936 0.0054999999701976785 10 0.0035000001080334191
decision_type=9 9 9 9 2 2 2 2 2 2 2 9 2 9 2 9 9 9 2 2 2 2 2 2 2 1 2 2 9 2
left_child=1 16 4 9 -2 6 13 8 -5 19 11 18 -12 -6 21 23 22 -9 -11 -3 -13 -15 -1 -10 27 -26 -27 28 -25 -30
right_child=2 3 -4 7 5 -7 -8 17 15 10 12 20 -14 14 -16 -17 -18 -19 -20 -21 -22 -23 -24 24 25 26 -28 -29 29 -31
leaf_value=0.0065903663749878457 -0.27175791842925023 -0.047114752531903288 2.1521517418687113 -0.032284180994654049 0.063238271530150797 0.60788303103057684 0.34987843708437005 0.022677611530358355 -0.023090878707931573 0.16744932767562026 0.043241843652733397 -0.018525981974949621 0.12965289541709607 0.22597164883750492 0.1897302593171033 0.004647773616961207 -0.0066551796988879924 0.12245993165595115 0.13840330998049971 0.0048661648631902104 0.045763031797175162 -0.13433069097732564 -0.0081582207041504939 0.050529128550872902 0.036534905941454622 -0.010836618419510273 0.03024121720350869 0.069032359505923527 -0.079354901874957612 0.00039784734557539041
leaf_weight=4140 35 23 12340 66 5718 3015 1835 1540 176 2069 17400 637 1622 25 5069 24414 23824 1316 1986 1920 413 94 3603 456 4918 2677 1575 3862 87 1335
leaf_count=4140 35 23 12340 66 5718 3015 1835 1540 176 2069 17400 637 1622 25 5069 24414 23824 1316 1986 1920 413 94 3603 456 4918 2677 1575 3862 87 1335
internal_value=0.00143787 0.000579141 0.00449046 0.0011835 0.00340649 0.00346002 0.00294843 0.000714367 0.000586261 0.00194632 0.00207825 0.00314398 0.00179224 0.00257803 0.00332205 0.000604557 -0.000732115 0.0024916 0.0038155 0.000318065 0.000509434 -0.00458823 -7.50675e-05 0.00105167 0.00109859 0.000732825 -1.12621e-05 0.00168293 0.000600639 -0.000452514
internal_weight=128190 100059 28131 68492 15791 15756 12741 42422 39566 26070 24127 5105 19022 10906 5188 39500 31567 2856 4055 1943 1050 119 7743 15086 14910 9170 4252 5740 1878 1422
internal_count=128190 100059 28131 68492 15791 15756 12741 42422 39566 26070 24127 5105 19022 10906 5188 39500 31567 2856 4055 1943 1050 119 7743 15086 14910 9170 4252 5740 1878 1422
cat_boundaries=0 1 2 3 4 5 6 7 8 9 10 11
cat_threshold=158276234 138678272 2248179729 16842752 65536 100663296 1029 4456448 288 10 2097664
is_linear=0
shrinkage=0.06


Tree=48
num_leaves=31
num_cat=12
split_feature=0 0 0 0 3 5 5 5 5 2 1 1 5 5 5 5 5 2 0 4 2 5 0 5 6 4 4 2 5 5
split_gain=89.9122 19.2287 11.9883 6.18668 5.56159 3.26381 2.78042 2.44923 2.18599 1.51497 1.35451 1.27216 1.22088 1.13926 2.42713 1.12517 1.12281 1.11293 1.0516 0.896844 1.91016 1.69539 0.819808 2.45338 0.849066 0.805424 0.801473 0.790911 1.45518 1.20359
threshold=0 1 2 3 2.5000000000000004 0.0035000001080334191 0.26350000500679022 0.639499992132187 0.0015000000712461772 4 5 6 0.55149999260902416 0.0075000002980232247 0.004500000039115549 0.0065000001341104516 0.0015000000712461772 7 8 0.29350000619888311 9 0.004500000039115549 10 0.0065000001341104516 18.500000000000004 0.14350000023841861 0.80349999666214 11 0.0025000000605359678 0.0025000000605359678
decision_type=9 9 9 9 2 2 2 2 2 1 9 9 2 2 2 2 2 1 9 2 1 2 9 2 2 2 2 1 2 2
left_child=1 18 4 9 5 -2 15 8 -5 12 -10 -9 13 14 -3 19 -11 -17 27 20 -7 -22 23 24 -4 -16 -12 28 -1 -29
right_child=2 3 22 7 -6 6 -8 11 10 16 26 -13 -14 -15 25 17 -18 -19 -20 -21 21 -23 -24 -25 -26 -27 -28 29 -30 -31
leaf_value=0.016747134007004866 -0.1760001211959791 0.0067039114392727439 -0.071277483197677322 -0.03034713013497483 0.57141004916874238 0.0076855229800174328 0.26101153136510807 0.021450170563044893 0.022826361729960016 -0.044287867379989049 0.0037517805343003918 0.11460404416375584 0.14256327516937478 0.04724441432199377 0.149602418369087 0.11961880646032262 0.022515955318504054 0.053310856703258053 -0.0062558689169547087 0.068847097666022844 0.13688911783420407 -0.20328577785936019 3.3484824194131262 0.60962767174512933 -0.13955742121716497 0.11247743970579376 0.079944784117456466 -0.02166327386627491 -0.0012393962885064269 -0.0058042501815985682
leaf_weight=812 32 1526 97 66 3015 302 2249 1704 15016 23 24122 1406 1179 13444 1370 6547 5546 2424 23824 188 36 65 10177 2979 20 2982 108 219 4670 2042
leaf_count=812 32 1526 97 66 3015 302 2249 1704 15016 23 24122 1406 1179 13444 1370 6547 5546 2424 23824 188 36 65 10177 2979 20 2982 108 219 4670 2042
internal_value=0.00140042 0.000557555 0.00439665 0.00112219 0.00321953 0.00263599 0.00268783 0.000674774 0.000546704 0.00184969 0.000565051 0.00229582 0.00208893 0.00197557 0.00267234 0.00224137 0.00096684 0.00240843 -0.000667511 -0.000294416 -0.00189082 -0.00859459 0.00571091 0.00476368 -0.00374359 0.0033943 0.000287129 -5.95896e-05 0.000329935 -0.00100132
internal_weight=128190 100059 28131 68492 14858 11843 11811 42422 39312 26070 39246 3110 20501 19322 5878 9562 5569 8971 31567 591 403 101 13273 3096 117 4352 24230 7743 5482 2261
internal_count=128190 100059 28131 68492 14858 11843 11811 42422 39312 26070 39246 3110 20501 19322 5878 9562 5569 8971 31567 591 403 101 13273 3096 117 4352 24230 7743 5482 2261
cat_boundaries=0 1 2 3 4 5 6 7 8 9 10 11 12
cat_threshold=158276234 138678272 2248179713 16842752 6 1029 288 10 4456448 2 272 12
is_linear=0
shrinkage=0.06


Tree=49
num_leaves=31
num_cat=12
split_feature=0 0 0 3 0 5 5 5 5 5 2 1 2 0 5 2 1 4 5 0 1 4 5 5 5 5 5 6 3 5
split_gain=88.8544 17.4325 12.4862 5.45744 5.45049 4.17103 2.75939 2.33931 1.62681 2.31706 2.13298 1.71805 2.01178 1.52967 1.57183 1.49853 1.39227 1.38538 1.30677 1.30528 1.23095 1.19151 0.954703 0.938964 1.1105 0.926871 0.871389 1.03387 0.835454 0.733641
threshold=0 1 2 2.5000000000000004 3 0.0035000001080334191 0.26350000500679022 0.67350000143051159 0.0025000000605359678 0.0035000001080334191 4 5 6 7 0.0084999999962747114 8 9 0.16350000351667407 0.5834999978542329 10 11 0.13949999958276751 0.0224999999627471 0.004500000039115549 0.0065000001341104516 0.0054999999701976785 0.072499997913837447 8.5000000000000018 1.5000000000000002 0.36149999499320989
decision_type=9 9 9 2 9 2 2 2 2 2 1 9 1 9 2 1 9 2 2 9 9 2 2 2 2 2 2 2 2 2
left_child=1 19 3 5 15 -2 13 8 -6 11 -11 -10 -13 28 -15 18 -12 -14 21 29 -9 23 -21 -3 -25 -17 27 -18 -7 -1
right_child=2 4 -4 -5 7 6 -8 20 9 10 16 12 17 14 -16 25 26 -19 -20 22 -22 -23 -24 24 -26 -27 -28 -29 -30 -31
leaf_value=-0.0064898427334405357 -0.24489243605173633 0.0049342698919239798 1.9697050520771684 0.53712544621861791 -0.0096493163291471624 0.025381742430453259 0.25914465776657125 0.14781997508373831 0.051012229886491338 0.064217683838381098 0.025445808742247111 0.058601475682568474 -0.074579483987156817 -0.012051687483471078 0.18922264219809873 -0.020606148881352707 0.027555139903633678 -0.017043744595211234 0.13186756533283067 0.0063608601016854564 0.020454465820990843 0.043916598954869795 -0.0069390012778929424 0.14272620782553347 0.068794354545458222 0.025828266884961124 0.008952632402132522 -0.0037628178959485383 0.12629492822938629 0.0012327296903781161
leaf_weight=21473 35 504 12340 3015 1285 3266 2446 1066 897 2244 9722 226 30 427 4881 676 681 205 1094 5161 1678 16445 4455 1046 1412 4893 9115 13400 1721 2351
leaf_count=21473 35 504 12340 3015 1285 3266 2446 1066 897 2244 9722 226 30 427 4881 676 681 205 1094 5161 1678 16445 4455 1046 1412 4893 9115 13400 1721 2351
internal_value=0.00136906 0.000531174 0.00434761 0.00322423 0.00109223 0.00268441 0.00274123 0.000656673 0.000534057 0.000607886 0.000513964 0.00303976 1.27391e-05 0.00231083 0.00302144 0.00176917 0.0003914 -0.00379592 0.00200702 -0.000586547 0.0023484 0.00189427 3.74009e-06 0.00300203 0.00348576 0.000891558 0.000138585 -0.000157233 0.00154533 -0.000824704
internal_weight=128190 100059 28131 15791 66619 12776 12741 40549 37805 36520 35162 1358 461 10295 5308 26070 32918 235 20501 33440 2744 19407 9616 2962 2458 5569 23196 14081 4987 23824
internal_count=128190 100059 28131 15791 66619 12776 12741 40549 37805 36520 35162 1358 461 10295 5308 26070 32918 235 20501 33440 2744 19407 9616 2962 2458 5569 23196 14081 4987 23824
cat_boundaries=0 1 2 3 4 5 6 7 8 9 10 11 12
cat_threshold=158276234 140775432 2248179729 16842752 8 288 4 67108864 6 3073 134221824 3077
is_linear=0
shrinkage=0.06


Tree=50
num_leaves=31
num_cat=14
split_feature=0 0 0 5 0 3 0 5 2 4 5 5 6 4 5 5 5 2 1 2 5 5 0 1 1 2 6 4 5 2
split_gain=83.8995 15.5975 13.988 5.96568 5.03858 3.85979 3.31531 2.26892 2.13896 3.31658 2.54639 2.12832 2.03054 1.49761 1.69886 1.42933 2.48562 1.81113 1.61854 1.88672 1.4223 1.3492 1.15891 1.14531 1.07719 1.03787 1.02612 1.01304 0.958045 2.33437
threshold=0 1 2 0.0065000001341104516 3 2.5000000000000004 4 0.67350000143051159 5 0.24749999493360522 0.004500000039115549 0.46050000190734869 11.500000000000002 0.12949999421834948 0.004500000039115549 0.0025000000605359678 0.0035000001080334191 6 7 8 0.01049999985843897 0.55149999260902416 9 10 11 12 13.500000000000002 0.16350000351667407 0.0054999999701976785 13
decision_type=9 9 9 2 9 2 9 2 1 2 2 2 2 2 2 2 2 1 9 1 2 2 9 9 9 1 2 2 2 1
left_child=1 22 3 8 13 6 -5 15 -2 10 -10 -8 -12 14 -3 -6 18 -18 -17 -20 26 25 -1 28 -9 -15 -7 -21 29 -19
right_child=2 4 -4 5 7 20 11 24 9 -11 12 -13 -14 21 -16 16 17 23 19 27 -22 -23 -24 -25 -26 -27 -28 -29 -30 -31
leaf_value=-0.0054944331466937769 0.012271503640688105 0.00030447606798148283 3.0293911711237089 0.38027518062483218 -0.0090703573493983222 -0.080462154129282051 0.07575876401205256 0.13895077657871402 -0.055393752887183526 -0.042427751101293425 -0.11984202869927164 0.30811341401187087 -0.30724697519875699 0.041186848696090517 0.11640268794342162 0.047951496093301814 0.060364622808078229 0.0041922781887969275 0.055085387141614373 -0.070104714947927457 0.53849801489617988 0.11112099478501641 1.7824722012993796e-05 0.0017560912108607154 0.019227197871731352 0.015278593760047058 0.16871782034591576 -0.016021119919498616 0.034244486145041393 -0.049048545350341519
leaf_weight=23824 426 566 10177 4229 1285 39 8897 1066 48 178 51 1073 42 16659 2520 897 2244 996 226 30 2921 1622 9616 23196 1678 4703 50 205 8612 114
leaf_count=23824 426 566 10177 4229 1285 39 8897 1066 48 178 51 1073 42 16659 2520 897 2244 996 226 30 2921 1622 9616 23196 1678 4703 50 205 8612 114
internal_value=0.00131898 0.000504792 0.00421328 0.00320107 0.0010355 0.00343041 0.00301669 0.000616731 -0.00205369 -0.00567173 -0.0127234 0.00241082 -0.0185161 0.00168635 0.00292806 0.000495966 0.00056517 0.000467892 0.00308395 0.000140128 0.00538206 0.00152036 -0.000552466 0.000354956 0.0022828 0.00139369 -0.00208989 -0.00355102 0.000901357 -0.000756757
internal_weight=128190 100059 28131 17954 66619 17209 14199 40549 745 319 141 9970 93 26070 3086 37805 36520 35162 1358 461 3010 22984 33440 32918 2744 21362 89 235 9722 1110
internal_count=128190 100059 28131 17954 66619 17209 14199 40549 745 319 141 9970 93 26070 3086 37805 36520 35162 1358 461 3010 22984 33440 32918 2744 21362 89 235 9722 1110
cat_boundaries=0 1 2 3 4 5 6 7 8 9 10 11 12 13 14
cat_threshold=158276234 140775432 2248179985 16842752 2147483920 2 8 288 4 134221824 3073 3077 6 5
is_linear=0
shrinkage=0.06


Tree=51
num_leaves=31
num_cat=11
split_feature=0 0 0 5 1 3 0 5 0 5 2 5 4 5 2 4 5 6 4 5 4 5 5 2 6 2 5 6 0 5
split_gain=81.6389 15.1602 13.7817 5.71056 4.92288 3.7772 3.32647 2.96451 2.68828 2.3057 4.29861 4.184 2.60515 2.28872 1.92954 3.09141 2.35695 1.71795 1.69722 1.44947 1.44411 1.36967 1.34683 1.1936 1.02612 0.99729 6.72353 1.44514 0.993371 0.915157
threshold=0 1 2 0.0065000001341104516 3 2.5000000000000004 4 0.10150000080466272 5 0.004500000039115549 6 0.0084999999962747114 0.21249999850988391 0.46050000190734869 7 0.24749999493360522 0.004500000039115549 11.500000000000002 0.15949999541044238 0.0015000000712461772 0.71349999308586132 0.01049999985843897 0.59950000047683727 8 13.500000000000002 9 0.0054999999701976785 15.500000000000002 10 0.0224999999627471
decision_type=9 9 9 2 9 2 9 2 9 2 1 2 2 2 1 2 2 2 2 2 2 2 2 1 2 1 2 2 9 2
left_child=2 3 28 14 9 6 -5 19 -9 10 12 25 18 23 -2 16 -16 -18 -4 -6 -21 24 -13 -8 -7 26 27 -11 -1 -30
right_child=1 -3 4 5 7 21 13 8 -10 11 -12 22 -14 -15 15 -17 17 -19 -20 20 -22 -23 -24 -25 -26 -27 -28 -29 29 -31
leaf_value=-0.0051647671578921263 0.011535213422246801 2.8476277008562865 -0.1149647017530053 0.28903736478892916 -0.025459826108307909 -0.075634424881525317 0.085780111703074813 0.048246108657820579 0.010996532623722483 -0.09811877810291221 0.0044862443525346034 0.039223289985091385 -0.025707846346976336 0.28369551114533248 -0.052070127713952474 -0.039882086035215834 -0.11265150697731539 -0.28881215668683147 -0.20046313996493353 0.0059496910908882934 -0.093312624966484611 0.50618813400240925 0.16618839079665307 0.017451609199435811 0.15859475112516064 0.13234435020704829 0.12773023763292718 -0.0065536945121918676 0.0059781390122635785 -0.0065237306845401764
leaf_weight=23824 426 10177 41 5435 84 39 5990 6032 9158 53 1461 12318 71 960 48 178 51 42 21 30770 38 2921 1165 1814 50 5094 292 21 5161 4455
leaf_count=23824 426 10177 41 5435 84 39 5990 6032 9158 53 1461 12318 71 960 48 178 51 42 21 30770 38 2921 1165 1814 50 5094 292 21 5161 4455
internal_value=0.00128575 0.00414079 0.000482607 0.00308751 0.000981465 0.00331187 0.0029026 0.000636814 0.00132324 0.00175412 -0.000436637 0.0019394 -0.0103636 0.0021705 -0.00205369 -0.00548936 -0.0122979 -0.017871 -0.020129 0.000299495 0.000320956 0.00524253 0.00137195 0.00183291 -0.00208989 0.00334066 0.000255319 -0.0158919 -0.000511211 3.74009e-06
internal_weight=128190 28131 100059 17954 66619 17209 14199 46082 15190 20537 1594 18943 133 8764 745 319 141 93 62 30892 30808 3010 13483 7804 89 5460 366 74 33440 9616
internal_count=128190 28131 100059 17954 66619 17209 14199 46082 15190 20537 1594 18943 133 8764 745 319 141 93 62 30892 30808 3010 13483 7804 89 5460 366 74 33440 9616
cat_boundaries=0 1 2 3 4 5 6 7 8 9 10 11
cat_threshold=158276234 2248179985 140775432 10241 2147516688 16908290 3 2 10 2 134221824
is_linear=0
shrinkage=0.06


Tree=52
num_leaves=31
num_cat=10
split_feature=0 0 0 1 3 5 0 5 0 5 5 5 2 4 5 5 4 6 4 5 5 6 4 2 5 0 3 4 0 5
split_gain=79.0018 16.3423 12.7559 4.85547 4.8064 4.03927 3.38339 2.82699 2.54762 2.39374 2.00484 4.33786 3.3632 1.78402 1.66874 1.44233 1.4393 1.34337 1.31797 1.28517 1.25495 1.10491 0.993564 0.977574 6.05736 0.95026 1.18975 0.915411 0.847198 0.841327
threshold=0 1 2 3 2.5000000000000004 0.0065000001341104516 4 0.10150000080466272 5 0.44650000333786016 0.004500000039115549 0.0084999999962747114 6 0.21249999850988391 0.0035000001080334191 0.0015000000712461772 0.71349999308586132 13.500000000000002 0.26449999213218695 0.59950000047683727 0.01049999985843897 13.500000000000002 0.30349999666213995 7 0.0084999999962747114 8 1.5000000000000002 0.15949999541044238 9 0.0224999999627471
decision_type=9 9 9 9 2 2 9 2 9 2 2 2 1 2 2 2 2 2 2 2 2 2 2 1 2 9 2 2 9 2
left_child=2 4 28 10 5 14 23 15 -9 25 12 22 13 -4 -2 -5 -17 -16 -19 -13 21 -6 -12 24 -7 -8 -27 -28 -1 -30
right_child=1 -3 3 7 20 6 9 8 -10 -11 11 19 -14 -15 17 16 -18 18 -20 -21 -22 -23 -24 -25 -26 26 27 -29 29 -31
leaf_value=-0.0048548811284185762 -0.22435475417217918 2.6767700388049089 -0.15564673827058989 -0.023932236541809492 -0.071096359388633623 -0.43438339402406739 0.12009902404465672 0.045351342138351312 0.010336740666299081 0.26375507675219567 0.12433781442146752 0.036869892585985879 0.0042170696913825245 -0.024165375566157818 0.0069403498145859995 0.0055927096254350774 -0.087713867468495521 -0.14845965924674986 0.011009971031393319 0.15621708734885395 0.47581684596226481 0.065836418120956919 0.088222367514558572 0.4175164824474078 0.2136055403744869 0.01672630913107355 -0.019770995913002107 0.13390508980604393 0.0056194506715277542 -0.0061323068434677745
leaf_weight=23824 35 10177 62 84 39 30 3467 6032 9158 1120 3997 12318 1461 71 510 30770 38 111 84 1165 2921 55 1463 3139 1060 3483 99 1801 5161 4455
leaf_count=23824 35 10177 62 84 39 30 3467 6032 9158 1120 3997 12318 1461 71 510 30770 38 111 84 1165 2921 55 1463 3139 1060 3483 99 1801 5161 4455
internal_value=0.00126188 0.00407043 0.000471815 0.000951748 0.00297729 0.00253792 0.00276315 0.000609477 0.00127979 0.0021523 0.00171908 0.00189189 -0.000323714 -0.00910489 -0.00178378 0.000280073 0.00030148 -0.00114894 -0.00538462 0.0013141 0.00516418 -0.00165957 0.00331868 0.00418825 0.00256364 0.00182373 0.00131615 0.00252632 -0.000484305 -8.72614e-06
internal_weight=128190 28131 100059 66619 17954 14939 14199 46082 15190 9970 20537 18943 1594 133 740 30892 30808 705 195 13483 3015 94 5460 4229 1090 8850 5383 1900 33440 9616
internal_count=128190 28131 100059 66619 17954 14939 14199 46082 15190 9970 20537 18943 1594 133 740 30892 30808 705 195 13483 3015 94 5460 4229 1090 8850 5383 1900 33440 9616
cat_boundaries=0 1 2 3 4 5 6 7 8 9 10
cat_threshold=158276234 2248179985 140775432 10241 2147483920 16908290 3 1 32769 134221824
is_linear=0
shrinkage=0.06


Tree=53
num_leaves=31
num_cat=12
split_feature=0 0 0 5 1 5 5 2 5 3 5 5 2 2 5 6 4 5 0 0 5 0 6 4 0 5 2 4 5 6
split_gain=76.7308 17.398 11.1615 4.62082 4.55095 3.44875 2.85925 2.69339 2.24146 2.16229 1.77194 3.96267 3.07686 2.40671 5.27495 2.0141 1.79518 1.70301 1.61856 1.45674 1.90429 3.4601 1.44514 1.15925 1.1341 1.09147 1.07555 2.321 2.08847 1.37634
threshold=0 1 2 0.20949999988079074 3 0.0065000001341104516 0.0015000000712461772 4 0.43349999189376837 2.5000000000000004 0.004500000039115549 0.0075000002980232247 5 6 0.0054999999701976785 13.500000000000002 0.21249999850988391 0.0035000001080334191 7 8 0.0094999996945261973 9 15.500000000000002 0.25049999356269842 10 0.61550000309944164 11 0.24749999493360522 0.004500000039115549 14.500000000000002
decision_type=9 9 9 2 9 2 2 1 2 2 2 2 1 1 2 2 2 2 9 9 2 9 2 2 9 2 1 2 2 2
left_child=2 3 -1 5 10 17 -6 -7 24 19 12 13 15 14 22 -4 -17 -2 -10 -9 21 -21 -12 -15 -8 -13 -19 28 -28 -30
right_child=1 -3 4 -5 6 7 8 9 18 -11 11 25 -14 23 -16 16 -18 26 -20 20 -22 -23 -24 -25 -26 -27 27 -29 29 -31
leaf_value=-0.0038231965757390485 -0.21089346892184846 2.5161638364766148 -0.00084334118577244902 0.26909490918805645 -0.025766108762768993 0.57839287541974838 0.020269370712558583 0.033862829336502656 0.086487612648984954 0.29048774855091608 -0.099258534751236013 0.037897435801554302 0.0039640455098995967 0.12978657901125429 0.056700494448867142 -0.15488797335901558 -0.04660106188884889 0.024176617309147944 0.016502265162755183 -0.17701482425981843 0.16200071126604204 0.064641414938537395 -0.013620741706748304 0.10353014141190305 0.0039051402532947342 0.14934897678580514 0.15048462652085598 0.021741324082975959 -0.091196062551195889 -0.26695944945619032
leaf_weight=32278 35 10177 55 4482 89 1357 10096 4211 1930 1648 53 13141 1461 2635 195 45 33 418 3484 199 4953 359 21 1765 31645 1133 41 158 62 31
leaf_count=32278 35 10177 55 4482 89 1357 10096 4211 1930 1648 53 13141 1461 2635 195 45 33 418 3484 199 4953 359 21 1765 31645 1133 41 158 62 31
internal_value=0.00123005 0.00399794 0.000451429 0.00287041 0.000888702 0.00231681 0.00056427 0.00254907 0.000584668 0.00224077 0.0016344 0.00179686 -0.000286073 0.0033142 -0.00217204 -0.00868531 -0.0155385 -0.00165101 0.00173328 0.00190208 0.0025441 -0.000774193 -0.0158919 0.00364626 0.000435687 0.00130055 -0.00101408 -0.0037351 -0.00967164 -0.0146452
internal_weight=128190 28131 100059 17954 67781 13472 47244 12727 47155 11370 20537 18943 1594 4669 269 133 78 745 5414 9722 5511 558 74 4400 41741 14274 710 292 134 93
internal_count=128190 28131 100059 17954 67781 13472 47244 12727 47155 11370 20537 18943 1594 4669 269 133 78 745 5414 9722 5511 558 74 4400 41741 14274 710 292 134 93
cat_boundaries=0 1 2 3 4 5 6 7 8 9 10 11 12
cat_threshold=158276234 2248179985 138678280 10241 4 3 2 16777218 67108864 2147516672 16777216 2
is_linear=0
shrinkage=0.06


Tree=54
num_leaves=31
num_cat=13
split_feature=0 0 3 0 5 0 5 1 2 5 2 5 5 2 0 5 4 0 5 6 5 5 5 2 0 5 4 5 5 2
split_gain=75.7828 22.5467 9.05079 4.49826 3.23453 2.59065 3.20469 1.94012 1.51823 1.19708 1.17978 1.14576 1.51756 2.87073 1.577 5.73045 1.26811 1.22836 1.11869 1.10491 1.06999 0.967629 1.43462 0.958969 0.915385 1.09385 0.818068 0.794284 1.27366 1.5793
threshold=0 1 2.5000000000000004 2 0.44050000607967382 3 0.0065000001341104516 4 5 0.01049999985843897 6 0.004500000039115549 0.0075000002980232247 7 8 0.0054999999701976785 0.21049999445676806 9 0.3145000040531159 13.500000000000002 0.0015000000712461772 0.0075000002980232247 0.12750000506639483 10 11 0.004500000039115549 0.70949998497962963 0.01350000035017729 0.0054999999701976785 12
decision_type=9 9 2 9 2 9 2 9 1 2 1 2 2 1 9 2 2 9 2 2 2 2 2 1 9 2 2 2 2 1
left_child=5 2 4 -3 8 6 -1 18 -2 19 -6 23 13 16 -15 -16 -13 -14 27 -4 -9 24 26 -10 25 -22 -23 28 29 -5
right_child=1 3 9 7 10 -7 -8 20 11 -11 -12 12 17 14 15 -17 -18 -19 -20 -21 21 22 -24 -25 -26 -27 -28 -29 -30 -31
leaf_value=-0.18541823691903123 0.017253167271074617 -0.0043341964661691252 -0.084259842738370588 0.038175165851577403 0.15738458085415133 2.3609486618480089 0.42365534997862092 -0.01324757002896754 0.0040827398776043635 0.42983857587646718 0.062812754797507475 0.12513109978426479 0.13305697324126314 0.025856510607885717 -0.20009313112143748 -0.0049150941318115834 0.10103830176066844 0.036031151825641171 0.1227223029014026 0.060581753588720914 0.011925396810877408 -0.0012715556163096409 0.010018640430202622 -0.070569008112034981 0.014460956247446652 -0.027564873141422259 -0.044103434047690446 0.011980555155929141 0.1410617852768159 -0.02893136545805497
leaf_weight=117 7837 23824 39 155 2079 10149 2979 320 1439 2921 1323 1848 3611 982 23 167 1937 16506 1232 55 674 21995 11769 161 8654 569 140 3228 1314 143
leaf_count=117 7837 23824 39 155 2079 10149 2979 320 1439 2921 1323 1848 3611 982 23 167 1937 16506 1232 55 674 21995 11769 161 8654 569 140 3228 1314 143
internal_value=0.00120618 0.000710626 0.00184054 8.56717e-05 0.00158938 0.00550207 0.00393303 0.000407904 0.00141537 0.00500498 0.0033545 0.00163109 0.00173104 0.00267137 6.09139e-05 -0.0048 0.00347036 0.00149933 0.00141269 -0.00165957 0.000269335 0.000294651 0.000142284 7.50002e-05 0.000816611 -0.00070391 -0.000142308 0.00100413 0.00209181 -0.00144966
internal_weight=128190 114945 40928 74017 37913 13245 3096 50193 34511 3015 3402 26674 25074 4957 1172 190 3785 20117 6072 94 44121 43801 33904 1600 9897 1243 22135 4840 1612 298
internal_count=128190 114945 40928 74017 37913 13245 3096 50193 34511 3015 3402 26674 25074 4957 1172 190 3785 20117 6072 94 44121 43801 33904 1600 9897 1243 22135 4840 1612 298
cat_boundaries=0 1 2 3 4 5 6 7 8 9 10 11 12 13
cat_threshold=1880122740 2265022465 134221824 272 1 1 10 4 83886080 2147516417 4 4325376 1
is_linear=0
shrinkage=0.06


Tree=55
num_leaves=31
num_cat=13
split_feature=0 0 3 0 5 0 5 5 5 2 5 5 1 2 1 5 5 4 6 2 5 2 5 1 4 2 6 5 5 2
split_gain=74.9697 21.0732 9.06149 3.95395 3.2235 2.90326 2.79219 2.24773 1.64239 1.54029 1.21959 2.30249 2.3054 2.04958 1.52009 1.17573 1.1412 1.36728 1.10491 0.991781 0.977454 0.859309 0.845161 0.836769 0.820259 0.80714 0.759496 0.796883 0.747147 2.01147
threshold=0 1 2.5000000000000004 2 0.77349999547004711 3 0.0065000001341104516 0.0015000000712461772 0.73149999976158153 4 0.0025000000605359678 0.0035000001080334191 5 6 7 0.01049999985843897 0.004500000039115549 0.10750000178813936 13.500000000000002 8 0.29649999737739569 9 0.071499999612569823 10 0.25650000572204595 11 8.5000000000000018 0.0015000000712461772 0.0075000002980232247 12
decision_type=9 9 2 9 2 9 2 2 2 1 2 2 9 1 9 2 2 2 2 1 2 1 2 9 2 1 2 2 2 1
left_child=5 2 4 21 9 6 -1 -5 10 26 -9 12 -12 -14 22 18 25 -18 -4 24 28 -3 -13 -10 -16 -11 -2 -28 29 -19
right_child=1 3 15 7 -6 -7 -8 8 23 16 11 14 13 -15 19 -17 17 20 -20 -21 -22 -23 -24 -25 -26 -27 27 -29 -30 -31
leaf_value=-0.17429314270388918 0.062943146668146613 -0.0011316273011875565 -0.079204252174068443 -0.021968967962011639 0.19975260833314451 2.2192917421371279 0.39823602897990351 -0.0087383887308002828 0.016590648124543143 0.003837775484948177 0.038479885274033274 -0.0058416102850991237 0.15803584785067351 -0.028492763191073637 0.054112294095698392 0.40404826132387917 0.090782466825577904 0.10383617188884699 0.05694684837339764 0.007000058226919543 0.088401783888839347 -0.005904923582430003 0.0054788247829445115 0.095884538081988421 0.023014384726487196 -0.066334867625312904 -0.041556658316327454 0.013882755448657358 0.040279193515441278 -0.00084125132560945704
leaf_weight=117 676 17942 39 70 1411 10149 2979 1403 1508 1439 1214 9561 127 263 1612 2921 1811 2916 55 11542 2560 13285 7876 979 6635 161 21 7623 18279 1016
leaf_count=117 676 17942 39 70 1411 10149 2979 1403 1508 1439 1214 9561 127 263 1612 2921 1811 2916 55 11542 2560 13285 7876 979 6635 161 21 7623 18279 1016
internal_value=0.0011795 0.000686617 0.00177898 8.24296e-05 0.00152766 0.00545228 0.00379781 0.00045701 0.000474719 0.00141888 0.000382224 0.000445017 0.00267082 -0.00135 0.000349111 0.00494527 0.00163068 0.00172493 -0.00165957 0.000708824 0.00160857 -0.000430835 -5.94942e-05 0.00197105 0.00121134 7.50002e-05 0.00069868 0.000529043 0.00148062 0.00223093
internal_weight=128190 114945 40928 74017 37913 13245 3096 42790 42720 36502 40233 38830 1604 390 37226 3015 28182 26582 94 19789 24771 31227 17437 2487 8247 1600 8320 7644 22211 3932
internal_count=128190 114945 40928 74017 37913 13245 3096 42790 42720 36502 40233 38830 1604 390 37226 3015 28182 26582 94 19789 24771 31227 17437 2487 8247 1600 8320 7644 22211 3932
cat_boundaries=0 1 2 3 4 5 6 7 8 9 10 11 12 13
cat_threshold=1880122740 2265022465 134483968 272 1 1312 4 288 10 12 2352 4 4
is_linear=0
shrinkage=0.06


Tree=56
num_leaves=31
num_cat=11
split_feature=0 0 3 0 0 5 5 1 2 5 6 5 4 0 5 2 6 2 5 5 6 6 3 5 2 5 5 0 5 5
split_gain=75.6501 19.144 9.24091 3.55905 3.12835 2.77244 2.44137 1.65048 1.45401 1.15457 1.10491 1.06232 0.930573 0.912391 1.05489 0.851291 0.858578 0.825709 0.99561 0.802282 0.77873 0.853719 0.764818 0.966655 0.733824 1.07212 0.717034 1.10874 1.32632 0.726876
threshold=0 1 2.5000000000000004 2 3 0.77349999547004711 0.0065000001341104516 4 5 0.01049999985843897 13.500000000000002 0.62350001931190502 0.11850000172853471 6 0.0075000002980232247 7 8.5000000000000018 8 0.0054999999701976785 0.17150000482797625 18.500000000000004 15.500000000000002 1.5000000000000002 0.0065000001341104516 9 0.0084999999962747114 0.0075000002980232247 10 0.004500000039115549 0.0025000000605359678
decision_type=9 9 2 9 9 2 2 9 1 2 2 2 2 9 2 1 2 1 2 2 2 2 2 2 1 2 2 9 2 2
left_child=4 2 5 -3 6 8 -1 11 -2 10 -4 20 17 14 -14 16 -9 -10 -19 26 21 -5 -15 -24 25 -8 27 28 29 -17
right_child=1 3 9 7 -6 -7 24 15 12 -11 -12 -13 13 22 -16 19 -18 18 -20 -21 -22 -23 23 -25 -26 -27 -28 -29 -30 -31
leaf_value=-0.16383555414165588 0.015681390627856468 -0.0037512425950355097 -0.074451997043624513 0.027211108599543544 2.0861342376089 0.18776745183315574 -0.30786585828984259 0.022078833955851983 0.066735550551823827 0.37980536564444639 0.053530037470993642 0.17179147047933901 -0.033391533507766649 0.02848538407278596 0.12358267475226999 -0.0072704063698152766 -0.0043577062849307745 -0.052855428735760907 0.036742911435500396 0.014779541966400821 -0.033151229318114359 0.085885526687696764 -0.031581022099588123 0.14038038714736928 0.43307950017794083 0.22604058243010261 0.00036697823335929365 0.014279660923135857 -0.033886550570339971 0.0262802013815868
leaf_weight=117 8320 23824 39 3698 10149 1411 21 953 2065 2921 55 758 114 19800 4286 360 11156 99 475 6633 445 1171 30 1313 2333 625 17811 5948 608 652
leaf_count=117 8320 23824 39 3698 10149 1411 21 953 2065 2921 55 758 114 19800 4286 360 11156 99 475 6633 445 1171 30 1313 2333 625 17811 5948 608 652
internal_value=0.00114205 0.000646949 0.00168811 7.10824e-05 0.00543418 0.00143428 0.00372054 0.000357708 0.00133341 0.00488557 -0.00165957 0.00128445 0.00153916 0.00142888 0.00221769 0.000229907 -0.000198531 0.00261235 0.000554795 0.000391981 0.000986827 0.00120641 0.00126308 0.00264929 0.00406647 0.00215854 0.000238544 0.000727801 -0.000662576 0.000664032
internal_weight=128190 114945 40928 74017 13245 37913 3096 50193 36502 3015 94 6072 28182 25543 4400 44121 12109 2639 574 32012 5314 4869 21143 1343 2979 646 25379 7568 1620 1012
internal_count=128190 114945 40928 74017 13245 37913 3096 50193 36502 3015 94 6072 28182 25543 4400 44121 12109 2639 574 32012 5314 4869 21143 1343 2979 646 25379 7568 1620 1012
cat_boundaries=0 1 2 3 4 5 6 7 8 9 10 11
cat_threshold=1880122740 2265022465 134221824 272 1 1 2181070849 1 4 1 6422528
is_linear=0
shrinkage=0.06


Tree=57
num_leaves=31
num_cat=12
split_feature=0 0 3 0 5 0 5 5 5 5 0 5 2 4 1 0 5 5 1 2 0 2 5 5 4 5 5 3 4 4
split_gain=75.4004 17.3953 7.61557 3.38315 2.69755 2.09899 4.29797 1.76153 1.73184 1.57249 1.96881 2.38138 3.27741 1.6483 1.50448 1.44564 1.26845 2.84282 1.41667 1.3632 1.26048 1.04004 1.03725 1.03328 0.914129 0.909456 0.877745 0.876529 0.809027 0.799619
threshold=0 1 2.5000000000000004 2 0.45350000262260443 3 0.0065000001341104516 0.09549999982118608 0.004500000039115549 0.004500000039115549 4 0.0065000001341104516 5 0.22350000590085986 6 7 0.0025000000605359678 0.0035000001080334191 8 9 10 11 0.0054999999701976785 0.0065000001341104516 0.16350000351667407 0.066500000655651106 0.3145000040531159 1.5000000000000002 0.47450000047683721 0.15949999541044238
decision_type=9 9 2 9 2 9 2 2 2 2 9 2 1 2 9 9 2 2 9 1 9 1 2 2 2 2 2 2 2 2
left_child=5 2 4 -3 9 6 8 -4 -1 -2 23 12 13 -12 26 -6 -16 18 -18 -20 -13 -19 -14 -11 -21 -23 -5 -25 -26 -29
right_child=1 3 7 14 15 -7 -8 -9 -10 10 11 20 22 -15 16 -17 17 21 19 24 -22 25 -24 27 28 -27 -28 29 -30 -31
leaf_value=-0.047895638669393177 -0.002560539769585726 -0.0028983557801065094 0.16951706290006754 0.028870373780341321 0.063585646459985268 2.049584458852145 0.52757940902396794 0.47521686942792013 -0.26326740267881654 -0.010528402200496991 0.09831884697124188 0.033951678778163977 -0.14231194696260949 0.085696874450276947 -0.0096968640990894861 0.26452910117645828 0.040114323722849718 -0.0040307569324042284 0.045380902965568966 -0.06154244081939083 0.1094464615862198 0.002526668753825899 -0.0063008932987225156 0.016244169668949551 -0.0032290435270894589 0.015972562307135847 0.10203451454725704 -0.029029028145601512 -0.074937412731983982 0.11322486491931498
leaf_weight=93 2133 33440 1086 4899 2028 9569 2598 1929 52 1047 1754 9160 40 1431 1285 1380 897 9583 226 28 5304 13511 68 12595 172 8692 1261 99 23 1807
leaf_count=93 2133 33440 1086 4899 2028 9569 2598 1929 52 1047 1754 9160 40 1431 1285 1380 897 9583 226 28 5304 13511 68 12595 172 8692 1261 99 23 1807
internal_value=0.00109946 0.00062481 0.00160221 7.18929e-05 0.00137713 0.00556176 0.0040385 0.00450746 -0.006 0.00122208 0.00132322 0.00175505 0.00321227 0.00355869 0.000440092 0.00298944 0.0002853 0.000357117 0.00305795 0.000248366 0.0014245 0.000242749 -0.00671186 0.000828384 -0.00301288 0.000468104 0.00130308 0.000960348 -0.00169231 0.0021595
internal_weight=128190 115878 41861 74017 38846 12312 2743 3015 145 35438 33305 17757 3293 3185 40577 3408 34417 33132 1346 449 14464 31786 108 15548 223 22203 6160 14501 195 1906
internal_count=128190 115878 41861 74017 38846 12312 2743 3015 145 35438 33305 17757 3293 3185 40577 3408 34417 33132 1346 449 14464 31786 108 15548 223 22203 6160 14501 195 1906
cat_boundaries=0 1 2 3 4 5 6 7 8 9 10 11 12
cat_threshold=1880122724 2265022481 140775432 268435712 117440512 5 2049 16842752 288 4 65536 1
is_linear=0
shrinkage=0.06


Tree=58
num_leaves=31
num_cat=10
split_feature=0 0 3 0 5 0 5 5 5 5 2 6 5 2 5 4 4 0 5 5 6 3 5 2 6 5 5 1 5 0
split_gain=75.7964 15.9296 6.45716 4.28964 2.51518 2.36067 4.20496 2.2545 1.87077 2.41581 1.81781 2.65661 2.18156 1.76734 1.73184 1.67535 1.66743 1.63835 1.58484 1.43122 1.07023 1.05927 1.01028 0.962676 0.869948 0.830297 1.18763 1.52414 1.07552 1.60115
threshold=0 1 2.5000000000000004 2 0.59150001406669628 3 0.0065000001341104516 0.1094999983906746 0.004500000039115549 0.0065000001341104516 4 14.500000000000002 0.0035000001080334191 5 0.004500000039115549 0.71349999308586132 0.1865000054240227 6 0.09549999982118608 0.0015000000712461772 14.500000000000002 1.5000000000000002 0.84950000047683727 7 15.500000000000002 0.01049999985843897 0.0025000000605359678 8 0.0035000001080334191 9
decision_type=9 9 2 9 2 9 2 2 2 2 1 2 2 1 2 2 2 9 2 2 2 2 2 1 2 2 2 9 2 9
left_child=5 2 4 -3 8 6 14 15 10 13 11 12 -2 16 -1 19 -10 -11 -4 -5 -15 -19 23 -9 -22 26 -21 -28 29 -29
right_child=1 3 18 7 -6 -7 -8 22 9 17 -12 -13 -14 20 -16 -17 -18 21 -20 25 24 -23 -24 -25 -26 -27 27 28 -30 -31
leaf_value=-0.045021900349229892 -0.21360317260368644 -0.0027244544333001031 0.15934603912606335 -0.018896530346288902 0.22216225861234271 1.9266093913210169 0.49592464448252971 0.085745984855540955 0.096403464251436241 0.10519726355819521 0.0017059735052820958 -0.14627009025797413 0.024637011055760636 0.028699708854200603 -0.24747135851808774 -0.091192358275206747 0.080255056260695803 0.023539247276826599 0.4467038572622451 -0.0073199433297473169 -0.051437866525658807 0.10371375977082221 0.050443310720945975 0.014950835209051223 0.014549875805112435 0.00092809034048957806 -0.00072791067316288114 0.034244918802292058 0.022847849474564086 -0.015569007723955138
leaf_weight=93 33 33440 1086 84 1442 9569 2598 460 1430 5467 1442 58 141 325 52 45 1836 12898 1929 1277 67 1969 2234 14286 45 21907 4508 803 6498 168
leaf_count=93 33 33440 1086 84 1442 9569 2598 460 1430 5467 1442 58 141 325 52 45 1836 12898 1929 1277 67 1969 2234 14286 45 21907 4508 803 6498 168
internal_value=0.00106342 0.000587533 0.00177308 0.000170089 0.00148116 0.00553741 0.00392953 0.000509564 0.00134441 0.00147947 -0.000594982 -0.00540496 -0.00193103 0.00288901 -0.006 0.000236328 0.00336264 0.00122278 0.00440796 0.0002511 -0.000711409 0.000894132 0.00107774 0.0008976 -0.00578571 0.000269788 0.000644636 0.000830091 0.00135499 0.00321936
internal_weight=128190 115878 30168 85710 27153 12312 2743 52270 25711 24037 1674 232 174 3703 145 35290 3266 20334 3015 35245 437 14867 16980 14746 112 35161 13254 11977 7469 971
internal_count=128190 115878 30168 85710 27153 12312 2743 52270 25711 24037 1674 232 174 3703 145 35290 3266 20334 3015 35245 437 14867 16980 14746 112 35161 13254 11977 7469 971
cat_boundaries=0 1 2 3 4 5 6 7 8 9 10
cat_threshold=1880122724 2248245265 140775432 268435712 3 5 2147516433 8 48 2048
is_linear=0
shrinkage=0.06


Tree=59
num_leaves=31
num_cat=9
split_feature=0 0 3 0 5 5 0 5 5 5 0 4 1 5 5 5 5 5 5 5 2 3 4 5 4 2 5 5 5 2
split_gain=75.568 14.5249 6.24391 2.6206 3.77414 2.55658 2.54098 1.65645 1.51767 1.45187 1.34289 1.87887 1.21078 3.14968 1.17108 1.11573 1.09784 1.07885 1.05652 0.991138 0.924208 0.889082 1.28116 0.8839 1.03648 0.926284 0.789084 1.12629 2.06699 2.69102
threshold=0 1 2.5000000000000004 2 0.0065000001341104516 0.84950000047683727 3 0.16550000011920932 0.0035000001080334191 0.004500000039115549 4 0.11250000074505807 5 0.0035000001080334191 0.0084999999962747114 0.62350001931190502 0.004500000039115549 0.01049999985843897 0.012500000186264517 0.0075000002980232247 6 1.5000000000000002 0.15949999541044238 0.1134999990463257 0.62149998545646679 7 0.0015000000712461772 0.0035000001080334191 0.0025000000605359678 8
decision_type=9 9 2 9 2 2 9 2 2 2 9 2 9 2 2 2 2 2 2 2 1 2 2 2 2 1 2 2 2 1
left_child=3 2 5 4 9 8 -3 17 -2 -1 11 16 13 -8 -12 18 -10 -4 -15 20 -18 -13 -23 24 25 -20 -14 28 29 -28
right_child=1 6 7 -5 -6 -7 12 -9 10 -11 14 21 26 15 -16 -17 19 -19 23 -21 -22 22 -24 -25 -26 -27 27 -29 -30 -31
leaf_value=-0.042320586328276302 -0.038841929634470626 -0.0031887994265289202 -0.029356589767792086 1.8110128278417557 0.46616916581357798 0.18333051809488168 -0.063595195326163784 0.50758534267265709 -0.00084263655416760364 -0.2326230770070023 -0.026061268567928356 0.019241269693386038 -0.010431559470111372 0.049665832005108393 0.11731321209221648 0.097868705937147235 0.094916820710382876 0.18068520232490684 0.020574681411893985 0.054095034413852217 0.0010514171068199882 -0.091122930087088883 0.10828946599528165 0.032390877489300168 -0.13032956721064765 -0.034285376075917064 0.01891395756819559 0.00095460380624309133 0.02512077467823795 -0.010167606464868043
leaf_weight=93 448 23824 94 9569 2598 1211 99 1549 415 52 427 26207 320 2591 5917 990 1068 1372 2787 893 170 56 2034 2425 66 1108 842 35934 1713 1318
leaf_count=93 448 23824 94 9569 2598 1211 99 1549 415 52 427 26207 320 2591 5917 990 1068 1372 2787 893 170 56 2034 2425 66 1108 842 35934 1713 1318
internal_value=0.00104096 0.000565788 0.00145891 0.0055082 0.00382056 0.00125511 6.05457e-05 0.00408955 0.0011678 -0.00558621 0.00120962 0.00104489 0.000302731 0.00089083 0.00200567 0.000997492 0.00260644 0.00264393 0.000786677 0.00315626 0.00425525 0.00090476 0.00209569 0.000372064 -0.000180257 -5.39151e-05 0.000155019 0.000178913 0.00115105 -8.33331e-05
internal_weight=128190 115878 41861 12312 2743 38846 74017 3015 37635 145 37187 30843 50193 10066 6344 9967 2546 1466 8977 2131 1238 28297 2090 6386 3961 3895 40127 39807 3873 2160
internal_count=128190 115878 41861 12312 2743 38846 74017 3015 37635 145 37187 30843 50193 10066 6344 9967 2546 1466 8977 2131 1238 28297 2090 6386 3961 3895 40127 39807 3873 2160
cat_boundaries=0 1 2 3 4 5 6 7 8 9
cat_threshold=1880122724 2265022481 268435712 134221824 83951616 2053 5 10 4
is_linear=0
shrinkage=0.06


Tree=60
num_leaves=31
num_cat=12
split_feature=0 0 3 0 0 5 5 5 5 5 4 0 2 6 5 5 4 5 2 5 2 5 3 5 5 5 0 2 1 2
split_gain=75.2072 13.5733 5.14576 3.34398 2.95851 4.36727 2.38774 1.81588 2.7201 1.75482 1.72308 1.47251 1.41432 1.96695 2.18156 1.35026 1.34443 1.17259 1.02814 1.00277 0.932063 1.05163 0.929581 0.828271 0.963571 1.49378 1.97564 1.29949 1.2374 1.31219
threshold=0 1 2.5000000000000004 2 3 0.0065000001341104516 0.59150001406669628 0.004500000039115549 0.0065000001341104516 0.10150000080466272 0.19849999994039538 4 5 14.500000000000002 0.0035000001080334191 0.16550000011920932 0.71349999308586132 0.0015000000712461772 6 0.0054999999701976785 7 0.97450000047683727 1.5000000000000002 0.01049999985843897 0.0025000000605359678 0.0035000001080334191 8 9 10 11
decision_type=9 9 2 9 9 2 2 2 2 2 2 9 1 2 2 2 2 2 1 2 1 2 2 2 2 2 9 1 9 1
left_child=4 2 6 -3 5 -1 7 12 10 16 18 -10 13 14 -2 -4 17 -5 -9 -20 -11 -22 -13 24 -19 26 28 -27 29 -26
right_child=1 3 15 9 -6 -7 -8 8 11 20 -12 22 -14 -15 -16 -17 -18 23 19 -21 21 -23 -24 -25 25 27 -28 -29 -30 -31
leaf_value=-0.27070706150018126 -0.19845646646939691 -0.0023696592017103234 0.15064410849595916 -0.01697633672527428 1.6389494942284684 0.3541067381590246 0.20276579523606333 0.085553075013130322 0.092603008597040473 0.0060065018402587315 0.06667040160821805 0.020972416258613933 0.0016569690522254816 -0.13744332664924555 0.023209348585665167 0.47713022211229783 -0.070830264159988707 -0.006383331609482506 -0.063684323871373613 0.038763517602792064 0.019330419263448372 0.070786196820917607 0.091007754435493748 0.00015245700025008635 0.14279045887849934 0.084057477667168021 -0.072332777901872078 0.0067459475652809579 0.033425507157102102 -0.019995232847833007
leaf_weight=46 33 33440 1466 84 10149 2117 1442 1531 5467 6183 1999 12898 1442 58 141 1549 39 1277 81 92 10284 1094 1969 21332 127 653 130 9881 978 208
leaf_count=46 33 33440 1466 84 10149 2117 1442 1531 5467 6183 1999 12898 1442 58 141 1549 39 1277 81 92 10284 1094 1969 21332 127 653 130 9881 978 208
internal_value=0.00101755 0.000543525 0.00163788 0.00015819 0.00547411 0.00340451 0.00137731 0.00124406 0.00137713 0.000457919 0.00287281 0.00110475 -0.000666666 -0.00490909 -0.00193103 0.00399005 0.000210724 0.000223248 0.00427465 -0.000229508 0.000946757 0.0012687 0.000793305 0.000240444 0.000612947 0.000779995 0.00259044 0.000531992 0.00327891 8.69567e-05
internal_weight=128190 115878 30168 85710 12312 2163 27153 25711 24037 52270 3703 20334 1674 232 174 3015 34709 34670 1704 173 17561 11378 14867 34586 13254 11977 1443 10534 1313 335
internal_count=128190 115878 30168 85710 12312 2163 27153 25711 24037 52270 3703 20334 1674 232 174 3015 34709 34670 1704 173 17561 11378 14867 34586 13254 11977 1443 10534 1313 335
cat_boundaries=0 1 2 3 4 5 6 7 8 9 10 11 12
cat_threshold=1880122724 2248245265 140775432 256 2147516433 3 5 1 657920 8 21 4
is_linear=0
shrinkage=0.06


Tree=61
num_leaves=31
num_cat=11
split_feature=0 0 3 0 5 5 1 5 4 0 5 5 5 5 5 0 2 0 0 5 4 5 2 2 6 5 4 5 5 5
split_gain=74.3843 12.2806 5.12338 3.60541 4.85527 2.3058 2.10896 1.45315 1.27751 1.58897 1.29341 1.26971 1.18397 1.11811 1.22673 2.28551 2.04958 1.28246 1.00664 2.40488 0.983521 0.981733 0.934131 0.855318 0.848435 1.02915 2.01801 1.02798 0.830195 0.820594
threshold=0 1 2.5000000000000004 2 0.0075000002980232247 0.84950000047683727 3 0.16550000011920932 0.11250000074505807 4 0.0084999999962747114 0.004500000039115549 0.0075000002980232247 0.0025000000605359678 0.0035000001080334191 5 6 7 8 0.004500000039115549 0.24149999767541888 0.01049999985843897 9 10 11.500000000000002 0.04150000028312207 0.29749999940395361 0.16149999946355822 0.0015000000712461772 0.39350000023841863
decision_type=9 9 2 9 2 2 9 2 2 9 2 2 2 2 2 9 1 9 9 2 2 2 1 1 2 2 2 2 2 2
left_child=3 2 5 4 -1 8 18 21 11 10 20 -2 22 -8 15 -15 -17 23 19 -3 -10 -4 -13 -16 25 -23 -27 -26 -11 -19
right_child=1 6 7 -5 -6 -7 13 -9 9 28 -12 12 -14 14 17 16 -18 29 -20 -21 -22 24 -24 -25 27 26 -28 -29 -30 -31
leaf_value=-0.090271616407696501 -0.0016593931497121553 -0.047355090597150304 -0.03663384089148209 1.6040150885175424 0.5684842197638269 0.16583243709173739 -0.0073048643286720144 0.4485024087855598 0.023353681070098005 -0.035367622066481912 0.10892478931014977 0.083586635299438147 0.046862422103924155 0.028677446764034203 0.048684654139352801 0.13422303134578936 -0.024064120854945324 0.023022861443694184 -0.0022465891449109567 0.022737237540840949 -0.068717151185273204 0.16020531550182654 0.0015178281980912068 0.0009421236149188268 0.21097030751075657 -0.13739462956653284 0.14160546198620153 -0.075778056576484967 0.019744426611775882 0.084227186817332364
leaf_weight=262 504 254 94 9569 2481 1211 1047 1549 159 21 5288 1075 1028 803 967 127 263 6357 42321 4949 237 178 180 15675 1008 40 121 25 29143 1254
leaf_count=262 504 254 94 9569 2481 1211 1047 1549 159 21 5288 1075 1028 803 967 127 263 6357 42321 4949 237 178 180 15675 1008 40 121 25 29143 1254
internal_value=0.000978704 0.000507283 0.00132851 0.00541081 0.00345005 0.0011439 4.27144e-05 0.00371144 0.00106098 0.000962121 0.00187987 0.00229709 0.00289882 0.000471569 0.000550814 0.00242917 -0.00135 0.000458418 -0.000196407 0.000590447 -0.00142424 0.00235744 0.00413546 0.000162864 0.00276385 0.000159292 -0.00331677 0.00361859 0.000782341 0.00110301
internal_weight=128190 115878 41861 12312 2743 38846 74017 3015 37635 34848 5684 2787 2283 26493 25446 1193 390 24253 47524 5203 396 1466 1255 16642 1372 339 161 1033 29164 7611
internal_count=128190 115878 41861 12312 2743 38846 74017 3015 37635 34848 5684 2787 2283 26493 25446 1193 390 24253 47524 5203 396 1466 1255 16642 1372 339 161 1033 29164 7611
cat_boundaries=0 1 2 3 4 5 6 7 8 9 10 11
cat_threshold=1880122724 2265022481 268435712 1056 2147516433 2048 4 133248 2 5 8
is_linear=0
shrinkage=0.06


Tree=62
num_leaves=31
num_cat=9
split_feature=0 0 5 0 5 5 4 0 3 4 0 5 2 5 5 5 0 2 6 5 5 5 5 2 6 5 4 6 6 4
split_gain=73.73 13.5359 4.55839 2.48483 2.10469 2.02324 1.89677 1.80015 1.65978 1.9252 1.87523 2.30466 7.62126 3.61748 2.68311 1.29966 1.44573 1.25386 1.2931 2.07457 1.20912 1.16589 0.879874 0.831078 1.1983 0.822501 1.36683 0.80163 0.916773 0.797176
threshold=0 1 0.45350000262260443 2 0.0015000000712461772 0.004500000039115549 0.10750000178813936 3 2.5000000000000004 0.78349998593330394 4 0.0094999996945261973 5 0.0065000001341104516 0.0065000001341104516 0.0075000002980232247 6 7 14.500000000000002 0.0035000001080334191 0.01049999985843897 0.79749998450279247 0.0065000001341104516 8 10.500000000000002 0.085500001907348647 0.71349999308586132 20.500000000000004 16.500000000000004 0.46750000119209295
decision_type=9 9 2 9 2 2 2 9 2 2 9 2 1 2 2 2 9 1 2 2 2 2 2 1 2 2 2 2 2 2
left_child=-1 2 5 -3 -5 17 22 -4 10 20 11 12 13 -8 -14 16 29 18 19 -2 -10 23 -7 24 -6 26 -25 28 -22 -12
right_child=1 3 7 4 21 6 8 -9 9 -11 15 -13 14 -15 -16 -17 -18 -19 -20 -21 27 -23 -24 25 -26 -27 -28 -29 -30 -31
leaf_value=1.4521560908121793 -0.18773374407793958 -0.0021276657816886712 0.034081548217149822 -0.018523992012003207 0.014042758473687918 0.064004659518156259 0.62581181014591802 0.31466064889248785 -0.034435810437993125 -0.06908788793547728 0.073160533910070005 0.20596454836463668 -0.18163117006477578 -0.37754218356594904 0.23262039628499961 0.026329355332386513 -0.045924285606554066 0.00042270534640650222 -0.1290971634613082 0.021916351259507891 0.16499309727972472 0.036550978645077399 0.10012045402053654 0.0054657607099709345 -0.003878416728456258 0.017848401650673387 -0.089562602931492902 -0.00020789138122211169 0.42159226425842633 -0.040349659641679282
leaf_weight=10149 33 32278 534 89 4030 850 29 2241 94 24 3443 3148 45 96 433 16141 152 1442 58 141 1687 2566 1129 22789 13266 10668 24 21 421 169
leaf_count=10149 33 32278 534 89 4030 850 29 2241 94 24 3443 3148 45 96 433 16141 152 1442 58 141 1687 2566 1129 22789 13266 10668 24 21 421 169
internal_value=0.000953429 0.000531177 0.00157713 0.000136491 0.000387561 0.00135932 0.00148096 0.0039027 0.00134417 0.00290254 0.00119614 0.00242648 -0.000965174 -0.0135556 0.00255738 0.000962591 0.00196706 -0.000666666 -0.00466116 -0.00227586 0.00308502 0.000403015 0.00327135 0.000339957 2.08043e-06 0.000514347 0.000311139 0.00337905 0.00349526 0.00220652
internal_weight=128190 118041 32331 85710 53432 29556 27882 2775 25903 2247 23656 3751 603 125 478 19905 3764 1674 232 174 2223 53343 1979 50777 17296 33481 22813 2129 2108 3612
internal_count=128190 118041 32331 85710 53432 29556 27882 2775 25903 2247 23656 3751 603 125 478 19905 3764 1674 232 174 2223 53343 1979 50777 17296 33481 22813 2129 2108 3612
cat_boundaries=0 1 2 3 4 5 6 7 8 9
cat_threshold=1880122468 2248245521 138678280 65536 2147483920 3 67174400 3 1
is_linear=0
shrinkage=0.06


Tree=63
num_leaves=31
num_cat=11
split_feature=0 0 5 0 5 4 3 0 0 5 2 5 5 5 2 6 5 5 0 5 0 1 5 5 5 1 5 5 5 6
split_gain=73.181 12.0522 4.23993 2.20542 1.90343 1.7785 1.73195 1.63208 1.59336 1.96615 6.20059 3.07823 2.58737 1.40939 1.25386 1.2931 2.07457 1.25209 1.22808 1.13382 0.944678 1.15323 0.94211 0.932424 0.995672 0.853305 1.78221 1.14792 1.93228 1.43763
threshold=0 1 0.45350000262260443 2 0.004500000039115549 0.10750000178813936 2.5000000000000004 3 4 0.0094999996945261973 5 0.0065000001341104516 0.0065000001341104516 0.10150000080466272 6 14.500000000000002 0.0035000001080334191 0.0075000002980232247 7 0.01049999985843897 8 9 0.0065000001341104516 0.0015000000712461772 0.01049999985843897 10 0.0025000000605359678 0.004500000039115549 0.0065000001341104516 19.500000000000004
decision_type=9 9 2 9 2 2 2 9 9 2 1 2 2 2 1 2 2 2 9 2 9 9 2 2 2 9 2 2 2 2
left_child=-1 2 4 -3 14 22 8 -4 9 10 11 -7 -12 23 15 16 -2 18 -10 -8 21 -15 -6 -5 25 27 -27 -25 -29 -30
right_child=1 3 7 13 5 6 19 -9 17 -11 12 -13 -14 20 -16 -17 -18 -19 -20 -21 -22 -23 -24 24 -26 26 -28 28 29 -31
leaf_value=1.3650267253634485 -0.17646971943326328 -0.0019652681419359322 0.032036655324120908 -0.01322938952457681 0.060164379947066776 0.58826310153716288 -0.032369661811713683 0.2957810099589388 0.067823680050959761 0.19360667546275867 -0.17073329986088923 -0.35488965255199201 0.2186631725078996 0.040031186522640504 0.00039734302562216328 -0.12135133365362982 0.020601370183937318 0.024749594012443338 -0.043168828470160889 0.17946410866619658 0.028155045996759259 0.0017923326644122472 0.094113226779304476 0.015749963950942726 -0.00070172266041410578 -0.0088739351147776712 0.019922516612171794 -0.032370475507268993 0.0093029910963100069 -0.072826278530631824
leaf_weight=10149 33 33440 534 84 850 29 94 2241 3612 3148 45 96 433 3292 1442 58 141 16141 152 2153 6052 8217 1129 1403 21371 829 7469 981 2487 85
leaf_count=10149 33 33440 534 84 850 29 94 2241 3612 3148 45 96 433 3292 1442 58 141 16141 152 2153 6052 8217 1129 1403 21371 829 7469 981 2487 85
internal_value=0.000942195 0.000521521 0.00150849 0.00014909 0.00129842 0.0014164 0.00128394 0.00375135 0.00113274 0.00226695 -0.000865671 -0.0122222 0.00231148 0.000392502 -0.000666666 -0.00466116 -0.00227586 0.000917399 0.00190329 0.00287583 0.000830591 0.00050994 0.00315008 0.000170965 0.000186282 0.00059484 0.000966298 -2.8997e-05 -0.000602871 0.000261275
internal_weight=128190 118041 32331 85710 29556 27882 25903 2775 23656 3751 603 125 478 52270 1674 232 174 19905 3764 2247 17561 11509 1979 34709 34625 13254 8298 4956 3553 2572
internal_count=128190 118041 32331 85710 29556 27882 25903 2775 23656 3751 603 125 478 52270 1674 232 174 19905 3764 2247 17561 11509 1979 34709 34625 13254 8298 4956 3553 2572
cat_boundaries=0 1 2 3 4 5 6 7 8 9 10 11
cat_threshold=1880122468 2248245521 140775432 65536 2147483920 3 3 67174400 526976 2053 48
is_linear=0
shrinkage=0.06


Tree=64
num_leaves=31
num_cat=9
split_feature=0 0 5 0 5 4 0 2 6 5 3 4 0 5 5 5 0 5 0 5 3 5 5 4 2 4 6 6 4 4
split_gain=72.6587 11.0349 4.15889 2.08095 1.78347 1.918 1.53974 1.25386 1.2931 2.07457 1.23321 1.84694 1.48495 1.76843 1.18038 1.1724 1.1945 1.08507 1.04593 0.94211 0.895117 1.31315 1.06032 0.85628 0.837267 1.06947 0.752065 0.87514 0.751763 1.39577
threshold=0 1 0.45350000262260443 2 0.004500000039115549 0.10750000178813936 3 4 14.500000000000002 0.0035000001080334191 2.5000000000000004 0.78349998593330394 5 0.0075000002980232247 0.97450000047683727 0.0075000002980232247 6 0.01049999985843897 7 0.0065000001341104516 1.5000000000000002 0.01049999985843897 0.0084999999962747114 0.11850000172853471 8 0.83650001883506786 20.500000000000004 16.500000000000004 0.46750000119209295 0.48749999701976782
decision_type=9 9 2 9 2 2 9 1 2 2 2 2 9 2 2 2 9 2 9 2 2 2 2 2 1 2 2 2 2 2
left_child=-1 2 4 -3 7 19 -4 8 9 -2 12 17 13 -7 -5 16 28 -12 -17 -6 21 22 -20 -24 -16 -26 27 -19 -14 -30
right_child=1 3 6 14 5 10 -8 -9 -10 -11 11 -13 15 -15 24 18 -18 26 20 -21 -22 -23 23 -25 25 -27 -28 -29 29 -31
leaf_value=1.2831251218416415 -0.16588153626726743 -0.0024500507218202529 0.030114456004673707 0.0046137079409970675 0.056554517150242699 -0.057557736436899015 0.27803414936140258 0.00037350244408486334 -0.11407025363441192 0.019365287972901157 -0.030427482103010845 -0.075710461179320551 0.064701481072408223 0.26768223926415341 0.06074354402926696 0.07490357252118264 -0.053023608655127216 0.14432566492296942 0.012880442439508611 0.088466433172546127 0.076893380142612655 0.01570468276100179 -0.17552250840372152 -0.052935404373327728 0.0074899288916750175 -0.067858779353658361 -0.010963264418320478 0.38552888188294887 -0.19251849703901208 0.078011957070606847
leaf_weight=10149 33 24875 534 59226 850 190 2241 1442 58 141 94 24 3443 2493 1123 4368 153 1687 547 1129 1837 9555 20 881 459 27 21 421 47 122
leaf_count=10149 33 24875 534 59226 850 190 2241 1442 58 141 94 24 3443 2493 1123 4368 153 1687 547 1129 1837 9555 20 881 459 27 21 421 47 122
internal_value=0.000918325 0.000499157 0.00144355 0.000142791 0.00123549 0.00134969 0.00366487 -0.000666666 -0.00466116 -0.00227586 0.00121214 0.00255541 0.00108455 0.00241292 0.000331827 0.000913025 0.00187251 0.00273414 0.000703626 0.00315008 0.000429572 0.000225212 -0.00145856 -0.00272364 0.00193536 -0.000169355 0.00301268 0.00312524 0.00209056 -0.00181065
internal_weight=128190 118041 32331 85710 29556 27882 2775 1674 232 174 25903 2247 23656 2683 60835 20973 3765 2223 17208 1979 12840 11003 1448 901 1609 486 2129 2108 3612 169
internal_count=128190 118041 32331 85710 29556 27882 2775 1674 232 174 25903 2247 23656 2683 60835 20973 3765 2223 17208 1979 12840 11003 1448 901 1609 486 2129 2108 3612 169
cat_boundaries=0 1 2 3 4 5 6 7 8 9
cat_threshold=1880122468 2248245521 138416136 65536 3 272 67174400 2147516417 10
is_linear=0
shrinkage=0.06


Tree=65
num_leaves=31
num_cat=9
split_feature=0 0 5 0 0 5 1 3 4 4 4 5 5 5 2 2 5 0 5 4 5 5 4 4 0 5 5 6 4 5
split_gain=72.8394 9.85188 3.3931 1.95587 1.60257 3.43084 1.55245 1.35783 1.79958 1.42168 1.38909 1.11207 1.42125 1.06307 1.05338 1.02 0.953564 0.920225 1.04327 0.798796 1.83529 1.17656 0.779456 0.777109 0.754328 1.19161 1.90476 0.753061 0.796012 0.788895
threshold=0 1 0.45350000262260443 2 3 0.0065000001341104516 4 2.5000000000000004 0.78349998593330394 0.11250000074505807 0.41050000488758093 0.004500000039115549 0.0075000002980232247 0.14350000023841861 5 6 0.0075000002980232247 7 0.0015000000712461772 0.3965000063180924 0.043500000610947616 0.01049999985843897 0.31550000607967382 0.55249997973442089 8 0.011500000022351744 0.0075000002980232247 8.5000000000000018 0.53450000286102306 0.069499999284744277
decision_type=9 9 2 9 9 2 9 2 2 2 2 2 2 2 1 1 2 9 2 2 2 2 2 2 9 2 2 2 2 2
left_child=-1 2 4 -4 5 -2 13 9 10 11 19 -6 14 -3 -13 23 -7 18 -8 21 -21 -9 -18 27 25 26 -17 -11 -29 -30
right_child=1 6 3 -5 7 16 17 8 -10 15 -12 12 -14 -15 -16 24 22 -19 -20 20 -22 -23 -24 -25 -26 -27 -28 28 29 -31
leaf_value=1.2061376145311433 -0.22445300844395449 0.0056063586495742248 0.042511797105420496 0.2613521003997184 -0.0025228387778854964 -0.03439221451804992 -0.012326899722545607 -0.077201915574291319 -0.071167833508561387 0.039759216401860253 0.24826520045355863 0.070441300226792333 0.032400575092441729 0.037600437826693776 -0.0015120208294643453 0.56506074991941846 0.48269856835804725 -0.0021177866986018816 0.0039002625180415934 0.3642202621281494 -0.55077973787185053 0.07926620742505236 0.25398843761991929 0.02817275607596699 0.023799865899301519 0.16518349354015796 -0.20101744069330205 -0.0032655363825005155 0.078623525716160353 -0.095782446724653733
leaf_weight=10149 46 11147 2028 2241 504 116 50 75 24 611 1331 1075 1026 3638 180 40 1080 40819 18363 26 34 757 828 1113 23670 1072 56 5924 47 120
leaf_count=10149 46 11147 2028 2241 504 116 50 75 24 611 1331 1075 1026 3638 180 40 1080 40819 18363 26 34 757 828 1113 23670 1072 56 5924 47 120
internal_value=0.000882752 0.000463071 0.00117373 0.00278145 0.00100138 0.002625 4.02828e-05 0.000911262 0.00234179 0.000820814 0.00251822 0.00212208 0.00268566 0.000590064 0.00403984 0.000709828 0.00300593 -9.70255e-05 0.000255008 0.000686099 -0.006 0.00116827 0.00332704 0.000111182 0.000897779 0.0023837 -0.004 -0.000132498 -0.000333935 -0.00441916
internal_weight=128190 118041 44024 4269 39755 2070 74017 37685 2247 35438 2223 2785 2281 14785 1255 32653 2024 59232 18413 892 60 832 1908 7815 24838 1168 96 6702 6091 167
internal_count=128190 118041 44024 4269 39755 2070 74017 37685 2247 35438 2223 2785 2281 14785 1255 32653 2024 59232 18413 892 60 832 1908 7815 24838 1168 96 6702 6091 167
cat_boundaries=0 1 2 3 4 5 6 7 8 9
cat_threshold=1880122468 2265022737 16842752 256 2069 5 1 6293506 2147483664
is_linear=0
shrinkage=0.06


Tree=66
num_leaves=31
num_cat=10
split_feature=0 0 5 3 0 0 5 4 5 2 6 5 5 2 0 5 5 3 6 4 4 5 5 4 5 5 5 0 1 2
split_gain=70.8684 9.30928 3.22971 1.87943 2.50027 1.68154 1.56502 2.15122 1.232 1.20923 1.2931 2.07457 0.972227 0.871217 1.09442 1.3882 1.02298 1.18934 0.937342 0.911406 1.22658 0.90777 2.71687 0.862393 0.940471 0.751633 2.04307 1.90736 1.13401 1.31219
threshold=0 1 0.20449999719858172 1.5000000000000002 2 3 0.004500000039115549 0.10750000178813936 0.33750000596046453 4 14.500000000000002 0.0035000001080334191 0.0065000001341104516 5 6 0.0065000001341104516 0.0075000002980232247 1.5000000000000002 16.500000000000004 0.46750000119209295 0.48749999701976782 0.14350000023841861 0.16550000011920932 0.40450000762939459 0.0094999996945261973 0.0025000000605359678 0.0035000001080334191 7 8 9
decision_type=9 9 2 2 9 9 2 2 2 1 2 2 2 1 9 2 2 2 2 2 2 2 2 2 2 2 2 9 9 1
left_child=-1 2 6 4 -4 -3 9 12 25 10 11 -2 -8 -9 15 -15 19 -18 21 -16 -21 23 -23 24 -19 -7 27 28 29 -27
right_child=1 5 3 -5 -6 8 7 13 -10 -11 -12 -13 -14 14 16 -17 17 18 -20 20 -22 22 -24 -25 -26 26 -28 -29 -30 -31
leaf_value=1.1337693576592747 -0.15624900906478853 -0.0017059839952404409 0.007157816759501231 0.28508263181557408 0.20378925690898092 -0.0069517096543241586 0.049474781226322193 0.0052412979572765417 0.020556788961107547 -0.00056797331159862434 -0.10707466808967403 0.01835474102120031 0.08117415883229441 -0.077188178294189447 0.05671128627485679 0.22493340575110365 0.020667108258975591 0.27633236915657095 0.22797248681099716 -0.16226508755185359 0.037072851298314835 -0.098017335659471738 0.14868575468566717 0.21315249428080207 -0.00048976502045064766 0.12428350198995292 0.0034874432674092404 -0.06733562276574051 0.02766519505496319 -0.019413066389749472
leaf_weight=10149 33 33440 1671 2015 1776 1361 850 3994 7987 1442 58 141 1127 64 3329 1928 11822 105 531 47 126 72 81 430 689 127 41479 130 978 208
leaf_count=10149 33 33440 1671 2015 1776 1361 850 3994 7987 1442 58 141 1127 64 3329 1928 11822 105 531 47 126 72 81 430 689 127 41479 130 978 208
internal_value=0.000854669 0.000440708 0.00130812 0.00263859 0.00178764 0.000113393 0.00103815 0.00115618 0.000325937 -0.000738351 -0.00466116 -0.00227586 0.00305615 0.000994401 0.00116169 0.00249351 0.00100638 0.000773489 0.00216352 0.00192233 -0.0023237 0.00133769 -0.00301961 0.00188235 0.000710328 0.00020229 0.000246307 0.0024657 0.00314286 8.69567e-05
internal_weight=128190 118041 32331 5462 3447 85710 26869 25195 52270 1674 232 174 1977 23218 19224 1992 17232 13730 1908 3502 173 1377 153 1224 794 44283 42922 1443 1313 335
internal_count=128190 118041 32331 5462 3447 85710 26869 25195 52270 1674 232 174 1977 23218 19224 1992 17232 13730 1908 3502 173 1377 153 1224 794 44283 42922 1443 1313 335
cat_boundaries=0 1 2 3 4 5 6 7 8 9 10
cat_threshold=1880122468 2248245521 100728832 140775432 3 1 272 657920 21 4
is_linear=0
shrinkage=0.06


Tree=67
num_leaves=31
num_cat=10
split_feature=0 0 5 3 0 4 0 5 2 5 4 6 5 5 0 5 4 5 5 5 4 6 2 5 5 5 0 2 5 1
split_gain=69.2357 8.40707 3.15702 1.6313 1.5394 1.51621 1.66549 2.00639 4.02861 1.85119 1.38785 1.23982 1.13616 1.12631 14.9202 2.37208 1.0988 0.981573 1.1508 0.923158 0.993642 0.791302 1.11573 1.00224 0.941648 1.06596 1.06284 0.956328 0.836226 1.02748
threshold=0 1 0.70350000262260448 2.5000000000000004 2 0.11250000074505807 3 0.0094999996945261973 4 0.0065000001341104516 0.4004999995231629 11.500000000000002 0.43349999189376837 0.01350000035017729 5 0.011500000022351744 0.43449999392032629 0.004500000039115549 0.0065000001341104516 0.01049999985843897 0.39450000226497656 8.5000000000000018 6 0.0094999996945261973 0.0025000000605359678 0.0035000001080334191 7 8 0.066500000655651106 9
decision_type=9 9 2 2 9 2 9 2 1 2 2 2 2 2 9 2 2 2 2 2 2 2 1 2 2 2 9 1 2 9
left_child=13 2 3 5 -3 17 7 8 -7 -10 19 -8 21 14 15 -1 -17 -2 -19 -5 -21 -6 23 -23 -24 26 -26 -28 29 -27
right_child=1 4 -4 10 12 6 11 -9 9 -11 -12 -13 -14 -15 -16 16 -18 18 -20 20 -22 22 24 -25 25 28 27 -29 -30 -31
leaf_value=-0.5044749030183141 -0.0010773608280523915 -0.0016036249555260262 0.28465593373506698 -0.072540414738606521 0.020045968449469237 -0.23741112413300514 0.038536737603354743 0.13251481327657957 -0.12356156406767584 0.19558440966595553 0.21626433051741045 0.0092856800290849126 0.022210070890989617 1.0777284157102578 1.3769609670167604 -0.34877159063832291 -0.40601150494888855 0.047590132048982652 0.076218384222805677 0.074195757102112764 -0.52254176851957357 0.0091284823546445362 -0.015054624271611345 -0.0074058963305014764 0.014965257800902342 0.0351329118233773 0.038330102842791369 -0.019573919335990439 0.012773786636472323 -0.0013014965347042987
leaf_weight=107 432 33440 1559 77 2206 252 5861 4252 48 440 1729 14732 6318 7730 2241 49 22 897 1277 755 20 3888 479 10662 437 3403 223 197 9250 15207
leaf_count=107 432 33440 1559 77 2206 252 5861 4252 48 440 1729 14732 6318 7730 2241 49 22 897 1277 755 20 3888 479 10662 437 3403 223 197 9250 15207
internal_value=0.000833607 0.000424444 0.00124876 0.00111569 0.000113393 0.000983506 0.000843072 0.00182567 -0.00105405 0.00214458 0.00255947 0.000603699 0.000316756 0.00558657 0.00446217 -0.0118723 -0.0210423 0.00236224 0.00288132 0.000577465 0.0012 0.000213092 0.00015718 -0.000271978 0.00037102 0.000415155 0.00249942 0.00027907 0.000351041 0.000119291
internal_weight=128190 118041 32331 30772 85710 28191 25585 4992 740 488 2581 20593 52270 10149 2419 178 71 2606 2174 852 775 45952 43746 14550 29196 28717 857 420 27860 18610
internal_count=128190 118041 32331 30772 85710 28191 25585 4992 740 488 2581 20593 52270 10149 2419 178 71 2606 2174 852 775 45952 43746 14550 29196 28717 857 420 27860 18610
cat_boundaries=0 1 2 3 4 5 6 7 8 9 10
cat_threshold=1880122468 2248245521 140775432 2147516688 3 1342177280 1 2048 4 5
is_linear=0
shrinkage=0.06


Tree=68
num_leaves=31
num_cat=10
split_feature=0 0 5 5 4 3 0 5 4 1 5 2 5 5 0 5 4 0 5 5 4 5 4 5 2 2 6 2 5 6
split_gain=68.4833 7.65713 3.78523 2.24839 1.93551 1.95241 1.73714 2.47878 1.5504 1.48289 1.19091 2.94158 1.49408 1.0935 13.7236 2.27768 1.27184 1.03326 1.01835 0.926017 0.864734 3.1543 0.864365 1.00537 0.838175 0.813427 0.781409 0.773456 4.39514 1.36505
threshold=0 1 0.84950000047683727 0.004500000039115549 0.10750000178813936 2.5000000000000004 2 0.0075000002980232247 0.41050000488758093 3 0.0075000002980232247 4 0.0065000001341104516 0.01350000035017729 5 0.011500000022351744 0.43449999392032629 6 0.0075000002980232247 0.14350000023841861 0.78349998593330394 0.41650000214576727 0.46349999308586126 0.0065000001341104516 7 8 14.500000000000002 9 0.0094999996945261973 15.500000000000002
decision_type=9 9 2 2 2 2 9 2 2 9 2 1 2 2 9 2 2 9 2 2 2 2 2 2 1 1 2 1 2 2
left_child=13 9 3 17 18 6 7 -6 -7 19 11 22 -13 14 15 -1 -17 -3 24 -2 -10 -22 -8 -24 -5 -12 -25 -9 29 -29
right_child=1 2 -4 4 5 8 10 27 20 -11 25 12 -14 -15 -16 16 -18 -19 -20 -21 21 -23 23 26 -26 -27 -28 28 -30 -31
leaf_value=-0.47420640883721488 0.004627240777326549 -0.046679076832154484 0.15713052620763818 0.055410928864187949 -0.075978580189787676 0.038498038913262887 0.056494648100262251 0.45765375939364783 0.24341241817826584 -0.0013770301669568923 0.025137355846565308 -0.028143610734279307 0.020028289664659651 1.0130647107676427 1.294343308995755 -0.32784529520002365 -0.38165081465195499 -0.0037808600348006975 0.042330623757691428 0.033893165003709522 -0.1030985840758042 0.35204176964492984 0.013389743361278215 -0.15065505110195951 -0.0014642202597314818 0.0059331110636955319 0.050384042405379061 -0.14373963222992381 0.10514162851243129 -0.35443553599004973
leaf_weight=107 11130 254 1727 1086 227 936 3885 1187 1641 54029 13039 1170 730 7730 2241 49 22 2133 1031 3627 21 77 231 43 161 15969 25 149 3505 28
leaf_count=107 11130 254 1727 1086 227 936 3885 1187 1641 54029 13039 1170 730 7730 2241 49 22 2133 1031 3627 21 77 231 43 161 15969 25 149 3505 28
internal_value=0.000818161 0.000411229 0.000982239 0.000882175 0.000977072 0.000886499 0.000782025 0.00181669 0.00245607 2.2678e-06 0.000631075 0.00139448 -0.000565445 0.00554523 0.00443737 -0.011234 -0.0201972 -0.000912442 0.0026813 0.000535112 0.00351581 -0.00195918 0.0022804 -0.000822742 0.0038348 0.000471181 -0.00723529 0.00210598 0.00166089 -0.00755932
internal_weight=128190 118041 49255 47528 45141 42863 40188 5096 2675 68786 35092 6084 1900 10149 2419 178 71 2387 2278 14757 1739 98 4184 299 1247 29008 68 4869 3682 177
internal_count=128190 118041 49255 47528 45141 42863 40188 5096 2675 68786 35092 6084 1900 10149 2419 178 71 2387 2278 14757 1739 98 4184 299 1247 29008 68 4869 3682 177
cat_boundaries=0 1 2 3 4 5 6 7 8 9 10
cat_threshold=1880122468 141433480 2147516688 2069 4 1342177280 2 5 10 4
is_linear=0
shrinkage=0.06


Tree=69
num_leaves=31
num_cat=10
split_feature=0 0 5 5 4 0 5 5 0 5 2 6 5 0 5 3 4 5 2 4 4 0 3 5 5 4 1 5 2 6
split_gain=67.9375 7.18207 2.84986 1.72023 1.86365 1.32905 1.16649 1.15934 12.496 2.18519 0.999712 1.38075 1.18865 0.949936 1.73629 1.16336 1.42198 1.28165 1.33405 1.07375 0.903721 0.885951 0.829191 1.21785 0.925952 0.85628 0.738807 0.966316 1.73152 1.88018
threshold=0 1 0.69249999523162853 0.004500000039115549 0.10750000178813936 2 0.0065000001341104516 0.01350000035017729 3 0.011500000022351744 4 14.500000000000002 0.0035000001080334191 5 0.0075000002980232247 2.5000000000000004 0.41050000488758093 0.0075000002980232247 6 0.21049999445676806 0.43449999392032629 7 1.5000000000000002 0.01049999985843897 0.0084999999962747114 0.11850000172853471 8 0.0054999999701976785 9 14.500000000000002
decision_type=9 9 2 2 2 9 2 2 9 2 1 2 2 9 2 2 2 2 1 2 2 9 2 2 2 2 9 2 1 2
left_child=7 2 3 10 6 -3 -5 8 9 -1 11 12 -2 14 -6 17 -17 18 19 -15 -11 -19 23 24 -23 -26 27 28 -7 -30
right_child=1 5 -4 4 13 26 -8 -9 -10 20 -12 -13 -14 15 -16 16 -18 21 -20 -21 -22 22 -24 -25 25 -27 -28 -29 29 -31
leaf_value=-0.44575402430698174 -0.14895942117501451 -0.0019306053668161356 0.25164116730868152 0.040326230697952707 -0.045051638315718776 0.037032653976253598 0.069190768823526913 0.95228082812158443 1.2166827104560101 -0.30817457748802241 -0.0013413125744690187 -0.1003586947525224 0.017544949811699625 0.074472116644414416 0.21566808791998585 0.033049851976484669 0.18868372559566979 0.05809933213294332 -0.0049359368002026352 0.050074812828667346 -0.35875176577283807 0.0076507645394315949 0.063625603505809064 0.01034122811206693 -0.1703707755430697 -0.055095489480447665 0.0027669871943571422 0.042778211806185219 -0.061223121759939027 -0.03206801349968464
leaf_weight=107 33 24535 1593 850 190 155 1130 7730 2241 49 1442 58 141 979 2583 920 1656 4596 849 1937 22 547 1953 9973 20 881 55015 5862 62 81
leaf_count=107 33 24535 1593 850 190 155 1130 7730 2241 49 1442 58 141 979 2583 920 1656 4596 849 1937 22 547 1953 9973 20 881 55015 5862 62 81
internal_value=0.000795694 0.000390391 0.00115228 0.0010244 0.00113212 0.000102893 0.00290909 0.00550389 0.00436296 -0.0105957 -0.000845878 -0.00441322 -0.00193103 0.00100222 0.00205462 0.000880967 0.00208696 0.000738441 0.00174502 0.00234997 -0.0193521 0.000527546 0.000279737 8.45813e-05 -0.00154144 -0.00272364 0.000252513 0.000875203 -0.00245638 -0.00694118
internal_weight=128190 118041 32331 30738 29064 85710 1980 10149 2419 178 1674 232 174 27084 2773 24311 2576 21735 3765 2916 71 17970 13374 11421 1448 901 61175 6160 298 143
internal_count=128190 118041 32331 30738 29064 85710 1980 10149 2419 178 1674 232 174 27084 2773 24311 2576 21735 3765 2916 71 17970 13374 11421 1448 901 61175 6160 298 143
cat_boundaries=0 1 2 3 4 5 6 7 8 9 10
cat_threshold=1880122468 2248245521 134221832 1342177280 3 272 4 2147516417 2049 1
is_linear=0
shrinkage=0.06


Tree=70
num_leaves=31
num_cat=10
split_feature=0 0 5 5 4 2 3 4 4 5 0 5 2 6 1 0 5 4 0 5 0 5 5 5 5 5 5 5 5 2
split_gain=67.8772 6.66701 3.44237 1.98888 2.07636 1.51153 1.40966 1.69005 1.85496 1.61186 1.58792 1.51354 1.75586 1.33879 1.21672 1.07688 1.18166 1.07511 1.04814 1.01591 10.506 1.23251 0.980263 0.922612 0.883466 0.841383 0.831758 1.01538 0.826107 0.819032
threshold=0 1 0.79749998450279247 0.004500000039115549 0.10750000178813936 2 2.5000000000000004 0.29150000214576727 0.28350000083446508 0.01049999985843897 3 0.0075000002980232247 4 12.500000000000002 5 6 0.0065000001341104516 0.46349999308586126 7 0.01350000035017729 8 0.011500000022351744 0.0075000002980232247 0.0075000002980232247 0.0065000001341104516 0.0065000001341104516 0.04150000028312207 0.017500000074505809 0.39350000023841863 9
decision_type=9 9 2 2 2 1 2 2 2 2 9 2 1 2 9 9 2 2 9 2 9 2 2 2 2 2 2 2 2 1
left_child=19 14 3 18 22 25 10 8 13 -9 23 12 17 26 28 -14 -17 -12 -3 20 21 -1 29 -7 -19 -6 27 -8 -2 -5
right_child=1 2 -4 4 5 6 7 9 -10 -11 11 -13 15 -15 -16 16 -18 24 -20 -21 -22 -23 -24 -25 -26 -27 -28 -29 -30 -31
leaf_value=-0.41900878284856302 0.0056484240305983311 -0.044044351453886486 0.13603354993045946 0.049666699290459491 -0.028836547889496737 -0.019158440700746706 -0.061405162793656695 -0.072480863307675059 -0.11378089303845504 0.29196269290465637 0.051254191552669359 0.017520704071338926 0.0083330253407390455 0.18537302291850566 -0.0012382130881367769 -0.12839983210404785 -0.011426982892531612 0.012420339527940265 -0.0031591916083528889 0.89514397843428917 1.1436817478286494 -0.30912404342600408 0.036084836907596271 0.181642733099184 -0.084756235196919827 0.0080954248334338223 -0.17194912946846116 0.22839494706962454 0.046622468740777523 -0.0015423867988921115
leaf_weight=107 12990 254 1944 1086 571 172 32 23 22 1389 3885 22893 955 120 54029 61 101 231 2133 7730 2241 71 1031 2748 68 9307 35 33 1767 161
leaf_count=107 12990 254 1944 1086 571 172 32 23 22 1389 3885 22893 955 120 54029 61 101 231 2133 7730 2241 71 1031 2748 68 9307 35 33 1767 161
internal_value=0.000774164 0.000369044 0.000901858 0.000800364 0.000890037 0.000795761 0.000991763 0.00269891 -0.00193388 0.00349292 0.000901331 0.000762445 0.00167629 -0.000272727 -1.25586e-05 -0.000441881 -0.00481395 0.00223748 -0.000887306 0.00548026 0.00441257 -0.00931915 0.00265496 0.00223208 -0.00122408 0.000144418 -0.0054 -0.00138462 0.000470102 0.00378669
internal_weight=128190 118041 49255 47311 44924 42646 32768 1654 242 1412 31114 28194 5301 220 68786 1117 162 4184 2387 10149 2419 178 2278 2920 299 9878 100 65 14757 1247
internal_count=128190 118041 49255 47311 44924 42646 32768 1654 242 1412 31114 28194 5301 220 68786 1117 162 4184 2387 10149 2419 178 2278 2920 299 9878 100 65 14757 1247
cat_boundaries=0 1 2 3 4 5 6 7 8 9 10
cat_threshold=1880122468 141433480 1 2147483920 4 2069 83886082 2 1342177280 5
is_linear=0
shrinkage=0.06


Tree=71
num_leaves=31
num_cat=11
split_feature=0 0 5 5 5 0 4 0 3 2 6 5 5 4 5 0 5 4 0 0 5 2 6 4 5 3 0 6 2 6
split_gain=67.5472 6.28619 2.68098 1.39844 1.90955 2.3584 1.65961 1.648 1.4909 1.37409 1.33806 1.23696 4.21433 1.35439 2.29522 1.11661 1.05422 1.24931 0.96576 0.923825 3.11125 0.922725 1.47126 0.899351 0.871518 0.797176 1.26083 0.713842 0.826976 0.986889
threshold=0 1 0.70350000262260448 0.004500000039115549 0.0065000001341104516 2 0.21049999445676806 3 1.5000000000000002 4 16.500000000000004 0.16550000011920932 0.16149999946355822 0.78349998593330394 0.41650000214576727 5 0.0075000002980232247 0.24149999767541888 6 7 0.0035000001080334191 8 14.500000000000002 0.29950000345706945 0.0035000001080334191 1.5000000000000002 9 7.5000000000000009 10 10.500000000000002
decision_type=9 9 2 2 2 9 2 9 2 1 2 2 2 2 2 9 2 2 9 9 2 1 2 2 2 2 9 2 1 2
left_child=19 2 3 21 5 6 -5 16 18 -7 11 12 -10 -13 -15 -3 -6 -18 -9 20 -1 22 24 -11 -2 26 -4 -17 29 -29
right_child=1 15 25 4 7 9 -8 8 10 23 -12 13 -14 14 -16 27 17 -19 -20 -21 -22 -23 -24 -25 -26 -27 -28 28 -30 -31
leaf_value=-0.41582827872291828 -0.13983230440801239 -0.0017404762595189436 -0.0085126510733465142 0.044197634665479144 -0.048297666796344556 0.019586758756661077 0.041528631459603088 -0.011853220205408948 0.04324916193229484 -0.16938290561290667 0.20735996238048285 0.15672369351571883 -0.19959255542586318 -0.12200824905394833 0.11859237946815113 0.039643185891745321 0.31816908910795072 0.10436840865470273 0.023965949576512827 0.87942805255589174 0.54827927155430267 -0.0010712823234997055 -0.094147621570869824 -0.01283478245916215 0.016681804319498852 0.49626804356522797 0.36494459121896228 0.0099302273353744034 0.005284356881641898 -0.0047384929223813869
leaf_weight=91 33 24535 367 1663 141 329 1579 3151 2445 105 944 1100 30 22 63 378 875 2183 14390 9569 489 1442 58 78 141 576 616 3936 41904 14957
leaf_count=91 33 24535 367 1663 141 329 1579 3151 2445 105 944 1100 30 22 63 378 875 2183 14390 9569 489 1442 58 78 141 576 616 3936 41904 14957
internal_value=0.000761994 0.000357862 0.00107065 0.000948005 0.00104502 0.00230794 0.00290037 0.000857955 0.000672986 -0.00147126 0.00163423 0.00111475 0.000351515 0.00270886 -0.00458823 8.88943e-05 0.00212964 0.00237018 0.000421071 0.00545664 0.00294915 -0.000738351 -0.00416529 -0.00550259 -0.00158621 0.0034984 0.00245982 0.000226036 0.000209912 -0.000119663
internal_weight=128190 118041 32331 30772 29098 3754 3242 25344 22145 512 4604 3660 2475 1185 85 85710 3199 3058 17541 10149 580 1674 232 183 174 1559 983 61175 60797 18893
internal_count=128190 118041 32331 30772 29098 3754 3242 25344 22145 512 4604 3660 2475 1185 85 85710 3199 3058 17541 10149 580 1674 232 183 174 1559 983 61175 60797 18893
cat_boundaries=0 1 2 3 4 5 6 7 8 9 10 11
cat_threshold=1880122468 2248245521 65552 33024 2 134221832 67108864 268435456 3 67174400 1
is_linear=0
shrinkage=0.06


Tree=72
num_leaves=31
num_cat=9
split_feature=0 0 5 0 5 5 2 0 3 4 4 5 6 4 1 5 4 4 0 5 5 5 5 5 2 5 2 4 6 5
split_gain=63.4212 6.00077 2.72892 1.89046 11.5303 2.8641 1.46501 1.46875 1.34989 1.52672 1.86798 1.56569 1.35826 1.27184 1.06086 2.96558 0.931972 0.882665 0.85083 0.845574 0.831758 1.01538 0.746846 1.06238 0.75705 1.30997 0.749029 0.742305 0.713471 0.994695
threshold=0 1 0.84950000047683727 2 0.01350000035017729 0.011500000022351744 3 4 2.5000000000000004 0.29150000214576727 0.28350000083446508 0.01049999985843897 12.500000000000002 0.43449999392032629 5 0.0035000001080334191 0.11850000172853471 0.68450000882148754 6 0.0075000002980232247 0.04150000028312207 0.017500000074505809 0.62350001931190502 0.012500000186264517 7 0.004500000039115549 8 0.23949999362230304 18.500000000000004 0.020499999634921554
decision_type=9 9 2 9 2 2 1 9 2 2 2 2 2 2 9 2 2 2 9 2 2 2 2 2 1 2 1 2 2 2
left_child=3 2 6 4 5 -1 17 19 16 10 12 -11 20 -7 15 27 18 -2 -9 -8 21 -10 23 24 -17 -26 28 -3 -25 -30
right_child=1 14 -4 -5 -6 13 7 8 9 11 -12 -13 -14 -15 -16 22 -18 -19 -20 -21 -22 -23 -24 26 25 -27 -28 -29 29 -31
leaf_value=-0.36891855915427441 0.00051287893371320412 -0.089549089040887361 0.14266314461498597 2.3695227302721498 0.36023493401622342 -0.3239023433865344 -0.013361792493772872 0.02633489104167715 -0.060315802741975087 -0.070726961225152249 -0.10954898917208558 0.26593726588744715 0.17050906406466396 -0.37144490037426092 -0.00072969127593895059 0.075356586723616642 0.018083017032533771 0.084389303651899603 -0.0078214240403831313 0.18108622740552796 -0.16422713141629131 0.21209630052950942 0.077461225271945544 0.024295776664332195 -0.035085264985577 0.0517544313823751 -0.024994275844816623 -0.032050543512174665 -0.10557379693717346 -0.0076328370156128955
leaf_weight=107 9330 34 1593 7231 2740 49 199 2301 32 23 22 1404 122 22 63951 774 25000 723 322 2885 35 33 990 3632 188 1629 1989 65 118 647
leaf_count=107 9330 34 1593 7231 2740 49 199 2301 32 23 22 1404 122 22 63951 774 25000 723 322 2885 35 33 990 3632 188 1629 1989 65 118 647
internal_value=0.00072455 0.000332958 0.000887587 0.00527355 0.00393033 -0.0108539 0.000796258 0.00099259 0.00086077 0.00251706 -0.00186885 0.00326699 -0.000216216 -0.0201972 2.99913e-06 0.000575228 0.000760888 0.000162775 0.00183683 0.00223788 -0.0054 -0.00138462 0.000678439 0.00050596 0.00153068 0.000844007 9.01975e-05 -0.00975758 0.000526889 -0.00113725
internal_weight=128190 118041 44024 10149 2918 178 42431 32378 29294 1671 244 1427 222 71 74017 10066 27623 10053 2623 3084 100 65 9967 8977 2591 1817 6386 99 4397 765
internal_count=128190 118041 44024 10149 2918 178 42431 32378 29294 1671 244 1427 222 71 74017 10066 27623 10053 2623 3084 100 65 9967 8977 2591 1817 6386 99 4397 765
cat_boundaries=0 1 2 3 4 5 6 7 8 9
cat_threshold=1880122468 2265022737 1342177280 1 2147483920 2053 67207168 8 10
is_linear=0
shrinkage=0.06


Tree=73
num_leaves=31
num_cat=10
split_feature=0 0 5 0 5 5 5 5 0 0 4 3 6 6 5 2 5 0 0 2 2 6 5 5 4 5 5 5 5 5
split_gain=61.2361 5.65132 2.49987 2.04858 9.8004 2.00597 1.4074 1.727 1.93034 1.63161 1.49459 1.32619 1.42604 1.57293 1.12346 1.12016 1.06594 0.977288 0.975375 0.921686 0.884336 1.47126 0.871518 0.804331 0.795503 0.775874 1.15112 0.828996 0.981057 0.80265
threshold=0 1 0.70350000262260448 2 0.01350000035017729 0.011500000022351744 0.004500000039115549 0.0065000001341104516 3 4 0.21049999445676806 1.5000000000000002 16.500000000000004 15.500000000000002 0.0075000002980232247 5 0.014500000048428776 6 7 8 9 14.500000000000002 0.0035000001080334191 0.019499999471008781 0.26850000023841863 0.026500000618398193 0.017500000074505809 0.066500000655651106 0.089500002562999739 0.14350000023841861
decision_type=9 9 2 9 2 2 2 2 9 9 2 2 2 2 2 1 2 9 9 1 1 2 2 2 2 2 2 2 2 2
left_child=3 2 6 4 5 -1 20 8 10 14 -8 18 13 -13 -9 -10 -6 -3 -11 -4 21 22 -2 -18 -17 26 -15 -27 -29 -30
right_child=1 17 19 -5 16 -7 7 9 15 11 -12 12 -14 25 -16 24 23 -19 -20 -21 -22 -23 -24 -25 -26 27 -28 28 29 -31
leaf_value=-0.34678344560501756 -0.13147313887955431 -0.0015922662073914549 0.34467971318806095 2.2273513664558204 0.0009757350726542313 -0.32390814337060503 0.040195124367334752 -0.046988817504666359 0.017326572209309485 -0.011626996106746564 0.037951932550074882 0.064815169882446816 0.19103556620602657 0.12438781252884766 0.30201444577677899 -0.17489088754956036 0.56707554396003013 0.0030739018907489776 0.022358530117006881 0.051822952479442783 -0.0021414987132303805 -0.088529537012640408 0.014100802597828163 0.34436836744409538 -0.01381654634494546 0.16171361111379254 -0.16382782047643757 -0.24205922886766559 0.25694923595895103 -0.16154867040610213
leaf_weight=107 33 24535 971 7231 192 71 1663 116 329 3151 1579 3383 944 21 1949 86 1477 61175 15524 588 1442 58 141 1071 97 62 27 26 44 97
leaf_count=107 33 24535 971 7231 192 71 1663 116 329 3151 1579 3383 944 21 1949 86 1477 61175 15524 588 1442 58 141 1071 97 62 27 26 44 97
internal_value=0.000709104 0.000324318 0.00100015 0.00517905 0.00378689 -0.0098427 0.000881711 0.000979037 0.00218007 0.000801137 0.00271587 0.000656705 0.00156907 0.00103279 0.00241446 -0.00124138 0.00468613 6.92956e-05 0.000432129 0.00334445 -0.000810036 -0.00416529 -0.00158621 0.00501099 -0.00488083 -0.00331408 -0.01025 -0.00186026 -0.00405988 -0.00208511
internal_weight=128190 118041 32331 10149 2918 178 30772 29098 3754 25344 3242 23279 4604 3660 2065 512 2740 85710 18675 1559 1674 232 174 2548 183 277 48 229 167 141
internal_count=128190 118041 32331 10149 2918 178 30772 29098 3754 25344 3242 23279 4604 3660 2065 512 2740 85710 18675 1559 1674 232 174 2548 183 277 48 229 167 141
cat_boundaries=0 1 2 3 4 5 6 7 8 9 10
cat_threshold=1880122468 2248245521 1342177280 65552 256 2 134221832 67108864 10 3
is_linear=0
shrinkage=0.06


Tree=74
num_leaves=31
num_cat=11
split_feature=0 0 5 0 5 0 5 5 2 5 0 0 2 5 1 5 4 4 0 2 6 4 5 5 6 4 5 5 5 5
split_gain=59.7824 5.18077 2.64507 2.39412 4.91376 2.79138 1.72321 1.56721 1.42776 1.51555 2.30036 2.0808 1.14836 1.40954 1.07336 2.61015 1.07219 0.961792 0.960966 0.949047 1.39995 0.875758 0.864544 0.851696 1.04518 0.806539 0.746913 0.743322 0.737235 1.22668
threshold=0 1 0.79749998450279247 2 0.014500000048428776 3 0.01350000035017729 0.004500000039115549 4 0.0075000002980232247 5 6 7 0.077500000596046462 8 0.0035000001080334191 0.26649999618530279 0.46349999308586126 9 10 14.500000000000002 0.2584999948740006 0.01049999985843897 0.0065000001341104516 17.500000000000004 0.21049999445676806 0.011500000022351744 1.0000000180025095e-35 0.01350000035017729 0.14150000363588336
decision_type=9 9 2 9 2 9 2 2 1 2 9 9 1 2 9 2 2 2 9 1 2 2 2 2 2 2 2 2 2 2
left_child=3 14 7 4 5 27 26 18 -9 11 22 17 16 -14 15 21 -12 19 -3 25 -21 -2 -11 24 -22 -10 -7 -1 -17 -30
right_child=1 2 -4 -5 -6 6 -8 8 9 10 12 -13 13 -15 -16 28 -18 -19 -20 20 23 -23 -24 -25 -26 -27 -28 -29 29 -31
leaf_value=0.11888286619766802 -0.076351610595678784 -0.041859404416440232 0.11993481254488016 5.906317601679512 0.55133260164789966 -0.3259764388687168 0.00091719096829478985 0.0042590892966608337 0.044427987781300513 -0.018057823184225698 0.47471015356520407 -0.014609805428351361 0.02247559553164237 0.088518405429442656 -0.00099245225644480116 0.037363511767432273 0.19740773173305767 -0.018717539346786126 -0.0038553382266638177 0.026884563361670128 -0.076527856141800382 -0.04292919893232016 0.013711149288715604 0.079359652617036952 0.38372725107953154 0.041951865635503023 -0.30447365476836891 0.90499654731937818 -0.0098273820476345586 0.03251410626509503
leaf_weight=615 45 254 1944 5386 3532 107 192 10134 2217 2398 578 780 5164 4437 58748 2757 706 314 2133 518 75 54 14915 59 22 2607 71 246 4093 3089
leaf_count=615 45 254 1944 5386 3532 107 192 10134 2217 2398 578 780 5164 4437 58748 2757 706 314 2133 518 75 54 14915 59 22 2607 71 246 4093 3089
internal_value=0.000685701 0.000305512 0.000775196 0.00510227 0.00408925 0.000833469 -0.00347368 0.000686225 0.000765827 0.000948276 0.000757075 0.0017676 0.00144011 0.00121174 -3.08737e-05 0.000542198 0.00312519 0.00215596 -0.000811898 0.00234413 0.000210527 -0.00915151 0.000326618 -0.00476923 -0.0082268 0.00263633 -0.00782022 0.00269346 0.0006393 0.000319131
internal_weight=128190 118041 49255 10149 4763 1231 370 47311 44924 34790 28198 6592 10885 9601 68786 10038 1284 5812 2387 5498 674 99 17313 156 97 4824 178 861 9939 7182
internal_count=128190 118041 49255 10149 4763 1231 370 47311 44924 34790 28198 6592 10885 9601 68786 10038 1284 5812 2387 5498 674 99 17313 156 97 4824 178 861 9939 7182
cat_boundaries=0 1 2 3 4 5 6 7 8 9 10 11
cat_threshold=1880122468 141433480 1879048192 536870912 1 50397186 67174418 4 2053 2 12
is_linear=0
shrinkage=0.06


Tree=75
num_leaves=31
num_cat=9
split_feature=0 0 0 5 0 5 5 5 0 5 5 0 0 4 3 4 6 6 5 4 5 4 5 0 2 5 4 5 4 5
split_gain=58.3366 4.77873 2.78083 4.79084 2.28189 2.2385 1.68633 2.9097 1.40569 1.1213 1.68978 2.86156 1.80305 1.24209 1.02744 1.68756 1.40797 1.08233 1.03914 1.17456 0.935951 0.883339 0.872807 0.845079 0.832645 0.963418 0.822562 0.812523 0.751969 1.49541
threshold=0 1 2 0.014500000048428776 3 0.46750000119209295 0.012500000186264517 0.0065000001341104516 4 0.004500000039115549 0.0075000002980232247 5 6 0.20850000530481341 1.5000000000000002 0.78349998593330394 16.500000000000004 15.500000000000002 0.026500000618398193 0.32150000333786016 0.34149999916553503 0.37450000643730169 0.0035000001080334191 7 8 0.0054999999701976785 0.68750000000000011 0.16550000011920932 0.67149999737739574 0.22450000047683719
decision_type=9 9 9 2 9 2 2 2 9 2 2 9 9 2 2 2 2 2 2 2 2 2 2 9 1 2 2 2 2 2
left_child=2 5 3 4 22 9 7 -6 -7 -2 11 13 -12 24 23 16 17 26 -19 -20 -3 -21 -1 -14 25 -11 28 -23 -16 -30
right_child=1 20 -4 -5 6 8 -8 -9 -10 10 12 -13 14 -15 15 -17 -18 18 19 21 -22 27 -24 -25 -26 -27 -28 -29 29 -31
leaf_value=0.1019102551457496 -0.0069900602892804965 -0.00016186014513449451 5.5519385455787411 0.51825264554902561 -0.29909784564868119 -0.011826852363830107 -0.0045980907169315905 -0.45961038524587683 0.19680860459515234 -0.061985425175792107 0.26612674944885367 -0.070012752919810892 -0.014467912135136901 0.034151464340809172 0.042570669532847071 -0.090206728336319486 0.15034368708128923 -0.096765122221904393 0.12342402085336016 -0.20835667574619801 0.0087539424010253664 -0.1571668545075022 1.4480503152278696 0.016986216799266134 0.048571660345086184 0.06919719853363171 0.24409345465932483 0.2945413502514454 -0.10176929971725002 0.39335743437420972
leaf_weight=668 1674 74421 5386 3532 99 517 251 20 2181 94 1908 323 2891 2428 2666 33 837 46 84 50 11289 58 193 13997 2026 192 227 37 27 35
leaf_count=668 1674 74421 5386 3532 99 517 251 20 2181 94 1908 323 2891 2428 2666 33 837 46 84 50 11289 58 193 13997 2026 192 227 37 27 35
internal_value=0.000674468 0.000298905 0.00503731 0.00395097 0.000735987 0.00092038 -0.00315789 -0.00912605 0.00257524 0.00077002 0.000860331 0.00185226 0.000640986 0.00222316 0.000479474 0.00133171 0.00144136 0.000873065 -0.00272727 -0.00107424 6.43959e-05 -0.00434483 0.00241791 0.000272857 0.00322318 0.000121622 0.00120812 -0.000947368 0.000919355 -0.0056129
internal_weight=128190 118041 10149 4763 1231 32331 370 119 2698 29633 27959 5063 22896 4740 20988 4100 4067 3230 275 229 85710 145 861 16888 2312 286 2955 95 2728 62
internal_count=128190 118041 10149 4763 1231 32331 370 119 2698 29633 27959 5063 22896 4740 20988 4100 4067 3230 275 229 85710 145 861 16888 2312 286 2955 95 2728 62
cat_boundaries=0 1 2 3 4 5 6 7 8 9
cat_threshold=1880122468 2248245521 1879048192 536870912 65536 67174416 256 67108864 2
is_linear=0
shrinkage=0.06


Tree=76
num_leaves=31
num_cat=10
split_feature=0 0 0 5 5 0 5 5 3 5 4 5 5 0 0 5 2 5 5 2 0 5 5 4 1 5 4 5 4 4
split_gain=58.023 4.3862 2.96549 4.60544 2.70469 2.28189 1.68633 2.9097 1.44639 1.3911 3.36765 1.11221 1.41433 3.50622 1.9112 1.19966 2.60929 7.59957 1.60229 1.18573 1.1794 7.06653 1.02377 0.944471 0.938587 2.33072 0.911577 0.872807 0.869843 1.55691
threshold=0 1 2 0.014500000048428776 0.84950000047683727 3 0.012500000186264517 0.0065000001341104516 2.5000000000000004 0.41650000214576727 0.78349998593330394 0.004500000039115549 0.0075000002980232247 4 5 0.014500000048428776 6 0.0094999996945261973 0.077500000596046462 7 8 0.0094999996945261973 0.0054999999701976785 0.47450000047683721 9 0.0035000001080334191 0.36249999701976782 0.0035000001080334191 0.68450000882148754 0.67149999737739574
decision_type=9 9 9 2 2 9 2 2 2 2 2 2 2 9 9 2 1 2 2 1 9 2 2 2 9 2 2 2 2 2
left_child=2 24 3 5 8 27 7 -7 11 10 28 -3 13 -13 -14 16 17 -16 19 -17 -18 -22 -15 -21 25 -2 -19 -1 29 -10
right_child=1 4 -4 -5 -6 6 -8 -9 9 -11 -12 12 14 22 15 18 20 26 -20 23 21 -23 -24 -25 -26 -27 -28 -29 -30 -31
leaf_value=0.095795639837004384 -0.046131317504186378 -0.0071637854974210781 5.2188222328440173 0.48715748681608406 0.11877437110276008 -0.28115197490976074 -0.004322205273916079 -0.43203376213112399 0.060298100101334878 0.41970436655133325 -0.13817480498692428 0.033106317267613448 0.0054656199691403631 -0.0768430761555772 -0.44059882173058124 0.077200855480990135 0.28053533195112162 0.12101612354919737 0.086703604794342568 -0.029433091143490492 -0.32507850065735311 0.090384369099340403 -0.0079138150869842664 -0.14364672422605859 -0.0008495532014632125 0.026292439586078211 -0.079512268678229706 1.3611672963141972 0.31490629460637759 -0.15291742174020995
leaf_weight=668 54 2387 5386 3532 1727 99 251 20 1955 486 21 6185 27333 283 43 1153 1750 229 2633 1212 30 197 1090 280 61915 6817 48 193 173 40
leaf_count=668 54 2387 5386 3532 1727 99 251 20 1955 486 21 6185 27333 283 43 1153 1750 229 2633 1212 30 197 1090 280 61915 6817 48 193 173 40
internal_value=0.000656682 0.000282133 0.00500778 0.00388812 0.0007143 0.000735987 -0.00315789 -0.00912605 0.000629692 0.00198505 0.00134034 0.00054886 0.000619696 0.00136385 0.000458577 0.00130125 0.00244754 -0.00254545 0.000804851 -0.000238185 0.00325214 -0.000835443 -0.00137527 -0.0013502 -2.73851e-05 0.000637408 0.00101805 0.00241791 0.00157196 0.00121805
internal_weight=128190 118041 10149 4763 49255 1231 370 119 47528 2675 2189 44853 42466 7558 34908 7575 2297 320 5278 2645 1977 227 1373 1492 68786 6871 277 861 2168 1995
internal_count=128190 118041 10149 4763 49255 1231 370 119 47528 2675 2189 44853 42466 7558 34908 7575 2297 320 5278 2645 1977 227 1373 1492 68786 6871 277 861 2168 1995
cat_boundaries=0 1 2 3 4 5 6 7 8 9 10
cat_threshold=1880122468 141433480 1879048192 536870912 67174418 117506050 2 6 33025 2049
is_linear=0
shrinkage=0.06


Tree=77
num_leaves=31
num_cat=9
split_feature=0 0 0 5 5 0 5 5 3 5 4 5 0 6 6 4 5 2 5 0 5 5 0 5 5 5 5 4 5 1
split_gain=57.429 4.05122 3.19441 4.38778 2.47505 2.09981 1.49593 3.05196 1.48585 2.0094 1.16003 1.76853 1.09023 1.01814 1.10531 0.982876 0.956552 1.33291 2.12703 1.26253 1.70563 1.22694 2.21358 1.13943 1.02436 0.968257 0.925847 0.927536 0.891308 0.88699
threshold=0 1 2 0.014500000048428776 0.86349999904632579 3 0.012500000186264517 0.0065000001341104516 1.5000000000000002 0.35649999976158148 0.78349998593330394 0.45350000262260443 4 16.500000000000004 15.500000000000002 0.24149999767541888 0.027500000782310966 5 0.004500000039115549 6 0.0075000002980232247 0.0094999996945261973 7 0.0065000001341104516 0.004500000039115549 0.01049999985843897 0.2334999963641167 0.46349999308586126 0.0065000001341104516 8
decision_type=9 9 9 2 2 9 2 2 2 2 2 2 9 2 2 2 2 1 2 9 2 2 9 2 2 2 2 2 2 9
left_child=2 29 3 5 8 -1 7 -7 12 13 -11 -12 -3 14 -10 16 17 19 -19 23 24 22 -20 -14 -21 -22 -15 -28 -24 -2
right_child=1 4 -4 -5 -6 6 -8 -9 9 10 11 -13 15 26 -16 -17 -18 18 21 20 25 -23 28 -25 -26 -27 27 -29 -30 -31
leaf_value=0.19468801441012032 -0.001617754110413965 0.0032553356981678402 4.9056928988733759 0.45792803760711881 0.1127669234794839 -0.26428285641517502 -0.0040628729574807313 -0.40611173640325637 0.035649589588893492 0.30469079064078003 -0.12988431827857114 0.14267831689331345 -0.061598772661573556 0.165039964519378 -0.059653266944768149 0.018483165242017031 -0.027220241457855444 -0.089653065323757247 0.013420221759417076 0.0046832148609492648 -0.035391548750149646 0.11618468862417852 0.043254138572779377 0.20437133870219013 0.041776661472930597 0.027585491236770017 -0.12933575937396397 0.064244204934850294 -0.29519692725061031 0.0035808973058108779
leaf_weight=861 42321 20032 5386 3532 1660 99 251 20 2918 829 20 76 49 590 261 14787 707 58 307 915 696 609 25 920 2197 1354 46 92 107 26465
leaf_count=861 42321 20032 5386 3532 1660 99 251 20 2918 829 20 76 49 590 261 14787 707 58 307 915 696 609 25 920 2197 1354 46 92 107 26465
internal_value=0.000643576 0.000270951 0.00497234 0.0038127 0.000686289 0.000735987 -0.003 -0.00862185 0.000606997 0.0016043 0.00411892 -0.002125 0.000494306 0.00100896 0.000545455 0.000778594 0.00131722 0.00152301 -0.000397849 0.00186712 0.00148724 0.000217557 -0.00220046 0.00385495 0.00237532 0.000146342 0.00303297 -0.0013913 -0.0083662 -2.65129e-05
internal_weight=128190 118041 10149 4763 49255 1231 370 119 47595 4832 925 96 42763 3907 3179 22731 7944 7237 1106 6131 5162 1048 439 969 3112 2050 728 138 132 68786
internal_count=128190 118041 10149 4763 49255 1231 370 119 47595 4832 925 96 42763 3907 3179 22731 7944 7237 1106 6131 5162 1048 439 969 3112 2050 728 138 132 68786
cat_boundaries=0 1 2 3 4 5 6 7 8 9
cat_threshold=1880122468 141433480 1879048192 536870912 83886082 12 257 65536 1056
is_linear=0
shrinkage=0.06


Tree=78
num_leaves=31
num_cat=9
split_feature=0 0 0 5 5 5 2 5 0 5 3 5 5 0 4 4 6 5 5 4 4 0 5 2 5 5 5 2 6 5
split_gain=56.8381 4.11853 2.7659 3.3917 2.22098 2.06204 1.43402 2.11215 1.2487 2.16689 1.2147 1.18079 1.86753 1.17686 1.03772 1.72194 1.00058 1.1929 1.29963 0.912121 0.979058 0.884981 0.863666 2.90714 2.51028 0.831307 0.82049 0.689774 1.16589 0.947012
threshold=0 1 2 0.014500000048428776 0.0025000000605359678 0.70350000262260448 3 0.01350000035017729 4 0.0075000002980232247 2.5000000000000004 0.0075000002980232247 0.004500000039115549 5 0.29150000214576727 0.28350000083446508 13.500000000000002 0.04150000028312207 0.017500000074505809 0.45949999988079077 0.48749999701976782 6 0.020499999634921554 7 0.030499999411404136 0.0035000001080334191 0.34149999916553503 8 13.500000000000002 0.0065000001341104516
decision_type=9 9 9 2 2 2 1 2 9 2 2 2 2 9 2 2 2 2 2 2 2 9 2 1 2 2 2 1 2 2
left_child=2 4 3 6 -2 8 7 -1 9 -6 11 12 -10 19 15 16 17 18 -12 27 -21 -7 -5 -24 -25 -8 -3 28 -14 -30
right_child=1 26 -4 22 5 21 25 -9 10 -11 14 -13 13 -15 -16 -17 -18 -19 -20 20 -22 -23 23 24 -26 -27 -28 -29 29 -31
leaf_value=-0.21826495400445819 -0.25574589246355967 -0.00020510794943634692 4.6113513249409737 0.42261097977075163 -0.065706877969703995 -0.0039823996739633081 0.078366620582175986 0.0015811366589099406 -0.0038837771003829144 0.25138598409956159 -0.042837022743444711 0.0085705788245755126 0.048873668644566652 -0.074317737678679399 0.12324389136816795 -0.095583266375812159 0.057913776095565278 -0.16792205100954391 0.081513300290761967 -0.1401944847662476 0.054244896185151451 0.28526416175723129 1.4857167469711443 -0.16714679699450413 0.17005309614610781 1.2393758494182108 0.0077439168607608966 0.038622966668737893 -0.058777154388776863 0.18118957551903253
leaf_weight=66 97 74421 5386 1545 172 255 668 189 1667 2372 50 19535 382 161 2239 42 157 35 58 70 124 1361 1023 87 410 195 11289 3949 129 56
leaf_count=66 97 74421 5386 1545 172 255 668 189 1667 2372 50 19535 382 161 2239 42 157 35 58 70 124 1361 1023 87 410 195 11289 3949 129 56
internal_value=0.000627194 0.000268109 0.00507297 0.00388218 0.000838553 0.000865606 0.00106261 -0.00283019 0.000757356 0.00202976 0.000643455 0.000520769 0.00121872 0.00181195 0.00188532 -0.00119298 0.0004 -0.00323077 -0.000111111 0.00198305 -0.00204124 0.00295545 0.00492333 0.00390789 8.28405e-05 0.00221993 4.8997e-05 0.00216032 0.000176777 -0.00372973
internal_weight=128190 118621 9569 4183 32911 32814 1118 255 31198 2544 28654 26073 6538 4871 2581 342 300 143 108 4710 194 1616 3065 1520 497 863 85710 4516 567 185
internal_count=128190 118621 9569 4183 32911 32814 1118 255 31198 2544 28654 26073 6538 4871 2581 342 300 143 108 4710 194 1616 3065 1520 497 863 85710 4516 567 185
cat_boundaries=0 1 2 3 4 5 6 7 8 9
cat_threshold=1611687012 2516680977 1610612736 16 268435712 67174416 65536 12 2
is_linear=0
shrinkage=0.06


Tree=79
num_leaves=31
num_cat=9
split_feature=0 0 0 5 3 0 5 2 0 5 5 5 4 0 5 4 4 5 5 4 5 0 5 5 5 5 2 5 4 5
split_gain=56.8649 3.67953 2.77542 3.48665 2.14683 1.75221 2.15331 5.00589 6.44175 6.16961 2.01188 1.74258 1.94454 1.36095 1.97796 1.16095 1.56632 1.15008 1.0613 0.946113 0.863666 2.72555 1.2996 0.857094 0.831292 1.96522 1.9996 1.40268 1.03989 0.91288
threshold=0 1 2 0.014500000048428776 2.5000000000000004 3 0.0094999996945261973 4 5 0.0065000001341104516 0.0084999999962747114 0.41650000214576727 0.78349998593330394 6 0.01350000035017729 0.29150000214576727 0.28350000083446508 0.284500002861023 0.0065000001341104516 0.30550000071525579 0.020499999634921554 7 0.030499999411404136 0.0035000001080334191 0.004500000039115549 0.0075000002980232247 8 0.0065000001341104516 0.46349999308586126 0.085500001907348647
decision_type=9 9 9 2 2 9 2 1 9 2 2 2 2 9 2 2 2 2 2 2 2 9 2 2 2 2 1 2 2 2
left_child=2 -2 3 13 5 24 7 18 -9 -10 -11 12 15 23 -15 16 -6 19 -7 -8 -5 -22 -23 -1 -3 26 28 -28 -26 -27
right_child=1 4 -4 20 11 6 17 8 9 10 -12 -13 -14 14 -16 -17 -18 -19 -20 -21 21 22 -24 -25 25 29 27 -29 -30 -31
leaf_value=0.073664623347244745 -0.00023900691690126259 -0.0067744378681525294 4.3346702454445145 0.39725432098450653 -0.0017713412122398607 -0.1123259606346541 0.17158855211029303 0.026615329023647293 -0.26434117418946557 -0.48362686141748434 -0.29572655880567039 0.38490021907131206 -0.12948589107308472 -0.20119902786712529 0.0014862684593751395 0.10559254586036985 -0.089848270393263457 0.28486735867869772 0.19631189564641488 0.047498920617003233 1.8199342664919711 -0.1268780753202077 0.20701000462294444 1.193453426705646 0.033374376817367213 0.0010166445706086605 -0.019224562581399093 0.024910634612322576 -0.022535252859707821 0.017508824905948153
leaf_weight=668 68786 2359 5386 1545 300 45 1646 239 100 34 50 826 21 68 189 1826 42 933 482 2645 919 122 479 193 4812 20022 1364 826 299 10964
leaf_count=668 68786 2359 5386 1545 300 45 1646 239 100 34 50 826 21 68 189 1826 42 933 482 2645 919 122 479 193 4812 20022 1364 826 299 10964
internal_value=0.000613621 0.000254453 0.00506044 0.00386788 0.000647006 0.000547202 0.00148836 -0.00113684 -0.00591686 -0.0141031 -0.0268571 0.00219901 0.00131293 0.00100894 -0.00276404 0.00148893 -0.0017193 0.00196861 0.00275978 0.00155348 0.00492333 0.00390789 0.000697218 0.00214237 0.000403778 0.000471231 0.0013568 -0.000163636 0.00200469 0.00026257
internal_weight=128190 118621 9569 4183 49835 46820 6174 950 423 184 84 3015 2189 1118 257 2168 342 5224 527 4291 3065 1520 601 861 40646 38287 7301 2190 5111 30986
internal_count=128190 118621 9569 4183 49835 46820 6174 950 423 184 84 3015 2189 1118 257 2168 342 5224 527 4291 3065 1520 601 861 40646 38287 7301 2190 5111 30986
cat_boundaries=0 1 2 3 4 5 6 7 8 9
cat_threshold=1611687012 141433480 1610612736 117506051 4 32784 536870912 536870912 4
is_linear=0
shrinkage=0.06


end of trees

feature_importances:
fatigue=1049
step=498
staff=330
load=220
hour=125
station=114
batch_size=64

parameters:
[boosting: gbdt]
[objective: quantile]
[metric: quantile]
[tree_learner: serial]
[device_type: cpu]
[data_sample_strategy: bagging]
[data: ]
[valid: ]
[num_iterations: 80]
[learning_rate: 0.06]
[num_leaves: 31]
[num_threads: 4]
[seed: 0]
[deterministic: 0]
[force_col_wise: 0]
[force_row_wise: 0]
[histogram_pool_size: -1]
[max_depth: -1]
[min_data_in_leaf: 20]
[min_sum_hessian_in_leaf: 0.001]
[bagging_fraction: 1]
[pos_bagging_fraction: 1]
[neg_bagging_fraction: 1]
[bagging_freq: 0]
[bagging_seed: 7719]
[bagging_by_query: 0]
[feature_fraction: 1]
[feature_fraction_bynode: 1]
[feature_fraction_seed: 2437]
[extra_trees: 0]
[extra_seed: 11797]
[early_stopping_round: 0]
[early_stopping_min_delta: 0]
[first_metric_only: 0]
[max_delta_step: 0]
[lambda_l1: 0]
[lambda_l2: 0]
[linear_lambda: 0]
[min_gain_to_split: 0]
[drop_rate: 0.1]
[max_drop: 50]
[skip_drop: 0.5]
[xgboost_dart_mode: 0]
[uniform_drop: 0]
[drop_seed: 21238]
[top_rate: 0.2]
[other_rate: 0.1]
[min_data_per_group: 100]
[max_cat_threshold: 32]
[cat_l2: 10]
[cat_smooth: 10]
[max_cat_to_onehot: 4]
[top_k: 20]
[monotone_constraints: ]
[monotone_constraints_method: basic]
[monotone_penalty: 0]
[feature_contri: ]
[forcedsplits_filename: ]
[refit_decay_rate: 0.9]
[cegb_tradeoff: 1]
[cegb_penalty_split: 0]
[cegb_penalty_feature_lazy: ]
[cegb_penalty_feature_coupled: ]
[path_smooth: 0]
[interaction_constraints: ]
[verbosity: -1]
[saved_feature_importance_type: 0]
[use_quantized_grad: 0]
[num_grad_quant_bins: 4]
[quant_train_renew_leaf: 0]
[stochastic_rounding: 1]
[linear_tree: 0]
[max_bin: 255]
[max_bin_by_feature: ]
[min_data_in_bin: 3]
[bin_construct_sample_cnt: 200000]
[data_random_seed: 38]
[is_enable_sparse: 1]
[enable_bundle: 1]
[use_missing: 1]
[zero_as_missing: 0]
[feature_pre_filter: 1]
[pre_partition: 0]
[two_round: 0]
[header: 0]
[label_column: ]
[weight_column: ]
[group_column: ]
[ignore_column: ]
[categorical_feature: 0,1,2]
[forcedbins_filename: ]
[precise_float_parser: 0]
[parser_config_file: ]
[objective_seed: 8855]
[num_class: 1]
[is_unbalance: 0]
[scale_pos_weight: 1]
[sigmoid: 1]
[boost_from_average: 1]
[reg_sqrt: 0]
[alpha: 0.1]
[fair_c: 1]
[poisson_max_delta_step: 0.7]
[tweedie_variance_power: 1.5]
[lambdarank_truncation_level: 30]
[lambdarank_norm: 1]
[label_gain: ]
[lambdarank_position_bias_regularization: 0]
[eval_at: ]
[multi_error_top_k: 1]
[auc_mu_weights: ]
[num_machines: 1]
[local_listen_port: 12400]
[time_out: 120]
[machine_list_filename: ]
[machines: ]
[gpu_platform_id: -1]
[gpu_device_id: -1]
[gpu_device_id_list: ]
[gpu_use_dp: 0]
[num_gpu: 1]

end of parameters

pandas_categorical:null
