tree
version=v4
num_class=1
num_tree_per_iteration=1
label_index=0
max_feature_idx=6
objective=quantile
feature_names=step station staff batch_size load fatigue hour
feature_infos=-1:12:19:16:11:24:26:18:1:17:0:7:30:8:29:2:31:15:21:10:4:5:27:3:13:20:9:28:25:22:6:14 -1:10:5:13:8:0:4:11:9:2:3:12:6:1:14 -1:2:1:0:3:4 [1:6] [0:0.90399998426437378] [0:1] [7:22]
tree_sizes=2687 2827 2821 2835 2834 2840 2835 2858 2853 2846 2860 2866 2835 2848 2877 2865 2870 2901 2892 2892 2903 2899 2919 2934 2888 2910 2928 2935 2914 2929 2901 2899 2917 2891 2920 2895 2883 2880 2887 2874 2879 2870 2866 2890 2889 2865 2877 2868 2889 2900 2870 2873 2875 2862 2912 2846 2860 2873 2872 2857 2912 2856 2888 2836 2912 2881 2865 2877 2883 2825 2853 2868 2866 2899 2812 2857 2887 2830 2820 2856

Tree=0
num_leaves=31
num_cat=13
split_feature=0 1 0 0 0 5 5 5 5 1 5 2 5 5 1 5 2 2 5 6 5 2 5 2 5 0 5 5 5 5
split_gain=18661.8 3394.1 829.611 267.389 193.551 217.574 143.186 94.6457 83.2146 47.9678 44.2232 40.5922 32.4698 34.9372 34.3397 31.8271 20.5271 16.3825 15.2049 15.1261 14.8255 14.1937 11.6392 11.0556 10.4925 10.0664 9.65198 9.41325 8.17468 9.81228
threshold=0 1 2 3 4 0.004500000039115549 0.0054999999701976785 0.0054999999701976785 0.0035000001080334191 5 0.0035000001080334191 6 0.0084999999962747114 0.004500000039115549 7 0.0084999999962747114 8 9 0.004500000039115549 8.5000000000000018 0.67350000143051159 10 0.33750000596046453 11 0.0054999999701976785 12 0.13749999552965167 0.43349999189376837 0.29649999737739569 0.0075000002980232247
decision_type=9 9 9 9 9 2 2 2 2 9 2 1 2 2 9 2 1 1 2 2 2 1 2 1 2 9 2 2 2 2
left_child=1 7 6 8 5 10 -2 18 -3 24 11 -4 13 16 19 -8 -10 28 -1 -14 23 -16 -19 -17 -5 -15 -21 -9 29 -7
right_child=2 3 4 9 -6 17 15 27 12 -11 -12 -13 14 25 21 20 -18 22 -20 26 -22 -23 -24 -25 -26 -27 -28 -29 -30 -31
leaf_value=23.465599384307861 23.568799400329588 22.949599361419679 23.45389934539795 23.449999313354493 26.563399391174315 24.207799377441408 23.92639934539795 24.373699340820313 23.635999393463134 22.855399379730226 23.769499359130858 23.803399391174317 76.367899208068849 23.290699386596678 23.121199340820311 23.72629934310913 23.350099315643309 23.941999359130861 23.712199363708496 23.487799377441405 24.046399345397948 23.022199363708495 24.162199363708496 23.832199363708497 23.562199363708498 23.500999336242675 23.695699329376222 24.867799377441408 24.28639934539795 24.114799308776856
leaf_weight=110 957 3009 248 169 28131 4352 1374 4824 298 39059 1530 165 46 1286 10139 1200 630 4419 188 232 291 3624 733 3752 627 942 282 950 2048 12575
leaf_count=110 957 3009 248 169 28131 4352 1374 4824 298 39059 1530 165 46 1286 10139 1200 630 4419 188 232 291 3624 733 3752 627 942 282 950 2048 12575
internal_value=23.72 23.6979 23.7437 23.6936 23.7463 23.7426 23.7251 23.7407 23.6992 23.6907 23.7233 23.7058 23.7008 23.7063 23.6996 23.7282 23.6965 23.7441 23.7077 23.7145 23.7261 23.699 23.7408 23.7253 23.7059 23.7104 23.7115 23.7424 23.745 23.7446
internal_weight=128190 66415 61775 60343 54201 26070 7574 6072 20488 39855 1943 413 17479 3156 14323 6617 928 24127 298 560 5243 13763 5152 4952 796 2228 514 5774 18975 16927
internal_count=128190 66415 61775 60343 54201 26070 7574 6072 20488 39855 1943 413 17479 3156 14323 6617 928 24127 298 560 5243 13763 5152 4952 796 2228 514 5774 18975 16927
cat_boundaries=0 1 2 3 4 5 6 7 8 9 10 11 12 13
cat_threshold=141433352 1 130 264712 16842752 4 4 2048 4 6 3 1 2048
is_linear=0
shrinkage=1


Tree=1
num_leaves=31
num_cat=12
split_feature=0 1 0 0 0 5 5 5 5 1 5 2 5 5 0 5 2 2 2 5 6 5 5 5 5 5 2 5 5 5
split_gain=18092 3171.62 801.34 307.864 218.21 205.174 126.79 96.6758 87.5786 50.9175 44.4443 39.0554 33.3186 39.2734 32.0881 29.1949 22.9346 19.0763 18.8777 15.2049 14.8741 13.6863 13.231 10.7411 10.3724 9.90676 9.86691 9.3986 9.32374 11.9155
threshold=0 1 2 3 4 0.004500000039115549 0.0054999999701976785 0.0035000001080334191 0.0054999999701976785 5 0.0035000001080334191 6 0.0084999999962747114 0.004500000039115549 7 0.0084999999962747114 8 9 10 0.004500000039115549 8.5000000000000018 0.67350000143051159 0.33750000596046453 0.43349999189376837 0.24949999898672107 0.004500000039115549 11 0.004500000039115549 0.29649999737739569 0.0075000002980232247
decision_type=9 9 9 9 9 2 2 2 2 9 2 1 2 2 9 2 1 1 1 2 2 2 2 2 2 2 1 2 2 2
left_child=1 8 6 7 5 10 25 -3 19 27 11 -4 13 16 20 -8 -9 -16 28 -1 -14 26 -20 -10 -22 -2 -17 -5 29 -7
right_child=2 3 4 9 -6 18 15 12 23 -11 -12 -13 14 -15 17 21 -18 -19 22 -21 24 -23 -24 -25 -26 -27 -28 -29 -30 -31
leaf_value=-0.23913593330383298 -0.29152801895141595 -0.72417595481872565 -0.25013396987915043 -0.34799992446899414 2.6727960731506348 0.45853206024169912 0.19401603012084953 -0.078959924697875924 0.61447802581787103 -0.81272393760681161 0.04653004302978523 0.078396073150634751 49.489025901031496 -0.32195092048645013 -0.56947195358276359 0.0059220279693604277 -0.34770599784851064 -0.67153196640014634 0.20868004302978505 -0.0073319526672363366 -0.19786793060302726 0.30681603012084968 0.41566804733276369 1.0789320602416992 -0.01070693035125732 -0.083627952575683506 0.1054680473327636 -0.14263193664550791 0.53241603012084959 0.37111199569702141
leaf_weight=110 333 3009 248 110 28131 4352 1374 298 4824 39059 1530 165 46 2228 9965 1200 630 3447 4419 188 573 291 733 950 292 624 3752 686 2048 12575
leaf_count=110 333 3009 248 110 28131 4352 1374 298 4824 39059 1530 165 46 2228 9965 1200 630 3447 4419 188 573 291 733 950 292 624 3752 686 2048 12575
internal_value=-0.000175521 -0.021913 0.0231945 -0.0260731 0.025751 0.0217592 0.00488924 -0.0200566 0.0194048 -0.0291602 0.00301081 -0.0144552 -0.0183563 -0.0127757 -0.019586 0.00784797 -0.0231466 -0.0203263 0.0232781 -0.0122819 -0.00837134 0.00580774 0.0197947 0.0210738 -0.0102312 -0.0155172 0.00506462 -0.0135484 0.0242007 0.0237508
internal_weight=128190 66415 61775 60343 54201 26070 7574 20488 6072 39855 1943 413 17479 3156 14323 6617 928 13412 24127 298 911 5243 5152 5774 865 957 4952 796 18975 16927
internal_count=128190 66415 61775 60343 54201 26070 7574 20488 6072 39855 1943 413 17479 3156 14323 6617 928 13412 24127 298 911 5243 5152 5774 865 957 4952 796 18975 16927
cat_boundaries=0 1 2 3 4 5 6 7 8 9 10 11 12
cat_threshold=141433352 1 130 264712 16842752 4 4 520 4 3 6 1
is_linear=0
shrinkage=0.06


Tree=2
num_leaves=31
num_cat=14
split_feature=0 1 0 0 0 5 5 5 5 1 5 2 5 5 1 2 5 2 2 1 3 5 5 5 5 5 5 2 5 0
split_gain=17334.1 2974.29 761.975 337.3 220.225 193.444 113.483 107.87 81.3105 54.8069 42.7324 39.0554 33.8915 42.2054 29.6926 25.4504 24.0791 21.1584 20.3429 19.2598 49.795 23.1878 15.2049 14.723 14.2721 11.774 10.887 31.5308 15.2786 10.445
threshold=0 1 2 3 4 0.004500000039115549 0.0054999999701976785 0.0035000001080334191 0.0054999999701976785 5 0.0035000001080334191 6 0.0084999999962747114 0.004500000039115549 7 8 0.0084999999962747114 9 10 11 1.5000000000000002 0.0035000001080334191 0.004500000039115549 0.13149999827146533 0.33750000596046453 0.67350000143051159 0.0075000002980232247 12 0.29649999737739569 13
decision_type=9 9 9 9 9 2 2 2 2 9 2 1 2 2 9 1 2 1 1 9 2 2 2 2 2 2 2 1 2 9
left_child=1 8 6 7 5 10 -2 -3 22 -5 11 -4 13 15 23 -9 -8 -16 26 20 21 -6 -1 -14 -20 -18 27 -7 -28 -11
right_child=2 3 4 9 19 18 16 12 -10 29 -12 -13 14 -15 17 -17 25 -19 24 -21 -22 -23 -24 -25 -26 -27 28 -29 -30 -31
leaf_value=-0.22478777730560309 -0.13423622795104984 -0.68072539752960204 -0.23512593168640136 -0.17277404791259776 -0.26077170726013177 0.48202015951538085 0.18237506831359859 -0.07422232921600333 0.64150937631225591 -0.41296053568267826 0.043738240447998039 0.073692308761596617 -0.21359591427612293 -0.30263386525726305 -0.52870365696716304 -0.32684363797759997 0.078003350269317581 -0.61564003468322748 0.19615924044799804 5.1266282904510501 1.5968281805877684 0.36802820805358888 -0.0068920355072021522 0.045900501834869371 0.39072796449279779 0.28840706831359875 0.34884527595520021 0.12562012747192383 0.50047106831359855 -0.80116055170440681
leaf_weight=110 957 3009 248 796 32 3785 1374 298 5774 5881 1530 165 231 2228 10139 630 4952 3624 4419 19083 5234 3782 188 329 733 291 12575 567 2048 33178
leaf_count=110 957 3009 248 796 32 3785 1374 298 5774 5881 1530 165 231 2228 10139 630 4952 3624 4419 19083 5234 3782 188 329 733 291 12575 567 2048 33178
internal_value=-0.000484905 -0.0217621 0.0223904 -0.0257908 0.0248833 0.0208758 0.00454114 -0.0194975 0.0182506 -0.0290202 0.00267113 -0.0144552 -0.0177007 -0.0120722 -0.0189409 -0.0228233 0.00734018 -0.0194881 0.0223505 0.0285885 0.0260455 0.02086 -0.0122819 -0.00505263 0.0187718 0.00548732 0.0233 0.0259467 0.0225282 -0.0293458
internal_weight=128190 66415 61775 60343 54201 26070 7574 20488 6072 39855 1943 413 17479 3156 14323 928 6617 13763 24127 28131 9048 3814 298 560 5152 5243 18975 4352 14623 39059
internal_count=128190 66415 61775 60343 54201 26070 7574 20488 6072 39855 1943 413 17479 3156 14323 928 6617 13763 24127 28131 9048 3814 298 560 5152 5243 18975 4352 14623 39059
cat_boundaries=0 1 2 3 4 5 6 7 8 9 10 11 12 13 14
cat_threshold=141433352 1 130 264712 16842752 4 4 2048 4 3 6 36 4 2228224
is_linear=0
shrinkage=0.06


Tree=3
num_leaves=31
num_cat=14
split_feature=0 1 0 0 0 5 5 5 5 1 5 0 0 3 5 5 0 5 2 2 2 5 5 5 5 5 2 5 6 0
split_gain=16644.3 2792.33 729.095 368.719 226.645 187.453 119.804 95.5162 75.6298 61.1349 42.8586 37.6183 36.5371 46.5918 33.6324 53.1199 32.7098 30.1709 28.1353 27.012 24.2882 19.5772 16.0525 15.2049 14.7366 14.5882 34.5806 17.6102 13.6617 13.2765
threshold=0 1 2 3 4 0.004500000039115549 0.0035000001080334191 0.0054999999701976785 0.0054999999701976785 5 0.0035000001080334191 6 7 1.5000000000000002 0.0075000002980232247 0.004500000039115549 8 0.0075000002980232247 9 10 11 0.0084999999962747114 0.0035000001080334191 0.004500000039115549 0.22150000184774402 0.0075000002980232247 12 0.31049999594688421 8.5000000000000018 13
decision_type=9 9 9 9 9 2 2 2 2 9 2 9 9 2 2 2 9 2 1 1 1 2 2 2 2 2 1 2 2 9
left_child=1 8 7 6 5 10 -3 -2 23 -5 11 -4 13 17 15 19 28 22 -18 -8 25 -9 -6 -1 -22 26 -7 -27 -16 -11
right_child=2 3 4 9 12 20 14 21 -10 29 -12 -13 -14 -15 16 -17 18 -19 -20 -21 24 -23 -24 -25 -26 27 -28 -29 -30 -31
leaf_value=-0.21130051066726685 -0.12618205427398685 -0.6398818736778259 0.070470683260803135 -0.16240760503784193 -0.2451254048245238 0.45309894994445787 -0.069768989463043163 0.17143256421478276 0.6030188137335204 -0.38818290354171758 0.041113946021118224 -0.22311836662994386 6.0898306113345333 1.5010184897525025 46.516930316859508 -0.17076689436172471 -0.50358141694976799 0.56263067542144762 -0.59790161429168698 -0.30723301969894401 0.18198963108947758 0.086386516719131515 0.17104657507965099 -0.0064785133767699676 0.31938968602111822 0.32791455939788822 0.11808291982360848 0.47674277674896243 -0.12262148619415271 -0.75309091860214239
leaf_weight=110 957 3009 161 796 32 3785 298 1374 5774 5881 1530 252 15024 5234 46 1821 10211 7045 3589 630 4101 5243 796 188 1051 12643 567 1980 884 33178
leaf_count=110 957 3009 161 796 32 3785 298 1374 5774 5881 1530 252 15024 5234 46 1821 10211 7045 3589 630 4101 5243 796 188 1051 12643 567 1980 884 33178
internal_value=-0.000755441 -0.021605 0.0216601 -0.0255084 0.0240986 0.020036 -0.0189326 0.00420095 0.0171654 -0.0288832 0.00211529 -0.0150363 0.0278551 0.0253983 -0.0170382 -0.0109458 -0.0181752 0.022501 -0.018908 -0.0226293 0.0214875 0.00676893 0.0116667 -0.0122819 0.0176327 0.022513 0.0255744 0.0216173 -0.00702128 -0.029226
internal_weight=128190 66415 61775 60343 54201 26070 20488 7574 6072 39855 1943 413 28131 13107 17479 2749 14730 7873 13800 928 24127 6617 828 298 5152 18975 4352 14623 930 39059
internal_count=128190 66415 61775 60343 54201 26070 20488 7574 6072 39855 1943 413 28131 13107 17479 2749 14730 7873 13800 928 24127 6617 828 298 5152 18975 4352 14623 930 39059
cat_boundaries=0 1 2 3 4 5 6 7 8 9 10 11 12 13 14
cat_threshold=141433352 1 130 264712 16842752 4 16777216 67158017 520 3 4 6 4 2228224
is_linear=0
shrinkage=0.06


Tree=4
num_leaves=31
num_cat=14
split_feature=0 1 0 0 0 5 5 5 5 1 0 3 5 0 5 5 0 2 2 5 5 5 2 5 0 5 2 5 5 6
split_gain=16128.2 2630.91 709.627 395.822 256.295 181.301 130.184 86.4143 70.5949 61.8728 47.7513 58.4968 40.9821 36.8574 32.6498 51.6178 31.191 31.5805 31.0873 40.4702 31.8358 28.9146 24.7599 18.0002 15.8046 15.2049 14.3682 16.7244 13.753 13.3867
threshold=0 1 2 3 4 0.004500000039115549 0.0035000001080334191 0.0054999999701976785 0.0054999999701976785 5 6 1.5000000000000002 0.0035000001080334191 7 0.0075000002980232247 0.004500000039115549 8 9 10 0.30550000071525579 0.0075000002980232247 0.0075000002980232247 11 0.0094999996945261973 12 0.004500000039115549 13 0.0035000001080334191 0.004500000039115549 8.5000000000000018
decision_type=9 9 9 9 9 2 2 2 2 9 9 2 2 9 2 2 9 1 1 2 2 2 1 2 9 2 1 2 2 2
left_child=1 8 7 6 5 12 -3 28 25 -5 11 21 13 -4 15 22 29 -18 20 -20 -7 26 -8 -9 -11 -1 27 -6 -2 -16
right_child=2 3 4 9 10 18 14 23 -10 24 -12 -13 -14 -15 16 -17 17 -19 19 -21 -22 -23 -24 -25 -26 -27 -28 -29 -30 -31
leaf_value=-0.19862248002723076 -0.2584112408808289 -0.60148896125715634 0.066242442265154855 -0.15266314873557141 -0.23041788053505236 0.42591301294779044 -0.065582850095260589 0.15694662867244269 0.56683768490950925 -0.36489192932921444 5.7466404816857111 1.4109573803673525 0.038647109259851216 -0.20973126463214725 43.725914497847938 -0.16052088070002113 -0.47336653193278194 -0.56202751743418577 0.18487034019920648 0.37223824676511835 0.4516396492129211 0.52278880321891485 -0.28879903851700733 0.08013994680591896 -0.7079054634860138 -0.0060898025741637695 -0.075232293033526645 0.24928380346305559 -0.062985178487640417 -0.11526419702250358
leaf_weight=110 333 3009 161 796 32 3785 298 1597 5774 5881 15081 5234 1530 252 46 1821 10211 3589 9987 2199 8156 6988 630 5020 33178 188 123 673 624 884
leaf_count=110 333 3009 161 796 32 3785 298 1597 5774 5881 15081 5234 1530 252 46 1821 10211 3589 9987 2199 8156 6988 630 5020 33178 188 123 673 624 884
internal_value=-0.000941259 -0.021465 0.0211241 -0.0252539 0.0235297 0.0192147 -0.0184438 0.00390032 0.016169 -0.0287493 0.0275203 0.0247397 0.00159032 -0.0151816 -0.0164683 -0.0104656 -0.0175886 -0.0183041 0.020642 0.0184142 0.0228809 0.0214713 -0.0219828 0.00634275 -0.0290939 -0.0122819 0.0108696 0.0140559 -0.0129467 -0.00670213
internal_weight=128190 66415 61775 60343 54201 26070 20488 7574 6072 39855 28131 13050 1943 413 17479 2749 14730 13800 24127 12186 11941 7816 928 6617 39059 298 828 705 957 930
internal_count=128190 66415 61775 60343 54201 26070 20488 7574 6072 39855 28131 13050 1943 413 17479 2749 14730 13800 24127 12186 11941 7816 928 6617 39059 298 828 705 957 930
cat_boundaries=0 1 2 3 4 5 6 7 8 9 10 11 12 13 14
cat_threshold=141433352 1 130 264712 16842752 4 67141633 16777216 520 3 4 4 2228224 3
is_linear=0
shrinkage=0.06


Tree=5
num_leaves=31
num_cat=14
split_feature=0 1 0 0 0 5 5 5 5 1 0 3 5 0 2 5 5 5 5 2 0 5 2 2 5 0 5 5 5 5
split_gain=15553.5 2480.23 688.58 422.273 270.131 170.712 133.542 78.6824 72.2947 62.915 61.3136 72.0424 40.6365 36.1033 32.5263 40.5109 37.7699 32.3236 48.0671 36.2914 32.7117 27.8629 23.1532 21.6538 34.6846 18.2852 16.761 13.9732 12.7968 12.2896
threshold=0 1 2 3 4 0.004500000039115549 0.0035000001080334191 0.0054999999701976785 0.0065000001341104516 5 6 1.5000000000000002 0.0035000001080334191 7 8 0.30550000071525579 0.0075000002980232247 0.0075000002980232247 0.004500000039115549 9 10 0.0065000001341104516 11 12 0.004500000039115549 13 0.0094999996945261973 0.004500000039115549 0.0065000001341104516 0.21249999850988391
decision_type=9 9 9 9 9 2 2 2 2 9 9 2 2 9 1 2 2 2 2 1 9 2 1 1 2 9 2 2 2 2
left_child=1 8 7 6 5 12 -3 27 23 -5 11 21 13 -4 16 28 -7 18 22 -19 -21 -6 -8 24 -1 -11 -9 -2 -16 -23
right_child=2 3 4 9 10 14 17 26 -10 25 -12 -13 -14 -15 15 -17 -18 19 -20 20 -22 29 -24 -25 -26 -27 -28 -29 -30 -31
leaf_value=-0.15730520217896596 -0.2429065664279792 -0.56539962358172691 0.062267895729245661 -0.14350335981143722 0.12092669743544809 0.40035823217092292 -0.061647879089544944 0.14752983095209607 0.56402745128075904 -0.34299841356946159 5.401842052784569 1.3262999375453115 0.036328282704260105 -0.19714738875421844 0.091878076299705208 0.34990395195921131 0.42454127026014582 -0.51330586638813469 -0.15088962785801996 0.10579548037562894 -0.43296455146090679 0.41837407936415894 -0.27147109620598697 -0.13197257160742451 0.10287555353682896 -0.66543113567685297 0.075331549997563876 -0.05920606777838202 0.18097805570033998 0.72130547923720567
leaf_weight=89 333 3009 161 796 574 3785 298 1597 5574 5881 15081 5234 1530 252 828 2199 8156 3573 1821 270 10887 5594 630 157 252 33178 5020 624 9159 1648
leaf_count=89 333 3009 161 796 574 3785 298 1597 5574 5881 15081 5234 1530 252 828 2199 8156 3573 1821 270 10887 5594 630 157 252 33178 5020 624 9159 1648
internal_value=-0.00113503 -0.0212897 0.0205336 -0.0249686 0.0229033 0.0184762 -0.0179374 0.00356804 0.0152516 -0.0285777 0.026998 0.0238806 0.00137416 -0.0153269 0.0198612 0.0175927 0.0221429 -0.0159363 -0.00996362 -0.0170509 -0.0153049 0.0202508 -0.0210776 -0.00662651 0.00213675 -0.028925 0.00589844 -0.0125078 0.0159838 0.0212593
internal_weight=128190 66415 61775 60343 54201 26070 20488 7574 6072 39855 28131 13050 1943 413 24127 12186 11941 17479 2749 14730 11157 7816 928 498 341 39059 6617 957 9987 7242
internal_count=128190 66415 61775 60343 54201 26070 20488 7574 6072 39855 28131 13050 1943 413 24127 12186 11941 17479 2749 14730 11157 7816 928 498 341 39059 6617 957 9987 7242
cat_boundaries=0 1 2 3 4 5 6 7 8 9 10 11 12 13 14
cat_threshold=141433352 1 130 264712 16842752 4 67141633 16777216 4 4 512 4 9 2228224
is_linear=0
shrinkage=0.06


Tree=6
num_leaves=31
num_cat=16
split_feature=0 1 0 0 0 5 5 3 5 5 1 0 5 5 0 0 5 2 5 0 5 2 2 5 2 0 5 5 2 5
split_gain=14869.2 2359.58 654.4 436.805 294.251 219.643 137.421 113.675 73.5248 65.5718 63.9701 58.3058 49.3342 45.1618 37.4503 36.7097 32.6093 38.6453 36.7342 25.2201 21.0897 31.9318 16.9986 15.7013 53.7753 21.2543 15.527 13.6663 13.5336 13.1736
threshold=0 1 2 3 4 0.004500000039115549 0.0035000001080334191 1.5000000000000002 0.0054999999701976785 0.0065000001341104516 5 6 0.39949999749660497 0.0035000001080334191 7 8 0.0075000002980232247 9 0.004500000039115549 10 0.004500000039115549 11 12 0.0075000002980232247 13 14 0.0094999996945261973 0.004500000039115549 15 0.33249999582767492
decision_type=9 9 9 9 9 2 2 2 2 2 9 9 2 2 9 9 2 1 2 9 2 1 1 2 1 9 2 2 1 2
left_child=1 9 8 6 5 13 -3 11 27 20 -5 12 28 14 -4 -8 18 -18 22 -12 -1 -22 -17 24 -13 -25 -10 -2 -7 -11
right_child=2 3 4 10 -6 7 15 -9 26 29 19 23 -14 -15 -16 16 17 -19 -20 -21 21 -23 -24 25 -26 -27 -28 -29 -30 -31
leaf_value=-0.17726681909485897 -0.22833217244230042 -0.53147564616682341 0.058531821985490923 -0.13489315822275103 5.9987318958284321 0.19928885074459279 -0.0740669490547258 1.2467219412925927 0.13867804109497037 0.45998568518535887 -0.38601847671183692 0.36553671993012066 0.37854315542682099 0.032648608630188036 -0.18591855916187555 -0.069948994900080441 -0.41898666692916064 -0.49810752813775683 -0.24503620898780823 -0.67230525151451315 -0.097830182204672655 0.096703020324619179 -0.29808278236844232 0.6895149185289694 -0.064013841374641306 0.42486881235508389 0.070811656997710026 -0.055653703711679013 0.1394923534297918 0.820629163762019
leaf_weight=110 333 3009 161 796 13273 7769 1240 5232 1597 4392 14895 4026 1987 1660 284 241 10211 3589 1681 24164 136 252 517 4428 190 10087 5020 624 5104 1182
leaf_count=110 333 3009 161 796 13273 7769 1240 5232 1597 4392 14895 4026 1987 1660 284 241 10211 3589 1681 24164 136 252 517 4428 190 10087 5020 624 5104 1182
internal_value=-0.00136485 -0.0210711 0.0198218 -0.0246594 0.0221319 0.0195984 -0.01751 0.0206267 0.00328323 0.0145709 -0.0283294 0.0193454 0.0164788 0.000726841 -0.0162472 -0.0154797 -0.0162379 -0.0173783 -0.0098524 -0.0286793 -0.00626506 0.000309278 -0.0208179 0.0215992 0.024834 0.0206745 0.00553574 -0.0122571 0.0151317 0.0164586
internal_weight=128190 66415 61775 60343 54201 40928 20488 38823 7574 6072 39855 33591 14860 2105 445 17479 16239 13800 2439 39059 498 388 758 18731 4216 14515 6617 957 12873 5574
internal_count=128190 66415 61775 60343 54201 40928 20488 38823 7574 6072 39855 33591 14860 2105 445 17479 16239 13800 2439 39059 498 388 758 18731 4216 14515 6617 957 12873 5574
cat_boundaries=0 1 2 3 4 5 6 7 8 9 10 11 12 13 14 15 16
cat_threshold=141433352 1 130 264712 2265022465 4 83886080 16777216 520 3 2752512 2 4 5 33587201 2
is_linear=0
shrinkage=0.06


Tree=7
num_leaves=31
num_cat=15
split_feature=0 1 0 0 0 5 5 3 5 1 5 0 0 5 5 5 2 0 0 5 5 2 5 0 0 2 5 5 5 5
split_gain=14303.8 2243.33 627.647 403.453 328.486 206.245 129.943 118.853 103.598 67.6465 67.1209 63.2635 58.9515 47.501 44.1063 37.1634 37.0076 36.2606 35.3049 33.4857 24.2705 28.5261 21.2094 51.7365 22.5331 20.1285 13.5216 13.5131 12.4099 12.1229
threshold=0 1 2 3 4 0.004500000039115549 0.0035000001080334191 1.5000000000000002 0.004500000039115549 5 0.0054999999701976785 6 7 0.40549999475479132 0.0035000001080334191 0.0075000002980232247 8 9 10 0.004500000039115549 0.0065000001341104516 11 0.0075000002980232247 12 13 14 0.0084999999962747114 0.004500000039115549 0.004500000039115549 0.081500001251697554
decision_type=9 9 9 9 9 2 2 2 2 9 2 9 9 2 2 2 1 9 9 2 2 1 2 9 9 1 2 2 2 2
left_child=1 8 10 6 5 14 -3 12 -1 27 28 20 13 29 17 19 -17 -4 -11 25 21 -10 23 -14 -24 -8 -12 -5 -2 -7
right_child=2 3 4 9 -6 7 15 -9 11 18 26 -13 22 -15 -16 16 -18 -19 -20 -21 -22 -23 24 -25 -26 -27 -28 -29 -30 -31
leaf_value=-0.16831294671066907 -0.2146322420957624 -0.5025871188409059 0.055019912666361533 -0.28114544981764267 5.6388079820787258 0.1495314556130031 -0.053628528025528081 1.1719186248150371 -0.091960371272392399 -0.36285736810912672 0.13455734031872529 -0.088128887590183211 0.34240448926849315 0.35719703396331504 0.030689692112376859 -0.3878475012456864 -0.45472111078176675 -0.17476344561216292 -0.63196693642364243 -0.17214304638201139 0.51518660816115147 0.090900839105142101 0.6481440234172311 -0.09197996973088593 0.39937668361377893 -0.27419779253815213 0.066699606133603095 -0.088099541263565576 -0.052314481488978187 0.20134982199725868
leaf_weight=244 333 2967 161 110 13273 9065 298 5232 136 14895 1374 577 4055 1960 1660 10388 3772 284 24164 1726 5662 252 4428 161 10087 538 5243 686 624 3835
leaf_count=244 333 2967 161 110 13273 9065 298 5232 136 14895 1374 577 4055 1960 1660 10388 3772 284 24164 1726 5662 252 4428 161 10087 538 5243 686 624 3835
internal_value=-0.00155348 -0.0208814 0.0192265 -0.0246281 0.0214888 0.0188143 -0.0175699 0.0198107 0.0115754 -0.0281096 0.00303006 0.0130059 0.0185005 0.0156234 0.000527316 -0.0155257 -0.0167288 -0.0162472 -0.0284689 -0.00887588 0.014802 0.000309278 0.0207636 0.0245209 0.0196865 -0.0187321 0.00518211 -0.0103474 -0.0118182 0.0143116
internal_weight=128190 66415 61775 59544 54201 40928 19689 38823 6871 39855 7574 6627 33591 14860 2105 16722 14160 445 39059 2562 6050 388 18731 4216 14515 836 6617 796 957 12900
internal_count=128190 66415 61775 59544 54201 40928 19689 38823 6871 39855 7574 6627 33591 14860 2105 16722 14160 445 39059 2562 6050 388 18731 4216 14515 836 6617 796 957 12900
cat_boundaries=0 1 2 3 4 5 6 7 8 9 10 11 12 13 14 15
cat_threshold=141433352 2049 130 264704 2265022465 4 524800 83886080 3 16777216 2752512 2 65536 33587201 4
is_linear=0
shrinkage=0.06


Tree=8
num_leaves=31
num_cat=15
split_feature=0 1 0 0 0 5 5 3 1 5 0 5 5 5 0 5 2 5 0 5 2 0 2 0 2 5 5 5 5 5
split_gain=13677.2 2142.36 665.29 415.252 343.978 191.247 143.654 122.192 77.3095 62.7813 53.9743 51.7324 48.1834 43.5088 35.0894 34.36 42.5954 41.6331 30.5178 23.0861 49.1036 23.8809 21.6137 18.5603 14.8292 13.761 12.7446 12.6922 12.1982 11.8754
threshold=0 1 2 3 4 0.004500000039115549 0.0035000001080334191 1.5000000000000002 5 0.0054999999701976785 6 0.0054999999701976785 0.42849999666213995 0.0035000001080334191 7 0.0075000002980232247 8 0.004500000039115549 9 0.0075000002980232247 10 11 12 13 14 0.59950000047683727 0.004500000039115549 0.06450000032782556 0.0084999999962747114 0.84950000047683727
decision_type=9 9 9 9 9 2 2 2 9 2 9 2 2 2 9 2 1 2 9 2 1 9 1 9 1 2 2 2 2 2
left_child=1 11 9 6 5 13 -3 10 18 -2 12 -1 27 14 -4 17 -17 24 26 20 -12 -21 -11 -10 -8 -13 -5 -7 -24 -30
right_child=2 3 4 8 -6 7 15 -9 23 22 19 25 -14 -15 -16 16 -18 -19 -20 21 -22 -23 28 -25 -26 -27 -28 -29 29 -31
leaf_value=-0.060232060612347808 -0.087875582845000855 -0.47573188141076883 0.051718717906379934 -0.26427672282858411 5.3004795031540031 0.13816860559815794 -0.062534343524543984 1.101603507326135 -0.37477269853643713 0.55248380834686739 0.32306024737820394 0.3840755215347636 0.34554790266581775 0.028848310585634349 -0.16427763887543306 -0.44033779606967527 -0.35917664201567168 -0.13046398904902165 -0.27388593288903429 0.60925538201219731 -0.069310387785281827 0.3754140825969523 0.11328394109833226 -0.59404892023822398 -0.22654601196096058 0.84852352207309367 -0.082813568787751562 0.18861422794264332 0.029097547368125944 0.27253299517710344
leaf_weight=298 1153 2914 161 110 13273 8520 241 5232 10176 473 4026 4989 1856 1660 284 3395 10887 1776 4719 4428 190 10087 1342 24164 609 785 686 4484 5073 199
leaf_count=298 1153 2914 161 110 13273 8520 241 5232 10176 473 4026 4989 1856 1660 284 3395 10887 1776 4719 4428 190 10087 1342 24164 609 785 686 4484 5073 199
internal_value=-0.00176738 -0.0208648 0.0183422 -0.0243204 0.0207583 0.0180229 -0.0171934 0.0189823 -0.0278598 0.00244364 0.0176538 0.0130812 0.0149011 0.000413302 -0.0162472 -0.0150816 -0.0162414 -0.0087738 -0.0210842 0.0198191 0.0237381 0.0186945 0.00455905 -0.0289415 -0.0196941 0.0143609 -0.0098263 0.0136204 0.00365036 0.00235584
internal_weight=128190 65749 62441 59677 54201 40928 19822 38823 39855 8240 33591 6072 14860 2105 445 16908 14282 2626 5515 18731 4216 14515 7087 34340 850 5774 796 13004 6614 5272
internal_count=128190 65749 62441 59677 54201 40928 19822 38823 39855 8240 33591 6072 14860 2105 445 16908 14282 2626 5515 18731 4216 14515 7087 34340 850 5774 796 13004 6614 5272
cat_boundaries=0 1 2 3 4 5 6 7 8 9 10 11 12 13 14 15
cat_threshold=141432840 1 642 264200 2265022465 20 83886080 16777216 4 524288 5 33587201 8 2621440 4
is_linear=0
shrinkage=0.06


Tree=9
num_leaves=31
num_cat=16
split_feature=0 1 0 0 1 5 0 5 1 3 5 2 5 5 5 5 0 5 0 5 0 0 5 2 5 5 5 0 2 2
split_gain=12959.3 2025.28 651.203 439.743 304.933 142.986 132.992 131.023 81.6862 72.0439 56.1191 55.5817 50.3285 46.8621 43.4184 37.5447 34.7857 31.0443 42.4718 53.841 25.4422 21.6365 25.6994 19.9229 25.9142 19.2698 31.0501 18.4075 16.8238 14.4977
threshold=0 1 2 3 4 0.0035000001080334191 5 0.004500000039115549 6 2.5000000000000004 0.0054999999701976785 7 0.0065000001341104516 0.0065000001341104516 0.0065000001341104516 0.0035000001080334191 8 0.42849999666213995 9 0.0084999999962747114 10 11 0.39350000023841863 12 0.004500000039115549 0.004500000039115549 0.0075000002980232247 13 14 15
decision_type=9 9 9 9 9 2 9 2 9 2 2 1 2 2 2 2 9 2 9 2 9 9 2 1 2 2 2 9 1 1
left_child=1 12 4 5 10 -3 9 15 -5 13 -2 14 23 -4 27 16 -6 18 -9 -20 -10 -15 28 24 -1 -13 -27 -7 -23 -12
right_child=2 3 6 8 7 11 -8 17 20 -11 29 25 -14 21 -16 -17 -18 -19 19 -21 -22 22 -24 -25 -26 26 -28 -29 -30 -31
leaf_value=-0.12351818046315585 -0.082603047874300797 -0.43047037329311205 0.060139944685996552 -0.11384477754866999 0.048615594831997198 -0.020195620456710868 8.4132502935116378 0.12686944278505996 -0.35228633662425096 1.3721073335076608 0.4504485646436811 -0.19560299462454159 0.44323092615576365 0.9254122727349221 -0.32645281124796766 0.027117411950496332 -0.15442098054290709 0.37503233776556716 0.33247660506969134 0.30968939328078371 -0.55840598502393057 0.43868224199306205 0.87453895687827488 -0.12251135659317164 0.075907424647852606 -0.13237761890031435 -0.32622601145127433 -0.31865280438151261 0.23765180048264722 0.050151758612952548
leaf_weight=89 1153 3398 669 796 161 573 10177 9644 10176 3015 420 730 5574 3323 6649 1555 255 2309 4679 8488 24164 6492 1350 157 252 1415 11539 237 2172 6579
leaf_count=89 1153 3398 669 796 161 573 10177 9644 10176 3015 420 730 5574 3323 6649 1555 255 2309 4679 8488 24164 6492 1350 157 252 1415 11539 237 2172 6579
internal_value=-0.00206553 -0.020655 0.0175092 -0.0240148 0.0121173 -0.017827 0.0244891 0.0151799 -0.0283304 0.0211961 0.00193335 -0.0159982 0.0123512 0.0193974 -0.0201995 0.000289193 -0.0157212 0.0163543 0.0156832 0.0179199 -0.0287773 0.0201747 0.0186812 -0.00590361 0.00247863 -0.0136834 -0.0131589 -0.00711111 0.0175 0.00395628
internal_weight=128190 65749 62441 59677 35243 24541 27198 27091 35136 17021 8152 21143 6072 14006 7459 1971 416 25120 22811 13167 34340 13337 10014 498 341 13684 12954 810 8664 6999
internal_count=128190 65749 62441 59677 35243 24541 27198 27091 35136 17021 8152 21143 6072 14006 7459 1971 416 25120 22811 13167 34340 13337 10014 498 341 13684 12954 810 8664 6999
cat_boundaries=0 1 2 3 4 5 6 7 8 9 10 11 12 13 14 15 16
cat_threshold=141432840 1 16843410 395272 1028 2248179969 4 4 16777216 16777216 2621440 33024 9 262144 10 8
is_linear=0
shrinkage=0.06


Tree=10
num_leaves=31
num_cat=15
split_feature=0 1 0 0 1 5 0 5 1 3 0 5 5 5 5 5 0 5 0 5 0 0 5 0 2 5 5 5 5 2
split_gain=12391.5 1917.58 679.135 468.007 279.279 152.813 146.571 124.662 87.2031 81.5346 56.1984 52.5834 44.1778 44.1738 37.5752 34.4827 37.2817 44.9002 32.5955 31.3433 24.4142 24.2627 22.5278 20.3849 16.1768 24.0387 15.4306 20.335 15.0968 23.2607
threshold=0 1 2 3 4 0.0035000001080334191 5 0.004500000039115549 6 2.5000000000000004 7 0.0054999999701976785 0.0065000001341104516 0.0065000001341104516 0.0035000001080334191 0.52150002121925365 8 0.0084999999962747114 9 0.0065000001341104516 10 11 0.34649999439716345 12 13 0.004500000039115549 0.004500000039115549 0.0075000002980232247 0.0054999999701976785 14
decision_type=9 9 9 9 9 2 9 2 9 2 9 2 2 2 2 2 9 2 9 2 9 9 2 9 1 2 2 2 2 1
left_child=1 13 4 5 11 -3 9 14 -5 12 26 -2 -4 24 18 16 -9 28 -6 23 -14 -10 -22 -12 25 -1 -7 -28 29 -18
right_child=2 3 6 8 7 10 -8 15 21 -11 19 -13 20 -15 -16 -17 17 -19 -20 -21 22 -23 -24 -25 -26 -27 27 -29 -30 -31
leaf_value=-0.11610708963536659 -0.077646865001842758 -0.39345976558349199 0.056531548004836764 -0.10701409089574973 0.045698659142077387 -0.19881701663418999 7.9084552759009386 0.12092150098114593 -0.34194917473734282 1.289780893497201 -0.073170616639037858 0.061542639363265289 1.2777260149112144 0.4166370705864178 0.0254903672334666 0.39801304704120416 -0.058443246200700259 0.31116960285377349 -0.14515572171033275 -0.30779638664909675 0.35586325556828796 -0.52490162592249479 0.75053988039058495 -0.20101660410467495 -0.1151606751975813 0.071352979168981492 -0.11363494345574864 -0.29405244847537942 0.50812790805750208 0.12082796985559781
leaf_weight=89 1153 3761 669 796 161 557 10177 9934 9014 3015 722 6999 2117 5574 1555 2029 116 9718 255 9998 8475 24164 1495 502 157 252 1186 8977 2895 1678
leaf_count=89 1153 3761 669 796 161 557 10177 9934 9014 3015 722 6999 2117 5574 1555 2029 116 9718 255 9998 8475 24164 1495 502 157 252 1186 8977 2895 1678
internal_value=-0.0022593 -0.0204369 0.0168819 -0.0237062 0.0115971 -0.0175744 0.024307 0.0144132 -0.0283386 0.0206356 -0.0156658 0.00180103 0.0185513 0.0116804 -0.000136986 0.0155063 0.0148798 0.0168489 -0.0161538 -0.0186538 0.019382 -0.0288158 0.0180541 -0.00960784 -0.00542169 0.00213675 -0.0125089 -0.0119876 0.0216827 0.0173579
internal_weight=128190 65749 62441 59677 36493 25703 25948 28341 33974 15771 21942 8152 12756 6072 1971 26370 24341 14407 416 11222 12087 33178 9970 1224 498 341 10720 10163 4689 1794
internal_count=128190 65749 62441 59677 36493 25703 25948 28341 33974 15771 21942 8152 12756 6072 1971 26370 24341 14407 416 11222 12087 33178 9970 1224 498 341 10720 10163 4689 1794
cat_boundaries=0 1 2 3 4 5 6 7 8 9 10 11 12 13 14 15
cat_threshold=141432840 1 2164327058 2492424 1028 100696321 4 2056 16777216 16777216 256 524288 262144 9 3
is_linear=0
shrinkage=0.06


Tree=11
num_leaves=31
num_cat=15
split_feature=0 1 0 0 1 0 5 5 1 3 5 5 2 5 5 5 0 5 5 0 0 0 0 0 5 5 2 5 5 5
split_gain=11869.1 1828.3 693.556 457.168 256.754 166.851 149.245 118.294 90.1435 89.9754 73.9587 51.353 50.5948 47.8968 37.5004 36.2857 35.6629 45.3048 33.759 33.4123 32.3122 31.1697 30.0421 29.1828 20.6591 17.7262 20.5216 15.7018 15.6655 15.5654
threshold=0 1 2 3 4 5 0.0035000001080334191 0.004500000039115549 6 2.5000000000000004 0.004500000039115549 0.0075000002980232247 7 0.0054999999701976785 0.0035000001080334191 0.55149999260902416 8 0.0084999999962747114 0.0065000001341104516 9 10 11 12 13 0.49050000309944158 0.0054999999701976785 14 0.40549999475479132 0.33249999582767492 0.060499999672174461
decision_type=9 9 9 9 9 9 2 2 9 2 2 2 1 2 2 2 9 2 2 9 9 9 9 9 2 2 1 2 2 2
left_child=1 10 4 6 13 9 -3 14 -5 11 -1 19 -8 -2 21 16 29 25 -14 -4 27 -6 -13 28 -24 26 -18 -10 -12 -9
right_child=2 3 5 8 7 -7 12 15 20 -11 23 22 18 -15 -16 -17 17 -19 -20 -21 -22 -23 24 -25 -26 -27 -28 -29 -30 -31
leaf_value=-0.11872460019599429 -0.072988053101732217 -0.37181699833773463 0.17645144842234231 -0.10059324544200478 0.04295673959355284 7.4339479593468827 -0.29380929927803828 0.094602045668364804 -0.33763219449846354 1.2123940398873689 0.26327863373480964 1.2718624723270886 -0.17065558954784749 0.057850081001469461 0.023960945199458621 0.39630509379437939 -0.054936651428658292 0.29818002328234938 -0.28121147422840032 -0.12967521404668303 -0.49340752836714497 -0.13644637840771287 0.34789111721390625 -0.033830015781480115 0.78708130182436065 0.47764023357405194 0.11357829166426199 -0.22603221509782875 0.65645344807214345 0.14824059689881791
leaf_weight=244 1153 3719 762 796 161 10177 12681 6117 7541 3015 4780 2001 1001 6999 1555 1959 116 10246 7591 322 24164 255 8187 577 926 2895 1678 1473 1182 3917
leaf_count=244 1153 3719 762 796 161 10177 12681 6117 7541 3015 4780 2001 1001 6999 1555 1959 116 10246 7591 322 24164 255 8187 577 926 2895 1678 1473 1182 3917
internal_value=-0.00240206 -0.0201924 0.0163314 -0.0235865 0.011089 0.023974 -0.0174034 0.0137428 -0.0281285 0.0199494 0.00930517 0.0176685 -0.0154717 0.00167606 -0.0004414 0.0147861 0.0141692 0.0160448 -0.019056 0.00520295 -0.0286134 -0.0164423 0.0188843 0.0105291 0.0173397 0.0209405 0.0162542 -0.0253324 0.0117649 0.0113501
internal_weight=128190 65749 62441 58966 37051 25390 24992 28899 33974 15213 6783 12198 21273 8152 1971 26928 24969 14935 8592 1084 33178 416 11114 6539 9113 4689 1794 9014 5962 10034
internal_count=128190 65749 62441 58966 37051 25390 24992 28899 33974 15213 6783 12198 21273 8152 1971 26928 24969 14935 8592 1084 33178 416 11114 6539 9113 4689 1794 9014 5962 10034
cat_boundaries=0 1 2 3 4 5 6 7 8 9 10 11 12 13 14 15
cat_threshold=141432840 2049 2197881490 2492416 1028 67141889 4 3 16777216 67108864 524288 16777216 256 524288 3
is_linear=0
shrinkage=0.06


Tree=12
num_leaves=31
num_cat=16
split_feature=0 1 0 0 1 3 5 5 5 1 5 0 2 5 0 5 5 0 3 5 2 0 5 5 1 5 2 5 2 2
split_gain=11361.7 1704.88 708.612 523.63 333.117 191.526 150.083 127.888 96.3148 58.062 50.5303 51.6568 49.5234 44.275 43.4478 40.9209 33.4071 31.9093 22.8248 21.7844 22.7215 20.5167 39.3838 19.5069 52.5785 25.0376 20.9305 16.4253 16.3206 15.1308
threshold=0 1 2 3 4 1.5000000000000002 0.0035000001080334191 0.004500000039115549 0.004500000039115549 5 0.55149999260902416 6 7 0.0054999999701976785 8 0.0035000001080334191 0.0065000001341104516 9 2.5000000000000004 0.0065000001341104516 10 11 0.0075000002980232247 0.0075000002980232247 12 0.0054999999701976785 13 0.40549999475479132 14 15
decision_type=9 9 9 9 9 2 2 2 2 9 2 9 1 2 9 2 2 9 2 2 1 9 2 2 9 2 1 2 1 1
left_child=1 8 4 6 13 7 -3 15 -1 19 11 29 -8 -2 27 17 -14 -6 -7 20 -10 22 -4 24 -13 28 -25 -5 -26 -9
right_child=2 3 21 14 5 18 12 10 9 -11 -12 23 16 -15 -16 -17 -18 -19 -20 -21 -22 -23 -24 26 25 -27 -28 -29 -30 -31
leaf_value=-0.14215907215070117 -0.068608769915628323 -0.3495079784374705 -0.060457188780305558 -0.31737426282855563 0.040379335217939669 0.4911610816895049 -0.27618074132135595 0.14257172475434401 -0.094347702355811053 -0.044400274343868701 0.42847139144695917 -0.12999460049587411 -0.16041625417497654 0.054379076141381329 -0.46380307666511628 0.02012323355585046 -0.26433878577469633 -0.13073828292790388 1.1396503974941266 0.37323752196986348 0.051275082394754 6.9879110817860699 1.1955507239874634 0.46524196441842658 -0.051640452342938799 0.42138187449124931 0.27014695140776146 -0.2124702821919591 0.10676359416440633 0.08579012318205663
leaf_weight=354 1153 3719 162 7541 161 2219 12681 8155 136 1263 2567 161 1001 6999 24164 1683 7591 287 3015 5574 252 10177 2001 4932 116 2316 9342 1473 1678 5317
leaf_count=354 1153 3719 162 7541 161 2219 12681 8155 136 1263 2567 161 1001 6999 24164 1683 7591 287 3015 5574 252 10177 2001 4932 116 2316 9342 1473 1678 5317
internal_value=-0.00254294 -0.0199488 0.0157857 -0.0234369 0.0126074 0.0147651 -0.0168563 0.0132379 0.00681908 0.00832526 0.0141169 0.0134675 -0.0149189 0.00149963 -0.0283874 -0.00102769 -0.0184631 -0.0171429 0.0255063 0.0107904 -0.00293814 0.0286688 0.0227934 0.0155327 0.0190986 0.0203883 0.0144767 -0.0246476 0.0151171 0.0106053
internal_weight=128190 65749 62441 58170 50101 41949 24992 36715 7579 7225 34584 32017 21273 8152 33178 2131 8592 448 5234 5962 388 12340 2163 18545 4271 4110 14274 9014 1794 13472
internal_count=128190 65749 62441 58170 50101 41949 24992 36715 7579 7225 34584 32017 21273 8152 33178 2131 8592 448 5234 5962 388 12340 2163 18545 4271 4110 14274 9014 1794 13472
cat_boundaries=0 1 2 3 4 5 6 7 8 9 10 11 12 13 14 15 16
cat_threshold=141432840 2053 2265023123 2492416 1028 1 83886080 3 524288 16777216 2 256 2049 10 3 2
is_linear=0
shrinkage=0.06


Tree=13
num_leaves=31
num_cat=15
split_feature=0 1 0 0 1 3 5 5 5 0 1 0 2 5 5 5 5 0 5 0 5 3 5 1 5 5 2 2 5 2
split_gain=10779.8 1621.93 719.326 556.744 305.521 188.982 156.776 117.218 88.9241 53.4359 52.2983 48.1957 46.3217 40.3509 39.244 35.0485 34.513 30.8078 25.6874 24.4045 36.8163 24.2695 23.0226 48.6704 27.3234 20.6005 21.398 16.4462 15.8069 15.1368
threshold=0 1 2 3 4 1.5000000000000002 0.0035000001080334191 0.004500000039115549 0.004500000039115549 5 6 7 8 0.0035000001080334191 0.0054999999701976785 0.16950000077486041 0.0054999999701976785 9 0.42849999666213995 10 0.0075000002980232247 2.5000000000000004 0.0075000002980232247 11 0.0054999999701976785 0.0065000001341104516 12 13 0.41650000214576727 14
decision_type=9 9 9 9 9 2 2 2 2 9 9 9 1 2 2 2 2 9 2 9 2 2 2 9 2 2 1 1 2 1
left_child=1 8 4 6 14 7 -3 13 -1 28 25 15 -8 17 -2 -9 -14 -6 22 20 -4 -7 23 -13 29 26 -10 -24 -5 -25
right_child=2 3 19 9 5 21 12 11 10 -11 -12 18 16 -15 -16 -17 -18 -19 -20 -21 -22 -23 27 24 -26 -27 -28 -29 -30 -31
leaf_value=-0.13362952782165913 -0.064492243720690678 -0.32853749973122243 -0.05682975745348727 -0.29833180705884238 0.03795657510486336 0.46169141678813458 -0.25960989684207469 0.10131741211603759 -0.088686840214462354 -0.43597489206520934 -0.041736257883236615 -0.1221949244661215 -0.087462180822602056 0.018915839542499455 0.051116331572898514 0.1839272509261379 -0.24870401888512322 -0.12289398595222963 0.73896561773164382 6.5686364168789062 1.1238176805482154 1.0712713736444788 0.42712744197568436 -0.048542025202362567 0.39609896202177436 0.3508432706516717 0.048198577451068834 0.25093818009966307 -0.19612204008343964 0.10035777851454199
leaf_weight=354 1153 3719 162 7587 161 2219 12681 10840 136 24164 1263 161 706 1683 6999 4020 7886 287 1520 10177 2001 3015 4745 116 2316 5574 252 9188 1427 1678
leaf_count=354 1153 3719 162 7587 161 2219 12681 10840 136 24164 1263 161 706 1683 6999 4020 7886 287 1520 10177 2001 3015 4745 116 2316 5574 252 9188 1427 1678
internal_value=-0.00268336 -0.0196376 0.0151698 -0.0230399 0.011968 0.0140344 -0.0162563 0.0125172 0.00647121 -0.0281433 0.00791834 0.0133588 -0.0142758 -0.00114031 0.00133056 0.0107451 -0.0177029 -0.0171429 0.0153147 0.028149 0.0218546 0.0247039 0.0146968 0.0185507 0.0197913 0.0102579 -0.00309278 0.0135154 -0.0240359 0.0142809
internal_weight=128190 65749 62441 58170 50101 41949 24992 36715 7579 33178 7225 34584 21273 2131 8152 14860 8592 448 19724 12340 2163 5234 18204 4271 4110 5962 388 13933 9014 1794
internal_count=128190 65749 62441 58170 50101 41949 24992 36715 7579 33178 7225 34584 21273 2131 8152 14860 8592 448 19724 12340 2163 5234 18204 4271 4110 5962 388 13933 9014 1794
cat_boundaries=0 1 2 3 4 5 6 7 8 9 10 11 12 13 14 15
cat_threshold=141432840 2053 2265023123 2492416 1028 524288 1 83886080 3 16777216 256 2049 2 10 3
is_linear=0
shrinkage=0.06


Tree=14
num_leaves=31
num_cat=14
split_feature=0 1 0 0 1 3 5 5 1 0 0 2 5 5 0 5 5 5 2 5 0 3 5 5 0 5 5 5 0 5
split_gain=10179.5 1557.2 673.586 584.295 279.836 185.703 159.159 110.033 81.6665 63.172 45.3548 42.1185 40.5661 38.5488 38.0078 37.9712 33.8784 32.5287 39.7739 32.2716 29.387 25.9565 24.3279 26.8216 42.6835 29.3636 22.7489 20.3435 15.8543 17.5044
threshold=0 1 2 3 4 1.5000000000000002 0.0035000001080334191 0.004500000039115549 5 6 7 8 0.0035000001080334191 0.0065000001341104516 9 0.004500000039115549 0.0054999999701976785 0.014500000048428776 10 0.16950000077486041 11 2.5000000000000004 0.46750000119209295 0.0075000002980232247 12 0.0054999999701976785 0.0075000002980232247 0.004500000039115549 13 0.0084999999962747114
decision_type=9 9 9 9 9 2 2 2 9 9 9 1 2 2 9 2 2 2 1 2 9 2 2 2 9 2 2 2 9 2
left_child=1 8 4 6 15 7 -3 12 13 -5 19 -8 20 -1 17 -2 -13 18 -4 -9 -6 -7 23 24 -12 -26 -20 -10 29 -25
right_child=2 3 14 9 5 21 11 10 27 -11 22 16 -14 -15 -16 -17 -18 -19 26 -21 -22 -23 -24 28 25 -27 -28 -29 -30 -31
leaf_value=-0.039949538144302216 -0.12470132395918376 -0.30882524974734904 -0.059481401922890309 -0.26663192610113207 0.035679180598571489 0.43398993178084649 -0.24403330303155016 0.095238367389075262 -0.12901126726269332 -0.40981639854129681 -0.11110365605872828 -0.082214449973245965 0.017780889169949389 0.32979267441257137 8.4479181952450784 0.036676143830929389 -0.23378177775201575 1.0541184515927347 0.099699253526138412 0.17289161587056956 -0.11552034679509575 1.0069950912258101 0.71483992714720146 -0.015963554330328405 0.085636341558308113 0.37233302430046789 0.96158850985204136 -0.039232082410242411 0.24398190302659342 0.4404996581280417
leaf_weight=498 506 3719 255 9014 161 2219 12681 10840 244 24164 160 706 1683 5574 7259 7646 7886 3477 262 4020 287 3015 1386 178 1794 2317 1087 1263 9512 4377
leaf_count=498 506 3719 255 9014 161 2219 12681 10840 244 24164 160 706 1683 5574 7259 7646 7886 3477 262 4020 287 3015 1386 178 1794 2317 1087 1263 9512 4377
internal_value=-0.00285748 -0.0193329 0.0144915 -0.0226666 0.0113933 0.0133709 -0.0157187 0.0118668 0.00624984 -0.0278938 0.0126822 -0.013723 -0.00136556 0.00935219 0.027051 0.00121294 -0.0169914 0.0228462 0.0158229 0.0101479 -0.0174107 0.0239473 0.0145789 0.014007 0.0181714 0.0193278 0.0198455 -0.0062294 0.0127426 0.015713
internal_weight=128190 65749 62441 58170 50101 41949 24992 36715 7579 33178 34584 21273 2131 6072 12340 8152 8592 5081 1604 14860 448 5234 19724 18338 4271 4111 1349 1507 14067 4555
internal_count=128190 65749 62441 58170 50101 41949 24992 36715 7579 33178 34584 21273 2131 6072 12340 8152 8592 5081 1604 14860 448 5234 19724 18338 4271 4111 1349 1507 14067 4555
cat_boundaries=0 1 2 3 4 5 6 7 8 9 10 11 12 13 14
cat_threshold=141432840 2053 2265023123 2492416 1028 1 524288 83886080 3 1342177536 16 16777216 32769 2147516929
is_linear=0
shrinkage=0.06


Tree=15
num_leaves=31
num_cat=15
split_feature=0 1 0 0 1 3 5 5 0 5 5 0 1 5 2 2 5 5 0 5 0 5 5 0 5 0 5 5 2 5
split_gain=9677.53 1487.05 702.916 610.591 253.121 178.09 161.683 109.235 78.1195 74.5519 52.2189 43.6703 42.5677 40.2446 38.7135 37.718 32.8215 32.2048 36.7002 30.231 28.6875 21.7225 18.661 54.5327 27.7405 26.3331 17.0733 16.8801 36.5698 15.6788
threshold=0 1 2 3 4 2.5000000000000004 0.0035000001080334191 0.004500000039115549 5 0.004500000039115549 0.69249999523162853 6 7 0.0035000001080334191 8 9 0.004500000039115549 0.014500000048428776 10 0.0054999999701976785 11 0.0075000002980232247 0.0075000002980232247 12 0.0054999999701976785 13 0.16550000011920932 0.0025000000605359678 14 0.43349999189376837
decision_type=9 9 9 9 9 2 2 2 9 2 2 9 9 2 1 1 2 2 9 2 9 2 2 9 2 9 2 2 1 2
left_child=1 9 4 6 16 7 27 13 26 -1 14 17 29 20 -9 -8 -2 18 21 -17 -6 -4 23 -16 -25 -24 -5 -3 -29 -11
right_child=2 3 11 8 5 -7 15 10 -10 12 -12 -13 -14 -15 22 19 -18 -19 -20 -21 -22 -23 25 24 -26 -27 -28 28 -30 -31
leaf_value=-0.11877110071596327 -0.11721924452163278 -0.36513090005152726 0.093717298314570027 -0.27643397162515215 0.033538429762657244 0.94657538575226152 -0.22939130484965714 0.10155520423685142 -0.38522741462881899 0.20070973403800799 0.47135397595233919 7.9410431035303732 -0.036878157465627767 0.017314049552662636 -0.0050905057662019712 -0.07728158297485116 0.03447557520107352 0.99087134449717096 -0.055912517807516618 -0.21975487108689487 -0.10858912598739009 0.90749305277654424 0.15749326723407805 0.08769821141881344 0.3493931435504477 0.34453772690133694 -0.19955682957818566 -0.032733543557975295 -0.18213088860743545 0.59403395218432298
leaf_weight=354 506 2219 262 5830 161 3015 12681 8034 24164 5012 1898 7259 1263 1685 622 706 7646 3477 257 7886 287 1085 14352 1873 2502 7520 3184 363 1137 950
leaf_count=354 506 2219 262 5830 161 3015 12681 8034 24164 5012 1898 7259 1263 1685 622 706 7646 3477 257 7886 287 1085 14352 1873 2502 7520 3184 363 1137 950
internal_value=-0.00290756 -0.0189715 0.0140083 -0.0222293 0.0108437 0.0127246 -0.0151284 0.0116397 -0.027572 0.00602846 0.0124048 0.0268372 0.00735363 -0.00156118 0.0118778 -0.0131166 0.00116148 0.022363 0.0153741 -0.0162102 -0.0175446 0.0192557 0.0129748 0.0162878 0.0186294 0.0122238 -0.0226729 -0.0266765 -0.02176 0.00946417
internal_weight=128190 65749 62441 58170 50101 41949 24992 38934 33178 7579 36801 12340 7225 2133 34903 21273 8152 5081 1604 8592 448 1347 26869 4997 4375 21872 9014 3719 1500 5962
internal_count=128190 65749 62441 58170 50101 41949 24992 38934 33178 7579 36801 12340 7225 2133 34903 21273 8152 5081 1604 8592 448 1347 26869 4997 4375 21872 9014 3719 1500 5962
cat_boundaries=0 1 2 3 4 5 6 7 8 9 10 11 12 13 14 15
cat_threshold=141432840 2053 2265023123 2492416 1028 524288 1342177536 1 1 3 268435712 16777216 16777217 50397184 4
is_linear=0
shrinkage=0.06


Tree=16
num_leaves=31
num_cat=15
split_feature=0 1 0 0 3 5 1 5 0 5 0 5 1 2 0 5 5 0 5 5 3 5 2 5 0 5 5 2 5 2
split_gain=9198.67 1401.82 722.735 623.797 239.254 170.669 169.301 91.4634 91.2591 65.9106 48.4662 46.8749 38.068 35.6283 35.4418 53.2926 32.6044 33.0733 32.5275 27.9793 24.7214 24.6329 41.4161 25.7602 24.5402 20.5476 19.5341 19.2707 18.5587 35.5872
threshold=0 1 2 3 1.5000000000000002 0.0035000001080334191 4 0.0035000001080334191 5 0.004500000039115549 6 0.7514999806880952 7 8 9 0.004500000039115549 0.014500000048428776 10 0.0054999999701976785 0.0054999999701976785 2.5000000000000004 0.0075000002980232247 11 0.0054999999701976785 12 0.0065000001341104516 0.0075000002980232247 13 0.0025000000605359678 14
decision_type=9 9 9 9 2 2 9 2 9 2 9 2 9 1 9 2 2 9 2 2 2 2 1 2 9 2 2 1 2 1
left_child=1 9 4 5 6 28 18 24 -5 -1 16 14 25 -7 -9 -16 17 26 -2 -15 -6 22 23 -17 -8 27 -4 -11 -3 -30
right_child=2 3 10 8 20 13 7 11 -10 12 -12 -13 -14 19 15 21 -18 -19 -20 -21 -22 -23 -24 -25 -26 -27 -28 -29 29 -31
leaf_value=-0.11164483467300541 -0.052291867171010295 -0.34322304604843562 0.088094260415695652 -0.23524794248291642 0.39171911419732397 -0.21562782655867777 0.031526123976897795 0.090981941918655024 -0.36211376975108983 -0.093011241555216978 7.4645805173185504 0.44127281063738627 -0.034665468017690201 -0.072644687996360063 0.0012752065795028499 0.083636231758586907 0.93141906382734108 -0.052557766739065807 0.043780248536604206 -0.20656957882168117 0.88978086260712586 0.26759339738858989 0.00046840124590389107 0.35062949085050682 -0.10207377842814672 0.29426704928771974 0.85304346960995159 0.035661051050382503 -0.030769530944496849 -0.17120303529098932
leaf_weight=354 1153 2219 262 9014 2219 12681 161 14557 24164 136 7259 1479 1263 706 1257 1675 3477 257 6999 7886 3015 14703 486 2110 287 5574 1085 252 363 1137
leaf_count=354 1153 2219 262 9014 2219 12681 161 14557 24164 136 7259 1479 1263 706 1257 1675 3477 257 6999 7886 3015 14703 486 2110 287 5574 1085 252 363 1137
internal_value=-0.00300257 -0.0186641 0.0134895 -0.0218271 0.010281 -0.0146508 0.00886687 0.0106023 -0.0272267 0.00560943 0.0264972 0.010938 0.00685536 -0.0125836 0.0104933 0.0121254 0.0218091 0.0147756 0.00103651 -0.0155894 0.0224226 0.012924 0.0169351 0.0190277 -0.0163393 0.00885131 0.0184598 -0.00448454 -0.0265152 -0.02136
internal_weight=128190 65749 62441 58170 50101 24992 44867 36715 33178 7579 12340 36267 7225 21273 34788 20231 5081 1604 8152 8592 5234 18974 4271 3785 448 5962 1347 388 3719 1500
internal_count=128190 65749 62441 58170 50101 24992 44867 36715 33178 7579 12340 36267 7225 21273 34788 20231 5081 1604 8152 8592 5234 18974 4271 3785 448 5962 1347 388 3719 1500
cat_boundaries=0 1 2 3 4 5 6 7 8 9 10 11 12 13 14 15
cat_threshold=141432840 2053 2265023123 2492416 1028 524288 1342177536 1 3 83886080 268435712 4 16777216 2 4
is_linear=0
shrinkage=0.06


Tree=17
num_leaves=31
num_cat=13
split_feature=0 1 0 1 0 3 1 5 5 0 5 5 0 5 5 0 2 5 5 5 3 5 5 2 5 0 5 5 4 2
split_gain=8722.13 1341.92 719.139 498.915 268.581 222.591 151.681 147.49 80.8884 50.8363 49.6069 46.4593 46.1572 35.3938 34.6886 30.3087 30.1222 28.5094 28.4696 26.3945 25.1851 23.6716 27.2155 39.0785 29.5275 20.6939 18.9956 16.9068 16.4288 16.2661
threshold=0 1 2 3 4 1.5000000000000002 5 0.0035000001080334191 0.004500000039115549 6 0.0025000000605359678 0.0075000002980232247 7 0.0065000001341104516 0.014500000048428776 8 9 0.0035000001080334191 0.0054999999701976785 0.16950000077486041 2.5000000000000004 0.70350000262260448 0.0075000002980232247 10 0.0054999999701976785 11 0.36750000715255743 0.0075000002980232247 0.40250000357627874 12
decision_type=9 9 9 9 9 2 9 2 2 9 2 2 9 2 2 9 1 2 2 2 2 2 2 1 2 9 2 2 2 1
left_child=1 4 5 13 10 6 18 -5 17 14 -1 16 19 -3 15 27 -12 25 -2 -10 -7 22 23 24 -14 -8 -9 -4 -13 -24
right_child=2 3 9 7 -6 20 8 26 12 -11 11 28 21 -15 -16 -17 -18 -19 -20 -21 -22 -23 29 -25 -26 -27 -28 -29 -30 -31
leaf_value=-0.32648138406469152 -0.049154355140749645 -0.039078614301458821 0.082808604790753568 -0.23053084401825649 -0.34038694356602445 0.36821596734548462 0.02963455653828383 -0.15769015696515715 0.075869696036617418 7.0167056862794377 -0.032739906355394269 -0.25512521204399863 0.078618057853071757 0.27661102633045664 0.87553391999770092 -0.049404300734721573 -0.18913218980407329 0.014998666718912331 0.041153433624408035 0.1417697216504607 0.83639401085069831 0.72279182361497818 0.36056225351989724 0.00044029717114966614 0.32959172139947629 -0.095949351722457971 -0.082690156965157149 0.80186086143335411 -0.22053305220103128 0.19931124549843979
leaf_weight=1398 1153 498 262 2213 24164 2219 161 13468 10840 7259 967 6160 1675 5574 3477 257 708 1683 6999 4020 3015 828 5097 486 2110 287 2253 1085 8346 9528
leaf_count=1398 1153 498 262 2213 24164 2219 161 13468 10840 7259 967 6160 1675 5574 3477 257 708 1683 6999 4020 3015 828 5097 486 2110 287 2253 1085 8346 9528
internal_value=-0.00307606 -0.0183265 0.0129831 -0.00701532 -0.0248282 0.00978288 0.00841888 -0.0120475 0.0100615 0.0259579 -0.0191455 -0.0182195 0.0107634 0.00784281 0.0211727 0.0139152 -0.00875821 -0.00128109 0.00100711 0.0082152 0.0214941 0.0126725 0.0122439 0.0164575 0.0184901 -0.0147321 -0.0100127 0.0174429 -0.019312 0.0110133
internal_weight=128190 65749 62441 24006 41743 50101 44867 17934 36715 12340 17579 16181 34584 6072 5081 1604 1675 2131 8152 14860 5234 19724 18896 4271 3785 448 15721 1347 14506 14625
internal_count=128190 65749 62441 24006 41743 50101 44867 17934 36715 12340 17579 16181 34584 6072 5081 1604 1675 2131 8152 14860 5234 19724 18896 4271 3785 448 15721 1347 14506 14625
cat_boundaries=0 1 2 3 4 5 6 7 8 9 10 11 12 13
cat_threshold=141432840 1056 2265023123 1 2883584 1028 1342177536 83886080 268435712 4 4 16777216 10
is_linear=0
shrinkage=0.06


Tree=18
num_leaves=31
num_cat=13
split_feature=0 1 0 1 0 3 5 1 5 0 5 0 5 5 0 5 2 3 5 5 5 5 5 2 5 0 5 5 2 5
split_gain=8203.11 1328.56 660.514 452.895 288.894 213.965 142.972 135.365 71.3235 67.4784 55.1895 44.4442 42.6661 34.7064 32.1075 30.893 28.5193 27.9411 26.5812 24.2852 23.2271 22.4198 27.5443 36.35 33.5147 18.0236 17.6479 17.0377 16.106 15.7299
threshold=0 1 2 3 4 1.5000000000000002 0.0035000001080334191 5 0.004500000039115549 6 0.0025000000605359678 7 0.0075000002980232247 0.014500000048428776 8 0.0065000001341104516 9 2.5000000000000004 0.004500000039115549 0.0035000001080334191 0.24049999564886096 0.68250000476837169 0.0075000002980232247 10 0.0054999999701976785 11 0.36750000715255743 0.41650000214576727 12 0.01350000035017729
decision_type=9 9 9 9 9 2 2 9 2 9 2 9 2 2 9 2 1 2 2 2 2 2 2 1 2 9 2 2 1 2
left_child=1 4 5 15 10 7 -5 18 19 13 -1 20 16 14 29 -3 -12 -7 -2 25 -10 22 23 24 -13 -9 -8 -14 -20 -4
right_child=2 3 9 6 -6 17 26 8 11 -11 12 21 27 -15 -16 -17 -18 -19 28 -21 -22 -23 -24 -25 -26 -27 -28 -29 -30 -31
leaf_value=-0.30689250102080995 -0.10409931651162921 -0.036733897443371251 -0.47244018001973981 -0.21669899337716114 -0.31996372695206299 0.34612300930475554 -0.1482287475472478 0.027856483145986814 0.073744981377482408 8.1992037113136096 -0.030775511974070538 0.07390097438188753 -0.23490107135778782 0.94900179324510414 0.7026262865802857 0.26001436475062922 -0.17778425841582887 0.78621037019965656 0.39169680278792129 0.014098746715777537 0.13956691386160452 0.67126551368154641 0.23357898148626652 0.00041387934088060518 0.30981621811550764 -0.09019239061911058 -0.077728747547247748 -0.13924003028425447 0.015884277960947414 0.036359792514439847
leaf_weight=1398 506 498 68 2213 24164 2219 13468 161 11752 5414 967 1675 12438 4461 2208 5574 708 3015 439 1683 3108 864 14589 486 2110 287 2253 2068 7207 189
leaf_count=1398 506 498 68 2213 24164 2219 13468 161 11752 5414 967 1675 12438 4461 2208 5574 708 3015 439 1683 3108 864 14589 486 2110 287 2253 2068 7207 189
internal_value=-0.00318278 -0.0179724 0.0123913 -0.00671802 -0.0244416 0.0093243 -0.0115125 0.00798694 0.00953873 0.0248259 -0.0185519 0.0101978 -0.0175743 0.0207872 0.0151034 0.00743834 -0.00850746 0.0208063 0.000985053 -0.00111215 0.00769872 0.0120705 0.0116437 0.0158815 0.0178419 -0.0135268 -0.00950894 -0.0186213 0.00186764 -0.00505618
internal_weight=128190 65749 62441 24006 41743 50101 17934 44867 36715 12340 17579 34584 16181 6926 2465 6072 1675 5234 8152 2131 14860 19724 18860 4271 3785 448 15721 14506 7646 257
internal_count=128190 65749 62441 24006 41743 50101 17934 44867 36715 12340 17579 34584 16181 6926 2465 6072 1675 5234 8152 2131 14860 19724 18860 4271 3785 448 15721 14506 7646 257
cat_boundaries=0 1 2 3 4 5 6 7 8 9 10 11 12 13
cat_threshold=141432840 1056 2265023123 1 2883584 1028 1879048448 83886080 1073741824 4 4 16777216 8
is_linear=0
shrinkage=0.06


Tree=19
num_leaves=31
num_cat=13
split_feature=0 1 0 1 0 0 3 5 5 5 0 0 5 5 5 5 2 5 5 5 5 0 5 1 2 5 0 5 5 5
split_gain=7788.54 1269.8 673.797 419.063 301.997 190.537 150.212 140.808 72.1318 58.2514 48.6738 44.0189 39.5932 29.151 28.9512 28.1174 27.0323 26.8646 22.0479 20.4428 19.7085 59.9185 42.6871 36.0035 18.342 16.7573 16.6196 15.6158 19.498 14.0973
threshold=0 1 2 3 4 5 2.5000000000000004 0.0035000001080334191 0.004500000039115549 0.0025000000605359678 6 7 0.0075000002980232247 0.015500000212341549 0.36750000715255743 0.004500000039115549 8 0.0065000001341104516 0.0035000001080334191 0.14350000023841861 0.0075000002980232247 9 0.0054999999701976785 10 11 0.1475000008940697 12 0.011500000022351744 0.33249999582767492 0.0065000001341104516
decision_type=9 9 9 9 9 9 2 2 2 2 9 9 2 2 2 2 1 2 2 2 2 9 2 9 1 2 9 2 2 2
left_child=1 4 10 17 9 15 8 -5 18 -1 13 19 16 -2 20 -4 -11 -3 26 -10 21 22 -13 -22 -25 -14 -7 -19 -29 -23
right_child=2 3 5 7 -6 6 -8 -9 11 12 -12 14 25 -15 -16 -17 -18 27 -20 -21 23 29 -24 24 -26 -27 -28 28 -30 -31
leaf_value=-0.28847895095956133 0.23974602425551098 -0.034529863596768885 -0.073264425010243883 -0.20699590050762473 -0.30076590333493924 0.026185094157227695 0.7390377479876773 -0.13838785521682267 0.054320282494833373 -0.028928981255626311 7.6562511224238552 0.064666920496610908 -0.23013150952919953 1.0001128552559391 0.52317239309864139 0.030118899269461111 -0.16711720291087911 0.28911355321959548 0.013252821912830868 0.11351614316041135 0.768591907210739 -0.37474870652660824 0.26482732742603815 0.25893989179084648 0.15113312324034794 -0.16211314932311924 -0.084780847181963853 0.1445135623748689 0.47043835489822489 -0.022936668447558189
leaf_weight=1398 1615 498 640 2171 24164 161 3015 15052 7651 967 5386 2001 9660 3148 2488 8311 708 922 1685 3583 1912 97 2709 7418 10819 4846 287 3470 1182 226
leaf_count=1398 1615 498 640 2171 24164 161 3015 15052 7651 967 5386 2001 9660 3148 2488 8311 708 922 1685 3583 1912 97 2709 7418 10819 4846 287 3470 1182 226
internal_value=-0.00325064 -0.0178225 0.0117574 -0.00659215 -0.0240867 0.00904137 0.0106636 -0.0113695 0.00971635 -0.0180675 0.0259189 0.0103054 -0.0170626 0.0213136 0.0115947 0.00105457 -0.00832836 0.00695495 -0.00102672 0.00711313 0.0109888 0.0143473 0.0160424 0.0101499 0.00931057 -0.0180711 -0.0128571 0.00815931 0.00674549 -0.0105405
internal_weight=128190 65038 63152 23295 41743 53003 44052 17223 41037 17579 10149 38904 16181 4763 27670 8951 1675 6072 2133 11234 25182 5033 4710 20149 18237 14506 448 5574 4652 323
internal_count=128190 65038 63152 23295 41743 53003 44052 17223 41037 17579 10149 38904 16181 4763 27670 8951 1675 6072 2133 11234 25182 5033 4710 20149 18237 14506 448 5574 4652 323
cat_boundaries=0 1 2 3 4 5 6 7 8 9 10 11 12 13
cat_threshold=141432832 1056 1880122468 1 2883584 650 1879048192 16777216 4 67174416 1028 10 16777216
is_linear=0
shrinkage=0.06


Tree=20
num_leaves=31
num_cat=13
split_feature=0 1 0 1 0 3 5 0 5 5 0 0 5 5 5 5 2 5 0 5 5 0 5 1 2 5 5 5 5 5
split_gain=7340.29 1228.5 689.128 385.469 312.873 180.176 139.721 138.069 64.5805 63.1304 56.8348 39.3036 36.969 31.0679 25.6883 25.0366 24.667 24.5932 19.3362 25.781 18.526 56.7036 42.5839 33.5343 21.3473 18.6368 17.9702 17.906 17.4233 15.3194
threshold=0 1 2 3 4 2.5000000000000004 0.0035000001080334191 5 0.004500000039115549 0.0025000000605359678 6 7 0.0075000002980232247 0.015500000212341549 0.70350000262260448 0.004500000039115549 8 0.0065000001341104516 9 0.0035000001080334191 0.0075000002980232247 10 0.0054999999701976785 11 12 0.0084999999962747114 0.7514999806880952 0.41650000214576727 0.0084999999962747114 0.011500000022351744
decision_type=9 9 9 9 9 2 2 9 2 2 9 9 2 2 2 2 1 2 9 2 2 9 2 9 1 2 2 2 2 2
left_child=1 4 10 17 9 7 -5 15 18 -1 13 26 16 -2 20 -4 -11 -3 -9 -20 21 22 -13 25 28 -22 -10 -14 -25 -19
right_child=2 3 5 6 -6 -7 -8 8 11 12 -12 14 27 -15 -16 -17 -18 29 19 -21 23 -23 -24 24 -26 -27 -28 -29 -30 -31
leaf_value=-0.2711702139019877 0.22536126280018037 -0.032458071780962675 -0.068868559509629251 -0.19457614647716723 -0.28271994913484289 0.69469548310841645 -0.13008458390381328 0.085075317142262533 0.061233657951358891 -0.027193242380288821 7.1968760550784232 0.060786905266814344 -0.20792359835808233 0.94010608394058304 0.61495820458618977 0.028311765313293477 -0.15709017073622636 0.27176674002641987 -0.079693996351046001 -0.0037422604268414258 0.0042763195359074753 -0.10659473384728102 0.24893768778047592 -0.023255190435167064 0.14514399396307007 0.87847630122536058 0.22784657716139647 -0.12115883950781203 0.26915712668061215 0.21546064448918528
leaf_weight=1398 1615 498 640 2171 24164 3015 15052 459 10598 967 5386 2001 12438 3148 1126 8311 708 922 287 1387 203 323 2709 265 11339 1773 636 2068 7931 4652
leaf_count=1398 1615 498 640 2171 24164 3015 15052 459 10598 967 5386 2001 12438 3148 1126 8311 708 922 287 1387 203 323 2709 265 11339 1773 636 2068 7931 4652
internal_value=-0.00327311 -0.0174194 0.0112967 -0.00637331 -0.0235808 0.00855017 -0.0109551 0.00769265 0.00916437 -0.0174569 0.0256177 0.00972394 -0.01641 0.0206725 0.0109422 0.000934048 -0.00797015 0.00661953 -0.000998594 -0.0039905 0.0105696 0.0138466 0.0154958 0.00980289 0.009033 0.017281 0.00670758 -0.0173845 0.0113844 0.0077718
internal_weight=128190 65038 63152 23295 41743 53003 17223 49988 41037 17579 10149 38904 16181 4763 27670 8951 1675 6072 2133 1674 26544 5033 4710 21511 19535 1976 11234 14506 8196 5574
internal_count=128190 65038 63152 23295 41743 53003 17223 49988 41037 17579 10149 38904 16181 4763 27670 8951 1675 6072 2133 1674 26544 5033 4710 21511 19535 1976 11234 14506 8196 5574
cat_boundaries=0 1 2 3 4 5 6 7 8 9 10 11 12 13
cat_threshold=141432832 1056 1880122468 1 2883584 650 1879048192 16777216 4 16777216 67174416 1028 10
is_linear=0
shrinkage=0.06


Tree=21
num_leaves=31
num_cat=13
split_feature=0 1 0 1 0 0 5 3 5 5 0 0 5 5 5 5 2 5 5 1 5 1 2 5 5 5 5 5 5 2
split_gain=6922.32 1203.02 698.652 352.482 322.593 167.935 140.758 112.419 79.5413 66.6501 54.6352 43.5259 37.2963 34.9907 27.3495 22.6396 22.6119 21.3073 18.5279 52.2751 46.1537 34.9253 18.6145 17.4442 16.6769 16.3183 15.9766 15.6923 15.595 26.6796
threshold=0 1 2 3 4 5 0.0035000001080334191 2.5000000000000004 0.004500000039115549 0.0025000000605359678 6 7 0.015500000212341549 0.0075000002980232247 0.66550001502037059 0.0054999999701976785 8 0.0054999999701976785 0.0075000002980232247 9 0.0054999999701976785 10 11 0.32250000536441809 0.16550000011920932 0.0084999999962747114 0.0084999999962747114 0.7514999806880952 0.0025000000605359678 12
decision_type=9 9 9 9 9 9 2 2 2 2 9 9 2 2 2 2 1 2 2 9 2 9 1 2 2 2 2 2 2 1
left_child=1 4 10 17 9 11 28 8 -7 -1 12 27 -2 16 18 -13 -11 -3 19 -10 -21 25 26 -15 -9 -20 -23 -4 -5 -30
right_child=2 3 5 6 -6 7 -8 24 14 13 -12 15 -14 23 -16 -17 -18 -19 21 20 -22 22 -24 -25 -26 -27 -28 -29 29 -31
leaf_value=-0.25490000106786842 0.18345540406670521 -0.04830659446724201 0.058159652207187516 -0.27110153648980667 -0.26575675218675238 -0.0125178163539654 -0.12227950886958452 0.46821387314046603 -0.10019904981644416 -0.025561647837471495 6.7650634917737174 -0.038063930875649347 0.88664891550954472 -0.19721746507054191 0.60954935719453718 0.034933605232690464 -0.14766476049205279 0.19366649618998813 0.004019740363753215 0.057139690950805573 0.23430137615964347 -0.021859879009057153 0.13640234943719731 -0.12008285759449137 0.89661360763753628 0.79216786963621388 0.25052182296473879 0.21417578253171263 -0.042502740110717349 -0.14038516433266277
leaf_weight=1398 1496 298 11057 1045 24164 1767 15052 1466 323 967 5386 1355 2687 11905 1292 7596 708 5774 205 2003 2714 265 11300 2601 1549 2183 7872 636 496 630
leaf_count=1398 1496 298 11057 1045 24164 1767 15052 1466 323 967 5386 1355 2687 11905 1292 7596 708 5774 205 2003 2714 265 11300 2601 1549 2183 7872 636 496 630
internal_value=-0.00324456 -0.0169822 0.0109043 -0.00605149 -0.0230793 0.00823372 -0.0104329 0.0108941 0.00978479 -0.0168634 0.0258346 0.00398567 0.0204984 -0.015787 0.0105597 0.000833612 -0.00757612 0.0063729 0.0101496 0.0134286 0.0150095 0.00939244 0.00853551 -0.0167351 0.0219403 0.0162636 0.0107414 0.0063958 -0.0247213 -0.0198224
internal_weight=128190 65038 63152 23295 41743 53583 17223 32939 29924 17579 9569 20644 4183 16181 28157 8951 1675 6072 26865 5040 4717 21825 19437 14506 3015 2388 8137 11693 2171 1126
internal_count=128190 65038 63152 23295 41743 53583 17223 32939 29924 17579 9569 20644 4183 16181 28157 8951 1675 6072 26865 5040 4717 21825 19437 14506 3015 2388 8137 11693 2171 1126
cat_boundaries=0 1 2 3 4 5 6 7 8 9 10 11 12 13
cat_threshold=141432832 1056 1611687012 1 2883584 16777866 1610612736 16777216 4 3073 5124 10 5
is_linear=0
shrinkage=0.06


Tree=22
num_leaves=31
num_cat=12
split_feature=0 0 0 1 5 3 0 0 0 5 2 5 5 5 5 5 0 5 5 2 5 0 5 5 0 5 5 5 5 5
split_gain=6572.1 1195.16 710.74 538.133 188.463 158.021 120.364 99.0729 61.1466 47.32 39.4162 38.1469 37.9959 31.8627 28.3721 25.7687 21.4183 21.618 21.3959 19.7841 19.0989 18.4286 34.2696 26.3323 43.8159 46.6316 17.6958 16.9751 16.7178 15.9216
threshold=0 1 2 3 0.0025000000605359678 2.5000000000000004 4 5 6 0.004500000039115549 7 0.004500000039115549 0.015500000212341549 0.0075000002980232247 0.86349999904632579 0.0035000001080334191 8 0.0035000001080334191 0.004500000039115549 9 0.61550000309944164 10 0.0084999999962747114 0.0075000002980232247 11 0.0054999999701976785 0.10150000080466272 0.16749999672174457 0.46750000119209295 0.59150001406669628
decision_type=9 9 9 9 2 2 9 9 9 2 1 2 2 2 2 2 9 2 2 1 2 9 2 2 9 2 2 2 2 2
left_child=1 29 8 11 -5 6 18 15 12 16 -11 -3 -2 19 21 -6 -8 -18 -4 -9 -13 22 -12 24 -23 -26 -25 -7 -15 -1
right_child=2 3 5 4 7 27 9 13 -10 10 14 20 -14 28 -16 -17 17 -19 -20 -21 -22 23 -24 26 25 -27 -28 -29 -30 -31
leaf_value=-0.25461134247791056 0.17244807982270288 -0.11831982993917854 -0.062452610086512692 -0.2470354374339632 -0.081262038450974447 0.44132106821785855 0.10931996587783288 -0.019827967277770142 6.3591596822672933 0.069375593654660686 -0.029221627163541083 0.095316091519225238 0.83344998057897235 -0.18901514370763831 0.46240210902319417 -0.11603189025988073 -0.074161287588745212 -0.0027666558199930334 0.024929264386356065 -0.15880576243648967 0.49433088443942297 -0.021543731626946751 0.78287822884197189 0.11707001356547891 0.057863593518955196 0.22894320661496706 0.17699603760346383 0.84281679117928432 -0.10548087438633225 -0.17301136307727577
leaf_weight=22727 1496 220 640 2443 1294 1483 552 789 5386 8842 357 5843 2687 12049 952 15085 287 1387 8311 575 805 622 1878 15745 1873 2502 6620 1532 1771 1437
leaf_count=22727 1496 220 640 2443 1294 1483 552 789 5386 8842 357 5843 2687 12049 952 15085 287 1387 8311 575 805 622 1878 15745 1873 2502 6620 1532 1771 1437
internal_value=-0.00325439 -0.01664 0.010532 -0.0103801 -0.0134742 0.00783852 0.00704438 -0.0122355 0.0255904 0.00840104 0.00888401 0.00493748 0.019969 -0.0157325 0.00990641 -0.00897858 -0.000107817 -0.00349169 0.000726481 -0.00699413 0.00575812 0.00958171 0.0148731 0.00914073 0.0130818 0.0151813 0.00826425 0.0211841 -0.0166064 -0.0272202
internal_weight=128190 65038 63152 40874 34006 53583 50568 31563 9569 41617 39391 6868 4183 15184 30549 16379 2226 1674 8951 1364 6648 29597 2235 27362 4997 4375 22365 3015 13820 24164
internal_count=128190 65038 63152 40874 34006 53583 50568 31563 9569 41617 39391 6868 4183 15184 30549 16379 2226 1674 8951 1364 6648 29597 2235 27362 4997 4375 22365 3015 13820 24164
cat_boundaries=0 1 2 3 4 5 6 7 8 9 10 11 12
cat_threshold=141432832 138416128 1611687012 5 650 2230272 1610612736 1 285212672 4 268435712 16777217
is_linear=0
shrinkage=0.06


Tree=23
num_leaves=31
num_cat=11
split_feature=0 0 0 1 5 0 0 3 0 5 5 5 5 5 5 0 5 1 5 0 5 5 5 5 5 5 2 5 5 5
split_gain=6192.74 1174.6 711.995 490.852 194.593 156.185 96.8548 95.5447 70.3779 64.5611 40.997 33.884 31.999 30.6423 25.6842 24.4647 23.0831 48.9563 49.3381 32.1672 46.2682 22.7753 21.4189 18.7917 18.3693 17.4204 17.3614 15.8609 15.7182 15.6184
threshold=0 1 2 3 0.0025000000605359678 4 5 2.5000000000000004 6 0.004500000039115549 0.015500000212341549 0.004500000039115549 0.23050000518560412 0.0075000002980232247 0.28049999475479132 7 0.0075000002980232247 8 0.0054999999701976785 9 0.0084999999962747114 0.0035000001080334191 0.015500000212341549 0.16749999672174457 0.37250000238418585 0.59150001406669628 10 0.46750000119209295 0.021499999798834327 0.004500000039115549
decision_type=9 9 9 9 2 9 9 2 9 2 2 2 2 2 2 9 2 9 2 9 2 2 2 2 2 2 1 2 2 2
left_child=1 25 8 11 -5 12 21 9 10 -7 -2 -3 15 26 16 -4 17 -11 -19 -18 -21 -6 -22 -9 -13 -1 -8 -15 -12 -17
right_child=2 3 5 4 6 7 13 23 -10 14 28 24 -14 27 -16 29 19 18 -20 20 22 -23 -24 -25 -26 -27 -28 -29 -30 -31
leaf_value=-0.23933466192923594 0.16210119503334083 -0.11122064014282784 0.042321961519348146 -0.2322133111879254 -0.076386316143915972 -0.0104007205577075 -0.018638289241103934 0.41484180412478694 5.9776101013312566 -0.092599433827787722 0.70904288103622604 0.079176237097933894 0.096919774621723145 -0.17767423508517996 0.40798430142784753 -0.058705453481321897 0.13137938364800597 0.050239493882619897 0.20680665083916294 -0.060220298444804497 0.54415203324831407 -0.10906997684428794 0.33189748306019184 0.79224778370852744 0.39207108630469834 -0.16263068129263925 -0.14927741669030026 -0.099152021923152311 0.89984267046493693 0.0071687094742952694
leaf_weight=22727 1496 220 9049 2443 1294 1767 789 1483 5386 323 1192 5505 4016 12049 3297 640 14536 2003 2714 374 1723 15085 3187 1532 1143 1437 575 1771 1495 6939
leaf_count=22727 1496 220 9049 2443 1294 1767 789 1483 5386 323 1192 5505 4016 12049 3297 640 14536 2003 2714 374 1723 15085 3187 1532 1143 1437 575 1771 1495 6939
internal_value=-0.00322677 -0.0162203 0.0101558 -0.0100147 -0.0129698 0.00746012 -0.0117109 0.0100255 0.0252271 0.00900281 0.0192249 0.00461471 0.003364 -0.0151678 0.00970096 0.00220471 0.00904103 0.0126667 0.0141972 0.00811907 0.0121383 -0.00849167 0.0137108 0.020209 0.00538809 -0.0267089 -0.00659824 -0.0160246 0.023703 -0.000312294
internal_weight=128190 65038 63152 40874 34006 53583 31563 32939 9569 29924 4183 6868 20644 15184 28157 16628 24860 5040 4717 19820 5284 16379 4910 3015 6648 24164 1364 13820 2687 7579
internal_count=128190 65038 63152 40874 34006 53583 31563 32939 9569 29924 4183 6868 20644 15184 28157 16628 24860 5040 4717 19820 5284 16379 4910 3015 6648 24164 1364 13820 2687 7579
cat_boundaries=0 1 2 3 4 5 6 7 8 9 10 11
cat_threshold=141432832 138416128 1611687012 5 16777866 2230272 1610612736 16777216 3073 2248212496 4
is_linear=0
shrinkage=0.06


Tree=24
num_leaves=31
num_cat=14
split_feature=0 0 0 1 5 0 3 1 0 5 5 5 0 5 5 5 5 1 5 1 5 0 5 5 5 5 2 2 2 5
split_gain=5805.29 1156.9 713.7 451.721 202.731 144.634 91.5402 82.3434 76.1182 58.5886 39.4977 26.9932 26.9806 25.1187 23.2925 22.2747 21.3342 43.017 49.924 34.9435 20.0829 19.1609 19.1382 17.5999 17.278 16.9675 16.8887 16.6934 16.6453 16.6183
threshold=0 1 2 3 0.0025000000605359678 4 2.5000000000000004 5 6 0.004500000039115549 0.015500000212341549 0.0075000002980232247 7 0.0035000001080334191 0.0065000001341104516 0.66550001502037059 0.0075000002980232247 8 0.0054999999701976785 9 0.021499999798834327 10 0.5834999978542329 0.0054999999701976785 0.37250000238418585 0.0065000001341104516 11 12 13 0.011500000022351744
decision_type=9 9 9 9 2 9 2 9 9 2 2 2 9 2 2 2 2 9 2 9 2 9 2 2 2 2 1 1 1 2
left_child=1 22 8 14 -5 12 9 13 10 -7 29 -9 -4 -6 27 16 17 25 -19 -18 -12 -13 -1 -14 -8 -11 -21 -3 -20 -2
right_child=2 3 5 4 7 6 24 11 -10 15 20 21 23 -15 -16 -17 19 18 28 26 -22 -23 -24 -25 -26 -27 -28 -29 -30 -31
leaf_value=-0.22677456619175326 0.72975985561321011 0.0039909755297123442 0.051630963366904009 -0.21768055600419872 -0.076385543086679553 -0.0097766773242449999 0.41771309979148469 -0.090552495846325909 5.6189534952513807 -0.33254689345570909 0.66650030817405248 -0.043355729154068282 -0.033505991765296415 -0.10310789552818508 0.19019840703841154 0.52554508648836884 0.57662095092496246 0.04722512424966261 0.22019827009936008 0.20304735160608317 0.84585211023704088 -0.15709840397649458 -0.15467282439335242 0.030322673188137157 0.93851311810203153 -0.0023131965783602482 0.1126966023185787 -0.11025211092170935 0.11428215055539322 0.029675004312785518
leaf_weight=22355 817 341 11693 2465 1126 1767 2086 1765 5386 97 1192 686 1355 15052 5574 1292 2388 2003 2110 8137 1495 14048 1469 7596 929 226 11300 157 604 679
leaf_count=22355 817 341 11693 2465 1126 1767 2086 1765 5386 97 1192 686 1355 15052 5574 1292 2388 2003 2110 8137 1495 14048 1469 7596 929 226 11300 157 604 679
internal_value=-0.00318231 -0.0157628 0.00977486 -0.00967301 -0.0122844 0.00707611 0.00954475 -0.0110362 0.0248638 0.00854364 0.0186382 -0.0140233 0.0031345 -0.00797628 0.00543571 0.00920872 0.00883864 0.0123571 0.013791 0.00802612 0.0230331 -0.0148717 -0.0262893 0.000652829 0.0195124 -0.00873874 0.0071718 -0.00698795 0.0191231 0.010869
internal_weight=128190 65038 63152 41214 35142 53583 32939 32677 9569 29924 4183 16499 20644 16178 6072 28157 26865 5040 4717 21825 2687 14734 23824 8951 3015 323 19437 498 2714 1496
internal_count=128190 65038 63152 41214 35142 53583 32939 32677 9569 29924 4183 16499 20644 16178 6072 28157 26865 5040 4717 21825 2687 14734 23824 8951 3015 323 19437 498 2714 1496
cat_boundaries=0 1 2 3 4 5 6 7 8 9 10 11 12 13 14
cat_threshold=141432832 134221824 1611687012 1 16777866 276 1610612736 16777216 3073 5124 2097152 10 9 4
is_linear=0
shrinkage=0.06


Tree=25
num_leaves=31
num_cat=12
split_feature=0 0 0 1 5 0 0 3 0 5 5 5 5 5 5 0 5 5 5 1 5 1 5 5 5 5 2 5 5 2
split_gain=5421.94 1148.88 715.871 409.367 193.335 133.59 84.972 84.303 80.122 53.1801 40.9224 29.5147 27.2724 24.1061 23.7261 23.5137 23.1235 22.6546 23.1629 41.9719 50.6166 30.9219 22.2367 19.8451 18.7233 17.3679 36.0133 17.0411 16.9675 16.5105
threshold=0 1 2 3 0.0025000000605359678 4 5 2.5000000000000004 6 0.004500000039115549 0.015500000212341549 0.004500000039115549 0.87749999761581432 0.0075000002980232247 0.0015000000712461772 7 0.021499999798834327 0.78450000286102306 0.0075000002980232247 8 0.0054999999701976785 9 0.0084999999962747114 0.37250000238418585 0.70350000262260448 0.0035000001080334191 10 0.37749999761581426 0.0065000001341104516 11
decision_type=9 9 9 9 2 9 9 2 9 2 2 2 2 2 2 9 2 2 2 9 2 9 2 2 2 2 1 2 2 1
left_child=1 14 8 11 -5 12 25 9 10 -7 -2 -3 15 -8 -1 -4 -12 18 19 28 -21 22 -20 -9 -15 26 -6 -13 -11 -22
right_child=2 3 5 4 6 7 13 23 -10 17 16 27 -14 24 -16 -17 -18 -19 21 20 29 -23 -24 -25 -26 -27 -28 -29 -30 -31
leaf_value=-0.25516810938638573 0.13829474209112816 -0.10265471351318296 0.043330536049819235 -0.20461972264394682 -0.023210537265543427 -0.0091900766847903981 -0.10628652127994284 0.39265031380399562 5.2818162855362969 -0.31259407984836629 0.62651028968360944 0.069013666897019016 0.19659099418490816 -0.15278788131911625 -0.19456812426370507 0.0025840576068857498 0.79510098362281811 0.54920015082743556 -0.025452185577069599 0.044391616794682773 0.2069863738933985 0.14133481533473741 0.6465562062900656 0.88220233101590972 -0.060637719139582588 -0.096580340623884667 -0.11633762614450201 0.36034260191416295 -0.0021744047836586588 0.10742522152206974
leaf_weight=3991 1496 220 11250 2465 651 1767 1454 2086 5386 97 1192 5525 691 13050 19833 8703 1495 963 205 2003 2110 19743 2206 929 998 15085 643 1123 226 604
leaf_count=3991 1496 220 11250 2465 651 1767 1454 2086 5386 97 1192 5525 691 13050 19833 8703 1495 963 205 2003 2110 19743 2206 929 998 15085 643 1123 226 604
internal_value=-0.00312052 -0.0152786 0.00940154 -0.00921017 -0.0118844 0.00669882 -0.0106361 0.00907129 0.024513 0.00811055 0.0181374 0.00416109 0.00291082 -0.0138241 -0.0257682 0.00250639 0.0226089 0.00874418 0.00842392 0.0120952 0.0135117 0.0075887 0.0140149 0.0186368 -0.0145942 -0.00760571 -0.0142813 0.00488267 -0.00873874 0.0188799
internal_weight=128190 65038 63152 41214 34346 53583 31881 32939 9569 29924 4183 6868 20644 15502 23824 19953 2687 28157 27194 5040 4717 22154 2411 3015 14048 16379 1294 6648 323 2714
internal_count=128190 65038 63152 41214 34346 53583 31881 32939 9569 29924 4183 6868 20644 15502 23824 19953 2687 28157 27194 5040 4717 22154 2411 3015 14048 16379 1294 6648 323 2714
cat_boundaries=0 1 2 3 4 5 6 7 8 9 10 11 12
cat_threshold=141432832 134221824 1611687012 5 16777866 2230272 1610612736 16777216 3073 5124 5 4
is_linear=0
shrinkage=0.06


Tree=26
num_leaves=31
num_cat=11
split_feature=0 0 0 1 5 0 0 3 0 5 5 5 5 5 5 5 5 5 5 1 5 1 5 0 5 5 5 5 2 5
split_gain=5055.49 1117.62 697.589 374.003 197.257 124.005 82.5246 79.1998 63.5692 47.9558 40.209 31.4951 27.5395 25.5386 24.4676 22.7015 21.0819 20.9698 24.6879 40.8929 52.8339 29.7462 19.6512 19.3969 18.7167 18.5727 18.2579 17.8788 17.8308 17.6429
threshold=0 1 2 3 0.0025000000605359678 4 5 2.5000000000000004 6 0.004500000039115549 0.015500000212341549 0.0015000000712461772 0.021499999798834327 0.36149999499320989 0.0075000002980232247 0.22150000184774402 0.0065000001341104516 0.78450000286102306 0.0075000002980232247 7 0.0054999999701976785 8 0.0084999999962747114 9 0.46750000119209295 0.14150000363588336 0.61550000309944164 0.0035000001080334191 10 0.011500000022351744
decision_type=9 9 9 9 2 9 9 2 9 2 2 2 2 2 2 2 2 2 2 9 2 9 2 9 2 2 2 2 1 2
left_child=1 11 6 16 -5 13 10 9 -6 -7 29 -1 -12 23 -10 -9 -3 18 19 -11 -21 22 -20 -4 -16 -14 27 -13 -22 -2
right_child=2 3 5 4 8 7 -8 15 14 17 12 26 25 -15 24 -17 -18 -19 21 20 28 -23 -24 -25 -26 -27 -28 -29 -30 -31
leaf_value=-0.23985802282320259 0.67767657975095119 -0.034189179591914323 0.037008809673022683 -0.19234253928530995 -0.085357334243556543 -0.008638672083702871 4.9649073084041184 0.3629292988008288 -0.085666580911885212 -0.07211332137648796 0.5889196723025929 -0.097694032230246031 0.4762966412579368 0.10475424222131537 -0.14328848167831487 0.66997026439714258 0.16861850001082684 0.51624814177778933 -0.023925054442445626 0.041728119787001743 0.19456719145979448 0.13285472641465318 0.60776283391266128 -0.0034507169145222604 -0.075209680002477797 1.7638455998262241 -0.13071835602983711 -0.19909400705324407 0.10097970823074547 0.019596819528550781
leaf_weight=3991 817 498 9837 2465 16379 1767 5386 1703 1671 323 1192 2677 1049 2767 12796 1312 5574 963 205 2003 2110 19743 2206 8040 1831 446 1350 15806 604 679
leaf_count=3991 817 498 9837 2465 16379 1767 5386 1703 1671 323 1192 2677 1049 2767 12796 1312 5574 963 205 2003 2110 19743 2206 8040 1831 446 1350 15806 604 679
internal_value=-0.00304049 -0.0147805 0.00905101 -0.00879536 -0.0111715 0.00638311 0.0239681 0.00866885 -0.00994002 0.0077376 0.0175078 -0.0251263 0.021939 0.00273361 -0.0125975 0.0179403 0.00495232 0.00833931 0.00803118 0.0118214 0.0132198 0.00716891 0.0134696 0.00190468 -0.013391 0.0165151 -0.0241582 -0.0246502 0.018703 0.00966578
internal_weight=128190 65038 63152 41214 35142 53583 9569 32939 32677 29924 4183 23824 2687 20644 16298 3015 6072 28157 27194 5040 4717 22154 2411 17877 14627 1495 19833 18483 2714 1496
internal_count=128190 65038 63152 41214 35142 53583 9569 32939 32677 29924 4183 23824 2687 20644 16298 3015 6072 28157 27194 5040 4717 22154 2411 17877 14627 1495 19833 18483 2714 1496
cat_boundaries=0 1 2 3 4 5 6 7 8 9 10 11
cat_threshold=141432832 134221824 1611687012 1 16777866 1610612736 2230272 3073 5124 16777216 4
is_linear=0
shrinkage=0.06


Tree=27
num_leaves=31
num_cat=10
split_feature=0 0 0 1 5 3 0 0 0 5 5 5 5 5 5 5 5 5 2 5 5 5 5 5 5 5 0 5 1 5
split_gain=4695 1098.35 663.973 338.91 192.535 118.769 92.2596 89.3048 58.6168 38.8265 37.7469 37.6914 34.9131 26.0223 24.8712 21.5671 19.5546 18.8502 33.4199 23.5025 18.3789 17.7043 17.7017 17.0729 17.0617 16.4892 16.1769 14.7672 39.7959 52.5433
threshold=0 1 2 3 0.0025000000605359678 1.5000000000000002 4 5 6 0.0015000000712461772 0.004500000039115549 0.015500000212341549 0.37250000238418585 0.84950000047683727 0.021499999798834327 0.0075000002980232247 0.0075000002980232247 0.0075000002980232247 7 0.011500000022351744 0.61550000309944164 0.14950000494718554 0.37749999761581426 0.46750000119209295 0.0035000001080334191 0.74149999022483837 8 0.0075000002980232247 9 0.0054999999701976785
decision_type=9 9 9 9 2 2 9 9 9 2 2 2 2 2 2 2 2 2 1 2 2 2 2 2 2 2 9 2 9 2
left_child=1 9 6 17 -5 7 11 13 25 -1 -9 -2 16 26 -13 -10 -7 18 -3 -19 24 -16 -21 -17 -11 -6 -4 28 -12 -30
right_child=2 3 5 4 8 12 -8 10 15 20 27 14 -14 -15 21 23 -18 19 -20 22 -22 -23 -24 -25 -26 -27 -28 -29 29 -31
leaf_value=-0.22546654145381043 0.11831527085456514 0.024822019532037557 0.037188336024281982 -0.18080198692819138 -0.084682163061921473 -0.17986336726993024 4.667012869899871 -0.0067525955084705913 -0.080526586057172195 -0.091832390296431282 -0.06778652209389889 0.55358449196443726 0.68527177387511085 0.17955511120309595 0.45194162556244943 -0.13469117277761597 0.28475362327024001 0.34420134881144659 -0.12917343264425685 0.078155700261454228 -0.12287525466804691 1.745665795405082 0.34819731467552656 -0.070697099202329097 -0.18714836663004944 0.022742872996567128 0.0021325283663017557 0.1836856758415446 0.036524485242603856 0.1708931141958395
leaf_weight=3991 1496 500 14939 2465 15610 124 5386 1605 1671 2677 323 1192 1273 805 1066 12796 3837 696 224 3595 1350 429 1057 1831 15806 769 8686 17874 1796 2321
leaf_count=3991 1496 500 14939 2465 15610 124 5386 1605 1671 2677 323 1192 1273 805 1066 12796 3837 696 224 3595 1350 429 1057 1831 15806 769 8686 17874 1796 2321
internal_value=-0.00302036 -0.014334 0.00863209 -0.00840093 -0.0106628 0.00602933 0.0231851 0.00510104 -0.00944609 -0.0245901 0.00770655 0.0163773 0.014616 0.00254583 0.0206662 -0.0119978 0.0118379 0.00468596 -0.00439227 0.00592371 -0.0235138 0.0155117 0.00438521 -0.0127429 -0.0240075 -0.00689548 0.0021854 0.00834902 0.0114459 0.0130191
internal_weight=128190 65038 63152 41214 35142 53583 9569 48349 32677 23824 23919 4183 5234 24430 2687 16298 3961 6072 724 5348 19833 1495 4652 14627 18483 16379 23625 22314 4440 4117
internal_count=128190 65038 63152 41214 35142 53583 9569 48349 32677 23824 23919 4183 5234 24430 2687 16298 3961 6072 724 5348 19833 1495 4652 14627 18483 16379 23625 22314 4440 4117
cat_boundaries=0 1 2 3 4 5 6 7 8 9 10
cat_threshold=141432832 134221824 1611687012 1 1610612736 83886730 2230272 9 83886080 3073
is_linear=0
shrinkage=0.06


Tree=28
num_leaves=31
num_cat=13
split_feature=0 0 0 1 5 0 0 0 5 5 0 5 2 0 3 0 5 5 3 5 5 5 5 2 5 5 5 5 0 5
split_gain=4340.73 1078.32 637.906 309.284 190.82 120.922 62.2944 61.294 59.4732 46.9641 40.3389 40.0188 47.4068 29.8424 28.5053 26.4403 24.5206 24.431 23.1783 21.3514 17.7637 20.2627 17.5941 56.6178 74.8495 17.1162 16.3009 27.7708 49.6911 22.1896
threshold=0 1 2 3 0.0025000000605359678 4 5 6 0.36750000715255743 0.0015000000712461772 7 0.0084999999962747114 8 9 1.5000000000000002 10 0.004500000039115549 0.0035000001080334191 1.5000000000000002 0.0075000002980232247 0.61550000309944164 0.0035000001080334191 0.0084999999962747114 11 0.0054999999701976785 0.1475000008940697 0.020499999634921554 0.015500000212341549 12 0.014500000048428776
decision_type=9 9 9 9 2 9 9 9 2 2 9 2 1 9 2 9 2 2 2 2 2 2 2 1 2 2 2 2 9 2
left_child=1 9 7 16 -5 10 -6 18 11 -1 17 13 26 -7 15 -14 -3 -4 -2 -8 21 -11 23 24 -19 -21 27 28 -13 -30
right_child=2 3 5 4 6 8 19 -9 -10 20 -12 12 14 -15 -16 -17 -18 22 -20 25 -22 -23 -24 -25 -26 -27 -28 -29 29 -31
leaf_value=-0.21193854896658179 0.75591651939821303 -0.087000052243163456 -0.044147389423958502 -0.1699538677124999 -0.075575636522442549 0.072095765762424255 -0.08993773998500286 5.6892931230965029 0.57196032582324963 -0.08632244687864539 0.0067623394239942052 0.75833842340392321 0.022479373728118899 -0.080414550085388045 0.27246851573730679 0.23978294913143627 0.093039277628924916 0.026484785661280555 2.5487261406495274 -0.13801733587500786 -0.11550273938796408 -0.17591946463224648 0.059262311434554744 -0.0051668703010177095 0.20357476130370183 -0.089384280692142923 0.31095711747629479 0.50626938582547698 -0.12596125840743269 0.053322139881931317
leaf_weight=3991 2328 220 413 2465 16379 1189 1454 4246 2789 2677 8951 627 3391 617 3719 4585 6648 2866 657 9412 1350 15806 19246 2145 2620 4636 922 1218 257 366
leaf_count=3991 2328 220 413 2465 16379 1189 1454 4246 2789 2677 8951 627 3391 617 3719 4585 6648 2866 657 9412 1350 15806 19246 2145 2620 4636 922 1218 257 366
internal_value=-0.003011 -0.0138894 0.00819322 -0.00801087 -0.0103353 0.00602188 -0.00909476 0.0249537 0.00980904 -0.0240514 0.0039632 0.00847374 0.00948426 3.32226e-05 0.00765058 0.0056344 0.00361151 0.00510989 0.0181603 -0.0118244 -0.0228664 -0.0233517 0.0053343 0.00777224 0.0109934 -0.0125484 0.0157412 0.0183306 0.012048 -0.00014218
internal_weight=128190 65038 63152 41214 34346 55921 31881 7231 19680 23824 36241 16891 15085 1806 11695 7976 6868 27290 2985 15502 19833 18483 26877 7631 5486 14048 3390 2468 1250 623
internal_count=128190 65038 63152 41214 34346 55921 31881 7231 19680 23824 36241 16891 15085 1806 11695 7976 6868 27290 2985 15502 19833 18483 26877 7631 5486 14048 3390 2468 1250 623
cat_boundaries=0 1 2 3 4 5 6 7 8 9 10 11 12 13
cat_threshold=141432832 134221824 537945188 5 16876170 2230272 536871936 16875520 20 335544336 67108880 4 256
is_linear=0
shrinkage=0.06


Tree=29
num_leaves=31
num_cat=12
split_feature=0 0 0 1 5 0 0 0 5 5 5 2 0 0 3 0 3 5 5 5 2 5 5 5 5 5 5 5 5 5
split_gain=4007.94 1045.62 617.954 277.247 188.042 108.853 68.4765 57.7808 57.5827 56.9354 45.4934 41.9147 34.0692 33.7576 26.7727 27.572 24.4741 22.2003 21.3504 21.2688 41.5785 67.8447 19.9186 18.4302 19.9354 17.7256 17.2756 27.1236 20.322 22.1413
threshold=0 1 2 3 0.0025000000605359678 4 5 6 0.0015000000712461772 0.46750000119209295 0.0084999999962747114 7 8 9 1.5000000000000002 10 1.5000000000000002 0.0035000001080334191 0.004500000039115549 0.0084999999962747114 11 0.0054999999701976785 0.0075000002980232247 0.61550000309944164 0.0035000001080334191 0.59150001406669628 0.011500000022351744 0.014500000048428776 0.020499999634921554 0.016500000841915611
decision_type=9 9 9 9 2 9 9 9 2 2 2 1 9 9 2 9 2 2 2 2 1 2 2 2 2 2 2 2 2 2
left_child=1 8 6 18 -5 13 16 -6 -1 10 12 26 -7 17 15 -13 -2 -4 -3 20 21 -19 -9 24 -10 -24 -12 -28 29 -29
right_child=2 3 5 4 7 9 -8 22 23 -11 11 14 -14 -15 -16 -17 -18 19 -20 -21 -22 -23 25 -25 -26 -27 27 28 -30 -31
leaf_value=-0.19922223602858685 0.7105615282343194 -0.081780049108573713 -0.041498546058520984 -0.15975663564974987 -0.071041098331095898 0.067770019816678656 5.3479355357107137 -0.084541475585902734 -0.081143100065926677 0.5929252145376902 0.61923780672039075 0.0095338986167165275 -0.080255934587889391 0.0063565990585546213 0.26250119230924268 0.20824260556584689 2.3958025722105556 0.024895698521603647 0.0874569209711894 0.050906577326118169 0.0027562743197279359 0.1913602756254798 -0.12133633234360118 -0.10857257502468627 -0.16536429675431172 -0.052221239872342902 -0.011003527971346329 0.096093112812667122 0.29229969042771725 0.75909306703629986
leaf_weight=3991 2328 220 413 2465 16379 1189 4246 1454 2677 2291 454 2787 704 8951 4000 6531 657 2866 6648 18113 2058 2620 12715 1350 15806 1333 408 852 930 754
leaf_count=3991 2328 220 413 2465 16379 1189 4246 1454 2677 2291 454 2787 704 8951 4000 6531 657 2866 6648 18113 2058 2620 12715 1350 15806 1333 408 852 930 754
internal_value=-0.00295483 -0.0134079 0.00781134 -0.00761935 -0.00982012 0.00567431 0.0243074 -0.0085885 -0.0234144 0.00910187 0.00800742 0.00900574 -0.000808241 0.00362679 0.00746849 0.00571153 0.0171586 0.00471856 0.0033847 0.00494251 0.0076193 0.0103384 -0.0112171 -0.022101 -0.0225954 -0.0119163 0.0149648 0.0133288 0.0156388 0.019726
internal_weight=128190 65038 63152 41214 34346 55921 7231 31881 23824 20900 18609 16716 1893 35021 13318 9318 2985 26070 6868 25657 7544 5486 15502 19833 18483 14048 3398 2944 2536 1606
internal_count=128190 65038 63152 41214 34346 55921 7231 31881 23824 20900 18609 16716 1893 35021 13318 9318 2985 26070 6868 25657 7544 5486 15502 19833 18483 14048 3398 2944 2536 1606
cat_boundaries=0 1 2 3 4 5 6 7 8 9 10 11 12
cat_threshold=141432832 134221824 537945188 5 16843402 536871936 2230272 20 335544336 16842752 67108864 4
is_linear=0
shrinkage=0.06


Tree=30
num_leaves=31
num_cat=13
split_feature=0 0 0 1 5 0 5 5 0 0 0 3 5 2 0 5 5 5 2 5 2 5 5 5 5 3 5 2 5 5
split_gain=3735.53 1011.87 603.876 249.182 181.043 129.311 67.8388 57.8745 48.3007 41.6223 31.681 26.4112 22.664 32.1569 22.3545 19.6112 19.2728 18.3832 18.1773 18.1267 17.2098 16.834 21.5573 16.751 15.9331 15.207 15.0579 45.7529 63.0408 14.0227
threshold=0 1 2 3 0.0025000000605359678 4 0.0015000000712461772 0.46750000119209295 5 6 7 1.5000000000000002 0.0075000002980232247 8 9 0.011500000022351744 0.0035000001080334191 0.0075000002980232247 10 0.37250000238418585 11 0.3014999926090241 0.0035000001080334191 0.0075000002980232247 0.0054999999701976785 1.5000000000000002 0.0084999999962747114 12 0.0054999999701976785 0.74149999022483837
decision_type=9 9 9 9 2 9 2 2 9 9 9 2 2 1 9 2 2 2 1 2 1 2 2 2 2 2 2 1 2 2
left_child=1 6 14 12 20 10 -1 9 29 11 16 -7 13 -3 -2 -14 -4 -10 -19 -17 -5 22 -8 -13 -12 -11 27 28 -18 -6
right_child=2 3 5 4 8 7 21 -9 17 25 24 23 15 -15 -16 19 26 18 -20 -21 -22 -23 -24 -25 -26 -27 -28 -29 -30 -31
leaf_value=-0.18726890186687159 1.327804074027614 0.014991002828926233 -0.039008633295009788 -0.1115900276586137 -0.070804229186993972 0.076540013507343047 -0.076274514061971097 0.63571491037203032 -0.069403301735350809 0.26534221287521859 -0.032358720711851634 -0.17746351236848062 0.31271949596675286 -0.13130581946206418 5.0270594035680709 0.062636586329759894 0.023401956610307407 -0.082546826150210625 -0.125724014197239 0.31368348064177337 -0.17117120317848949 -0.11644246183723658 -0.15844245039314478 0.2422511894352388 0.026256073975162195 1.5710540516669846 0.052621120872585185 -0.0043091456270046534 0.17987865908795103 0.030175304707985615
leaf_weight=3991 1140 500 413 1070 15610 8370 2677 2361 1671 6235 1355 124 696 224 4246 3577 2866 6588 8039 1075 1395 2729 14427 4100 7596 335 19246 2145 2620 769
leaf_count=3991 1140 500 413 1070 15610 8370 2677 2361 1671 6235 1355 124 696 224 4246 3577 2866 6588 8039 1075 1395 2729 14427 4100 7596 335 19246 2145 2620 769
internal_value=-0.00291786 -0.0130095 0.00747601 -0.00731516 -0.00925467 0.0056816 -0.0228531 0.00936568 -0.00807449 0.00827802 0.00349149 0.00624088 0.00390661 -0.00604972 0.0266753 0.00526178 0.00450769 -0.01039 -0.0110775 0.00385641 -0.0249371 -0.0214264 -0.0221246 0.0101136 0.000391697 0.012155 0.004707 0.00696239 0.00985808 -0.00576057
internal_weight=128190 65038 63152 41214 35142 57766 23824 21525 32677 19164 36241 12594 6072 724 5386 5348 27290 16298 14627 4652 2465 19833 17104 4224 8951 6570 26877 7631 5486 16379
internal_count=128190 65038 63152 41214 35142 57766 23824 21525 32677 19164 36241 12594 6072 724 5386 5348 27290 16298 14627 4652 2465 19833 17104 4224 8951 6570 26877 7631 5486 16379
cat_boundaries=0 1 2 3 4 5 6 7 8 9 10 11 12 13
cat_threshold=141432832 134221824 1074276 1 16876170 2230272 2248146961 16875520 9 1024 10 4 4
is_linear=0
shrinkage=0.06


Tree=31
num_leaves=31
num_cat=13
split_feature=0 0 0 1 5 0 5 5 0 0 0 0 5 2 3 5 5 5 5 2 5 5 5 5 2 5 5 5 5 0
split_gain=3438.32 952.943 594.062 235.888 182.874 122.742 80.2834 55.4375 44.7421 37.0906 35.6929 23.5233 20.9567 23.4968 20.9368 17.6547 17.6134 20.6813 16.6807 35.0527 25.719 25.3614 16.3832 16.2905 16.1634 15.7972 15.0846 14.3053 19.3967 13.7597
threshold=0 1 2 3 0.0025000000605359678 4 0.0015000000712461772 0.36750000715255743 5 6 7 8 0.0075000002980232247 9 2.5000000000000004 0.0065000001341104516 0.28049999475479132 0.0035000001080334191 0.015500000212341549 10 0.021499999798834327 0.0084999999962747114 0.0035000001080334191 0.01049999985843897 11 0.0054999999701976785 0.004500000039115549 0.61550000309944164 0.011500000022351744 12
decision_type=9 9 9 9 2 9 2 2 9 9 9 9 2 1 2 2 2 2 2 1 2 2 2 2 1 2 2 2 2 9
left_child=1 6 11 12 -5 10 -1 9 -6 14 22 -2 13 -3 -7 -10 17 -8 19 21 -20 26 -4 -21 -17 -12 -11 28 -14 -25
right_child=2 3 5 4 8 7 16 -9 15 18 25 -13 27 -15 -16 24 -18 -19 20 23 -22 -23 -24 29 -26 -27 -28 -29 -30 -31
leaf_value=-0.17603276775485927 1.2481358295859564 0.012924095796233388 -0.036668115297309282 -0.14624779794839457 -0.066554915426413647 0.081333623744268654 -0.071698043218252822 0.53071966012518856 -0.057105905626515886 0.54580704742009112 -0.030158808897579766 4.7254358393539864 0.25075636740747809 -0.096601026870726442 0.27803519780148533 -0.078227783488755795 -0.11005592785991257 -0.14953588849223681 0.4165270967259832 -0.67685360355774316 0.41235243819708156 0.64896329851340362 0.05038963986246621 0.45903626579683843 -0.12630504833246323 0.018459326208349437 -0.020825842506861106 0.34745457602192714 0.048735318405937277 -0.019563262275890735
leaf_weight=3991 1140 613 413 2300 15700 9958 2677 3027 1145 781 1794 4246 798 328 2070 5927 2902 14254 1406 110 2163 765 26877 206 8112 8319 422 805 4324 617
leaf_count=3991 1140 613 413 2300 15700 9958 2677 3027 1145 781 1794 4246 798 328 2070 5927 2902 14254 1406 110 2163 765 26877 206 8112 8319 422 805 4324 617
internal_value=-0.00286497 -0.0127239 0.00692774 -0.00706755 -0.0091625 0.00518172 -0.0222262 0.00879173 -0.00794975 0.00756406 0.0031024 0.0259859 0.00305321 -0.00526036 0.00557734 -0.0102751 -0.0206731 -0.0214134 0.0112315 0.0078697 0.0139955 0.0123761 0.00423077 -0.00174973 -0.0108662 5.63074e-05 0.00700748 0.00437827 0.00320968 0.00113001
internal_weight=128190 63876 64314 40052 33184 58928 23824 21525 30884 18498 37403 5386 6868 941 12028 15184 19833 16931 6470 2901 3569 1968 27290 933 14039 10113 1203 5927 5122 823
internal_count=128190 63876 64314 40052 33184 58928 23824 21525 30884 18498 37403 5386 6868 941 12028 15184 19833 16931 6470 2901 3569 1968 27290 933 14039 10113 1203 5927 5122 823
cat_boundaries=0 1 2 3 4 5 6 7 8 9 10 11 12 13
cat_threshold=139335680 134221824 1074276 5 18973322 4327424 2248146961 16875520 1024 9 12 2 256
is_linear=0
shrinkage=0.06


Tree=32
num_leaves=31
num_cat=11
split_feature=0 0 0 0 1 5 0 5 3 5 0 1 5 5 5 5 0 5 3 5 5 3 0 5 5 5 5 5 5 2
split_gain=3175.55 736.837 453.326 333.861 150.584 139.217 135.024 93.5503 72.4635 42.3539 38.8818 37.9993 31.4134 23.5366 29.9351 23.0118 21.1756 31.1258 20.2476 19.9708 18.6502 18.6197 18.6038 20.7208 19.4559 18.0606 15.56 14.7554 11.529 11.3298
threshold=0 1 2 3 4 0.0025000000605359678 5 0.0015000000712461772 2.5000000000000004 0.016500000841915611 6 7 0.004500000039115549 0.019499999471008781 0.28049999475479132 0.84950000047683727 8 0.0075000002980232247 1.5000000000000002 0.0025000000605359678 0.49050000309944158 1.5000000000000002 9 0.28049999475479132 0.004500000039115549 0.37749999761581426 0.33750000596046453 0.66550001502037059 0.0075000002980232247 10
decision_type=9 9 9 9 9 2 9 2 2 2 9 9 2 2 2 2 9 2 2 2 2 2 9 2 2 2 2 2 2 1
left_child=2 6 5 4 25 -1 9 -4 10 -2 15 19 -12 -11 18 21 -7 -18 -15 -6 28 29 23 24 -9 -3 -13 -21 -10 -5
right_child=1 3 7 8 11 16 -8 22 20 13 12 26 -14 14 -16 -17 17 -19 -20 27 -22 -23 -24 -25 -26 -27 -28 -29 -30 -31
leaf_value=-0.14132610202078855 0.10030972694441175 0.035141206004441157 -0.16547080168956768 0.28092279601518155 -0.14494832228286966 -0.086771439084951996 4.4419096889927472 -0.070996128581700582 -0.30388082295429059 0.65553556247515843 -0.014625507134601959 -0.037021266172412623 0.10452263864588573 0.34857935768420018 1.8791075341244377 0.17042345578071844 -0.039677308773874743 -0.15172675687660719 1.8847263429485461 -0.080334383474201021 0.70887648051767738 0.14633792310656388 -0.24951602616203938 -0.095068296542010947 -0.13576373976033934 0.27147287743376514 0.056904150072025331 -0.0087662171505834153 0.27095307677812269 0.015689473930437146
leaf_weight=1885 2424 5651 3991 450 224 11172 4246 2988 30 719 1512 6689 21827 1762 630 802 1089 5305 368 8009 706 2139 756 2728 13361 1220 566 781 2279 21881
leaf_count=1885 2424 5651 3991 450 224 11172 4246 2988 30 719 1512 6689 21827 1762 630 802 1089 5305 368 8009 706 2139 756 2728 13361 1220 566 781 2279 21881
internal_value=-0.00283033 0.00391157 -0.0160566 0.00185113 -0.0041365 -0.00924773 0.0190737 -0.0216095 0.00453521 0.0131456 0.00397626 -0.00728116 0.005742 0.0174102 0.0148913 0.00234238 -0.00758966 -0.0103529 0.011493 -0.00988697 0.0135622 0.00201553 -0.0199319 -0.0195227 -0.0203407 0.00330911 -0.00403441 -0.0094471 0.0109528 0.00150329
internal_weight=128190 84915 43275 74766 23140 19451 10149 23824 51626 5903 48611 16269 23339 3479 2760 25272 17566 6394 2130 9014 3015 24470 19833 19077 16349 6871 7255 8790 2309 22331
internal_count=128190 84915 43275 74766 23140 19451 10149 23824 51626 5903 48611 16269 23339 3479 2760 25272 17566 6394 2130 9014 3015 24470 19833 19077 16349 6871 7255 8790 2309 22331
cat_boundaries=0 1 2 3 4 5 6 7 8 9 10 11
cat_threshold=138680320 1880122468 4458496 2753032 2049 1879049216 83886210 32 4196352 4096 8
is_linear=0
shrinkage=0.06


Tree=33
num_leaves=31
num_cat=14
split_feature=0 0 0 0 0 1 5 5 3 5 2 5 0 3 0 5 5 0 5 2 0 5 5 5 5 5 0 2 5 5
split_gain=2956.14 679.232 438.617 278.332 156.054 135.042 133.946 107.59 70.4781 37.0168 35.2402 26.9751 28.8139 26.0268 22.0057 20.2597 19.8804 19.8751 28.8149 19.7647 17.357 17.0039 16.974 15.503 14.5662 42.6785 22.2029 17.1238 19.219 16.0114
threshold=0 1 2 3 4 5 0.0025000000605359678 0.0015000000712461772 2.5000000000000004 0.32250000536441809 6 0.004500000039115549 7 1.5000000000000002 8 0.28049999475479132 0.49050000309944158 9 0.0075000002980232247 10 11 0.004500000039115549 0.44050000607967382 0.0025000000605359678 0.016500000841915611 0.020499999634921554 12 13 0.01049999985843897 0.0084999999962747114
decision_type=9 9 9 9 9 9 2 2 2 2 1 2 9 2 9 2 2 9 2 1 9 2 2 2 2 2 9 1 2 2
left_child=2 4 6 5 -2 22 -1 -4 11 13 23 20 19 24 15 21 -10 -8 -19 -13 -5 -9 -3 -7 27 26 -26 29 -29 -6
right_child=1 3 7 8 9 10 17 14 16 -11 -12 12 -14 -15 -16 -17 -18 18 -20 -21 -22 -23 -24 -25 25 -27 -28 28 -30 -31
leaf_value=-0.13284653589954118 4.1753951076531814 0.03482234085436467 -0.15554255358819363 5.1995827653925625e-05 0.173587160192057 -0.13685137945834863 -0.081565152739854874 -0.06673636086679853 0.24449577315288082 1.7387917849882151 -0.039793952359976764 0.051025188498826632 0.088051275749495866 1.6981038694073622 -0.23454506459231703 -0.08936419874949024 0.66634389168661656 -0.037296670247442237 -0.14262315146401075 0.0070594854932420504 -0.10761514558767615 -0.127617915374719 0.26111894712513262 -0.078676565970142581 0.63750317237899312 0.32272898101261122 0.2871587875331269 -0.64251374566303177 0.03814430733830633 0.54435381269400207
leaf_weight=1885 4246 5784 3991 1943 1405 233 11172 2988 2309 704 11570 13120 19664 501 756 2728 706 1089 5305 11198 523 13361 1087 4466 678 2334 203 110 1270 861
leaf_count=1885 4246 5784 3991 1943 1405 233 11172 2988 2309 704 11570 13120 19664 501 756 2728 706 1089 5305 11198 523 13361 1087 4466 678 2334 203 110 1270 861
internal_value=-0.00277978 0.00372505 -0.0155409 0.00151419 0.0167505 -0.0039162 -0.00884384 -0.0210028 0.00405494 0.0118128 -0.00689416 0.00347873 0.00382111 0.0105705 -0.0192028 -0.0187651 0.0129453 -0.00721735 -0.00989382 0.0024367 -0.00262774 -0.0195737 0.00313472 -0.0112827 0.00960647 0.0125505 0.0238025 0.00701042 0.00168345 0.0102021
internal_weight=128190 84915 43275 72603 12312 23140 19451 23824 49463 8066 16269 46448 43982 7362 19833 19077 3015 17566 6394 24318 2466 16349 6871 4699 6861 3215 881 3646 1380 2266
internal_count=128190 84915 43275 72603 12312 23140 19451 23824 49463 8066 16269 46448 43982 7362 19833 19077 3015 17566 6394 24318 2466 16349 6871 4699 6861 3215 881 3646 1380 2266
cat_boundaries=0 1 2 3 4 5 6 7 8 9 10 11 12 13 14
cat_threshold=138680320 1880122724 4458496 2753032 1073252 2049 1 83886210 4096 4196352 10 16842752 1073741824 12
is_linear=0
shrinkage=0.06


Tree=34
num_leaves=31
num_cat=12
split_feature=0 0 0 0 1 5 5 0 3 0 5 5 5 0 5 0 5 0 5 5 5 0 2 5 5 5 5 5 5 5
split_gain=2733.72 634.053 413.703 302.247 139.246 124.29 122.878 63.4163 51.3605 47.977 43.5209 32.558 30.2634 28.2218 27.809 27.132 26.7905 25.2684 25.2683 21.7066 19.8172 25.5994 23.1508 24.5821 19.6275 18.8952 18.5912 17.7531 17.3724 16.665
threshold=0 1 2 3 4 0.0015000000712461772 0.0025000000605359678 5 2.5000000000000004 6 0.36149999499320989 0.015500000212341549 0.15349999815225604 7 0.020499999634921554 8 0.0054999999701976785 9 0.0094999996945261973 0.01350000035017729 0.0075000002980232247 10 11 0.004500000039115549 0.36750000715255743 0.50549998879432689 0.011500000022351744 0.004500000039115549 0.0025000000605359678 0.016500000841915611
decision_type=9 9 9 9 9 2 2 9 2 9 2 2 2 9 2 9 2 9 2 2 2 9 1 2 2 2 2 2 2 2
left_child=2 7 6 4 28 -4 -1 12 9 -5 15 13 -2 18 29 16 -6 24 -11 -15 22 -22 -8 -24 27 -10 -18 -7 -3 -13
right_child=1 3 5 8 10 17 20 -9 25 11 -12 14 -14 19 -16 -17 26 -19 -20 -21 21 -23 23 -25 -26 -27 -28 -29 -30 -31
leaf_value=-0.12559451787168913 0.59962333405872181 -0.12804034017839649 -0.14621000037290197 0.043902363953001497 -0.039122821979979995 -0.062732179214790629 0.019099830173037909 5.1368703025611788 0.22922612747171597 0.013537001094719442 0.13348719831810016 0.091208299361066739 1.8364777173837323 -0.38886768654133974 0.29111931720898693 -0.031798731339757504 0.074518005678840746 -0.22047236071677806 0.69769295014329968 0.015603401266981223 -0.10009567401154612 -0.13406576237617007 -0.078740022930251063 -0.050568974850523953 -0.079786620182009396 0.63476322156432585 0.00075655078682430594 -0.11936085532955519 -0.066209578270133365 0.58635320176281569
leaf_weight=1863 2769 224 3991 37038 1620 2988 1968 3541 2331 692 2482 525 921 296 3078 6393 3238 756 713 686 8495 5305 766 714 2185 684 8307 13904 8790 927
leaf_count=1863 2769 224 3991 37038 1620 2988 1968 3541 2331 692 2482 525 921 296 3078 6393 3238 756 713 686 8495 5305 766 714 2185 684 8307 13904 8790 927
internal_value=-0.00270723 0.00351105 -0.015052 0.00193454 -0.00265774 -0.0203306 -0.00846452 0.0204958 0.00497063 0.00445205 -8.70748e-05 0.00903854 0.0148703 0.00338081 0.0120397 -0.00103692 0.000521442 -0.0183951 0.00879859 -0.00441532 -0.00688776 -0.00790435 -0.00281903 -0.00845638 -0.0179321 0.0125473 0.00153573 -0.0186337 -0.00893617 0.0188843
internal_weight=128190 85255 42935 78024 31054 23824 19111 7231 46970 43955 22040 6917 3690 2387 4530 19558 13165 19833 1405 982 17248 13800 3448 1480 19077 3015 11545 16892 9014 1452
internal_count=128190 85255 42935 78024 31054 23824 19111 7231 46970 43955 22040 6917 3690 2387 4530 19558 13165 19833 1405 982 17248 13800 3448 1480 19077 3015 11545 16892 9014 1452
cat_boundaries=0 1 2 3 4 5 6 7 8 9 10 11 12
cat_threshold=134486016 537945188 264192 6947466 32 536880128 83984401 268435712 524930 4096 2048 5
is_linear=0
shrinkage=0.06


Tree=35
num_leaves=31
num_cat=12
split_feature=0 0 0 5 1 5 0 3 0 0 3 5 0 5 5 0 5 5 5 5 0 5 5 5 5 5 5 5 2 2
split_gain=2542.65 704.417 389.499 210.217 162.224 102.628 87.8283 58.6654 58.1903 48.6869 35.8688 31.3441 28.9223 27.6551 25.833 31.1149 27.871 23.2968 22.8896 22.1132 20.8653 20.43 19.9671 18.5626 17.6355 17.0571 16.8541 16.6937 22.5019 15.9577
threshold=0 1 2 0.0015000000712461772 3 0.0025000000605359678 4 1.5000000000000002 5 6 1.5000000000000002 0.17549999803304675 7 0.0054999999701976785 0.015500000212341549 8 0.020499999634921554 0.47450000047683721 0.029499999247491363 0.71349999308586132 9 0.01350000035017729 0.61550000309944164 0.36149999499320989 0.004500000039115549 0.0094999996945261973 0.0035000001080334191 0.016500000841915611 10 11
decision_type=9 9 9 2 9 2 9 2 9 9 2 2 9 2 2 9 2 2 2 2 9 2 2 2 2 2 2 2 1 1
left_child=3 4 9 -1 13 -6 -5 8 26 10 11 -3 23 -2 15 25 27 -18 -9 20 -7 -17 -15 24 -8 -10 -4 -16 -29 -28
right_child=1 2 7 6 5 19 12 18 14 -11 -12 -13 -14 22 16 21 17 -19 -20 -21 -22 -23 -24 -25 -26 -27 29 28 -30 -31
leaf_value=-0.14403740836139214 -0.031050586177821485 0.57945856048172628 -0.046427764115870573 -0.10862181892241818 -0.11854004291862867 -0.056655631907825382 -0.058968248461903162 0.08554104499580048 0.10505960065156926 14.576858157649694 3.2014583773762575 2.1388588900715702 -0.20724401907377135 0.018627737418955306 0.085824502830583071 -0.36553562534885919 0.21156840885840061 0.91000431889281397 0.30607245911540504 0.010304584672413188 -0.067728095762834201 0.014667197190962041 0.19268033185674893 -0.0732151839458757 -0.11219920400978189 0.6558313731347013 0.00993703920699744 0.56917219276251529 0.38404821523171617 0.050898375722013292
leaf_weight=4241 2315 2053 448 7153 1269 14564 2988 1350 1412 1903 755 675 756 13674 536 296 3108 573 4274 1516 8092 686 1332 2213 13876 799 7609 663 299 26762
leaf_count=4241 2315 2053 448 7153 1269 14564 2988 1350 1412 1903 755 675 756 13674 536 296 3108 573 4274 1516 8092 686 1332 2213 13876 799 7609 663 299 26762
internal_value=-0.00268898 0.00210708 0.00664902 -0.0175763 -0.00365005 -0.00669875 -0.0156303 0.00495668 0.00420713 0.0219496 0.0175809 0.0144282 -0.0176904 0.00082915 0.00869721 0.00446289 0.0113246 0.00851671 0.0107219 -0.00582823 -0.00629767 -0.00441532 0.00177129 -0.0172091 -0.0178961 0.00838811 0.00312412 0.0182243 0.0229522 0.00327573
internal_weight=128190 96963 54201 31227 42762 25441 26986 48815 43191 5386 3483 2728 19833 17321 8372 3193 5179 3681 5624 24172 22656 982 15006 19077 16864 2211 34819 1498 962 34371
internal_count=128190 96963 54201 31227 42762 25441 26986 48815 43191 5386 3483 2728 19833 17321 8372 3193 5179 3681 5624 24172 22656 982 15006 19077 16864 2211 34819 1498 962 34371
cat_boundaries=0 1 2 3 4 5 6 7 8 9 10 11 12
cat_threshold=134483968 6949514 1074276 3077 262144 83984401 9220 4096 805306624 133120 16 1
is_linear=0
shrinkage=0.06


Tree=36
num_leaves=31
num_cat=13
split_feature=0 0 0 5 1 5 0 1 0 3 5 3 0 5 5 5 0 5 0 5 5 2 5 5 5 5 5 5 2 2
split_gain=2364.72 632.846 380.657 231.481 145.521 87.6745 82.159 53.7832 52.9332 47.7882 35.0393 34.1433 32.8181 32.1846 25.6868 35.3372 24.5778 22.6684 21.1622 22.3494 19.6101 18.7736 20.6465 18.769 18.3619 17.7281 17.6833 17.5463 15.7152 14.6403
threshold=0 1 2 0.0015000000712461772 3 0.0025000000605359678 4 5 6 2.5000000000000004 0.36149999499320989 1.5000000000000002 7 0.17549999803304675 0.016500000841915611 0.020499999634921554 8 0.35150000452995306 9 0.004500000039115549 0.36149999499320989 10 0.01049999985843897 0.69249999523162853 0.65650001168251049 0.65650001168251049 0.0084999999962747114 0.0035000001080334191 11 12
decision_type=9 9 9 2 9 2 9 9 9 2 2 2 9 2 2 2 9 2 9 2 2 1 2 2 2 2 2 2 1 1
left_child=3 4 8 -1 5 -2 -5 14 11 23 18 13 20 -3 21 16 -16 -17 19 -6 27 26 -23 -9 -11 -7 -4 29 -21 -8
right_child=1 2 7 6 10 25 12 9 -10 24 -12 -13 -14 -15 15 17 -18 -19 -20 28 -22 22 -24 -25 -26 -27 -28 -29 -30 -31
leaf_value=-0.13539516385970862 -0.1186276334770559 0.54469104685282277 0.12554409161173738 -0.10210450978707314 -0.064602028557450841 -0.070177414945863034 -0.038630169575917465 0.037029117307501448 13.702246668190712 0.21090818481066817 0.12151431898525229 3.0093708747336811 -0.19480937792934511 2.0105273566672763 0.53202167809129608 0.28880410676163959 0.21170517526146709 1.2772217298741446 -0.027091483277812748 0.14715513096191746 -0.068822272909123114 -0.62787887266767539 0.026060069290027455 0.16446681707147412 0.63891320889737002 -0.00077358140398583683 0.47128114284622852 -0.10546725176919498 0.0034195090115932913 -0.13493017072032665
leaf_weight=4241 1078 2053 1203 7153 726 18039 2103 36959 1903 2535 2482 755 756 675 678 2197 181 501 6393 1594 2213 110 1270 1887 480 1605 814 14207 10845 554
leaf_count=4241 1078 2053 1203 7153 726 18039 2103 36959 1903 2535 2482 755 756 675 678 2197 181 501 6393 1594 2213 110 1270 1887 480 1605 814 14207 10845 554
internal_value=-0.0026066 0.0020186 0.00632362 -0.0169635 -0.00343823 -0.00704708 -0.0149211 0.00465069 0.0214492 0.00383678 -4.35374e-05 0.016911 -0.0169133 0.0138343 0.00953762 0.013115 0.0237136 0.00974055 -0.000895797 0.000480455 -0.0164044 0.00581984 0.000388489 0.00327292 0.0111144 -0.00613622 0.00948693 -0.0171098 0.00107806 -0.0126346
internal_weight=128190 96963 54201 31227 42762 20722 26986 48815 5386 41861 22040 3483 19833 2728 6954 3557 859 2698 19558 13165 19077 3397 1380 38846 3015 19644 2017 16864 12439 2657
internal_count=128190 96963 54201 31227 42762 20722 26986 48815 5386 41861 22040 3483 19833 2728 6954 3557 859 2698 19558 13165 19077 3397 1380 38846 3015 19644 2017 16864 12439 2657
cat_boundaries=0 1 2 3 4 5 6 7 8 9 10 11 12 13
cat_threshold=134483968 6949514 1074276 288 262144 5644 9220 4096 1073741824 524930 12 8 4
is_linear=0
shrinkage=0.06


Tree=37
num_leaves=31
num_cat=14
split_feature=0 0 0 5 0 1 5 0 3 3 5 0 1 5 5 2 2 5 5 2 5 1 5 5 5 5 5 5 0 2
split_gain=2211.68 595.476 293.433 251.06 131.523 103.679 78.5902 77.1715 67.0149 47.7348 45.0038 35.9282 28.3269 30.5325 22.518 21.3082 21.1668 19.0875 19.0608 25.114 18.9136 19.0874 17.8018 17.6397 17.1195 16.6844 16.4031 41.3239 25.9651 18.1173
threshold=0 1 2 0.0015000000712461772 3 4 0.0025000000605359678 5 1.5000000000000002 1.5000000000000002 0.37749999761581426 6 7 0.0054999999701976785 0.0075000002980232247 8 9 0.65650001168251049 0.0075000002980232247 10 0.72349998354911815 11 0.10350000113248826 0.36149999499320989 0.011500000022351744 0.0035000001080334191 0.016500000841915611 0.019499999471008781 12 13
decision_type=9 9 9 2 9 9 2 9 2 2 2 9 9 2 2 1 1 2 2 1 2 9 2 2 2 2 2 2 9 1
left_child=3 4 5 -1 -2 18 16 -5 10 12 26 23 13 -4 15 -15 -7 -11 19 -3 21 -8 -16 25 -20 -9 29 28 -28 -6
right_child=1 2 9 7 8 6 20 11 -10 17 -12 -13 -14 14 22 -17 -18 -19 24 -21 -22 -23 -24 -25 -26 -27 27 -29 -30 -31
leaf_value=-0.12727145402812609 12.653012563900052 0.0078645347064238182 -0.0068638681955518876 -0.095978239199848714 0.30341122638847023 -0.020696710944887932 -0.059408223603494612 -0.048312347957270629 2.2286862066212034 0.15302721448484469 1.7210696990540164 -0.18312081525358434 0.011543991047476112 0.11566314668500666 0.064807370269051381 -0.02052849844563685 -0.11330995944670405 0.53157832481079337 0.26711928946839536 -0.12183951675905567 0.012527812499400905 -0.044665975970597099 0.19836224885455991 -0.064692936534575696 0.091683938843967916 -0.099139216663043289 0.4827003224741776 0.37722702971782152 0.1985810521202272 0.0055732494967116958
leaf_weight=4241 1846 500 3315 7153 2969 302 8108 2657 1145 4590 792 756 23659 2110 11271 358 1155 644 696 224 1598 17287 4182 2213 4652 14207 650 3354 176 1380
leaf_count=4241 1846 500 3315 7153 2969 302 8108 2657 1145 4590 792 756 23659 2110 11271 358 1155 644 696 224 1598 17287 4182 2213 4652 14207 650 3354 176 1380
internal_value=-0.0025392 0.00193384 0.00013997 -0.0164238 0.0142574 -0.00411618 -0.00563528 -0.0142963 0.0116266 0.00307126 0.00995494 -0.0162269 0.00243969 0.00402994 0.00501032 0.0103323 -0.0192107 0.00849446 0.00299901 -0.0061326 -0.0049046 -0.00530301 0.00416036 -0.0156971 0.00424084 -0.0163662 0.00868449 0.0113684 0.0233898 0.00610485
internal_weight=128190 96963 84651 31227 12312 34522 28450 26986 10466 50129 9321 19833 44895 21236 17921 2468 1457 5234 6072 724 26993 25395 15453 19077 5348 16864 8529 4180 826 4349
internal_count=128190 96963 84651 31227 12312 34522 28450 26986 10466 50129 9321 19833 44895 21236 17921 2468 1457 5234 6072 724 26993 25395 15453 19077 5348 16864 8529 4180 826 4349
cat_boundaries=0 1 2 3 4 5 6 7 8 9 10 11 12 13 14
cat_threshold=134483968 1880122724 6948872 1048672 1 262144 4096 10243 4 4 9 32 1073741824 12
is_linear=0
shrinkage=0.06


Tree=38
num_leaves=31
num_cat=14
split_feature=0 0 0 5 0 1 5 0 3 5 5 0 5 0 5 5 2 5 5 5 5 1 2 0 5 2 5 2 5 5
split_gain=2058.85 557.953 285.171 263.404 106.666 97.6788 73.6835 72.0316 55.283 39.7168 39.1241 38.9897 28.5468 32.067 19.4124 53.0758 17.2907 17.2512 16.996 15.9492 15.7858 16.9462 15.0534 14.2605 14.1191 27.289 15.4666 13.6942 13.6544 13.0582
threshold=0 1 2 0.0015000000712461772 3 4 0.0025000000605359678 5 1.5000000000000002 0.42249999940395361 0.67350000143051159 6 0.0054999999701976785 7 0.016500000841915611 0.020499999634921554 8 0.36149999499320989 0.032500000670552261 0.0065000001341104516 0.72349998354911815 9 10 11 0.0075000002980232247 12 0.011500000022351744 13 0.61550000309944164 0.0075000002980232247
decision_type=9 9 9 2 9 9 2 9 2 2 2 9 2 9 2 2 1 2 2 2 2 9 1 9 2 1 2 1 2 2
left_child=3 4 5 -1 -2 24 16 -5 9 14 12 17 -4 27 19 23 -7 22 -17 -6 21 -8 -9 -16 25 -3 -26 -14 -28 -15
right_child=1 2 10 7 8 6 20 11 -10 -11 -12 -13 13 29 15 18 -18 -19 -20 -21 -22 -23 -24 -25 26 -27 28 -29 -30 -31
leaf_value=-0.11963516678643855 12.120931114265268 0.0092436811209800854 -0.0096505070336987235 -0.090219544847857838 0.4555060978426908 -0.021854934609605792 -0.055843730187284953 -0.10999084764153214 2.094965034223931 1.8766427615629162 0.19775481075885606 -0.17213356633836929 0.32754682952181063 0.071284312989230325 0.47113835805736781 -0.058339804144181925 -0.10651136187990179 -0.060811360342501182 0.41935223981010267 0.0084882130838093411 0.0098865443495319734 -0.042384269970552495 -0.075790865952079012 0.32765678102025647 0.24239210463447122 -0.11452914575351229 0.037987208803319558 0.0098075001724782142 0.24231590478975265 0.08907640098765196
leaf_weight=4241 1903 729 5376 7153 1624 314 8108 3642 1145 598 2780 756 402 3047 678 535 1156 2213 2147 1396 1566 17173 13222 123 734 224 4316 16059 868 23962
leaf_count=4241 1903 729 5376 7153 1624 314 8108 3642 1145 598 2780 756 402 3047 678 535 1156 2213 2147 1396 1566 17173 13222 123 734 224 4316 16059 868 23962
internal_value=-0.00248584 0.00182989 0.000272966 -0.0158821 0.0151344 -0.0038917 -0.00544887 -0.0137027 0.0121439 0.0101859 0.00311178 -0.0155677 0.00271834 0.00322843 0.00882516 0.0118777 -0.0185306 -0.0150181 0.00782998 0.00530464 -0.00473461 -0.00509671 -0.0156796 0.0254307 0.00252434 -0.00424974 0.00361947 0.00113836 0.00246528 0.00450017
internal_weight=128190 96963 86814 31227 10149 35188 28317 26986 8246 7101 51626 19833 48846 43470 6503 3483 1470 19077 2682 3020 26847 25281 16864 801 6871 953 5918 16461 5184 27009
internal_count=128190 96963 86814 31227 10149 35188 28317 26986 8246 7101 51626 19833 48846 43470 6503 3483 1470 19077 2682 3020 26847 25281 16864 801 6871 953 5918 16461 5184 27009
cat_boundaries=0 1 2 3 4 5 6 7 8 9 10 11 12 13 14
cat_threshold=134483968 1880122468 6949384 1065056 2049 262144 4096 16777346 4 32 1 1073741824 9 8
is_linear=0
shrinkage=0.06


Tree=39
num_leaves=31
num_cat=14
split_feature=0 0 0 5 5 1 5 0 0 3 0 0 5 0 3 2 5 5 2 5 5 5 2 5 5 5 0 5 5 0
split_gain=1853.13 504.053 253.457 236.608 90.1209 84.2412 66.8085 65.5994 40.8608 35.9488 34.5379 24.7034 85.7054 22.9785 17.5224 17.3694 16.604 16.3742 16.3304 16.1822 57.9229 16.0208 21.7448 15.7614 15.6077 15.7743 15.5352 15.3462 20.8382 34.2153
threshold=0 1 2 0.0015000000712461772 0.086500000208616271 3 0.0025000000605359678 4 5 2.5000000000000004 6 7 0.0094999996945261973 8 1.5000000000000002 9 0.3145000040531159 0.0035000001080334191 10 0.016500000841915611 0.020499999634921554 0.0075000002980232247 11 0.59150001406669628 0.01049999985843897 0.014500000048428776 12 0.004500000039115549 0.0084999999962747114 13
decision_type=9 9 9 2 2 9 2 9 9 2 9 9 2 9 2 1 2 2 1 2 2 2 1 2 2 2 9 2 2 9
left_child=3 4 5 -1 10 21 15 -5 16 11 -2 27 26 -6 19 -7 17 18 -9 24 -21 22 -3 -8 -12 -26 -13 -4 29 -29
right_child=1 2 9 7 13 6 23 8 -10 -11 14 12 -14 -15 -16 -17 -18 -19 -20 20 -22 -23 -24 -25 25 -27 -28 28 -30 -31
leaf_value=-0.11245705677925229 11.750075393893727 0.0068380417567796671 -0.017872937017246144 -0.084806372156986318 0.63244876347914036 -0.018143612211618355 -0.044756178928422478 -0.028866166566801396 -0.16180555235806715 0.2347276141227799 0.44590906972918215 -0.064027662902114452 0.2310502664272161 3.3223741700961589 1.3460484144294951 -0.10012068016710771 -0.059562676433132712 -0.088391396783040213 -0.11908818938632038 0.43686969036298789 0.274681012631531 0.1186161491479745 -0.1076573970083016 0.0012206467135649922 -0.11982997817195268 0.035679800205084572 -0.11108427317019931 -0.00310474811427504 0.020018353012899226 0.066849293187513648
leaf_weight=4241 331 500 2611 7153 841 302 24685 2103 756 3015 1919 693 7754 2531 568 1155 2490 13930 554 809 1879 5348 224 2308 390 881 515 3117 28855 5732
leaf_count=4241 331 500 2611 7153 841 302 24685 2103 756 3015 1919 693 7754 2531 568 1155 2490 13930 554 809 1879 5348 224 2308 390 881 515 3117 28855 5732
internal_value=-0.00238521 0.00170924 0.00022943 -0.0150946 0.0143548 -0.00375999 -0.0051293 -0.013029 -0.0148087 0.00286337 0.0103807 0.00247479 0.00532323 0.0223843 0.00935874 -0.0176458 -0.0142479 -0.0149412 -0.0106248 0.00840082 0.0118304 0.00265373 -0.00571823 -0.0044556 0.00551097 0.000354052 -0.00953642 0.0018398 0.00214831 0.00469545
internal_weight=128190 96963 86814 31227 10149 34522 28450 26986 19833 52292 6777 49277 8962 3372 6446 1457 19077 16587 2657 5878 2688 6072 724 26993 3190 1271 1208 40315 37704 8849
internal_count=128190 96963 86814 31227 10149 34522 28450 26986 19833 52292 6777 49277 8962 3372 6446 1457 19077 16587 2657 5878 2688 6072 724 26993 3190 1271 1208 40315 37704 8849
cat_boundaries=0 1 2 3 4 5 6 7 8 9 10 11 12 13 14
cat_threshold=134483968 1880122468 6948872 1 262144 4096 32 83952258 1879048192 4 4 9 272 16777218
is_linear=0
shrinkage=0.06


Tree=40
num_leaves=31
num_cat=15
split_feature=0 0 0 5 0 5 1 0 3 0 3 5 1 5 5 5 2 2 2 2 1 5 2 5 5 0 5 5 5 5
split_gain=1675.18 467.376 210.416 210.384 106.307 77.3754 62.0307 60.0817 59.8993 40.8936 36.9368 36.3559 20.5293 22.2157 19.0341 18.3433 17.2263 16.5114 16.0832 16.0247 15.1946 14.5028 19.5583 15.0595 14.2364 13.8247 12.8629 14.5314 12.5922 12.2235
threshold=0 1 2 0.0015000000712461772 3 0.0025000000605359678 4 5 1.5000000000000002 6 1.5000000000000002 0.42249999940395361 7 0.0054999999701976785 0.029499999247491363 0.0075000002980232247 8 9 10 11 12 0.0075000002980232247 13 0.011500000022351744 0.10150000080466272 14 0.16749999672174457 0.0035000001080334191 0.0065000001341104516 0.84950000047683727
decision_type=9 9 9 2 9 2 9 9 2 9 2 2 9 2 2 2 1 1 1 1 9 2 1 2 2 9 2 2 2 2
left_child=3 4 5 -1 25 17 21 -5 11 18 12 -6 13 19 -12 16 28 -3 -9 -4 -8 22 -7 -23 -17 -2 27 -20 -15 -14
right_child=1 2 10 7 8 6 20 9 -10 -11 14 -13 29 15 -16 24 -18 -19 26 -21 -22 23 -24 -25 -26 -27 -28 -29 -30 -31
leaf_value=-0.10570963337249714 1.4387206299834143 -0.017054995478921243 -0.00049915761110117527 -0.079717989827567129 0.17403053804310389 0.0064277592513728972 -0.052216809466288081 -0.094138405256327842 1.8654468778666198 -0.15209721921658309 0.01241854623517483 1.4435808120182869 0.0051593616673485344 0.039835442221309303 0.20973458827651284 0.050773160415414506 -0.021206232405608566 -0.094113439357081274 -0.036134173684609687 -0.15384987462644986 -0.014557597344877883 0.22943163687334489 -0.1011979531878034 0.074667339472406904 0.16897896490312389 14.222234408531707 -0.051942164765464226 -0.079739931332381025 0.3560352408052937 0.11647979690455827
leaf_weight=4241 687 302 3114 7153 8568 500 19644 4344 1145 756 1255 696 22908 1333 3979 11218 358 1155 2532 201 7349 696 224 4652 4235 1216 2604 9597 777 751
leaf_count=4241 687 302 3114 7153 8568 500 19644 4344 1145 756 1255 696 22908 1333 3979 11218 358 1155 2532 201 7349 696 224 4652 4235 1216 2604 9597 777 751
internal_value=-0.00227709 0.00161581 2.65766e-05 -0.0143609 0.0125337 -0.00357755 -0.00298231 -0.0124131 0.0101267 -0.0141163 0.00250883 0.00853627 0.00195322 0.00330698 0.00727933 0.00414318 0.00894652 -0.0171105 -0.0135563 -0.00120362 -0.00421398 0.00249589 -0.00546961 0.00357891 0.00337604 0.0255776 -0.0125734 -0.0134034 0.0109811 0.000736406
internal_weight=128190 96963 84651 31227 12312 34522 33065 26986 10409 19833 50129 9264 44895 21236 5234 17921 2468 1457 19077 3315 26993 6072 724 5348 15453 1903 14733 12129 2110 23659
internal_count=128190 96963 84651 31227 12312 34522 33065 26986 10409 19833 50129 9264 44895 21236 5234 17921 2468 1457 19077 3315 26993 6072 724 5348 15453 1903 14733 12129 2110 23659
cat_boundaries=0 1 2 3 4 5 6 7 8 9 10 11 12 13 14 15
cat_threshold=134483968 1880122724 6948872 1065056 1 262144 4096 10243 4 4 1 4 288 9 1048576
is_linear=0
shrinkage=0.06


Tree=41
num_leaves=31
num_cat=16
split_feature=0 0 0 5 5 0 1 0 0 0 5 5 5 0 0 5 5 2 0 3 3 5 2 2 3 5 5 0 5 2
split_gain=1518.38 432.475 241.783 189.634 73.5524 58.7991 58.3211 56.3758 42.4419 41.1723 37.4726 36.1523 22.0673 35.7273 23.8803 24.1403 28.5463 50.2646 34.3688 21.8977 18.7788 18.0128 17.6158 17.5277 15.4234 15.4024 27.2822 49.7975 24.6617 17.2151
threshold=0 1 2 0.0015000000712461772 0.0025000000605359678 3 4 5 6 7 0.17349999397993091 0.66550001502037059 0.0094999996945261973 8 9 0.021499999798834327 0.016500000841915611 10 11 1.5000000000000002 1.5000000000000002 0.014500000048428776 12 13 2.5000000000000004 0.0054999999701976785 0.0084999999962747114 14 0.0065000001341104516 15
decision_type=9 9 9 2 2 9 9 9 9 9 2 2 2 9 9 2 2 1 9 2 2 2 1 1 2 2 2 9 2 1
left_child=3 5 4 -1 22 10 -6 -5 25 -9 19 12 13 -10 20 16 17 -16 -18 -2 -14 -19 -3 -15 -17 -4 27 28 -27 -29
right_child=1 2 8 7 6 -7 -8 9 11 -11 -12 -13 14 23 15 24 18 21 -20 -21 -22 -23 -24 -25 -26 26 -28 29 -30 -31
leaf_value=-0.099367055370147339 0.48615534175693537 -0.057946013150140731 -0.0093860133770880694 -0.074934910437913047 0.041493194590693179 13.368900344019803 -0.036640483656901847 -0.066555543463302377 0.075479920331545713 -0.14297138606358806 2.1277089391358088 0.46115060453265655 0.019339445603838996 -0.031628201621510643 0.54041879592745645 0.12269944643541605 0.41326985374821873 -0.13387303990343555 0.16735615255894232 1.7988995372924352 0.13499440979320396 0.030897015115271528 -0.12296665016179414 -0.13970253327382473 1.5231060359543449 0.033245333998577563 0.020061778442721945 0.066609967606879358 0.34577320875443718 -0.041511721529340094
leaf_weight=4241 2493 1117 4940 7153 6870 1216 26847 19077 2143 756 1211 1530 5556 527 1214 3555 692 351 295 466 4305 822 354 442 93 1497 24489 978 1570 1390
leaf_count=4241 2493 1117 4940 7153 6870 1216 26847 19077 2143 756 1211 1530 5556 527 1214 3555 692 351 295 466 4305 822 354 442 93 1497 24489 978 1570 1390
internal_value=-0.00215539 0.00155084 0.000578139 -0.0136598 -0.00332405 0.0180578 -0.00275202 -0.0118106 0.00301335 -0.0134602 0.0145837 0.00510843 0.00443061 -0.000212082 0.00528638 0.00796075 0.0116301 0.00808127 0.0202128 0.0109801 0.00337048 -0.000836855 -0.0164582 -0.00971399 0.00458882 0.00171876 0.00223165 0.00607728 0.011105 -0.000479394
internal_weight=128190 96963 91577 31227 35188 5386 33717 26986 56389 19833 4170 21525 19995 3112 16883 7022 3374 2387 987 2959 9861 1173 1471 969 3648 34864 29924 5435 3067 2368
internal_count=128190 96963 91577 31227 35188 5386 33717 26986 56389 19833 4170 21525 19995 3112 16883 7022 3374 2387 987 2959 9861 1173 1471 969 3648 34864 29924 5435 3067 2368
cat_boundaries=0 1 2 3 4 5 6 7 8 9 10 11 12 13 14 15 16
cat_threshold=134483968 1074276 6949384 1057796 2049 262144 16875650 4096 872415248 2516582416 13 1073741824 5 4 65664 4
is_linear=0
shrinkage=0.06


Tree=42
num_leaves=31
num_cat=14
split_feature=0 0 5 0 0 0 1 0 5 5 0 2 3 3 5 5 2 5 0 5 5 5 5 5 5 2 3 0 2 5
split_gain=1374.45 362.262 241.226 134.212 127.772 65.7607 57.2485 41.3268 35.2652 34.6942 31.8246 30.4118 26.2578 25.2134 23.6957 20.6158 26.2885 18.8987 26.7163 24.1232 20.5074 18.7745 18.338 18.2762 15.8214 22.5062 15.4291 15.3091 14.9378 13.0446
threshold=0 1 0.0015000000712461772 2 3 4 5 6 0.29250000417232519 0.0025000000605359678 7 8 2.5000000000000004 1.5000000000000002 0.36149999499320989 0.0065000001341104516 9 0.015500000212341549 10 0.021499999798834327 0.42849999666213995 0.0094999996945261973 0.057499999180436141 0.01350000035017729 0.016500000841915611 11 2.5000000000000004 12 13 0.65650001168251049
decision_type=9 9 2 9 9 9 9 9 2 2 9 1 2 2 2 2 1 2 9 2 2 2 2 2 2 1 2 9 1 2
left_child=2 5 -1 9 6 8 22 28 13 11 12 -4 -6 -2 -8 16 -11 18 21 24 26 27 -3 -20 -19 -26 -21 -12 -5 -14
right_child=1 4 3 7 10 -7 14 -9 -10 15 17 -13 29 -15 -16 -17 -18 19 23 20 -22 -23 -24 -25 25 -27 -28 -29 -30 -31
leaf_value=-0.094005017170619209 0.47605935920714554 -0.061043491755626338 -0.11558865115208647 -0.084496768333150077 0.026930315483138685 12.566766323378616 -0.0075189704589029025 -0.1343931028997728 2.4354474258884591 0.05442701085608085 0.36315174767024583 -0.038463291542705169 0.14896008006212866 1.7227654918127011 0.10346439929006464 -0.081405839749948611 -0.051903977493707898 0.063742598115528043 -0.36699440975498815 0.10753703077391272 0.64071847428672046 0.51332516878284962 -0.026716094443280623 -9.871333989025288e-05 0.38981981502357371 0.3304490991332153 1.4315554913101036 -0.076140098022717942 -0.057762215433140973 0.50248165981343162
leaf_weight=4282 2788 3966 366 4344 37038 1216 19558 756 824 1739 875 1206 2535 558 2482 14245 1264 539 296 3146 690 815 5048 686 673 364 90 588 14733 480
leaf_count=4282 2788 3966 366 4344 37038 1216 19558 756 824 1739 875 1206 2535 558 2482 14245 1264 539 296 3146 690 815 5048 686 673 364 90 588 14733 480
internal_value=-0.00204306 0.00236615 -0.0107964 -0.00930199 0.00134942 0.0174129 -0.00165916 -0.0127466 0.0137512 -0.00566224 0.00326329 -0.0141985 0.00254524 0.011046 -1.08844e-05 -0.00488752 -0.00036963 0.00653899 0.00292638 0.00869138 0.00617422 0.00647727 -0.00568484 -0.00532258 0.0149619 0.019296 0.00417182 0.00244019 -0.0121858 0.00793035
internal_weight=128190 85255 42935 38653 79869 5386 31054 19833 4170 18820 48815 1572 40053 3346 22040 17248 3003 8762 3260 5502 3926 2278 9014 982 1576 1037 3236 1463 19077 3015
internal_count=128190 85255 42935 38653 79869 5386 31054 19833 4170 18820 48815 1572 40053 3346 22040 17248 3003 8762 3260 5502 3926 2278 9014 982 1576 1037 3236 1463 19077 3015
cat_boundaries=0 1 2 3 4 5 6 7 8 9 10 11 12 13 14
cat_threshold=134486016 1074276 264192 6947466 1057796 32 4096 83984401 2 5 805306624 16 805306368 1
is_linear=0
shrinkage=0.06


Tree=43
num_leaves=31
num_cat=14
split_feature=0 0 5 0 0 0 1 0 5 2 5 5 1 3 5 5 2 5 5 2 3 5 0 6 5 5 2 5 3 2
split_gain=1248.81 343.91 213.174 122.316 113.373 71.0268 49.5834 42.2175 32.6611 32.7845 31.7979 31.7437 26.1541 22.2052 20.0657 19.3797 23.5427 15.6645 22.9392 27.8186 15.3744 14.9489 14.3418 13.094 12.9602 11.0817 10.6207 13.8678 10.1972 8.99035
threshold=0 1 0.0015000000712461772 2 3 4 5 6 0.0025000000605359678 7 0.29250000417232519 0.66550001502037059 8 1.5000000000000002 0.36149999499320989 0.0065000001341104516 9 0.13749999552965167 0.0025000000605359678 10 2.5000000000000004 0.057499999180436141 11 11.500000000000002 0.060499999672174461 0.55950000882148754 12 0.0035000001080334191 1.5000000000000002 13
decision_type=9 9 2 9 9 9 9 9 2 1 2 2 9 2 2 2 1 2 2 1 2 2 9 2 2 2 1 2 2 1
left_child=2 5 -1 8 6 10 21 17 9 29 13 12 20 -2 -8 16 23 18 19 -5 -6 -3 -13 -10 26 -17 -14 -28 -26 -4
right_child=1 4 3 7 11 -7 14 -9 15 -11 -12 22 24 -15 -16 25 -18 -19 -20 -21 -22 -23 -24 -25 28 -27 27 -29 -30 -31
leaf_value=-0.088364716140382021 0.44749579765471709 -0.057380882250288763 -0.013042960214787057 -0.010307087484385207 0.11258370779250086 11.812760343975899 -0.0070678322313686868 -0.12632951672578641 0.11173625137558478 -0.10535334238264393 2.2893205803351506 0.084507431253660101 -0.012802955302981509 1.6193995623039388 0.097256535332660973 -0.084321496231406806 -0.048789738844085391 -0.050030384605112201 -0.073176465375254365 -0.101479428632787 1.3458263443184779 -0.025113128776683806 0.41398112360148159 -0.0023018275012108803 0.042791565229530162 -0.0060641105859574294 -0.055023319819912188 0.026907290931305353 0.14836919088580955 -0.061368075950684255
leaf_weight=4282 2788 3966 536 1759 6592 1216 19558 756 710 393 824 1387 5770 558 2482 12743 1264 4484 12406 428 106 5048 1353 1029 9897 1502 267 20737 2706 643
leaf_count=4282 2788 3966 536 1759 6592 1216 19558 756 710 393 824 1387 5770 558 2482 12743 1264 4484 12406 428 106 5048 1353 1029 9897 1502 267 20737 2706 643
internal_value=-0.00191762 0.00228523 -0.0102613 -0.00885649 0.00129458 0.0169459 -0.0015394 -0.0121448 -0.00538184 -0.0136641 0.0131483 0.00309739 0.00272491 0.0105798 -5.44218e-06 -0.0046301 -0.00024975 -0.0115791 -0.0125382 -0.00687243 0.00618962 -0.0052859 0.00937226 0.00427101 0.00213345 -0.00555353 0.00138717 0.00201294 0.00372054 -0.00840202
internal_weight=128190 85255 42935 38653 79869 5386 31054 19833 18820 1572 4170 48815 46075 3346 22040 17248 3003 19077 14593 2187 6698 9014 2740 1739 39377 14245 26774 21004 12603 1179
internal_count=128190 85255 42935 38653 79869 5386 31054 19833 18820 1572 4170 48815 46075 3346 22040 17248 3003 19077 14593 2187 6698 9014 2740 1739 39377 14245 26774 21004 12603 1179
cat_boundaries=0 1 2 3 4 5 6 7 8 9 10 11 12 13 14
cat_threshold=134486016 1074276 264192 6947466 1057796 32 4096 5 5644 5 4 16842753 1 4
is_linear=0
shrinkage=0.06


Tree=44
num_leaves=31
num_cat=14
split_feature=0 0 5 0 0 0 1 0 5 2 5 5 1 5 5 2 3 3 0 5 2 5 5 3 5 6 2 5 5 0
split_gain=1131.28 324.776 182.916 112.94 100.593 77.0114 44.6503 40.2767 30.3012 35.2788 29.8087 29.3469 22.6228 17.9225 17.4815 20.4578 17.3242 15.926 14.4712 14.3798 26.6044 20.9789 13.8658 12.7039 13.97 11.1421 10.5222 13.6306 10.1179 42.0754
threshold=0 1 0.0015000000712461772 2 3 4 5 6 0.0025000000605359678 7 0.27650000154972082 0.66550001502037059 8 0.37749999761581426 0.0065000001341104516 9 1.5000000000000002 2.5000000000000004 10 0.0025000000605359678 11 0.13550000637769702 0.13350000232458117 1.5000000000000002 0.0084999999962747114 11.500000000000002 12 0.004500000039115549 0.0084999999962747114 13
decision_type=9 9 2 9 9 9 9 9 2 1 2 2 9 2 2 1 2 2 9 2 1 2 2 2 2 2 1 2 2 9
left_child=2 5 -1 8 6 10 22 19 9 -4 16 12 17 -8 15 -10 -2 -6 -13 20 -5 -21 -3 26 -25 -17 -14 -28 29 -29
right_child=1 4 3 7 11 -7 13 -9 14 -11 -12 18 23 -15 -16 25 -18 -19 -20 21 -22 -23 -24 24 -26 -27 27 28 -30 -31
leaf_value=-0.083062833171959047 0.41870987112331021 -0.051233887565605686 -0.10233213154000267 -0.0096886622353220975 0.10582868532495111 11.103994723337344 -0.0063187079794272804 -0.11874974572223922 -0.047124192683381097 -0.033542995352980699 2.1121260265911648 0.081801372067390465 -0.0036123724262514399 0.092332736873254606 -0.071635015173374658 0.10420834066744693 1.5180369801672657 1.2650767636593689 0.39144441990250695 -0.069105876274090289 -0.095390662914819763 -0.047028561528805496 -0.015516876270589286 -0.1214194319299446 0.11726141754877517 -0.0010367950857549601 -0.018378389991776486 0.061020311797428804 0.031539732930619381 -0.058289693616521344
leaf_weight=4282 2751 5463 366 1759 6592 1216 19646 756 1228 1206 869 1456 7803 2394 14245 715 550 106 1284 12346 428 4544 3551 224 4391 1060 1604 4904 19495 956
leaf_count=4282 2751 5463 366 1759 6592 1216 19646 756 1228 1206 869 1456 7803 2394 14245 715 550 106 1284 12346 428 4544 3551 224 4391 1060 1604 4904 19495 956
internal_value=-0.00181278 0.00218742 -0.0097541 -0.0084529 0.00122473 0.0164344 -0.00144476 -0.0116127 -0.00511418 -0.0130916 0.012488 0.00292289 0.00256473 1.08844e-05 -0.00439007 -0.00022977 0.00991518 0.00578712 0.0089562 -0.0110604 -0.00648834 -0.011659 -0.005 0.00201462 0.00497291 0.00388235 0.00162246 0.00218362 0.00252376 0.0047099
internal_weight=128190 85255 42935 38653 79869 5386 31054 19833 18820 1572 4170 48815 46075 22040 17248 3003 3301 6698 2740 19077 2187 16890 9014 39377 4615 1775 34762 26959 25355 5860
internal_count=128190 85255 42935 38653 79869 5386 31054 19833 18820 1572 4170 48815 46075 22040 17248 3003 3301 6698 2740 19077 2187 16890 9014 39377 4615 1775 34762 26959 25355 5860
cat_boundaries=0 1 2 3 4 5 6 7 8 9 10 11 12 13 14
cat_threshold=134486016 1074276 264192 6947466 1057796 32 4096 2 5644 2 50397185 4 1 67174416
is_linear=0
shrinkage=0.06


Tree=45
num_leaves=31
num_cat=16
split_feature=0 0 5 0 0 0 0 5 2 5 5 5 0 1 1 5 5 2 2 3 2 0 2 3 5 2 5 6 6 5
split_gain=1025.74 309.283 163.428 104.791 93.6801 65.8162 39.9782 30.8904 35.3777 30.08 24.2018 23.3545 18.9601 34.4288 18.056 18.1046 17.3109 18.1225 15.4334 15.1272 15.0037 14.9525 14.2639 13.2502 11.9634 18.1807 16.4014 11.6914 12.8529 11.463
threshold=0 1 0.0015000000712461772 2 3 4 5 0.0025000000605359678 6 0.34149999916553503 0.84950000047683727 0.28049999475479132 7 8 9 0.004500000039115549 0.0065000001341104516 10 11 2.5000000000000004 12 13 14 2.5000000000000004 0.0075000002980232247 15 0.012500000186264517 13.500000000000002 18.500000000000004 0.55950000882148754
decision_type=9 9 2 9 9 9 9 2 1 2 2 2 9 9 9 2 2 1 1 2 1 9 1 2 2 1 2 2 2 2
left_child=2 5 -1 7 10 11 22 8 -4 14 12 -2 13 24 19 -16 17 -9 -14 -6 -15 23 -5 -11 25 -3 -26 -28 -29 -18
right_child=1 4 3 6 9 -7 -8 16 -10 21 -12 -13 18 20 15 -17 29 -19 -20 -21 -22 -23 -24 -25 26 -27 27 28 -30 -31
leaf_value=-0.07807906318164147 0.57386398182090459 0.0048068326610308885 -0.096192203647602517 -0.072038170503519405 0.10714462976935835 10.437755039937104 -0.11162476097890489 -0.044296741122378261 -0.032273391073099122 0.10289620704953023 0.075048445578494091 2.1092334177086354 0.28136173228319133 -0.048159854311669401 -0.022675695747543259 0.040597328572601295 -0.074745614177329847 0.03874147408802351 0.00053547257418550486 1.1888437928658464 -0.019560536044988266 0.81492514524045301 -0.047559525986463243 0.32768489012590901 0.21833050966914172 -0.096361337031794808 -0.047324298654998952 0.18414539534925659 -0.18220060995084131 -0.0012644541814676557
leaf_weight=4282 2370 500 366 4344 7309 1216 756 1228 1207 2359 1795 660 535 4213 1674 24982 13144 1993 19845 99 10067 844 14733 995 795 224 2182 1534 346 1593
leaf_count=4282 2370 500 366 4344 7309 1216 756 1228 1207 2359 1795 660 535 4213 1674 24982 13144 1993 19845 99 10067 844 14733 995 795 224 2182 1534 346 1593
internal_value=-0.00171495 0.00214159 -0.00918362 -0.0079748 0.00130597 0.0179041 -0.0110472 -0.00484673 -0.0129116 0.0034537 -0.000649289 0.0130658 -0.000953505 -0.00227216 0.00286402 0.00213305 -0.004143 -0.000158336 0.000332516 0.00548396 -0.00383345 0.00824678 -0.0104977 0.00638526 0.00172241 -0.00546961 0.00279802 0.00125554 0.0047234 -0.00501391
internal_weight=128190 84544 43646 39364 80298 4246 19833 19531 1573 38262 42036 3030 40241 19861 34064 26656 17958 3221 20380 7408 14280 4198 19077 3354 5581 724 4857 4062 1880 14737
internal_count=128190 84544 43646 39364 80298 4246 19833 19531 1573 38262 42036 3030 40241 19861 34064 26656 17958 3221 20380 7408 14280 4198 19077 3354 5581 724 4857 4062 1880 14737
cat_boundaries=0 1 2 3 4 5 6 7 8 9 10 11 12 13 14 15 16
cat_threshold=134486024 1073252 264200 23724674 1056772 4096 2 4849664 1 5708 2 8 1 2248245249 1 9
is_linear=0
shrinkage=0.06


Tree=46
num_leaves=31
num_cat=15
split_feature=0 0 5 0 0 0 0 1 3 5 2 0 5 0 5 5 5 2 5 2 5 2 5 5 5 2 5 2 5 3
split_gain=925.092 298.854 148.158 88.1876 87.2923 70.7808 39.9543 37.059 30.212 29.4447 33.4662 27.4856 25.4517 39.3881 24.0119 17.4246 15.2817 13.8143 13.6031 16.8564 13.2381 26.1986 18.8631 12.0565 11.9092 11.1443 10.8268 11.2255 16.7845 10.6086
threshold=0 1 0.0015000000712461772 2 3 4 5 6 1.5000000000000002 0.0025000000605359678 7 8 0.0094999996945261973 9 0.28049999475479132 0.029499999247491363 0.33750000596046453 10 0.0065000001341104516 11 0.0025000000605359678 12 0.13550000637769702 0.0084999999962747114 0.046499999240040786 13 0.63150000572204601 14 0.012500000186264517 1.5000000000000002
decision_type=9 9 2 9 9 9 9 9 2 2 1 9 2 9 2 2 2 1 2 1 2 1 2 2 2 1 2 1 2 2
left_child=2 5 -1 9 7 14 20 24 11 10 -4 -6 13 -13 29 -10 -9 23 19 -11 21 -5 -22 -15 -3 -17 27 28 -14 -2
right_child=1 4 3 6 8 -7 -8 16 15 18 -12 12 26 17 -16 25 -18 -19 -20 -21 22 -23 -24 -25 -26 -27 -28 -29 -30 -31
leaf_value=-0.073394319390742951 0.42554088730110717 -0.049470301962881394 -0.090420671428746394 -0.0062537709420150377 0.014788238487275151 9.8114897375408798 -0.10492727532017058 -0.0063847125618708839 0.034654520097919028 0.041280235392126198 -0.029594012167415879 0.2459844460153377 0.64719221897212265 -0.11969326456652936 1.9826794126461162 0.27361081352344341 0.081638634726919929 -0.13361375578966295 -0.06311231271471282 -0.040377098485094756 -0.061505938405546946 -0.085344932909719368 -0.040936193789660714 0.085083440369433563 -0.021843059849551434 0.057516222150205888 0.51604104590487088 0.097384437749919922 0.25440112853366426 1.585341692537662
leaf_weight=4282 2017 3578 366 1759 31634 1216 756 19378 1415 1739 1206 1188 343 343 660 3062 2662 442 14245 1264 12346 428 4544 184 5436 1414 780 8472 678 353
leaf_count=4282 2017 3578 366 1759 31634 1216 756 19378 1415 1739 1206 1188 343 343 660 3062 2662 442 14245 1264 12346 428 4544 184 5436 1414 780 8472 678 353
internal_value=-0.00163398 0.00198335 -0.00881523 -0.00764417 0.00116899 0.0174812 -0.0104364 -0.00132887 0.00272171 -0.00469357 -0.0125573 0.00218273 0.00457235 -0.0013491 0.0124737 0.00675777 -2.72109e-06 -0.0102656 -0.00397959 -0.00030969 -0.00988788 -0.00550069 -0.0104618 -0.00351955 -0.00456782 0.00859249 0.00582011 0.00526177 0.0112027 0.0096962
internal_weight=128190 85255 42935 38653 81009 4246 19833 31054 49955 18820 1572 44064 12430 2157 3030 5891 22040 969 17248 3003 19077 2187 16890 527 9014 4476 10273 9493 1021 2370
internal_count=128190 85255 42935 38653 81009 4246 19833 31054 49955 18820 1572 44064 12430 2157 3030 5891 22040 969 17248 3003 19077 2187 16890 527 9014 4476 10273 9493 1021 2370
cat_boundaries=0 1 2 3 4 5 6 7 8 9 10 11 12 13 14 15
cat_threshold=134486016 1073252 264192 6947466 1056772 4096 32 2 117538816 805307408 4 5 4 10 4
is_linear=0
shrinkage=0.06


Tree=47
num_leaves=31
num_cat=16
split_feature=0 0 5 0 0 0 0 5 5 2 5 5 0 1 1 5 3 5 5 5 2 2 5 5 2 2 5 5 0 2
split_gain=829.591 284.272 134.953 81.8209 75.7398 75.3161 38.4417 26.5797 24.7228 28.3243 24.5833 21.4405 16.6093 26.1401 15.7163 19.603 16.8368 13.5386 19.7564 13.208 14.9197 12.751 12.3021 34.7926 23.5427 22.2593 16.4649 12.4324 14.8006 12.0033
threshold=0 1 0.0015000000712461772 2 3 4 5 0.66550001502037059 0.0025000000605359678 6 0.28049999475479132 0.67350000143051159 7 8 9 0.0054999999701976785 2.5000000000000004 0.0075000002980232247 0.0065000001341104516 0.0065000001341104516 10 11 0.016500000841915611 0.021499999798834327 12 13 0.01049999985843897 0.0094999996945261973 14 15
decision_type=9 9 2 9 9 9 9 2 2 1 2 2 9 9 9 2 2 2 2 2 1 1 2 2 1 1 2 2 9 1
left_child=2 4 -1 8 10 11 -5 14 9 -4 -2 12 13 -3 16 -16 22 18 -17 20 -10 -15 24 25 27 -24 -26 -7 -29 -19
right_child=1 5 3 6 -6 7 -8 -9 19 -11 -12 -13 -14 21 15 17 -18 29 -20 -21 -22 -23 23 -25 26 -27 -28 28 -30 -31
leaf_value=-0.068990660227298328 0.51245682013209037 0.026552633815304032 -0.084995431143021563 -0.046415607278216059 9.2228003532884273 0.07126967860168236 -0.098631638800960361 0.28892939384269029 -0.039216310745929947 -0.028561346878668167 1.8637186478873491 0.054962933203636689 0.0026463998605296621 -0.043824947985570704 -0.012858894784802502 0.015935945333080213 1.1014248814564489 0.083293848336329288 0.24476587481180656 -0.059065438649449645 0.033960402702306637 -0.017901791944104808 0.34105413848395527 0.18371003891312482 -0.63465141239063194 0.12717926716350006 -0.019592935485351289 0.60416070414434209 -0.019636772833310088 0.018277179836348977
leaf_weight=4282 2370 5377 366 19077 1216 1682 756 1973 1228 1207 660 2834 19888 4114 3686 1696 106 9713 1193 14737 1993 9823 673 2950 110 281 1270 471 210 12248
leaf_count=4282 2370 5377 366 19077 1216 1682 756 1973 1228 1207 660 2834 19888 4114 3686 1696 106 9713 1193 14737 1993 9823 673 2950 110 281 1270 471 210 12248
internal_value=-0.00150761 0.00196064 -0.0082243 -0.0071258 0.0170724 0.00115954 -0.00984075 0.00308528 -0.0043616 -0.0115766 0.0119013 -0.000593636 -0.000958114 -0.00221072 0.00271735 0.00206404 0.00511271 0.00267042 0.00653167 -0.00373204 -0.000251475 -0.00358142 0.00479011 0.00714652 0.00233235 0.0171069 -0.00388489 0.00595449 0.0128194 0.00216247
internal_weight=128190 84544 43646 39364 4246 80298 19833 38262 19531 1573 3030 42036 39202 19314 36289 28536 7753 24850 2889 17958 3221 13937 7647 3904 3743 954 1380 2363 681 21961
internal_count=128190 84544 43646 39364 4246 80298 19833 38262 19531 1573 3030 42036 39202 19314 36289 28536 7753 24850 2889 17958 3221 13937 7647 3904 3743 954 1380 2363 681 21961
cat_boundaries=0 1 2 3 4 5 6 7 8 9 10 11 12 13 14 15 16
cat_threshold=134486024 1073252 264200 1056772 23724674 4096 2 4849664 1 5708 2 1 12 16 256 10
is_linear=0
shrinkage=0.06


Tree=48
num_leaves=31
num_cat=15
split_feature=0 0 5 0 0 0 0 1 3 0 5 0 5 5 2 5 5 2 5 2 5 3 5 2 5 5 0 5 6 0
split_gain=751.155 269.224 125.026 80.0899 74.9534 65.5254 36.7348 30.0655 25.7783 22.6813 26.7821 37.0527 22.2153 21.0629 24.7054 14.6915 13.8394 25.3566 16.0261 13.6139 13.34 13.0491 11.7543 13.8235 11.246 10.884 10.4407 10.0523 10.0046 9.50432
threshold=0 1 0.0015000000712461772 2 3 4 5 6 1.5000000000000002 7 0.0094999996945261973 8 0.44050000607967382 0.0025000000605359678 9 0.034500000998377807 0.0025000000605359678 10 0.12949999421834948 11 0.33750000596046453 1.5000000000000002 0.0065000001341104516 12 0.55950000882148754 0.13350000232458117 13 0.0084999999962747114 10.500000000000002 14
decision_type=9 9 2 9 9 9 9 9 2 9 2 9 2 2 1 2 2 1 2 1 2 2 2 1 2 2 9 2 2 9
left_child=2 3 26 12 13 7 16 25 9 -7 11 -11 21 14 -4 -10 17 -6 -18 27 -9 -2 23 -15 -24 -3 -1 -13 -25 -17
right_child=1 5 4 -5 6 8 -8 20 15 10 -12 19 -14 22 -16 29 18 -19 -20 -21 -22 -23 24 28 -26 -27 -28 -29 -30 -31
leaf_value=-0.05765122748011553 0.39075758846280251 -0.041681009690868395 -0.079895705274440301 8.6694323320911213 -0.003093608248801125 0.013479811501278789 -0.092713740472902748 -0.0046005479674395035 0.037677228857890835 0.24958696335219713 0.13142853094846485 -0.11678784940863807 2.2538844243805656 -0.036863332101174248 -0.026847666065948097 1.1661534991143543 -0.055041969370876943 -0.07743930049844315 -0.036090542339295907 -0.13089280293476108 0.082433449628346186 1.5966550116877909 -0.063148703614630403 0.088469726026270429 0.0060043692923402855 -0.011543526821634663 -0.15524756505953327 0.075702253231166874 0.00011556980220156276 0.1441334765335327
leaf_weight=3987 2176 5463 366 1216 1759 32567 756 18819 1563 1083 9445 343 437 1228 1207 474 12224 428 4666 442 2510 417 13144 610 1593 3551 295 184 1383 3854
leaf_count=3987 2176 5463 366 1216 1759 32567 756 18819 1563 1083 9445 343 437 1228 1207 474 12224 428 4666 442 2510 417 13144 610 1593 3551 295 184 1383 3854
internal_value=-0.00142757 0.00187265 -0.00781886 0.0165789 -0.00676151 0.00109304 -0.00935998 -0.00110599 0.0024287 0.00193083 0.00422091 -0.0019883 0.0112697 -0.00411596 -0.0107756 0.00615685 -0.00883481 -0.00434842 -0.00942096 -0.0104494 0.000122311 0.00919784 -0.00353491 -0.000251475 -0.00425256 -0.00400931 -0.0175572 -0.00374302 0.00283075 0.00795749
internal_weight=128190 84544 43646 4246 39364 80298 19833 30343 49955 44064 11497 2052 3030 19531 1573 5891 19077 2187 16890 969 21329 2593 17958 3221 14737 9014 4282 527 1993 4328
internal_count=128190 84544 43646 4246 39364 80298 19833 30343 49955 44064 11497 2052 3030 19531 1573 5891 19077 2187 16890 969 21329 2593 17958 3221 14737 9014 4282 527 1993 4328
cat_boundaries=0 1 2 3 4 5 6 7 8 9 10 11 12 13 14 15
cat_threshold=134486024 1073252 1056772 264200 6947458 4096 32 117538832 805307392 2 4 4 2 4096 536871936
is_linear=0
shrinkage=0.06


Tree=49
num_leaves=31
num_cat=14
split_feature=0 0 5 0 0 0 0 5 0 1 3 5 2 5 3 5 2 5 0 5 6 2 5 5 1 5 5 2 5 3
split_gain=678.251 263.682 112.708 79.0654 69.2878 37.8451 36.5093 33.9251 29.4894 26.9646 25.0352 19.5928 22.343 19.0703 15.8791 13.1117 23.3562 16.3056 12.4934 11.1278 11.6372 10.698 10.2313 9.72137 9.3661 46.6991 8.95821 14.6658 10.1161 8.91623
threshold=0 1 0.0015000000712461772 2 3 4 5 0.47450000047683721 6 7 2.5000000000000004 0.0025000000605359678 8 0.0054999999701976785 2.5000000000000004 0.0025000000605359678 9 0.12949999421834948 10 0.0065000001341104516 10.500000000000002 11 0.55950000882148754 0.65650001168251049 12 0.0094999996945261973 0.012500000186264517 13 0.66550001502037059 1.5000000000000002
decision_type=9 9 2 9 9 9 9 2 9 9 2 2 1 2 2 2 1 2 9 2 2 1 2 2 9 2 2 1 2 2
left_child=2 8 18 7 11 9 15 10 -2 13 29 12 -4 -5 24 16 -6 -17 -1 20 -13 -11 -21 -16 -7 -26 -15 28 -28 -3
right_child=1 3 4 5 6 14 -8 -9 -10 21 -12 19 -14 26 23 17 -18 -19 -20 22 -22 -23 -24 -25 25 -27 27 -29 -30 -31
leaf_value=-0.054192153831308543 0.99420847703615889 0.15216002648456226 -0.075101962957973889 -0.029918586565645808 -0.002907991753873098 0.011250365778762799 -0.087150916044528612 0.97217587545693918 8.1492663921656554 -0.038300581238510142 2.1160749937715195 0.048857611256065636 -0.025236806101991256 0.052585655716374261 0.10032595742078498 -0.05173945120862438 -0.072792942468536515 -0.033925109798938098 -0.14593271115596132 -0.059359781397752616 -0.021288477340067846 -0.01392450593411965 0.0056441071347999028 0.36194571317285068 -0.082488536508201094 0.088769176285784318 0.032326182253582726 -0.030568036234505627 0.20848294876749071 0.77874694235623221
leaf_weight=3987 687 7417 366 1917 1759 32653 756 926 1216 4225 206 855 1207 3678 2535 12224 428 4666 295 13144 2366 9508 1593 480 601 7374 4983 4641 725 772
leaf_count=3987 687 7417 366 1917 1759 32653 756 926 1216 4225 206 855 1207 3678 2535 12224 428 4666 295 13144 2366 9508 1593 480 601 7374 4983 4641 725 772
internal_value=-0.00136906 0.00176692 -0.00744228 0.00125697 -0.00643837 0.000594845 -0.00893665 0.00645911 0.0237899 -0.00105804 0.00526385 -0.00389489 -0.0103179 0.000620534 0.00171878 -0.00841358 -0.00404664 -0.00898401 -0.0166885 -0.00333445 -0.000139708 -0.00300589 -0.00403271 0.0059204 0.0014074 0.00324984 0.00138804 0.000484105 0.00251836 0.00474417
internal_weight=128190 84544 43646 82641 39364 73320 19833 9321 1903 29677 8395 19531 1573 15944 43643 19077 2187 16890 4282 17958 3221 13733 14737 3015 40628 7975 14027 10349 5708 8189
internal_count=128190 84544 43646 82641 39364 73320 19833 9321 1903 29677 8395 19531 1573 15944 43643 19077 2187 16890 4282 17958 3221 13733 14737 3015 40628 7975 14027 10349 5708 8189
cat_boundaries=0 1 2 3 4 5 6 7 8 9 10 11 12 13 14
cat_threshold=134486024 1065056 2952799492 264200 6946946 4096 1048576 1029 2 4 4096 1 9248 10
is_linear=0
shrinkage=0.06


Tree=50
num_leaves=31
num_cat=16
split_feature=0 0 5 0 0 0 3 0 0 1 5 3 5 2 0 5 0 0 5 5 5 2 2 5 2 5 2 5 5 5
split_gain=613.238 258.765 100.269 71.8199 61.9038 34.9731 33.7478 31.9863 28.5444 24.1617 21.5296 17.3568 16.897 18.6827 14.6017 13.0993 38.087 13.3353 33.8713 25.6378 12.5754 12.6119 11.5437 11.3435 21.7332 14.5017 11.2467 12.6972 10.6579 10.0704
threshold=0 1 0.0015000000712461772 2 3 4 1.5000000000000002 5 6 7 0.52150002121925365 2.5000000000000004 0.0025000000605359678 8 9 0.0094999996945261973 10 11 0.014500000048428776 0.015500000212341549 0.0065000001341104516 12 13 0.0025000000605359678 14 0.12949999421834948 15 0.012500000186264517 0.26350000500679022 0.65650001168251049
decision_type=9 9 2 9 9 9 2 9 9 9 2 2 2 1 9 2 9 9 2 2 2 1 1 2 1 2 1 2 2 2
left_child=2 7 14 8 12 23 10 -2 11 -10 15 -3 13 -4 -1 16 -5 19 22 26 -11 -22 -19 24 -6 -25 -17 -28 -8 -13
right_child=1 3 4 6 5 -7 28 -9 9 20 -12 29 -14 -15 -16 17 -18 18 -20 -21 21 -23 -24 25 -26 -27 27 -29 -30 -31
leaf_value=-0.050940624601430055 0.93455596841398803 0.012191651161839444 -0.070595845180495401 -0.09033240429094988 -0.0027335122486407569 -0.081921861081856895 0.84484561172441963 7.6603104086357154 -0.026135740586760364 -0.01987743534623192 0.49755687259747416 0.09430639997553783 -0.039967533349224454 -0.02297962229457445 -0.13717674848660366 0.48549596817626167 0.21508838552662723 -0.074880721497815578 0.084825750686925119 0.14989384434630409 0.049297296924848584 -0.0070890126898889251 -0.18865247717206662 -0.048635084136106954 -0.068425365920424322 -0.031889603211001823 -0.17036577920070556 0.46189190279297121 2.366942087224063 0.34022897038248001
leaf_weight=3987 687 33961 366 969 1759 756 830 1216 9725 3703 1238 2535 17248 1206 295 937 1825 401 5420 3438 7379 9581 360 12224 428 4666 140 115 315 480
leaf_count=3987 687 33961 366 969 1759 756 830 1216 9725 3703 1238 2535 17248 1206 295 937 1825 401 5420 3438 7379 9581 360 12224 428 4666 140 115 315 480
internal_value=-0.00128762 0.00165754 -0.00713447 0.00115664 -0.00617106 -0.00851031 0.0047706 0.0234762 0.000298335 -0.00106389 0.00400795 0.00141783 -0.00369942 -0.00965649 -0.0158477 0.00331863 -0.000343593 0.0042651 0.00242772 0.00669828 9.72283e-05 0.000788915 -0.00942181 -0.00799864 -0.0039369 -0.00852931 0.0142953 0.00260377 0.0146987 0.00578109
internal_weight=128190 85255 42935 83352 38653 19833 15988 1903 67364 30388 14843 36976 18820 1572 4282 13605 2794 10811 6181 4630 20663 16960 761 19077 2187 16890 1192 255 1145 3015
internal_count=128190 85255 42935 83352 38653 19833 15988 1903 67364 30388 14843 36976 18820 1572 4282 13605 2794 10811 6181 4630 20663 16960 761 19077 2187 16890 1192 255 1145 3015
cat_boundaries=0 1 2 3 4 5 6 7 8 9 10 11 12 13 14 15 16
cat_threshold=134486016 1065056 90931850 264192 4096 1048576 83984896 2080 2 4096 2147483905 8453 10 9 4 12
is_linear=0
shrinkage=0.06


Tree=51
num_leaves=31
num_cat=17
split_feature=0 0 5 0 0 0 5 0 0 1 3 2 0 5 5 2 5 2 5 2 2 2 5 6 6 5 2 2 5 5
split_gain=549.522 244.341 96.3457 67.0152 59.5446 34.4683 34.3139 32.9399 32.0478 22.6059 18.9478 16.8277 16.5795 15.4563 14.3107 15.7985 13.8017 17.5102 10.8658 10.6181 10.4506 9.59019 10.4929 9.17885 9.66082 9.08839 9.4975 9.06171 9.06006 24.7531
threshold=0 1 0.0015000000712461772 2 3 4 0.66550001502037059 5 6 7 2.5000000000000004 8 9 0.085500001907348647 0.0075000002980232247 10 0.0025000000605359678 11 0.011500000022351744 12 13 14 0.0035000001080334191 13.500000000000002 18.500000000000004 0.0065000001341104516 15 16 0.021499999798834327 0.016500000841915611
decision_type=9 9 2 9 9 9 2 9 9 9 2 1 9 2 2 1 2 1 2 1 1 1 2 2 2 2 1 1 2 2
left_child=2 7 12 6 5 20 10 -2 9 14 -3 -11 19 21 15 -5 17 -6 -16 -1 -4 22 -10 -20 -25 26 -18 -15 29 -24
right_child=1 3 4 8 16 -7 -8 -9 13 11 -12 -13 -14 27 18 -17 25 -19 23 -21 -22 -23 28 24 -26 -27 -28 -29 -30 -31
leaf_value=-0.044284190558571801 0.87848261030914954 0.18417085367538988 -0.053516957344166123 0.0019096854132721218 0.0011818021264562262 -0.077006549416945486 1.4680609929892858 7.2006917841175717 -0.048889741237382434 -0.036573902637208736 1.9384197574417645 -0.0073442855589738437 -0.12534614701063493 0.075992508541545184 0.19706679233387675 -0.092933927339324637 -0.030976171533746353 -0.050257855782692533 -0.0043804361208627535 -0.11088416995920657 -0.031637531974013838 -0.0034754913643412519 0.017497370394503307 0.18485375524295805 -0.12052373151636117 -0.044907753687903659 0.026868607595047393 0.020897950221872037 -0.0096346370641533941 0.17396533089238958
leaf_weight=3804 687 7342 4344 500 542 756 520 1216 248 6181 209 17662 299 8003 696 224 1233 1049 2551 183 14733 14492 10382 1814 375 14993 2050 5293 3984 1825
leaf_count=3804 687 7342 4344 500 542 756 520 1216 248 6181 209 17662 299 8003 696 224 1233 1049 2551 183 14733 14492 10382 1814 375 14993 2050 5293 3984 1825
internal_value=-0.00122069 0.00161873 -0.00665515 0.00112585 -0.00573401 -0.00805977 0.00631481 0.0228176 0.000560884 -0.000952587 0.00529599 -0.00178971 -0.015203 0.00158759 0.00228525 -0.00563536 -0.00340645 -0.00876807 0.00334437 -0.014058 -0.00755226 0.000852543 0.00184388 0.00231646 0.00516674 -0.00294156 -8.22419e-05 0.00329874 0.00203261 0.00284345
internal_weight=128190 84204 43986 82301 39700 19833 8071 1903 74230 30003 7551 23843 4286 44227 6160 724 19867 1591 5436 3987 19077 30931 16439 4740 2189 18276 3283 13296 16191 12207
internal_count=128190 84204 43986 82301 39700 19833 8071 1903 74230 30003 7551 23843 4286 44227 6160 724 19867 1591 5436 3987 19077 30931 16439 4740 2189 18276 3283 13296 16191 12207
cat_boundaries=0 1 2 3 4 5 6 7 8 9 10 11 12 13 14 15 16 17
cat_threshold=138680328 1065056 805315844 134221824 4096 1048576 2753154 2049 1 4096 9 4 4 1 28 2 10
is_linear=0
shrinkage=0.06


Tree=52
num_leaves=31
num_cat=16
split_feature=0 0 5 0 0 0 5 0 0 1 3 0 2 5 5 2 5 2 2 2 3 5 2 5 5 5 0 5 5 5
split_gain=500.439 231.586 88.6328 61.9236 54.5172 33.9744 32.325 31.8308 29.4306 20.0726 19.4402 18.0674 15.232 14.3871 13.8224 15.7985 12.6414 14.9727 11.8414 10.3691 10.3555 10.0354 19.8874 12.7332 9.76932 23.6773 38.8651 21.497 9.51686 9.30678
threshold=0 1 0.0015000000712461772 2 3 4 0.65650001168251049 5 6 7 2.5000000000000004 8 9 0.062500000000000014 0.0075000002980232247 10 0.0025000000605359678 11 12 13 2.5000000000000004 0.0025000000605359678 14 0.13550000637769702 0.0054999999701976785 0.0084999999962747114 15 0.0065000001341104516 0.011500000022351744 0.19549999386072162
decision_type=9 9 2 9 9 9 2 9 9 9 2 9 1 2 2 1 2 1 1 1 2 2 1 2 2 2 9 2 2 2
left_child=2 7 11 6 16 21 10 29 9 14 -3 18 -11 19 15 -5 17 -4 -1 24 -15 22 -6 -23 -10 26 27 -26 -16 -2
right_child=1 3 4 8 5 -7 -8 -9 13 12 -12 -13 -14 20 28 -17 -18 -19 -20 -21 -22 23 -24 -25 25 -27 -28 -29 -30 -31
leaf_value=-0.041627139125057493 0.41747409314372474 0.17253297765888079 -0.047842398168641116 0.0017951042884757839 -0.00067124959528150894 -0.072386156451928751 1.3759835879707349 6.7686502770705177 -0.0073665348012170988 -0.034379468478976244 1.8221145719952596 -0.12142537475676927 -0.0068988602806349421 0.034921549477885776 0.18524278479384407 -0.087357891698965198 -0.034313288480153616 -0.0021891243116780499 -0.10423111976165418 -0.0061494822623291865 0.15214894553591166 -0.0438074034631439 -0.061726652709180735 -0.027082504753282919 0.021014677881642567 0.019822090723429824 -0.081342614538448849 0.31396109353870089 0.068403833565729641 1.9802202400015516
leaf_weight=3804 468 7335 1009 500 1759 756 527 1216 3126 6208 209 295 17975 12917 696 224 17958 564 183 13268 2189 12346 428 4544 1333 9853 254 1287 4740 219
leaf_count=3804 468 7335 1009 500 1759 756 527 1216 3126 6208 209 295 17975 12917 696 224 17958 564 183 13268 2189 12346 428 4544 1333 9853 254 1287 4740 219
internal_value=-0.00114252 0.0015512 -0.00635926 0.00107331 -0.00546896 -0.00768483 0.00606237 0.0221903 0.000532582 -0.000906335 0.00506628 -0.0145586 -0.0016852 0.00151977 0.00214911 -0.00563536 -0.00321324 -0.00837254 -0.0133825 0.000740703 0.00302264 -0.00718133 -0.00336077 -0.00768028 0.00177583 0.00251513 0.00730689 0.00946768 0.00318985 0.011406
internal_weight=128190 84544 43646 82641 39364 19833 8071 1903 74570 30343 7544 4282 24183 44227 6160 724 19531 1573 3987 29121 15106 19077 2187 16890 15853 12727 2874 2620 5436 687
internal_count=128190 84544 43646 82641 39364 19833 8071 1903 74570 30343 7544 4282 24183 44227 6160 724 19531 1573 3987 29121 15106 19077 2187 16890 15853 12727 2874 2620 5436 687
cat_boundaries=0 1 2 3 4 5 6 7 8 9 10 11 12 13 14 15 16
cat_threshold=134486024 1065056 805315844 264200 4096 1048576 6947458 2049 4096 1 9 3 4 28 4 65536
is_linear=0
shrinkage=0.06


Tree=53
num_leaves=31
num_cat=16
split_feature=0 0 0 5 0 0 5 0 3 1 0 5 2 5 2 2 0 2 5 5 2 2 5 5 5 5 4 5 5 2
split_gain=455.309 230.227 79.8343 55.2643 37.6515 35.3199 34.1963 31.8445 21.8769 17.1537 16.9788 16.0299 15.5813 13.6466 13.1683 12.1085 10.0275 9.59748 9.59492 12.8901 10.8804 9.99879 9.2978 9.08893 8.17484 8.03958 10.7026 7.94036 7.66344 7.50637
threshold=0 1 2 0.0015000000712461772 3 4 0.0025000000605359678 5 1.5000000000000002 6 7 0.52949997782707225 8 0.66550001502037059 9 10 11 12 0.31049999594688421 0.0054999999701976785 13 14 0.40549999475479132 0.0015000000712461772 0.67350000143051159 0.0054999999701976785 0.11250000074505807 0.0035000001080334191 0.25650000572204595 15
decision_type=9 9 9 2 9 9 2 9 2 9 9 2 1 2 1 1 9 1 2 2 1 1 2 2 2 2 2 2 2 1
left_child=3 7 6 10 8 12 17 22 13 24 14 15 -5 -4 -1 -6 -14 23 19 20 -11 -21 -2 -3 -8 -17 -27 -22 -10 -13
right_child=1 2 4 5 11 -7 9 -9 28 18 -12 29 16 -15 -16 25 -18 -19 -20 21 27 -23 -24 -25 -26 26 -28 -29 -30 -31
leaf_value=-0.039129510777554048 0.48455826746588854 -0.19311671868078456 0.2142383968730496 -0.051277492262499995 -0.007349997916086295 -0.068042987064813029 0.00064715267368265828 6.3625312604462883 1.0562365362600679 0.03197090345649016 -0.097939853415772257 0.14163103151607459 -0.031679833156356592 1.2340008710974688 -0.097977252575954923 -0.0047105163621876753 -0.027630963175472801 -0.067674100976360091 0.0044442276468248743 -0.053127542791122799 -0.029315434646869924 -0.020284958418435473 2.5809026585192814 -0.026371829101520739 0.12992786107109539 0.089004422250214502 0.029954120293926675 0.018649517599837927 2.8599234785949394 0.032063157295389999
leaf_weight=3804 548 61 3047 5314 9485 756 15936 1216 538 1191 254 2385 6183 261 183 4283 14733 354 4256 5901 623 11605 139 1058 1181 1702 28947 596 217 1433
leaf_count=3804 548 61 3047 5314 9485 756 15936 1216 538 1191 254 2385 6183 261 183 4283 14733 354 4256 5901 623 11605 139 1058 1181 1702 28947 596 217 1433
internal_value=-0.00107512 0.000954389 0.000539602 -0.00737491 0.00211172 -0.00637664 -0.00138315 0.021563 0.00765284 -0.00106299 -0.0137444 0.00164349 -0.006 0.00556832 -0.012677 0.00132314 -0.00525566 -0.0103666 -0.00209164 -0.00264511 0.00146888 -0.00321147 0.0108034 -0.00741364 0.000390611 0.00183905 0.00217984 -0.00251424 0.0168874 0.00537454
internal_weight=128190 96963 95060 31227 52298 26986 42762 1903 4063 41289 4241 48235 26230 3308 3987 44417 20916 1473 24172 19916 2410 17506 687 1119 17117 34932 30649 1219 755 3818
internal_count=128190 96963 95060 31227 52298 26986 42762 1903 4063 41289 4241 48235 26230 3308 3987 44417 20916 1473 24172 19916 2410 17506 687 1119 17117 34932 30649 1219 755 3818
cat_boundaries=0 1 2 3 4 5 6 7 8 9 10 11 12 13 14 15 16
cat_threshold=134483968 1065056 6949514 268444676 266240 1048576 3077 4096 1 4 1 262144 5 5 1 10
is_linear=0
shrinkage=0.06


Tree=54
num_leaves=31
num_cat=13
split_feature=0 0 5 0 0 5 0 0 0 5 5 2 3 5 4 5 2 5 5 2 2 3 4 5 6 5 5 0 5 0
split_gain=408.185 223.779 76.7373 64.9327 44.1356 36.7029 27.5374 25.4125 21.562 17.3218 15.2899 14.3075 12.7363 12.0325 11.5012 10.4471 18.0317 12.0037 9.03568 12.5801 8.8389 11.9248 9.51003 8.39298 9.53521 8.76559 8.03315 13.6412 7.97031 7.68453
threshold=0 1 0.0015000000712461772 2 3 0.65650001168251049 4 5 6 0.0054999999701976785 0.13550000637769702 7 2.5000000000000004 0.0015000000712461772 0.10150000080466272 0.0025000000605359678 8 0.040500000119209296 0.0025000000605359678 9 10 2.5000000000000004 0.26850000023841863 0.0065000001341104516 10.500000000000002 0.55950000882148754 0.01049999985843897 11 0.0035000001080334191 12
decision_type=9 9 2 9 9 2 9 9 9 2 2 1 2 2 2 2 1 2 2 1 1 2 2 2 2 2 2 9 2 9
left_child=2 -2 8 5 18 12 15 10 11 -9 13 -1 -3 -5 -11 16 -6 -17 19 -4 26 -22 -23 24 28 -25 27 -16 -20 -28
right_child=1 3 4 7 6 -7 -8 9 -10 14 -12 -13 -14 -15 20 17 -18 -19 23 -21 21 22 -24 25 -26 -27 29 -29 -30 -31
leaf_value=-0.036781740130900784 5.9807793848195105 0.2478850278763815 0.0016429971146755661 -0.18212971498773292 0.0010268831709637283 1.6581891235938429 -0.063960407840924244 -0.014552181322224697 -0.10826346106641675 0.10236697656610858 0.014932206979320383 -0.092098617421397633 1.649413505499939 -0.0098968827543539101 -0.48720705930291547 -0.041921099176008628 -0.056365195756101549 -0.028121126641828944 -0.0056473667726277196 -0.042189517066611122 0.036128943473498223 -0.11962778327898575 0.20362281651776171 -0.04691890557577643 -0.016229110584807954 0.012790135311849474 -0.017566440813688616 -0.022133011989799625 0.15022113928862402 0.097471120990811705
leaf_weight=3804 1216 5825 536 52 1759 561 756 3690 295 1359 12035 183 209 29949 116 8591 428 8299 312 1037 22541 196 1709 13144 2366 1593 3118 522 543 1446
leaf_count=3804 1216 5825 536 52 1759 561 756 3690 295 1359 12035 183 209 29949 116 8591 428 8299 312 1037 22541 196 1709 13144 2366 1593 3118 522 543 1446
internal_value=-0.00101287 0.00141992 -0.0057243 0.00104538 -0.00489584 0.00675397 -0.00688958 0.000553927 -0.0133536 0.00175555 -0.000438092 -0.0120916 0.0053994 -0.00116296 0.00221853 -0.00643632 -0.00253772 -0.00694494 -0.00286628 -0.00722823 0.00197113 0.00244848 0.00700787 -0.0024858 0.00028873 -0.00309222 -0.000276285 -0.00658307 0.0057193 0.000604733
internal_weight=128190 84544 43646 83328 39364 6595 19833 76733 4282 34697 42036 3987 6034 30001 31007 19077 2187 16890 19531 1573 29648 24446 1905 17958 3221 14737 5202 638 855 4564
internal_count=128190 84544 43646 83328 39364 6595 19833 76733 4282 34697 42036 3987 6034 30001 31007 19077 2187 16890 19531 1573 29648 24446 1905 17958 3221 14737 5202 638 855 4564
cat_boundaries=0 1 2 3 4 5 6 7 8 9 10 11 12 13
cat_threshold=134486024 16480 806364164 264200 4096 23724674 4096 4 4 4 1 2147483904 67108880
is_linear=0
shrinkage=0.06


Tree=55
num_leaves=31
num_cat=16
split_feature=0 0 0 5 0 0 5 5 0 5 0 1 0 2 2 3 5 0 0 2 5 5 5 2 3 5 6 2 5 5
split_gain=369.14 221.815 70.6562 48.7932 33.7747 27.8424 27.8377 23.8411 19.9173 18.5146 45.178 16.0391 15.9517 14.9525 14.5664 12.0286 11.9672 17.5833 13.1657 12.4269 13.9516 11.6369 10.5953 14.9347 10.5732 10.4753 9.63279 9.37436 10.182 8.39536
threshold=0 1 2 0.0015000000712461772 3 4 0.52949997782707225 0.0025000000605359678 5 0.0094999996945261973 6 7 8 9 10 1.5000000000000002 0.016500000841915611 11 12 13 0.012500000186264517 0.0075000002980232247 0.0075000002980232247 14 2.5000000000000004 0.012500000186264517 13.500000000000002 15 0.0015000000712461772 0.0035000001080334191
decision_type=9 9 9 2 9 9 2 2 9 2 9 9 9 1 1 2 2 9 9 1 2 2 2 1 2 2 2 1 2 2
left_child=3 -2 6 8 7 14 9 27 13 10 -3 22 -8 -1 -5 29 17 19 24 -11 -21 -17 23 -9 -18 -24 -27 28 -4 -6
right_child=1 2 4 5 15 -7 12 11 -10 16 -12 -13 -14 -15 -16 21 18 -19 -20 20 -22 -23 25 -25 -26 26 -28 -29 -30 -31
leaf_value=-0.034574835723046725 5.6219326217303385 -0.10304691231637064 -0.17184558526455329 -0.046275340431557302 -0.04105858450345494 -0.060122783370468787 1.585314935980674 0.002242381836007432 -0.085567654546840968 0.43961690702348433 0.22384922732679541 -0.01626686325357788 0.16940532123073865 -0.086572700376113768 -0.025005846958358297 -0.24408710757822888 0.37643830126420824 0.031932148200918817 0.068844775659398963 -0.16869184252517128 0.423211046745464 0.089412144389772338 0.17880002293416936 -0.081561434392187132 2.9110289729318217 -0.034145770375966007 0.11523353946013451 -0.061082283893781869 -0.021774457852975892 0.0086787289937369384
leaf_weight=3804 1216 969 61 5314 590 756 629 500 254 942 2050 26993 635 183 20916 124 2294 563 4392 140 130 5110 795 224 74 2435 2118 354 1042 42583
leaf_count=3804 1216 969 61 5314 590 756 629 500 254 942 2050 26993 635 183 20916 124 2294 563 4392 140 130 5110 795 224 74 2435 2118 354 1042 42583
internal_value=-0.000955301 0.000872098 0.000547323 -0.00662772 -9.36833e-05 -0.00568962 0.0046913 -0.00152728 -0.0126126 0.00377012 -0.000268301 -0.00119673 0.0131487 -0.0114761 -0.00535518 0.000928806 0.00519859 0.0095831 0.00404734 0.0136007 0.00192857 0.0036454 0.00158829 -0.00522099 0.00764508 0.00251309 0.00140347 -0.00903912 -0.0061186 0.00059968
internal_weight=128190 96963 95747 31227 82929 26986 12818 34522 4241 11554 3019 33065 1264 3987 26230 48407 8535 1775 6760 1212 270 5234 6072 724 2368 5348 4553 1457 1103 43173
internal_count=128190 96963 95747 31227 82929 26986 12818 34522 4241 11554 3019 33065 1264 3987 26230 48407 8535 1775 6760 1212 270 5234 6072 724 2368 5348 4553 1457 1103 43173
cat_boundaries=0 1 2 3 4 5 6 7 8 9 10 11 12 13 14 15 16
cat_threshold=134483968 16480 2953848069 6948872 266240 4096 2147483905 1 537928708 4 1 257 1057796 12 9 5
is_linear=0
shrinkage=0.06


Tree=56
num_leaves=31
num_cat=16
split_feature=0 0 5 0 0 0 5 2 0 5 0 2 3 5 0 5 0 5 2 5 3 5 5 5 1 1 5 2 0 6
split_gain=332.467 196.699 66.1128 55.9235 35.1274 25.0339 23.0877 22.5281 22.1709 20.242 16.3204 15.5429 13.2552 11.9586 25.6889 24.7337 14.0473 11.2132 16.6953 11.1743 9.56175 8.27304 7.13463 7.03586 16.6509 13.3042 13.6476 10.3753 6.95327 6.83574
threshold=0 1 0.0015000000712461772 2 3 4 0.41650000214576727 5 6 0.70350000262260448 7 8 1.5000000000000002 0.0065000001341104516 9 0.0075000002980232247 10 0.0025000000605359678 11 0.13550000637769702 1.5000000000000002 0.0015000000712461772 0.074500001966953291 0.0084999999962747114 12 13 0.012500000186264517 14 15 18.500000000000004
decision_type=9 9 2 9 9 9 2 1 9 2 9 1 2 2 9 2 9 2 1 2 2 2 2 2 9 9 2 1 9 2
left_child=2 22 5 6 -4 11 12 21 17 10 23 -1 -3 14 -12 16 20 18 -6 -19 -15 -5 -2 24 27 26 -25 -9 -27 -28
right_child=1 3 4 7 8 -7 -8 9 -10 -11 13 -13 -14 15 -16 -17 -18 19 -20 -21 -22 -23 -24 25 -26 28 29 -29 -30 -31
leaf_value=-0.032500345579663942 2.5160538951978819 0.18840345767959377 -0.026939131093054128 -0.15879119182275447 0.0024656209982073917 -0.096633594129621331 1.2164697148515176 -0.01095212491417385 -0.056515416368240659 0.10423131033199194 -0.16366025524218542 -0.081378338353546936 1.1005239788057144 0.24383779360289637 0.0016049351443889748 0.039422666865359585 -0.018264015179927356 -0.035133484193225005 -0.05148293319323393 -0.019353191372948667 -0.229441881123535 -0.013247265402895607 6.9094158587624541 0.26347203071339265 -0.0069983478946253896 -0.11419848884095586 0.11734595189968004 -0.096193649301447692 -0.0026696837503971337 -0.17850041600591779
leaf_weight=3804 348 3412 19531 40 1759 295 717 225 756 3144 231 183 621 969 6047 24526 233 12346 428 4544 46 18873 868 347 4667 255 2257 300 16078 340
leaf_count=3804 348 3412 19531 40 1759 295 717 225 756 3144 231 183 621 969 6047 24526 233 12346 428 4544 46 18873 868 347 4667 255 2257 300 16078 340
internal_value=-0.000899134 0.00129645 -0.00515118 0.000945307 -0.00438218 -0.0122326 0.0072605 0.000562681 -0.00616086 0.00113465 0.000874188 -0.0108907 0.00551203 0.00176471 -0.000582988 0.00233724 0.0105769 -0.00575418 -0.00171468 -0.00628064 0.0135512 -0.00124135 0.025155 -0.000292904 -0.00225347 0.000234995 0.00394042 -0.0122804 -0.000435049 0.00246053
internal_weight=128190 84544 43646 83328 39364 4282 4750 78578 19833 59665 56521 3987 4033 32052 6278 25774 1248 19077 2187 16890 1015 18913 1216 24469 5192 19277 2944 525 16333 2597
internal_count=128190 84544 43646 83328 39364 4282 4750 78578 19833 59665 56521 3987 4033 32052 6278 25774 1248 19077 2187 16890 1015 18913 1216 24469 5192 19277 2944 525 16333 2597
cat_boundaries=0 1 2 3 4 5 6 7 8 9 10 11 12 13 14 15 16
cat_threshold=134486024 16480 269493252 264200 4096 1 4096 21627394 4 385 67174528 4 1 2049 8 512
is_linear=0
shrinkage=0.06


Tree=57
num_leaves=31
num_cat=15
split_feature=0 0 0 5 5 5 0 0 0 0 5 2 2 1 0 0 5 2 3 5 3 5 5 2 5 6 2 5 5 5
split_gain=297.647 195.579 61.1601 42.1801 28.1938 23.0759 37.5203 22.9999 22.3805 19.8902 16.7723 14.9823 14.0094 13.2065 12.5953 11.5485 10.9538 11.0749 9.81513 9.66229 9.13107 8.68062 8.36856 12.7261 10.1584 8.43735 8.23493 9.76078 25.4495 25.2198
threshold=0 1 2 0.0015000000712461772 0.0025000000605359678 0.0094999996945261973 3 4 5 6 0.91550001502037059 7 8 9 10 11 0.0015000000712461772 12 2.5000000000000004 0.52150002121925365 2.5000000000000004 0.0065000001341104516 0.0075000002980232247 13 0.012500000186264517 13.500000000000002 14 0.0054999999701976785 0.0084999999962747114 0.0065000001341104516
decision_type=9 9 9 2 2 2 9 9 9 9 2 1 1 9 9 9 2 1 2 2 2 2 2 1 2 2 1 2 2 2
left_child=3 -2 5 7 16 6 21 11 12 13 15 -1 -5 22 -12 20 -4 -18 26 -20 -7 -3 23 -6 -24 -26 -11 -28 29 -29
right_child=1 2 4 8 9 10 -8 -9 -10 18 14 -13 -14 -15 -16 -17 17 -19 19 -21 -22 -23 24 -25 25 -27 27 28 -30 -31
leaf_value=-0.03055032484488409 4.9185204364609678 -0.35392113700798689 -0.15513682076799273 -0.041401061031612722 0.0027649664206974831 0.32360892723844398 0.19736329687077159 -0.074635579626253265 -0.053124491386146236 -0.010588687173226247 0.23407740041702979 -0.076495638052334128 -0.021997500822173527 -0.015132354842730837 2.1858629018406237 0.11150273310118883 -0.017306176555198487 -0.053701008149845179 0.053214823848348511 0.26177557006148516 2.6703357958275693 -0.079140148811658401 0.16444997197226313 -0.07089612937056905 -0.03519007060121964 0.107228929372516 -0.0089717697717738073 0.0067716012736681814 0.010460473842157186 0.1794074161234411
leaf_weight=3804 1216 83 93 5314 500 3440 2050 254 756 10325 322 183 20916 25996 299 5662 1116 347 2355 660 76 886 795 224 2435 2118 4835 2313 26064 2753
leaf_count=3804 1216 83 93 5314 500 3440 2050 254 756 10325 322 183 20916 25996 299 5662 1116 347 2355 660 76 886 795 224 2435 2118 4835 2313 26064 2753
internal_value=-0.000836883 0.000804038 0.000499076 -0.00593047 -9.73004e-05 0.00435454 -0.000228553 -0.0114949 -0.00505818 5.56696e-05 0.005771 -0.0102902 -0.00475838 -0.0011073 0.015314 0.0051253 -0.00809769 -0.00682843 0.000812126 0.00412935 0.00782757 -0.00989785 0.00141072 -0.00464088 0.00223261 0.00113991 0.000596241 0.00102488 0.00141471 0.00530596
internal_weight=128190 96963 95747 31227 82929 12818 3019 4241 26986 81373 9799 3987 26230 32068 621 9178 1556 1463 49305 3015 3516 969 6072 724 5348 4553 46290 35965 31130 5066
internal_count=128190 96963 95747 31227 82929 12818 3019 4241 26986 81373 9799 3987 26230 32068 621 9178 1556 1463 49305 3015 3516 969 6072 724 5348 4553 46290 35965 31130 5066
cat_boundaries=0 1 2 3 4 5 6 7 8 9 10 11 12 13 14 15
cat_threshold=134483968 16480 2953848069 2147483905 4096 266240 4851720 4 1 1 2415919361 1057028 5 9 1
is_linear=0
shrinkage=0.06


Tree=58
num_leaves=31
num_cat=16
split_feature=0 0 0 5 0 5 0 5 0 2 0 2 3 5 5 2 5 5 1 5 1 3 5 0 5 0 5 0 2 5
split_gain=267.282 174.302 55.7322 39.4936 24.423 24.3628 41.1263 23.3783 18.6233 16.4155 16.2436 16.0378 15.7222 15.7721 13.2629 12.0346 10.9652 9.95475 11.2484 10.4179 9.47931 9.4331 9.34121 9.29824 8.94693 8.51333 8.30283 11.9011 8.11275 8.4001
threshold=0 1 2 0.0015000000712461772 3 0.0094999996945261973 4 0.0025000000605359678 5 6 7 8 1.5000000000000002 0.0084999999962747114 0.66550001502037059 9 0.0015000000712461772 0.0094999996945261973 10 0.0035000001080334191 11 2.5000000000000004 0.92849999666214 12 0.072499997913837447 13 0.004500000039115549 14 15 0.0084999999962747114
decision_type=9 9 9 2 9 2 9 2 9 1 9 1 2 2 2 1 2 2 9 2 9 2 2 9 2 9 2 9 1 2
left_child=3 24 7 4 11 6 28 16 15 17 14 -1 20 -14 21 -5 -3 18 19 -9 -11 -7 -22 -19 -2 -18 27 -20 29 -4
right_child=1 2 5 8 -6 10 -8 9 -10 12 -12 -13 13 -15 -16 -17 25 23 26 -21 22 -23 -24 -25 -26 -27 -28 -29 -30 -31
leaf_value=-0.02871730535419104 1.962879215571786 -0.14582861152191315 -0.1032917689315471 -0.038916997369715989 -0.070157444848678058 0.28620278721147685 0.17393215970441928 -0.19005191360034104 -0.049937021902977455 0.01556662796726691 0.11105655777526494 -0.071905899769194079 -0.19654214569493006 0.12168249688630722 1.9090109112243725 -0.020677650772843101 0.02643348475008743 -0.0048057379280065501 -0.10025602709916114 0.079624546048002787 -0.0051143815241113796 2.5101156480779161 0.071155129782499035 -0.037252506248256247 6.1451394613224863 -0.032848966223656288 -0.024353352209922574 0.029707873237377953 -0.31820495106504582 0.00044255112094106149
leaf_weight=3804 340 93 591 5314 254 3309 2155 25 756 20650 8579 183 134 3221 337 20916 231 7106 107 694 32402 74 983 9896 876 1232 2290 1126 196 316
leaf_count=3804 340 93 591 5314 254 3309 2155 25 756 20650 8579 183 134 3221 337 20916 231 7106 107 694 32402 74 983 9896 876 1232 2290 1126 196 316
internal_value=-0.000788673 0.000766296 0.000478398 -0.00561546 -0.0109998 0.00376373 -0.000847145 -0.000159352 -0.00477136 -1.52606e-05 0.00498821 -0.00976482 0.000512195 0.00449776 0.00830027 -0.00449771 -0.00744216 -0.00143973 0.00115983 0.00794239 0.000264828 0.00719184 -0.000360234 -0.00208917 0.0232463 -0.00617225 -0.00024625 0.00372263 -0.0102156 -0.00762268
internal_weight=128190 96963 95747 31227 4241 15557 3258 80190 26986 78634 12299 3987 57390 3355 3720 26230 1556 21244 4242 719 54035 3383 33385 17002 1216 1463 3523 1233 1103 907
internal_count=128190 96963 95747 31227 4241 15557 3258 80190 26986 78634 12299 3987 57390 3355 3720 26230 1556 21244 4242 719 54035 3383 33385 17002 1216 1463 3523 1233 1103 907
cat_boundaries=0 1 2 3 4 5 6 7 8 9 10 11 12 13 14 15 16
cat_threshold=134483968 16480 1164642954 4096 2147516673 266240 1 1057028 4 1 5 10249 83952128 23068672 2162690 12
is_linear=0
shrinkage=0.06


Tree=59
num_leaves=31
num_cat=16
split_feature=0 0 5 0 0 0 5 2 5 0 2 0 3 5 5 2 5 1 2 5 1 5 5 5 2 4 0 0 6 5
split_gain=241.52 156.538 52.298 42.3511 30.2527 23.1067 22.079 17.6482 15.8125 15.5812 14.7911 13.0855 12.1483 9.76021 11.7325 16.6889 9.64796 14.4574 9.68381 9.57768 8.54135 11.8666 8.2096 6.9105 11.3008 9.46458 8.40031 8.13737 6.69577 6.64724
threshold=0 1 0.0015000000712461772 2 3 4 0.65650001168251049 5 0.7514999806880952 6 7 8 1.5000000000000002 0.62350001931190502 0.0025000000605359678 9 0.0084999999962747114 10 11 0.076499998569488539 12 0.012500000186264517 0.0065000001341104516 0.0054999999701976785 13 0.1345000043511391 14 15 7.5000000000000009 0.18349999934434894
decision_type=9 9 2 9 9 9 2 1 2 9 1 9 2 2 2 1 2 9 1 2 9 2 2 2 1 2 9 9 2 2
left_child=2 19 4 6 10 -4 12 28 11 13 -1 16 -3 14 15 -7 17 18 -9 -2 21 -18 -20 24 27 -25 -26 -13 -5 -11
right_child=1 3 5 7 -6 9 -8 8 -10 29 -12 23 -14 -15 -16 -17 20 -19 22 -21 -22 -23 -24 25 26 -27 -28 -29 -30 -31
leaf_value=-0.02699426703293957 1.952206682364042 0.16863861819399403 -0.023188793168681592 0.092865451598521179 -0.082147997013348156 0.0048781928340159908 2.0739722266662612 -0.01140503267593985 0.10289406983632829 -0.060388535930873156 -0.067591545783042425 0.12357019927962618 1.0212887617049444 0.0011095765401642409 -0.027836983715608277 -0.045597768277035954 0.23686271287421731 -0.010966076414658658 -0.034827856802116128 5.8601304344634508 -0.0017764321226120571 0.056680604410650162 -0.14235736463543899 0.075113396296968907 -0.041379549313250261 0.029341490694683472 -0.17159543880644421 -0.0023022467376189225 -0.013889117242899278 -0.017277321438075324
leaf_weight=3804 362 3129 19531 291 295 1759 369 225 2848 513 183 253 672 1252 15638 428 347 4467 157 854 16251 2582 143 2141 313 26217 103 4198 18622 243
leaf_count=3804 362 3129 19531 291 295 1759 369 225 2848 513 183 253 672 1252 15638 428 347 4467 157 854 16251 2582 143 2141 313 26217 103 4198 18622 243
internal_value=-0.000740931 0.0011304 -0.00436504 0.000817154 -0.0106632 -0.00368103 0.00670335 0.000506265 0.00100822 -0.00512372 -0.00920941 0.000791853 0.00535912 -0.00478284 -0.00514502 -0.00102881 -0.000270449 -0.00262019 -0.0119439 0.0224144 0.00034098 0.00331745 -0.0189677 0.00156431 -0.000523937 0.00192327 -0.00985915 0.000369872 -0.00109232 -0.0135509
internal_weight=128190 84544 43646 83328 4282 39364 4170 79158 60245 19833 3987 57397 3801 19077 17825 2187 24172 4992 525 1216 19180 2929 300 33225 4867 28358 416 4451 18913 756
internal_count=128190 84544 43646 83328 4282 39364 4170 79158 60245 19833 3987 57397 3801 19077 17825 2187 24172 4992 525 1216 19180 2929 300 33225 4867 28358 416 4451 18913 756
cat_boundaries=0 1 2 3 4 5 6 7 8 9 10 11 12 13 14 15 16
cat_threshold=134486024 16480 1057796 4096 264200 1 4096 4 21626882 4 1 8 1 12 69206032 268435968
is_linear=0
shrinkage=0.06


Tree=60
num_leaves=31
num_cat=12
split_feature=0 0 5 0 0 0 5 0 0 2 5 5 1 5 5 5 2 2 3 5 5 5 5 6 5 3 5 5 5 2
split_gain=216.863 145.004 48.5353 37.6747 31.7215 20.149 20.1164 17.0056 14.5898 14.5177 11.1804 9.8283 9.78949 8.72184 8.65446 9.69398 15.2396 7.48935 8.65109 6.49505 6.20646 6.02213 6.01754 5.84366 5.75727 5.52211 5.16005 5.06021 8.55442 6.73199
threshold=0 1 0.0015000000712461772 2 3 4 0.13949999958276751 5 6 7 0.99349999427795421 0.076499998569488539 8 0.84950000047683727 0.62350001931190502 0.0025000000605359678 9 10 2.5000000000000004 0.67350000143051159 0.023500000126659874 0.55950000882148754 0.18349999934434894 7.5000000000000009 0.039499999955296523 2.5000000000000004 0.13149999827146533 0.0065000001341104516 0.012500000186264517 11
decision_type=9 9 2 9 9 9 2 9 9 1 2 2 9 2 2 2 1 1 2 2 2 2 2 2 2 2 2 2 2 1
left_child=2 11 4 6 9 22 25 12 21 -1 17 -2 26 -8 15 16 -10 23 -19 27 -20 -7 -4 -9 -17 -3 -5 29 -29 -14
right_child=1 3 5 7 -6 8 13 10 14 -11 -12 -13 19 -15 -16 24 -18 18 20 -21 -22 -23 -24 -25 -26 -27 -28 28 -30 -31
leaf_value=-0.025374611010963173 1.8350742814222007 0.14799697334291578 -0.056765223775020739 -0.024986517934212565 -0.077219117192547301 -0.025065666591810008 0.60262430450587257 0.12364834831876073 0.0045855012639750828 -0.0635360530360599 0.14845920314284036 5.5085226083956451 -0.0028215956036620323 2.3467943214544777 0.0010430019477543696 -0.030966760115035113 -0.042861902180413816 0.01544637302134852 -0.072029688649674739 0.1108123413958408 0.15478296225364033 0.01881820993856511 -0.016240682151790808 -0.006083987108474815 -0.020994768766768528 2.108521235752439 -0.0037694187337572061 0.034670460662845098 -0.00574062868805786 -0.030448452655466019
leaf_weight=3804 362 2734 513 5908 295 17318 1112 194 1759 183 1076 854 2633 256 1252 8481 428 36169 214 1192 1635 1502 243 10193 7157 68 3817 3954 11814 1070
leaf_count=3804 362 2734 513 5908 295 17318 1112 194 1759 183 1076 854 2633 256 1252 8481 428 36169 214 1192 1635 1502 243 10193 7157 68 3817 3954 11814 1070
internal_value=-0.000703955 0.00104744 -0.00418093 0.000748492 -0.0102429 -0.00351046 0.00630144 0.000457817 -0.00331364 -0.00875907 0.00114384 0.0215334 -0.000659254 0.0122807 -0.0044842 -0.00482525 -0.00108368 0.00100961 0.0013995 7.98143e-05 0.00540292 -0.00212533 -0.0131593 -0.00041839 -0.00534851 0.00340471 -0.00222804 -0.00018335 0.000285388 -0.00217931
internal_weight=128190 85255 42935 84039 4282 38653 4170 79869 37897 3987 49481 1216 30388 1368 19077 17825 2187 48405 38018 20663 1849 18820 756 10387 15638 2802 9725 19471 15768 3703
internal_count=128190 85255 42935 84039 4282 38653 4170 79869 37897 3987 49481 1216 30388 1368 19077 17825 2187 48405 38018 20663 1849 18820 756 10387 15638 2802 9725 19471 15768 3703
cat_boundaries=0 1 2 3 4 5 6 7 8 9 10 11 12
cat_threshold=134486016 16480 1057796 4096 134217728 6946954 264192 4 2080 4 1 5
is_linear=0
shrinkage=0.06


Tree=61
num_leaves=31
num_cat=16
split_feature=0 0 5 0 0 3 0 5 0 2 5 2 5 0 0 5 2 5 5 0 5 0 0 3 5 5 2 2 5 5
split_gain=191.425 131.013 40.1882 34.2694 26.0423 18.9614 18.6925 15.9304 25.4694 12.9815 12.9246 20.8582 23.5525 14.3211 12.8361 12.0783 12.319 11.1992 10.6898 12.8966 10.1634 9.2814 7.98415 7.75454 7.75346 9.26373 12.9929 7.63969 10.8173 6.94939
threshold=0 1 0.0015000000712461772 2 3 1.5000000000000002 4 0.0094999996945261973 5 6 0.015500000212341549 7 0.011500000022351744 8 9 0.13550000637769702 10 0.46050000190734869 0.16950000077486041 11 0.097500000149011626 12 13 3.5000000000000004 0.62350001931190502 0.0025000000605359678 14 15 0.012500000186264517 0.0084999999962747114
decision_type=9 9 2 9 9 2 9 2 9 1 2 1 2 9 9 2 1 2 2 9 2 9 9 2 2 2 1 1 2 2
left_child=2 18 4 5 9 7 -4 8 -3 -1 11 13 -13 -9 -8 16 29 23 19 -2 -12 -18 -22 -7 25 26 -16 -14 -29 -5
right_child=1 3 6 15 -6 17 14 10 -10 -11 20 12 27 -15 24 -17 21 -19 -20 -21 22 -23 -24 -25 -26 -27 -28 28 -30 -31
leaf_value=-0.023852134350305396 1.1011498376437372 -0.090255927761099031 -0.041768375021136075 0.01324396897929688 -0.072585970160994509 0.45459626244956836 -0.021039835414060803 0.392980647256297 0.12959675710431554 -0.059723889853896296 0.026166005639182116 -0.33460374170307799 0.40338292024834943 0.014873864137784949 0.0043103711881365926 0.019290873342642331 -0.024009764259800247 2.5825515091868647 5.9016111054075315 7.4997116913450315 0.78892817521450753 -0.0014664132860583478 0.12953737130590895 2.2895795179739116 0.00098042183088907107 -0.024648689750539035 -0.040290188049588962 -0.36209585765972674 0.11380569234089655 -0.0011961520568623029
leaf_weight=3804 487 969 756 10108 295 898 18820 881 1865 183 3509 141 157 257 1759 17830 12502 171 535 194 616 15464 3111 76 1252 15638 428 39 128 15317
leaf_count=3804 487 969 756 10108 295 898 18820 881 1865 183 3509 141 157 257 1759 17830 12502 171 535 194 616 15464 3111 76 1252 15638 428 39 128 15317
internal_value=-0.000661362 0.000984108 -0.00392805 0.000699949 -0.00944418 0.00355472 -0.00331798 0.00283475 -0.00107975 -0.00809857 0.00408983 0.00896444 -0.00183158 0.0132753 -0.00312845 0.000185734 -0.000265775 0.0109258 0.0204568 0.0156388 0.00300995 -0.00113454 0.00519184 0.00843943 -0.00422644 -0.00454923 -0.000891632 0.00703704 -0.00220339 0.000689994
internal_weight=128190 85255 42935 84039 4282 12818 38653 11673 2834 3987 8839 1603 465 1138 37897 71221 53391 1145 1216 681 7236 27966 3727 974 19077 17825 2187 324 167 25425
internal_count=128190 85255 42935 84039 4282 12818 38653 11673 2834 3987 8839 1603 465 1138 37897 71221 53391 1145 1216 681 7236 27966 3727 974 19077 17825 2187 324 167 25425
cat_boundaries=0 1 2 3 4 5 6 7 8 9 10 11 12 13 14 15 16
cat_threshold=134486016 16480 2953848069 4096 134217728 2147483905 4 12 257 264192 28 32 2622098 1056768 4 1
is_linear=0
shrinkage=0.06


Tree=62
num_leaves=31
num_cat=15
split_feature=0 0 5 0 0 3 5 0 0 0 5 0 3 1 5 5 2 5 5 5 5 0 0 5 5 5 5 0 2 2
split_gain=174.289 117.956 36.7729 32.0053 26.7711 20.3056 18.3697 28.3883 17.5109 13.0214 13.1238 12.0891 12.0463 13.7766 13.9366 23.1985 35.4897 27.1274 22.253 14.7764 13.0054 19.173 16.6799 12.328 26.8719 19.6292 16.8789 11.4965 11.1987 10.9353
threshold=0 1 0.0015000000712461772 2 3 1.5000000000000002 0.0094999996945261973 4 5 6 0.36750000715255743 7 1.5000000000000002 8 0.0054999999701976785 0.0094999996945261973 9 0.0084999999962747114 0.0065000001341104516 0.0084999999962747114 0.015500000212341549 10 11 0.016500000841915611 0.021499999798834327 0.13350000232458117 0.017500000074505809 12 13 14
decision_type=9 9 2 9 9 2 2 9 9 9 2 9 2 9 2 2 1 2 2 2 2 9 9 2 2 2 2 9 1 1
left_child=2 9 4 12 28 6 7 -5 -4 10 -2 -10 13 14 -3 16 17 -16 -18 -20 22 23 -17 -22 26 -26 -25 -15 -1 -8
right_child=1 3 8 5 -6 -7 29 -9 11 -11 -12 -13 -14 27 15 20 18 -19 19 -21 21 -23 -24 24 25 -27 -28 -29 -30 -31
leaf_value=-0.022421006289287053 1.2113150982627667 -0.014550714935828067 -0.039262272519867907 -0.087907055374299714 -0.066447112035221106 0.70817048403520966 0.30861275774375596 0.11318683029498174 -0.01821181286349919 8.5080285504112023 4.8341135601768288 -0.019239206800532357 0.057380246807566378 -0.019008614458490312 -0.1007399756525421 -0.090195724074432063 0.0091495623524141933 0.096611299162308054 0.21462707267155251 0.087818372578932435 -0.014751787292914003 0.012916996969516958 -0.013048255943796504 0.066633857911523361 -0.099995755163390071 40.813115246370252 0.60183374804824208 -0.00017660898108580624 -0.056140456462662518 0.10632090198933071
leaf_weight=3804 629 3751 756 1103 299 1145 921 1970 19077 371 216 19156 5234 14174 292 623 1546 103 1704 559 436 10850 2913 351 537 138 341 25148 183 9860
leaf_count=3804 629 3751 756 1103 299 1145 921 1970 19077 371 216 19156 5234 14174 292 623 1546 103 1704 559 436 10850 2913 351 537 138 341 25148 183 9860
internal_value=-0.000626726 0.000952723 -0.00372531 0.000682006 -0.0090014 0.00319208 0.00255955 -0.0015327 -0.00314627 0.019429 0.0148421 -0.00296446 0.000133605 -9.45388e-05 0.00103337 0.00165204 0.00562322 -0.0113333 0.00739199 0.0112019 0.000620792 0.0015198 -0.00259615 0.00723111 0.0100732 0.00155556 0.0183815 -0.000787145 -0.00763322 0.003726
internal_weight=128190 84915 43275 83699 4286 14999 13854 3073 38989 1216 845 38233 68700 63466 24144 20393 4204 395 3809 2263 16189 12653 3536 1803 1367 675 692 39322 3987 10781
internal_count=128190 84915 43275 83699 4286 14999 13854 3073 38989 1216 845 38233 68700 63466 24144 20393 4204 395 3809 2263 16189 12653 3536 1803 1367 675 692 39322 3987 10781
cat_boundaries=0 1 2 3 4 5 6 7 8 9 10 11 12 13 14 15
cat_threshold=138680320 16480 1194001034 4096 2147516673 134217728 32 4096 10249 2 1073742336 1073741824 67633664 4 4
is_linear=0
shrinkage=0.06


Tree=63
num_leaves=31
num_cat=18
split_feature=0 0 5 0 0 5 0 0 2 3 5 5 2 3 0 5 2 5 0 5 0 0 5 2 4 2 4 0 0 1
split_gain=154.667 111.472 35.2499 29.0939 23.0053 16.5497 15.8269 14.9701 12.5537 12.7152 12.1741 12.0428 11.5308 10.5706 10.1326 9.43 10.055 8.71993 17.0614 11.6382 52.6829 9.20571 16.8093 10.2693 12.3483 8.22594 9.34698 7.87201 7.14898 6.93403
threshold=0 1 0.0015000000712461772 2 3 0.65650001168251049 4 5 6 2.5000000000000004 0.62350001931190502 0.36750000715255743 7 1.5000000000000002 8 0.0025000000605359678 9 0.0065000001341104516 10 0.0075000002980232247 11 12 0.0084999999962747114 13 0.33650000393390661 14 0.21849999576807025 15 16 17
decision_type=9 9 2 9 9 2 9 9 1 2 2 2 1 2 9 2 1 2 9 2 9 9 2 1 2 1 2 9 9 9
left_child=2 7 4 5 12 13 -4 11 -5 17 14 -2 -1 -3 -8 16 -16 18 -10 20 25 22 -21 24 -24 26 -19 -20 -27 -23
right_child=1 3 6 8 -6 -7 10 -9 9 -11 -12 -13 -14 -15 15 -17 -18 19 27 21 -22 29 23 -25 -26 28 -28 -29 -30 -31
leaf_value=-0.021075745911929837 1.1386361923669994 0.13298994763274152 -0.036906536168675827 -0.011020375701211194 -0.064243985229221576 1.765209169326315 -0.021050231969807667 7.9975468373865306 -0.049800121071452388 0.13567333261581793 0.0074143144481191919 4.5440667465662195 -0.052772029074902777 0.83116242363676629 -0.046915745534888163 -0.022077059593696723 0.0039444874432970779 0.23610478208450239 0.037630144692389532 -0.089961725414220831 -0.051477938792761219 0.08164470055469579 0.19836145031417343 0.058048935828956941 0.031603655648503093 0.13314630650812431 0.1885496039509077 -0.0070265308286924007 -0.052522291615168158 0.0012946278410458233
leaf_weight=3804 629 3129 756 18913 295 369 17550 371 760 2022 2522 216 183 672 316 15638 1871 474 1645 388 802 3502 710 6396 539 201 625 7428 156 35308
leaf_count=3804 629 3129 756 18913 295 369 17550 371 760 2022 2522 216 183 672 316 15638 1871 474 1645 388 802 3502 710 6396 539 201 625 7428 156 35308
internal_value=-0.000599111 0.000879962 -0.00353545 0.000617854 -0.00870154 0.00549761 -0.00296406 0.0188418 0.000362423 0.000781419 -0.00278972 0.014 -0.00743808 0.00433307 -0.0030776 -0.00408579 -0.000397805 0.000621034 -0.00100986 0.000947639 0.005155 0.000744828 0.00259232 0.00321387 0.00817315 0.01191 0.0145266 -0.000280744 0.00367847 0.000361669
internal_weight=128190 85255 42935 84039 4282 4170 38653 1216 79869 60956 37897 845 3987 3801 35375 17825 2187 58934 9833 49101 2258 46843 8033 7645 1249 1456 1099 9073 357 38810
internal_count=128190 85255 42935 84039 4282 4170 38653 1216 79869 60956 37897 845 3987 3801 35375 17825 2187 58934 9833 49101 2258 46843 8033 7645 1249 1456 1099 9073 357 38810
cat_boundaries=0 1 2 3 4 5 6 7 8 9 10 11 12 13 14 15 16 17 18
cat_threshold=134486016 16480 1057796 4096 134217728 32 1 4 264192 2 4718977 71368835 2151711121 4 4 807404056 67108992 1
is_linear=0
shrinkage=0.06


Tree=64
num_leaves=31
num_cat=13
split_feature=0 0 5 0 0 3 0 5 0 0 5 5 2 5 3 1 5 5 2 5 5 5 5 5 0 0 5 4 5 0
split_gain=140.956 106.963 31.8265 25.6286 19.3185 16.7723 15.8027 15.5329 21.5585 13.8414 12.4161 11.6723 11.6135 10.6939 9.61605 11.5538 11.0457 23.2894 34.8441 23.6643 20.8848 13.7758 10.9244 16.7025 15.6483 15.1364 38.064 10.5012 10.3108 9.61151
threshold=0 1 0.0015000000712461772 2 3 1.5000000000000002 4 0.0094999996945261973 5 6 0.46050000190734869 0.50549998879432689 7 0.55950000882148754 1.5000000000000002 8 0.0054999999701976785 0.0094999996945261973 9 0.0084999999962747114 0.0065000001341104516 0.0084999999962747114 0.015500000212341549 0.021499999798834327 10 11 0.017500000074505809 0.21849999576807025 0.0075000002980232247 12
decision_type=9 9 2 9 9 2 9 2 9 9 2 2 1 2 2 9 2 2 1 2 2 2 2 2 9 9 2 2 2 9
left_child=2 6 4 14 12 7 11 8 -5 -4 -7 -2 -1 -11 15 16 -3 18 19 -18 -20 27 24 25 -19 26 -24 -22 -16 -17
right_child=1 3 9 5 -6 10 -8 -9 -10 13 -12 -13 -14 -15 28 29 17 22 20 -21 21 -23 23 -25 -26 -27 -28 -29 -30 -31
leaf_value=-0.019811201157214027 1.1927038667037391 -0.013617740881004679 -0.034692143998555282 -0.079471410933320497 -0.059472278048820715 0.47371760539923741 7.517694027143337 0.11001240901307696 0.10559732740754725 -0.0179583830139123 2.279195639433957 5.1549249390378709 -0.049605707330408623 0.0045694578700503641 -0.22867816470657346 -0.017655104103785745 -0.094609935010722235 -0.084861658300428924 0.0090221804609907953 0.085915939179287901 0.24278328040474376 0.081551214280227949 0.023209382869700618 0.001543917435679809 -0.013441933759334432 0.0444030977625475 0.56264586238941627 0.15009593159378509 0.064715495732360184 -0.00014953695692334178
leaf_weight=3804 683 3751 756 1103 299 974 371 10781 1970 35240 171 162 183 2993 124 14174 292 623 1546 103 785 559 813 9764 2913 1712 364 919 5110 25148
leaf_count=3804 683 3751 756 1103 299 974 371 10781 1970 35240 171 162 183 2993 124 14174 292 623 1546 103 785 559 813 9764 2913 1712 364 919 5110 25148
internal_value=-0.000564475 0.000855932 -0.00335105 0.000598144 -0.00825945 0.00284429 0.0184502 0.00226938 -0.00149365 -0.00281233 0.00982533 0.0135088 -0.00709282 -0.00265068 0.000107408 -9.64296e-05 0.000936491 0.00148728 0.00546622 -0.0113333 0.00721917 0.0109103 0.000454012 0.00127796 -0.00249434 0.00528557 0.0104886 0.0135915 0.00257929 -0.000730703
internal_weight=128190 84915 43275 83699 4286 14999 1216 13854 3073 38989 1145 845 3987 38233 68700 63466 24144 20393 4204 395 3809 2263 16189 12653 3536 2889 1177 1704 5234 39322
internal_count=128190 84915 43275 83699 4286 14999 1216 13854 3073 38989 1145 845 3987 38233 68700 63466 24144 20393 4204 395 3809 2263 16189 12653 3536 2889 1177 1704 5234 39322
cat_boundaries=0 1 2 3 4 5 6 7 8 9 10 11 12 13
cat_threshold=138680320 16480 1194001034 4096 32 2147516673 134217728 4 10249 2 1073741824 1107296256 67633664
is_linear=0
shrinkage=0.06


Tree=65
num_leaves=31
num_cat=14
split_feature=0 0 5 0 2 0 5 0 5 5 0 2 5 0 5 2 0 5 5 5 0 0 5 4 5 6 1 3 5 5
split_gain=127.468 100.826 28.6206 24.1394 17.898 16.6395 14.4283 12.7649 11.5089 11.3321 10.8199 10.4583 9.72643 8.52106 9.64464 8.7198 7.81592 7.73323 7.03706 29.6103 16.4347 8.48984 6.98119 5.91442 5.85169 5.89005 7.19041 5.77993 5.49417 5.41814
threshold=0 1 0.0015000000712461772 2 3 4 0.10350000113248826 5 0.50549998879432689 0.78450000286102306 6 7 0.62350001931190502 8 0.0025000000605359678 9 10 0.94249999523162853 0.0065000001341104516 0.0075000002980232247 11 12 0.18349999934434894 0.21849999576807025 0.0015000000712461772 9.5000000000000018 13 1.5000000000000002 0.14350000023841861 0.039499999955296523
decision_type=9 9 2 9 1 9 2 9 2 2 9 1 2 9 2 1 9 2 2 2 9 9 2 2 2 2 9 2 2 2
left_child=2 5 4 6 10 8 -3 22 -2 11 -1 24 13 14 15 -9 28 27 20 21 -18 23 -4 -20 -5 26 -26 -8 -13 -16
right_child=1 3 7 9 -6 -7 17 12 -10 -11 -12 16 -14 -15 29 -17 18 -19 19 -21 -22 -23 -24 -25 25 -27 -28 -29 -30 -31
leaf_value=-0.018622529087781173 1.1211416347015131 0.11315771710707735 -0.044201550686025382 -0.12457162475397086 -0.065229375762471287 7.066632385514735 0.29899582473818781 -0.043023297821960182 4.845629442695599 0.060605691785279026 -0.03642100027726556 -0.0056944746101909869 0.0066952881090290356 -0.018026546053810273 -0.024134997794834162 0.0047853211775339939 -0.14903313985592118 2.142443901067919 0.20268446720565031 0.023503826259288443 -0.00043896996072916749 0.028090159458233826 -0.0061084815601892646 0.17183072533385113 0.086353037640613833 -0.016390037882075815 -0.0025774019046325234 1.0857436331350425 0.015917546657685265 -0.01476132592746353
leaf_weight=3804 683 2586 513 40 248 371 1049 316 162 3628 234 19320 2526 17882 8481 1871 194 206 414 25181 6183 398 243 437 673 15282 1949 329 5830 7157
leaf_count=3804 683 2586 513 40 248 371 1049 316 162 3628 234 19320 2526 17882 8481 1871 194 206 414 25181 6183 398 243 437 673 15282 1949 329 5830 7157
internal_value=-0.000520945 0.000829791 -0.00317084 0.000579508 -0.00782548 0.0179119 0.00502392 -0.00265998 0.0128772 0.000345868 -0.00680336 0.000189326 -0.00250477 -0.00275996 -0.00368881 4.11523e-05 0.000581193 0.00954545 0.00119115 0.00162316 -0.00059746 0.0106405 -0.0103394 0.0139721 -0.00107608 -0.00102547 0.00160183 0.00792453 -0.000214626 -0.00421281
internal_weight=128190 84915 43275 83699 4286 1216 4170 38989 845 79529 4038 75901 38233 35707 17825 2187 57957 1584 32807 26430 6377 1249 756 851 17944 17904 2622 1378 25150 15638
internal_count=128190 84915 43275 83699 4286 1216 4170 38989 845 79529 4038 75901 38233 35707 17825 2187 57957 1584 32807 26430 6377 1249 756 851 17944 17904 2622 1378 25150 15638
cat_boundaries=0 1 2 3 4 5 6 7 8 9 10 11 12 13 14
cat_threshold=138680320 16480 1057796 4 32 134217728 4096 1 4096 2 17433098 384 65664 10245
is_linear=0
shrinkage=0.06


Tree=66
num_leaves=31
num_cat=15
split_feature=0 0 5 0 0 0 5 0 2 3 5 2 5 5 5 3 2 5 2 1 5 4 2 0 5 0 2 5 5 5
split_gain=115.117 93.7564 26.6199 21.6097 17.3004 16.8625 12.3341 12.0099 11.4317 13.3179 11.2273 10.2999 9.72685 8.60542 8.60207 8.15949 8.05368 8.04757 7.9261 7.47738 8.40379 8.6217 8.36923 9.78258 7.91663 7.61585 7.22956 8.6959 7.50492 21.5717
threshold=0 1 0.0015000000712461772 2 3 4 0.53550001978874218 5 6 1.5000000000000002 0.65650001168251049 7 0.66550001502037059 0.62350001931190502 0.0054999999701976785 3.5000000000000004 8 0.0025000000605359678 9 10 0.0054999999701976785 0.24450000375509265 11 12 0.021499999798834327 13 14 0.0084999999962747114 0.0075000002980232247 0.0065000001341104516
decision_type=9 9 2 9 9 9 2 9 1 2 2 1 2 2 2 2 1 2 1 9 2 2 1 9 2 9 1 2 2 2
left_child=2 4 5 10 6 11 -2 -4 -5 19 15 -1 -11 14 16 -3 17 -9 -16 -10 22 24 25 -24 26 -21 27 -22 29 -28
right_child=1 3 7 8 -6 -7 -8 13 9 12 -12 -13 -14 -15 18 -17 -18 -19 -20 20 21 -23 23 -25 -26 -27 28 -29 -30 -31
leaf_value=-0.052315621799791857 1.0658935756387364 0.19894406132150833 -0.031153601937364817 -0.010239030337394367 6.6426344423838533 -0.051990178820143243 4.6895913831651121 -0.037973877318176967 -0.0034531842045173989 0.069236449685612558 1.6634525934670796 -0.01810516246519496 0.30604395834706594 0.006293570822487311 -0.034027805234283656 3.5001528419484051 0.0014981904627901343 -0.0074610728363746753 -0.016086889916279892 0.11471824971161446 -0.053123616541599646 0.016447939313677579 -0.019960945093299234 -0.13889964330027665 -0.028488735427461335 -0.005736932282490414 0.016106957396860081 0.054208940388666027 0.056067672911511789 0.16769158737613921
leaf_weight=109 696 2702 756 18886 371 299 149 688 19614 3540 284 3878 472 2609 7636 44 5826 1111 21074 253 263 24507 234 125 1287 5027 1020 726 3348 656
leaf_count=109 696 2702 756 18886 371 299 149 688 19614 3540 284 3878 472 2609 7636 44 5826 1111 21074 253 263 24507 234 125 1287 5027 1020 726 3348 656
internal_value=-0.000495202 0.000804379 -0.00298254 0.000560977 0.0172757 -0.0074755 0.0121754 -0.00249824 0.000372149 0.000771095 0.00552632 -0.00638729 0.00411266 -0.00235046 -0.00259006 0.00436999 -0.000798689 -0.00429519 -0.00306583 0.000536278 0.00103321 0.00141195 -0.00110126 -0.0098374 0.00322192 -0.000487713 0.00413604 -0.000570571 0.00505364 0.00834129
internal_weight=128190 84204 43986 82988 1216 4286 845 39700 79958 61072 3030 3987 4012 38944 36335 2746 7625 1799 28710 57060 37446 31807 5639 359 7300 5280 6013 989 5024 1676
internal_count=128190 84204 43986 82988 1216 4286 845 39700 79958 61072 3030 3987 4012 38944 36335 2746 7625 1799 28710 57060 37446 31807 5639 359 7300 5280 6013 989 5024 1676
cat_boundaries=0 1 2 3 4 5 6 7 8 9 10 11 12 13 14 15
cat_threshold=138680328 16480 1056772 32 4096 134217728 1 10 2 1 112 12 2621456 268435968 2
is_linear=0
shrinkage=0.06


Tree=67
num_leaves=31
num_cat=14
split_feature=0 0 0 3 0 5 5 0 2 2 5 5 0 0 5 2 5 5 5 5 2 3 6 2 0 5 4 5 5 2
split_gain=102.311 88.5151 28.1804 19.4112 17.8368 16.6781 16.0246 15.8954 13.4471 11.3266 9.57787 9.15232 8.8249 8.73707 7.77212 10.8136 7.03129 6.51656 6.09291 6.01273 9.36642 5.45896 5.40902 5.32004 8.92171 17.4847 10.074 8.2354 18.7278 45.4293
threshold=0 1 2 1.5000000000000002 3 0.54350000619888317 0.0015000000712461772 4 5 6 0.0025000000605359678 0.54350000619888317 7 8 0.0025000000605359678 9 0.62350001931190502 0.69249999523162853 0.92849999666214 0.012500000186264517 10 3.5000000000000004 7.5000000000000009 11 12 0.0084999999962747114 0.26649999618530279 0.021499999798834327 0.017500000074505809 13
decision_type=9 9 9 2 9 2 2 9 1 1 2 2 9 9 2 1 2 2 2 2 1 2 2 1 9 2 2 2 2 1
left_child=2 6 5 4 10 -1 9 16 12 13 -3 -9 -8 -2 15 -10 21 19 22 -12 -21 -5 -6 24 25 -24 -27 28 -26 -30
right_child=1 3 -4 7 18 -7 8 11 14 -11 17 -13 -14 -15 -16 -17 -18 -19 -20 20 -22 -23 23 -25 27 26 -28 -29 29 -31
leaf_value=0.6035606198462915 -0.016418867594602576 -0.025081793786131748 6.2440763758408231 0.58413302229188924 0.09819067824638672 2.9879419384694779 -0.042183947010541088 0.023588669369808739 0.0074082647027473312 -0.043429305185425059 0.0017430638181376423 0.19798804386713995 -0.026350952918267348 -0.031116329531421093 -0.014710416955110403 -0.033639350557095715 2.8068268532526077 0.028634310254613202 0.094030927024074062 -0.032520996420627807 -0.0060336414740237744 3.2901436714315002 -0.063094765453455673 -0.00098960429706572471 0.011225833382091252 0.29941094839092358 0.15343184315568689 -0.013816615268941205 0.53131344325439722 0.051308551563583361
leaf_weight=1273 3804 1644 371 620 276 259 323 4740 2301 207 12021 884 5341 234 18866 491 91 2781 1104 8863 18735 44 643 17768 12800 516 1506 8413 329 942
leaf_count=1273 3804 1644 371 620 276 259 323 4740 2301 207 12021 884 5341 234 18866 491 91 2781 1104 8863 18735 44 643 17768 12800 516 1506 8413 329 942
internal_value=-0.000457758 -0.000666287 0.0133142 0.000250818 2.0036e-05 0.00957198 -0.00341736 0.00344725 -0.00288559 -0.00684806 -0.000834884 0.00233227 -0.00548819 -0.0060919 -0.0022014 0.000752149 0.0115686 -0.000660849 0.000870066 -0.000857922 -0.00134575 0.00957831 0.000757762 0.000703917 0.00126515 0.00454206 0.0072997 0.0008749 0.0017632 0.00870968
internal_weight=128190 126287 1903 94720 88341 1532 31567 6379 27322 4245 44044 5624 5664 4038 21658 2792 755 42400 44297 39619 27598 664 43193 42917 25149 2665 2022 22484 14071 1271
internal_count=128190 126287 1903 94720 88341 1532 31567 6379 27322 4245 44044 5624 5664 4038 21658 2792 755 42400 44297 39619 27598 664 43193 42917 25149 2665 2022 22484 14071 1271
cat_boundaries=0 1 2 3 4 5 6 7 8 9 10 11 12 13 14
cat_threshold=1065056 138678272 1048608 69864458 1028 1 4 134217728 4096 4 1 28 8592 16
is_linear=0
shrinkage=0.06


Tree=68
num_leaves=31
num_cat=13
split_feature=0 0 2 0 5 0 5 5 2 5 0 2 0 0 5 5 3 5 2 5 5 0 4 5 5 5 3 2 5 6
split_gain=98.3597 82.1585 20.7317 18.4978 18.3572 16.0378 14.2008 13.225 12.7076 11.8894 11.8175 10.3994 8.03448 7.92446 7.8127 7.65467 6.90371 6.36579 9.7877 5.84053 17.3158 28.2245 7.64426 5.88503 5.45603 5.97174 5.62232 5.39916 5.26806 5.01488
threshold=0 1 2 3 0.0015000000712461772 4 0.0015000000712461772 0.24350000172853473 5 0.53550001978874218 6 7 8 9 0.3275000005960465 0.99349999427795421 2.5000000000000004 0.0025000000605359678 10 0.0065000001341104516 0.0075000002980232247 11 0.21849999576807025 0.062500000000000014 0.0025000000605359678 0.0035000001080334191 1.5000000000000002 12 0.46750000119209295 16.500000000000004
decision_type=9 9 1 9 2 9 2 2 1 2 9 1 9 9 2 2 2 2 1 2 2 9 2 2 2 2 2 1 2 2
left_child=3 6 5 9 -4 7 11 16 13 -1 14 -2 -13 -8 -6 -7 -3 18 29 24 21 22 -21 -22 -12 -26 -27 -25 -19 -10
right_child=1 2 4 -5 10 15 8 -9 17 -11 19 12 -14 -15 -16 -17 -18 28 -20 20 23 -23 -24 27 25 26 -28 -29 -30 -31
leaf_value=0.96572632390963631 -0.046223556029572989 0.1464009227161992 -0.11287808697659443 5.8694317932903752 -0.010756710125727195 0.019322387993526816 -0.039652910189908644 0.90066432352849679 0.0009638031528579205 4.2289393838670364 0.10305743651380908 -0.015733728100266776 -0.030449377225356108 -0.024769895743171285 0.016025493403689025 0.28438726398971115 1.9698872147713142 -0.015780283895272404 -0.031620989523669998 0.1792307279858312 0.00062272865360355921 -0.011174979752878861 0.15806052869426154 0.038578773658636011 -0.044861662307206486 -0.0042496759045262062 -0.22677021542013989 0.0053112071028257896 0.0036098764778348521 0.017042582633950101
leaf_weight=696 174 2227 89 371 33088 10333 323 667 1447 149 60 3834 237 5341 6002 418 79 17175 491 449 20840 774 407 7187 365 5974 54 6394 1691 854
leaf_count=696 174 2227 89 371 33088 10333 323 667 1447 149 60 3834 237 5341 6002 418 79 17175 491 449 20840 774 407 7187 365 5974 54 6394 1691 854
internal_value=-0.000420782 -0.000584011 0.000293973 0.0164927 -6.86717e-05 0.00245085 -0.00323685 0.00634596 -0.00273626 0.0112632 -3.89735e-05 -0.00646643 -0.00580005 -0.00526613 -0.000791816 0.00136883 0.00421509 -0.00207126 0.000601719 0.000653432 0.000951153 0.00699387 0.0144111 0.000665001 -0.00100883 -0.00117785 -0.000726609 0.00163685 -0.00246793 0.00224578
internal_weight=128190 126974 95407 1216 81683 13724 31567 2973 27322 845 81594 4245 4071 5664 39090 10751 2306 21658 2792 42504 36051 1630 856 34421 6453 6393 6028 13581 18866 2301
internal_count=128190 126974 95407 1216 81683 13724 31567 2973 27322 845 81594 4245 4071 5664 39090 10751 2306 21658 2792 42504 36051 1630 856 34421 6453 6393 6028 13581 18866 2301
cat_boundaries=0 1 2 3 4 5 6 7 8 9 10 11 12 13
cat_threshold=16480 138678272 8 32 1049236 1 2755202 3 4096 134217728 4 65536 2
is_linear=0
shrinkage=0.06


Tree=69
num_leaves=31
num_cat=20
split_feature=0 0 1 0 5 5 3 5 0 0 2 2 5 3 5 5 0 3 0 0 2 0 0 2 0 0 2 0 2 5
split_gain=92.4278 74.1034 20.4171 18.6317 18.2451 17.6816 14.3541 13.4729 12.8241 12.1822 10.9897 9.8677 9.69948 8.2907 7.43898 28.1684 52.2603 8.30763 8.51666 8.05833 7.72198 8.80242 6.92817 14.0456 6.69132 6.64409 6.51123 6.58996 8.85178 15.6034
threshold=0 1 2 3 0.0015000000712461772 0.16149999946355822 1.5000000000000002 0.0015000000712461772 4 5 6 7 0.51250001788139354 3.5000000000000004 0.0065000001341104516 0.0084999999962747114 8 1.5000000000000002 9 10 11 12 13 14 15 16 17 18 19 0.011500000022351744
decision_type=9 9 9 9 2 2 2 2 9 9 1 1 2 2 2 2 9 2 9 9 1 9 9 1 9 9 1 9 1 2
left_child=3 7 4 12 -3 13 9 11 -6 -7 24 -2 -1 -4 20 16 -16 18 -17 -18 22 -22 -10 -24 -9 -13 -20 28 -28 -30
right_child=1 2 5 -5 8 6 -8 10 14 -11 -12 25 -14 -15 15 17 19 -19 26 -21 21 -23 23 -25 -26 -27 27 -29 29 -31
leaf_value=0.90296201248699381 -0.043450142667798612 -0.10610540175799872 0.016097737451172094 5.5172658856929546 -0.0098262158004019176 1.7296480665337208 1.0456152816652855 -0.037273735578514128 0.033868515475926342 0.10816649338762281 -0.010292251636417794 -0.014789704414250746 3.8768039729834514 1.4643275960760564 0.19832164666380925 -0.043847645573988597 0.05816809031215598 0.053171875884479504 0.24888286165775725 -0.03579160748728924 -0.02776950685940097 -0.11248324878320531 -0.0034113453034722596 -0.07776494041036279 -0.02328370199858101 -0.028622414591834761 0.17329224286459463 -0.0012779418378292462 -0.43525527653529078 0.12467874219978484
leaf_weight=687 174 89 13653 371 26754 321 427 323 960 5068 22369 3834 158 57 1570 3014 1019 5010 377 1109 817 260 6065 309 5341 237 1105 26019 125 568
leaf_count=687 174 89 13653 371 26754 321 427 323 960 5068 22369 3834 158 57 1570 3014 1019 5010 377 1109 817 260 6065 309 5341 237 1105 26019 125 568
internal_value=-0.00039223 -0.000550463 0.000295863 0.0160033 -0.000153232 0.00202396 0.00479711 -0.00303271 -0.000121069 0.00395806 -0.00255663 -0.00618375 0.0107719 0.000849015 0.000462379 0.000804189 0.00579232 0.000294881 -6.9213e-05 -0.000364827 -0.0011592 -0.00587856 -0.000457516 -0.00117481 -0.00491717 -0.00553541 0.000255283 0.000147698 0.00365044 -0.0016643
internal_weight=128190 126974 94696 1216 75170 19526 5816 32278 75081 5389 28033 4245 845 13710 48327 39916 3698 36218 31208 2128 8411 1077 7334 6374 5664 4071 28194 27817 1798 693
internal_count=128190 126974 94696 1216 75170 19526 5816 32278 75081 5389 28033 4245 845 13710 48327 39916 3698 36218 31208 2128 8411 1077 7334 6374 5664 4071 28194 27817 1798 693
cat_boundaries=0 1 2 3 4 5 6 7 8 9 10 11 12 13 14 15 16 17 18 19 20
cat_threshold=16480 138678280 9532 32 657920 1049088 1 3 65664 67108864 67108866 5 85983232 83886208 4 134217728 4096 8 256 4
is_linear=0
shrinkage=0.06


Tree=70
num_leaves=31
num_cat=15
split_feature=0 0 0 0 5 5 3 5 2 2 5 2 5 0 6 5 0 2 4 5 0 3 0 0 3 5 2 0 5 5
split_gain=84.4704 65.5506 19.4833 18.2058 19.5082 16.7518 11.5802 10.7942 10.1161 9.73394 9.3539 9.11241 9.87146 12.8673 9.64152 9.49836 40.6879 14.9024 10.017 7.85995 6.52212 6.50309 6.20156 5.90938 7.86715 5.69232 8.89917 5.19272 11.5501 9.57337
threshold=0 1 2 3 0.0015000000712461772 0.91550001502037059 3.5000000000000004 0.0015000000712461772 4 5 0.61550000309944164 6 0.0065000001341104516 7 10.500000000000002 0.0075000002980232247 8 9 0.23149999976158145 0.92849999666214 10 1.5000000000000002 11 12 1.5000000000000002 0.0025000000605359678 13 14 0.0084999999962747114 0.015500000212341549
decision_type=9 9 9 9 2 2 2 2 1 1 2 1 2 9 2 2 9 1 2 2 9 2 9 9 2 2 1 9 2 2
left_child=2 7 10 5 -5 6 -3 8 -2 20 -1 14 13 -13 -6 16 17 18 -14 21 -9 27 -10 24 -19 26 -11 28 -17 -30
right_child=1 3 -4 4 11 -7 -8 9 22 25 -12 12 15 -15 -16 19 -18 23 -20 -21 -22 -23 -24 -25 -26 -27 -28 -29 29 -31
leaf_value=0.89138377904246335 -0.040843134107730703 0.10400789013934854 5.1862299325513774 -0.098474837622954073 0.010651622938822491 1.2434707087055425 1.4420825310086776 -0.021963273822290359 -0.013902322149395694 0.0069235192171449352 3.8910933176122566 -0.12550336931955083 0.1592033401423896 -0.0058830167397126943 -0.017346719661021411 -0.083204019016096989 -0.047400121667325018 0.12067791334069213 0.13315243895713563 0.07634434762596147 -0.035037311443803267 0.064671126182032163 -0.02690506971632466 -0.11307622975239155 -0.22503197816855475 -0.012674699372095012 -0.029130323254612733 0.00023687319681677365 0.11370797195057676 0.030544793953625343
leaf_weight=715 174 6181 371 93 5184 335 79 5314 3834 2295 130 194 547 10221 18515 362 818 141 636 1995 323 3061 233 245 46 18575 479 40658 1703 4733
leaf_count=715 174 6181 371 93 5184 335 79 5314 3834 2295 130 194 547 10221 18515 362 818 141 636 1995 323 3061 233 245 46 18575 479 40658 1703 4733
internal_value=-0.000355722 -0.000506993 0.0153181 0.000271625 4.64323e-05 0.00331113 0.00261661 -0.00289368 -0.00570856 -0.00245238 0.01 7.51187e-05 0.000440569 -0.001253 -0.000932557 0.000761671 0.00442663 0.00991385 0.0134032 0.000591865 -0.00466974 0.000445988 -0.00505519 0.000271493 0.00807107 -0.00186385 0.000670512 0.000273095 0.0018067 0.0023959
internal_weight=128190 126974 1216 95747 89152 6595 6260 31227 4241 26986 845 89059 65360 10415 23699 54945 2433 1615 1183 52512 5637 50517 4067 432 187 21349 2774 47456 6798 6436
internal_count=128190 126974 1216 95747 89152 6595 6260 31227 4241 26986 845 89059 65360 10415 23699 54945 2433 1615 1183 52512 5637 50517 4067 432 187 21349 2774 47456 6798 6436
cat_boundaries=0 1 2 3 4 5 6 7 8 9 10 11 12 13 14 15
cat_threshold=16480 134483968 32 806364164 3 1 1 384 67176579 12 266240 4096 67108992 4 2147484049
is_linear=0
shrinkage=0.06


Tree=71
num_leaves=31
num_cat=17
split_feature=0 0 0 3 5 2 5 0 2 5 1 4 0 5 0 3 0 5 2 0 5 0 1 5 5 0 5 0 0 5
split_gain=77.4958 58.7853 19.0354 17.2738 16.5888 14.9796 13.1695 17.6188 12.9079 9.48897 7.99077 7.49761 7.39589 7.38649 9.87381 7.04542 6.50057 6.40434 6.56503 6.38273 6.52993 16.0166 6.77791 10.7067 8.36479 8.18029 7.62577 8.46097 6.00119 11.0561
threshold=0 1 2 3.5000000000000004 0.0015000000712461772 3 0.13550000637769702 4 5 0.61550000309944164 6 0.38850000500679022 7 0.33750000596046453 8 1.5000000000000002 9 0.0054999999701976785 10 11 0.0054999999701976785 12 13 0.011500000022351744 0.01049999985843897 14 0.0084999999962747114 15 16 0.0094999996945261973
decision_type=9 9 9 2 2 1 2 9 1 2 9 2 9 2 9 2 9 2 1 9 2 9 9 2 2 9 2 9 9 2
left_child=2 4 9 6 5 -2 8 10 11 -1 -8 28 -12 14 -6 -14 -7 -16 -19 20 21 -10 24 26 25 -22 27 -24 29 -3
right_child=1 3 -4 -5 13 16 7 -9 19 -11 12 -13 15 -15 17 -17 -18 18 -20 -21 22 -23 23 -25 -26 -27 -28 -29 -30 -31
leaf_value=0.83790075229991423 -0.052539917356781859 -0.00066928623777197773 4.8750561365982978 1.9630731737858973 -0.029303918431858235 -0.013068182820431939 -0.10886279446657635 0.013068393461950673 -0.10786975037003006 3.6576277185555202 1.6196287091333339 -0.0045046936395721103 0.14099850590844026 0.0011883499065852554 -0.0018919125352489629 0.80768788967399074 -0.025290765533345194 -0.029008163111346512 -0.012568509800540983 -0.0014282214306672713 -0.50849964710037099 -0.016132841785590202 0.21795748258239775 -0.045137777881847113 -0.017584363598875042 -0.050392951881299906 0.23123601774724914 -0.0084582728495369245 0.013394468992747441 0.29464390970135268
leaf_weight=715 215 822 371 94 608 3834 140 18280 280 130 367 11530 1949 5196 7625 426 237 6791 19480 15596 110 833 155 3641 6434 716 618 782 19338 877
leaf_count=715 215 822 371 94 608 3834 140 18280 280 130 367 11530 1949 5196 7625 426 237 6791 19480 15596 110 833 155 3641 6434 716 618 782 19338 877
internal_value=-0.000330915 -0.000475808 0.0146819 0.000464108 -0.00224884 -0.00579561 0.000435013 0.00172668 -7.77555e-06 0.0094386 0.00607884 0.00081315 0.00680233 -0.0018665 -0.00218409 0.00552201 -0.00493261 -0.00204566 -0.00249058 -0.000924422 -0.00187569 -0.00628032 -0.00148362 0.000172877 -0.00266575 -0.00835351 0.00434084 0.000928495 0.00148738 0.0048976
internal_weight=128190 126974 1216 82988 43986 4286 82894 21162 61732 845 2882 32567 2742 39700 34504 2375 4071 33896 26271 29165 13569 1113 12456 5196 7260 826 1555 937 21037 1699
internal_count=128190 126974 1216 82988 43986 4286 82894 21162 61732 845 2882 32567 2742 39700 34504 2375 4071 33896 26271 29165 13569 1113 12456 5196 7260 826 1555 937 21037 1699
cat_boundaries=0 1 2 3 4 5 6 7 8 9 10 11 12 13 14 15 16 17
cat_threshold=16480 138680328 32 3 2953848340 28 1024 1049088 134217728 4096 1 590738 65666 1058 256 128 1049488
is_linear=0
shrinkage=0.06


Tree=72
num_leaves=31
num_cat=15
split_feature=0 0 0 3 5 2 5 0 5 1 5 0 0 5 0 0 3 6 5 2 4 5 2 5 0 0 5 5 2 5
split_gain=71.7028 51.3294 17.7016 17.3039 14.2068 14.7758 11.7223 11.2274 9.3539 8.92243 8.17816 7.03868 6.74805 6.56125 6.35641 6.08674 5.59459 5.54012 5.1607 11.3347 9.42489 12.3586 20.8278 15.7269 7.47895 6.75415 5.15497 4.9879 4.59073 4.40572
threshold=0 1 2 3.5000000000000004 0.0015000000712461772 3 0.84950000047683727 4 0.61550000309944164 5 0.0015000000712461772 6 7 0.94249999523162853 8 9 1.5000000000000002 17.500000000000004 0.0054999999701976785 10 0.17449999600648883 0.0084999999962747114 11 0.0065000001341104516 12 13 0.20949999988079074 0.11950000002980234 14 0.0054999999701976785
decision_type=9 9 9 2 2 1 2 9 2 9 2 9 9 2 9 9 2 2 2 1 2 2 1 2 9 9 2 2 1 2
left_child=2 4 8 6 5 -2 9 -8 -1 10 -3 26 27 29 -12 -7 18 -16 19 -14 21 22 23 -20 -21 -23 -6 -11 -9 -13
right_child=1 3 -4 -5 11 15 7 28 -10 12 14 13 16 -15 17 -17 -18 -19 20 24 -22 25 -24 -25 -26 -27 -28 -29 -30 -31
leaf_value=0.78762670716192018 -0.049387522315374938 -0.11596261631580163 4.5825527684023974 1.8452887833587432 -0.029914523278584005 -0.012284091851206007 1.2782760412719063 0.081383091750267769 3.4381700554421877 0.096843284213061334 -0.012536173038657594 -0.0017783977831339825 -0.0019330191575838995 0.02201826677434255 -0.0022588523747391421 -0.023773319601344482 0.30163339920360782 0.017997876115584611 0.02299584263599545 -0.022357346540662987 0.01368932352176614 0.16728783958376831 -0.061039186618724803 0.18082337533995477 -0.13432457588143379 -0.017762929925565912 0.00023297821637950021 1.3503391924186063 -0.0091798178237895902 -0.014348843822316652
leaf_weight=715 215 48 371 94 528 3834 273 2016 130 388 9841 7625 4761 1059 30816 237 973 7426 590 233 21543 366 148 579 140 1433 228 321 999 30260
leaf_count=715 215 48 371 94 528 3834 273 2016 130 388 9841 7625 4761 1059 30816 237 973 7426 590 233 21543 366 148 579 140 1433 228 321 999 30260
internal_value=-0.000297215 -0.00043659 0.0141436 0.000441697 -0.00209337 -0.00537564 0.000412575 0.00392336 0.00908772 0.000267568 -0.000246152 -0.00173955 0.00105288 -0.00162653 -0.000221492 -0.00452095 0.000918248 0.000128621 0.000772329 -0.000958317 0.00113265 0.00421694 0.00863326 0.0112723 -0.0108877 0.00098388 -0.00744125 0.00680111 0.00282645 -0.00175716
internal_weight=128190 126974 1216 82988 43986 4286 82894 3288 845 79606 48131 39700 31475 38944 48083 4071 30766 38242 29793 5134 24659 3116 1317 1169 373 1799 756 709 3015 37885
internal_count=128190 126974 1216 82988 43986 4286 82894 3288 845 79606 48131 39700 31475 38944 48083 4071 30766 38242 29793 5134 24659 3116 1317 1169 373 1799 756 709 3015 37885
cat_boundaries=0 1 2 3 4 5 6 7 8 9 10 11 12 13 14 15
cat_threshold=16480 138680328 32 3 537920516 1086 134217728 1049088 524800 4096 12 5 524288 524289 10
is_linear=0
shrinkage=0.06


Tree=73
num_leaves=31
num_cat=15
split_feature=0 0 0 3 5 2 5 0 0 5 5 2 2 5 6 1 5 5 5 0 0 5 5 5 5 0 4 0 0 0
split_gain=64.0453 47.5522 17.785 14.2784 12.5807 11.0448 15.2364 9.88412 9.23924 8.1389 7.9911 8.02656 7.69673 6.42412 7.19458 6.35095 6.45262 5.9252 12.179 42.1099 21.6798 13.1424 11.9647 7.95884 20.9544 26.8296 10.1103 5.81778 5.77051 5.72447
threshold=0 1 2 3.5000000000000004 0.7514999806880952 3 0.0015000000712461772 4 5 0.53550001978874218 0.0015000000712461772 6 7 0.13550000637769702 10.500000000000002 8 0.085500001907348647 0.021499999798834327 0.016500000841915611 9 10 0.017500000074505809 0.01350000035017729 0.0065000001341104516 0.0075000002980232247 11 0.21849999576807025 12 13 14
decision_type=9 9 9 2 2 1 2 9 9 2 2 1 1 2 2 9 2 2 2 9 9 2 2 2 2 9 2 9 9 9
left_child=2 10 9 4 5 8 -7 -6 15 -1 12 28 -2 14 -8 16 -3 18 20 21 22 -20 -10 -22 25 26 -25 -16 -12 -19
right_child=1 3 -4 -5 7 6 13 -9 17 -11 11 -13 -14 -15 27 -17 -18 29 19 -21 23 -23 -24 24 -26 -27 -28 -29 -30 -31
leaf_value=0.70259034941558351 -0.032276899680937415 0.085866789097664264 4.3075996022982554 1.734571456357219 0.94269500983383969 -0.084377767858651823 0.005441355925228244 0.040296291030145995 -0.38083059061931196 3.2015795591469032 -0.01841080963980108 -0.007899178481216183 -0.012447052634384139 0.0058368876856304654 -0.0042850992265022819 0.067938842511749156 0.68965008822000506 -0.094109905938865659 0.070281404320417379 -0.002682503703379524 -0.0017452289766843876 0.46775469154827692 -0.043784255466612479 0.15084390242560161 0.015305424755931865 -0.030241015585332497 0.1334797564908444 -0.021008738310738122 -0.029878243606491779 -0.0027820379616629864
leaf_weight=696 174 338 371 94 325 82 7754 4505 164 149 5314 21349 4067 15466 12094 5184 161 1020 388 1765 8311 424 1054 462 6823 442 611 17484 323 10796
leaf_count=696 174 338 371 94 325 82 7754 4505 164 149 5314 21349 4067 15466 12094 5184 161 1020 388 1765 8311 424 1054 462 6823 442 611 17484 323 10796
internal_value=-0.000287386 -0.000419108 0.0133605 0.000244055 0.000221112 6.24291e-05 -0.000498015 0.00320497 0.000843412 0.00831579 -0.0024519 -0.00207219 -0.00487385 -0.000457972 -0.00088396 0.00307219 0.00948919 0.000449954 0.00106828 0.00492433 0.000512117 0.0161314 -0.00718241 0.0010787 0.00238906 0.00877228 0.0138227 -0.00131043 -0.00408536 -0.000619499
internal_weight=128190 126974 1216 95747 95653 90823 52880 4830 37943 845 31227 26986 4241 52798 37332 5683 499 32260 20444 2577 17867 812 1218 16649 8338 1515 1073 29578 5637 11816
internal_count=128190 126974 1216 95747 95653 90823 52880 4830 37943 845 31227 26986 4241 52798 37332 5683 499 32260 20444 2577 17867 812 1218 16649 8338 1515 1073 29578 5637 11816
cat_boundaries=0 1 2 3 4 5 6 7 8 9 10 11 12 13 14 15
cat_threshold=16480 134483968 32 28 537920516 269493140 1 3 2052 1107820544 1107329024 65538 2235727872 266240 1073774600
is_linear=0
shrinkage=0.06


Tree=74
num_leaves=31
num_cat=18
split_feature=0 0 0 1 5 3 0 5 5 5 2 2 5 0 0 0 5 2 3 2 5 2 5 2 5 0 4 0 0 2
split_gain=60.121 42.2651 17.5583 13.1195 17.2806 13.4525 9.19284 9.16509 8.07806 7.16076 9.33297 7.08633 6.98736 6.01249 5.62218 5.08888 4.96444 8.63157 4.96082 4.95362 4.91297 9.94657 8.44037 43.8592 26.8042 11.1314 9.85086 8.80113 7.1676 6.83676
threshold=0 1 2 3 0.0015000000712461772 1.5000000000000002 4 0.26350000500679022 0.53550001978874218 0.0015000000712461772 5 6 0.14150000363588336 7 8 9 0.0025000000605359678 10 2.5000000000000004 11 0.0054999999701976785 12 0.0084999999962747114 13 0.0065000001341104516 14 0.24149999767541888 15 16 17
decision_type=9 9 9 9 2 2 9 2 2 2 1 1 2 9 9 9 2 1 2 1 2 1 2 1 2 9 2 9 9 1
left_child=2 9 8 4 -3 6 12 15 -1 10 -2 14 -5 -6 -11 18 17 -13 -7 -15 21 -8 23 24 -22 29 -26 -24 -23 -25
right_child=1 3 -4 5 13 7 20 -9 -10 11 -12 16 -14 19 -16 -17 -18 -19 -20 -21 22 28 27 25 26 -27 -28 -29 -30 -31
leaf_value=0.66043492845064911 -0.035562524823924677 -0.081388034913728396 4.0491436261603573 0.11847774961461141 -0.0079117404951806417 0.34945517243759694 -0.001036601900749261 1.0851198241436941 3.009484785598088 -0.017306161061413004 -0.011700229476321109 0.0072022773920922484 1.457138268664097 0.11384420156098225 -0.028085548990102287 -0.077048710859322106 -0.0098252254835248815 -0.026688334531359992 1.8215096415871186 0.0022705425890440977 0.0059118618695569577 -0.020780044290660982 0.050421672460671085 -0.045459081366377628 0.16073664415093461 0.13565683444312412 0.1070545931186605 -0.010179134780767497 -0.12500457702990359 -0.097645217416200261
leaf_weight=696 118 93 371 419 27090 463 4969 315 149 5314 4123 2295 356 494 323 288 18575 479 79 33456 1505 282 11842 401 906 182 732 11437 140 298
leaf_count=696 118 93 371 419 27090 463 4969 315 149 5314 4123 2295 356 494 323 288 18575 479 79 33456 1505 282 11842 401 906 182 732 11437 140 298
internal_value=-0.000254154 -0.00038178 0.012969 0.000243429 -0.000285069 0.00117664 0.0009582 0.00757205 0.00796491 -0.00229824 -0.0045909 -0.00193878 0.0073758 -0.00024574 -0.00383035 0.00426506 -0.00143687 0.000930065 0.0076087 0.000286219 0.000803571 -0.000851419 0.00113064 0.00366799 0.00697431 -0.00811448 0.0123077 0.00069204 -0.00958333 -0.0115515
internal_weight=128190 126974 1216 95747 61133 34614 33469 1145 845 31227 4241 26986 775 61040 5637 830 21349 2774 542 33950 32694 5391 27303 4024 3143 881 1638 23279 422 699
internal_count=128190 126974 1216 95747 61133 34614 33469 1145 845 31227 4241 26986 775 61040 5637 830 21349 2774 542 33950 32694 5391 27303 4024 3143 881 1638 23279 422 699
cat_boundaries=0 1 2 3 4 5 6 7 8 9 10 11 12 13 14 15 16 17 18
cat_threshold=16480 134483968 32 1340 1049088 10 1 4852224 266240 1028 4 8 12 5 622593 2181603333 524304 8
is_linear=0
shrinkage=0.06


Tree=75
num_leaves=31
num_cat=14
split_feature=0 0 0 3 5 2 5 0 5 1 0 5 5 5 0 6 5 2 4 5 2 5 0 0 2 4 0 6 3 5
split_gain=55.5035 36.8617 16.1141 11.1708 10.0823 10.9667 9.28966 8.15237 7.27264 7.1742 6.03043 5.62802 5.59782 5.41878 5.25444 4.81743 4.32752 9.47577 8.83519 12.0857 16.414 15.3653 7.57926 6.47882 4.19221 4.03989 4.01244 3.8917 3.85834 4.34464
threshold=0 1 2 3.5000000000000004 0.0015000000712461772 3 0.84950000047683727 4 0.60749998688697826 5 6 0.20949999988079074 0.94249999523162853 0.0015000000712461772 7 7.5000000000000009 0.0054999999701976785 8 0.17449999600648883 0.0084999999962747114 9 0.0065000001341104516 10 11 12 0.30349999666213995 13 18.500000000000004 1.5000000000000002 0.10750000178813936
decision_type=9 9 9 2 2 1 2 9 2 9 9 2 2 2 9 2 2 1 2 2 1 2 9 9 1 2 9 2 2 2
left_child=2 4 8 6 5 -2 9 -8 -1 13 11 -6 -12 -3 15 -11 17 -16 19 20 21 -18 -21 -19 -9 -5 -15 -28 -20 -30
right_child=1 3 -4 25 10 -7 7 24 -10 14 12 -13 -14 26 16 -17 18 23 28 22 -22 -23 -24 -25 -26 -27 27 -29 29 -31
leaf_value=0.63158685563835881 -0.039953907794979086 -0.080919635685258895 3.8061950085907368 0.09979019926116961 -0.026400416050696159 -0.010998215707741855 1.1246644224585838 0.071453249841790689 2.8184164308840809 37.983198115636647 -0.0092637244532538781 0.0016591042433352675 0.021292599250459253 -0.010880390737453992 -0.00045010068966249149 0.3295593481144084 0.021682813240185936 -0.019533241633221364 0.011184387376921307 0.12383718894888332 -0.048976340894537382 0.15442048145058465 -0.022404855124732847 -0.11750430240810927 -0.011683014303743989 1.9322902611179722 -0.0017694961134512254 0.018457118294783328 0.0031750082231826581 0.35405394625101733
leaf_weight=711 215 52 371 32 528 4067 273 2017 134 29 37550 228 1058 9841 4920 680 590 282 24519 510 153 581 1487 140 999 62 30453 4917 390 401
leaf_count=711 215 52 371 32 528 4067 273 2017 134 29 37550 228 1058 9841 4920 680 590 282 24519 510 153 581 1487 140 999 62 30453 4917 390 401
internal_value=-0.000225603 -0.000348233 0.0124796 0.000391658 -0.00176058 -0.00452592 0.000368359 0.00349346 0.00768421 0.00023979 -0.00146022 -0.00673629 -0.00135481 -0.00025777 0.000888966 0.00596662 0.000781273 -0.000786222 0.00107401 0.00398374 0.008429 0.0107959 0.00103655 -0.00930556 0.00255783 0.0210638 -0.000235562 6.27473e-05 0.000692217 0.00481669
internal_weight=128190 126974 1216 83328 43646 4282 83234 3289 845 79945 39364 756 38608 45263 34682 709 33973 5342 28631 3321 1324 1171 1997 422 3016 94 45211 35370 25310 791
internal_count=128190 126974 1216 83328 43646 4282 83234 3289 845 79945 39364 756 38608 45263 34682 709 33973 5342 28631 3321 1324 1171 1997 422 3016 94 45211 35370 25310 791
cat_boundaries=0 1 2 3 4 5 6 7 8 9 10 11 12 13 14
cat_threshold=16480 134486024 32 3 537920516 1076 134217728 1049088 12 5 1074267137 524304 10 524800
is_linear=0
shrinkage=0.06


Tree=76
num_leaves=31
num_cat=15
split_feature=0 0 0 3 5 0 2 5 2 1 5 0 6 4 5 5 0 0 0 4 5 0 5 5 0 0 5 5 4 0
split_gain=49.5163 32.1616 14.3877 11.195 8.73081 13.0135 9.6416 8.65833 9.74377 7.37544 6.83588 6.07595 6.04944 5.89326 6.09068 21.1168 31.0197 10.8016 6.4703 6.11468 5.51519 5.07818 4.71851 4.64956 4.63421 4.50993 4.47702 4.20146 4.03989 4.01066
threshold=0 1 2 3.5000000000000004 0.13550000637769702 3 4 0.0015000000712461772 5 6 0.3184999972581864 7 8.5000000000000018 0.38850000500679022 0.0065000001341104516 0.0075000002980232247 8 9 10 0.21849999576807025 0.20949999988079074 11 0.99950000643730175 0.94249999523162853 12 13 0.0084999999962747114 0.01350000035017729 0.30349999666213995 14
decision_type=9 9 9 2 2 9 1 2 1 9 2 9 2 2 2 2 9 9 9 2 2 9 2 2 9 9 2 2 2 9
left_child=2 7 10 4 6 9 13 8 -2 -6 -1 20 -11 14 18 16 19 26 -3 -16 -9 -20 -14 -13 -7 -8 -17 -28 -5 -15
right_child=1 3 -4 28 5 24 25 11 -10 12 -12 23 22 29 15 17 -18 -19 21 -21 -22 -23 -24 -25 -26 -27 27 -29 -30 -31
leaf_value=0.38669274293286887 -0.037556673327280327 -0.11202308877675421 3.5778233080752919 0.093802787305498889 -0.10183532390377731 -0.059271179278324121 -0.01709635105292932 -0.024816391087654405 -0.010338322765277325 36.691761169116631 2.266210859093535 -0.0087079009860586611 0.19671402816021355 -0.021549195244347601 0.12958086405690686 -0.019454028218788295 -0.027845680453694645 0.0095435518922580079 0.093632681229879888 0.13280832893196873 0.0015595579887351717 -0.00086636343505972489 0.76783555711466656 0.020015043295431665 0.012943600077516564 -0.0013274229935446513 0.16176461559552763 0.070821896239409557 1.8163528454508924 0.0068769642012754774
leaf_weight=603 215 135 371 32 140 318 13433 528 4067 52 242 37550 1997 6193 462 264 473 10567 209 440 228 7319 298 1058 18380 15788 707 675 62 5384
leaf_count=603 215 135 371 32 140 318 13433 528 4067 52 242 37550 1997 6193 462 264 473 10567 209 440 228 7319 298 1058 18380 15788 707 675 62 5384
internal_value=-0.000205944 -0.000321773 0.0117945 0.000369339 0.000346012 0.00139769 -1.30542e-05 -0.00164101 -0.00420364 0.00546656 0.00726316 -0.00136267 0.00627493 0.00069249 0.00128606 0.00204887 0.00909818 0.00125522 -6.65536e-05 0.0155263 -0.00665796 0.000175113 0.00584314 -0.00125693 0.000853111 -0.000805652 0.00576087 0.00716353 0.0210638 -0.000396476
internal_weight=128190 126974 1216 83328 83234 21185 62049 43646 4282 2487 845 39364 2347 32828 21251 13588 1375 12213 7663 902 756 7528 2295 38608 18698 29221 1646 1382 94 11577
internal_count=128190 126974 1216 83328 83234 21185 62049 43646 4282 2487 845 39364 2347 32828 21251 13588 1375 12213 7663 902 756 7528 2295 38608 18698 29221 1646 1382 94 11577
cat_boundaries=0 1 2 3 4 5 6 7 8 9 10 11 12 13 14 15
cat_threshold=16480 134486024 32 2416977428 28 3 1024 134217728 65538 4718992 4194561 268435968 1080033280 2148008850 2688648962
is_linear=0
shrinkage=0.06


Tree=77
num_leaves=31
num_cat=15
split_feature=0 0 0 5 1 5 0 3 5 0 3 0 5 2 5 0 5 2 6 4 5 5 1 2 0 2 4 0 5 5
split_gain=48.1634 27.7274 13.8954 10.5636 9.54493 14.7006 7.55135 7.20775 6.55487 5.89747 5.7436 5.39612 6.70284 4.96059 5.88847 5.52273 4.803 8.92416 4.4183 4.2248 8.3549 18.0682 25.032 9.66812 11.8028 8.70515 7.00282 4.72057 4.61882 5.64618
threshold=0 1 2 0.98550000786781322 3 0.0015000000712461772 4 1.5000000000000002 0.3184999972581864 5 3.5000000000000004 6 0.10350000113248826 7 0.0015000000712461772 8 0.0025000000605359678 9 17.500000000000004 0.40250000357627874 0.0065000001341104516 0.0075000002980232247 10 11 12 13 0.21849999576807025 14 0.17549999803304675 0.01350000035017729
decision_type=9 9 9 2 9 2 9 2 2 9 2 9 2 1 2 9 2 1 2 2 2 2 9 1 9 1 2 9 2 2
left_child=2 13 8 4 5 -3 -5 11 -1 10 -9 12 -6 15 -15 -2 17 18 -16 20 23 22 -22 -13 -25 26 -24 28 29 -23
right_child=1 3 -4 6 7 -7 -8 9 -10 -11 -12 19 -14 14 16 -17 -18 -19 -20 -21 21 27 25 24 -26 -27 -28 -29 -30 -31
leaf_value=0.36349117835689526 -0.015035606681375019 -0.070077952538423985 3.3631539095907761 1.2016715660750623 0.045953836335895344 -0.0031152583391842012 0.047998116638523242 0.4830809918008131 2.1302382075479205 -0.017128204027493439 2.1593914575055329 0.0013489728483051522 0.81979983804994561 -0.010318008522041336 0.0030484428525621252 -0.023327407622395151 -0.0082073441379857566 -0.024308715189345305 0.020083670307329448 -0.005583789540700863 -0.03118153670656781 0.12669939444771317 0.11824896958615071 -0.0033879028917072063 -0.1086181210387258 -0.014159667813249613 0.1166595009336337 0.013437669013143463 0.24885788168436185 0.030200890047944282
leaf_weight=603 5400 93 371 216 426 58190 2207 662 242 363 44 5450 328 4154 1620 324 19285 480 675 12236 229 840 428 368 248 112 322 10097 314 1863
leaf_count=603 5400 93 371 216 426 58190 2207 662 242 363 44 5450 328 4154 1620 324 19285 480 675 12236 229 840 428 368 248 112 322 10097 314 1863
internal_value=-0.00018769 -0.000301928 0.0116476 0.000212108 0.000109812 -0.000357676 0.00412299 0.00090332 0.00719298 0.00575304 0.00888268 0.000747723 0.00573298 -0.0018311 -0.00148032 -0.00343216 -0.00109066 0.00124324 0.00279826 0.000630132 0.00116176 0.00195776 0.00937672 -0.000702275 -0.00776358 0.0139679 0.0163421 0.00134055 0.00341923 0.00263041
internal_weight=128190 126974 1216 95036 92613 58283 2423 34330 845 1069 706 33261 754 31938 26214 5724 22060 2775 2295 32507 20271 14205 1091 6066 616 862 750 13114 3017 2703
internal_count=128190 126974 1216 95036 92613 58283 2423 34330 845 1069 706 33261 754 31938 26214 5724 22060 2775 2295 32507 20271 14205 1091 6066 616 862 750 13114 3017 2703
cat_boundaries=0 1 2 3 4 5 6 7 8 9 10 11 12 13 14 15
cat_threshold=16480 134483976 32 1334 537920516 1028 8704 1 266240 4 1 12 524288 5 538443776
is_linear=0
shrinkage=0.06


Tree=78
num_leaves=31
num_cat=16
split_feature=0 0 0 3 0 5 1 0 5 5 5 0 5 0 0 5 3 5 2 5 2 5 0 2 4 1 2 0 5 6
split_gain=43.02 25.5525 13.051 8.64319 12.3255 7.86019 7.75377 7.74852 7.24689 6.83651 6.55672 6.10658 5.76407 7.4281 5.33554 5.42333 5.01057 4.4433 7.77673 6.75572 40.181 23.1089 11.6013 7.95949 7.07654 5.87179 5.01986 4.90725 4.18578 4.18346
threshold=0 1 2 1.5000000000000002 3 0.55950000882148754 4 5 0.14150000363588336 0.63150000572204601 0.3184999972581864 6 0.0015000000712461772 7 8 0.17549999803304675 3.5000000000000004 0.0054999999701976785 9 0.0084999999962747114 10 0.0065000001341104516 11 12 0.24149999767541888 13 14 15 0.13149999827146533 17.500000000000004
decision_type=9 9 9 2 9 2 9 9 2 2 2 9 2 9 9 2 2 2 1 2 1 2 9 1 2 9 1 9 2 2
left_child=2 12 10 6 9 29 11 8 -8 16 -1 -3 13 -2 15 -14 -5 18 -9 20 21 -19 24 -21 -23 26 -22 -20 -4 -6
right_child=1 3 28 4 5 -7 7 17 -10 -11 -12 -13 14 -15 -16 -17 -18 19 27 23 25 22 -24 -25 -26 -27 -28 -29 -30 -31
leaf_value=0.34168170765547984 -0.032198798090416855 -0.012912032649725232 1.2956646017731417 0.35287087025035363 -0.003179034119498709 0.18094813100633017 0.089210857234460261 -0.0014109548039314035 1.3194953028400453 2.2090181697636502 2.0024239150950462 0.001280040116724308 -0.022590746578268595 -0.0084989291551280204 -0.0070649886571948527 0.0013007649360016504 2.0298279700552007 0.005084358414237755 -0.017132191898549962 0.053422189441618785 -0.042356807615405639 0.15430011614594313 -0.0014721292597523927 -0.010982340748031873 0.12546224722088198 0.14740388555642767 -0.091118719263758863 -0.10385731162168653 4.4382301313460397 0.096609212172650699
leaf_weight=603 291 15047 156 626 3954 853 419 4538 356 85 242 29677 506 3995 38944 250 44 1505 282 11190 402 780 267 10993 591 124 298 140 215 817
leaf_count=603 291 15047 156 626 3954 853 419 4538 356 85 242 29677 506 3995 38944 250 44 1505 282 11190 402 780 267 10993 591 124 298 140 215 817
internal_value=-0.000174117 -0.000282083 0.0110114 0.000337598 0.00245963 0.0014803 0.000160947 0.000875686 0.00676433 0.00960784 0.00670175 -0.000348728 -0.00145104 -0.00354176 -0.00122569 -0.00618799 0.00770149 0.000726864 -0.000919355 0.00103939 0.00331989 0.00640343 0.0113553 0.000631565 0.0135337 -0.00841727 -0.0105634 -0.00861111 0.0203937 0.000534479
internal_weight=128190 126974 1216 82988 6379 5624 76609 31885 775 755 845 44724 43986 4286 39700 756 670 31110 4960 26150 3967 3143 1638 22183 1371 824 700 422 371 4771
internal_count=128190 126974 1216 82988 6379 5624 76609 31885 775 755 845 44724 43986 4286 39700 756 670 31110 4960 26150 3967 3143 1638 22183 1371 824 700 422 371 4771
cat_boundaries=0 1 2 3 4 5 6 7 8 9 10 11 12 13 14 15 16
cat_threshold=16480 138680328 32 1028 1148 1049088 67634688 264192 134217728 12 5 65536 10 10241 8 524304
is_linear=0
shrinkage=0.06


Tree=79
num_leaves=31
num_cat=14
split_feature=0 0 0 3 5 0 5 5 0 2 3 5 4 0 5 0 5 2 2 4 0 5 5 5 0 2 2 6 5 4
split_gain=37.8065 22.1332 11.5021 8.05727 6.82278 7.81212 6.06676 5.5749 6.36019 5.09353 5.58687 6.20261 4.48451 4.14074 4.11737 6.629 5.77196 5.20032 4.84808 6.70492 5.68836 9.55525 4.92484 4.03393 7.23263 3.98998 3.82757 3.67155 3.6573 3.56893
threshold=0 1 2 3.5000000000000004 0.84950000047683727 3 0.3184999972581864 0.33750000596046453 4 5 1.5000000000000002 0.7514999806880952 0.33650000393390661 6 0.0015000000712461772 7 0.0054999999701976785 8 9 0.23449999839067462 10 0.0025000000605359678 0.0025000000605359678 0.0084999999962747114 11 12 13 14.500000000000002 0.1134999990463257 0.18349999934434894
decision_type=9 9 9 2 2 9 2 2 9 1 2 2 2 9 2 9 2 1 1 2 9 2 2 2 9 1 1 2 2 2
left_child=2 7 6 4 9 -6 -1 8 -2 13 -11 23 -5 -3 15 -10 18 -18 22 -20 -21 -22 -16 24 -12 -7 -17 -15 -4 -26
right_child=1 3 28 12 5 25 -8 -9 14 10 11 -13 -14 27 16 26 17 -19 19 20 21 -23 -24 -25 29 -27 -28 -29 -30 -31
leaf_value=0.32118080519615089 -0.018053816371214379 0.0055674801538410533 1.2179247256667509 0.089393054355990098 1.4591913062536526 0.068644503178927466 1.8822784801893431 0.0031815412458934666 -0.030266870204991889 0.0037784248718907062 -0.20047180946874718 0.55166041369987873 1.4560185090701974 -0.01004013274896799 -0.026335656272312064 -0.0073890082831396591 -0.021880076536965873 -0.0078805199111235246 0.017308276131338632 0.013695218838807985 0.0026894218679299796 -0.032333062375383276 -0.0018854760417303139 0.069199053422523915 -0.22635350079348426 -0.015152899683396085 -0.027494441749079765 -0.038564616891300113 3.8663585136189407 0.31425584930627221
leaf_weight=603 612 6000 130 35 134 2155 242 5196 291 57459 134 69 59 10081 688 3880 6791 19480 2042 1594 1274 916 1111 3682 39 999 111 2015 241 127
leaf_count=603 612 6000 130 35 134 2155 242 5196 291 57459 134 69 59 10081 688 3880 6791 19480 2042 1594 1274 916 1111 3682 39 999 111 2015 241 127
internal_value=-0.000159607 -0.00026082 0.0103263 0.000315911 0.000296041 0.00297445 0.0062807 -0.00134876 -0.00159629 0.000185413 0.000445709 0.00259936 0.0178723 -0.000699216 -0.00149733 -0.00325082 -0.00127626 -0.00169807 0.000177049 0.00101782 -0.000475687 -0.00245455 -0.00253731 0.00229031 -0.0044 0.00233249 -0.00258685 -0.00133818 0.0191339 0.00409091
internal_weight=128190 126974 1216 82988 82894 3288 845 43986 38790 79606 61510 4051 94 18096 38178 4282 33896 26271 7625 5826 3784 2190 1799 3982 300 3154 3991 12096 371 166
internal_count=128190 126974 1216 82988 82894 3288 845 43986 38790 79606 61510 4051 94 18096 38178 4282 33896 26271 7625 5826 3784 2190 1799 3982 300 3154 3991 12096 371 166
cat_boundaries=0 1 2 3 4 5 6 7 8 9 10 11 12 13 14
cat_threshold=16480 138680328 32 1048580 134217728 1 16876032 264192 1 2 264192 67108864 10 5
is_linear=0
shrinkage=0.06


end of trees

feature_importances:
fatigue=1060
step=699
staff=307
station=142
batch_size=134
hour=30
load=28

parameters:
[boosting: gbdt]
[objective: quantile]
[metric: quantile]
[tree_learner: serial]
[device_type: cpu]
[data_sample_strategy: bagging]
[data: ]
[valid: ]
[num_iterations: 80]
[learning_rate: 0.06]
[num_leaves: 31]
[num_threads: 4]
[seed: 0]
[deterministic: 0]
[force_col_wise: 0]
[force_row_wise: 0]
[histogram_pool_size: -1]
[max_depth: -1]
[min_data_in_leaf: 20]
[min_sum_hessian_in_leaf: 0.001]
[bagging_fraction: 1]
[pos_bagging_fraction: 1]
[neg_bagging_fraction: 1]
[bagging_freq: 0]
[bagging_seed: 7719]
[bagging_by_query: 0]
[feature_fraction: 1]
[feature_fraction_bynode: 1]
[feature_fraction_seed: 2437]
[extra_trees: 0]
[extra_seed: 11797]
[early_stopping_round: 0]
[early_stopping_min_delta: 0]
[first_metric_only: 0]
[max_delta_step: 0]
[lambda_l1: 0]
[lambda_l2: 0]
[linear_lambda: 0]
[min_gain_to_split: 0]
[drop_rate: 0.1]
[max_drop: 50]
[skip_drop: 0.5]
[xgboost_dart_mode: 0]
[uniform_drop: 0]
[drop_seed: 21238]
[top_rate: 0.2]
[other_rate: 0.1]
[min_data_per_group: 100]
[max_cat_threshold: 32]
[cat_l2: 10]
[cat_smooth: 10]
[max_cat_to_onehot: 4]
[top_k: 20]
[monotone_constraints: ]
[monotone_constraints_method: basic]
[monotone_penalty: 0]
[feature_contri: ]
[forcedsplits_filename: ]
[refit_decay_rate: 0.9]
[cegb_tradeoff: 1]
[cegb_penalty_split: 0]
[cegb_penalty_feature_lazy: ]
[cegb_penalty_feature_coupled: ]
[path_smooth: 0]
[interaction_constraints: ]
[verbosity: -1]
[saved_feature_importance_type: 0]
[use_quantized_grad: 0]
[num_grad_quant_bins: 4]
[quant_train_renew_leaf: 0]
[stochastic_rounding: 1]
[linear_tree: 0]
[max_bin: 255]
[max_bin_by_feature: ]
[min_data_in_bin: 3]
[bin_construct_sample_cnt: 200000]
[data_random_seed: 38]
[is_enable_sparse: 1]
[enable_bundle: 1]
[use_missing: 1]
[zero_as_missing: 0]
[feature_pre_filter: 1]
[pre_partition: 0]
[two_round: 0]
[header: 0]
[label_column: ]
[weight_column: ]
[group_column: ]
[ignore_column: ]
[categorical_feature: 0,1,2]
[forcedbins_filename: ]
[precise_float_parser: 0]
[parser_config_file: ]
[objective_seed: 8855]
[num_class: 1]
[is_unbalance: 0]
[scale_pos_weight: 1]
[sigmoid: 1]
[boost_from_average: 1]
[reg_sqrt: 0]
[alpha: 0.5]
[fair_c: 1]
[poisson_max_delta_step: 0.7]
[tweedie_variance_power: 1.5]
[lambdarank_truncation_level: 30]
[lambdarank_norm: 1]
[label_gain: ]
[lambdarank_position_bias_regularization: 0]
[eval_at: ]
[multi_error_top_k: 1]
[auc_mu_weights: ]
[num_machines: 1]
[local_listen_port: 12400]
[time_out: 120]
[machine_list_filename: ]
[machines: ]
[gpu_platform_id: -1]
[gpu_device_id: -1]
[gpu_device_id_list: ]
[gpu_use_dp: 0]
[num_gpu: 1]

end of parameters

pandas_categorical:null
