tree
version=v4
num_class=1
num_tree_per_iteration=1
label_index=0
max_feature_idx=6
objective=quantile
feature_names=step station staff batch_size load fatigue hour
feature_infos=-1:12:19:16:11:24:26:18:1:17:0:7:30:21:10:29:8:2:15:20:31:9:4:27:28:5:25:3:13:22:6:14 -1:10:5:13:8:0:11:4:2:9:3:6:12:1:14 -1:1:2:0:3:4 [1:6] [0:0.92900002002716064] [0:1] [7:22]
tree_sizes=2671 2763 2764 2779 2815 2798 2797 2817 2820 2799 2797 2789 2792 2806 2789 2823 2821 2794 2819 2802 2798 2804 2796 2803 2827 2838 2841 2842 2855 2817 2810 2823 2832 2812 2855 2830 2859 2800 2818 2834 2849 2857 2883 2871 2863 2842 2879 2834 2812 2876 2855 2875 2900 2936 2881 2905 2944 2904 2907 2930 2956 2928 2901 2898 2887 2906 2917 2919 2924 2902 2907 2915 2911 2935 2890 2871 2902 2856 2878 2894

Tree=0
num_leaves=31
num_cat=5
split_feature=0 0 1 0 5 5 5 5 5 5 4 4 5 5 0 5 6 5 4 5 4 4 6 4 5 4 4 5 4 6
split_gain=13285.3 133.553 110.906 46.1272 57.7431 12.01 10.4234 7.78075 39.0207 8.04527 6.68365 5.75358 4.14487 2.44727 2.03299 5.09395 1.87047 1.4617 1.4484 1.88622 1.696 1.43521 1.3416 1.47273 1.18505 1.11048 1.90973 1.43849 1.0386 0.904919
threshold=0 1 2 3 0.01049999985843897 0.011500000022351744 0.45749999582767492 0.014500000048428776 0.011500000022351744 0.01350000035017729 0.54649999737739574 0.1475000008940697 0.012500000186264517 0.01350000035017729 4 0.54150000214576732 17.500000000000004 0.93250000476837169 0.65549999475479137 0.034500000998377807 0.7514999806880952 0.72849997878074657 17.500000000000004 0.25749999284744268 0.0094999996945261973 0.35349999368190771 0.34149999916553503 0.030499999411404136 0.64449998736381542 7.5000000000000009
decision_type=9 9 9 9 2 2 2 2 2 2 2 2 2 2 9 2 2 2 2 2 2 2 2 2 2 2 2 2 2 2
left_child=7 2 -2 4 24 22 11 8 -1 10 12 -7 -10 -13 15 -3 -14 -8 19 25 21 -20 23 -6 -4 26 -15 -27 -17 -16
right_child=1 14 3 -5 5 6 17 -9 9 -11 -12 13 16 18 29 28 -18 -19 20 -21 -22 -23 -24 -25 -26 27 -28 -29 -30 -31
leaf_value=116.173049851166 164.66882914251443 102.91454963940319 102.91280942964866 99.052949661430887 104.24654944942954 105.5818498584842 105.57704923921578 126.9122072618772 115.2208468112089 103.95260955395609 103.44248961112011 104.95928953458846 112.00340852499139 104.89190941584164 100.21010966303508 103.60034971021098 119.45750103032634 106.16150949666408 104.46860951404494 104.16212934516078 104.03084971786477 104.91200965666752 104.20940947413489 104.14112935359957 103.64012953098158 104.10260935211234 104.84480963878624 104.7022496095753 104.05760941433945 100.31180953979492
leaf_weight=1855 172 1008 651 1322 44 39 87 13112 52 291 23 173 76 246 666 82 26 54 89 408 33 26 51 55 189 241 21 35 151 139337
leaf_count=1855 172 1008 651 1322 44 39 87 13112 52 291 23 173 76 246 666 82 26 54 89 408 33 26 51 55 189 241 21 35 151 139337
internal_value=103.656 103.65 103.661 103.659 103.664 103.671 103.669 103.709 103.706 103.69 103.68 103.667 103.685 103.667 103.65 103.653 103.678 103.684 103.666 103.665 103.671 103.674 103.687 103.683 103.651 103.667 103.67 103.664 103.661 103.65
internal_weight=160615 145180 3936 3764 2442 1602 1452 15435 2323 468 177 1311 154 1272 141244 1241 102 141 1099 951 148 115 150 99 840 543 267 276 233 140003
internal_count=160615 145180 3936 3764 2442 1602 1452 15435 2323 468 177 1311 154 1272 141244 1241 102 141 1099 951 148 115 150 99 840 543 267 276 233 140003
cat_boundaries=0 1 2 3 4 5
cat_threshold=1880122468 768 2048 256 16
is_linear=0
shrinkage=1


Tree=1
num_leaves=31
num_cat=10
split_feature=0 0 0 5 5 5 2 5 5 5 2 0 1 5 0 5 5 5 4 5 5 5 5 2 5 4 4 0 5 4
split_gain=10062.7 482.083 155.855 101.713 70.5611 32.2356 35.4683 30.9205 30.5653 89.3849 25.1483 19.0327 144.444 15.1697 9.87866 8.31754 6.69564 14.8568 5.1105 5.07123 4.79081 12.6905 3.83838 3.56397 2.40316 2.25288 2.13939 2.09433 5.03253 1.93114
threshold=0 1 2 0.016500000841915611 0.020499999634921554 0.017500000074505809 3 0.3965000063180924 0.014500000048428776 0.01049999985843897 4 5 6 0.32150000333786016 7 0.01049999985843897 0.011500000022351744 0.01350000035017729 0.24849999696016314 0.035499999299645431 0.033500000834465034 0.037499999627470977 0.94149997830390941 8 0.5834999978542329 0.73249998688697826 0.31650000810623174 9 0.54150000214576732 0.44750000536441809
decision_type=9 9 9 2 2 2 1 2 2 2 1 9 9 2 9 2 2 2 2 2 2 2 2 1 2 2 2 9 2 2
left_child=2 3 7 8 5 -5 -7 15 9 -2 16 12 -3 20 26 -1 -11 18 -18 -17 -6 25 -15 -23 -9 -22 -10 28 -13 -20
right_child=1 11 -4 4 13 6 -8 24 14 10 -12 27 -14 22 -16 19 17 -19 29 -21 21 23 -24 -25 -26 -27 -28 -29 -30 -31
leaf_value=1.7902170515585791 -0.36360766199561367 57.352089744305374 24.277014984896052 0.20446800374049304 0.48093319239900928 1.1116672419907798 0.73256348799644477 1.7388473042341308 1.0388467193397677 0.56278410268119161 -0.0088370785749647945 -0.69693298861920028 -4.3268369679131764 1.6141406516073644 -0.28213249064427259 0.60904711454992022 1.4752027551247824 0.27044337183099371 1.240602798899062 1.1659671136047278 0.99406718176914977 0.75951105146143183 2.5843675569198408 0.30371205873172669 2.833066956033889 1.0108794311798444 0.425851608710759 -3.1441085815429686 0.20027067026836118 -0.092117538901648574
leaf_weight=116 840 172 11086 472 625 386 103 92 47 115 147 1008 1322 144 1013 152 55 312 93 442 127 859 76 204 237 21 59 140003 233 54
leaf_count=116 840 172 11086 472 625 386 103 92 47 115 147 1008 1322 144 1013 152 55 312 93 442 127 859 76 204 237 21 59 140003 233 54
internal_value=-0.000866857 -0.0051596 0.0516663 0.0118584 0.0194756 0.032897 0.0436933 0.02849 0.00349908 0.00877723 0.0234588 -0.00584616 0.000901594 0.0132023 -0.00412333 0.0217183 0.0284601 0.0259844 0.0133069 0.0188485 0.0114183 0.0136201 0.0280909 0.0113283 0.0439696 0.0300811 0.0126207 -0.0059176 -0.00336211 0.00746939
internal_weight=160615 148490 12125 5752 3017 961 489 1039 2735 1616 776 142738 1494 2056 1119 710 629 514 202 594 1836 1211 220 1063 329 148 106 141244 1241 147
internal_count=160615 148490 12125 5752 3017 961 489 1039 2735 1616 776 142738 1494 2056 1119 710 629 514 202 594 1836 1211 220 1063 329 148 106 141244 1241 147
cat_boundaries=0 1 2 3 4 5 6 7 8 9 10
cat_threshold=806380644 1073742080 268435456 16 20 512 2048 256 20 16
is_linear=0
shrinkage=0.06


Tree=2
num_leaves=31
num_cat=10
split_feature=0 0 0 5 5 3 5 5 2 5 5 5 2 0 1 5 0 5 5 0 4 5 5 5 5 2 5 5 4 4
split_gain=9064.77 445.382 205.203 93.151 68.5577 51.7699 42.7842 38.8996 36.6537 36.4414 28.9832 80.8994 22.7098 18.9169 144.444 13.5231 8.7933 8.23974 12.2689 7.36054 5.50708 4.64664 4.1197 9.94677 3.86786 3.66176 3.53729 3.28231 3.01001 2.09213
threshold=0 1 2 0.016500000841915611 0.020499999634921554 1.5000000000000002 0.32150000333786016 0.017500000074505809 3 0.014500000048428776 0.014500000048428776 0.01049999985843897 4 5 6 0.32549999654293066 7 0.011500000022351744 0.01350000035017729 8 0.24849999696016314 0.19649999588727954 0.033500000834465034 0.037499999627470977 0.99950000643730175 9 0.50049999356269848 0.028500000014901165 0.73249998688697826 0.32350000739097601
decision_type=9 9 9 2 2 2 2 2 1 2 2 2 1 9 9 2 9 2 2 9 2 2 2 2 2 1 2 2 2 2
left_child=2 3 5 10 7 6 9 -5 -9 -1 11 -2 17 14 -3 22 29 -13 20 21 -19 -11 -6 28 -17 -25 -8 -21 -24 -12
right_child=1 13 -4 4 15 -7 26 8 -10 19 16 12 -14 -15 -16 24 -18 18 -20 27 -22 -23 23 25 -26 -27 -28 -29 -30 -31
leaf_value=1.8551289429683941 -0.34179120227587673 53.910964359647046 24.854644885923559 0.1921999235160638 0.45207720085506881 5.2458463722248547 1.8964314858097797 1.0449672074713334 0.68860967871665824 1.3630063892896709 0.97489486573311512 0.52901705652032005 -0.0083068538604665777 -2.8626441023725437 -4.0672267498383849 1.5868680114995033 -0.26520454120561621 1.3866905898172952 0.25421676952113414 0.42526481756437989 0.88764638900959769 1.811086534271539 0.93442315086300054 0.71389732833839448 2.5244262083119158 0.28044935597885456 3.0869267792868542 1.0237093141758395 0.95022666530905364 0.27489217598198562
leaf_weight=775 840 172 8549 472 625 641 215 386 103 684 50 115 147 141244 1322 160 1013 55 312 112 147 159 127 861 56 206 554 436 21 56
leaf_count=775 840 172 8549 472 625 641 215 386 103 684 50 115 147 141244 1322 160 1013 55 312 112 147 159 127 861 56 206 554 436 21 56
internal_value=-0.00109137 -0.00516566 0.0487688 0.0111919 0.0184813 0.0362978 0.0330256 0.0317107 0.0435706 0.0287091 0.00319195 0.00833168 0.022299 -0.00582557 0.000901594 0.0122977 -0.00423056 0.0270516 0.0242335 0.0229001 0.0127129 0.0267081 0.0106304 0.0126667 0.0265 0.0106448 0.0451834 0.0162581 0.0272432 0.0115862
internal_weight=160615 148490 12125 5752 3017 3576 2935 961 489 2166 2735 1616 776 142738 1494 2056 1119 629 514 1391 202 843 1840 1215 216 1067 769 548 148 106
internal_count=160615 148490 12125 5752 3017 3576 2935 961 489 2166 2735 1616 776 142738 1494 2056 1119 629 514 1391 202 843 1840 1215 216 1067 769 548 148 106
cat_boundaries=0 1 2 3 4 5 6 7 8 9 10
cat_threshold=806380644 1073742080 805306368 16 20 512 2048 256 536870912 20
is_linear=0
shrinkage=0.06


Tree=3
num_leaves=31
num_cat=10
split_feature=0 0 0 5 5 5 5 2 0 5 5 0 1 2 3 5 5 3 0 5 5 5 5 4 5 5 5 5 0 5
split_gain=8750.06 414.492 270.12 85.8214 68.3616 51.3988 44.8448 36.6537 28.1384 27.1293 73.2794 21.6122 143.697 20.5461 16.2308 18.1571 13.0412 9.24454 8.7933 7.77044 6.32823 10.95 6.26839 5.71093 5.17188 6.43452 4.69615 4.12052 5.04887 2.65226
threshold=0 1 2 0.016500000841915611 0.020499999634921554 0.30550000071525579 0.017500000074505809 3 4 0.014500000048428776 0.01049999985843897 5 6 7 1.5000000000000002 0.014500000048428776 0.94149997830390941 1.5000000000000002 8 0.01049999985843897 0.011500000022351744 0.01350000035017729 0.54150000214576732 0.24849999696016314 0.033500000834465034 0.037499999627470977 0.20850000530481341 0.50650000572204601 9 0.026500000618398193
decision_type=9 9 9 2 2 2 2 1 9 2 2 9 9 1 2 2 2 2 9 2 2 2 2 2 2 2 2 2 9 2
left_child=2 3 5 9 6 8 -5 -8 14 10 -2 12 -3 20 15 -1 24 22 -11 -10 -12 23 -7 -22 -6 -26 -17 -14 -29 -21
right_child=1 11 -4 4 16 17 7 -9 19 18 13 -13 27 -15 -16 26 -18 -19 -20 29 21 -23 -24 -25 25 -27 -28 28 -30 -31
leaf_value=1.7604481557042777 -0.32128373013932443 50.676306498068222 23.363366192768144 0.18066792810510038 0.42495256880376447 1.7748771515022821 0.98226917502305355 0.64729309799365864 1.5714962918869604 0.72249871530296239 0.49727603312910101 -2.7837034205080382 -0.87605833162508162 -0.0078084426288389354 3.323695992723394 1.2871061301842894 2.2843666636305464 6.2861959041068145 -0.24929226873327906 0.35924836438970514 1.3034891544282579 0.23896376334986597 2.9271490320026023 0.83438760566902148 0.89631652526940819 0.71582301447574426 1.6352214846971844 0.3525940826911505 -3.6076132237973928 0.92976730629073578
leaf_weight=654 840 172 8549 472 625 290 386 103 116 106 115 140003 2097 147 345 694 76 296 1013 94 55 312 516 147 148 1207 119 253 213 452
leaf_count=654 840 172 8549 472 625 290 386 103 116 106 115 140003 2097 147 345 694 76 296 1013 94 55 312 516 147 148 1207 119 253 213 452
internal_value=-0.00114778 -0.00515071 0.0478393 0.0106296 0.0176261 0.0336542 0.0308366 0.0435706 0.0289475 0.00295064 0.00792327 -0.00578732 -0.000491805 0.0212165 0.0328913 0.030319 0.0114514 0.0445263 -0.00423056 0.0173929 0.0257371 0.0232996 0.041196 0.0124158 0.0105152 0.0125978 0.0243321 -0.00413447 0.000952788 0.0146593
internal_weight=160615 148490 12125 5752 3017 3576 961 489 2474 2735 1616 142738 2735 776 1812 1467 2056 1102 1119 662 629 514 806 202 1980 1355 813 2563 466 546
internal_count=160615 148490 12125 5752 3017 3576 961 489 2474 2735 1616 142738 2735 776 1812 1467 2056 1102 1119 662 629 514 806 202 1980 1355 813 2563 466 546
cat_boundaries=0 1 2 3 4 5 6 7 8 9 10
cat_threshold=806380644 1073742080 805306368 16 536870912 528 2048 20 256 16
is_linear=0
shrinkage=0.06


Tree=4
num_leaves=31
num_cat=9
split_feature=0 0 0 5 5 5 5 3 2 5 5 5 0 1 2 5 5 0 4 3 5 5 0 3 5 5 5 5 3 5
split_gain=8156.34 381.592 280.661 80.0263 75.4483 53.1978 46.1738 36.952 36.6537 25.3187 63.9814 25.0752 22.1027 143.091 17.9232 14.4186 12.6048 7.76976 5.51389 5.24891 5.46273 4.96975 13.4453 15.3368 4.95537 5.97855 4.71091 9.27438 4.45041 4.06706
threshold=0 1 2 0.016500000841915611 0.020499999634921554 0.54150000214576732 0.017500000074505809 1.5000000000000002 3 0.014500000048428776 0.01049999985843897 0.014500000048428776 4 5 6 0.20850000530481341 0.94149997830390941 7 0.15450000017881396 2.5000000000000004 0.99050000309944164 0.28149999678134924 8 1.5000000000000002 0.033500000834465034 0.037499999627470977 0.01350000035017729 0.011500000022351744 1.5000000000000002 0.32549999654293066
decision_type=9 9 9 2 2 2 2 2 1 2 2 2 9 9 1 2 2 9 2 2 2 2 9 2 2 2 2 2 2 2
left_child=2 3 5 9 6 7 -5 11 -8 10 -2 -1 13 -3 18 -13 24 -11 -12 -14 -21 22 23 -4 -6 -26 27 -20 -7 -15
right_child=1 12 21 4 16 28 8 -9 -10 17 14 15 19 29 -16 -17 -18 -19 26 20 -22 -23 -24 -25 25 -27 -28 -29 -30 -31
leaf_value=1.6381943170480338 -0.30200670633096477 47.635728108184125 2.7340052595884865 0.16982785241879469 0.39945541467553852 2.7515200900824461 0.92333302452167054 3.0221239088871412 0.60845551211403937 0.67914879238478476 1.6277893024804866 1.0550796556553468 -2.8776811237248219 -0.88013499949155682 -0.0073399360711083718 1.5484481363110432 2.1473046638127133 -0.23433473260928195 0.46046242466785653 -0.79688133429611097 -0.0088413962648954229 24.071923836954447 22.118146802555493 5.6035152986303993 0.84253753375324336 0.67287363360719943 0.22294611069758702 0.99408439398773141 6.8483232497074535 0.0087042764850215025
leaf_weight=775 840 172 1128 472 625 516 386 443 103 106 45 1167 135453 1926 147 477 76 1013 95 3435 1115 3664 3330 427 148 1207 303 186 198 637
leaf_count=775 840 172 1128 472 625 516 386 443 103 106 45 1167 135453 1926 147 477 76 1013 95 3435 1115 3664 3330 427 148 1207 303 186 198 637
internal_value=-0.00126134 -0.00512606 0.0460346 0.0100153 0.016771 0.0316129 0.0306493 0.0280461 0.0435706 0.00259963 0.00740346 0.0251286 -0.00573688 -0.000382515 0.0198247 0.0209343 0.010284 -0.0043378 0.0240469 -0.00584144 -0.00383736 0.0520231 0.0508311 0.0440319 0.00936363 0.0114022 0.0228699 0.017274 0.0463529 -0.00401788
internal_weight=160615 148490 12125 5752 3017 3576 961 2862 489 2735 1616 2419 142738 2735 776 1644 2056 1119 629 140003 4550 8549 4885 1555 1980 1355 584 281 714 2563
internal_count=160615 148490 12125 5752 3017 3576 961 2862 489 2735 1616 2419 142738 2735 776 1644 2056 1119 629 140003 4550 8549 4885 1555 1980 1355 584 281 714 2563
cat_boundaries=0 1 2 3 4 5 6 7 8 9
cat_threshold=806380644 1073742080 805306368 16 528 2048 20 256 1024
is_linear=0
shrinkage=0.06


Tree=5
num_leaves=31
num_cat=12
split_feature=0 0 0 5 5 5 5 2 5 5 5 0 0 0 3 5 6 3 2 5 1 0 5 3 0 5 0 5 3 5
split_gain=7545.58 512.123 138.944 86.0149 58.731 42.6846 40.7432 49.9973 40.506 30.73 40.1098 25.3771 24.9728 22.9128 33.3707 20.2615 24.7849 16.8498 15.6461 10.7593 10.4878 82.5037 9.88487 6.93525 6.81336 6.33351 7.56051 6.23839 5.92679 5.33681
threshold=0 1 2 0.016500000841915611 0.020499999634921554 0.33949999511241918 0.017500000074505809 3 0.64049997925758373 0.014500000048428776 0.01049999985843897 4 5 6 1.5000000000000002 0.1345000043511391 8.5000000000000018 2.5000000000000004 7 0.014500000048428776 8 9 0.47049999237060552 1.5000000000000002 10 0.033500000834465034 11 0.004500000039115549 2.5000000000000004 0.82850000262260448
decision_type=9 9 9 2 2 2 2 1 2 2 2 9 9 9 2 2 2 2 1 2 9 9 2 2 9 2 9 2 2 2
left_child=2 3 5 9 6 17 -5 -8 25 10 12 15 -2 14 22 -3 -17 19 -12 -1 21 -18 27 -21 -11 -6 -27 -4 -13 -30
right_child=1 11 13 4 8 -7 7 -9 -10 24 18 28 -14 -15 -16 16 20 -19 -20 23 -22 -23 -24 -25 -26 26 -28 -29 29 -31
leaf_value=1.5982956939530277 1.378914855350861 -0.94162295718881095 3.0601147362616872 0.16101769104502636 0.38077785019365568 3.6309102917083624 0.86793304305037056 0.52018958429765227 2.113567546491089 0.63839986484169797 0.49403033134950608 -2.8244203570093402 -0.28388630395110653 22.769750394827625 6.1986510829501471 42.467284303184037 46.316761545265237 4.6625470183533233 0.0040000886412933411 1.1945753445080258 -0.12752602905777427 -0.21034040928200795 3.9972507300352129 1.7058665677992739 -0.22027464865272492 0.8148760986293746 0.55904033564917421 2.336925339282339 -0.83306854579107836 -0.057124972319587151
leaf_weight=693 116 2717 200 478 713 653 386 135 340 106 629 132933 840 5940 937 57 124 153 152 859 1774 583 371 179 1021 1283 592 1101 3147 1403
leaf_count=693 116 2717 200 478 713 653 386 135 340 106 629 132933 840 5940 937 57 124 153 152 859 1774 583 371 179 1021 1283 592 1101 3147 1403
internal_value=-0.00139582 -0.00493794 0.0463432 0.0111504 0.0169335 0.0334817 0.0294955 0.0411017 0.0126475 0.00325978 0.00826597 -0.0057041 2.51032e-05 0.0501164 0.044126 -0.00160114 0.00225059 0.0290318 0.0183534 0.0273449 0.00135187 0.0074728 0.0392153 0.0234798 -0.00445608 0.0100896 0.01192 0.0367517 -0.00586079 -0.00373187
internal_weight=160615 149529 11086 6791 3927 2537 999 521 2928 2864 1737 142738 956 8549 2609 5255 2538 1884 781 1731 2481 707 1672 1038 1127 2588 1875 1301 137483 4550
internal_count=160615 149529 11086 6791 3927 2537 999 521 2928 2864 1737 142738 956 8549 2609 5255 2538 1884 781 1731 2481 707 1672 1038 1127 2588 1875 1301 137483 4550
cat_boundaries=0 1 2 3 4 5 6 7 8 9 10 11 12
cat_threshold=537945188 1342177536 536870912 16 2181038608 268435456 1024 20 2048 512 256 1342177280
is_linear=0
shrinkage=0.06


Tree=6
num_leaves=31
num_cat=11
split_feature=0 0 0 5 5 5 0 3 5 5 2 0 0 5 5 6 3 5 2 5 5 1 0 5 5 0 3 5 5 4
split_gain=6508.96 321.96 249.412 74.9549 69.9239 72.595 54.72 59.4904 40.8756 33.4626 32.375 30.3784 25.5428 21.2285 45.5408 20.0102 19.3256 15.9982 12.7357 12.2531 14.7311 12.242 88.4165 11.0399 9.53132 6.35035 6.03331 5.36876 5.31429 5.2672
threshold=0 1 2 0.6225000023841859 0.016500000841915611 0.020499999634921554 3 1.5000000000000002 0.017500000074505809 0.50049999356269848 4 5 6 0.014500000048428776 0.01049999985843897 7.5000000000000009 2.5000000000000004 0.1345000043511391 7 0.22350000590085986 0.014500000048428776 8 9 0.014500000048428776 0.95949998497962963 10 2.5000000000000004 0.09849999845027925 0.0094999996945261973 0.19849999994039538
decision_type=9 9 9 2 2 2 9 2 2 2 1 9 9 2 2 2 2 2 1 2 2 9 9 2 2 9 2 2 2 2
left_child=2 4 3 11 13 8 7 9 -6 23 -10 16 15 14 28 -3 19 -17 29 20 -1 22 -19 -4 -7 -15 -14 -25 -2 -16
right_child=1 12 6 -5 5 24 -8 -9 10 -11 -12 -13 26 25 18 17 -18 21 -20 -21 -22 -23 -24 27 -26 -27 -28 -29 -30 -31
leaf_value=1.5322816159494699 -0.60181424950688944 39.041085461404414 3.4654838761061755 3.991769859781098 0.14997711981096529 0.56209211441182916 23.197010629125629 6.7488662057448652 0.81585706046734907 4.7909299977058639 0.54073680632933818 0.94587690730863783 -2.6549551355887795 0.60009587295119582 1.3469897116806191 -0.88842946715909388 4.0839935380724359 42.778340201284607 -0.0071395452253195405 2.0036296375574123 1.2799811516636195 -0.12081250387641224 -0.19777999755677825 1.9877921152125566 1.8974257331509734 -0.20705816973356178 -0.4722844147330667 2.6792664737945446 0.081866645746051458 0.33899298040771664
leaf_weight=837 651 47 662 779 472 1985 3169 1459 386 724 103 818 132933 106 88 2710 182 134 147 598 1190 1780 584 748 71 1013 4550 959 189 541
leaf_count=837 651 47 662 779 472 1985 3169 1459 386 724 103 818 132933 106 88 2710 182 134 147 598 1190 1780 584 748 71 1013 4550 959 189 541
internal_value=-0.00166965 -0.00512202 0.040581 0.0289615 0.00878653 0.0151004 0.0471626 0.0424393 0.0287138 0.0378215 0.0408712 0.0253986 -0.00568308 0.00185375 0.00625247 -0.00156695 0.0283983 -0.00192166 0.016732 0.0271886 0.024962 0.00154203 0.00809341 0.0343715 0.00873735 -0.00449866 -0.00584028 0.0318207 -0.00342857 0.0202911
internal_weight=160615 148490 12125 4404 5752 3017 7721 4552 961 3093 489 3625 142738 2735 1616 5255 2807 5208 776 2625 2027 2498 718 2369 2056 1119 137483 1707 840 629
internal_count=160615 148490 12125 4404 5752 3017 7721 4552 961 3093 489 3625 142738 2735 1616 5255 2807 5208 776 2625 2027 2498 718 2369 2056 1119 137483 1707 840 629
cat_boundaries=0 1 2 3 4 5 6 7 8 9 10 11
cat_threshold=806380644 1073742080 805314560 1028 16 536879104 2181038608 20 2048 512 256
is_linear=0
shrinkage=0.06


Tree=7
num_leaves=31
num_cat=11
split_feature=0 0 0 5 3 5 5 0 5 5 2 5 5 0 6 0 5 0 1 5 2 5 3 5 5 3 5 0 5 5
split_gain=6025.6 399.331 175.46 131.036 85.838 69.7651 43.7994 30.9247 29.6241 25.8579 33.2782 23.1091 28.5016 18.7665 17.5873 16.324 14.2968 13.8552 93.4181 11.3483 10.3253 9.31437 7.16291 7.10105 6.80012 6.61492 6.93986 5.91274 5.89706 5.76057
threshold=0 1 2 0.51350000500679027 1.5000000000000002 0.016500000841915611 0.020499999634921554 3 0.63150000572204601 0.017500000074505809 4 0.014500000048428776 0.01049999985843897 5 7.5000000000000009 6 0.1345000043511391 7 8 0.014500000048428776 9 0.094499997794628157 2.5000000000000004 0.0075000002980232247 0.66650000214576732 1.5000000000000002 0.81149998307228099 10 0.82850000262260448 0.21450000256299975
decision_type=9 9 9 2 2 2 2 9 2 2 1 2 2 9 2 9 2 9 9 2 1 2 2 2 2 2 2 9 2 2
left_child=2 5 -1 4 15 11 9 14 -8 -7 -11 12 13 -2 -3 23 -16 18 -18 -17 -14 -21 -9 -4 -19 26 -5 -13 -24 -25
right_child=1 7 3 25 -6 6 8 22 -10 10 -12 27 20 -15 16 19 17 24 -20 21 -22 -23 28 29 -26 -27 -28 -29 -30 -31
leaf_value=21.805189991378093 1.2394273495912909 35.673397845509434 1.4146551259937274 3.275618655790733 4.1377545849677775 0.14235800239366625 0.5930196342417321 -2.6474577542112652 1.7581671416794977 0.76690563683930801 0.45653400086003354 0.56409012057412378 0.42806484384765248 -0.27176512445880291 -0.84694432264607367 2.949324204731163 40.211639789207531 -0.41013588694327302 -3.4914983923500444 1.7023224574829579 0.0041884560363347235 2.4849286272285895 -0.75474736815962951 1.0455018278516355 0.11032589933455896 7.1449327685564237 4.464009852551996 -0.19463467954954836 -0.025360409096428012 1.3350412801455862
leaf_weight=3169 116 54 543 447 1283 478 2576 128507 352 386 135 106 629 840 4592 806 134 2568 411 922 152 1304 3147 814 1922 817 711 1021 1403 270
leaf_count=3169 116 54 543 447 1283 478 2576 128507 352 386 135 106 629 840 4592 806 134 2568 411 922 152 1304 3147 814 1922 817 711 1021 1403 270
internal_value=-0.001806 -0.00497124 0.0408547 0.0359175 0.0315126 0.00923599 0.0144431 -0.00564777 0.0107418 0.0252913 0.0345374 0.00212849 0.00646977 -0.000476989 -0.0023657 0.0277283 -0.00255968 -0.000351541 0.00859459 0.0305286 0.0149731 0.0284205 -0.00588637 0.0221857 -0.00145333 0.0493519 0.0464352 -0.00456256 -0.00354725 0.0195166
internal_weight=160615 149529 11086 7917 5942 6791 3927 142738 2928 999 521 2864 1737 956 9681 4659 9627 5035 545 3032 781 2226 133057 1627 4490 1975 1158 1127 4550 1084
internal_count=160615 149529 11086 7917 5942 6791 3927 142738 2928 999 521 2864 1737 956 9681 4659 9627 5035 545 3032 781 2226 133057 1627 4490 1975 1158 1127 4550 1084
cat_boundaries=0 1 2 3 4 5 6 7 8 9 10 11
cat_threshold=537945188 1342177536 1065056 2181038609 16 268435456 536870912 512 2048 20 256
is_linear=0
shrinkage=0.06


Tree=8
num_leaves=31
num_cat=12
split_feature=0 0 0 1 5 5 0 0 5 5 3 5 0 0 2 5 5 0 3 5 5 5 2 5 5 3 5 5 5 0
split_gain=5401.67 264.729 253.415 105.986 79.2165 58.5607 65.1545 50.7715 53.4037 48.6495 40.4448 22.0604 19.3179 19.2351 18.7736 16.5215 35.8383 15.4611 11.8734 11.5143 11.068 9.92586 9.63668 9.10254 7.76161 7.30578 5.93912 5.80942 5.74932 5.48135
threshold=0 1 2 3 0.61349999904632579 0.36650000512599951 4 5 0.016500000841915611 0.020499999634921554 1.5000000000000002 0.017500000074505809 6 7 8 0.014500000048428776 0.0094999996945261973 9 2.5000000000000004 0.56250000000000011 0.014500000048428776 0.22049999982118609 10 0.018499999307096008 0.01049999985843897 2.5000000000000004 0.32549999654293066 0.99050000309944164 0.8204999864101411 11
decision_type=9 9 9 9 2 2 9 9 2 2 2 2 9 9 1 2 2 9 2 2 2 2 1 2 2 2 2 2 2 9
left_child=1 4 3 -2 12 6 10 8 15 11 17 -10 18 19 23 16 -5 -3 21 -4 -19 24 -18 -13 -1 -15 -11 -27 -7 -17
right_child=2 5 13 7 -6 28 -8 -9 9 26 -12 14 -14 25 -16 29 22 20 -20 -21 -22 -23 -24 -25 -26 27 -28 -29 -30 -31
leaf_value=1.3422554095442716 37.181747033358242 3.2253894269790635 -0.5685250526246034 -0.5493994870689477 3.4673262061166419 18.321292681570927 20.303500760647047 -3.4746084134202371 0.13243701247868728 0.43137415968996506 4.135095287397295 0.25337183802125818 0.82132692975596877 -2.4886102889585895 0.48090055789797614 0.53024471333967649 0.31439772428995921 3.0805953912559358 3.5906886506900229 0.085539017186166022 1.9713842147882883 1.7760503849859994 -0.092139937996836063 0.90953159700845443 1.1224157344919574 -0.64106210492747373 1.4488028262068509 0.024975275279942935 20.290492941116977 -0.18295659877657527
leaf_weight=771 172 879 6009 651 787 1412 1000 1322 472 1840 740 249 817 128507 103 106 789 662 182 2178 1518 598 176 137 1249 3435 216 1115 1510 1013
leaf_count=771 172 879 6009 651 787 1412 1000 1322 472 1840 740 249 817 128507 103 106 789 662 182 2178 1518 598 176 137 1249 3435 216 1115 1510 1013
internal_value=-0.00200249 0.036487 -0.00514748 0.00579162 0.0245709 0.0432433 0.0392219 0.00462112 0.00705796 0.0125747 0.0352392 0.023719 0.0208731 -0.00570904 0.0326503 0.00099817 0.00487871 0.032287 0.023274 -0.00287447 0.0289041 0.022327 0.0122176 0.0383939 0.0203168 -0.00588322 0.00736576 -0.00352088 0.0499959 -0.0046059
internal_weight=160615 12125 148490 7246 4404 7721 4799 7074 5752 3017 3799 961 3617 141244 489 2735 1616 3059 2800 8187 2180 2618 965 386 2020 133057 2056 4550 2922 1119
internal_count=160615 12125 148490 7246 4404 7721 4799 7074 5752 3017 3799 961 3617 141244 489 2735 1616 3059 2800 8187 2180 2618 965 386 2020 133057 2056 4550 2922 1119
cat_boundaries=0 1 2 3 4 5 6 7 8 9 10 11 12
cat_threshold=806380644 805314560 1073742592 2048 1049604 1073742080 536879104 2181038097 16 1048576 20 256
is_linear=0
shrinkage=0.06


Tree=9
num_leaves=31
num_cat=13
split_feature=0 0 0 3 1 5 0 5 5 0 5 5 2 5 5 0 0 0 5 5 0 5 2 5 5 5 3 3 5 0
split_gain=4697.34 312.506 198.158 146.375 103.261 57.347 55.6943 52.8994 33.5451 21.0073 18.8126 18.0844 24.5004 18.0063 20.2169 16.4639 15.9941 15.7674 17.4614 14.5825 11.5513 11.3146 10.6739 10.6328 10.6289 9.04892 8.39269 8.06471 5.63496 5.48563
threshold=0 1 2 1.5000000000000002 3 0.81149998307228099 4 0.016500000841915611 0.020499999634921554 5 0.46449999511241918 0.017500000074505809 6 0.014500000048428776 0.01049999985843897 7 8 9 0.63150000572204601 0.6055000126361848 10 0.018499999307096008 11 0.014500000048428776 0.56250000000000011 0.01350000035017729 3.5000000000000004 2.5000000000000004 0.82850000262260448 12
decision_type=9 9 9 2 9 2 9 2 2 9 2 2 1 2 2 9 9 9 2 2 9 2 1 2 2 2 2 2 2 9
left_child=2 4 17 5 -2 20 -6 13 11 24 -10 -9 21 14 16 -5 -8 18 -1 26 -4 -13 -16 -22 -3 -24 -17 -11 -29 -15
right_child=1 9 3 15 6 -7 7 8 10 27 -12 12 -14 29 22 19 -18 -19 -20 -21 23 -23 25 -25 -26 -27 -28 28 -30 -31
leaf_value=3.2017740138349522 34.950842211356751 -0.53441354946712694 1.0658818217176731 4.797656359141901 -3.2661319086150229 3.3436778502193145 1.1157820928304552 0.12587030150132592 0.48727119959715393 -2.3392936716210744 1.4780422279976317 0.23816952773998309 0.40028792733455271 0.49843003053929635 0.95906985099986086 1.3819086011037318 -0.27432308044867199 21.327336050447467 5.8595040647570107 5.3433275071552542 2.5875290289719364 0.85495970118794729 -0.39065850782024314 1.9244123630882046 0.080406676154996165 0.10892018290825035 4.0959666374794104 -0.67099879977440369 -0.012763963191417531 -0.17197920284998106
leaf_weight=1072 172 6009 1735 1459 1322 711 116 478 2467 128507 461 249 135 106 283 375 840 1628 469 183 806 137 204 2565 2178 294 83 3147 1403 1021
leaf_count=1072 172 6009 1735 1459 1322 711 116 478 2467 128507 461 249 135 106 283 375 840 1628 469 183 806 137 204 2565 2178 294 83 3147 1403 1021
internal_value=-0.00222999 -0.0050246 0.0354366 0.0302407 0.00629656 0.025377 0.00528647 0.00748037 0.0120137 -0.00568907 0.00877459 0.0215075 0.0292399 0.0012905 0.00512262 0.0438571 -0.000728035 0.0482812 0.0422785 0.0332627 0.0231539 0.0365758 0.0122842 0.0253576 -0.00272807 0.00651968 0.0280611 -0.00587104 -0.00338901 -0.0046158
internal_weight=160615 149529 11086 7917 8285 5817 8113 6791 3927 141244 2928 999 521 2864 1737 2100 956 3169 1541 641 5106 386 781 3371 8187 498 458 133057 4550 1127
internal_count=160615 149529 11086 7917 8285 5817 8113 6791 3927 141244 2928 999 521 2864 1737 2100 956 3169 1541 641 5106 386 781 3371 8187 498 458 133057 4550 1127
cat_boundaries=0 1 2 3 4 5 6 7 8 9 10 11 12 13
cat_threshold=537945188 1342178048 1065056 2048 512 2181038097 16 1028 268435456 1048576 536870912 4 256
is_linear=0
shrinkage=0.06


Tree=10
num_leaves=31
num_cat=12
split_feature=0 0 0 3 1 5 0 5 5 0 0 5 5 5 2 5 5 0 0 5 5 3 5 3 5 5 2 0 5 5
split_gain=4304.92 289.078 229.918 139.079 105.339 55.2983 51.3351 47.4276 32.2731 24.9651 21.72 21.2799 20.1213 17.7329 24.3891 17.3837 19.6803 15.2808 14.9372 14.5936 13.1624 10.4455 9.76735 8.4088 8.34031 10.2469 7.25854 6.20805 7.50462 5.55968
threshold=0 1 2 1.5000000000000002 3 0.81149998307228099 4 0.016500000841915611 0.020499999634921554 5 6 0.73849999904632579 0.59849998354911815 0.017500000074505809 7 0.014500000048428776 0.0094999996945261973 8 9 0.32549999654293066 0.018499999307096008 2.5000000000000004 0.56250000000000011 2.5000000000000004 0.0054999999701976785 0.072499997913837447 10 11 0.26950000226497656 0.28149999678134924
decision_type=9 9 9 2 9 2 9 2 2 9 9 2 2 2 1 2 2 9 9 2 2 2 2 2 2 2 1 9 2 2
left_child=2 4 9 5 -2 24 -6 15 13 11 22 -1 18 -9 20 16 17 -8 -5 -10 -15 -20 -3 -12 -4 -26 -18 28 -27 -29
right_child=1 10 3 12 6 -7 7 8 19 -11 23 -13 -14 14 -16 -17 26 -19 21 -21 -22 -23 -24 -25 25 27 -28 29 -30 -31
leaf_value=3.0449546987322136 32.853791678675343 -0.50234873649909895 1.774085991990948 3.5348797797319889 -3.0701639940981216 3.1430571792061559 1.0332349499665423 0.11831808341124656 0.41547262573749866 20.04769588742062 -2.1989360513238099 5.7598714977708427 5.4587481373962579 0.22387935607558404 0.37627065169447999 -0.15026030419460709 0.25999376522705547 -0.49997613301789046 1.1640706999772386 1.3404150587235755 0.80366211911667107 3.1294893333998561 0.075582275585696565 -0.39696471072420048 1.2162489632028954 1.7576926807697417 -0.086257682620273043 1.4783329915375152 2.7195586096934101 1.077586563639567
leaf_weight=1127 172 6009 1155 881 1322 711 111 478 2342 1628 128507 414 761 249 135 1127 799 651 276 586 137 182 2178 4550 1453 495 176 846 510 647
leaf_count=1127 172 6009 1155 881 1322 711 111 478 2342 1628 128507 414 761 249 135 1127 799 651 276 586 137 182 2178 4550 1453 495 176 846 510 647
internal_value=-0.00235812 -0.00503343 0.0337008 0.0281289 0.00585533 0.0233863 0.0048359 0.00694221 0.0112345 0.0474885 -0.00567251 0.0406538 0.0414 0.0205465 0.0282035 0.001081 0.00484629 -0.00237795 0.0369724 0.00805738 0.0355152 0.0257949 -0.00266219 -0.00585752 0.0212033 0.0198922 0.0104923 0.0222226 0.0263941 0.0191098
internal_weight=160615 149529 11086 7917 8285 5817 8113 6791 3927 3169 141244 1541 2100 999 521 2864 1737 762 1339 2928 386 458 8187 133057 5106 3951 975 2498 1005 1493
internal_count=160615 149529 11086 7917 8285 5817 8113 6791 3927 3169 141244 1541 2100 999 521 2864 1737 762 1339 2928 386 458 8187 133057 5106 3951 975 2498 1005 1493
cat_boundaries=0 1 2 3 4 5 6 7 8 9 10 11 12
cat_threshold=537945188 1342178048 1065056 2048 512 1048576 2181038097 16 268435456 1028 28 8196
is_linear=0
shrinkage=0.06


Tree=11
num_leaves=31
num_cat=13
split_feature=0 0 0 3 1 0 5 5 0 5 5 0 5 5 5 2 5 5 0 5 0 5 3 0 5 2 5 5 5 0
split_gain=3935.56 265.233 251.754 140.385 107.539 46.9518 46.9452 45.4216 39.5761 32.2476 25.4502 22.7357 20.5818 18.7687 18.1281 24.2088 14.8479 17.5077 14.3893 14.281 12.7675 12.6264 10.0988 7.53871 9.0781 7.43188 7.22896 6.81569 5.32849 4.85537
threshold=0 1 2 1.5000000000000002 3 4 0.8204999864101411 0.016500000841915611 5 0.020499999634921554 0.6225000023841859 6 0.77949997782707225 0.5275000035762788 0.017500000074505809 7 0.014500000048428776 0.0094999996945261973 8 0.018499999307096008 9 0.46449999511241918 3.5000000000000004 10 0.014500000048428776 11 0.01350000035017729 0.072499997913837447 0.01049999985843897 12
decision_type=9 9 9 2 9 9 2 2 9 2 2 9 2 2 2 1 2 2 9 2 9 2 2 9 2 1 2 2 2 9
left_child=2 4 8 6 -2 -6 23 16 10 14 -1 13 18 -3 -9 19 17 20 -5 -16 -7 -11 -20 -4 -25 26 -19 -26 -27 -8
right_child=1 11 3 12 5 7 29 9 -10 21 -12 -13 -14 -15 15 -17 -18 25 22 -21 -22 -23 -24 24 27 28 -28 -29 -30 -31
leaf_value=2.8196288206743572 30.882564177954826 -0.76253226912648353 0.91948983856269839 3.3342418093753916 -2.885954154452234 0.97124085296854901 3.6388987066473524 0.11121899840657136 18.844834134175382 0.43310657007707476 5.1618892203734115 -2.2061998699338341 5.2897502738620421 -0.04651542375779387 0.21044659471104979 0.35369441259281098 -0.14124468594293091 -0.4318110791002342 1.1677460583139527 0.75544239196967111 -0.4699775650368167 1.3089347907943589 3.7627753416579379 2.3258321277141634 1.2417406791917249 0.10693663011262117 0.086785346020132298 1.8473232118915672 0.85532612743866898 1.8825251052659451
leaf_weight=1066 172 14512 1738 1010 1322 111 347 478 1628 2467 475 121622 590 5110 249 135 1127 229 410 137 651 461 90 806 765 165 293 1806 288 355
leaf_count=1066 172 14512 1738 1010 1322 111 347 478 1628 2467 475 121622 590 5110 249 135 1127 229 410 137 651 461 90 806 765 165 293 1806 288 355
internal_value=-0.00247991 -0.00503784 0.0319975 0.0261837 0.0053924 0.00436316 0.0214162 0.00637759 0.0463938 0.0105775 0.0384101 -0.00564999 0.0395143 -0.00374756 0.0198859 0.0276276 0.00064106 0.0041209 0.0358013 0.0349091 -0.00269291 0.00740164 0.0252941 0.0194194 0.0212099 0.00944615 0.00426316 0.0195309 0.0149935 0.0359658
internal_weight=160615 149529 11086 7917 8285 8113 5817 6791 3169 3927 1541 141244 2100 19622 999 521 2864 1737 1510 386 762 2928 500 5115 3377 975 522 2571 453 702
internal_count=160615 149529 11086 7917 8285 8113 5817 6791 3169 3927 1541 141244 2100 19622 999 521 2864 1737 1510 386 762 2928 500 5115 3377 975 522 2571 453 702
cat_boundaries=0 1 2 3 4 5 6 7 8 9 10 11 12 13
cat_threshold=537945188 1342178048 1065056 2048 512 1048576 2248146961 16 1028 268435456 536870912 19 8196
is_linear=0
shrinkage=0.06


Tree=12
num_leaves=31
num_cat=14
split_feature=0 0 0 5 1 3 0 0 5 5 0 5 5 2 5 0 5 5 3 0 5 3 0 0 0 2 5 5 5 5
split_gain=3570.11 288.873 241.933 134.508 112.936 54.8762 47.5981 40.5321 41.0193 32.875 19.0307 17.5524 17.4759 22.3059 16.655 13.1618 12.8334 15.2031 12.693 11.5943 9.791 7.35394 18.7202 6.08702 5.89867 5.66569 6.61822 5.17845 6.8115 4.99462
threshold=0 1 2 0.80349999666214 3 1.5000000000000002 4 5 0.016500000841915611 0.020499999634921554 6 0.77150002121925365 0.017500000074505809 7 0.018499999307096008 8 0.014500000048428776 0.0094999996945261973 3.5000000000000004 9 0.20850000530481341 1.5000000000000002 10 11 12 13 0.01350000035017729 0.014500000048428776 0.072499997913837447 0.96849998831748974
decision_type=9 9 9 2 9 2 9 9 2 2 9 2 2 1 2 9 2 2 2 9 2 2 9 9 9 1 2 2 2 2
left_child=1 -1 4 5 -2 6 -3 8 16 12 11 -4 -10 14 -14 -7 17 19 -17 -6 -11 22 -5 29 -8 26 -19 -26 -29 -9
right_child=2 3 10 21 7 15 24 23 9 20 -12 -13 13 -15 -16 18 -18 25 -20 -21 -22 -23 -24 -25 27 -27 -28 28 -30 -31
leaf_value=17.714144086124861 29.029610327277535 2.7428946328315544 -0.7387689980652572 4.7814671691142188 0.91296640179043598 3.1341870195156396 0.85448201978266702 -0.12200214735057284 0.10454585850217711 0.33074092875028444 -2.1266279418247178 -0.025210746992848452 0.19781979902838712 0.33247274783724257 0.71011584845149112 1.0916993146381633 -0.1327700047863547 -0.40590241435422053 3.5370088211584614 -0.44177891113460788 1.1453289945858482 5.0599035788735929 2.3897407141160669 -2.7127969051850997 2.1862822000513136 0.43848057205905883 0.081578225258924136 1.1672362384402208 1.7355855285644184 0.52334785229585323
leaf_weight=1628 172 1164 16228 493 111 1031 1733 1132 478 2162 120045 3730 249 135 137 413 1127 229 90 651 766 566 604 1322 806 453 293 765 1793 109
leaf_count=1628 172 1164 16228 493 111 1031 1733 1132 478 2162 120045 3730 249 135 137 413 1127 229 90 651 766 566 604 1322 806 453 293 765 1793 109
internal_value=-0.00260841 0.0302293 -0.00504467 0.026142 0.00420554 0.0228647 0.0203728 0.0032909 0.00571592 0.00970664 -0.00567432 -0.00395072 0.0191051 0.0267063 0.033697 0.0330352 0.000263965 0.00349914 0.0231228 -0.0028504 0.0065 0.0416609 0.0387949 -0.00313175 0.0177439 0.00846154 0.00392481 0.0193764 0.0181126 -0.000100721
internal_weight=160615 11086 149529 9458 9526 7795 6261 9354 6791 3927 140003 19958 999 521 386 1534 2864 1737 503 762 2928 1663 1097 2563 5097 975 522 3364 2558 1241
internal_count=160615 11086 149529 9458 9526 7795 6261 9354 6791 3927 140003 19958 999 521 386 1534 2864 1737 503 762 2928 1663 1097 2563 5097 975 522 3364 2558 1241
cat_boundaries=0 1 2 3 4 5 6 7 8 9 10 11 12 13 14
cat_threshold=537945188 16480 1342178064 2048 1048576 1342177536 2248179713 16 1028 268435456 1056768 16 536870912 19
is_linear=0
shrinkage=0.06


Tree=13
num_leaves=31
num_cat=13
split_feature=0 0 0 5 1 3 0 0 5 5 0 5 5 0 3 5 5 0 0 3 5 2 0 5 5 5 0 5 4 5
split_gain=3268.88 328.776 221.831 129.936 114.874 44.1781 37.8963 36.4403 38.1431 29.2788 20.7744 17.4112 16.9514 15.8206 26.6997 10.9118 13.4363 10.0388 9.80964 10.4965 9.60183 7.78567 5.78638 5.60688 6.44908 5.21074 5.07399 4.78633 4.50527 4.39246
threshold=0 1 2 0.64949998259544384 3 1.5000000000000002 4 5 0.016500000841915611 0.020499999634921554 6 0.46449999511241918 0.018499999307096008 7 1.5000000000000002 0.014500000048428776 0.01049999985843897 8 9 3.5000000000000004 0.4825000017881394 10 11 0.0054999999701976785 0.072499997913837447 0.017500000074505809 12 0.87049999833107006 0.28949999809265142 0.01350000035017729
decision_type=9 9 9 2 9 2 9 9 2 2 9 2 2 9 2 2 2 9 9 2 2 1 9 2 2 2 9 2 2 2
left_child=1 -1 4 5 -2 6 -3 8 15 12 11 -4 25 27 -15 16 17 -6 -7 -20 -11 28 -9 -8 -25 -10 -17 -5 -18 -23
right_child=2 3 10 13 7 18 23 22 9 20 -12 -13 -14 14 -16 26 21 -19 19 -21 -22 29 -24 24 -26 -27 -28 -29 -30 -31
leaf_value=16.651295440957369 27.287833707640885 2.495054248190312 -0.77044566864226538 4.0593785155037994 0.87378863497709569 2.8810744224029015 1.4395385055585128 -0.014517740092268847 0.098273106992046444 0.38588968663176898 -1.9990302653152345 -0.10114869167075846 0.63882862437364396 1.4638897741577568 4.0742237373180243 0.49398072840237206 1.0415236589850769 -0.22799701046111934 1.0261973557598736 3.224452229457671 1.1608555397977645 -0.32837392616620603 -2.550029090873994 0.9700643500957945 1.3617263907947594 0.19417013485252141 -0.13620395098354862 4.6223162349312172 0.59719515527331624 0.076683531743388753
leaf_weight=1628 172 1081 14161 309 116 912 1155 1241 478 2484 120045 5797 225 485 501 106 138 840 379 83 444 204 1322 1453 2266 296 1021 834 145 294
leaf_count=1628 172 1081 14161 309 116 912 1155 1241 478 2484 120045 5797 225 485 501 106 138 840 379 83 444 204 1322 1453 2266 296 1021 834 145 294
internal_value=-0.00271749 0.0287044 -0.00504868 0.0243549 0.00380914 0.0205903 0.0183526 0.00288723 0.00518659 0.00903438 -0.00565161 -0.00385156 0.0179039 0.0374288 0.0303253 -7.12305e-05 0.00291192 -0.00185774 0.0302882 0.0212034 0.0060082 0.00875032 -0.00320171 0.0159779 0.0148766 0.0136899 -0.00466903 0.0429159 0.0165256 0.00392126
internal_weight=160615 11086 149529 9458 9526 7329 5955 9354 6791 3927 140003 19958 999 2129 986 2864 1737 956 1374 462 2928 781 2563 4874 3719 774 1127 1143 283 498
internal_count=160615 11086 149529 9458 9526 7329 5955 9354 6791 3927 140003 19958 999 2129 986 2864 1737 956 1374 462 2928 781 2563 4874 3719 774 1127 1143 283 498
cat_boundaries=0 1 2 3 4 5 6 7 8 9 10 11 12 13
cat_threshold=537945188 16480 1342178064 2048 1048576 1342177536 2248179713 1056772 268435456 1028 4 16 256
is_linear=0
shrinkage=0.06


Tree=14
num_leaves=31
num_cat=13
split_feature=0 0 0 1 5 3 0 0 5 5 0 5 5 0 3 0 3 5 5 0 5 6 0 5 0 5 0 3 3 5
split_gain=2981.89 362.577 203.538 116.701 116.056 39.2169 35.9478 31.8022 37.1468 28.361 22.9287 18.03 16.9597 10.7624 16.4638 9.9781 11.6655 9.29437 10.9408 9.41477 8.9561 5.93111 5.88577 5.23238 4.77658 4.62279 4.2971 4.24571 4.16629 4.04395
threshold=0 1 2 3 0.78749999403953563 1.5000000000000002 4 5 0.016500000841915611 0.020499999634921554 6 0.018499999307096008 0.41150000691413885 7 1.5000000000000002 8 4.5000000000000009 0.014500000048428776 0.0094999996945261973 9 0.4825000017881394 14.500000000000002 10 0.11850000172853471 11 0.017500000074505809 12 1.5000000000000002 2.5000000000000004 0.019499999471008781
decision_type=9 9 9 9 2 2 9 9 2 2 9 2 2 9 2 9 2 2 2 9 2 2 9 2 9 2 9 2 2 2
left_child=1 -1 3 -2 5 6 23 8 17 11 12 25 -4 27 -15 -7 21 18 19 -5 -11 28 -9 -3 -8 -10 -19 -6 -17 -13
right_child=2 4 10 7 13 15 24 22 9 20 -12 29 -14 14 -16 16 -18 26 -20 -21 -22 -23 -24 -25 -26 -27 -28 -29 -30 -31
leaf_value=15.652217714499928 25.650563685182433 1.9592773892185471 -0.73435945904204003 0.80576109958438336 4.1030008413926637 2.7773127373040305 0.7297990482141925 -0.013646675686732446 0.092376720572523247 0.36273630543386276 -1.87908844939632 0.4006992369284762 -0.11231806235105933 1.5222753374138756 4.2011704595633184 1.0473063137425747 3.1364660462070768 0.4643418846982294 0.12311412039183649 -0.4015923558388641 1.0912042074098993 0.73702540235181069 -2.3970273454215545 2.9230182603058052 1.489900010189283 0.18251992676136977 -0.12803171392453605 5.7438810140893644 2.1277952999364427 0.82330740350501863
leaf_weight=1628 172 525 13660 111 753 1016 1728 1241 478 2484 120045 139 6298 383 390 177 46 106 975 651 444 186 1322 627 3342 296 1021 193 92 86
leaf_count=1628 172 525 13660 111 753 1016 1728 1241 478 2484 120045 139 6298 383 390 177 46 106 975 651 444 186 1322 627 3342 296 1021 193 92 86
internal_value=-0.0028206 0.0271903 -0.00504707 0.00343792 0.0226312 0.0195227 0.0174137 0.00250918 0.00465725 0.00845378 -0.00562461 0.0171832 -0.00373438 0.0367574 0.0295556 0.0281727 0.0195969 -0.000532124 0.00222107 -0.00316536 0.00547541 0.0170769 -0.00317839 0.0270981 0.0151299 0.0128372 -0.00477551 0.041887 0.0227732 0.0321333
internal_weight=160615 11086 149529 9526 9458 7739 6222 9354 6791 3927 140003 999 19958 1719 773 1517 501 2864 1737 762 2928 455 2563 1152 5070 774 1127 946 269 225
internal_count=160615 11086 149529 9526 9458 7739 6222 9354 6791 3927 140003 999 19958 1719 773 1517 501 2864 1737 762 2928 455 2563 1152 5070 774 1127 946 269 225
cat_boundaries=0 1 2 3 4 5 6 7 8 9 10 11 12 13
cat_threshold=537945188 16480 1342178064 2048 1048576 1342177536 2248179713 1056772 1028 268435456 16 536870912 256
is_linear=0
shrinkage=0.06


Tree=15
num_leaves=31
num_cat=12
split_feature=0 0 0 1 5 3 0 5 0 5 0 5 5 0 0 3 3 5 5 0 0 5 5 5 5 6 0 5 5 5
split_gain=2700.5 393.707 193.755 120.495 104.776 33.5775 32.3405 34.904 31.5939 28.5085 19.0872 19.0583 14.605 11.1639 10.3065 13.4508 10.0875 8.80015 10.9182 7.9261 6.81742 6.48347 5.30725 5.17666 4.04395 3.98432 3.93186 3.91349 3.78322 7.34255
threshold=0 1 2 3 0.80349999666214 1.5000000000000002 4 0.016500000841915611 5 0.020499999634921554 6 0.018499999307096008 0.41150000691413885 7 8 4.5000000000000009 1.5000000000000002 0.014500000048428776 0.0094999996945261973 9 10 0.4825000017881394 0.20549999922513965 0.32549999654293066 0.019499999471008781 14.500000000000002 11 0.017500000074505809 0.0054999999701976785 0.094499997794628157
decision_type=9 9 9 9 2 2 9 2 9 2 9 2 2 9 9 2 2 2 2 9 9 2 2 2 2 2 9 2 2 2
left_child=1 -1 3 -2 5 8 7 17 22 11 12 27 -4 -6 -7 25 -15 18 19 -5 23 -11 -3 -8 -13 -16 -19 -9 -10 -30
right_child=2 4 10 6 13 14 20 9 28 21 -12 24 -14 16 15 -17 -18 26 -20 -21 -22 -23 -24 -25 -26 -27 -28 -29 29 -31
leaf_value=14.713084651629931 24.111529864071489 1.9380260598284713 -0.72623349539654525 0.75741543360932095 4.0424726225002336 2.5951767172029108 -0.24862765373286383 0.086834117338171382 1.2809354917163285 0.34097212710783137 -1.7663431424325409 0.37665728271276688 -0.12960509216365437 1.4400590385225576 1.1102501255425534 2.9482780834346514 3.9491002319895192 0.43648137161633571 0.11572727316832652 -0.37749681448853267 -2.2532057046962608 1.0257319549653052 2.7725133340857067 0.21507536892607787 0.77390895929471748 0.68469889739986267 -0.12034981108906351 0.17156873115568827 0.82472420098476495 1.2635116130937973
leaf_weight=1628 172 684 12631 111 919 1031 1851 478 1155 2484 120045 139 5819 369 269 46 375 106 975 651 1322 444 480 898 86 188 1021 296 1685 2257
leaf_count=1628 172 684 12631 111 919 1031 1851 478 1155 2484 120045 139 5819 369 269 46 375 106 975 651 1322 444 480 898 86 188 1021 296 1685 2257
internal_value=-0.00292146 0.0256384 -0.00504025 0.00261101 0.0208948 0.018 0.00179801 0.00433083 0.0160508 0.00801069 -0.00564998 0.0167628 -0.00384507 0.0345893 0.0259557 0.0175088 0.0273422 -0.000699722 0.00197927 -0.00340158 -0.00242735 0.00502459 0.0250733 -0.000715478 0.0321333 0.014744 -0.00482875 0.0122946 0.0139138 0.0130563
internal_weight=160615 11086 149529 11034 9458 7795 10862 6791 6261 3927 138495 999 18450 1663 1534 503 744 2864 1737 762 4071 2928 1164 2749 225 457 1127 774 5097 3942
internal_count=160615 11086 149529 11034 9458 7795 10862 6791 6261 3927 138495 999 18450 1663 1534 503 744 2864 1737 762 4071 2928 1164 2749 225 457 1127 774 5097 3942
cat_boundaries=0 1 2 3 4 5 6 7 8 9 10 11 12
cat_threshold=537945188 16480 3489661712 2048 1342177536 1048576 100696065 1056772 1028 268435456 2147483664 256
is_linear=0
shrinkage=0.06


Tree=16
num_leaves=31
num_cat=12
split_feature=0 0 0 1 5 0 0 5 5 3 0 5 0 5 0 3 3 5 5 5 0 0 5 5 5 3 4 5 0 5
split_gain=2417.64 407.65 180.678 121.721 92.6022 29.6131 28.0225 32.2719 26.7418 22.5111 20.7916 18.5024 14.8827 13.826 11.4414 11.2264 11.0362 8.67282 7.84527 10.656 6.99025 6.13585 5.69191 5.55605 4.81673 4.76802 4.4739 4.04178 3.93186 3.57799
threshold=0 1 2 3 0.78749999403953563 4 5 0.016500000841915611 0.020499999634921554 1.5000000000000002 6 0.018499999307096008 7 0.76350000500679027 8 4.5000000000000009 1.5000000000000002 0.23050000518560412 0.014500000048428776 0.0094999996945261973 9 10 0.004500000039115549 0.7215000092983247 0.32549999654293066 1.5000000000000002 0.68050000071525585 0.54150000214576732 11 0.01049999985843897
decision_type=9 9 9 9 2 9 9 2 2 2 9 2 9 2 9 2 2 2 2 2 9 9 2 2 2 2 2 2 9 2
left_child=1 -1 3 -2 5 9 7 18 11 12 13 -9 27 -4 25 17 -16 -7 19 21 24 -5 -14 -10 -8 -6 -18 -3 -20 -11
right_child=2 4 10 6 14 15 20 8 23 29 -12 -13 22 -15 16 -17 26 -19 28 -21 -22 -23 -24 -25 -26 -27 -28 -29 -30 -31
leaf_value=13.830299572532136 22.664838072227198 1.9400931786123994 -0.62430562298620285 0.71197050759276237 3.614272433559091 0.6247975808066828 -0.23370999450889174 0.10896353380898785 0.32266054192243354 2.5416903425056621 -1.6603625538865885 0.50466592514324071 2.5120969511889495 -0.017891413022042002 1.3445352748576886 2.7713813984285727 3.1357387091540168 1.2357590381331411 0.41029248931935541 0.1087836367782266 -2.118013362414485 -0.35484700561922039 1.223906678385229 1.0535307004536612 0.20217084679051309 5.1566997958939895 3.7306341676580752 3.1699973173690466 -0.11312882242371927 2.3858605897883103
leaf_weight=1628 172 1024 14974 111 753 2128 1851 774 2617 79 120045 225 501 3476 383 46 146 763 106 975 1322 651 2133 311 898 193 244 128 1021 937
leaf_count=1628 172 1024 14974 111 753 2128 1851 774 2617 79 120045 225 501 3476 383 46 146 763 106 975 1322 651 2133 311 898 193 244 128 1021 937
internal_value=-0.00301747 0.0240054 -0.0050222 0.00236653 0.0191838 0.016406 0.00154967 0.00390737 0.00744538 0.0193367 -0.00561099 0.0159219 0.0172488 -0.00372806 0.031801 0.0115093 0.0248812 0.0110806 -0.000930169 0.00159931 -0.00238324 -0.00371654 0.0145371 0.00455328 -0.000650237 0.0368033 0.0323077 0.0231222 -0.00482875 0.0273071
internal_weight=160615 11086 149529 11034 9458 7739 10862 6791 3927 4802 138495 999 3786 18450 1719 2937 773 2891 2864 1737 4071 762 2634 2928 2749 946 390 1152 1127 1016
internal_count=160615 11086 149529 11034 9458 7739 10862 6791 3927 4802 138495 999 3786 18450 1719 2937 773 2891 2864 1737 4071 762 2634 2928 2749 946 390 1152 1127 1016
cat_boundaries=0 1 2 3 4 5 6 7 8 9 10 11 12
cat_threshold=537945188 16480 3489661712 2048 1049604 1342177536 100696065 1048576 1056772 2147483664 268435456 256
is_linear=0
shrinkage=0.06


Tree=17
num_leaves=31
num_cat=13
split_feature=0 0 0 1 5 0 5 3 0 5 0 5 5 0 3 5 5 0 0 3 3 0 5 5 5 0 3 3 4 0
split_gain=2133.84 406.462 168.427 121.273 82.923 25.9432 29.9144 25.8295 23.3703 23.3095 22.6383 13.5613 13.337 9.55799 9.25466 7.68443 9.97478 7.15073 6.64668 6.27072 6.19299 6.13585 6.02986 5.38235 4.12256 4.11897 14 4.09788 4.02495 3.93492
threshold=0 1 2 3 0.78749999403953563 4 0.016500000841915611 1.5000000000000002 5 0.020499999634921554 6 0.018499999307096008 0.41150000691413885 7 1.5000000000000002 0.014500000048428776 0.0094999996945261973 8 9 2.5000000000000004 3.5000000000000004 10 0.082499999552965178 0.7215000092983247 0.32549999654293066 11 3.5000000000000004 2.5000000000000004 0.80249997973442089 12
decision_type=9 9 9 9 2 9 2 2 9 2 9 2 2 9 2 2 2 9 9 2 2 9 2 2 2 9 2 2 2 9
left_child=1 22 3 -2 7 6 15 8 -3 11 12 -8 -4 19 -15 16 21 27 24 -6 -19 -5 -1 -11 -7 -16 28 -9 -27 -10
right_child=2 4 10 5 13 18 9 17 29 23 -12 -13 -14 14 25 -17 -18 20 -20 -21 -22 -23 -24 -25 -26 26 -28 -29 -30 -31
leaf_value=8.1690749558606548 21.304947787893568 2.0023264643290974 -0.64520114829358077 0.66925227713719715 3.2972164342883943 -0.21968739483835864 0.10242572178044936 2.1953102727603868 0.57362513119450764 0.3033009094070877 -1.5607408006533934 0.47438596963464702 -0.11265901947245126 1.2638631583662288 3.4782957686929317 -0.097341001525561799 0.10225661857153297 0.80894530902886852 -1.990932560669616 6.9069210442952187 2.6050985145228593 -0.33355618528206715 14.030380188476888 0.99031885842644207 0.19004059598308257 -0.22019515235004128 4.6241175596122259 5.4712938262023307 1.3394166434414574 1.2578844791980126
leaf_weight=344 172 1152 12631 111 891 1851 774 972 1728 2617 120045 225 5819 383 250 1127 975 411 1322 55 90 651 1284 311 898 74 40 44 26 3342
leaf_count=344 172 1152 12631 111 891 1851 774 972 1728 2617 120045 225 5819 383 250 1127 975 411 1322 55 90 651 1284 311 898 74 40 44 26 3342
internal_value=-0.00312318 0.0222642 -0.00500655 0.00212749 0.0174537 0.00131236 0.00358094 0.0148244 0.0131128 0.00698701 -0.00557503 0.0149009 -0.00361105 0.0293927 0.0230421 -0.00107682 0.0014266 0.0218444 -0.00247145 0.0339791 0.0147828 -0.00371654 0.0499341 0.00428688 -0.000780719 0.0298462 0.0168 0.0249357 0.006 0.0112795
internal_weight=160615 11086 149529 11034 9458 10862 6791 7739 6222 3927 138495 999 18450 1719 773 2864 1737 1517 4071 946 501 762 1628 2928 2749 390 140 1016 100 5070
internal_count=160615 11086 149529 11034 9458 10862 6791 7739 6222 3927 138495 999 18450 1719 773 2864 1737 1517 4071 946 501 762 1628 2928 2749 390 140 1016 100 5070
cat_boundaries=0 1 2 3 4 5 6 7 8 9 10 11 12 13
cat_threshold=537945188 16480 3489661712 2048 1342177536 1048576 100696065 1056772 1028 2147483664 268435456 1024 536870912
is_linear=0
shrinkage=0.06


Tree=18
num_leaves=31
num_cat=11
split_feature=0 0 0 5 3 0 0 5 5 5 6 3 5 5 0 3 0 1 5 3 5 5 0 3 3 0 5 5 1 6
split_gain=1890.37 401.355 162.619 76.5464 23.941 24.5195 22.3051 26.4364 19.3844 16.4424 22.7109 15.4159 10.669 9.53678 8.18666 10.1197 8.15693 86.2701 7.98902 7.40204 7.39176 10.0123 6.52965 8.31859 7.2976 5.72305 4.76092 4.61156 3.89307 7.67951
threshold=0 1 2 0.94149997830390941 1.5000000000000002 3 4 0.016500000841915611 0.020499999634921554 0.1345000043511391 8.5000000000000018 2.5000000000000004 0.018499999307096008 0.26150000095367437 5 1.5000000000000002 6 7 0.53450000286102306 3.5000000000000004 0.014500000048428776 0.0094999996945261973 8 4.5000000000000009 2.5000000000000004 9 0.25749999284744268 0.20850000530481341 10 7.5000000000000009
decision_type=9 9 9 2 2 9 9 2 2 2 2 2 2 2 9 2 9 9 2 2 2 2 9 2 2 9 2 2 9 2
left_child=1 13 6 4 5 18 7 20 12 -8 -11 28 -9 -1 19 -16 17 -12 -3 -5 21 25 24 -24 -6 -2 -13 -10 29 -4
right_child=2 3 11 14 22 -7 9 8 27 10 16 26 -14 -15 15 -17 -18 -19 -20 -21 -22 -23 23 -25 -26 -27 -28 -29 -30 -31
leaf_value=9.6728333566250519 0.62909714050896581 1.7063011707136149 34.288564998433607 1.0215023451054901 1.9898895651553754 0.93445264932060867 -0.47410645288678921 0.096280178473621553 0.2079628987950895 18.203701793077673 21.403260940381507 -0.50091068661703619 0.44592281145656781 14.677337729786762 2.9756343512446017 4.1170887054017795 -0.0085681782740633129 -1.6788766824182442 2.8776393732799326 4.3466705060354931 -0.091500541434027971 0.096121221457241127 0.75116955391001317 2.8394689679495553 4.9728873293963476 -0.3135428141651434 -0.048458350451278984 0.79767659246206568 -1.5696962976825493 -0.64383867372357562
leaf_weight=855 111 1020 73 204 1058 5251 4606 774 2162 58 124 1786 225 773 740 348 4482 411 224 36 1127 975 474 50 53 651 2764 766 113600 14834
leaf_count=855 111 1020 73 204 1058 5251 4606 774 2162 58 124 1786 225 773 740 348 4482 411 224 36 1127 975 474 50 53 651 2764 766 113600 14834
internal_value=-0.00320462 0.0206907 -0.00497726 0.0159138 0.0137491 0.0121155 0.00064725 0.00328099 0.00648281 -0.00120173 0.00115271 -0.00567355 0.0136997 0.0481758 0.0292861 0.0316503 0.000721147 0.00765137 0.0197416 0.01656 -0.00109777 0.00135751 0.0202385 0.0136629 0.0230098 -0.00379528 -0.00224176 0.00402049 -0.0057955 -0.0048617
internal_weight=160615 11086 149529 9458 8130 6495 16472 6791 3927 9681 5075 133057 999 1628 1328 1088 5017 535 1244 240 2864 1737 1635 524 1111 762 4550 2928 128507 14907
internal_count=160615 11086 149529 9458 8130 6495 16472 6791 3927 9681 5075 133057 999 1628 1328 1088 5017 535 1244 240 2864 1737 1635 524 1111 762 4550 2928 128507 14907
cat_boundaries=0 1 2 3 4 5 6 7 8 9 10 11
cat_threshold=537945188 16480 3523216145 1048576 1342177536 536870912 512 2048 1028 268435456 5
is_linear=0
shrinkage=0.06


Tree=19
num_leaves=31
num_cat=14
split_feature=0 0 0 5 3 5 0 1 0 0 3 5 5 5 0 5 0 3 0 3 5 5 5 2 1 5 4 0 3 0
split_gain=1684.55 399.138 155.179 67.104 21.2905 21.2547 35.9754 98.0162 29.4813 19.5783 16.5394 15.5685 14.0756 10.9554 9.85122 13.058 7.79949 8.93015 15.9624 8.46417 7.52654 6.90711 6.74443 5.60236 5.33511 6.07838 5.31818 4.99024 4.67109 7.55496
threshold=0 1 2 0.93250000476837169 1.5000000000000002 0.016500000841915611 3 4 5 6 1.5000000000000002 0.021499999798834327 0.018499999307096008 0.26150000095367437 7 0.011500000022351744 8 1.5000000000000002 9 3.5000000000000004 0.51350000500679027 0.53450000286102306 0.033500000834465034 10 11 0.59049999713897716 0.31350000202655798 12 3.5000000000000004 13
decision_type=9 9 9 2 2 2 9 9 9 9 2 2 2 2 9 2 9 2 9 2 2 2 2 1 9 2 2 9 2 9
left_child=1 13 5 4 9 14 7 -7 11 21 24 12 -9 -1 15 27 19 18 -18 -5 -12 -3 -13 -17 25 -4 -25 -2 29 -6
right_child=2 3 10 16 28 6 -8 8 -10 -11 20 22 -14 -15 -16 23 17 -19 -20 -21 -22 -23 -24 26 -26 -27 -28 -29 -30 -31
leaf_value=9.0924633552275491 0.62854031214339812 1.6039231004707972 -0.58186599556968144 0.95646211315755747 1.9803181543555455 18.761653401748926 -0.033507415357991871 0.08636350650328227 -1.687584010346689 0.87845125530234747 -0.4440315189875319 -0.20406063501022401 0.55452723051130082 13.796697465999557 -0.14565047817323148 -0.13459428659004402 1.4961700976847863 3.8638851777043381 3.2503643964529076 4.085870275673364 -0.004894068694457303 2.7256535528079837 0.4960829356739333 1.1454625903800775 -1.5217145472874167 -0.13210611785247536 0.54503941761000074 -0.11364511386236041 2.669100829872582 0.71533841725253522
leaf_weight=855 117 1020 8129 207 1088 172 7965 704 760 5245 4716 433 195 773 3225 104 359 353 389 36 2442 220 1521 143 115728 2042 143 990 112 429
leaf_count=855 117 1020 8129 207 1088 172 7965 704 760 5245 4716 433 195 773 3225 104 359 353 389 36 2442 220 1521 143 115728 2042 143 990 112 429
internal_value=-0.00328307 0.019274 -0.00495639 0.0145133 0.0124718 0.00053804 0.00190468 0.00671146 0.00453271 0.0109314 -0.00563658 0.00732867 0.0138888 0.046674 -0.0028615 0.00116655 0.0269464 0.0292115 0.0257647 0.0148696 -0.00283152 0.01776 0.004348 0.0106154 -0.0057965 -0.00445595 0.0146757 -0.00215176 0.0186041 0.017731
internal_weight=160615 11086 149529 9458 8114 16472 11750 3785 3613 6485 133057 2853 899 1628 4722 1497 1344 1101 748 243 7158 1240 1954 390 125899 10171 286 1107 1629 1517
internal_count=160615 11086 149529 9458 8114 16472 11750 3785 3613 6485 133057 2853 899 1628 4722 1497 1344 1101 748 243 7158 1240 1954 390 125899 10171 286 1107 1629 1517
cat_boundaries=0 1 2 3 4 5 6 7 8 9 10 11 12 13 14
cat_threshold=537945188 16480 3523216145 1342177792 2048 1342177280 1048576 268435712 536870912 1028 10 1 268435456 1028
is_linear=0
shrinkage=0.06


Tree=20
num_leaves=31
num_cat=15
split_feature=0 0 0 5 5 0 1 0 3 0 3 5 0 5 5 0 5 5 3 0 1 5 3 0 5 5 0 3 0 2
split_gain=1499.97 361.622 147.285 56.288 18.9334 29.2086 90.7606 26.2352 18.9117 17.304 16.9605 15.4007 24.4486 13.8216 11.6784 8.78689 10.6455 7.20361 6.84423 10.5191 6.35073 6.02053 5.89098 11.9396 5.67502 5.60586 4.85229 4.83603 7.03189 4.69486
threshold=0 1 2 0.94149997830390941 0.016500000841915611 3 4 5 1.5000000000000002 6 1.5000000000000002 0.34749999642372137 7 0.021499999798834327 0.017500000074505809 8 0.011500000022351744 0.23650000244379046 3.5000000000000004 9 10 0.69449999928474437 1.5000000000000002 11 0.54150000214576732 0.033500000834465034 12 5.5000000000000009 13 14
decision_type=9 9 9 2 2 9 9 9 2 9 2 2 9 2 2 9 2 2 2 9 9 2 2 9 2 2 9 2 9 1
left_child=1 11 4 8 15 6 -6 13 9 24 20 12 -1 14 -8 16 26 -12 19 -5 21 -4 23 -21 -3 -15 -2 28 -10 -18
right_child=2 3 10 18 5 -7 7 -9 27 -11 17 -13 -14 25 -16 -17 29 -19 -20 22 -22 -23 -24 -25 -26 -27 -28 -29 -30 -31
leaf_value=3.9598688040065317 0.59082789341479403 1.5049345437648431 -0.53795417316460226 0.90282447760970752 17.635954197643986 -0.031496970436512582 0.05492185272312497 -1.5863289697258875 1.917033759274225 0.82567841504323214 -0.4670655568801359 13.414382842320768 10.310556100032263 -0.19181699690961068 0.27813595954196157 -0.13691144948283721 -0.12651862939464137 -0.060617664065177906 5.2000488747212499 1.4648755846361068 -1.4304116744501718 -0.10306022901756001 3.0166311513216622 3.1095820475505649 2.562114339639503 0.46631795953349692 -0.10682640703061874 2.7764784890243468 0.67241811221738368 0.75599392586676906
leaf_weight=606 117 1024 8413 204 172 7965 439 760 1111 5251 3420 651 371 433 460 3225 104 3738 62 355 115728 1758 322 385 220 1521 990 29 495 286
leaf_count=606 117 1024 8413 204 172 7965 439 760 1111 5251 3420 651 371 433 460 3225 104 3738 62 355 115728 1758 322 385 220 1521 990 29 495 286
internal_value=-0.00336339 0.0179221 -0.00494235 0.0133916 0.000410628 0.00170042 0.00603162 0.00393652 0.0115351 0.0100831 -0.00560501 0.044 0.0395067 0.00657422 0.0127542 -0.00279797 0.0010073 -0.00276446 0.0248584 0.0239052 -0.00576696 -0.00430862 0.0262948 0.0235946 0.016488 0.00376458 -0.00198916 0.0173028 0.0168643 0.00953846
internal_weight=160615 11086 149529 9458 16472 11750 3785 3613 8130 6495 133057 1628 977 2853 899 4722 1497 7158 1328 1266 125899 10171 1062 740 1244 1954 1107 1635 1606 390
internal_count=160615 11086 149529 9458 16472 11750 3785 3613 8130 6495 133057 1628 977 2853 899 4722 1497 7158 1328 1266 125899 10171 1062 740 1244 1954 1107 1635 1606 390
cat_boundaries=0 1 2 3 4 5 6 7 8 9 10 11 12 13 14 15
cat_threshold=537945188 16480 3523216145 1342177792 2048 1342177280 1048576 32 268435712 536870912 1 1028 268435456 1028 10
is_linear=0
shrinkage=0.06


Tree=21
num_leaves=31
num_cat=15
split_feature=0 0 0 5 0 5 3 5 0 1 0 3 0 5 1 0 5 5 5 5 2 5 3 6 0 3 0 0 0 5
split_gain=1330.68 345.277 142.305 45.467 22.6912 25.437 17.2206 16.7285 24.9447 83.6201 21.5931 16.0351 14.249 12.1303 7.93503 7.68274 9.81015 7.50448 7.07671 6.16884 12.6646 8.76998 5.45883 8.56833 6.0151 5.43344 5.07681 5.02918 4.44523 4.41401
threshold=0 1 2 0.95949998497962963 3 0.52050000429153453 1.5000000000000002 0.016500000841915611 4 5 6 1.5000000000000002 7 0.021499999798834327 8 9 0.011500000022351744 0.23650000244379046 0.4825000017881394 0.017500000074505809 10 0.018499999307096008 2.5000000000000004 14.500000000000002 11 5.5000000000000009 12 13 14 0.54150000214576732
decision_type=9 9 9 2 9 2 2 2 9 9 9 2 9 2 9 9 2 2 2 2 1 2 2 2 9 2 9 9 9 2
left_child=1 4 7 11 -1 -6 14 15 9 -9 -11 12 29 19 18 16 28 -8 -4 -12 21 -21 24 -24 -5 27 -14 -13 -2 -3
right_child=2 3 6 22 5 -7 17 8 -10 10 13 25 26 -15 -16 -17 -18 -19 -20 20 -22 -23 23 -25 -26 -27 -28 -29 -30 -31
leaf_value=13.296759557794429 0.5553782198099062 1.4146384711389539 -0.70258692820679436 0.72948101707352009 4.0533550868357588 8.592521433357323 -0.43904162346732817 16.577796945785348 -0.077142800248125531 -1.4911492315423343 0.054686782700512707 1.7798832006175851 0.39715283708583582 0.29653922296130997 -1.5503869922937084 -0.12869676251386691 0.55914505517220403 -0.0569806042212673 -0.27255614523120941 0.11272494951400915 0.027705529694771462 0.5806650647619499 3.5287151266496868 4.8880459422379756 2.4546371211176439 2.6098897796828857 1.0343410384375566 0.63207302548434141 -0.10041682260878129 2.6580610891966896
leaf_weight=595 117 1024 24697 169 706 327 3420 172 6891 760 478 1116 1779 2871 96911 3225 390 3738 4291 249 177 152 36 67 1014 29 3493 503 990 228
leaf_count=595 117 1024 24697 169 706 327 3420 172 6891 760 478 1116 1779 2871 96911 3225 390 3738 4291 249 177 152 36 67 1014 29 3493 503 990 228
internal_value=-0.00342951 0.016619 -0.00491667 0.0121939 0.0420952 0.035419 -0.00556804 0.000345102 0.00155745 0.00484411 0.00328678 0.0105565 0.00922072 0.0050795 -0.00573121 -0.0026709 0.000887855 -0.00270579 -0.00484958 0.0105909 0.0147612 0.0204234 0.0226936 0.0359417 0.0215402 0.0158447 0.00780159 0.0153836 -0.00198916 0.0150143
internal_weight=160615 11086 149529 9458 1628 1033 133057 16472 11750 4859 4687 8172 6524 3927 125899 4722 1497 7158 28988 1056 578 401 1286 103 1183 1648 5272 1619 1107 1252
internal_count=160615 11086 149529 9458 1628 1033 133057 16472 11750 4859 4687 8172 6524 3927 125899 4722 1497 7158 28988 1056 578 401 1286 103 1183 1648 5272 1619 1107 1252
cat_boundaries=0 1 2 3 4 5 6 7 8 9 10 11 12 13 14 15
cat_threshold=537945188 16480 3523216145 16448 1342178048 2048 512 1048576 8197 268435712 16 536870912 536870912 1028 268435456
is_linear=0
shrinkage=0.06


Tree=22
num_leaves=31
num_cat=14
split_feature=0 0 0 5 0 5 3 5 0 1 0 3 0 5 1 5 5 0 5 3 0 3 3 6 0 5 2 5 0 3
split_gain=1219.7 336.855 135.887 38.457 30.051 29.1982 18.5788 15.5582 20.8602 68.2053 20.361 14.814 13.2959 10.8255 9.81394 7.44838 7.35541 6.46677 8.68052 6.44045 6.93221 6.83189 5.82448 5.53621 5.32416 5.00734 10.8475 8.96043 4.96177 4.32062
threshold=0 1 2 0.95949998497962963 3 0.50049999356269848 1.5000000000000002 0.016500000841915611 4 5 6 1.5000000000000002 7 0.021499999798834327 8 0.35249999165534979 0.51350000500679027 9 0.0094999996945261973 3.5000000000000004 10 1.5000000000000002 5.5000000000000009 14.500000000000002 11 0.017500000074505809 12 0.019499999471008781 13 2.5000000000000004
decision_type=9 9 9 2 9 2 2 2 9 9 9 2 9 2 9 2 2 9 2 2 9 2 2 2 9 2 1 2 9 2
left_child=1 4 7 11 -1 -6 14 17 9 -9 -11 12 -3 25 15 -4 -8 18 24 20 -5 -22 28 -21 -2 -12 27 -27 29 -13
right_child=2 3 6 19 5 -7 16 8 -10 10 13 22 -14 -15 -16 -17 -18 -19 -20 23 21 -23 -24 -25 -26 26 -28 -29 -30 -31
leaf_value=12.498953984326764 0.48486652655634088 1.5659672479498634 -0.67711218002039897 3.2310108305620995 3.6561672693475495 8.0059287849625864 -0.37172329195627735 15.583129129038225 -0.072514232233237982 -1.4016802776497939 0.05140557573848184 1.5126774734766388 0.73404954950137646 0.27874686958363115 -1.4573637727560858 -0.27851490435607584 0.0024554715243965573 -0.12097495676303481 0.19141906841605386 3.3169922190507046 1.2273225077087386 2.2887704981502597 2.4532963929019131 5.2008210959705252 -0.27547694470512879 0.13308160165838501 0.026043197913085216 1.1864197270073082 0.59414864395528066 4.3338799827777263
leaf_weight=595 111 1252 23589 289 694 339 4716 172 6891 760 478 1063 5272 2871 96911 5399 2442 3225 735 20 545 394 29 38 651 351 177 50 503 53
leaf_count=595 111 1252 23589 289 694 339 4716 172 6891 760 478 1063 5272 2871 96911 5399 2442 3225 735 20 545 394 29 38 651 351 177 50 503 53
internal_value=-0.00346761 0.0157267 -0.00489139 0.0113574 0.0408864 0.0335781 -0.00552791 0.000250454 0.00141957 0.00442514 0.00301852 0.00985169 0.00856775 0.00475946 -0.00569738 -0.00471922 -0.00255491 -0.0026582 0.000609156 0.021014 0.0200912 0.0168872 0.0149345 0.0405517 -0.00387402 0.00996591 0.0137232 0.0189635 0.0144571 0.0167531
internal_weight=160615 11086 149529 9458 1628 1033 133057 16472 11750 4859 4687 8172 6524 3927 125899 28988 7158 4722 1497 1286 1228 939 1648 58 762 1056 578 401 1619 1116
internal_count=160615 11086 149529 9458 1628 1033 133057 16472 11750 4859 4687 8172 6524 3927 125899 28988 7158 4722 1497 1286 1228 939 1648 58 762 1056 578 401 1619 1116
cat_boundaries=0 1 2 3 4 5 6 7 8 9 10 11 12 13 14
cat_threshold=537945188 16480 3523216145 16448 1342178048 2048 512 1048576 8197 268435712 1048576 268435456 16 1028
is_linear=0
shrinkage=0.06


Tree=23
num_leaves=31
num_cat=12
split_feature=0 0 0 0 5 5 3 5 0 1 0 3 1 0 5 6 5 3 5 3 0 0 3 6 5 5 2 5 5 5
split_gain=1104.68 319.101 131.82 39.2202 36.3856 27.4328 20.088 14.1897 17.8476 59.7672 19.2771 13.042 11.5601 9.86841 9.6982 8.21273 7.66771 7.19984 6.90796 6.32823 6.16996 5.55758 7.13748 5.53621 4.90123 4.59388 9.65923 9.7677 4.44488 4.24244
threshold=0 1 2 3 0.95949998497962963 0.6055000126361848 1.5000000000000002 0.016500000841915611 4 5 6 1.5000000000000002 7 8 0.021499999798834327 8.5000000000000018 0.37150000035762792 3.5000000000000004 0.25749999284744268 5.5000000000000009 9 10 1.5000000000000002 14.500000000000002 0.14250000566244128 0.017500000074505809 11 0.019499999471008781 0.20549999922513965 0.011500000022351744
decision_type=9 9 9 9 2 2 2 2 9 9 9 2 9 9 2 2 2 2 2 2 9 9 2 2 2 2 1 2 2 2
left_child=1 3 7 -1 11 28 12 20 9 -9 -11 13 16 15 25 -3 -4 21 -8 -13 -2 -6 -23 -19 29 -12 27 -27 -5 -17
right_child=2 4 6 5 17 -7 18 8 -10 10 14 19 -14 -15 -16 24 -18 23 -20 -21 -22 22 -24 -25 -26 26 -28 -29 -30 -31
leaf_value=11.749016745267156 -0.017476453510913644 77.160958547259725 -0.6335745493382261 3.1335110094864693 3.0371501807283718 7.8652344967996823 -0.39291607363694764 14.648141381295934 -0.068163378299244071 -1.3175794609908063 0.048321241194173581 1.2940098732327552 -1.3699219463907208 0.53792108409826844 0.26202205740861256 1.1724992806147134 -0.25431189755293815 3.1179726859076617 -0.043291984940895527 2.3060986093277989 -0.75983276668891742 1.1536831572462154 2.1514442682612445 4.8887718302122938 1.7868142628319621 0.1250967055588825 0.024480606038300243 1.1152345433868691 4.0554332836337306 0.67776182668545804
leaf_weight=595 3051 90 23790 473 289 290 3557 172 6891 760 478 1619 96911 4042 2871 466 5198 20 3601 29 1671 545 394 38 1177 351 177 50 270 749
leaf_count=595 3051 90 23790 473 289 290 3557 172 6891 760 478 1619 96911 4042 2871 466 5198 20 3601 29 1671 545 394 38 1177 351 177 50 270 749
internal_value=-0.00351356 0.0147534 -0.00486852 0.0392381 0.0105019 0.0312196 -0.00549544 0.000195849 0.00131234 0.00409242 0.00277581 0.00903671 -0.00567164 0.007832 0.0044699 0.0108299 -0.00461163 0.0198942 -0.00240402 0.0138058 -0.00258196 0.0189186 0.0160021 0.0405517 0.010204 0.00939773 0.0129965 0.0179416 0.0254132 0.00753086
internal_weight=160615 11086 149529 1628 9458 1033 133057 16472 11750 4859 4687 8172 125899 6524 3927 2482 28988 1286 7158 1648 4722 1228 939 58 2392 1056 578 401 743 1215
internal_count=160615 11086 149529 1628 9458 1033 133057 16472 11750 4859 4687 8172 125899 6524 3927 2482 28988 1286 7158 1648 4722 1228 939 58 2392 1056 578 401 743 1215
cat_boundaries=0 1 2 3 4 5 6 7 8 9 10 11 12
cat_threshold=537945188 16480 3523216145 16448 1342178048 2048 512 8197 1048580 1342177552 1048576 16
is_linear=0
shrinkage=0.06


Tree=24
num_leaves=31
num_cat=11
split_feature=0 0 0 0 5 5 3 0 5 0 1 0 1 3 0 6 3 5 5 5 5 5 5 6 3 5 5 5 2 5
split_gain=993.017 312.242 108.875 40.8036 30.8807 25.3879 21.0809 15.5182 14.7665 13.6149 52.4967 13.931 11.1474 9.92523 8.44878 8.40011 8.37382 7.07086 6.59743 6.39065 6.1394 4.94976 4.82292 4.68955 4.65578 3.99933 12.2517 9.01108 4.5603 15.8598
threshold=0 1 2 3 0.97749999165534984 0.67649999260902416 1.5000000000000002 4 0.0094999996945261973 5 6 7 8 2.5000000000000004 9 14.500000000000002 1.5000000000000002 0.41650000214576727 0.25749999284744268 0.35249999165534979 0.32150000333786016 0.20549999922513965 0.86149999499320995 7.5000000000000009 4.5000000000000009 0.016500000841915611 0.0224999999627471 0.014500000048428776 10 0.018499999307096008
decision_type=9 9 9 9 2 2 2 9 2 9 9 9 9 2 9 2 2 2 2 2 2 2 2 2 2 2 2 2 1 2
left_child=1 3 8 -1 7 21 12 16 -2 10 17 -12 19 14 -6 -15 -3 -10 -8 -4 24 -5 -11 -21 -9 27 28 -13 29 -27
right_child=2 4 6 5 13 -7 18 20 9 22 11 25 -14 15 -16 -17 -18 -19 -20 23 -22 -23 -24 -25 -26 26 -28 -29 -30 -31
leaf_value=11.044075740551129 -0.54169946587098217 1.0951787304523493 -0.6216308735736078 2.9455003489172804 0.6326728272546126 7.5081015612273765 -0.36934110921873042 0.29437658338998507 7.3659069880039549 -0.21964339172717348 -1.2693725275838597 0.079003489129824023 -1.2877266296072778 2.930894324753202 2.0278316099265381 3.9893876101327281 1.482561616468663 16.100825891152599 -0.040694465844441932 35.987701158855799 0.87862901265916216 3.9796069326330943 0.12310417493560741 -0.28144762548455199 1.509532619525944 0.057290600591217072 0.11166008162947808 -0.056627756436977844 0.18225696524582274 0.41790893482798763
leaf_weight=595 1633 4018 22555 473 302 261 3557 3037 110 6555 847 1040 96911 36 985 65 1125 62 3601 28 883 299 1542 4828 46 676 2930 1150 304 161
leaf_count=595 1633 4018 22555 473 302 261 3557 3037 110 6555 847 1040 96911 36 985 65 1125 62 3601 28 883 299 1542 4828 46 676 2930 1150 304 161
internal_value=-0.00356175 0.0129419 -0.0049099 0.0373333 0.00912706 0.0292637 -0.00549441 0.00786541 -0.000391306 0.00018456 0.00206584 0.00124923 -0.00567713 0.0174726 0.0160513 0.0355842 0.010045 0.0338901 -0.00232858 -0.00459961 0.005001 0.0240777 -0.00150759 -0.00262685 0.00375024 0.00222835 0.00334414 0.000164382 0.00861875 0.0108595
internal_weight=160615 12125 148490 1628 10497 1033 131480 9109 17010 15377 7280 7108 124322 1388 1287 101 5143 172 7158 27411 3966 772 8097 4856 3083 6261 4071 2190 1141 837
internal_count=160615 12125 148490 1628 10497 1033 131480 9109 17010 15377 7280 7108 124322 1388 1287 101 5143 172 7158 27411 3966 772 8097 4856 3083 6261 4071 2190 1141 837
cat_boundaries=0 1 2 3 4 5 6 7 8 9 10 11
cat_threshold=806380644 16480 3254813457 16448 1049604 1073742608 2048 512 8197 805306368 16
is_linear=0
shrinkage=0.06


Tree=25
num_leaves=31
num_cat=11
split_feature=0 0 0 0 5 5 3 5 1 0 1 0 0 3 5 0 6 5 5 3 5 3 5 5 6 5 5 5 5 2
split_gain=889.818 294.174 106.231 42.5608 27.2122 25.1506 21.4568 14.396 12.8558 12.0841 49.0529 14.3961 10.5285 9.86174 8.01367 7.98791 6.84069 6.74081 6.5154 6.37113 6.21355 5.95553 5.28119 4.80352 4.62822 4.27178 9.70845 8.9772 5.67282 6.07454
threshold=0 1 2 3 0.87049999833107006 0.84450000524520885 1.5000000000000002 0.0094999996945261973 4 5 6 7 8 2.5000000000000004 0.41650000214576727 9 14.500000000000002 0.35249999165534979 0.20549999922513965 1.5000000000000002 0.38650000095367437 4.5000000000000009 0.27349999547004705 0.23949999362230304 7.5000000000000009 0.016500000841915611 0.021499999798834327 0.014500000048428776 0.017500000074505809 10
decision_type=9 9 9 9 2 2 2 2 9 9 9 9 9 2 2 9 2 2 2 2 2 2 2 2 2 2 2 2 2 1
left_child=1 3 7 -1 12 18 8 -2 17 10 14 25 19 15 -9 -6 -15 -4 -5 -3 -8 23 -11 -14 -19 27 28 -12 -27 -30
right_child=2 4 6 5 13 -7 20 9 -10 22 11 -13 21 16 -16 -17 -18 24 -20 -21 -22 -23 -24 -25 -26 26 -28 -29 29 -31
leaf_value=10.381431196118065 -0.5091974979187236 1.0277464173320288 -0.58433302115919128 2.7687703279822435 2.7241912216811213 7.1000341247332495 -0.3137083415707615 6.923952568723716 -1.2104630318308411 -0.24700127895307988 0.076324770785726914 -1.1932101759288278 0.25706634693011893 2.3397334314442988 15.134776337683446 1.271994375672383 3.7500243535247648 33.828439089324448 4.153486088100947 1.4782081392071051 -0.016715705381919851 1.8474912430644621 0.036863178191542847 0.74558360560996073 -0.26456076795547878 0.040605020915691056 0.14284159734968965 -0.053710209586356257 0.15423476721890428 0.15234278197494536
leaf_weight=595 1633 3899 22555 473 340 198 4211 110 96911 5281 965 847 2762 43 62 1195 71 28 362 1070 2947 50 3976 1067 4828 472 2006 1119 401 138
leaf_count=595 1633 3899 22555 473 340 198 4211 110 96911 5281 965 847 2762 43 62 1195 71 28 362 1070 2947 50 3976 1067 4828 472 2006 1119 401 138
internal_value=-0.00361031 0.0120124 -0.00488647 0.035685 0.00831046 0.0275379 -0.00546384 -0.000423033 -0.00564817 0.000145541 0.00221207 0.00127089 0.00699955 0.0153948 0.0329011 0.0141303 0.0324211 -0.0044924 0.0232455 0.0088343 -0.00226991 0.00461455 -0.00122176 0.00435779 -0.00246623 0.00247584 0.00392376 0.000391553 0.0087181 0.0129239
internal_weight=160615 12125 148490 1628 10497 1033 131480 17010 124322 15377 6120 5948 8848 1649 172 1535 114 27411 835 4969 7158 3879 9257 3829 4856 5101 3017 2084 1011 539
internal_count=160615 12125 148490 1628 10497 1033 131480 17010 124322 15377 6120 5948 8848 1649 172 1535 114 27411 835 4969 7158 3879 9257 3829 4856 5101 3017 2084 1011 539
cat_boundaries=0 1 2 3 4 5 6 7 8 9 10 11
cat_threshold=806380644 16480 3254813457 16448 8197 1073742592 2048 1073742080 1049604 1048576 16
is_linear=0
shrinkage=0.06


Tree=26
num_leaves=31
num_cat=11
split_feature=0 0 0 0 5 5 3 1 5 3 3 0 1 0 5 6 0 5 0 5 6 5 3 5 5 5 1 5 5 5
split_gain=819.178 270.838 104.717 39.0643 25.4879 24.705 22.2178 15.1217 12.7464 10.855 8.70408 8.59805 45.9216 12.4846 8.83722 6.84069 6.81365 6.6762 6.51364 6.04107 5.18881 4.986 6.75143 4.39635 3.98493 3.47214 3.38387 3.19025 9.0973 8.42057
threshold=0 1 2 3 0.67649999260902416 0.87049999833107006 1.5000000000000002 4 0.012500000186264517 2.5000000000000004 1.5000000000000002 5 6 7 0.44550000131130224 14.500000000000002 8 0.30949999392032629 9 0.23650000244379046 7.5000000000000009 0.056500000879168517 3.5000000000000004 0.088500000536441817 0.096500001847744002 0.0084999999962747114 10 0.016500000841915611 0.0224999999627471 0.014500000048428776
decision_type=9 9 9 9 2 2 2 9 2 2 2 9 9 9 2 2 9 2 9 2 2 2 2 2 2 2 9 2 2 2
left_child=1 3 8 23 24 10 7 17 -2 16 18 12 14 -14 -10 -11 -7 25 -3 -8 -19 -12 -23 -1 -5 -4 -22 29 -29 -15
right_child=2 5 6 4 -6 9 19 -9 11 15 21 -13 13 27 -16 -17 -18 20 -20 -21 26 22 -24 -25 -26 -27 -28 28 -30 -31
leaf_value=5.080984868806258 -0.25297897735749869 0.28326771053389344 -0.76311275925344468 2.3106437146247312 6.6472108014135705 0.52751270873153089 -0.32583779707632571 -1.1378352499209907 6.4672952782883977 2.1993494255576409 0.61819249427093792 -0.10196984367252301 -1.111692703024868 0.07906502338572835 14.248769301023581 3.5250228923132769 1.7008168054944774 31.976332188926648 0.89293075092534513 -0.036444291910731008 -0.15749547714427448 1.0805442199595123 2.1608010887913802 10.412453566732346 3.2965924625116054 -0.46852257808409886 -0.70417499668070516 0.090499048016551467 0.10519475927403454 -0.050007478475577613
leaf_weight=97 2703 2640 6399 288 261 361 3420 96911 112 43 408 7575 806 533 60 71 1174 33 4628 3738 3829 1097 75 498 484 15747 1403 1141 2930 1150
leaf_count=97 2703 2640 6399 288 261 361 3420 96911 112 43 408 7575 806 533 60 71 1174 33 4628 3738 3829 1097 75 498 484 15747 1403 1141 2930 1150
internal_value=-0.00363011 0.0113597 -0.00485455 0.0340733 0.0262723 0.00780794 -0.00542779 -0.00561536 -0.000423033 0.0145579 0.00655877 0.000290626 0.0018493 0.00102283 0.0315824 0.0324211 0.0132313 -0.0043633 0.00568134 -0.0021777 -0.00244445 0.0105949 0.0125836 0.0469587 0.0210466 -0.00482146 -0.00259404 0.00200486 0.00291673 -0.00018895
internal_weight=160615 12125 148490 1628 1033 10497 131480 124322 17010 1649 8848 14307 6732 6560 172 114 1535 27411 7268 7158 5265 1580 1172 595 772 22146 5232 5754 4071 1683
internal_count=160615 12125 148490 1628 1033 10497 131480 124322 17010 1649 8848 14307 6732 6560 172 114 1535 27411 7268 7158 5265 1580 1172 595 772 22146 5232 5754 4071 1683
cat_boundaries=0 1 2 3 4 5 6 7 8 9 10 11
cat_threshold=806380644 16480 3254813457 16448 8197 1073742608 2048 512 805306368 805306368 8193
is_linear=0
shrinkage=0.06


Tree=27
num_leaves=31
num_cat=11
split_feature=0 0 0 0 5 3 5 1 3 5 0 0 0 5 5 3 6 3 5 6 5 5 1 0 5 5 0 6 5 5
split_gain=740.28 252.161 103.243 35.4627 26.1449 22.9834 19.8125 16.1309 11.9955 11.5518 10.5755 9.57301 8.08421 7.63319 6.70752 6.52242 6.14568 5.88684 5.78536 5.53621 5.04347 4.83793 4.67313 44.2492 7.89842 4.03275 3.78245 3.80702 3.22113 3.05177
threshold=0 1 2 3 0.84450000524520885 1.5000000000000002 0.97749999165534984 4 3.5000000000000004 0.0094999996945261973 5 6 7 0.14449999481439593 0.0084999999962747114 4.5000000000000009 7.5000000000000009 1.5000000000000002 0.23650000244379046 14.500000000000002 0.20549999922513965 0.11649999767541887 8 9 0.44550000131130224 0.71250000596046459 10 8.5000000000000018 0.96849998831748974 0.15650000423192981
decision_type=9 9 9 9 2 2 2 9 2 2 9 9 9 2 2 2 2 2 2 2 2 2 9 9 2 2 9 2 2 2
left_child=1 3 9 21 20 7 12 14 10 -2 -8 28 15 -13 -4 -3 -16 26 -7 -10 -5 -1 23 24 -15 -18 29 -28 -11 -14
right_child=2 6 5 4 -6 18 8 -9 19 11 -12 13 17 22 16 -17 25 -19 -20 -21 -22 -23 -24 -25 -26 -27 27 -29 -30 -31
leaf_value=4.9008171190714691 -0.46346690940215041 0.2877780916680433 -0.71732599369823802 2.4111600369618835 6.2751994291644353 -0.30628752925174624 1.9101101626191441 -1.0695651349257314 2.4826956938478961 0.042476916529147778 1.012339189721458 -0.32810020372872006 0.81103813699380778 6.1028375794866792 28.067060627399073 1.6069937031531116 -0.42368839962835281 1.2582254927999861 -0.034257634396087436 3.9195794290413062 3.6950777181092733 10.374230281755016 -0.91153614476940448 -0.030689315523902895 13.393843142962165 -0.17725013087126129 70.258330196999992 0.59803453080237767 0.73599245053236595 1.6149518374877754
leaf_weight=158 1633 3167 6399 473 198 3420 591 96911 20 6083 739 3927 600 101 110 50 18258 1125 3738 38 362 437 394 4634 60 2644 142 3363 178 662
leaf_count=158 1633 3167 6399 473 198 3420 591 96911 20 6083 739 3927 600 101 110 50 18258 1125 3738 38 362 437 394 4634 60 2644 142 3363 178 662
internal_value=-0.00366635 0.0105834 -0.0048303 0.0324982 0.0250642 -0.0053995 0.00715694 -0.00559026 0.0138415 -0.000430084 0.0126767 7.92078e-05 0.00614623 -0.00116108 -0.00429766 0.00368701 -0.00378127 0.00747001 -0.00209388 0.0405517 0.0206587 0.0447769 0.000348043 0.000867845 0.0308421 -0.00385571 0.00656136 0.00548791 0.00188391 0.00942453
internal_weight=160615 12125 148490 1628 1033 131480 10497 124322 1388 17010 1330 15377 9109 9116 27411 3217 21012 5892 7158 58 835 595 5189 4795 161 20902 4767 3505 6261 1262
internal_count=160615 12125 148490 1628 1033 131480 10497 124322 1388 17010 1330 15377 9109 9116 27411 3217 21012 5892 7158 58 835 595 5189 4795 161 20902 4767 3505 6261 1262
cat_boundaries=0 1 2 3 4 5 6 7 8 9 10 11
cat_threshold=806380644 16480 3254813457 16448 8197 1048580 1073742096 805306368 2049 512 1048576
is_linear=0
shrinkage=0.06


Tree=28
num_leaves=31
num_cat=11
split_feature=0 0 0 0 5 3 1 5 5 0 3 3 5 5 0 1 0 5 0 5 6 5 0 5 5 3 5 5 5 5
split_gain=657.86 225.416 101.61 30.2088 25.0273 23.1158 17.5111 14.6065 10.2422 9.80567 9.12683 7.94963 7.39776 7.28841 6.74453 6.76053 35.4187 10.7686 5.61101 5.49196 4.75945 4.42834 4.18362 4.09727 4.05661 3.92081 3.85881 3.57994 8.53332 7.11807
threshold=0 1 2 3 0.85349997878074657 1.5000000000000002 4 0.94149997830390941 0.012500000186264517 5 2.5000000000000004 1.5000000000000002 0.0084999999962747114 0.3965000063180924 6 7 8 0.44550000131130224 9 0.23650000244379046 8.5000000000000018 0.20549999922513965 10 0.86149999499320995 0.71250000596046459 5.5000000000000009 0.0084999999962747114 0.016500000841915611 0.014500000048428776 0.021499999798834327
decision_type=9 9 9 9 2 2 9 2 2 9 2 2 2 2 9 9 9 2 9 2 2 2 9 2 2 2 2 2 2 2
left_child=1 3 8 13 21 6 12 11 22 10 -9 18 -4 -1 27 -16 17 -17 20 -7 -3 -5 26 -18 -14 -13 -2 28 -10 -29
right_child=2 7 5 4 -6 19 -8 9 14 -11 -12 25 24 -15 15 16 23 -19 -20 -21 -22 -23 -24 -25 -26 -27 -28 29 -30 -31
leaf_value=4.9590018004420626 -0.61828584711856471 68.134849868681556 -0.6742864340763437 2.2664904347441719 5.9010275518631143 -0.28791027749664139 -1.0053912268301874 1.7739031312069948 0.075912507751507402 0.95035377530805798 5.02488302821852 0.92142870014874634 -0.39647813134914894 12.578684434247057 -0.99176410997748343 5.7130873068218921 -0.12967399974035643 12.590212554384436 0.35531593754484747 -0.032202176332322377 0.93868144191991976 3.4607791450398411 -0.99488925546491025 0.13710695776811291 -0.15458803330102625 1.740243573496038 0.037309643672879811 0.083120156430757194 -0.050035763294389426 0.12541080096051585
leaf_weight=403 497 90 6399 473 197 3420 96911 607 502 821 46 1606 18359 192 806 112 7021 60 4919 3738 2379 363 1478 1670 2653 29 728 1011 1119 2006
leaf_count=403 497 90 6399 473 197 3420 96911 607 502 821 46 1606 18359 192 806 112 7021 60 4919 3738 2379 363 1478 1670 2653 29 728 1011 1119 2006
internal_value=-0.0037052 0.00972806 -0.00480243 0.0304469 0.0235686 -0.0053671 -0.00555841 0.00648882 -0.000437134 0.0120326 0.0175294 0.00559038 -0.00421232 0.0418017 0.000202557 -0.000699867 -0.000218417 0.025978 0.00475257 -0.00205197 0.00709399 0.0192632 -0.00382464 -0.00076612 -0.0036699 0.00937615 -0.00119028 0.00208089 -0.000188774 0.00330726
internal_weight=160615 12125 148490 1628 1033 131480 124322 10497 17010 1474 653 9023 27411 595 14307 9669 8863 172 7388 7158 2469 836 2703 8691 21012 1635 1225 4638 1621 3017
internal_count=160615 12125 148490 1628 1033 131480 124322 10497 17010 1474 653 9023 27411 595 14307 9669 8863 172 7388 7158 2469 836 2703 8691 21012 1635 1225 4638 1621 3017
cat_boundaries=0 1 2 3 4 5 6 7 8 9 10 11
cat_threshold=806380644 16480 3254813457 16448 8197 1048580 1073742080 1024 512 1048580 272
is_linear=0
shrinkage=0.06


Tree=29
num_leaves=31
num_cat=11
split_feature=0 0 0 0 5 3 1 3 0 5 5 5 3 0 3 5 0 1 0 5 5 5 5 0 6 5 5 5 4 5
split_gain=592.831 198.414 97.8299 28.9524 23.4981 23.3515 20.2975 13.23 12.3534 9.98783 9.19597 8.42861 8.40649 9.33442 10.1925 7.83554 6.61801 6.31228 30.7601 10.8665 5.33622 5.2531 4.66154 4.18362 3.84328 3.63359 3.39548 3.36076 3.025 2.84325
threshold=0 1 2 3 0.76350000500679027 1.5000000000000002 4 1.5000000000000002 5 0.012500000186264517 0.42149999737739569 0.0084999999962747114 5.5000000000000009 6 2.5000000000000004 0.97749999165534984 7 8 9 0.44550000131130224 0.13250000029802325 0.23650000244379046 0.41650000214576727 10 9.5000000000000018 0.0084999999962747114 0.20549999922513965 0.96849998831748974 0.456499993801117 0.95949998497962963
decision_type=9 9 9 9 2 2 9 2 9 2 2 2 2 9 2 2 9 9 9 2 2 2 2 9 2 2 2 2 2 2
left_child=1 3 9 10 26 6 11 8 15 23 24 -4 13 14 -9 -3 27 18 19 -18 -16 -7 -13 25 -1 -2 -5 -11 -14 -20
right_child=2 7 5 4 -6 21 -8 12 -10 16 -12 22 28 -15 20 -17 17 -19 29 -21 -22 -23 -24 -25 -26 -27 -28 -29 -30 -31
leaf_value=4.2961371483442052 -0.58118869629145042 1.0509419635607369 -0.59992927603132729 2.1305010086595209 5.5237448316026327 -0.27063566084684282 -0.93666778984147014 1.1642515385408694 0.42150496053473274 0.03517022686849778 12.07350342030713 -0.33654144669935177 1.6358289590862762 0.25018893783563328 1.3982062751254967 2.2602692112698093 5.3703020684125793 -0.93225826337883455 -0.13245084864988024 11.834799801121367 3.9794074470004963 -0.030270045752383224 -0.098933813292739661 -0.93519590013701559 4.7366151594657628 0.035071065052506747 3.0603326511635549 0.68381701389540117 1.4061594665541632 0.13882155122722109
leaf_weight=91 497 1262 5794 473 228 3420 101647 1360 6856 5576 183 13700 20 601 22 279 112 806 6250 60 77 3738 3181 1478 321 728 332 178 20 1325
leaf_count=91 497 1262 5794 473 228 3420 101647 1360 6856 5576 183 13700 20 601 22 279 112 806 6250 60 77 3738 3181 1478 321 728 332 178 20 1325
internal_value=-0.00372126 0.0090309 -0.00476283 0.0284689 0.0217852 -0.00531691 -0.00550918 0.005992 0.00493247 -0.000479437 0.0395207 -0.00387878 0.0102571 0.00972815 0.0122982 0.00978336 0.000152232 -0.000905992 -0.000376693 0.024 0.0309697 -0.00198491 -0.00320277 -0.00382464 0.0352136 -0.00119028 0.0171801 0.0017238 0.0375 -0.000961109
internal_weight=160615 12125 148490 1628 1033 131480 124322 10497 8397 17010 595 22675 2100 2060 1459 1541 14307 8553 7747 172 99 7158 16881 2703 412 1225 805 5754 40 7575
internal_count=160615 12125 148490 1628 1033 131480 124322 10497 8397 17010 595 22675 2100 2060 1459 1541 14307 8553 7747 172 99 7158 16881 2703 412 1225 805 5754 40 7575
cat_boundaries=0 1 2 3 4 5 6 7 8 9 10 11
cat_threshold=806380644 16480 3254813457 16448 8193 1048576 1028 1073742096 2049 512 272
is_linear=0
shrinkage=0.06


Tree=30
num_leaves=31
num_cat=9
split_feature=0 0 1 0 0 0 3 5 3 5 5 5 1 5 5 3 5 6 5 5 0 5 3 5 5 4 6 5 0 3
split_gain=537.226 207.921 55.7089 30.1534 28.5063 28.1779 25.9051 18.867 15.8624 11.486 10.402 10.3722 9.6815 8.6174 5.07506 5.05636 4.99032 5.70364 4.87847 4.49349 4.2322 3.88862 3.67725 3.07937 5.87769 3.25865 3.07415 3.00819 2.98987 5.28882
threshold=0 1 2 3 4 5 1.5000000000000002 0.76350000500679027 4.5000000000000009 0.54850000143051159 0.31350000202655798 0.97749999165534984 6 0.44550000131130224 0.23650000244379046 1.5000000000000002 0.0075000002980232247 7.5000000000000009 0.012500000186264517 0.21149999648332599 7 0.090500000864267363 2.5000000000000004 0.070500001311302199 0.36149999499320989 0.58449998497962963 9.5000000000000018 0.18149999529123309 8 1.5000000000000002
decision_type=9 9 9 9 9 9 2 2 2 2 2 2 9 2 2 2 2 2 2 2 9 2 2 2 2 2 2 2 9 2
left_child=1 4 3 13 9 11 12 27 -7 26 18 15 16 -2 -8 -3 -4 19 -5 -18 -19 -10 28 -17 -25 -26 -1 -6 -13 -30
right_child=2 5 6 10 7 8 14 -9 21 -11 -12 22 -14 -15 -16 23 17 20 -20 -21 -22 -23 -24 24 25 -27 -28 -29 29 -31
leaf_value=4.250195076888116 5.0480839443078249 0.70930746307002168 -0.64835338897479333 -0.55814872861021714 1.9262460339069871 0.055342318500359672 -0.25439752119603226 5.1923201417064773 0.36585972068287048 11.947654668228404 -0.025749516631116159 2.1246530585936205 -0.88946769956279825 11.124711813054086 -0.028453843007239923 0.77642325547233404 9.5110717092554733 -0.68440191112686144 -0.21168524184599535 28.904544321947796 -0.26902564726425626 2.2617006989470565 4.484625599705379 1.3143138986179657 1.4945458869815036 0.31015821262093385 4.658549184557228 3.0343177576842622 0.66765091289636869 1.8310077115829881
leaf_weight=102 112 4767 5064 2650 437 9259 3420 228 28 149 6688 279 97381 60 3738 305 67 4178 9872 30 9478 41 44 430 138 252 344 368 416 290
leaf_count=102 112 4767 5064 2650 437 9259 3420 228 28 149 6688 279 97381 60 3738 305 67 4178 9872 30 9478 41 44 430 138 252 344 368 416 290
internal_value=-0.00373097 0.00607245 -0.00495887 -0.00196535 0.0264542 0.00401537 -0.00542902 0.0198869 0.00185821 0.0373388 -0.00219459 0.00691588 -0.00564526 0.0223516 -0.00192624 0.00595519 -0.00438742 -0.00379685 -0.0032161 0.010701 -0.00389983 0.0305217 0.012484 0.00957333 0.0114878 0.00615384 0.033148 0.015764 0.0117259 0.0091676
internal_weight=160615 17877 142738 19382 1628 16249 123356 1033 9328 595 19210 6921 116198 172 7158 5892 18817 13753 12522 97 13656 69 1029 1125 820 390 446 805 985 706
internal_count=160615 17877 142738 19382 1628 16249 123356 1033 9328 595 19210 6921 116198 172 7158 5892 18817 13753 12522 97 13656 69 1029 1125 820 390 446 805 985 706
cat_boundaries=0 1 2 3 4 5 6 7 8 9
cat_threshold=1880122724 16480 2051 512 16448 1057796 8196 524416 1048576
is_linear=0
shrinkage=0.06


Tree=31
num_leaves=31
num_cat=10
split_feature=0 0 1 0 5 3 0 0 3 5 1 5 5 5 5 5 0 6 5 5 3 5 3 0 5 5 5 4 0 5
split_gain=497.962 190.343 48.3913 27.222 27.1435 26.559 26.3769 22.1922 16.1043 10.1386 10.054 8.99229 8.45273 6.56057 5.50186 5.3729 4.81209 5.25734 7.3735 4.6239 4.14016 3.88862 3.07826 5.4586 3.03552 2.77253 3.96825 3.25865 2.62961 2.50319
threshold=0 1 2 3 0.76350000500679027 1.5000000000000002 4 5 4.5000000000000009 0.97749999165534984 6 0.012500000186264517 0.54150000214576732 0.11450000107288362 0.85349997878074657 0.0075000002980232247 7 7.5000000000000009 0.21149999648332599 0.10449999943375589 1.5000000000000002 0.090500000864267363 1.5000000000000002 8 0.32549999654293066 0.070500001311302199 0.36149999499320989 0.58449998497962963 9 0.01049999985843897
decision_type=9 9 9 9 2 2 9 9 2 2 9 2 2 2 2 2 9 2 2 2 2 2 2 9 2 2 2 2 9 2
left_child=1 4 3 12 7 10 9 -1 24 20 15 -5 -2 -9 28 -4 -17 18 -18 -7 -3 -10 23 -11 -8 -22 -27 -28 -13 -19
right_child=2 6 5 11 -6 19 8 13 21 22 -12 14 -14 -15 -16 16 17 29 -20 -21 25 -23 -24 -25 -26 26 27 -29 -30 -31
leaf_value=2.2610480330573659 4.9503068629654168 0.66674901528581887 -0.60945218563630588 -0.55328023203693644 8.3629143586513006 -0.29133360583735624 0.030146017897673801 3.7811692089531301 0.34390813744189869 1.9971738750780048 -0.83609963758903016 -0.23680475084518621 10.559949831886366 4.6081215396930926 0.056464431369597265 -0.64510861197170055 23.1695051528352 -0.020872215448917045 27.620376888898281 -0.057952166156339774 0.72983786014399543 2.1259986570102343 2.12821985374159 0.62759185812258689 0.36813003462904675 1.2354550647008875 1.4048731337626146 0.29154871986367781 -0.1209398789975456 -0.34057741275067016
leaf_weight=805 120 4767 5064 2525 331 2293 8904 154 28 279 97381 6668 52 338 2762 4192 60 1210 23 4865 305 41 334 416 1596 430 138 252 6014 8268
leaf_count=805 120 4767 5064 2525 331 2293 8904 154 28 279 97381 6668 52 338 2762 4192 60 1210 23 4865 305 41 334 416 1596 430 138 252 6014 8268
internal_value=-0.00373546 0.00535194 -0.0049633 -0.00206633 0.0249157 -0.00538914 0.00351771 0.021155 0.00162832 0.00639648 -0.00560808 -0.00229902 0.021033 0.0312908 -0.00175758 -0.00432687 -0.00371395 -0.00295957 0.0120723 -0.00184242 0.00544603 0.0305217 0.0119009 0.0096259 0.00144 0.00872 0.0105366 0.00615384 -0.00228608 -0.00309433
internal_weight=160615 19118 141497 18141 1628 123356 17490 1297 10569 6921 116198 17969 172 492 15444 18817 13753 9561 83 7158 5892 69 1029 695 10500 1125 820 390 12682 9478
internal_count=160615 19118 141497 18141 1628 123356 17490 1297 10569 6921 116198 17969 172 492 15444 18817 13753 9561 83 7158 5892 69 1029 695 10500 1125 820 390 12682 9478
cat_boundaries=0 1 2 3 4 5 6 7 8 9 10
cat_threshold=1880122740 16480 2049 512 1057796 32 8196 524416 1048576 524296
is_linear=0
shrinkage=0.06


Tree=32
num_leaves=31
num_cat=9
split_feature=0 0 1 0 0 0 0 5 5 3 5 5 5 5 5 5 6 5 3 3 4 5 5 5 5 0 4 5 4 2
split_gain=455.972 168.08 48.0757 27.8802 26.0839 21.9666 20.6721 16.2089 15.1115 14.4052 11.0896 8.69481 7.82583 6.66607 6.30967 4.97307 3.96987 3.05976 3.05628 3.05486 3.025 2.71155 2.57946 2.87063 2.77368 2.54471 2.49259 2.16487 2.11981 2.11273
threshold=0 1 2 3 4 5 6 0.74649998545646679 0.54850000143051159 5.5000000000000009 0.38650000095367437 0.012500000186264517 0.97749999165534984 0.0075000002980232247 0.87049999833107006 0.85349997878074657 10.500000000000002 0.32549999654293066 1.5000000000000002 3.5000000000000004 0.456499993801117 0.22049999982118609 0.070500001311302199 0.33949999511241918 0.0065000001341104516 7 0.58449998497962963 0.99050000309944164 0.69249999523162853 8
decision_type=9 9 9 9 9 9 9 2 2 2 2 2 2 2 2 2 2 2 2 2 2 2 2 2 2 9 2 2 2 1
left_child=1 4 5 10 8 14 12 21 16 17 13 -7 18 -4 -2 25 -1 29 -3 -14 -11 -6 24 28 -20 -13 -25 -12 -24 -8
right_child=2 6 3 -5 7 11 9 -9 -10 20 27 15 19 -15 -16 -17 -18 -19 22 -21 -22 -23 23 26 -26 -27 -28 -29 -30 -31
leaf_value=3.4170266814086241 4.7735627893804731 0.62674407436867074 -0.5662852467588696 -0.80753369595478219 1.7381362392444708 -0.52008341811472003 -0.31742743446338445 4.3683867074412541 10.729020526615617 1.2744172601836623 -0.17527321067427862 -0.10183805130603539 1.2124496091472805 -0.29362366066109141 13.084393520720823 0.053076565487421769 4.1804875645845367 0.36073324542107738 1.1924139718668312 4.1615175719214132 1.0585279372034744 2.7391967599975486 1.1613277608188344 1.2889814539928304 -0.0011853969326193691 -0.21546014156177662 0.28461900940496887 0.057921921849192912 0.6200624593205577 0.034046283115426339
leaf_weight=141 141 4767 5260 97840 495 2525 596 234 149 20 2959 4903 1003 15706 31 2762 305 1604 71 26 20 304 384 144 234 7779 267 1591 25 8329
leaf_count=141 141 4767 5260 97840 495 2525 596 234 149 20 2959 4903 1003 15706 31 2762 305 1604 71 26 20 304 384 144 234 7779 267 1591 25 8329
internal_value=-0.00373919 0.00495671 -0.00491412 -0.00533856 0.0233407 -0.00202667 0.00323314 0.0171256 0.0336694 0.00156026 -0.00356719 -0.00223561 0.00578185 -0.00415129 0.0187253 -0.00170319 0.0287085 0.00142521 0.00494705 0.0106181 0.0375 0.013224 0.00776 0.00951219 0.00304918 -0.00220565 0.0059708 -0.000883518 0.0130709 0.000991595
internal_weight=160615 19118 141497 123356 1628 18141 17490 1033 595 10569 25516 17969 6921 20966 172 15444 446 10529 5892 1029 40 799 1125 820 305 12682 411 4550 409 8925
internal_count=160615 19118 141497 123356 1628 18141 17490 1033 595 10569 25516 17969 6921 20966 172 15444 446 10529 5892 1029 40 799 1125 820 305 12682 411 4550 409 8925
cat_boundaries=0 1 2 3 4 5 6 7 8 9
cat_threshold=1880122740 16480 2049 67174400 16448 512 1057796 2181038081 1
is_linear=0
shrinkage=0.06


Tree=33
num_leaves=31
num_cat=13
split_feature=0 0 0 0 1 5 0 3 5 5 5 3 5 0 3 2 5 2 5 5 0 5 2 5 0 5 5 6 4 2
split_gain=418.236 140.312 49.1574 24.1151 21.008 20.8902 18.0589 14.4826 14.2205 13.5782 9.32393 7.93621 6.15121 4.5011 7.42884 4.39001 4.0836 3.94493 3.73131 3.15904 3.15315 3.10129 5.59458 4.46876 3.97421 3.65258 3.31408 3.19864 3.025 2.86077
threshold=0 1 2 3 4 0.20549999922513965 5 5.5000000000000009 0.74649998545646679 0.6055000126361848 0.0075000002980232247 3.5000000000000004 0.14250000566244128 6 1.5000000000000002 7 0.01049999985843897 8 0.99050000309944164 1.0000000180025095e-35 9 0.016500000841915611 10 0.01049999985843897 11 0.021499999798834327 0.19649999588727954 20.500000000000004 0.456499993801117 12
decision_type=9 9 9 9 9 2 9 2 2 2 2 2 2 9 2 1 2 1 2 2 9 2 1 2 9 2 2 2 2 1
left_child=1 3 5 9 16 10 11 21 -5 17 -2 12 19 14 -14 18 -4 -1 -7 -3 -21 22 23 24 -8 29 -27 -25 -9 -23
right_child=2 6 4 8 -6 15 7 28 -10 -11 -12 -13 13 -15 -16 -17 -18 -19 -20 20 -22 25 -24 27 -26 26 -28 -29 -30 -31
leaf_value=2.5959936826789449 -0.55270814110861111 0.96098137431958708 -0.53535260004198471 1.9609787641906264 -0.75908167419749528 -0.062513873926492464 -0.072762214187263655 1.1979522245726422 4.1062835049947806 10.346400460943531 -0.28433414509363153 3.5179771967322062 0.035355582442605282 1.1379120830499596 0.88139207715746082 -0.22873394692164892 -0.14179850426522031 4.1951596178720063 0.17308787684654844 0.55520333163138269 -0.070224359764387734 -0.029214101010415747 -0.043393388925265702 0.43512142149199506 0.31580922437962439 0.025812955447719724 0.30222905621633228 0.96129195485474972 0.99501626097126739 0.067568313107900679
leaf_weight=204 5827 744 1136 799 97370 5189 760 20 234 134 18678 44 777 2412 616 3567 7458 257 2272 1448 880 289 1782 438 773 3406 2156 27 20 898
leaf_count=204 5827 744 1136 799 97370 5189 760 20 234 134 18678 44 777 2412 616 3567 7458 257 2272 1448 880 289 1782 438 773 3406 2156 27 20 898
internal_value=-0.00372612 0.00460226 -0.00485137 0.0213993 -0.0054995 -0.00291754 0.00302743 0.00146384 0.0154573 0.0312893 -0.00389431 0.00540961 0.00525491 0.00686728 0.00404989 -0.000749729 -0.00264575 0.0269284 7.9506e-05 0.00325781 0.0021701 0.00132833 -4.76205e-05 0.00212749 0.000575341 0.00209898 0.00145415 0.00729032 0.0375 0.00512047
internal_weight=160615 19118 141497 1628 105964 35533 17490 10569 1033 595 24505 6921 6877 3805 1393 11028 8594 461 7461 3072 2328 10529 3780 1998 1533 6749 5562 465 40 1187
internal_count=160615 19118 141497 1628 105964 35533 17490 10569 1033 595 24505 6921 6877 3805 1393 11028 8594 461 7461 3072 2328 10529 3780 1998 1533 6749 5562 465 40 1187
cat_boundaries=0 1 2 3 4 5 6 7 8 9 10 11 12 13
cat_threshold=1880122740 16480 2248245761 16448 1 1057796 1024 10 1 1049600 12 256 13
is_linear=0
shrinkage=0.06


Tree=34
num_leaves=31
num_cat=11
split_feature=0 0 1 0 0 0 0 3 5 5 5 5 3 5 5 5 5 5 0 5 4 5 5 2 0 4 5 5 0 3
split_gain=384.91 119.882 49.9533 30.374 20.8046 18.8735 15.4538 14.5375 13.1831 12.7466 10.5561 8.56783 8.16537 6.346 6.03462 5.23683 4.10976 3.6738 9.79045 3.32769 3.025 2.70696 2.5473 2.58612 2.48491 2.38089 2.33215 3.37548 2.66198 2.28573
threshold=0 1 2 3 4 5 6 5.5000000000000009 0.77150002121925365 0.0075000002980232247 0.76350000500679027 0.012500000186264517 3.5000000000000004 0.52050000429153453 0.87049999833107006 0.97749999165534984 0.85349997878074657 0.55550000071525585 7 0.11250000074505807 0.456499993801117 0.19649999588727954 0.0094999996945261973 8 9 0.28350000083446508 0.14250000566244128 1.0000000180025095e-35 10 1.5000000000000002
decision_type=9 9 9 9 9 9 9 2 2 2 2 2 2 2 2 2 2 2 9 2 2 2 2 1 9 2 2 2 9 2
left_child=1 4 5 9 8 14 12 21 19 -4 -6 -7 15 22 -2 26 24 -5 -19 -1 -9 -8 23 -11 -13 -21 27 -3 -29 -24
right_child=2 6 3 17 10 11 7 20 -10 13 -12 16 -14 -15 -16 -17 -18 18 -20 25 -22 -23 29 -25 -26 -27 -28 28 -30 -31
leaf_value=3.0497286584737582 4.5042090595881268 0.90332249186041103 -0.49914564348682106 -0.77353677374564556 1.8433746196226362 -0.46215690254732905 0.020248912705392603 1.1260750910982835 10.12821716885475 0.052917843556774501 3.870525858938854 -0.20116094704485521 3.3068985649282738 -0.039419761260919013 12.288944636866779 1.0728368902485192 0.055965298536169404 -1.1833367691680088 -0.12661682474558816 3.7132284721235744 0.93531528531299046 0.28409531284335227 -0.35510250886557343 -0.33080908330912662 -0.094854581636851704 3.7122909492279224 0.75883701447965612 0.52189113173349932 -0.066010898178524846 -0.17869673628997956
leaf_weight=150 141 744 5260 82885 805 2525 8373 20 101 781 228 6668 44 3662 31 1003 2762 9916 5039 21 20 2156 10915 363 6014 323 2802 1448 880 4535
leaf_count=150 141 744 5260 82885 805 2525 8373 20 101 781 228 6668 44 3662 31 1003 2762 9916 5039 21 20 2156 10915 363 6014 323 2802 1448 880 4535
internal_value=-0.00369175 0.00429799 -0.00477123 -0.00520383 0.0198242 -0.00182833 0.00284228 0.00139578 0.0290083 -0.00335564 0.0143068 -0.00202203 0.00504602 -0.00267358 0.0174066 0.00488847 -0.0014934 -0.00568544 -0.00482046 0.0254575 0.0375 0.00125995 -0.00317247 -0.000440561 -0.00195017 0.0287093 0.00420429 0.0030625 0.00193814 -0.00337476
internal_weight=160615 19118 141497 123356 1628 18141 17490 10569 595 25516 1033 17969 6921 20256 172 6877 15444 97840 14955 494 40 10529 16594 1144 12682 344 5874 3072 2328 15450
internal_count=160615 19118 141497 123356 1628 18141 17490 10569 595 25516 1033 17969 6921 20256 172 6877 15444 97840 14955 494 40 10529 16594 1144 12682 344 5874 3072 2328 15450
cat_boundaries=0 1 2 3 4 5 6 7 8 9 10 11
cat_threshold=1880122740 16480 2049 67174400 16448 512 1057796 136976384 4 524296 1049600
is_linear=0
shrinkage=0.06


Tree=35
num_leaves=31
num_cat=12
split_feature=0 0 1 0 0 0 3 1 5 5 6 5 3 5 5 5 0 5 0 4 5 2 5 2 4 5 5 2 5 5
split_gain=356.178 124.065 30.8732 30.2114 21.6215 20.559 16.6659 16.9427 14.6215 12.5093 8.75138 7.828 6.7709 6.39104 6.16046 5.61184 5.01746 4.41867 7.48901 3.97172 3.64329 3.62599 3.98535 6.26369 3.95806 3.86677 4.81995 7.62278 7.62467 3.62236
threshold=0 1 2 3 4 5 1.5000000000000002 6 0.0075000002980232247 0.78749999403953563 7.5000000000000009 0.59849998354911815 3.5000000000000004 0.87049999833107006 0.057499999180436141 0.012500000186264517 7 0.72949999570846569 8 0.48550000786781317 0.10449999943375589 9 0.016500000841915611 10 0.19449999928474429 0.0224999999627471 0.018499999307096008 11 0.019499999471008781 0.51350000500679027
decision_type=9 9 9 9 9 9 2 9 2 2 2 2 2 2 2 2 9 2 9 2 2 1 2 1 2 2 2 1 2 2
left_child=2 5 4 15 13 9 7 8 -6 -2 -5 -7 16 -1 -14 -3 -12 -9 -19 -16 -8 22 23 24 -17 26 -24 28 -28 -10
right_child=1 3 -4 10 6 11 20 17 29 -11 12 -13 14 -15 19 21 -18 18 -20 -21 -22 -23 25 -25 -26 -27 27 -29 -30 -31
leaf_value=4.2339565160128405 3.4015883673131095 -0.13468812730603258 -0.90947403904435964 26.144053984545234 -0.47759686825651809 1.5425422299168596 -0.22845431696443269 -0.4967244437247153 -0.19611113935505106 9.664688329523738 0.23179969908103917 3.6442345833894612 -0.27754944695906425 11.551607958654767 2.0772403237235357 1.4870084590591734 0.72877166606779853 -0.040659698950729815 -1.2101365126639243 1.4821349972971256 -0.042027247403935632 -0.056197363038395627 0.026162820962590528 -0.03595561271070636 0.62648747932705584 0.10635485738508114 0.11746362584349242 0.12761535723557788 0.99571478851307516 -0.041799919496927011
leaf_weight=141 497 1956 71796 39 5156 738 2293 26451 15955 98 4266 295 37 31 40 23 6068 2283 2389 97 4865 6250 794 1474 150 2954 102 177 59 3141
leaf_count=141 497 1956 71796 39 5156 738 2293 26451 15955 98 4266 295 37 31 40 23 6068 2283 2389 97 4865 6250 794 1474 150 2954 102 177 59 3141
internal_value=-0.00367531 0.00273679 -0.00492009 0.00166656 -0.00394499 0.0187253 -0.00400457 -0.00435738 -0.00316347 0.0278182 0.00408809 0.0132713 0.00398668 0.0167473 0.0157241 -0.000167325 0.00378904 -0.005285 -0.00358562 0.0215912 -0.00128081 0.00031895 0.00140728 -0.00108197 0.00940983 0.0024141 0.00539576 0.0113964 0.0203158 -0.00239925
internal_weight=160615 26114 134501 24486 62705 1628 62533 55375 24252 595 10547 1033 10508 172 174 13939 10334 31123 4672 137 7158 11983 5733 1647 173 4086 1132 338 161 19096
internal_count=160615 26114 134501 24486 62705 1628 62533 55375 24252 595 10547 1033 10508 172 174 13939 10334 31123 4672 137 7158 11983 5733 1647 173 4086 1132 338 161 19096
cat_boundaries=0 1 2 3 4 5 6 7 8 9 10 11 12
cat_threshold=225417866 16480 10273 3254780177 512 16448 8193 805314560 83886080 22 4 16
is_linear=0
shrinkage=0.06


Tree=36
num_leaves=31
num_cat=11
split_feature=0 0 0 0 0 1 3 1 5 5 6 3 5 5 5 5 2 5 0 5 0 5 4 5 5 5 2 5 5 5
split_gain=331.197 109.401 31.6934 26.4074 20.192 18.2382 17.2853 17.0761 15.5809 11.8469 8.93129 7.11104 6.35597 6.16046 5.33645 5.31465 5.62514 4.66491 7.64799 4.2126 5.23221 4.14375 3.97172 3.59412 3.4609 3.01444 2.43909 6.51607 3.93286 5.6529
threshold=0 1 2 3 4 5 1.5000000000000002 6 0.0075000002980232247 0.78749999403953563 7.5000000000000009 3.5000000000000004 0.95949998497962963 0.057499999180436141 0.87049999833107006 0.0084999999962747114 7 0.44550000131130224 8 0.50049999356269848 9 0.012500000186264517 0.48550000786781317 0.23650000244379046 0.11250000074505807 0.5275000035762788 10 0.016500000841915611 0.02550000045448542 0.018499999307096008
decision_type=9 9 9 9 9 9 2 9 2 2 2 2 2 2 2 2 1 2 9 2 9 2 2 2 2 2 1 2 2 2
left_child=2 4 5 15 9 14 7 8 -7 24 -5 19 -6 -13 -1 -3 26 -9 -19 -12 -21 -18 -15 -10 -2 -8 -17 -28 29 -29
right_child=1 3 -4 10 12 6 25 17 23 -11 11 13 -14 22 -16 16 21 18 -20 20 -22 -23 -24 -25 -26 -27 27 28 -30 -31
leaf_value=3.979919125052068 2.6626496369265427 -0.59141047262712532 -0.90175610666769812 24.575410745472521 1.7289855579860289 -0.44894105616112695 -0.16962042308142422 -0.48612095879068545 -0.19324159021760673 9.0848070297523122 0.30662744913706313 -0.26089648014152084 3.517381278439327 1.9526059043001247 10.858511481135478 0.11845540188311673 -0.61161280296806353 -0.099586306724967905 -1.0642084138299803 0.36979081884703408 1.1441163534932366 -0.052825521256092037 1.3932068974592982 -0.068833044250875094 3.2866132295572097 0.028079182583852003 -0.04071507807198127 0.021467752525428086 0.067401867913213703 0.32834413665680878
leaf_weight=141 150 692 67795 39 868 5156 4771 26807 13936 98 7568 37 165 40 31 1533 615 4578 3739 1442 1324 6250 97 5160 347 2387 1577 729 2262 281
leaf_count=141 150 692 67795 39 868 5156 4771 26807 13936 98 7568 37 165 40 31 1533 615 4578 3739 1442 1324 6250 97 5160 347 2387 1577 729 2262 281
internal_value=-0.00364393 0.00253927 -0.00484426 0.00153429 0.0175531 -0.00391355 -0.00396496 -0.00430134 -0.00307197 0.0265289 0.00379824 0.00369547 0.0121783 0.0157241 0.0150989 -0.000180229 8.74146e-05 -0.00514784 -0.0039079 0.00349293 0.00549674 -0.001104 0.0215912 -0.00228299 0.0232153 -0.00118022 0.00136858 0.000705082 0.00223349 0.00534653
internal_weight=160615 26114 134501 24486 1628 66706 66534 59376 24252 595 10547 10508 1033 174 172 13939 13247 35124 8317 10334 2766 6865 137 19096 497 7158 6382 4849 3272 1010
internal_count=160615 26114 134501 24486 1628 66706 66534 59376 24252 595 10547 10508 1033 174 172 13939 13247 35124 8317 10334 2766 6865 137 19096 497 7158 6382 4849 3272 1010
cat_boundaries=0 1 2 3 4 5 6 7 8 9 10 11
cat_threshold=225417866 16480 84509312 3254780177 16448 2048 8193 22 83886208 805307392 4
is_linear=0
shrinkage=0.06


Tree=37
num_leaves=31
num_cat=15
split_feature=0 0 0 0 5 0 5 1 3 5 6 0 1 5 5 3 2 0 0 6 0 3 5 4 2 2 5 2 5 4
split_gain=306.87 95.285 32.7008 23.5169 18.2878 15.9462 10.9079 10.3477 13.9028 13.7525 9.09871 8.50871 9.61048 5.55488 5.40305 5.14145 4.64591 4.27771 3.85511 3.92175 3.73348 6.56166 3.45834 4.89491 3.23831 3.08262 4.94703 2.73287 5.19967 2.61955
threshold=0 1 2 3 0.51350000500679027 4 0.82850000262260448 5 1.5000000000000002 0.0075000002980232247 7.5000000000000009 6 7 0.70350000262260448 0.012500000186264517 3.5000000000000004 8 9 10 8.5000000000000018 11 1.5000000000000002 0.076499998569488539 0.48550000786781317 12 13 0.01350000035017729 14 0.0084999999962747114 0.20650000125169757
decision_type=9 9 9 9 2 9 2 9 2 2 2 9 9 2 2 2 1 9 9 2 9 2 2 2 1 1 2 1 2 2
left_child=2 5 4 14 7 6 24 9 -9 -1 -5 12 -6 -7 27 18 -13 -11 -12 29 21 -21 -17 -24 -2 26 -16 28 -3 -20
right_child=1 3 -4 10 11 13 -8 8 -10 17 15 16 -14 -15 25 22 -18 -19 19 20 -22 -23 23 -25 -26 -27 -28 -29 -30 -31
leaf_value=-0.42200459279145947 1.9239513603968099 -0.53942600341632185 -1.1026507402676362 23.100886100744169 -0.014324167402171142 1.4656931472518084 8.1578329722975109 -0.44625070822417923 -0.15860673264898592 3.631104401374087 0.19081788808898567 4.9541200591889991 -0.96427834412923985 3.2318183949454715 0.7304653514283459 -0.097848693495298553 -0.047211087538577168 -0.17353686496362958 63.473611593976329 0.21738333348488917 1.0162738822338626 0.75828459044068175 1.8354495500421171 1.3096144836117389 3.4183476071664614 -0.0024323098396206279 0.23763151016390635 -0.61661744968591581 0.037309410583297578 61.604964862589313
leaf_weight=5156 221 399 61570 39 1933 786 90 33317 4716 118 4266 137 3836 247 46 45 7763 15955 21 2982 1543 1415 32 97 284 10996 941 1011 546 107
leaf_count=5156 221 399 61570 39 1933 786 90 33317 4716 118 4266 137 3836 247 46 45 7763 15955 21 2982 1543 1415 32 97 284 10996 941 1011 546 107
internal_value=-0.00361928 0.00233257 -0.00477467 0.00139468 -0.00391311 0.0163443 0.0243471 -0.00436995 -0.00496381 -0.00330213 0.00353112 -0.00193533 -0.00368472 0.0115455 -0.000223243 0.0034271 -0.00065234 -0.00243875 0.00325489 0.00422705 0.0040101 0.00309462 0.0136552 0.0186512 0.0213267 0.000253858 0.00344834 -0.00314724 -0.000785342 0.014625
internal_weight=160615 26114 134501 24486 72931 1628 595 59262 38033 21229 10547 13669 5769 1033 13939 10508 7900 16073 10334 6068 5940 4397 174 129 505 11983 987 1956 945 128
internal_count=160615 26114 134501 24486 72931 1628 595 59262 38033 21229 10547 13669 5769 1033 13939 10508 7900 16073 10334 6068 5940 4397 174 129 505 11983 987 1956 945 128
cat_boundaries=0 1 2 3 4 5 6 7 8 9 10 11 12 13 14 15
cat_threshold=225417866 16480 84509314 3254780177 16448 10241 524416 1 8 512 805314560 1028 1 4 4
is_linear=0
shrinkage=0.06


Tree=38
num_leaves=31
num_cat=14
split_feature=0 0 0 0 5 0 1 5 3 5 6 0 1 5 3 5 5 0 0 5 4 2 2 5 5 2 5 5 5 0
split_gain=287.996 83.7388 33.1209 21.0748 17.5007 13.3767 10.2873 14.6311 13.895 9.90173 9.228 7.56453 9.424 5.50095 5.35019 4.96077 4.0606 4.01633 3.83633 3.45834 4.89491 3.12045 2.8547 5.00984 2.76395 2.50848 4.94912 2.43872 2.1296 1.95407
threshold=0 1 2 3 0.51350000500679027 4 5 0.0075000002980232247 1.5000000000000002 0.42149999737739569 7.5000000000000009 6 7 0.012500000186264517 3.5000000000000004 0.85349997878074657 0.50650000572204601 8 9 0.076499998569488539 0.48550000786781317 10 11 0.01350000035017729 0.91349998116493236 12 0.0084999999962747114 0.82850000262260448 0.87850001454353344 13
decision_type=9 9 9 9 2 9 9 2 2 2 2 9 9 2 2 2 2 9 9 2 2 1 1 2 2 1 2 2 2 9
left_child=2 5 4 13 6 9 7 -1 -8 21 -5 12 -6 25 16 -7 29 -18 -9 -16 -21 -2 23 -15 -13 26 -3 -25 -11 -12
right_child=1 3 -4 10 11 15 8 18 -10 28 14 24 -14 22 19 -17 17 -19 -20 20 -22 -23 -24 27 -26 -27 -28 -29 -30 -31
leaf_value=-0.39668431722397185 1.5784705634115321 -0.50706044321134236 -1.0364916958515782 21.714832934699523 -0.092636698778892995 1.4485252409094018 -0.41947566573072859 3.413238137291644 -0.14909032869004687 4.4039096295606077 0.10502347861609791 -0.12589238317072557 -1.0633992885263055 0.68663743034264491 -0.091977771885580067 3.0379093191447666 0.33281563791242308 1.0273914931479147 -0.16312465306581178 1.7253225770395886 1.2310376145950364 2.9464691657523683 -0.0022863712492430313 0.15573939839757472 0.017507711685949941 -0.57962040270476078 0.03507084594830015 0.57538381190700061 7.8709831399968877 0.49967306598008471
leaf_weight=5156 179 399 61570 39 2867 836 33317 118 4716 103 3378 3841 2902 46 45 197 1429 1314 15955 32 97 233 10996 890 4059 1011 546 51 80 4213
leaf_count=5156 179 399 61570 39 2867 836 33317 118 4716 103 3378 3841 2902 46 45 197 1429 1314 15955 32 97 233 10996 890 4059 1011 546 51 80 4213
internal_value=-0.00358267 0.00218328 -0.00470197 0.00130405 -0.00383496 0.0153187 -0.00428187 -0.00321738 -0.00487391 0.0226612 0.00332651 -0.00190021 -0.00354975 -0.000227545 0.00322154 0.0109128 0.00304587 0.00502442 -0.00232676 0.0136552 0.0186512 0.0178835 0.000253858 0.00332798 -0.000690267 -0.00317792 -0.000910996 0.00241658 0.0346557 0.00233092
internal_weight=160615 26114 134501 24486 72931 1628 59262 21229 38033 595 10547 13669 5769 13939 10508 1033 10334 2743 16073 174 129 412 11983 987 7900 1956 945 941 183 7591
internal_count=160615 26114 134501 24486 72931 1628 59262 21229 38033 595 10547 13669 5769 13939 10508 1033 10334 2743 16073 174 129 412 11983 987 7900 1956 945 941 183 7591
cat_boundaries=0 1 2 3 4 5 6 7 8 9 10 11 12 13 14
cat_threshold=225417866 16480 84509314 3254780177 16448 10241 524416 5 805307392 512 1 4 4 805314560
is_linear=0
shrinkage=0.06


Tree=39
num_leaves=31
num_cat=13
split_feature=0 0 0 0 3 1 0 0 0 5 6 5 5 0 5 5 5 5 5 3 5 2 0 4 5 2 5 5 0 5
split_gain=265.691 75.2475 33.2346 17.5943 17.4312 21.461 12.6023 12.2996 10.3414 11.7317 9.43458 9.16214 6.37841 8.23663 5.86857 5.8435 5.66676 4.93293 4.73523 4.73341 4.37534 4.1358 3.3386 2.87882 2.86596 2.65344 5.07305 2.48771 2.36551 2.5631
threshold=0 1 2 3 1.5000000000000002 4 5 6 7 0.44550000131130224 7.5000000000000009 0.6055000126361848 0.0075000002980232247 8 0.0094999996945261973 0.87049999833107006 0.012500000186264517 0.50650000572204601 0.0094999996945261973 3.5000000000000004 0.85349997878074657 9 10 0.72849997878074657 0.035499999299645431 11 0.01350000035017729 0.82850000262260448 12 0.0084999999962747114
decision_type=9 9 9 9 2 9 9 9 9 2 2 2 2 9 2 2 2 2 2 2 2 1 9 2 2 1 2 2 9 2
left_child=2 7 4 16 5 6 15 11 -7 12 -5 21 -10 18 -8 -1 28 -12 -14 22 -9 -2 -19 -21 -6 26 -18 -28 29 -3
right_child=1 3 -4 10 24 8 14 20 9 -11 17 -13 13 -15 -16 -17 25 19 -20 23 -22 -23 -24 -25 -26 -27 27 -29 -30 -31
leaf_value=3.3754640229145547 1.6202079576634834 -0.43511658982242407 -0.97430219410048335 20.411942958617551 -0.25240818047229552 -1.116542612293383 -0.56070119909265781 1.36161372645484 -0.40168323072471324 -0.080742686928293061 0.25058493986854724 7.0312247148614073 0.074163713305222381 -0.2940102103786843 -0.085258493219790316 9.9087031260148386 0.64543918452208626 1.2283261265628638 -0.26457834817813858 1.6218032224172123 2.8556347599960805 2.9147908261036513 0.44671839973420352 0.28120577060453472 -0.026573634479033763 -0.0021491889742881504 0.14639503449372043 0.54086078319258135 -0.65914171572603031 0.012060677117123905
leaf_weight=141 204 497 61570 39 1266 13925 1085 836 8333 6204 7688 134 840 18324 9086 31 46 725 7804 41 197 257 2018 36 5892 10996 890 51 731 728
leaf_count=141 204 497 61570 39 1266 13925 1085 836 8333 6204 7688 134 840 18324 9086 31 46 725 7804 41 197 257 2018 36 5892 10996 890 51 731 728
internal_value=-0.00355017 0.00198806 -0.00462524 0.00115464 -0.00375682 -0.00406334 -0.00154912 0.0144396 -0.00453139 -0.00405324 0.00300256 0.0214711 -0.0044771 -0.00402878 -0.00182752 0.0141099 -0.00024475 0.00289608 -0.0024918 0.00504255 0.0102224 0.0178178 0.00463069 0.0197143 -0.000945517 0.000243844 0.00320762 0.00228905 -0.00323927 -0.00157895
internal_weight=160615 26114 134501 24486 72931 65773 10343 1628 55430 41505 10547 595 35301 26968 10171 172 13939 10508 8644 2820 1033 461 2743 77 7158 11983 987 941 1956 1225
internal_count=160615 26114 134501 24486 72931 65773 10343 1628 55430 41505 10547 595 35301 26968 10171 172 13939 10508 8644 2820 1033 461 2743 77 7158 11983 987 941 1956 1225
cat_boundaries=0 1 2 3 4 5 6 7 8 9 10 11 12 13
cat_threshold=225417866 16480 84509314 3254780177 2049 512 16448 524800 65536 1 1056768 4 272
is_linear=0
shrinkage=0.06


Tree=40
num_leaves=31
num_cat=13
split_feature=0 0 0 3 1 5 0 0 0 6 0 5 5 5 2 5 5 5 0 3 5 2 5 0 2 5 5 6 5 5
split_gain=247.63 62.5818 34.6097 17.9121 19.3141 18.8594 15.7371 12.2972 9.95246 9.54789 7.76808 13.4677 6.28508 5.55125 4.52081 4.52069 4.48724 4.30123 3.37176 3.09439 2.73199 2.58487 2.52402 2.42115 2.19635 2.16201 2.10254 1.96176 1.88595 1.8734
threshold=0 1 2 1.5000000000000002 3 0.0075000002980232247 4 5 6 7.5000000000000009 7 0.44550000131130224 0.78749999403953563 0.012500000186264517 8 0.91349998116493236 0.34749999642372137 0.50650000572204601 9 3.5000000000000004 0.035499999299645431 10 0.22649999707937243 11 12 0.91349998116493236 0.0084999999962747114 19.500000000000004 0.95949998497962963 0.080499999225139632
decision_type=9 9 9 2 9 2 9 9 9 2 9 2 2 2 1 2 2 2 9 2 2 1 2 9 1 2 2 2 2 2
left_child=2 7 -1 4 5 -4 13 12 15 -8 -6 -12 14 23 -2 -7 -9 -11 -19 -20 27 28 -10 26 -22 -13 -3 -5 -15 -16
right_child=1 6 3 20 10 8 9 16 22 17 11 25 -14 21 29 -17 -18 18 19 -21 24 -23 -24 -25 -26 -27 -28 -29 -30 -31
leaf_value=-0.98664408076500132 1.55718956191477 -0.40900959443307838 -0.35598220026013661 -0.24801148095883405 -1.0495500555557804 3.1672361069384896 19.187226381100494 1.0007106942226642 -0.16272354758523078 0.23554984347643418 -0.32878975943563032 -0.14584046600151737 7.1946499929396124 0.12527580614029024 1.5098825808805645 9.4917817660083621 2.6457770940865135 0.35650146348387635 0.93651917555432629 3.0800661389836761 0.023033011305954105 -0.0067941341350416448 -0.068779725480109119 -0.61959321278246815 -0.21969671088520001 -0.016738222674442225 0.011337036490096724 0.27758838056744567 0.47504874968152194 2.8198358023366299
leaf_weight=52034 219 497 5339 1241 13925 142 39 606 14152 7688 29752 3638 98 2403 33 30 427 1476 1314 30 3969 9357 5613 731 1923 2718 728 25 223 245
leaf_count=52034 219 497 5339 1241 13925 142 39 606 14152 7688 29752 3638 98 2403 33 30 427 1476 1314 30 3969 9357 5613 731 1923 2718 728 25 223 245
internal_value=-0.00350796 0.00183877 -0.00454585 -0.00377975 -0.00405282 -0.00269699 0.00107871 0.0131941 -0.00184993 0.00282637 -0.00473629 -0.00426735 0.0201818 -0.00024475 0.0177827 0.0121319 0.00901438 0.00271907 0.0047234 0.00689512 -0.000911988 0.000238837 -0.00197674 -0.00320859 -0.000368637 -0.00176149 -0.00153037 -0.00344076 0.00189833 0.0229583
internal_weight=160615 26114 134501 82467 75309 25276 24486 1628 19937 10547 50033 36108 595 13939 497 172 1033 10508 2820 1344 7158 11983 19765 1956 5892 6356 1225 1266 2626 278
internal_count=160615 26114 134501 82467 75309 25276 24486 1628 19937 10547 50033 36108 595 13939 497 172 1033 10508 2820 1344 7158 11983 19765 1956 5892 6356 1225 1266 2626 278
cat_boundaries=0 1 2 3 4 5 6 7 8 9 10 11 12 13
cat_threshold=225417866 16480 140646400 10241 3254780177 16448 512 524800 1 805307392 6 272 2
is_linear=0
shrinkage=0.06


Tree=41
num_leaves=31
num_cat=12
split_feature=0 0 0 3 1 5 0 0 6 0 0 5 5 5 2 5 5 5 0 3 3 5 5 5 0 5 4 5 0 5
split_gain=225.812 52.3237 36.2302 17.2292 20.167 17.6044 13.3486 10.5783 9.72466 8.88571 8.77057 12.6486 5.73309 5.55328 4.08138 4.02635 3.62341 3.6005 3.12295 5.21226 3.27416 7.26104 2.80353 2.6367 2.53065 4.34281 3.30098 2.42256 2.36551 2.36088
threshold=0 1 2 1.5000000000000002 3 0.0075000002980232247 4 5 7.5000000000000009 6 7 0.44550000131130224 0.87850001454353344 0.012500000186264517 8 0.33449999988079077 0.086500000208616271 0.44550000131130224 9 3.5000000000000004 1.5000000000000002 0.092500001192092909 0.014500000048428776 0.035499999299645431 10 0.018499999307096008 0.1604999974370003 0.080499999225139632 11 0.80349999666214
decision_type=9 9 9 2 9 2 9 9 2 9 9 2 2 2 1 2 2 2 9 2 2 2 2 2 9 2 2 2 9 2
left_child=2 7 -1 4 5 -4 13 12 -8 17 -6 -12 14 28 -2 -9 22 -7 20 -20 -18 -22 -10 -5 25 26 -15 -16 -3 -11
right_child=1 6 3 23 10 9 8 15 16 29 11 -13 -14 24 27 -17 18 -19 19 -21 21 -23 -24 -25 -26 -27 -28 -29 -30 -31
leaf_value=-0.92744543591910111 1.5162518583978304 -0.044635928082953455 -0.33462326824452843 -0.22238300078642764 -0.9865770522224333 2.5885408756430177 18.035992798234464 0.89585811222581346 0.33266927422129805 -0.14188482398292554 -0.30906237386949253 -0.080009904899880732 6.5451716691290152 1.0832370442992587 1.4192896260277301 2.4839110792133829 0.091010487107520396 5.890821459897035 0.75127584937749936 2.8409854220122615 2.3637883483990323 0.48755443633140882 -0.032603002185965749 -0.026361197088648942 -0.0032130760554913897 0.096485386921194835 0.48279886181370318 2.6740072966987696 -0.58241762001552044 0.0014028945720175182
leaf_weight=52034 226 1225 5339 1266 13925 112 39 594 1879 17707 29752 6356 80 28 33 439 2356 60 2818 33 21 1128 2273 5892 10641 1004 310 256 731 2058
leaf_count=52034 226 1225 5339 1266 13925 112 39 594 1879 17707 29752 6356 80 28 33 439 2356 60 2818 33 21 1128 2273 5892 10641 1004 310 256 731 2058
internal_value=-0.00346686 0.00163895 -0.00445797 -0.00367426 -0.00394208 -0.00255699 0.000943989 0.012022 0.00255356 -0.00173858 -0.00464037 -0.00414276 0.0184959 -0.00027486 0.0164854 0.00815148 0.00244499 0.0114725 0.0033455 0.00482139 0.00212518 0.00475718 0.00106647 -0.000861695 0.000208794 0.00265384 0.00855621 0.021291 -0.00323927 -0.00185841
internal_weight=160615 26114 134501 82467 75309 25276 24486 1628 10547 19937 50033 36108 595 13939 515 1033 10508 172 6356 2851 3505 1149 4152 7158 11983 1342 338 289 1956 19765
internal_count=160615 26114 134501 82467 75309 25276 24486 1628 10547 19937 50033 36108 595 13939 515 1033 10508 172 6356 2851 3505 1149 4152 7158 11983 1342 338 289 1956 19765
cat_boundaries=0 1 2 3 4 5 6 7 8 9 10 11 12
cat_threshold=225417866 16480 140646400 10241 3254780177 16448 512 524800 1 805307392 256 272
is_linear=0
shrinkage=0.06


Tree=42
num_leaves=31
num_cat=11
split_feature=0 0 0 3 1 5 0 6 0 5 0 0 5 5 2 5 0 5 5 5 3 4 5 5 5 5 5 5 0 5
split_gain=209.082 44.8409 35.2361 17.1675 18.4109 17.9839 13.4657 9.83969 9.74184 12.0464 8.62847 7.58942 5.82647 4.81142 3.51719 4.70171 3.4598 3.19383 3.16705 2.97948 3.52504 4.76627 2.7593 2.5431 2.48656 2.35563 2.15399 2.07847 2.06621 1.95949
threshold=0 1 2 1.5000000000000002 3 0.0065000001341104516 4 7.5000000000000009 5 0.44550000131130224 6 7 0.011500000022351744 0.38650000095367437 8 0.014500000048428776 9 0.85349997878074657 0.96849998831748974 0.50650000572204601 3.5000000000000004 0.72849997878074657 0.82850000262260448 0.035499999299645431 0.01350000035017729 0.0054999999701976785 0.22649999707937243 0.91349998116493236 10 0.080499999225139632
decision_type=9 9 9 2 9 2 9 2 9 2 9 9 2 2 1 2 9 2 2 2 2 2 2 2 2 2 2 2 9 2
left_child=2 10 16 4 5 -4 12 -8 -6 25 13 18 -3 29 15 -14 -1 -12 -7 -9 28 -22 -17 -5 -16 -10 -13 -11 -21 -2
right_child=1 6 3 23 8 11 7 19 9 27 17 26 14 -15 24 22 -18 -19 -20 20 21 -23 -24 -25 -26 -27 -28 -29 -30 -31
leaf_value=-0.50699871434159161 1.0588456469461811 -0.15955073735361516 -0.49034589046040367 -0.20904002073924188 -0.92738242908908708 2.8161894133824057 16.953833230340397 0.20852386757777577 -0.52777187656540969 -0.13228944374743351 1.0875358873849215 -0.11715477327314561 0.56085390788371781 5.0552398785463808 -0.26696724416266931 0.077965059280648993 -1.262398666276406 2.3765153839983237 8.7464254683127596 1.0533588574731796 1.46870478429037 0.10103723785559855 0.48009899578346438 -0.024779525263330104 -0.0026880886843275997 -0.26689844229183535 -0.058084314088033107 -0.010933335019982877 0.37706850280758875 2.1006743544342772
leaf_weight=18889 78 1847 4339 1266 13925 143 39 7688 3662 3638 836 14252 168 197 542 838 33145 197 29 725 41 36 51 5892 12070 26090 4936 2718 2018 320
leaf_count=18889 78 1847 4339 1266 13925 143 39 7688 3662 3638 836 14252 168 197 542 838 33145 197 29 725 41 36 51 5892 12070 26090 4936 2718 2018 320
internal_value=-0.00341344 0.0013297 -0.00440131 -0.00361632 -0.00388911 -0.00250766 0.000724196 0.00237738 -0.00454206 -0.00401816 0.0109597 -0.00172624 -0.000400362 0.0168099 2.67745e-05 0.00333458 -0.00562071 0.00746117 0.0104835 0.00226798 0.00393617 0.0165974 0.00162655 -0.000811401 -0.000252893 -0.00452581 -0.00184019 -0.00164821 0.00358075 0.0132965
internal_weight=160615 27691 132924 80890 73732 23699 26063 10547 50033 36108 1628 19360 15516 595 13669 1057 52034 1033 172 10508 2820 77 889 7158 12612 29752 19188 6356 2743 398
internal_count=160615 27691 132924 80890 73732 23699 26063 10547 50033 36108 1628 19360 15516 595 13669 1057 52034 1033 172 10508 2820 77 889 7158 12612 29752 19188 6356 2743 398
cat_boundaries=0 1 2 3 4 5 6 7 8 9 10 11
cat_threshold=225385098 16480 140646400 10241 3254812945 524800 16448 512 4 133120 1056768
is_linear=0
shrinkage=0.06


Tree=43
num_leaves=31
num_cat=11
split_feature=0 0 1 1 0 5 5 2 0 0 0 5 5 3 0 5 5 5 5 5 5 5 5 6 4 5 4 4 5 0
split_gain=198.492 46.8501 40.4296 37.0376 18.9605 18.5888 11.2744 8.33988 5.95746 5.13964 4.68912 7.92202 4.39782 4.15594 4.08405 3.01718 2.90059 2.54476 2.91508 2.27907 2.10839 2.0779 2.01913 1.88618 3.9245 1.80749 1.76636 1.74794 1.73062 1.47508
threshold=0 1 2 3 4 0.0065000001341104516 0.39149999618530279 5 6 7 8 0.014500000048428776 0.38150000572204595 2.5000000000000004 9 0.0054999999701976785 0.87049999833107006 0.99050000309944164 0.99549999833107006 0.96849998831748974 0.22649999707937243 0.32549999654293066 0.99050000309944164 8.5000000000000018 0.1865000054240227 0.91349998116493236 0.87450000643730175 0.69249999523162853 0.012500000186264517 10
decision_type=9 9 9 9 9 2 2 1 9 9 9 2 2 2 9 2 2 2 2 2 2 2 2 2 2 2 2 2 2 9
left_child=3 7 12 5 6 -1 15 26 19 16 21 -12 29 22 -8 -5 -4 -13 -19 -7 28 -9 23 24 -11 -16 -2 -18 -10 -3
right_child=1 2 9 4 -6 8 14 10 20 13 11 17 -14 -15 25 -17 27 18 -20 -21 -22 -23 -24 -25 -26 -27 -28 -29 -30 -31
leaf_value=-0.46092513703277943 -0.26186342721582789 1.7499187782391581 1.0283651272550991 -0.59777870450599846 -1.057807049385586 2.6472180485794614 -0.3294107903122564 0.0088656410307001079 -0.030916549132374484 59.611135431416066 -0.28709785634083412 -0.075756461446196202 7.0758372108965499 2.4800628185120872 -0.11132585122187422 -0.30917873654945549 3.1651248600813209 0.86607441065436974 0.099472847941757994 8.2216399402139952 -0.05459925524275102 0.23432719929326237 0.62789738206682844 0.22886433371377179 56.807546048042731 -0.0090773354829808278 0.44981534165085957 1.3758030954872607 -0.19921788430640786 30.258074961460075
leaf_weight=4339 5666 322 840 6122 47070 143 4028 8269 3761 20 1930 9997 214 99 3782 34193 110 30 2020 29 4936 1511 1102 6583 156 2595 65 83 10491 109
leaf_count=4339 5666 322 840 6122 47070 143 4028 8269 3761 20 1930 9997 214 99 3782 34193 110 30 2020 29 4936 1511 1102 6583 156 2595 65 83 10491 109
internal_value=-0.00338393 0.000333298 0.00396269 -0.00458073 -0.00509693 -0.00244945 -0.00428859 -0.00085389 -0.00165496 0.00291036 -0.000357724 -0.00106256 0.0183664 0.00238645 -0.00252859 -0.00474389 0.0068859 -0.000491576 0.00143414 0.00916483 -0.00175581 0.000649641 0.00223559 0.00184731 0.00797727 -0.00157539 -0.00290646 0.0135855 -0.00212686 0.0151601
internal_weight=160615 39126 9638 121489 97790 23699 50720 29488 19360 8993 23757 13977 645 7960 10405 40315 1033 12047 2050 172 19188 9780 7861 6759 176 6377 5731 193 14252 431
internal_count=160615 39126 9638 121489 97790 23699 50720 29488 19360 8993 23757 13977 645 7960 10405 40315 1033 12047 2050 172 19188 9780 7861 6759 176 6377 5731 193 14252 431
cat_boundaries=0 1 2 3 4 5 6 7 8 9 10 11
cat_threshold=158276234 3858792721 2053 10241 17172610 1 512 32 3758096656 133120 64
is_linear=0
shrinkage=0.06


Tree=44
num_leaves=31
num_cat=13
split_feature=0 0 1 1 0 5 5 2 0 5 0 0 3 5 0 5 5 0 5 2 6 4 3 6 5 0 4 5 5 5
split_gain=189.264 41.1203 38.0096 30.3372 21.3985 19.6373 11.8833 7.3453 5.82701 4.59296 6.51731 4.46312 4.49049 4.04935 3.84972 3.71232 3.6054 3.03959 2.89961 3.23665 2.5552 3.58009 2.57089 2.29594 2.27907 2.21567 1.99778 1.9833 1.93655 1.85644
threshold=0 1 2 3 4 0.0065000001341104516 0.39149999618530279 5 6 0.015500000212341549 7 8 2.5000000000000004 0.28149999678134924 9 0.38150000572204595 0.0054999999701976785 10 0.0094999996945261973 11 8.5000000000000018 0.1865000054240227 1.5000000000000002 20.500000000000004 0.96849998831748974 12 0.70149999856948864 0.94149997830390941 0.99950000643730175 0.22049999982118609
decision_type=9 9 9 9 9 2 2 1 9 2 9 9 2 2 9 2 2 9 2 1 2 2 2 2 2 9 2 2 2 2
left_child=2 7 5 15 -4 -1 16 -2 24 10 18 13 20 -5 -8 -3 -6 27 25 -20 21 -13 -22 -21 -7 -9 -15 -11 -24 -19
right_child=1 3 4 11 6 8 14 9 -10 17 -12 12 -14 26 -16 -17 -18 29 19 23 22 -23 28 -25 -26 -27 -28 -29 -30 -31
leaf_value=-0.43326962881081255 -0.23955158496178441 3.1764621207044357 -1.0186254678825755 0.41041721321202274 -0.57511206943620297 2.488384965664693 -0.050441422385443191 0.1731381388669779 -0.093519849324649226 0.025785225096594953 -0.17488942133801944 56.034467305531102 2.3312590494013632 1.4684770376336684 -0.30526624659334628 6.6512869782427559 -0.29353383902717839 -0.088321371877905994 -0.38847739072462295 0.12440301751419719 0.11335695544611078 53.711950965403936 0.41567615224060483 0.63621430163952897 7.7283415438011609 -0.14139649432776252 0.83791248512714256 0.35778352090934668 0.98017953795536528 0.013729652706285832
leaf_weight=4339 5731 431 45748 1342 6511 143 5504 671 19188 4742 3004 20 99 871 5143 214 34884 6427 126 532 4803 137 1073 30 29 607 361 317 287 7301
leaf_count=4339 5731 431 45748 1342 6511 143 5504 671 19188 4742 3004 20 99 871 5143 214 34884 6427 126 532 4803 137 1073 30 29 607 361 317 287 7301
internal_value=-0.00334097 0.000288837 -0.00450962 0.00368905 -0.00503252 -0.00235075 -0.00419719 -0.000823379 -0.00153409 -0.000357724 -0.00197988 0.00277707 0.00192347 0.00489009 -0.00241026 0.0161679 -0.00465781 7.1218e-05 0.000710525 0.00385465 0.00172785 0.00928662 0.00153529 0.00574825 0.00916483 -0.000976527 0.00739286 0.00132689 0.00383823 -0.000392198
internal_weight=160615 39126 121489 9638 97790 23699 52042 29488 19360 23757 4970 8993 6419 2574 10647 645 41395 18787 1966 688 6320 157 6163 562 172 1278 1232 5059 1360 13728
internal_count=160615 39126 121489 9638 97790 23699 52042 29488 19360 23757 4970 8993 6419 2574 10647 645 41395 18787 1966 688 6320 157 6163 562 172 1278 1232 5059 1360 13728
cat_boundaries=0 1 2 3 4 5 6 7 8 9 10 11 12 13
cat_threshold=158276234 3858792721 10241 2053 141037568 1 512 536871184 1048608 16777858 3221225744 2 536870928
is_linear=0
shrinkage=0.06


Tree=45
num_leaves=31
num_cat=15
split_feature=0 1 0 1 0 5 5 2 0 5 0 5 1 5 2 5 0 0 5 3 6 4 5 0 5 0 6 2 4 5
split_gain=180.033 38.7281 35.62 25.3046 21.2147 19.2924 11.6743 7.18259 5.74884 4.39397 5.30446 4.16613 4.15571 4.00273 3.96435 5.16826 3.91178 3.57508 3.55894 2.79348 3.02673 3.58009 2.38407 2.31012 2.20001 2.09301 1.9952 1.97952 1.91616 1.80668
threshold=0 1 2 3 4 0.0065000001341104516 0.55550000071525585 5 6 0.0084999999962747114 7 0.87850001454353344 8 0.0054999999701976785 9 0.01350000035017729 10 11 0.56250000000000011 1.5000000000000002 8.5000000000000018 0.1865000054240227 0.44550000131130224 12 0.22649999707937243 13 11.500000000000002 14 0.7305000126361848 0.99050000309944164
decision_type=9 9 9 9 9 2 2 1 9 2 9 2 9 2 1 2 9 9 2 2 2 2 2 9 2 9 2 1 2 2
left_child=1 5 7 11 6 -1 13 -2 22 10 -9 23 24 -3 -11 25 18 -8 -5 20 21 -18 -7 27 -10 -16 -25 -4 -20 -17
right_child=2 4 3 16 -6 8 17 9 12 14 -12 -13 -14 -15 15 29 19 -19 28 -21 -22 -23 -24 26 -26 -27 -28 -29 -30 -31
leaf_value=-0.41735342912674156 -0.22517848986407754 -0.53547721930729042 0.76026006119014333 0.47145860287110902 -0.97222118990223094 1.9561208774468373 -0.020053386487612804 0.16919011924729366 -0.093050356069679763 0.075772396757273916 -0.37141848548495005 5.6087177631092073 -0.26047412640433565 -0.27270408719993366 -0.04727809222464515 -0.011059450265244413 52.672399267199239 -0.25458934378372028 1.5019315477182058 0.54776669320237248 0.10655553811934262 50.489233907479701 4.9414275219443029 30.731505089936629 -0.031290452774774428 -0.33752207857719829 25.039987155753007 1.8459693852008476 0.94779638841207647 0.11252116824101353
leaf_weight=4739 5731 6395 213 1764 44551 112 3466 641 13904 1533 1211 82 4962 34765 487 16566 20 3927 572 1459 4803 137 60 82 4608 804 67 201 238 2515
leaf_count=4739 5731 6395 213 1764 44551 112 3466 641 13904 1533 1211 82 4962 34765 487 16566 20 3927 572 1459 4803 137 60 82 4608 804 67 201 238 2515
internal_value=-0.0033081 -0.00444789 0.000232112 0.00339676 -0.00503989 -0.00250502 -0.00416898 -0.000803039 -0.00180563 -0.000342577 -0.00314903 0.0147939 -0.00188656 -0.00456414 -0.000105457 -0.000327349 0.00256381 -0.00197457 0.00454179 0.00176481 0.00108871 0.00928662 0.00883516 0.0131829 -0.00147133 -0.00400155 0.0200377 0.00999056 0.00785185 -7.89281e-05
internal_weight=160615 121489 39126 9638 93104 28385 48553 29488 23646 23757 1852 645 23474 41160 21905 20372 8993 7393 2574 6419 4960 157 172 563 18512 1291 149 414 810 19081
internal_count=160615 121489 39126 9638 93104 28385 48553 29488 23646 23757 1852 645 23474 41160 21905 20372 8993 7393 2574 6419 4960 157 172 563 18512 1291 149 414 810 19081
cat_boundaries=0 1 2 3 4 5 6 7 8 9 10 11 12 13 14 15
cat_threshold=158276234 10245 3858792721 2053 17172994 1 512 536870928 8193 4 1048608 16777730 64 603979792 1
is_linear=0
shrinkage=0.06


Tree=46
num_leaves=31
num_cat=15
split_feature=0 1 0 0 1 5 5 2 0 5 0 5 5 0 1 0 5 5 0 5 5 5 5 5 5 2 0 3 4 2
split_gain=171.542 38.809 30.8099 24.0551 20.3685 20.0466 12.029 6.01481 4.97564 4.75786 6.43218 4.46589 4.22796 4.86621 3.91283 3.04067 2.60071 2.31578 2.15052 3.06352 6.13741 2.01618 1.98413 2.53504 1.86621 1.8098 1.89468 1.73203 1.72101 1.70932
threshold=0 1 2 3 4 0.0065000001341104516 0.55550000071525585 5 6 0.01350000035017729 7 0.0054999999701976785 0.76350000500679027 8 9 10 0.96849998831748974 0.011500000022351744 11 0.014500000048428776 0.015500000212341549 0.22649999707937243 0.99050000309944164 0.99549999833107006 0.012500000186264517 12 13 3.5000000000000004 0.66449999809265148 14
decision_type=9 9 9 9 9 2 2 1 9 2 9 2 2 9 9 9 2 2 9 2 2 2 2 2 2 1 9 2 2 1
left_child=1 5 7 6 -4 -1 11 -2 16 10 17 -3 -6 28 21 -8 -7 -9 22 -20 -21 24 -11 -24 -10 -13 -27 -15 -14 -26
right_child=2 3 4 -5 12 8 15 9 14 18 -12 25 13 27 -16 -17 -18 -19 19 20 -22 -23 23 -25 29 26 -28 -29 -30 -31
leaf_value=-0.39231222337913707 -0.21166778047223289 -0.50334858614885303 5.3330881034745357 -0.91388791850809703 0.27099777167072409 2.2074395876637301 -0.25343489187771495 -0.014235069301135798 -0.020027499960625618 -0.07412158184893082 -0.28541039815399949 -0.28605382943032126 4.1688556644386949 0.50302934999939086 -0.24484567882007566 -0.032209846915481982 6.9681553998564363 0.25984289463455079 0.06480337597084912 -0.43344833379036884 0.027853567420406029 -0.029413025608287856 0.81262362506254182 0.085929427808414394 -0.05020470823078696 -0.18635949021136425 -0.4185830469802071 2.3151354445995502 1.3535403501073635 -0.21471065743021639
leaf_weight=4739 5731 6395 521 44551 7209 143 3061 1614 3729 9379 1922 8821 147 1619 4962 4332 29 199 387 579 7758 4608 29 1890 2820 15639 10305 30 112 7355
leaf_count=4739 5731 6395 521 44551 7209 143 3061 1614 3729 9379 1922 8821 147 1619 4962 4332 29 199 387 579 7758 4608 29 1890 2820 15639 10305 30 112 7355
internal_value=-0.00326962 -0.00438221 0.000186119 -0.00497481 0.00312935 -0.0024374 -0.0040479 -0.000776596 -0.00172444 -0.0003552 -0.00232129 -0.00444898 0.00246061 0.00497484 -0.00179969 -0.00182037 0.00817582 0.000253427 1.1386e-05 0.00071857 0.000477149 -0.00139683 -0.000534844 0.00122251 -0.00175806 -0.00418093 -0.0039194 0.00369258 0.012513 -0.00217887
internal_weight=160615 121489 39126 93104 9638 28385 48553 29488 23646 23757 3735 41160 9117 1908 23474 7393 172 1813 20022 8724 8337 18512 11298 1919 13904 34765 25944 1649 259 10175
internal_count=160615 121489 39126 93104 9638 28385 48553 29488 23646 23757 3735 41160 9117 1908 23474 7393 172 1813 20022 8724 8337 18512 11298 1919 13904 34765 25944 1649 259 10175
cat_boundaries=0 1 2 3 4 5 6 7 8 9 10 11 12 13 14 15
cat_threshold=158276234 10245 3858792721 17172994 5 1 512 536871184 16416 8193 133120 100663297 1 17039362 10
is_linear=0
shrinkage=0.06


Tree=47
num_leaves=31
num_cat=15
split_feature=0 1 0 0 5 1 5 2 5 0 0 0 5 0 1 5 2 0 3 5 4 5 0 2 5 5 4 5 5 5
split_gain=162.518 39.411 27.1408 25.8674 21.0096 15.3432 12.293 5.36436 4.84433 5.14463 4.55219 3.69718 4.17881 3.6625 3.46473 3.30777 2.81117 2.56584 2.34835 2.3966 3.85589 2.19307 3.55045 2.41499 2.08327 2.02552 3.57592 1.89264 1.81198 4.01699
threshold=0 1 2 3 0.0065000001341104516 4 0.2334999963641167 5 0.015500000212341549 6 7 8 0.66650000214576732 9 10 0.0054999999701976785 11 12 2.5000000000000004 0.20850000530481341 0.66449999809265148 0.0084999999962747114 13 14 0.96849998831748974 0.012500000186264517 0.19449999928474429 0.94149997830390941 0.01350000035017729 0.014500000048428776
decision_type=9 9 9 9 2 9 2 1 2 9 9 9 2 9 9 2 1 9 2 2 2 2 9 1 2 2 2 2 2 2
left_child=1 4 6 7 -1 -5 15 -2 9 21 24 12 -7 16 -12 -3 -8 27 -13 -20 -21 22 -9 25 -6 -23 -27 -10 -11 -30
right_child=3 2 -4 5 10 11 13 8 17 28 14 18 -14 -15 -16 -17 -18 -19 19 20 -22 23 -24 -25 -26 26 -28 -29 29 -31
leaf_value=-0.36877348997638887 -0.1989677136438989 -0.47314767097992183 -0.85905464339761106 5.0131028172660628 2.0749932124039092 0.69412297501753739 -0.014554168540566507 0.15989281625052276 0.023096596561279034 -0.26828577426475952 -0.07140733636120962 0.2403723173443805 2.9112825567416238 -0.27044570338760249 -0.23015493809087106 -0.26037803981723695 -0.12933052776580736 -0.025804341276161016 -0.15081007072764349 2.4855506488992498 0.24598738010498633 0.029115217963565952 -0.38276702397660384 -0.36828176751673775 6.5500660758650513 1.2205411663386569 0.50011818102007521 0.32877597941873526 0.02901214608594933 -0.39466145949982545
leaf_weight=4739 5731 6395 44551 521 143 856 4186 641 4742 1922 18512 7861 301 7050 4962 28886 2036 13728 23 29 47 621 401 134 29 22 147 317 434 648
leaf_count=4739 5731 6395 44551 521 143 856 4186 641 4742 1922 18512 7861 301 7050 4962 28886 2036 13728 23 29 47 621 401 134 29 22 147 317 434 648
internal_value=-0.00322965 -0.00431258 -0.00490972 0.000133993 -0.00235288 0.00283084 -0.00392558 -0.00074812 -0.000350151 -0.0020161 -0.00162294 0.00225025 0.00541388 -0.0023698 -0.00169494 -0.00451195 -0.00130167 9.03802e-05 0.00178419 0.0109697 0.0161053 0.000376517 -0.00150864 0.00250649 0.00784615 0.00375 0.0096213 0.00124403 -0.00357134 -0.00161923
internal_weight=160615 121489 93104 39126 28385 9638 48553 29488 23757 4970 23646 9117 1157 13272 23474 35281 6222 18787 7960 99 76 1966 1042 924 172 790 169 5059 3004 1082
internal_count=160615 121489 93104 39126 28385 9638 48553 29488 23757 4970 23646 9117 1157 13272 23474 35281 6222 18787 7960 99 76 1966 1042 924 172 790 169 5059 3004 1082
cat_boundaries=0 1 2 3 4 5 6 7 8 9 10 11 12 13 14 15
cat_threshold=158276234 10245 17172994 3858792721 5 1 536871184 512 16416 16777730 8193 6 3221225744 536870928 12
is_linear=0
shrinkage=0.06


Tree=48
num_leaves=31
num_cat=16
split_feature=0 1 0 0 5 5 1 5 2 0 0 0 5 5 0 1 2 6 3 5 4 0 5 5 2 1 5 6 4 0
split_gain=153.672 38.8101 30.6743 22.2055 21.6725 11.5699 10.5837 5.07607 4.57773 4.1774 3.80627 3.74431 3.60964 3.49006 3.36122 3.22746 2.95691 2.55186 2.10663 2.22847 3.30371 2.0005 2.0641 6.01939 2.56984 2.10232 2.28336 1.84868 4.03217 1.77148
threshold=0 1 2 3 0.0065000001341104516 0.21749999374151233 4 0.012500000186264517 5 6 7 8 0.004500000039115549 0.6225000023841859 9 10 11 11.500000000000002 2.5000000000000004 0.20850000530481341 0.66449999809265148 12 0.014500000048428776 0.015500000212341549 13 14 0.01350000035017729 8.5000000000000018 0.1865000054240227 15
decision_type=9 9 9 9 2 2 9 2 1 9 9 9 2 2 9 9 1 2 2 2 2 9 2 2 1 9 2 2 2 9
left_child=1 4 5 7 -1 12 13 11 -9 -6 -7 -2 -3 14 -5 -11 -12 -16 27 -20 -21 -10 24 -24 -23 26 -26 28 -8 -17
right_child=3 2 -4 6 9 10 18 8 21 15 16 -13 -14 -15 17 29 -18 -19 19 20 -22 22 23 -25 25 -27 -28 -29 -30 -31
leaf_value=-0.34664708057780541 -0.0189012298201078 -0.61628370011045674 -0.80751136479375452 0.72624868435905854 2.6854587967897809 -0.25724615763715447 49.481373105826378 -0.1687672791512464 -0.041165376460422155 -0.067122896179536928 -0.017951465328813764 -0.26623852844396767 -0.24348355950888001 2.9131255235065487 28.536879921603411 -0.13621734015983308 -0.14229329652104383 22.742541686580235 -0.14176146648398572 2.3364176099652934 0.23122813729868849 -0.20081714996406283 -0.38376174619295711 0.025085305449985593 -0.33984629108741388 0.75485833633058419 0.053414334899106276 0.20284287850825575 47.116339987446246 -0.46530940959639494
leaf_weight=4739 1901 4857 44551 1128 172 5695 20 4891 11451 18512 4688 2334 29892 421 70 3306 3421 59 23 29 47 101 579 7758 82 114 277 7685 156 1656
leaf_count=4739 1901 4857 44551 1128 172 5695 20 4891 11451 18512 4688 2334 29892 421 70 3306 3421 59 23 29 47 101 579 7758 82 114 277 7685 156 1656
internal_value=-0.00318744 -0.00424048 -0.00483304 8.34e-05 -0.00229583 -0.00378721 0.00258209 -0.000733882 -0.000411754 -0.00155443 -0.00231846 -0.00265644 -0.00437175 0.00690284 0.00536038 -0.0016234 -0.00147728 0.0142878 0.00166374 0.0103636 0.0153158 -1.53166e-05 0.000658445 0.000419574 0.00413937 0.00592546 0.00343089 0.00155629 0.00763636 -0.00298311
internal_weight=160615 121489 93104 39126 28385 48553 9638 29488 25253 23646 13804 4235 34749 1678 1257 23474 8109 129 7960 99 76 20362 8911 8337 574 473 359 7861 176 4962
internal_count=160615 121489 93104 39126 28385 48553 9638 29488 25253 23646 13804 4235 34749 1678 1257 23474 8109 129 7960 99 76 20362 8911 8337 574 473 359 7861 176 4962
cat_boundaries=0 1 2 3 4 5 6 7 8 9 10 11 12 13 14 15 16
cat_threshold=158276234 10245 17172994 3858792721 18437 1 512 133120 536871184 96 8193 2 100663297 2 9 128
is_linear=0
shrinkage=0.06


Tree=49
num_leaves=31
num_cat=15
split_feature=0 0 0 1 5 0 5 1 5 2 5 0 0 0 5 1 0 5 3 6 5 2 2 5 5 5 5 0 5 5
split_gain=147.974 41.4992 19.8374 19.219 22.7747 12.3478 10.5571 8.75111 4.65839 4.02064 3.99587 3.78142 3.74643 3.63876 3.04021 2.86763 2.7449 2.34067 2.07261 2.07054 1.99735 3.55102 1.91853 4.11177 2.18583 2.14701 4.01992 2.62138 2.30293 2.30139
threshold=0 1 2 3 0.0065000001341104516 4 0.21749999374151233 5 0.012500000186264517 6 0.004500000039115549 7 8 9 0.76350000500679027 10 11 0.86149999499320995 3.5000000000000004 9.5000000000000018 0.0084999999962747114 12 13 0.01350000035017729 0.96849998831748974 0.016500000841915611 0.020499999634921554 14 0.01350000035017729 0.19350000470876697
decision_type=9 9 9 9 2 9 2 9 2 1 2 9 9 9 2 9 9 2 2 2 2 1 1 2 2 2 2 9 2 2
left_child=1 -1 8 4 -3 -5 10 19 13 -10 -7 -6 17 -2 -9 -13 -16 -8 -18 -4 -15 -22 23 -11 -25 27 -27 28 -24 -28
right_child=2 3 7 5 11 6 12 14 9 22 -12 15 -14 20 16 -17 18 -19 -20 -21 21 -23 25 24 -26 26 29 -29 -30 -31
leaf_value=-0.84890828826763054 0.10796057979220752 -0.32584825574313725 11.060627302701404 -0.58680218870556899 2.524331268982392 -0.55840113251598322 -0.07164470999269873 0.21369326005810954 -0.15864124240217156 0.42586815458391941 -0.22411496622785934 -0.063095522408764912 -0.24049363597626497 -0.32434901053463661 1.3379969397032934 -0.2054740025023204 0.30075828645962388 0.018382892193733468 1.8869092223917039 1.5208569084027785 0.028202315661156944 -0.20867872877353041 -0.18697048444322059 0.092855203032545963 0.53567662633732704 0.038767975525855307 -0.077519048568180149 -0.048650794257971482 0.19219572444135793 0.031096309958805048
leaf_weight=33145 801 4739 123 12728 172 4515 4108 7209 4891 46 29243 18512 7347 1549 661 4962 1217 2018 30 398 546 1339 94 898 43 1316 7197 1806 221 8741
leaf_count=33145 801 4739 123 12728 172 4515 4108 7209 4891 46 29243 18512 7347 1549 661 4962 1217 2018 30 398 546 1339 94 898 43 1316 7197 1806 221 8741
internal_value=-0.0031385 -0.00417184 7.11351e-05 -0.00349146 -0.00220285 -0.00410102 -0.00365162 0.00243283 -0.000701337 -0.000392747 -0.00421909 -0.00144278 -0.00223247 -0.00254309 0.00199386 -0.00150843 0.00412578 -0.00113038 0.00240095 0.0099322 -0.00338676 -0.00208488 -2.1207e-05 0.00254564 0.0017152 -0.000153213 6.81567e-05 -0.00195474 0.00304615 -0.000195007
internal_weight=160615 121489 39126 88344 28385 59959 47231 9638 29488 25253 33758 23646 13473 4235 9117 23474 1908 6126 1247 521 3434 1885 20362 987 941 19375 17254 2121 315 15938
internal_count=160615 121489 39126 88344 28385 59959 47231 9638 29488 25253 33758 23646 13473 4235 9117 23474 1908 6126 1247 521 3434 1885 20362 987 941 19375 17254 2121 315 15938
cat_boundaries=0 1 2 3 4 5 6 7 8 9 10 11 12 13 14 15
cat_threshold=158276234 140513280 3858792721 10245 524800 5 1 512 16777218 536870928 8193 1064992 4 4 536903697
is_linear=0
shrinkage=0.06


Tree=50
num_leaves=31
num_cat=15
split_feature=0 0 1 5 0 0 5 1 0 5 5 2 0 0 5 5 6 3 4 0 2 6 5 0 2 5 4 0 6 4
split_gain=141.899 41.5153 19.4977 23.6085 19.1839 13.9857 11.2184 11.0026 7.52673 6.32542 4.52746 3.59484 3.32101 3.22633 3.1307 2.78429 2.91872 2.44865 2.88122 2.48032 2.16762 2.06276 1.97033 1.89703 2.14402 1.8846 1.64213 1.53123 3.77791 3.50635
threshold=0 1 2 0.0065000001341104516 3 4 0.21749999374151233 5 6 0.014500000048428776 0.004500000039115549 7 8 9 0.19649999588727954 0.6225000023841859 11.500000000000002 2.5000000000000004 0.47349999845027929 10 11 19.500000000000004 0.17850000411272052 12 13 0.98450002074241649 0.38249999284744268 14 8.5000000000000018 0.20650000125169757
decision_type=9 9 9 2 9 9 2 9 9 2 2 1 9 9 2 2 2 2 2 9 1 2 2 9 1 2 2 9 2 2
left_child=1 -1 3 -3 9 -4 10 8 22 -2 -7 25 20 -5 27 16 -10 19 -19 -16 -8 -20 -6 24 -12 -11 -24 28 29 -9
right_child=4 2 5 13 7 6 12 14 15 11 23 -13 -14 -15 17 -17 -18 18 21 -21 -22 -23 26 -25 -26 -27 -28 -29 -30 -31
leaf_value=-0.79797379097157284 -0.20367645176070129 -0.29621738235397116 -0.57921623477076112 2.3728713928434448 0.33335096217412796 -0.54580261015287046 -0.0093150813378853111 46.46210853132753 26.733415711803037 -0.055216290129671476 -0.14889938179708409 -0.1673175170891982 -0.22606401781768909 -0.066350233761255456 0.57614429834865266 11.084177218525435 21.286737770881253 2.1834109577638898 0.47604996751023976 0.096697792706873023 -0.10538408261850965 -0.31583603130259236 2.1106463611105335 -0.37093611489526779 -0.21743786425576289 0.091926158159311336 1.1091933294715224 -0.0032059939313456741 0.16940970575237566 44.603694183123991
leaf_weight=33145 3401 4339 12603 172 640 4857 4331 21 70 12483 14003 5130 7347 19188 1330 45 59 28 139 4062 2126 58 121 11536 4353 2433 743 8844 2903 105
leaf_count=33145 3401 4339 12603 172 640 4857 4331 21 70 12483 14003 5130 7347 19188 1330 45 59 28 139 4062 2126 58 121 11536 4353 2433 743 8844 2903 105
internal_value=-0.00309554 -0.00416711 -0.00346256 -0.00199899 -0.000127391 -0.0040293 -0.00356481 0.00128022 0.00590758 -0.00127817 -0.00414038 -0.000872794 -0.00211852 -0.00110331 0.000833141 0.0174783 0.014 0.00200071 0.00813333 0.00174481 -0.00111984 0.0055736 0.00446235 -0.00386431 -0.00347468 -0.000400377 0.00636111 0.000281478 0.00144324 0.011619
internal_weight=160615 118000 84855 23699 42615 61156 48553 19168 1678 23447 34749 20046 13804 19360 17490 174 129 5617 225 5392 6457 197 1504 29892 18356 14916 864 11873 3029 126
internal_count=160615 118000 84855 23699 42615 61156 48553 19168 1678 23447 34749 20046 13804 19360 17490 174 129 5617 225 5392 6457 197 1504 29892 18356 14916 864 11873 3029 126
cat_boundaries=0 1 2 3 4 5 6 7 8 9 10 11 12 13 14 15
cat_threshold=158276106 140513280 10241 2248179841 524288 18437 96 10 16777730 512 1074798592 6 17039362 6 1049604
is_linear=0
shrinkage=0.06


Tree=51
num_leaves=31
num_cat=16
split_feature=0 0 1 5 0 0 5 1 5 5 6 2 0 0 5 0 2 0 5 0 2 4 3 4 5 5 2 5 5 0
split_gain=137.239 44.0968 18.9767 24.3919 16.5122 14.6411 10.9087 9.399 5.65549 5.32281 4.104 3.49166 3.18015 2.90265 2.54024 2.30165 2.22053 2.11421 2.06383 2.01715 2.19697 1.79207 1.76825 4.7438 1.62243 2.11068 2.30815 7.43546 2.69866 2.73269
threshold=0 1 2 0.0065000001341104516 3 4 0.39149999618530279 5 0.004500000039115549 0.014500000048428776 8.5000000000000018 6 7 8 0.14250000566244128 9 10 11 0.0075000002980232247 12 13 0.52250000834465038 2.5000000000000004 0.66449999809265148 0.85349997878074657 0.012500000186264517 14 0.011500000022351744 0.0094999996945261973 15
decision_type=9 9 9 2 9 9 2 9 2 2 2 1 9 9 2 9 1 9 2 9 1 2 2 2 2 2 1 2 2 9
left_child=1 -1 3 -3 9 -4 8 10 -7 17 21 -11 -8 -5 -9 22 -12 18 -2 20 -10 -6 -16 -24 25 26 28 -28 29 -15
right_child=4 2 5 13 7 6 12 14 19 11 16 -13 -14 24 15 -17 -18 -19 -20 -21 -22 -23 23 -25 -26 -27 27 -29 -30 -31
leaf_value=-0.75009536351327855 -0.29634171470743026 -0.27844433941273278 -0.54446326068451545 2.230499109272833 9.7015310709765394 -0.51305445354369827 -0.19831143128735179 0.0076084310738706168 -0.18987144958860086 -0.021321764114386084 2.4284774647347755 -0.1598466713148427 -0.028294472192406803 0.054372686537402612 0.46620088690619432 0.069657965428116309 0.81646685660753859 -0.31465451978020126 -0.068848939598026973 -0.333005690497781 -0.13234561621871649 4.1506458653710094 2.0524063002980562 0.11573397065914623 0.045852503698128683 -0.12717395335324469 -0.21002944577712088 0.1174507836835012 -0.13503301813611732 -0.32318934772111912
leaf_weight=33145 1040 4339 12603 172 63 4857 4028 10410 5089 15700 230 5431 5703 1512 2590 3297 1214 960 1557 13292 15584 47 29 47 1625 13802 831 92 1193 133
leaf_count=33145 1040 4339 12603 172 63 4857 4028 10410 5089 15700 230 5431 5703 1512 2590 3297 1214 960 1557 13292 15584 47 29 47 1625 13802 831 92 1193 133
internal_value=-0.00304922 -0.00410304 -0.00337701 -0.00193319 -0.000130207 -0.00393611 -0.00346103 0.00125539 -0.00391201 -0.00113645 0.00570077 -0.00077545 -0.0016654 -0.00102273 0.000830249 0.00181821 0.00488643 -0.00328423 -0.00236364 -0.00363816 -0.00325862 0.0169091 0.00312556 0.0121579 -0.00109324 -0.00126163 -1.59675e-06 -0.00259164 0.000846909 0.00242553
internal_weight=160615 118000 84855 23699 42615 61156 48553 17927 38822 24688 1554 21131 9731 19360 16373 5963 1444 3557 2597 33965 20673 110 2666 76 19188 17563 3761 923 2838 1645
internal_count=160615 118000 84855 23699 42615 61156 48553 17927 38822 24688 1554 21131 9731 19360 16373 5963 1444 3557 2597 33965 20673 110 2666 76 19188 17563 3761 923 2838 1645
cat_boundaries=0 1 2 3 4 5 6 7 8 9 10 11 12 13 14 15 16
cat_threshold=158276106 140513280 10241 2248179857 524288 16389 10 133120 512 1074814980 2 67141776 17039362 1 12 65544
is_linear=0
shrinkage=0.06


Tree=52
num_leaves=31
num_cat=15
split_feature=0 0 1 5 0 0 5 1 5 5 5 2 0 0 1 5 0 2 0 5 0 6 4 6 4 5 0 5 5 5
split_gain=130.393 46.5344 17.1366 24.6355 15.5891 14.4746 9.03709 8.29954 5.49784 5.05386 3.10905 2.94906 2.62029 2.41233 2.17725 2.05255 1.95986 1.93931 1.85687 2.37277 1.85335 4.39483 3.44994 1.80339 1.76186 1.60647 5.21713 8.08571 3.64226 3.20163
threshold=0 1 2 0.0065000001341104516 3 4 0.21749999374151233 5 0.014500000048428776 0.004500000039115549 0.50650000572204601 6 7 8 9 0.92350000143051159 10 11 12 0.0075000002980232247 13 8.5000000000000018 0.20650000125169757 9.5000000000000018 0.72650000452995311 0.011500000022351744 14 0.0075000002980232247 0.0065000001341104516 0.0054999999701976785
decision_type=9 9 9 2 9 9 2 9 2 2 2 1 9 9 9 2 9 1 9 2 9 2 2 2 2 2 9 2 2 2
left_child=1 -1 3 -3 6 8 9 23 18 -4 20 -10 -12 15 -6 -8 -5 25 19 -2 21 22 -9 -7 -25 26 27 29 -28 -11
right_child=5 2 4 16 14 7 13 10 11 17 12 -13 -14 -15 -16 -17 -18 -19 -20 -21 -22 -23 -24 24 -26 -27 28 -29 -30 -31
leaf_value=-0.70508964170248178 -0.29037002058370037 -0.26173767904796902 -0.43970181234436612 2.0966691627164624 -0.52083060048026342 9.1194379270612753 -0.056749270091702324 43.378605618954964 -0.026153814424203514 0.021015844227518343 1.7161164048845672 -0.14768766578495576 0.29848291009067113 -0.17950512021717108 -0.48447440512110546 0.025928999007491672 -0.058859575376561286 -0.21201934233070019 -0.29577524859338933 -0.065577464431453944 0.00031892786512414061 0.17327879216363673 42.240423826660887 0.9127072252688877 3.5713266039720177 -0.16502463613976887 -0.27960096061861367 -0.45109913745935398 -0.072755712999645436 0.28474083118390453
leaf_weight=33145 978 4339 3988 172 11406 123 4338 23 14916 294 408 5130 3198 6535 7931 1788 19188 6900 960 1463 10133 4767 118 356 42 12873 1689 713 2379 322
leaf_count=33145 978 4339 3988 172 11406 123 4338 23 14916 294 408 5130 3198 6535 7931 1788 19188 6900 960 1463 10133 4767 118 356 42 12873 1689 713 2379 322
internal_value=-0.00300364 -0.00403085 -0.0032851 -0.00191295 -0.00381644 -0.000158359 -0.00316274 0.00106434 -0.00115795 -0.0037447 0.00085319 -0.000780007 0.00243594 -0.00182498 -0.00522779 -0.000964147 -0.000997935 -0.00343028 -0.003389 -0.00247491 0.000474302 0.00142985 0.0118723 0.00846328 0.00666332 -0.00309847 -0.00223124 0.0010351 -0.00329279 0.00607792
internal_weight=160615 118000 84855 23699 61156 42615 41819 19168 23447 29158 18647 20046 3606 12661 19337 6126 19360 25170 3401 2441 15041 4908 141 521 398 18270 5397 1329 4068 616
internal_count=160615 118000 84855 23699 61156 42615 41819 19168 23447 29158 18647 20046 3606 12661 19337 6126 19360 25170 3401 2441 15041 4908 141 521 398 18270 5397 1329 4068 616
cat_boundaries=0 1 2 3 4 5 6 7 8 9 10 11 12 13 14 15
cat_threshold=158276106 140513280 10241 17041410 2248179841 5 10 1073758240 16777218 32 512 6 67141760 1049636 262144
is_linear=0
shrinkage=0.06


Tree=53
num_leaves=31
num_cat=12
split_feature=0 1 0 0 5 5 5 1 6 2 5 5 5 5 5 0 5 0 3 5 3 0 5 0 5 5 0 2 5 4
split_gain=127.494 35.4076 30.1576 28.3123 22.0031 8.50055 8.42002 6.88691 15.7354 6.4887 4.70308 4.32046 3.70759 2.84543 2.12259 2.11485 3.24209 5.76902 2.01743 2.00001 1.94672 1.90908 2.50783 1.85027 1.7809 2.06399 3.24378 2.0309 1.75644 2.48696
threshold=0 1 2 3 0.0065000001341104516 0.004500000039115549 0.0094999996945261973 4 7.5000000000000009 5 0.27349999547004705 0.59849998354911815 0.014500000048428776 0.084499999880790724 0.21149999648332599 6 0.0094999996945261973 7 1.5000000000000002 0.074500001966953291 1.5000000000000002 8 0.011500000022351744 9 0.0054999999701976785 0.0084999999962747114 10 11 0.0075000002980232247 0.25749999284744268
decision_type=9 9 9 9 2 2 2 9 2 1 2 2 2 2 2 9 2 9 2 2 2 9 2 9 2 2 9 1 2 2
left_child=1 6 4 5 -2 -3 -1 8 -4 19 15 21 -8 24 -14 -11 17 20 -18 -6 28 22 -7 -16 -9 27 -27 -26 -17 -30
right_child=2 3 7 -5 9 11 12 13 -10 10 -12 -13 14 -15 23 16 18 -19 -20 -21 -22 -23 -24 -25 25 26 -28 -29 29 -31
leaf_value=-0.43269264726637557 -0.20313348662856157 -0.58517778325561776 8.9433216135038212 -0.5937962772079014 -0.1934923917256107 -0.076812786313971357 0.11531533523182361 0.22139549488181159 1.1878239983845356 -0.086483307190199948 0.0014466917710376822 -0.085812178595308805 -0.1340118958530894 0.16465590056923946 3.4273833661493982 0.013181882877738645 -0.13054723400598392 -0.32275718714343227 0.013922470135680451 -0.10678597316251311 -0.41987194197385802 -0.28963886519920967 -0.23030839863816302 0.0072086488983508397 0.18172999219197034 0.0145266817017266 -0.16198085970371559 -0.34140894935346211 0.18003828907772088 0.07047829577292844
leaf_weight=1159 5416 4507 26 45748 4400 3640 615 1565 1057 5057 10726 4464 4063 9165 102 820 13231 423 2147 6187 120 14516 7993 3679 152 5331 2951 429 373 553
leaf_count=1159 5416 4507 26 45748 4400 3640 615 1565 1057 5057 10726 4464 4063 9165 102 820 13231 423 2147 6187 120 14516 7993 3679 152 5331 2951 429 373 553
internal_value=-0.00295321 -0.00444126 -0.00103244 -0.00485086 -0.00183689 -0.00356618 -0.000995847 0.000891616 0.0055279 -0.00139342 -0.000982667 -0.00320903 -0.000339758 0.000632657 -0.000691485 -0.00147175 -0.00115981 0.000946263 -0.00147406 -0.00268774 0.00237953 -0.00350354 -0.00291832 0.000331657 -4.48806e-05 -0.000374367 -0.000131854 -0.00383133 0.00290034 0.00469114
internal_weight=160615 90486 70129 80868 49453 35120 9618 20676 1083 44037 33450 30613 8459 19593 7844 22724 17667 2289 15378 10587 1866 26149 11633 3781 10428 8863 8282 581 1746 926
internal_count=160615 90486 70129 80868 49453 35120 9618 20676 1083 44037 33450 30613 8459 19593 7844 22724 17667 2289 15378 10587 1866 26149 11633 3781 10428 8863 8282 581 1746 926
cat_boundaries=0 1 2 3 4 5 6 7 8 9 10 11 12
cat_threshold=141433354 2049 117538945 395778 16388 1 16777216 67174400 262146 512 1073743104 10
is_linear=0
shrinkage=0.06


Tree=54
num_leaves=31
num_cat=14
split_feature=0 1 0 5 0 5 5 1 6 2 5 5 5 0 5 5 2 5 5 5 4 0 0 0 5 0 2 2 5 3
split_gain=123.425 37.755 30.5922 26.9419 23.209 8.3916 8.24468 6.33336 14.38 5.96745 4.94947 3.9996 3.9769 11.0674 3.4796 2.62446 2.202 3.09712 4.17178 4.65708 2.1198 2.09138 2.06167 1.97758 2.89013 5.46047 1.90561 1.883 1.85236 1.84643
threshold=0 1 2 0.0065000001341104516 3 0.0094999996945261973 0.004500000039115549 4 7.5000000000000009 5 0.17549999803304675 0.6055000126361848 0.0084999999962747114 6 0.014500000048428776 0.54150000214576732 7 0.0075000002980232247 0.0054999999701976785 0.0065000001341104516 0.25450000166893011 8 9 10 0.0094999996945261973 11 12 13 0.072499997913837447 1.5000000000000002
decision_type=9 9 9 2 9 2 2 9 2 1 2 2 2 9 2 2 1 2 2 2 2 9 9 9 2 9 1 1 2 2
left_child=1 5 3 -2 6 -1 -3 8 -4 28 23 12 13 16 -7 27 17 18 -8 20 -20 26 -17 -11 25 29 -16 -9 -5 -25
right_child=2 4 7 9 -6 14 11 15 -10 10 -12 -13 -14 -15 21 22 -18 -19 19 -21 -22 -23 -24 24 -26 -27 -28 -29 -30 -31
leaf_value=-0.40673108843039285 -0.21776550316968241 -0.45111659174070479 8.4067223166935907 -0.18175726549363458 -0.62895647054613035 0.10839641511791398 0.029463676274058059 -0.18548097376665448 1.1165545584814665 -0.08800171594566833 -0.0056277879874750171 -0.090370831776437496 -0.29391068255560293 -0.19480167554308481 -0.1538050533186934 2.2057086505348042 -0.083699349015513333 -0.48182450199854598 0.33364512676220598 0.43510511270021468 0.20422505754011849 -0.47158878771267865 0.21511961230894258 0.050791127126050668 -0.11158562924213189 -0.30147175728811787 0.01784879970106772 0.017568124898172641 -0.10754550435543693 -0.39467962545542645
leaf_weight=1159 6703 5017 26 4612 43125 615 271 1261 1057 8092 14031 4046 19430 2187 2232 176 166 132 22 124 123 628 3446 1746 13205 421 4984 14710 6748 120
leaf_count=1159 6703 5017 26 4612 43125 615 271 1261 1057 8092 14031 4046 19430 2187 2232 176 166 132 22 124 123 628 3446 1746 13205 421 4984 14710 6748 120
internal_value=-0.002911 -0.00449415 -0.00116317 -0.00189499 -0.00495035 -0.000952224 -0.0037087 0.000807501 0.00525343 -0.00140705 -0.00104213 -0.00328765 -0.00360054 -0.00157686 -0.0002972 0.000559199 0.00425943 0.00578885 0.00788889 0.0131822 0.0204828 -0.000637941 0.00201767 -0.00157327 -0.00117353 0.000794926 -0.000345421 0.000228788 -0.00261214 0.00218763
internal_weight=160615 84261 76354 55678 74643 9618 31518 20676 1083 48975 37615 26501 22455 3025 8459 19593 838 672 540 269 145 7844 3622 23584 15492 2287 7216 15971 11360 1866
internal_count=160615 84261 76354 55678 74643 9618 31518 20676 1083 48975 37615 26501 22455 3025 8459 19593 838 672 540 269 145 7844 3622 23584 15492 2287 7216 15971 11360 1866
cat_boundaries=0 1 2 3 4 5 6 7 8 9 10 11 12 13 14
cat_threshold=141433352 2049 117538947 2492928 16388 1 262144 4 524800 1073758272 50331650 67174400 1 1
is_linear=0
shrinkage=0.06


Tree=55
num_leaves=31
num_cat=13
split_feature=0 1 0 5 0 5 5 5 1 6 2 5 0 2 5 5 5 5 5 5 0 5 0 0 6 0 0 6 4 3
split_gain=123.701 36.2312 28.1991 29.0784 24.2796 8.45821 8.1939 6.89035 5.71603 14.5613 4.57925 2.94346 10.3426 4.20222 3.99593 4.18309 3.54372 2.88512 2.35681 2.2544 2.60753 2.50952 5.03371 1.91078 1.88104 1.84039 1.79545 3.86672 3.50635 1.76489
threshold=0 1 2 0.0065000001341104516 3 0.004500000039115549 0.0094999996945261973 0.82850000262260448 4 7.5000000000000009 5 0.0075000002980232247 6 7 0.0054999999701976785 0.0065000001341104516 0.6055000126361848 0.014500000048428776 0.19649999588727954 0.11250000074505807 8 0.0094999996945261973 9 10 12.500000000000002 11 12 8.5000000000000018 0.20650000125169757 1.5000000000000002
decision_type=9 9 9 2 9 2 2 2 9 2 1 2 9 1 2 2 2 2 2 2 9 2 9 9 2 9 9 2 2 2
left_child=1 6 3 23 5 -3 -1 10 9 -4 -5 12 13 14 -7 -16 -13 -8 26 20 21 22 29 -2 -19 -20 27 28 -10 -12
right_child=2 4 8 7 -6 11 17 -9 18 -11 19 16 -14 -15 15 -17 -18 24 25 -21 -22 -23 -24 -25 -26 -27 -28 -29 -30 -31
leaf_value=-0.37176745770481373 -0.11417140025443401 -0.41463702942548136 7.9023189776919738 -0.13749497902358132 -0.59121908231336262 0.027695855697614531 0.10189263021083902 0.026658284933422219 41.056871359259347 1.0495612849725808 0.047743659498487433 -0.28371305988021778 -0.158441900306204 -0.1562417530718794 0.23421170454847726 0.40899880593820181 -0.11429727842015609 -0.15681597409062564 0.64380256382789824 -0.033146121080293342 -0.10106733863241245 -0.10770764852739786 -0.28338345185083069 -0.23880430370371092 0.010093730606008915 0.099449683516652135 -0.0096106978510991162 0.13694008545939473 39.387453869031852 -0.37099884792810101
leaf_weight=963 1380 4798 26 10284 43125 271 587 6309 21 1057 1746 19904 1659 133 145 124 4014 2122 1667 12031 7516 11626 421 5739 4922 4971 9926 2903 105 120
leaf_count=963 1380 4798 26 10284 43125 271 587 6309 21 1057 1746 19904 1659 133 145 124 4014 2122 1667 12031 7516 11626 421 5739 4922 4971 9926 2903 105 120
internal_value=-0.00286094 -0.00447566 -0.00114347 -0.00183016 -0.00490325 -0.00361994 -0.000783823 -0.00132016 0.000755292 0.00497896 -0.00158751 -0.00319772 -0.00116295 0.00506881 0.00741818 0.0127361 -0.0033961 -0.00012659 0.000519409 -0.00124589 -0.00161529 -0.00112605 0.000689985 -0.00541846 -0.000463375 0.00143899 4.86284e-05 0.00132478 0.011619 0.00202772
internal_weight=160615 82767 77848 57172 74173 31048 8594 50053 20676 1083 43744 26250 2332 673 540 269 23918 7631 19593 33460 21429 13913 2287 7119 7044 6638 12955 3029 126 1866
internal_count=160615 82767 77848 57172 74173 31048 8594 50053 20676 1083 43744 26250 2332 673 540 269 23918 7631 19593 33460 21429 13913 2287 7119 7044 6638 12955 3029 126 1866
cat_boundaries=0 1 2 3 4 5 6 7 8 9 10 11 12 13
cat_threshold=141432840 1 117539459 2492424 16388 1 262144 4 67207297 67174400 83886080 1074815040 1049604
is_linear=0
shrinkage=0.06


Tree=56
num_leaves=31
num_cat=13
split_feature=0 1 0 5 0 5 1 5 5 1 6 5 5 0 5 0 5 5 0 0 5 5 0 5 2 3 4 5 0 5
split_gain=119.99 38.0151 25.6824 28.4724 16.1025 11.2952 6.35873 5.86986 5.48295 4.96085 13.363 4.80779 5.51821 4.78323 3.66098 3.49637 3.47965 2.71918 2.14707 2.10698 2.01303 1.99087 1.97487 1.88171 5.17449 1.92869 2.38884 1.77722 2.55987 3.01489
threshold=0 1 2 0.0065000001341104516 3 0.0065000001341104516 4 0.38650000095367437 0.0094999996945261973 5 7.5000000000000009 0.004500000039115549 0.0065000001341104516 6 0.0054999999701976785 7 0.0084999999962747114 0.014500000048428776 8 9 0.59849998354911815 0.79550001025199901 10 0.0094999996945261973 11 1.5000000000000002 0.20250000059604648 0.016500000841915611 12 0.012500000186264517
decision_type=9 9 9 2 9 2 9 2 2 9 2 2 2 9 2 9 2 2 9 9 2 2 9 2 1 2 2 2 9 2
left_child=1 5 3 18 11 -1 8 15 -7 10 -4 -3 13 14 -13 -5 -8 -10 -2 -11 -18 -14 -9 24 -17 -25 -27 28 29 -21
right_child=2 4 9 7 -6 6 16 22 17 19 -12 12 21 -15 -16 23 20 -19 -20 27 -22 -23 -24 25 -26 26 -28 -29 -30 -31
leaf_value=-0.33744552708413628 -0.10732111623916793 -0.33507722088847941 7.4281798390304568 -0.091297495763096731 -0.5619435925360704 -0.27027827314411845 0.078214542335023299 0.17591026734911072 0.095779072398188558 0.25204089667103358 0.98658760787422595 0.017034117230131682 -0.32429904599998122 -0.22315313042444593 0.16651886354395215 0.045119003278264389 -0.20501327943981576 -0.027441188817368331 -0.22446361232322407 -0.020302211231983731 -0.080925043625905177 -0.095787466995851583 -0.011275754849195177 -0.12269007092368954 -0.15667870789420427 0.17073169845709088 -0.0475730057501366 0.020237319149552981 -0.047308198325358472 0.33285346461273502
leaf_weight=3061 1380 3018 26 13900 41928 615 456 310 587 6688 1057 311 12516 381 198 1492 8888 7044 5735 2019 2617 1147 11816 15908 1050 163 3841 10032 2037 394
leaf_count=3061 1380 3018 26 13900 41928 615 456 310 587 6688 1057 311 12516 381 198 1492 8888 7044 5735 2019 2617 1147 11816 15908 1050 163 3841 10032 2037 394
internal_value=-0.00281649 -0.00440681 -0.00112497 -0.00181441 -0.00521155 -0.00234763 -0.00183412 -0.00129456 -0.00054942 0.000597492 0.0045398 -0.00367931 -0.00322944 0.00134831 0.00509826 -0.00167586 -0.00271707 -0.000110865 -0.0053591 0.000393766 -0.00292308 -0.00352763 -0.000151412 -0.00121101 0.000325726 -0.0014078 -0.000230771 -1.32501e-05 -0.00101124 0.000314485
internal_weight=160615 82767 77848 55595 59499 23268 20207 48480 8246 22253 1083 17571 14553 890 509 36354 11961 7631 7115 21170 11505 13663 12126 22454 2542 19912 4004 14482 4450 2413
internal_count=160615 82767 77848 55595 59499 23268 20207 48480 8246 22253 1083 17571 14553 890 509 36354 11961 7631 7115 21170 11505 13663 12126 22454 2542 19912 4004 14482 4450 2413
cat_boundaries=0 1 2 3 4 5 6 7 8 9 10 11 12 13
cat_threshold=141432840 261 117506691 2490376 1 16388 262144 16777730 83886080 1066052 512 4 805306640
is_linear=0
shrinkage=0.06


Tree=57
num_leaves=31
num_cat=14
split_feature=0 1 0 5 0 5 0 5 2 1 6 5 5 0 5 5 5 5 0 1 5 5 5 0 2 0 5 0 5 5
split_gain=117.053 39.7227 22.407 26.7477 16.7396 11.9641 5.47141 5.38947 4.61416 4.32989 12.1496 4.01919 3.99355 4.46225 3.86925 3.43402 2.95978 2.79219 2.30153 2.16797 2.0363 1.89447 1.78115 1.77484 1.76484 2.01307 1.68011 2.4005 1.49389 1.42333
threshold=0 1 2 0.0065000001341104516 3 0.0065000001341104516 4 0.004500000039115549 5 6 7.5000000000000009 0.0094999996945261973 0.0065000001341104516 7 0.17850000411272052 0.36650000512599951 0.0084999999962747114 0.0054999999701976785 8 9 0.014500000048428776 0.062500000000000014 0.18450000137090686 10 11 12 0.8204999864101411 13 0.95049998164176952 0.011500000022351744
decision_type=9 9 9 2 9 2 9 2 1 9 2 2 2 9 2 2 2 2 9 9 2 2 2 9 1 9 2 9 2 2
left_child=1 5 3 18 7 -1 11 -3 21 10 -4 -7 13 17 -10 -14 -8 -9 -2 20 29 -5 -22 -24 -11 -26 -6 -28 -21 -13
right_child=2 4 9 8 26 6 16 12 14 24 -12 19 15 -15 -16 -17 -18 -19 -20 28 22 -23 23 -25 25 -27 27 -29 -30 -31
leaf_value=-0.32074067124717204 -0.10088184926481794 -0.32506673864192148 6.9824890486886293 -0.16158321504860676 -0.57746755792906368 -0.23070577347348983 0.072981673900498409 0.016012070196323763 -0.063512175674773907 -0.11373716321044307 0.92739235140177489 0.014554423716682549 -0.3209912506457761 -0.26931106586422232 -0.0031048983158195294 -0.08367908448739976 -0.17561011673905152 0.15652773173131521 -0.20018333986866635 -0.31021091524378219 -0.095816540920696219 -0.090645960067386969 3.4071592765949279 0.030393654375123456 0.8043969605491158 0.024216555530946947 -0.10107203097839686 -0.47524132896351001 0.14401716968091277 0.16411590778626761
leaf_weight=3237 1380 3237 26 4088 37642 697 417 311 23207 2090 1057 290 11480 402 13402 2413 11240 198 5319 811 3526 6705 118 3572 224 18856 1808 2478 87 297
leaf_count=3237 1380 3237 26 4088 37642 697 417 311 23207 2090 1057 290 11480 402 13402 2413 11240 198 5319 811 3526 6705 118 3572 224 18856 1808 2478 87 297
internal_value=-0.00277726 -0.004319 -0.00107517 -0.00173433 -0.0051487 -0.00226944 -0.00174828 -0.00361343 -0.00123311 0.000527421 0.00421043 -0.000668369 -0.00313051 0.000717891 -0.00091084 -0.00338286 -0.0026161 0.00440462 -0.00528348 -0.000317896 5.37423e-06 -0.00232324 -0.000271066 0.000650405 0.000337109 0.000518595 -0.00580829 -0.00468409 -0.00309251 0.00340375
internal_weight=160615 84261 76354 54101 59969 24292 21055 18041 47402 22253 1083 9398 14804 911 36609 13893 11657 509 6699 8701 7803 10793 7216 3690 21170 19080 41928 4286 898 587
internal_count=160615 84261 76354 54101 59969 24292 21055 18041 47402 22253 1083 9398 14804 911 36609 13893 11657 509 6699 8701 7803 10793 7216 3690 21170 19080 41928 4286 898 587
cat_boundaries=0 1 2 3 4 5 6 7 8 9 10 11 12 13 14
cat_threshold=141433352 2309 117506179 2490880 524800 1 16388 262144 83886080 2049 512 1 64 524288
is_linear=0
shrinkage=0.06


Tree=58
num_leaves=31
num_cat=15
split_feature=0 0 5 1 0 0 5 0 5 5 5 1 0 2 0 5 2 2 5 5 5 2 5 5 4 5 5 0 0 5
split_gain=117.528 47.0897 22.3992 12.6616 21.2985 7.11163 7.04072 6.45588 5.3733 4.82595 4.19462 4.07973 2.57227 2.4468 2.07117 2.39539 1.71944 1.62547 5.64303 4.36672 4.11021 2.15319 3.46566 1.72286 1.61915 1.40885 3.41493 2.48884 1.57586 1.50544
threshold=0 1 0.0054999999701976785 2 3 4 0.0065000001341104516 5 0.32950000464916235 0.01350000035017729 0.63150000572204601 6 7 8 9 0.0075000002980232247 10 11 0.01049999985843897 0.014500000048428776 0.01049999985843897 12 0.0094999996945261973 0.011500000022351744 0.24849999696016314 0.014500000048428776 0.015500000212341549 13 14 0.021499999798834327
decision_type=9 9 2 9 9 9 2 9 2 2 2 9 9 1 9 2 1 1 2 2 2 1 2 2 2 2 2 9 9 2
left_child=7 2 12 6 10 9 -4 -1 16 14 -5 -7 -2 25 15 -3 -6 18 -8 23 21 -19 -23 -20 -25 27 28 -11 -27 -28
right_child=1 5 3 4 8 11 17 -9 -10 13 -12 -13 -14 -15 -16 -17 -18 20 19 -21 -22 22 -24 24 -26 26 29 -29 -30 -31
leaf_value=-0.2609816373565092 -0.028468895650812696 -0.23451938494679819 -0.056052444133652554 -0.4167789395298907 -0.15053712305245878 2.102608360928873 -0.31127888322005032 -0.57978132327829335 -0.042117496299419903 -0.1447759457169768 -0.10784764443161514 0.080220581467309079 -0.38677242187400734 -0.11262318142037296 -0.30320038346019296 -0.016747215810070916 -0.10230161908448281 0.044482678118787644 0.018748158947314551 0.016057833997065573 -0.12535879130730729 -0.19944004410945196 0.10644110897061822 0.47513806162117062 0.0913148409815982 0.13597358035548324 0.01826445414319618 0.052881692602915677 -0.35734367751282603 -0.018891066655098855
leaf_weight=8887 574 1162 1355 9551 7529 521 538 30522 10291 101 2549 13268 8526 5707 930 1410 19532 1870 83 5203 10418 312 52 63 145 134 2160 357 539 16326
leaf_count=8887 574 1162 1355 9551 7529 521 538 30522 10291 101 2549 13268 8526 5707 930 1410 19532 1870 83 5203 10418 312 52 63 145 134 2160 357 539 16326
internal_value=-0.0027216 -0.00179561 -0.00266646 -0.00230024 -0.00281574 -0.000189327 -0.00102619 -0.00556772 -0.00210567 -0.000725345 -0.00500413 0.000930936 -0.00546594 -0.000436899 -0.00281325 -0.00191015 -0.00255002 -0.000723829 8.73869e-05 0.000661811 -0.00110978 0.00122471 -0.00295187 0.00781443 0.0107308 -0.000118308 -0.000196985 0.0031703 -0.00439525 -4.41429e-05
internal_weight=160615 121206 78591 69491 49452 42615 20039 39409 37352 28826 12100 13789 9100 25324 3502 2572 27061 18684 6032 5494 12652 2234 364 291 208 19617 19159 458 673 18486
internal_count=160615 121206 78591 69491 49452 42615 20039 39409 37352 28826 12100 13789 9100 25324 3502 2572 27061 18684 6032 5494 12652 2234 364 291 208 19617 19159 458 673 18486
cat_boundaries=0 1 2 3 4 5 6 7 8 9 10 11 12 13 14 15
cat_threshold=140644360 17631746 10241 524288 3321929873 2228232 5 16777216 26 67149968 1 10 4 2248146944 67108993
is_linear=0
shrinkage=0.06


Tree=59
num_leaves=31
num_cat=15
split_feature=0 0 5 1 0 0 0 5 5 5 5 1 6 0 5 2 0 2 5 0 5 2 4 0 5 5 5 5 0 5
split_gain=119.913 43.667 21.8879 11.9751 21.3797 7.00251 6.64187 6.34472 5.36653 4.73971 3.14182 2.65711 9.74663 2.4906 4.17124 2.35097 2.34763 2.29435 2.81667 7.15738 3.44571 2.24078 2.31608 1.91799 1.52637 1.49628 1.37612 1.35798 1.33269 1.87492
threshold=0 1 0.0054999999701976785 2 3 4 5 0.0065000001341104516 0.61349999904632579 0.63150000572204601 0.015500000212341549 6 7.5000000000000009 7 0.0035000001080334191 8 9 10 0.0084999999962747114 11 0.0065000001341104516 12 0.17249999940395358 13 0.85349997878074657 0.0075000002980232247 0.16950000077486041 0.0035000001080334191 14 0.01350000035017729
decision_type=9 9 2 9 9 9 9 2 2 2 2 9 2 9 2 1 9 1 2 9 2 1 2 9 2 2 2 2 9 2
left_child=5 2 13 7 9 27 10 -4 17 -5 16 12 -8 14 -2 -12 -3 26 19 20 21 -19 -23 -20 -9 -18 -6 -1 -27 -30
right_child=1 6 3 4 8 -7 11 24 -10 -11 15 -13 -14 -15 -16 -17 25 18 23 -21 -22 22 -24 -25 -26 28 -28 -29 29 -31
leaf_value=-0.26800376233845669 -0.52749875667054902 0.077862619373594275 -0.052689297485633231 -0.39177220315809724 -0.08708342196223684 -0.54499444388159568 6.4373832041115753 -0.046986255102519435 -0.014997402648965976 -0.10137678576571822 -0.0039299690203613352 0.075511385282909266 0.86693557542963184 -0.38883388054683987 -0.0084979676525423018 -0.10605337103326 -0.25032545633351305 0.20691430370412178 -0.094027743010468665 -0.11853068282296039 0.1688523180534067 0.11940207051209065 -0.007497936425776501 -0.28888154784802256 0.084990826123858748 -0.035899614159348808 -0.042905751852287406 -0.24282661095362221 -0.26194266554311002 -0.030511037705055626
leaf_weight=1122 1474 883 1355 9551 9628 30522 26 17123 6307 2549 19628 10997 1057 6574 1052 5538 1073 145 6374 1610 445 30 114 7939 1561 1618 4760 7765 835 960
leaf_count=1122 1474 883 1355 9551 9628 30522 26 17123 6307 2549 19628 10997 1057 6574 1052 5538 1073 145 6374 1610 445 30 114 7939 1561 1618 4760 7765 835 960
internal_value=-0.00267005 -0.00173472 -0.00257333 -0.00221131 -0.00271263 -0.00554489 -0.000187919 -0.000972319 -0.00200129 -0.00490504 -0.000659029 0.00100248 0.00382617 -0.00534066 -0.00368139 -0.000378131 -0.00197691 -0.00232598 -0.00280687 -0.000880548 0.004 0.00915571 0.00296104 -0.00312429 -0.000685294 -0.00253025 -0.00176608 -0.00404429 -0.00192148 -0.00304155
internal_weight=160615 121206 78591 69491 49452 39409 42615 20039 37352 12100 30535 12080 1083 9100 2526 25166 5369 31045 16657 2344 734 289 144 14313 18684 4486 14388 8887 3413 1795
internal_count=160615 121206 78591 69491 49452 39409 42615 20039 37352 12100 30535 12080 1083 9100 2526 25166 5369 31045 16657 2344 734 289 144 14313 18684 4486 14388 8887 3413 1795
cat_boundaries=0 1 2 3 4 5 6 7 8 9 10 11 12 13 14 15
cat_threshold=140644360 17631746 10241 524288 2228232 3858792593 16388 17039360 26 536870928 2 264192 4 16777218 67141760
is_linear=0
shrinkage=0.06


Tree=60
num_leaves=31
num_cat=10
split_feature=0 0 5 1 0 1 5 1 5 0 5 5 5 2 4 5 5 5 0 4 5 0 3 4 5 5 5 5 5 5
split_gain=122.229 43.1317 23.4389 28.9724 9.25537 9.59256 7.39567 5.28958 5.73039 4.74298 4.62628 4.35104 3.623 2.36374 2.14353 2.1046 2.01984 1.83387 1.62837 1.69948 1.61687 1.44877 1.80236 2.7727 1.54942 5.76869 1.43286 1.39666 3.57874 3.50977
threshold=0 1 0.0054999999701976785 2 3 4 0.096500001847744002 5 0.0065000001341104516 6 0.64949998259544384 0.61349999904632579 0.011500000022351744 7 0.28350000083446508 0.6225000023841859 0.0094999996945261973 0.1904999986290932 8 0.36849999427795416 0.98450002074241649 9 1.5000000000000002 0.20250000059604648 0.019499999471008781 0.014500000048428776 0.11250000074505807 0.014500000048428776 0.015500000212341549 0.01350000035017729
decision_type=9 9 2 9 9 9 2 9 2 9 2 2 2 1 2 2 2 2 9 2 2 9 2 2 2 2 2 2 2 2
left_child=9 2 -2 10 6 14 16 8 -5 -1 -4 12 -9 20 -6 -16 -3 27 19 -19 -8 24 -23 -24 25 -18 -10 29 -29 -7
right_child=1 4 3 7 5 17 13 11 26 -11 -12 -13 -14 -15 15 -17 21 18 -20 -21 -22 22 23 -25 -26 -27 -28 28 -30 -31
leaf_value=-0.4312728192494959 -0.31263065358228959 -0.11674628350146522 -0.3790716840295833 -0.04952793963649512 27.127315094737085 0.017640348971419306 -0.013573728213509115 -0.041451106003672161 -0.050182611284967531 -0.51229477724869998 -0.098414099139723279 -0.025998847040046624 -0.15649473578815182 -0.063979944056936258 10.95121365000384 6.2659920847818045 -0.033037277242721361 1.0954801567718626 0.04147634405261906 0.38605405281487942 0.064366163196199394 -0.093938470845312455 0.18477775071010069 -0.080131768859477009 -0.12256457074279338 0.41492794266397748 0.0034854144805416642 -0.33257253271580395 -0.0025146456970090861 0.060779590608356103
leaf_weight=6264 9298 3616 8747 1355 26 3354 11520 4446 12093 30522 2335 4357 18559 5641 108 40 528 284 3385 2873 3349 8858 157 1835 1175 201 6591 594 8117 387
leaf_count=6264 9298 3616 8747 1355 26 3354 11520 4446 12093 30522 2335 4357 18559 5641 108 40 528 284 3385 2873 3349 8858 157 1835 1175 201 6591 594 8117 387
internal_value=-0.00262111 -0.00171847 -0.00273674 -0.00229226 -0.000486783 0.000582541 -0.00104256 -0.00164532 -0.000903488 -0.00565757 -0.00505337 -0.00218808 -0.00251815 -0.000283765 0.0142174 0.0122432 -0.00199389 0.00045022 0.00126383 0.00224124 0.000113313 -0.00163902 -0.00190608 -0.00027711 -0.000106584 0.00206584 -0.000630701 2.31274e-05 -0.000393297 0.000992781
internal_weight=160615 123829 67781 58483 56048 19168 36880 47401 20039 36786 11082 27362 23005 20510 174 148 16370 18994 6542 3157 14869 12754 10850 1992 1904 729 18684 12452 8711 3741
internal_count=160615 123829 67781 58483 56048 19168 36880 47401 20039 36786 11082 27362 23005 20510 174 148 16370 18994 6542 3157 14869 12754 10850 1992 1904 729 18684 12452 8711 3741
cat_boundaries=0 1 2 3 4 5 6 7 8 9 10
cat_threshold=138547208 2951682 32 2264957057 2052 10241 131080 10 1074798692 32769
is_linear=0
shrinkage=0.06


Tree=61
num_leaves=31
num_cat=14
split_feature=0 0 5 1 0 5 1 5 5 0 5 5 1 6 5 2 5 3 0 5 5 2 2 0 0 0 3 4 5 5
split_gain=124.529 40.1399 22.1918 29.0483 8.28962 5.94271 5.03943 5.11286 4.99649 4.90726 4.18925 3.37581 2.71926 6.57689 1.85056 1.84146 1.81429 1.64495 1.63892 7.95909 1.47037 1.40642 1.36571 1.34569 1.30008 1.24543 1.82449 2.70761 1.47783 5.51019
threshold=0 1 0.0054999999701976785 2 3 0.096500001847744002 4 0.0065000001341104516 0.59849998354911815 5 0.61349999904632579 0.011500000022351744 6 7.5000000000000009 0.0094999996945261973 7 0.50049999356269848 4.5000000000000009 8 0.004500000039115549 0.0035000001080334191 9 10 11 12 13 1.5000000000000002 0.20250000059604648 0.019499999471008781 0.01350000035017729
decision_type=9 9 2 9 9 2 9 2 2 9 2 2 9 2 2 1 2 2 9 2 2 1 1 9 9 9 2 2 2 2
left_child=9 2 18 8 5 14 7 -5 -4 -1 11 24 13 -6 -3 -7 21 -18 19 20 -2 -14 -13 -9 -8 28 -27 -28 29 -16
right_child=1 4 3 6 12 15 10 23 -10 -11 -12 22 16 -15 25 -17 17 -19 -20 -21 -22 -23 -24 -25 -26 26 27 -29 -30 -31
leaf_value=-0.40539645009452607 -0.30462568589648675 -0.10936812216823663 -0.36232161112556688 -0.046556263258305246 5.6533848775619022 0.0010680299187470154 -0.24962612333292469 1.5724404626365913 -0.095149349580026119 -0.48155709061377788 -0.024438916217643832 -0.10314001469484535 -0.17558455945349771 0.80743925443660558 -0.048155151259707693 -0.063200337758113817 0.19978727580244623 1.2663157532891012 -0.34674600849909204 0.045825372164614749 -0.02000156996699964 0.0076212378760477642 -0.17346100998577643 -0.03586038143015368 -0.028630559288918948 -0.085946544272478428 0.17369108566749486 -0.075323862727908586 -0.11521069649822563 0.26203304472767203
leaf_weight=6264 1983 3602 8567 1355 26 14254 322 172 2515 30522 4357 7612 1248 1057 456 5387 3819 23 6574 356 385 14503 10947 18512 4124 8233 157 1835 1175 273
leaf_count=6264 1983 3602 8567 1355 26 14254 322 172 2515 30522 4357 7612 1248 1057 456 5387 3819 23 6574 356 385 14503 10947 18512 4124 8233 157 1835 1175 273
internal_value=-0.00257965 -0.00166857 -0.00265088 -0.00221839 -0.000480361 -0.00103816 -0.00157065 -0.000846627 -0.00498305 -0.00564453 -0.0021004 -0.00242426 0.000473942 0.00338701 -0.00190745 -0.000342448 0.000311277 0.00148048 -0.00537406 -0.00406877 -0.00534122 2.62826e-05 -0.00278 -0.000588955 -0.000939273 -0.00155281 -0.00181436 -0.000186748 -0.000137932 0.00198354
internal_weight=160615 123829 67781 58483 56048 35372 47401 20039 11082 36786 27362 23005 20676 1083 15731 19641 19593 3842 9298 2724 2368 15751 18559 18684 4446 12129 10225 1992 1904 729
internal_count=160615 123829 67781 58483 56048 35372 47401 20039 11082 36786 27362 23005 20676 1083 15731 19641 19593 3842 9298 2724 2368 15751 18559 18684 4446 12129 10225 1992 1904 729
cat_boundaries=0 1 2 3 4 5 6 7 8 9 10 11 12 13 14
cat_threshold=138547208 2951682 32 117473409 10241 131080 16388 10 2359296 1 2 512 2097664 32769
is_linear=0
shrinkage=0.06


Tree=62
num_leaves=31
num_cat=15
split_feature=0 0 5 1 0 5 5 5 1 5 0 5 0 1 6 0 2 0 5 5 3 5 5 2 5 5 2 4 0 2
split_gain=126.993 38.8691 22.9088 28.9583 7.44944 5.22438 5.00298 4.31821 4.59546 4.23814 4.12312 3.38327 3.46749 2.37003 4.78114 1.95648 1.74829 1.74652 7.47817 1.62468 1.66105 1.62124 1.44055 2.04516 3.50925 2.12069 2.26654 2.36484 1.38132 1.98803
threshold=0 1 0.0054999999701976785 2 3 0.096500001847744002 0.59049999713897716 0.61349999904632579 4 0.0065000001341104516 5 0.0094999996945261973 6 7 7.5000000000000009 8 9 10 0.004500000039115549 0.50049999356269848 4.5000000000000009 0.0094999996945261973 0.0084999999962747114 11 0.0065000001341104516 0.0065000001341104516 12 0.17249999940395358 13 14
decision_type=9 9 2 9 9 2 2 2 9 2 9 2 9 9 2 9 1 9 2 2 2 2 2 1 2 2 1 2 9 1
left_child=10 2 17 6 5 21 -4 8 9 -5 -1 12 22 14 -6 -9 -7 18 -2 -15 -21 -3 23 25 -25 26 27 -10 -13 -30
right_child=1 4 3 7 13 16 -8 15 11 -11 -12 28 -14 19 -16 -17 -18 -19 -20 20 -22 -23 -24 24 -26 -27 -28 -29 29 -31
leaf_value=-0.39422734792234898 -0.19930422858917685 -0.10280603483814256 -0.34238224121584543 -0.043762887462807071 5.3141817849081914 0.0010039481236221092 -0.089500390421984266 0.06001215903599505 0.11164285707074746 -0.039451667366652211 -0.45266366517695134 -0.066731619685397245 -0.10817805676745068 0.000949639744133061 0.75899289917040691 -0.066482144569515178 -0.059408317492627129 -0.32758908424492694 0.043075849834737875 0.18780003925429872 1.1903368080917538 -0.066004889825522065 -0.22397859431699915 0.18682433029329473 0.27180733925726941 0.084170762972202343 -0.1219755174154141 -0.0075231312260637395 -0.097126167863116564 -0.21061863730162761
leaf_weight=5412 2368 3602 8536 1355 26 14254 2546 2864 33 16184 30522 3468 1683 15751 1057 4012 5387 6740 356 3819 23 12129 384 160 283 517 267 120 6986 9771
leaf_count=5412 2368 3602 8536 1355 26 14254 2546 2864 33 16184 30522 3468 1683 15751 1057 4012 5387 6740 356 3819 23 12129 384 160 283 517 267 120 6986 9771
internal_value=-0.00253557 -0.00162936 -0.00258669 -0.00214866 -0.000456814 -0.000985587 -0.00491273 -0.00151032 -0.00174289 -0.00100485 -0.00567783 -0.00228832 -0.000551786 0.000447838 0.00316743 -0.000118675 -0.000333284 -0.00532798 -0.00398098 0.000295974 0.00140239 -0.00180065 0.00130552 0.00221739 0.00552318 0.000589228 -0.00257143 0.00320245 -0.00258542 -0.0028116
internal_weight=160615 124681 68633 59169 56048 35372 11082 48087 41211 17539 35934 23672 3447 20676 1083 6876 19641 9464 2724 19593 3842 15731 1764 1380 443 937 420 153 20225 16757
internal_count=160615 124681 68633 59169 56048 35372 11082 48087 41211 17539 35934 23672 3447 20676 1083 6876 19641 9464 2724 19593 3842 15731 1764 1380 443 937 420 153 20225 16757
cat_boundaries=0 1 2 3 4 5 6 7 8 9 10 11 12 13 14 15
cat_threshold=138547200 2951690 32 117473409 8193 131072 788488 16388 2621954 10 2359296 3 1 2 2
is_linear=0
shrinkage=0.06


Tree=63
num_leaves=31
num_cat=15
split_feature=0 0 5 1 0 1 5 5 0 1 5 2 5 5 4 0 5 5 2 5 5 0 5 5 2 0 5 0 0 5
split_gain=128.892 36.2002 22.0771 29.0646 6.8072 6.58722 5.21884 5.10981 5.03057 4.31593 4.15669 3.83142 3.50702 2.68801 2.17225 2.16651 8.13732 2.08752 2.99632 4.77518 2.34472 2.28411 5.23245 1.90631 1.737 1.311 1.21513 1.21066 1.10805 1.19366
threshold=0 1 0.0054999999701976785 2 3 4 0.4825000017881394 0.016500000841915611 5 6 0.0065000001341104516 7 0.61349999904632579 0.011500000022351744 0.28350000083446508 8 0.0035000001080334191 0.021499999798834327 9 0.018499999307096008 0.16950000077486041 10 0.019499999471008781 0.6225000023841859 11 12 0.17549999803304675 13 14 0.0094999996945261973
decision_type=9 9 2 9 9 9 2 2 9 9 2 1 2 2 2 9 2 2 1 2 2 9 2 2 1 9 2 9 9 2
left_child=8 2 15 6 7 14 -4 28 -1 10 -5 17 13 27 -6 16 -2 18 19 -9 -19 22 -21 -16 -18 -12 -15 -11 -3 -30
right_child=1 4 3 9 5 -7 -8 11 -10 12 25 -13 -14 26 23 -17 24 20 -20 21 -22 -23 -24 -25 -26 -27 -28 -29 29 -31
leaf_value=-0.35885878216443229 -0.27438989102734695 -0.28257059924806605 -0.34334238289103497 -0.041137114215038788 25.405690259836437 0.046538081906483328 -0.088150352105213228 0.011880745486536738 -0.42550384526633411 -0.22815787252690228 1.4744933053362319 -0.075113877652549718 -0.020803726276905955 -0.15031872524973536 9.8053058134328452 -0.30628590293445107 0.02819137587804512 -0.052084060396664307 -0.038664709437665791 0.078062254651605364 0.01338689598403766 0.16134736535472147 0.90135553756412201 5.2488753799365426 -0.13523793497922512 -0.031341658502345486 -0.085943899564069531 -0.027011225956924123 -0.098080529271302508 -0.033015416921783225
leaf_weight=6264 1983 369 8009 1355 26 14856 3073 762 30522 322 172 8938 4357 12959 108 6574 617 9098 766 102 12828 104 50 40 124 18512 5600 4124 3726 4275
leaf_count=6264 1983 369 8009 1355 26 14856 3073 762 30522 322 172 8938 4357 12959 108 6574 617 9098 766 102 12828 104 50 40 124 18512 5600 4124 3726 4275
internal_value=-0.00249709 -0.00157022 -0.00250308 -0.00207168 -0.00044183 0.000650265 -0.004837 -0.000842061 -0.00561518 -0.00142385 -0.000753854 -0.000503187 -0.00191407 -0.00221039 0.0119348 -0.00521919 -0.00373958 -0.000103711 0.00186995 0.00398054 -0.000264345 0.0111094 0.0154815 0.00981081 0.00161133 -0.000521517 -0.00252783 -0.000885292 -0.00216488 -0.00200799
internal_weight=160615 123829 67781 58483 56048 15030 11082 41018 36786 47401 20039 32648 27362 23005 174 9298 2724 23710 1784 1018 21926 256 152 148 741 18684 18559 4446 8370 8001
internal_count=160615 123829 67781 58483 56048 15030 11082 41018 36786 47401 20039 32648 27362 23005 174 9298 2724 23710 1784 1018 21926 256 152 148 741 18684 18559 4446 8370 8001
cat_boundaries=0 1 2 3 4 5 6 7 8 9 10 11 12 13 14 15
cat_threshold=138547208 2951682 32 3338707073 2052 131080 10241 26 2359296 24 1073741824 4 512 2097664 2181038080
is_linear=0
shrinkage=0.06


Tree=64
num_leaves=31
num_cat=16
split_feature=0 0 5 1 0 5 0 5 1 5 2 5 1 5 0 0 5 4 0 2 2 5 2 5 5 5 6 0 2 5
split_gain=131.172 33.8424 21.8753 28.956 6.25129 5.65707 5.01906 4.92719 3.83095 3.58276 3.45336 3.11725 2.59384 2.49523 4.11641 2.16423 7.87223 1.92189 1.86839 2.26803 1.737 1.55717 2.45987 3.47216 2.07268 1.42858 1.40094 1.30116 1.29429 4.11109
threshold=0 1 0.0054999999701976785 2 3 0.45749999582767492 4 0.016500000841915611 5 0.0065000001341104516 6 0.61349999904632579 7 0.0084999999962747114 8 9 0.0035000001080334191 0.58750000596046459 10 11 12 0.021499999798834327 13 0.017500000074505809 0.16950000077486041 0.011500000022351744 16.500000000000004 14 15 0.0065000001341104516
decision_type=9 9 2 9 9 2 9 2 9 2 1 2 9 2 9 9 2 2 9 1 1 2 1 2 2 2 2 9 1 2
left_child=6 2 15 5 7 -4 -1 -3 9 -5 21 13 -6 14 17 16 -2 28 25 -20 -18 22 23 -9 -23 26 -15 -11 29 -10
right_child=1 4 3 8 12 -7 -8 10 11 27 -12 -13 -14 18 -16 -17 20 -19 19 -21 -22 24 -24 -25 -26 -27 -28 -29 -30 -31
leaf_value=-0.33732725523456636 -0.25792649756570613 -0.060445184103237862 -0.32643876834706942 -0.038668887362136389 1.4309089189846538 -0.08586128720529515 -0.39997361455035407 -0.0032921370931683212 -0.11303631281307389 1.386023707016061 -0.070607044993396845 -0.019555502700291803 0.041647624792464637 -0.040105633977941819 -0.11198864845751856 -0.28790874875838413 0.026499893325362435 0.30720182177968269 -0.084881258533772902 -0.19117123405368436 -0.12712365888047153 -0.048959016772864336 -0.036344826871405687 0.078077969476231593 0.012583682224995309 -0.071747038976164912 0.23640110572868991 -0.029461158992204545 0.10793201338225988 0.078489724953254111
leaf_weight=6264 1983 8370 7869 1355 521 3213 30522 469 267 172 8938 4357 14509 271 1409 6574 617 32 7518 9044 124 9098 766 549 12828 3196 212 18512 742 314
leaf_count=6264 1983 8370 7869 1355 521 3213 30522 469 267 172 8938 4357 14509 271 1409 6574 617 32 7518 9044 124 9098 766 549 12828 3196 212 18512 742 314
internal_value=-0.00245824 -0.00152322 -0.00242519 -0.00199576 -0.000432197 -0.00475586 -0.00560376 -0.000815737 -0.00134918 -0.000717942 -0.000482971 -0.00181105 0.00061436 -0.00209042 -0.000399423 -0.00512885 -0.00365179 0.00195604 -0.00232133 -0.00259305 0.00161133 -0.000103711 0.0016009 0.00351362 -0.000242453 -0.0010881 0.00195031 -0.000502249 0.00161905 -0.000517768
internal_weight=160615 123829 67781 58483 56048 11082 36786 41018 47401 20039 32648 27362 15030 23005 2764 9298 2724 1355 20241 16562 741 23710 1784 1018 21926 3679 483 18684 1323 581
internal_count=160615 123829 67781 58483 56048 11082 36786 41018 47401 20039 32648 27362 15030 23005 2764 9298 2724 1355 20241 16562 741 23710 1784 1018 21926 3679 483 18684 1323 581
cat_boundaries=0 1 2 3 4 5 6 7 8 9 10 11 12 13 14 15 16
cat_threshold=138547208 2951682 32 3338707073 131080 10241 26 5 788480 2359296 2 10 4 24 512 2
is_linear=0
shrinkage=0.06


Tree=65
num_leaves=31
num_cat=16
split_feature=0 0 5 1 5 0 5 0 0 5 5 5 5 0 5 5 2 2 5 5 2 4 5 2 2 0 0 1 0 6
split_gain=132.43 32.7403 21.8496 28.3964 5.92417 5.70135 4.36594 3.99761 3.85417 5.57355 4.3736 3.3943 2.3061 2.22795 7.31233 1.87772 4.83422 2.99047 3.69864 2.25398 2.13988 2.03245 1.83899 2.04843 1.6943 1.67687 1.64053 1.54345 1.51435 5.69399
threshold=0 1 0.0054999999701976785 2 0.45749999582767492 3 0.12849999964237216 4 5 0.0065000001341104516 0.0084999999962747114 0.19350000470876697 0.85349997878074657 6 0.0035000001080334191 0.011500000022351744 7 8 0.01350000035017729 0.0094999996945261973 9 0.25749999284744268 0.0094999996945261973 10 11 12 13 14 15 8.5000000000000018
decision_type=9 9 2 9 2 9 2 9 9 2 2 2 2 9 2 2 1 1 2 2 1 2 2 1 1 9 9 9 9 2
left_child=7 2 13 4 -4 6 22 -1 9 -5 26 -12 15 14 -2 16 21 18 -17 -18 -21 -11 25 -24 -16 -3 -10 -20 -7 -30
right_child=1 5 3 8 -6 28 -8 -9 10 12 11 -13 -14 -15 24 17 19 -19 27 20 -22 -23 23 -25 -26 -27 -28 -29 29 -31
leaf_value=-0.32880254480306814 -0.24245090771176378 -0.062866115564100863 -0.30685244224624519 -0.052908710952778791 -0.080709609972977533 0.011673167997801917 -0.0061926222555467323 -0.37597519767733278 0.15792656583379866 0.077650709468119167 -0.1666840512219725 -0.065150474670929298 0.069935946190113465 -0.27176633745014739 0.024909899725840744 0.17994691345753561 -0.19231313783188214 -0.10022829813123453 0.021615941019334148 0.11573173886188243 -0.065759916907912982 0.016537445899349412 -0.022592020402482822 -0.10910346011789733 -0.11949623934764325 -0.29082065334813084 -0.0047459931044645989 -0.082626919296047471 36.700012938286726 0.22177983554824549
leaf_weight=5412 1983 2998 7869 1995 3213 8751 19963 30522 552 989 11316 7874 2219 6740 617 201 940 12398 4234 196 205 2274 13405 5068 124 825 842 1852 200 4838
leaf_count=5412 1983 2998 7869 1995 3213 8751 19963 30522 552 989 11316 7874 2219 6740 617 201 940 12398 4234 196 205 2274 13405 5068 124 825 842 1852 200 4838
internal_value=-0.00241229 -0.00148693 -0.00236554 -0.00193774 -0.00467472 -0.00041079 -0.000756442 -0.00562108 -0.00130574 -0.000840259 -0.00192697 -0.00216363 -0.000601695 -0.00504269 -0.00354206 -0.000777794 0.000307557 -0.00104522 2.19138e-05 -0.00271355 0.00103242 0.0015527 -0.00133369 -0.0010858 0.00153036 -0.00253152 0.00131707 -0.000242525 0.000648306 0.00147623
internal_weight=160615 124681 68633 59169 11082 56048 42259 35934 48087 27503 20584 19190 25508 9464 2724 23289 4604 18685 6287 1341 401 3263 22296 18473 741 3823 1394 6086 13789 5038
internal_count=160615 124681 68633 59169 11082 56048 42259 35934 48087 27503 20584 19190 25508 9464 2724 23289 4604 18685 6287 1341 401 3263 22296 18473 741 3823 1394 6086 13789 5038
cat_boundaries=0 1 2 3 4 5 6 7 8 9 10 11 12 13 14 15 16
cat_threshold=138547200 2951690 32 3338707089 131072 590338 2359296 4 10 9 26 4 83894288 262152 2049 805324032
is_linear=0
shrinkage=0.06


Tree=66
num_leaves=31
num_cat=15
split_feature=0 0 5 1 5 2 0 5 0 5 5 5 0 5 0 5 0 5 5 2 2 5 4 5 1 0 2 2 4 5
split_gain=132.771 30.8489 22.4096 28.0612 6.19743 4.85335 4.08631 3.36877 3.36374 5.14476 3.9913 3.03801 2.56464 2.47674 2.28883 6.29249 2.00878 1.99466 1.59315 4.37665 2.64177 3.17587 1.64128 1.52073 1.42861 1.42499 1.33662 1.30156 1.23113 1.17727
threshold=0 1 0.0054999999701976785 2 0.45749999582767492 3 4 0.99050000309944164 5 0.0065000001341104516 0.0084999999962747114 0.19350000470876697 6 0.0084999999962747114 7 0.0035000001080334191 8 0.85349997878074657 0.011500000022351744 9 10 0.01350000035017729 0.32150000333786016 0.54850000143051159 11 12 13 14 0.58750000596046459 0.99549999833107006
decision_type=9 9 2 9 2 1 9 2 9 2 2 2 9 2 9 2 9 2 2 1 1 2 2 2 9 9 1 1 2 2
left_child=6 2 14 4 -4 23 -1 12 9 -5 25 26 13 -7 15 -2 -9 18 19 22 21 -20 -11 -3 -23 28 -12 -17 -10 -18
right_child=1 5 3 8 -6 7 -8 16 10 17 11 -13 -14 -15 -16 27 29 -19 20 -21 -22 24 -24 -25 -26 -27 -28 -29 -30 -31
leaf_value=-0.30907439211488402 -0.22790385324905799 -0.077039350223247122 -0.28844129571147042 -0.04973418829561211 -0.075867033374598866 -0.10100101518733709 -0.35341668581669272 0.88212285852732586 0.12372395557846047 0.060283811742869536 -0.096301244966055535 -0.061241446190673544 0.010204328019717983 -0.027271731266325323 -0.25546035720313864 0.023415305742290258 0.48312438330605229 0.065739789418706632 0.16915009865008351 -0.11849664808240297 -0.094214600243360438 0.020318984558174099 0.0044184854831561893 -0.0016242535668369762 -0.07766930413828467 -0.0044612335181967461 -0.19273954927232553 -0.11232646498678463 0.28284149758936311 0.055085678311337032
leaf_weight=5412 1983 10201 7869 1995 3213 1695 30522 555 521 1587 4293 7874 18055 18955 6740 617 64 2219 201 1124 12398 4234 1893 2131 1852 842 7023 124 31 4392
leaf_count=5412 1983 10201 7869 1995 3213 1695 30522 555 521 1587 4293 7874 18055 18955 6740 617 64 2219 201 1124 12398 4234 1893 2131 1852 842 7023 124 31 4392
internal_value=-0.00237979 -0.00145324 -0.00230611 -0.00187284 -0.00459358 -0.00040865 -0.0055927 -0.000111971 -0.00124461 -0.000809728 -0.001825 -0.00205107 -0.000301513 -0.000757988 -0.00501733 -0.00349817 0.00135182 -0.000580525 -0.000744301 0.000255429 -0.000990636 1.23854e-05 0.00130659 -0.00145941 -0.000232667 0.00127403 -0.00268081 0.00120648 0.00360854 0.000918942
internal_weight=160615 124681 68633 59169 11082 56048 35934 43716 48087 27503 20584 19190 38705 20650 9464 2724 5011 25508 23289 4604 18685 6287 3480 12332 6086 1394 11316 741 552 4456
internal_count=160615 124681 68633 59169 11082 56048 35934 43716 48087 27503 20584 19190 38705 20650 9464 2724 5011 25508 23289 4604 18685 6287 3480 12332 6086 1394 11316 741 552 4456
cat_boundaries=0 1 2 3 4 5 6 7 8 9 10 11 12 13 14 15
cat_threshold=138547200 2951690 32 1 131072 590338 117457025 2359296 17760 12 10 2049 262152 2 4
is_linear=0
shrinkage=0.06


Tree=67
num_leaves=31
num_cat=16
split_feature=0 0 5 1 5 2 0 5 0 5 5 2 5 0 5 0 5 5 1 1 0 3 4 0 2 4 0 5 2 5
split_gain=132.671 29.0449 21.9992 27.1827 6.16108 4.61129 4.29694 3.11041 3.08702 4.17826 3.97373 3.38661 2.63726 2.28552 3.66767 2.20665 2.18589 2.85903 2.90068 2.7092 1.82049 1.66937 1.69331 1.67655 1.65189 1.57706 1.55905 2.03312 1.54219 2.31359
threshold=0 1 0.0054999999701976785 2 0.50650000572204601 3 4 0.084499999880790724 5 0.0084999999962747114 0.0065000001341104516 6 0.80349999666214 7 0.0025000000605359678 8 0.0025000000605359678 0.0084999999962747114 9 10 11 1.5000000000000002 0.26449999213218695 12 13 0.48550000786781317 14 0.004500000039115549 15 0.0075000002980232247
decision_type=9 9 2 9 2 1 9 2 9 2 2 1 2 9 2 9 2 2 9 9 9 2 2 9 1 2 9 2 1 2
left_child=6 2 13 4 -4 -3 -1 16 9 28 -10 -11 -12 14 -2 21 -7 18 -18 24 -20 23 -23 -9 -19 -13 27 -16 29 -5
right_child=1 5 3 8 -6 7 -8 15 10 11 12 25 -14 -15 26 -17 17 19 20 -21 -22 22 -24 -25 -26 -27 -28 -29 -30 -31
leaf_value=-0.29052992858799104 -0.38450960010941959 -0.063533280765597389 -0.26693483627932896 0.21207449405475445 -0.066841544493035629 0.15938876626147899 -0.33221168466769113 -0.12703277263338883 -0.045910186940368615 -0.059989180146876035 -0.03949650199306768 -0.24823955503447881 0.067007068170670606 -0.25640811149715215 -0.032909656826263678 0.23367657893173402 -0.3393970833785383 0.064232198080550446 0.78578314616084688 -0.02874729543520434 -0.059199213753699964 0.61278310281100168 0.068197826425532501 6.0548814961975945e-05 -0.056481496090632841 -0.17252873857211554 -0.12623908713778342 0.035149829308804989 -0.0013573945086655275 -0.39415599967822074
leaf_weight=5412 1417 12332 8145 287 2937 1459 30522 2154 2031 8188 24693 4089 2630 6028 951 5137 800 2110 112 12732 1489 36 4576 12018 1093 5168 712 356 859 142
leaf_count=5412 1417 12332 8145 287 2937 1459 30522 2154 2031 8188 24693 4089 2630 6028 951 5137 800 2110 112 12732 1489 36 4576 12018 1093 5168 712 356 859 142
internal_value=-0.00234094 -0.00141475 -0.0022423 -0.00181301 -0.00449081 -0.000401157 -0.00555264 -0.000111971 -0.00119471 -0.00179683 -0.000809973 -0.00204127 -0.000619919 -0.00492857 -0.00364945 0.000348395 -0.000668352 -0.000846206 -0.00277634 -0.000555383 -0.00127002 4.66092e-05 0.00103816 -0.000276039 0.0010028 -0.00282745 -0.00201783 -0.000760821 0.0015 0.00438724
internal_weight=160615 124681 68633 59169 11082 56048 35934 43716 48087 18733 29354 17445 27323 9464 3436 23921 19795 18336 2401 15935 1601 18784 4612 14172 3203 9257 2019 1307 1288 429
internal_count=160615 124681 68633 59169 11082 56048 35934 43716 48087 18733 29354 17445 27323 9464 3436 23921 19795 18336 2401 15935 1601 18784 4612 14172 3203 9257 2019 1307 1288 429
cat_boundaries=0 1 2 3 4 5 6 7 8 9 10 11 12 13 14 15 16
cat_threshold=138547200 2951690 32 1 131072 264200 2 2359298 922780817 3076 1094 1049648 67109888 12 2359296 12
is_linear=0
shrinkage=0.06


Tree=68
num_leaves=31
num_cat=13
split_feature=0 0 5 1 5 0 5 0 0 5 5 2 0 0 5 1 5 4 5 5 1 4 5 5 5 5 2 3 5 2
split_gain=133.054 26.8989 22.2034 25.7271 6.25581 4.42066 4.10669 3.54182 3.07535 3.35857 3.12256 2.9536 2.45827 2.28952 3.8899 2.25464 2.29045 1.91989 1.83952 3.24384 1.932 1.81451 1.75149 1.67479 3.18746 2.58681 1.97427 1.66143 1.5135 4.33882
threshold=0 1 0.0054999999701976785 2 0.4825000017881394 3 0.082499999552965178 4 5 0.0065000001341104516 0.0084999999962747114 6 7 8 0.0025000000605359678 9 0.89750000834465038 0.48550000786781317 0.0054999999701976785 0.0084999999962747114 10 0.38650000095367437 0.85349997878074657 0.014500000048428776 0.015500000212341549 0.01350000035017729 11 4.5000000000000009 0.011500000022351744 12
decision_type=9 9 2 9 2 9 2 9 9 2 2 1 9 9 2 9 2 2 2 2 9 2 2 2 2 2 1 2 2 1
left_child=5 2 13 4 -4 -1 7 -3 9 -5 -10 -12 27 14 -2 16 21 -13 -9 -20 -21 -14 28 25 -25 -22 -26 -8 29 -11
right_child=1 6 3 8 -6 -7 12 18 10 22 11 17 15 -15 -16 -17 -18 -19 19 20 23 -23 -24 24 26 -27 -28 -29 -30 -31
leaf_value=-0.27309813287271162 -0.36143902410285433 -0.060863171370541334 -0.25151875983547939 -0.043995525781453465 -0.064304562476146146 -0.31227898358762968 -0.010895140517798121 0.26449120520389952 0.031922896148458606 0.03318941807318232 -0.052189847648610406 -0.19451436998577781 24.659366607107131 -0.24102362480732306 -0.034218573306317286 0.14328693416943306 3.8012681772132484 -0.11359659169126494 -0.29611325117456117 0.056990757059583758 -0.027113470725918666 3.2260621813130319 0.057774977963343986 -0.30727670607423418 0.0092454981263547717 0.056594253143472599 -0.16629643638355435 0.80987675601770792 -0.059166118955691134 -0.10901705907787436
leaf_weight=5412 1417 15539 8009 1995 3073 30522 24481 1449 1394 3480 8714 4418 29 6028 2019 5845 22 6058 642 2276 482 94 2219 538 2467 318 1821 45 18685 1124
leaf_count=5412 1417 15539 8009 1995 3073 30522 24481 1449 1394 3480 8714 4418 29 6028 2019 5845 22 6058 642 2276 482 94 2219 538 2467 318 1821 45 18685 1124
internal_value=-0.00229126 -0.00136374 -0.00216013 -0.00172885 -0.00433394 -0.00550757 -0.000388314 -0.000949868 -0.00112735 -0.000711592 -0.00168224 -0.00188223 8.13985e-05 -0.00485883 -0.0035798 0.00117 0.00832258 -0.00256113 -6.77811e-05 -0.000403091 -6.98572e-05 0.00570732 -0.000526425 -0.000666432 -0.0010891 0.001875 -0.000542912 -0.000184873 -0.000679893 0.000294525
internal_weight=160615 124681 68633 59169 11082 35934 56048 25532 48087 27503 20584 19190 30516 9464 3436 5990 145 10476 9993 8544 7902 123 25508 5626 4826 800 4288 24526 23289 4604
internal_count=160615 124681 68633 59169 11082 35934 56048 25532 48087 27503 20584 19190 30516 9464 3436 5990 145 10476 9993 8544 7902 123 25508 5626 4826 800 4288 24526 23289 4604
cat_boundaries=0 1 2 3 4 5 6 7 8 9 10 11 12 13
cat_threshold=138547200 2951690 32 131072 2264948961 590338 2 654345617 2359298 2052 1092 18 12
is_linear=0
shrinkage=0.06


Tree=69
num_leaves=31
num_cat=15
split_feature=0 0 5 1 5 0 5 0 0 5 2 5 0 5 2 0 5 5 0 0 4 0 2 5 5 4 2 5 5 5
split_gain=132.911 25.328 22.0451 24.9849 6.40742 4.4822 4.02054 3.43605 2.81753 3.26309 3.09435 3.08682 2.47932 5.99684 3.91479 4.38192 2.275 2.04443 1.82131 1.77797 1.68897 1.51258 1.49907 2.11158 1.75193 1.49281 1.48549 3.78128 2.23554 1.62275
threshold=0 1 0.0054999999701976785 2 0.45149999856948858 3 0.99050000309944164 4 5 0.0084999999962747114 6 0.38650000095367437 7 0.004500000039115549 8 9 0.10249999910593034 0.0065000001341104516 10 11 0.39149999618530279 12 13 0.0075000002980232247 0.0065000001341104516 0.1604999974370003 14 0.0094999996945261973 0.0094999996945261973 0.0075000002980232247
decision_type=9 9 2 9 2 9 2 9 9 2 1 2 9 2 1 9 2 2 9 9 2 9 1 2 2 2 1 2 2 2
left_child=5 2 12 4 -4 -1 7 16 9 22 -11 17 13 -2 25 -16 -3 19 -8 -10 26 -13 24 -24 -5 -15 27 29 -28 -19
right_child=1 6 3 8 -6 -7 18 -9 11 10 -12 21 -14 14 15 -17 -18 20 -20 -21 -22 -23 23 -25 -26 -27 28 -29 -30 -31
leaf_value=-0.256712244900349 -0.19352198109003346 -0.056281590158325498 -0.24116774029172949 -0.04858205445036775 -0.062363107179187506 -0.29354224457237199 1.3764411403464489 0.0073949065036463561 -0.014235895162380245 -0.05325843847914697 -0.18596899689221821 0.078005034317296121 -0.24598690290494402 0.049856281368242036 0.049554436076963172 -0.10147932665513341 -0.019737844053287976 0.016332696366651578 0.058898024322084817 -0.20106500683470527 -0.06572597200308955 0.019586409808565335 0.19743465064256172 -0.37242201346643489 0.076910320080006755 0.071996345497886124 -0.18477880983375963 -0.03908560515206342 -0.018323755802631049 0.1504975027573098
leaf_weight=5412 4365 16547 7830 386 3252 30522 224 17530 1243 8188 9257 693 3866 34 295 719 16127 767 5620 788 12956 4446 287 142 473 185 708 3711 3244 798
leaf_count=5412 4365 16547 7830 386 3252 30522 224 17530 1243 8188 9257 693 3866 34 295 719 16127 767 5620 788 12956 4446 287 142 473 185 708 3711 3244 798
internal_value=-0.00224792 -0.00132091 -0.0020937 -0.00166395 -0.00423116 -0.0054625 -0.000374399 -0.000547846 -0.00107121 -0.00164638 -0.00186243 -0.00070372 -0.00478276 -0.00394579 -0.000257909 -0.00183985 -0.000911273 -0.000987406 0.00111499 -0.00280945 -0.000820593 0.000631639 0.00126708 0.00411389 -0.000200232 0.00683843 -0.000200262 0.000458568 -0.00107824 0.00293291
internal_weight=160615 124681 68633 59169 11082 35934 56048 50204 48087 18733 17445 29354 9464 5598 1233 1014 32674 24215 5844 2031 22184 5139 1288 429 859 219 9228 5276 3952 1565
internal_count=160615 124681 68633 59169 11082 35934 56048 50204 48087 18733 17445 29354 9464 5598 1233 1014 32674 24215 5844 2031 22184 5139 1288 429 859 219 9228 5276 3952 1565
cat_boundaries=0 1 2 3 4 5 6 7 8 9 10 11 12 13 14 15
cat_threshold=138547200 2951690 32 131072 2264948929 264200 2 2361346 1 262144 16480 2162688 2097664 3 12
is_linear=0
shrinkage=0.06


Tree=70
num_leaves=31
num_cat=13
split_feature=0 0 5 1 5 0 2 0 5 2 0 5 5 1 0 5 1 6 4 0 5 6 4 5 4 5 5 0 5 6
split_gain=132.198 23.8456 21.7589 23.8722 6.39027 4.4709 3.50678 2.82456 6.40498 3.59422 4.07064 2.78551 2.71663 2.64347 2.52359 3.53964 3.16971 2.42415 4.072 1.726 1.56644 1.55725 1.30252 1.2116 1.18731 1.60847 1.13302 1.09343 1.30838 1.04034
threshold=0 1 0.0054999999701976785 2 0.45149999856948858 3 4 5 0.0035000001080334191 6 7 0.81149998307228099 0.004500000039115549 8 9 0.0084999999962747114 10 8.5000000000000018 0.1865000054240227 11 0.99050000309944164 15.500000000000002 0.23650000244379046 0.80349999666214 0.47349999845027929 0.084499999880790724 0.54850000143051159 12 0.0025000000605359678 15.500000000000002
decision_type=9 9 2 9 2 9 1 9 2 1 9 2 2 9 9 2 9 2 2 9 2 2 2 2 2 2 2 9 2 2
left_child=5 2 7 4 -4 -1 26 8 27 10 -10 13 21 -5 15 16 -8 18 -16 -13 24 -12 -14 -7 25 -19 -3 28 -2 -15
right_child=1 6 3 11 -6 23 14 -9 9 -11 12 19 22 29 17 -17 -18 20 -20 -21 -22 -23 -24 -25 -26 -27 -28 -29 -30 -31
leaf_value=-0.24130951020632802 -0.22896138680830802 -0.06548593481772845 -0.22669767587422576 -0.025909175895496274 -0.058621320748436241 -0.29332970760921134 -0.30171015769557102 -0.23122768873064728 -0.09618766355242736 -0.13656790674317526 -0.020703467437362774 0.1323293032363084 0.078266343499659413 -0.088541891746247853 36.369746960458464 -0.0062077439695840285 -0.04392409849182044 0.00035755440195872769 33.126920876774719 0.00056687121258965014 0.35092877865086736 0.02666046313970739 0.043521184833719674 -0.13999535191532 -0.065664310069289411 0.27796976730553785 -0.00028136177937227558 -0.50122844605571504 -0.0031706415805498977 -0.050121319397762147
leaf_weight=5412 298 10201 7830 18194 3252 27960 800 3866 655 491 372 329 134 15408 20 30486 2133 2846 173 4693 1490 164 378 2562 3889 1879 2131 2764 342 9463
leaf_count=5412 298 10201 7830 18194 3252 27960 800 3866 655 491 372 329 134 15408 20 30486 2133 2846 173 4693 1490 164 378 2562 3889 1879 2131 2764 342 9463
internal_value=-0.00220982 -0.00128531 -0.00203514 -0.00160817 -0.00411756 -0.00541576 -0.000366907 -0.00470668 -0.00381741 -0.00129626 2.4517e-05 -0.0010288 0.00233648 -0.00118495 -0.000114716 -0.000367766 -0.00235868 0.000706121 0.00736787 0.000308242 0.000579571 -0.000626867 0.00548437 -0.0057013 0.000268863 0.000907935 -0.00126009 -0.00545359 -0.00304616 -0.001587
internal_weight=160615 124681 68633 59169 11082 35934 56048 9464 5598 2194 1703 48087 1048 43065 43716 33419 2933 10297 193 5022 10104 536 512 30522 8614 4725 12332 3404 640 24871
internal_count=160615 124681 68633 59169 11082 35934 56048 9464 5598 2194 1703 48087 1048 43065 43716 33419 2933 10297 193 5022 10104 536 512 30522 8614 4725 12332 3404 640 24871
cat_boundaries=0 1 2 3 4 5 6 7 8 9 10 11 12 13
cat_threshold=138547200 2951690 32 131072 1 2361346 5 2 8193 1996497281 3076 2097664 2097152
is_linear=0
shrinkage=0.06


Tree=71
num_leaves=31
num_cat=15
split_feature=0 0 5 1 5 0 5 0 5 2 0 5 0 0 5 2 5 0 5 0 5 3 5 5 5 5 2 0 5 0
split_gain=130.697 22.5212 23.0267 22.5468 6.01317 4.63906 3.25133 2.73629 6.15468 3.4633 3.65111 2.7073 2.61551 2.45415 3.38014 2.89503 2.419 1.88784 1.8204 1.87366 1.67417 1.66452 1.52481 3.26307 2.72368 3.51847 2.70812 2.356 2.09047 4.64798
threshold=0 1 0.0054999999701976785 2 0.45149999856948858 3 0.082499999552965178 4 0.0035000001080334191 5 6 0.004500000039115549 7 8 0.0084999999962747114 9 0.38650000095367437 10 0.0065000001341104516 11 0.6225000023841859 4.5000000000000009 0.0054999999701976785 0.0094999996945261973 0.014500000048428776 0.015500000212341549 12 13 0.012500000186264517 14
decision_type=9 9 2 9 2 9 2 9 2 1 9 2 9 9 2 1 2 9 2 9 2 2 2 2 2 2 1 9 2 9
left_child=5 2 7 4 -4 -1 12 8 -2 10 -10 -12 -3 14 -5 -16 18 21 19 -15 -7 -8 -14 -24 26 -26 -25 -27 -28 -30
right_child=1 6 3 13 -6 20 17 -9 9 -11 11 -13 22 16 15 -17 -18 -19 -20 -21 -22 -23 23 24 25 27 28 -29 29 -31
leaf_value=-0.22683093959394837 -0.24268038327350516 -0.052733394190015402 -0.2130958153217721 0.044564085663327639 -0.055104041503530064 -0.28052992057502191 -0.010146421865965323 -0.2173540274068084 -0.090416403739281698 -0.12837383233858482 -0.0096061497354747866 0.05224987730897062 0.25081348441095658 -0.011827190898907531 -0.046844151108909639 -0.17022009519318015 0.029015987377276613 0.12346195303237618 -0.033327516022581494 -0.18564018258201956 -0.13550875166201354 0.75935881190487198 -0.1709278263884576 -0.14056572095245415 -0.28747121747127036 -0.16980214192506227 0.023629895029527882 0.015486658980152921 0.62073728070271128 0.043587261298978601
leaf_weight=5412 3404 15539 7830 1288 3252 27126 23501 3866 655 491 536 512 1449 1243 8188 9257 5139 6970 22184 788 3396 45 977 186 597 1737 616 3869 116 446
leaf_count=5412 3404 15539 7830 1288 3252 27126 23501 3866 655 491 536 512 1449 1243 8188 9257 5139 6970 22184 788 3396 45 977 186 597 1737 616 3869 116 446
internal_value=-0.00216798 -0.00124874 -0.00197745 -0.00153821 -0.00397692 -0.00535567 -0.000356204 -0.0047257 -0.0038495 -0.00137831 -8.05618e-05 0.00210964 -0.000855869 -0.000975156 -0.00151193 -0.00173173 -0.000632204 6.17367e-05 -0.000883338 -0.00260266 -0.00564627 -0.000195111 -9.77721e-05 -0.000403091 1.82357e-05 -0.000515558 0.00244575 -4.92344e-05 0.00349495 0.00617082
internal_weight=160615 124681 68633 59169 11082 35934 56048 9464 5598 2194 1703 1048 25532 48087 18733 17445 29354 30516 24215 2031 30522 23546 9993 8544 7567 6203 1364 5606 1178 562
internal_count=160615 124681 68633 59169 11082 35934 56048 9464 5598 2194 1703 1048 25532 48087 18733 17445 29354 30516 24215 2031 30522 23546 9993 8544 7567 6203 1364 5606 1178 562
cat_boundaries=0 1 2 3 4 5 6 7 8 9 10 11 12 13 14 15
cat_threshold=138547200 2951690 32 131072 2361346 5 2 2264948961 264200 2 1694549377 2162688 2 806354964 256
is_linear=0
shrinkage=0.06


Tree=72
num_leaves=31
num_cat=14
split_feature=0 0 5 1 5 0 5 0 1 5 5 5 2 5 0 2 0 5 0 5 5 1 5 5 4 2 5 0 4 5
split_gain=129.996 21.9503 23.3287 20.0773 5.81802 4.89572 4.4649 3.0374 2.64089 2.55973 3.20549 1.9799 1.83054 1.7992 8.25178 5.37866 1.68229 1.60979 1.99927 1.58839 5.0349 2.88859 3.22623 3.11211 2.09506 2.40871 1.91078 1.74725 1.62027 1.60206
threshold=0 1 0.0054999999701976785 2 0.45149999856948858 3 0.082499999552965178 4 5 0.0084999999962747114 0.19350000470876697 0.6225000023841859 6 0.004500000039115549 7 8 9 0.0075000002980232247 10 0.0054999999701976785 0.01049999985843897 11 0.018499999307096008 0.011500000022351744 0.44449999928474432 12 0.015500000212341549 13 0.14150000363588336 0.014500000048428776
decision_type=9 9 2 9 2 9 2 9 9 2 2 2 1 2 9 1 9 2 9 2 2 9 2 2 2 1 2 9 2 2
left_child=5 2 13 4 -4 -1 7 17 -5 -10 -11 -7 -8 -2 15 -15 -12 18 -3 -9 27 22 23 -22 25 26 -25 -21 -27 -23
right_child=1 6 3 8 -6 11 12 19 9 10 16 -13 -14 14 -16 -17 -18 -19 -20 20 21 29 -24 24 -26 28 -28 -29 -30 -31
leaf_value=-0.21322108321831143 -0.35781831054299207 -0.022709823932066622 -0.20031006640246579 -0.021197451959323103 -0.051797799013318289 -0.26369812534052056 -0.037284108579690022 0.23034772812521689 0.029728588052398537 -0.14013455921983073 0.13059775935019743 -0.1273782265622927 0.016110935114205718 0.054855168026021778 -0.15259274994636199 -0.086523508366267168 -0.052363476137306998 -0.042628563974484598 -0.11137596541226499 0.036231221939224172 -0.033048963246558066 0.032272027405714991 0.019236166456998945 -0.071782071456837848 -0.032586149163867761 0.54736409635082772 0.50850149571862269 -0.18791218666468096 0.23007954713446313 -0.024764221507881608
leaf_weight=5412 5573 2126 7830 19867 3252 27126 7129 1453 1446 11289 461 3396 26187 473 1714 220 7660 15145 2764 210 277 506 2245 112 146 48 44 1433 611 4460
leaf_count=5412 5573 2126 7830 19867 3252 27126 7129 1453 1446 11289 461 3396 26187 473 1714 220 7660 15145 2764 210 277 506 2245 112 146 48 44 1433 611 4460
internal_value=-0.00211979 -0.00120302 -0.00203245 -0.00156761 -0.00383087 -0.00529891 -0.000438728 -0.00094997 -0.000950533 -0.00142222 -0.00160433 -0.00559715 4.57424e-05 -0.00505263 -0.00368176 0.00185206 -0.000695236 -0.00139636 -0.00234356 -0.000173952 -0.000441143 0.000149839 0.00147209 0.00393538 0.00555047 0.00673619 -0.000216869 -0.00348022 0.00826009 -0.00077894
internal_weight=160615 124681 59785 51805 11082 35934 64896 31580 40723 20856 19410 30522 33316 7980 2407 693 8121 20035 4890 11545 10092 8449 3483 1238 961 815 156 1643 659 4966
internal_count=160615 124681 59785 51805 11082 35934 64896 31580 40723 20856 19410 30522 33316 7980 2407 693 8121 20035 4890 11545 10092 8449 3483 1238 961 815 156 1643 659 4966
cat_boundaries=0 1 2 3 4 5 6 7 8 9 10 11 12 13 14
cat_threshold=138547200 854536 32 131072 2267046114 8193 1 264192 5 512 18874400 3141 2 805306388
is_linear=0
shrinkage=0.06


Tree=73
num_leaves=31
num_cat=13
split_feature=0 0 5 1 5 0 5 0 1 0 5 2 5 5 5 5 0 0 3 5 5 5 5 5 2 5 0 0 6 4
split_gain=128.212 20.3899 22.2962 19.0349 5.34987 5.1884 3.98864 2.95595 2.41743 2.19574 9.8047 6.71732 2.04809 2.01145 2.86397 1.90533 2.00838 1.78834 1.66171 1.44483 2.76052 1.96772 3.48667 2.75946 2.5416 2.17945 1.90825 1.88625 1.45056 3.82612
threshold=0 1 0.0054999999701976785 2 0.45149999856948858 3 0.082499999552965178 4 5 6 0.0035000001080334191 7 0.50049999356269848 0.0084999999962747114 0.20850000530481341 0.0075000002980232247 8 9 4.5000000000000009 0.0054999999701976785 0.0084999999962747114 0.014500000048428776 0.015500000212341549 0.01350000035017729 10 0.012500000186264517 11 12 8.5000000000000018 0.1865000054240227
decision_type=9 9 2 9 2 9 2 9 9 9 2 1 2 2 2 2 9 9 2 2 2 2 2 2 1 2 9 9 2 2
left_child=5 2 9 4 -4 -1 7 19 -5 10 -2 -12 -7 -10 -15 16 -9 18 -8 28 26 23 -23 24 25 -22 -21 -24 29 -3
right_child=1 6 3 8 -6 12 17 15 13 -11 11 -13 -14 14 -16 -17 -18 -19 -20 20 21 22 27 -25 -26 -27 -28 -29 -30 -31
leaf_value=-0.17993745857296778 -0.44088479452146478 34.121131877533003 -0.18829146241831785 -0.019925604841763658 -0.048689931072519198 -0.25567624468654448 -0.009031673779617954 -0.021347234496142529 0.027944872769254534 -0.19485715860862909 0.02370161217012343 -0.12633211445748543 -0.12835750996937365 -0.12854696478867128 -0.036059207887130663 -0.039175440295273957 -0.1081418286809244 0.12588207370469401 0.71283062708372746 0.20054716010427454 0.010896840658814296 -0.26860986786670382 0.013648234262390578 0.057035932286271698 -0.19329510695889665 0.27933284415138715 -0.28703719039956327 -0.15812816011908531 0.08910380881745425 29.425639333984488
leaf_weight=6075 2730 21 7830 19867 3252 25849 26439 2126 1446 3866 946 438 4010 11580 7830 16613 2858 6832 45 123 918 597 3859 401 253 127 519 1737 1312 116
leaf_count=6075 2730 21 7830 19867 3252 25849 26439 2126 1446 3866 946 438 4010 11580 7830 16613 2858 6832 45 123 918 597 3859 401 253 127 519 1737 1312 116
internal_value=-0.00206824 -0.00115779 -0.00195719 -0.00150275 -0.00370646 -0.00522546 -0.000421164 -0.000904371 -0.000901924 -0.00490978 -0.00390495 0.000199421 -0.00555405 -0.00135321 -0.00151468 -0.00129875 -0.00232825 3.67377e-05 -0.00018661 -4.98363e-05 -0.000347318 -3.95351e-05 -0.000535768 0.00176927 0.000425268 0.0017346 -0.00413084 -7.07663e-05 0.00170186 0.00757664
internal_weight=160615 124681 59785 51805 11082 35934 64896 31580 40723 7980 4114 1384 29859 20856 19410 21597 4984 33316 26484 9983 8534 7892 6193 1699 1298 1045 642 5596 1449 137
internal_count=160615 124681 59785 51805 11082 35934 64896 31580 40723 7980 4114 1384 29859 20856 19410 21597 4984 33316 26484 9983 8534 7892 6193 1699 1298 1045 642 5596 1449 137
cat_boundaries=0 1 2 3 4 5 6 7 8 9 10 11 12 13
cat_threshold=138547200 854536 32 4325376 1880130836 8193 264192 5 18874400 1730184323 13 537920528 1073775872
is_linear=0
shrinkage=0.06


Tree=74
num_leaves=31
num_cat=16
split_feature=0 5 0 0 1 0 5 2 2 5 5 0 0 5 2 0 5 5 0 5 0 1 5 3 5 6 4 5 1 0
split_gain=124.962 20.5102 19.5054 12.6712 13.3485 5.26725 4.91518 3.95437 3.7266 2.92369 2.86268 3.18308 2.55361 7.99009 4.06055 3.95345 2.43914 2.43542 2.162 1.99357 3.09724 1.96191 2.55372 1.75258 1.68326 2.23663 1.59363 1.56406 3.67411 1.552
threshold=0 0.0054999999701976785 1 2 3 4 0.45149999856948858 5 6 0.01049999985843897 0.1345000043511391 7 8 0.0035000001080334191 9 10 0.01350000035017729 0.6225000023841859 11 0.0065000001341104516 12 13 0.0075000002980232247 1.5000000000000002 0.14449999481439593 14.500000000000002 0.79050001502037059 0.0075000002980232247 14 15
decision_type=9 2 9 9 9 9 2 1 1 2 2 9 9 2 1 9 2 2 9 2 9 9 2 2 2 2 2 2 9 9
left_child=5 2 -2 4 7 26 -6 9 -5 21 18 -12 13 -4 15 -15 -11 -7 -10 20 -20 22 -3 29 25 -25 -1 28 -9 -13
right_child=1 3 12 8 6 17 -8 27 10 16 11 23 -14 14 -16 -17 -18 -19 19 -21 -22 -23 -24 24 -26 -27 -28 -29 -30 -31
leaf_value=-0.19900900777756309 0.030649859959043808 -0.12930058721831403 -0.41089170122737323 -0.056915566438596625 -0.17645385031629301 -0.23313561965134791 -0.047571692781307393 0.17089922301231192 -0.11160950095153435 0.1262165099825954 0.29280552337441956 -0.054429434847783197 -0.19277685690477686 0.022279515439916128 -0.12175221605827267 -0.07182035186933336 0.01941071781637457 -0.11203408237039277 -0.0055299953090701594 -0.013636185874915264 -0.12082701569052488 -0.28841903261037988 0.25813564636301872 0.28617187325633947 0.061448705703567807 -0.1475874067090471 0.0058146535144439323 -0.15971556264190179 -0.42237628103100389 0.0051270393107532329
leaf_weight=5076 2853 99 2877 17562 8323 27126 3445 324 2694 281 3822 7359 4312 946 465 655 6888 3396 1505 33578 899 569 113 60 4031 37 336 7707 163 13114
leaf_count=5076 2853 99 2877 17562 8323 27126 3445 324 2694 281 3822 7359 4312 946 465 655 6888 3396 1505 33578 899 569 113 60 4031 37 336 7707 163 13114
internal_value=-0.00202005 -0.00112122 -0.00346779 -0.000868931 -0.00197737 -0.00513699 -0.00351401 -0.000855765 -0.000503196 9.79885e-05 -0.000299425 0.000157688 -0.00480194 -0.00384373 -0.00100484 0.000443202 0.000477889 -0.00544583 -0.000635434 -0.000512115 -0.00218137 -0.00338797 0.00156757 -9.28867e-05 0.00103488 0.00884536 -0.00338842 -0.00178011 0.0015154 -0.000320326
internal_weight=160615 124681 12108 112573 27912 35934 11768 16144 84661 7950 67099 28423 9255 4943 2066 1601 7169 30522 38676 35982 2404 781 212 24601 4128 97 5412 8194 487 20473
internal_count=160615 124681 12108 112573 27912 35934 11768 16144 84661 7950 67099 28423 9255 4943 2066 1601 7169 30522 38676 35982 2404 781 212 24601 4128 97 5412 8194 487 20473
cat_boundaries=0 1 2 3 4 5 6 7 8 9 10 11 12 13 14 15 16
cat_threshold=138547200 825230388 786440 1029 131072 10 1 1073764 272386 5 264192 35676676 620822544 1028 1028 67177472
is_linear=0
shrinkage=0.06


Tree=75
num_leaves=31
num_cat=18
split_feature=0 5 0 0 1 0 5 5 0 2 5 0 0 5 2 0 5 4 0 6 4 2 1 5 0 2 5 2 2 4
split_gain=122.928 21.1375 19.1288 11.9143 12.1502 5.33417 4.77869 3.42536 3.17409 3.14632 2.84851 2.59017 2.54966 7.9221 4.06055 3.56199 2.13356 1.58041 1.5248 3.18249 1.8615 1.44981 2.51991 1.35456 1.97745 1.30273 1.29445 3.65234 1.3426 1.95118
threshold=0 0.0054999999701976785 1 2 3 4 0.45149999856948858 0.19350000470876697 5 6 0.6225000023841859 7 8 0.0035000001080334191 9 10 0.0075000002980232247 0.79050001502037059 11 8.5000000000000018 0.1865000054240227 12 13 0.0025000000605359678 14 15 0.0075000002980232247 16 17 0.49050000309944158
decision_type=9 2 9 9 9 9 2 2 9 1 2 9 9 2 1 9 2 2 9 2 2 1 9 2 9 1 2 1 1 2
left_child=5 2 18 4 6 17 -3 11 -9 16 -7 -5 13 -4 15 -15 -6 -1 19 20 -2 22 -13 24 -20 -25 27 -11 -28 -30
right_child=1 3 12 7 9 10 -8 8 -10 26 -12 21 -14 14 -16 -17 -18 -19 23 -21 -22 -23 -24 25 -26 -27 28 -29 29 -31
leaf_value=-0.1623788699556806 30.514906717879427 -0.16640674365424132 -0.38623819915373075 -0.049057551940793268 -0.22109815925659693 -0.22454749162754048 -0.042914233641289552 -0.013870263498944194 0.11808183468826219 0.1803249588747019 -0.10595888727260423 0.15878354535953401 -0.18121024549049017 0.02094274451352118 -0.11444708309477633 -0.067511130757173299 0.0065223636709817153 0.0054657743035772194 -0.19985844869524919 0.038108449476742905 27.216183751948243 -0.050045130310908424 -0.0088150066782458399 -0.073066922281722527 0.00091870129614562751 0.042691765518994063 -0.067289400661850601 -0.28304066547539719 -0.62025127593895912 -0.18077950508148261
leaf_weight=5736 33 7830 2877 20356 305 26480 3252 26106 5565 269 3379 1650 4312 946 465 655 8331 339 298 1172 120 11180 19804 147 656 427 3688 218 1697 2322
leaf_count=5736 33 7830 2877 20356 305 26480 3252 26106 5565 269 3379 1650 4312 946 465 655 8331 339 298 1172 120 11180 19804 147 656 427 3688 218 1697 2322
internal_value=-0.00197709 -0.00108561 -0.00346779 -0.00082949 -0.00190431 -0.00506855 -0.00344681 -0.000474851 1.87539e-05 -0.000887175 -0.00540139 -0.000769958 -0.00478899 -0.00383162 -0.00100484 0.000443202 -8.74407e-05 -0.00342646 0.000831993 0.00231461 0.0104706 -0.000438183 -0.000149275 -0.00046034 -0.00184906 0.00183972 -0.00172891 0.00126899 -0.00192059 -0.00267908
internal_weight=160615 124681 12108 112573 27912 35934 11082 84661 31671 16830 29859 52990 9255 4943 2066 1601 8636 6075 2853 1325 153 32634 21454 1528 954 574 8194 487 7707 4019
internal_count=160615 124681 12108 112573 27912 35934 11082 84661 31671 16830 29859 52990 9255 4943 2066 1601 8636 6075 2853 1325 153 32634 21454 1528 954 574 8194 487 7707 4019
cat_boundaries=0 1 2 3 4 5 6 7 8 9 10 11 12 13 14 15 16 17 18
cat_threshold=138547200 825230388 786440 32 4325376 3036777603 10 2199939653 272386 5 264192 17826820 28 71 2097152 3 4 1
is_linear=0
shrinkage=0.06


Tree=76
num_leaves=31
num_cat=15
split_feature=0 5 0 0 1 0 5 2 5 5 5 0 5 2 0 2 5 0 0 0 6 4 4 6 5 0 5 0 3 5
split_gain=118.622 23.0854 16.9453 11.1239 11.6589 5.30798 4.67101 3.27597 3.20514 3.01625 2.66515 2.45039 7.73426 3.96456 3.22373 2.39809 2.12369 3.08949 1.88699 1.81166 7.5069 2.74313 1.51061 1.43378 1.38897 1.29346 1.67357 8.48538 2.17876 1.22199
threshold=0 0.0054999999701976785 1 2 3 4 0.81149998307228099 5 0.99050000309944164 0.6225000023841859 0.0075000002980232247 6 0.0035000001080334191 7 8 9 0.0065000001341104516 10 11 12 8.5000000000000018 0.31949999928474432 0.79050001502037059 8.5000000000000018 0.2334999963641167 13 0.0094999996945261973 14 1.5000000000000002 0.004500000039115549
decision_type=9 2 9 9 9 9 2 1 2 2 2 9 2 1 9 1 2 9 9 9 2 2 2 2 2 9 2 9 2 2
left_child=5 2 19 4 7 22 24 10 15 -7 -3 12 -4 14 29 -5 17 -17 -10 20 21 -2 -1 -21 -6 26 27 28 -18 -14
right_child=1 3 11 8 6 9 -8 -9 18 -11 -12 -13 13 -15 -16 16 25 -19 -20 23 -22 -23 -24 -25 -26 -27 -28 -29 -30 -31
leaf_value=-0.15263613775833973 32.413490944514926 -0.23068464813728357 -0.36306390720450693 -0.05448495345073355 -0.16908217347933047 -0.21107464212988808 -0.017182617700628951 -0.11595522430942368 0.35663190308591264 -0.099601354036247924 0.018669997948474945 -0.17033763076106073 0.0023038531668853322 -0.10758025810908968 -0.063460462911742996 -0.11160131176055658 0.063526330405438633 -0.0046692951898312171 0.013009039648090895 -0.29334302092976822 0.087899695829183874 29.386190475779671 0.0051378278453626082 0.0071234114762826544 -0.10210290392196184 0.0015230987580153129 -0.029757531931588414 -0.12797975665019096 -0.27669450326258838 0.04754842561704678
leaf_weight=5736 31 288 2877 16283 6605 26480 1937 8194 1302 3379 7662 4312 473 465 655 887 2074 1586 6529 175 294 26 339 2327 3226 21482 33413 985 120 473
leaf_count=5736 31 288 2877 16283 6605 26480 1937 8194 1302 3379 7662 4312 473 465 655 887 2074 1586 6529 175 294 26 339 2327 3226 21482 33413 985 120 473
internal_value=-0.00193824 -0.00106252 -0.00355203 -0.000794846 -0.00183339 -0.00497507 -0.00326949 -0.000785194 -0.000452175 -0.00530698 8.29131e-05 -0.00479547 -0.00385585 -0.00106292 0.000368714 -0.000570091 -0.000396025 -0.00211808 0.000704123 0.00049668 0.00447091 0.0245263 -0.00333772 -7.64345e-05 -0.00380287 -0.000322762 -0.000539644 0.000775714 0.00284755 0.00259832
internal_weight=160615 124681 12108 112573 27912 35934 11768 16144 84661 29859 7950 9255 4943 2066 1601 76830 60547 2473 7831 2853 351 57 6075 2502 9831 58074 36592 3179 2194 946
internal_count=160615 124681 12108 112573 27912 35934 11768 16144 84661 29859 7950 9255 4943 2066 1601 76830 60547 2473 7831 2853 351 57 6075 2502 9831 58074 36592 3179 2194 946
cat_boundaries=0 1 2 3 4 5 6 7 8 9 10 11 12 13 14 15
cat_threshold=138547200 825230388 786440 1029 4325376 10 272386 5 264192 1 2435 36718448 4 2267105793 67176448
is_linear=0
shrinkage=0.06


Tree=77
num_leaves=31
num_cat=16
split_feature=0 5 0 0 1 0 5 5 5 0 2 0 5 2 0 1 5 0 0 6 4 5 5 1 5 4 6 5 1 1
split_gain=114.689 23.1757 16.8212 10.4184 10.9902 5.53601 4.57418 3.11776 3.02173 2.62018 2.48678 2.4781 7.9221 4.06055 2.67257 2.24922 2.54054 2.1563 1.81166 7.5069 2.74313 1.79548 1.72803 1.65073 2.06347 1.68265 1.43378 1.15319 3.43638 1.46293
threshold=0 0.0054999999701976785 1 2 3 4 0.50650000572204601 0.6225000023841859 0.19350000470876697 5 6 7 0.0035000001080334191 8 9 10 0.96849998831748974 11 12 8.5000000000000018 0.31949999928474432 0.0075000002980232247 0.66650000214576732 13 0.031500000506639488 0.52050000429153453 8.5000000000000018 0.0075000002980232247 14 15
decision_type=9 2 9 9 9 9 2 2 2 9 1 9 2 1 9 9 2 9 9 2 2 2 2 9 2 2 2 2 9 9
left_child=5 2 18 4 6 22 -3 -7 17 -10 21 12 -4 14 -14 16 -11 -5 19 20 -2 -6 -1 24 -19 -26 -20 28 -12 -29
right_child=1 3 11 8 10 7 -8 -9 9 15 27 -13 13 -15 -16 -17 -18 23 26 -21 -22 -23 -24 -25 25 -27 -28 29 -30 -31
leaf_value=-0.14599093664206075 30.46868148784403 -0.14573728426930102 -0.3412800727722366 -0.044570983432993927 -0.19399119081296395 -0.19841016360209476 -0.034031639700245149 -0.093625272794073094 -0.011981376311626518 3.0140237080927075 0.15678308555765663 -0.16011737291539707 0.019547948652696667 -0.10112544262254437 -0.059652835137038479 0.073160674933690453 4.3171413122024918 -0.44410691911397937 -0.2757424396739821 0.082625714079431409 27.623019047232894 0.0058161588127583737 0.0047670628951402691 -0.016416765330813033 0.75293261582693383 -0.14766859023200968 0.0066960067877057123 -0.036819159835596409 -0.37309395078205426 -0.21650724669734889
leaf_weight=5687 31 8145 2877 22308 305 26480 2937 3379 25922 171 324 4312 946 465 655 5528 50 244 175 294 26 8331 388 29535 698 205 2327 2534 163 5173
leaf_count=5687 31 8145 2877 22308 305 26480 2937 3379 25922 171 324 4312 946 465 655 5528 50 244 175 294 26 8331 388 29535 698 205 2327 2534 163 5173
internal_value=-0.00190387 -0.00104279 -0.00353717 -0.000774592 -0.00177967 -0.00488994 -0.00324667 -0.00522863 -0.000442963 2.06484e-05 -0.000812353 -0.00477604 -0.00383162 -0.00100484 0.000443202 0.00117833 0.00698701 -0.000720137 0.00049668 0.00447091 0.0245263 -0.00010132 -0.00321939 -0.000393329 0.00183059 0.00316943 -7.64345e-05 -0.0015607 0.00126899 -0.00174154
internal_weight=160615 124681 12108 112573 27912 35934 11082 29859 84661 31671 16830 9255 4943 2066 1601 5749 221 52990 2853 351 57 8636 6075 30682 1147 903 2502 8194 487 7707
internal_count=160615 124681 12108 112573 27912 35934 11082 29859 84661 31671 16830 9255 4943 2066 1601 5749 221 52990 2853 351 57 8636 6075 30682 1147 903 2502 8194 487 7707
cat_boundaries=0 1 2 3 4 5 6 7 8 9 10 11 12 13 14 15 16
cat_threshold=138547200 825230388 786440 32 4325376 922848387 10 272386 5 264192 2052 2199939781 4 68 1028 1
is_linear=0
shrinkage=0.06


Tree=78
num_leaves=31
num_cat=16
split_feature=0 5 0 0 1 0 5 5 2 5 5 1 0 5 2 0 2 5 5 0 6 4 5 0 5 0 0 5 0 3
split_gain=111.641 23.5564 16.5638 10.0709 10.3923 5.65532 4.11554 3.35342 2.78833 2.76609 2.37359 2.41981 2.3726 7.9221 3.85271 2.44494 2.1868 1.89863 1.87273 1.83087 7.5069 2.74313 1.69918 3.4327 1.64105 1.60629 1.26714 1.36943 8.14355 2.10362
threshold=0 0.0054999999701976785 1 2 3 4 0.41650000214576727 0.6225000023841859 5 0.99050000309944164 0.01049999985843897 6 7 0.0035000001080334191 8 9 10 0.0075000002980232247 0.014500000048428776 11 8.5000000000000018 0.31949999928474432 0.0065000001341104516 12 0.66650000214576732 13 14 0.0094999996945261973 15 1.5000000000000002
decision_type=9 2 9 9 9 9 2 2 1 2 2 9 9 2 1 9 1 2 2 9 2 2 2 9 2 9 9 2 9 2
left_child=5 2 19 4 8 24 -6 -7 10 16 11 17 13 -4 15 -15 -5 -3 -12 20 21 -2 23 -18 -1 -11 27 28 29 -24
right_child=1 3 12 9 6 7 -8 -9 -10 25 18 -13 -14 14 -16 -17 22 -19 -20 -21 -22 -23 26 -25 -26 -27 -28 -29 -30 -31
leaf_value=-0.13723148044353708 28.640560598573398 -0.082796112092804491 -0.32080326840590245 -0.049563335609729843 -0.14119302890259602 -0.18650555378596909 -0.039609696815246662 -0.088007756426428718 -0.10581580376434727 0.53338179638627026 0.1400659498788793 -0.27297440187968974 -0.15051033054047339 0.018375071733534844 -0.095057916065191816 -0.056073665028816069 -0.10291817727613477 0.24078699635530507 0.013223293333992442 -0.002432872723509099 0.077668171234665809 25.965637904398921 0.060699756500960961 -0.0034041315585929509 0.0044810391214318186 0.02260790234719634 0.0024167187523834932 -0.026515403156351345 -0.11762671224520005 -0.25910782714698444
leaf_weight=5687 31 99 2877 16283 8134 26480 3634 3379 8194 700 362 569 4312 946 465 655 887 113 6807 2502 294 26 2074 1586 388 7131 21482 33413 985 120
leaf_count=5687 31 99 2877 16283 8134 26480 3634 3379 8194 700 362 569 4312 946 465 655 887 113 6807 2502 294 26 2074 1586 388 7131 21482 33413 985 120
internal_value=-0.00186203 -0.00101247 -0.00352726 -0.00074208 -0.00173025 -0.00480815 -0.00308609 -0.00515029 -0.000740623 -0.000416035 6.03001e-05 -0.00308067 -0.00475661 -0.00383162 -0.00100484 0.000405958 -0.000525577 0.00237838 0.000402565 0.000475723 0.00447091 0.0245263 -0.000359365 -0.00189972 -0.00312079 0.000658152 -0.000293833 -0.000508498 0.000681345 0.00271143
internal_weight=160615 124681 12108 112573 27912 35934 11768 29859 16144 84661 7950 781 9255 4943 2066 1601 76830 212 7169 2853 351 57 60547 2473 6075 7831 58074 36592 3179 2194
internal_count=160615 124681 12108 112573 27912 35934 11768 29859 16144 84661 7950 781 9255 4943 2066 1601 76830 212 7169 2853 351 57 60547 2473 6075 7831 58074 36592 3179 2194
cat_boundaries=0 1 2 3 4 5 6 7 8 9 10 11 12 13 14 15 16
cat_threshold=138547200 825230388 786440 1029 4325376 10 1028 272386 5 264192 1 4 2435 18272 2267105793 67176448
is_linear=0
shrinkage=0.06


Tree=79
num_leaves=31
num_cat=14
split_feature=0 5 0 0 1 0 5 5 5 0 5 2 5 5 0 1 0 6 4 0 4 5 5 5 5 0 6 2 5 2
split_gain=107.876 23.5737 16.2782 9.23989 9.71563 5.71795 3.92264 3.1853 2.64665 2.52008 5.23713 2.3946 4.49964 3.12749 2.33122 2.30692 1.83087 7.5069 2.74313 1.75917 1.74296 1.54796 1.49719 1.68286 1.44168 1.33926 1.23997 1.16726 3.9789 1.14704
threshold=0 0.0054999999701976785 1 2 3 4 0.41650000214576727 0.6225000023841859 0.17249999940395358 5 0.0035000001080334191 6 0.0075000002980232247 0.0084999999962747114 7 8 9 8.5000000000000018 0.31949999928474432 10 0.49050000309944158 0.66650000214576732 0.014500000048428776 0.13650000095367434 0.0075000002980232247 11 8.5000000000000018 12 0.011500000022351744 13
decision_type=9 2 9 9 9 9 2 2 2 9 2 1 2 2 9 9 9 2 2 9 2 2 2 2 2 9 2 1 2 1
left_child=5 2 16 4 11 21 -6 -7 19 10 -4 12 -3 15 -10 24 17 18 -2 -5 -14 -1 27 -24 -13 -12 -18 -15 -29 -11
right_child=1 3 9 8 6 7 -8 -9 14 29 25 13 20 22 -16 -17 26 -19 -20 -21 -22 -23 23 -25 -26 -27 -28 28 -30 -31
leaf_value=-0.12899759161692487 26.922126962658997 0.17340473789318664 -0.39248385596069296 -0.039382241870154024 -0.13272144716844031 -0.17531522055881096 -0.0372331150063318 -0.082727291040843018 -0.011413219466208532 -0.10370298566046832 0.01722513318325504 -0.042135968980890413 -0.55673950289635421 0.078349750886479316 0.092763176201765954 -0.29119314365892163 -0.25905192093013252 0.07300808096058517 24.407699630134992 -0.013414634046147584 -0.1436360382903264 0.0042121767741458149 -0.08265271404586276 0.028194157443837315 0.18434154198271896 -0.058414178034766021 0.0064402187438539465 -0.10535017245221538 0.1741842996679854 -0.13486865155993058
leaf_weight=5687 31 269 1490 19888 8134 26480 3634 3379 27014 1826 609 154 1697 508 6323 563 175 294 26 31436 2322 388 4226 5840 64 682 2327 319 182 4648
leaf_count=5687 31 269 1490 19888 8134 26480 3634 3379 27014 1826 609 154 1697 508 6323 563 175 294 26 31436 2322 388 4226 5840 64 682 2327 319 182 4648
internal_value=-0.00181197 -0.000976864 -0.00349257 -0.00070637 -0.00165289 -0.00470799 -0.00296383 -0.00505186 -0.000394068 -0.00471128 -0.00316231 -0.000696052 -0.00190973 -0.000255858 2.21361e-05 -0.00392574 0.000475723 0.00447091 0.0245263 -0.000664486 -0.00241702 -0.00301233 2.70737e-06 -0.000218162 0.00136842 -0.000376454 -0.00010032 0.00220614 0.000105674 -0.00537076
internal_weight=160615 124681 12108 112573 27912 35934 11768 29859 84661 9255 2781 16144 4288 11856 33337 781 2853 351 57 51324 4019 6075 11075 10066 218 1291 2502 1009 501 6474
internal_count=160615 124681 12108 112573 27912 35934 11768 29859 84661 9255 2781 16144 4288 11856 33337 781 2853 351 57 51324 4019 6075 11075 10066 218 1291 2502 1009 501 6474
cat_boundaries=0 1 2 3 4 5 6 7 8 9 10 11 12 13 14
cat_threshold=138547200 825230388 786440 1029 4325376 270338 4 2499906707 1028 4 2199939685 262144 9 1
is_linear=0
shrinkage=0.06


end of trees

feature_importances:
fatigue=1011
step=716
staff=171
batch_size=169
station=155
load=99
hour=79

parameters:
[boosting: gbdt]
[objective: quantile]
[metric: quantile]
[tree_learner: serial]
[device_type: cpu]
[data_sample_strategy: bagging]
[data: ]
[valid: ]
[num_iterations: 80]
[learning_rate: 0.06]
[num_leaves: 31]
[num_threads: 4]
[seed: 0]
[deterministic: 0]
[force_col_wise: 0]
[force_row_wise: 0]
[histogram_pool_size: -1]
[max_depth: -1]
[min_data_in_leaf: 20]
[min_sum_hessian_in_leaf: 0.001]
[bagging_fraction: 1]
[pos_bagging_fraction: 1]
[neg_bagging_fraction: 1]
[bagging_freq: 0]
[bagging_seed: 7719]
[bagging_by_query: 0]
[feature_fraction: 1]
[feature_fraction_bynode: 1]
[feature_fraction_seed: 2437]
[extra_trees: 0]
[extra_seed: 11797]
[early_stopping_round: 0]
[early_stopping_min_delta: 0]
[first_metric_only: 0]
[max_delta_step: 0]
[lambda_l1: 0]
[lambda_l2: 0]
[linear_lambda: 0]
[min_gain_to_split: 0]
[drop_rate: 0.1]
[max_drop: 50]
[skip_drop: 0.5]
[xgboost_dart_mode: 0]
[uniform_drop: 0]
[drop_seed: 21238]
[top_rate: 0.2]
[other_rate: 0.1]
[min_data_per_group: 100]
[max_cat_threshold: 32]
[cat_l2: 10]
[cat_smooth: 10]
[max_cat_to_onehot: 4]
[top_k: 20]
[monotone_constraints: ]
[monotone_constraints_method: basic]
[monotone_penalty: 0]
[feature_contri: ]
[forcedsplits_filename: ]
[refit_decay_rate: 0.9]
[cegb_tradeoff: 1]
[cegb_penalty_split: 0]
[cegb_penalty_feature_lazy: ]
[cegb_penalty_feature_coupled: ]
[path_smooth: 0]
[interaction_constraints: ]
[verbosity: -1]
[saved_feature_importance_type: 0]
[use_quantized_grad: 0]
[num_grad_quant_bins: 4]
[quant_train_renew_leaf: 0]
[stochastic_rounding: 1]
[linear_tree: 0]
[max_bin: 255]
[max_bin_by_feature: ]
[min_data_in_bin: 3]
[bin_construct_sample_cnt: 200000]
[data_random_seed: 38]
[is_enable_sparse: 1]
[enable_bundle: 1]
[use_missing: 1]
[zero_as_missing: 0]
[feature_pre_filter: 1]
[pre_partition: 0]
[two_round: 0]
[header: 0]
[label_column: ]
[weight_column: ]
[group_column: ]
[ignore_column: ]
[categorical_feature: 0,1,2]
[forcedbins_filename: ]
[precise_float_parser: 0]
[parser_config_file: ]
[objective_seed: 8855]
[num_class: 1]
[is_unbalance: 0]
[scale_pos_weight: 1]
[sigmoid: 1]
[boost_from_average: 1]
[reg_sqrt: 0]
[alpha: 0.9]
[fair_c: 1]
[poisson_max_delta_step: 0.7]
[tweedie_variance_power: 1.5]
[lambdarank_truncation_level: 30]
[lambdarank_norm: 1]
[label_gain: ]
[lambdarank_position_bias_regularization: 0]
[eval_at: ]
[multi_error_top_k: 1]
[auc_mu_weights: ]
[num_machines: 1]
[local_listen_port: 12400]
[time_out: 120]
[machine_list_filename: ]
[machines: ]
[gpu_platform_id: -1]
[gpu_device_id: -1]
[gpu_device_id_list: ]
[gpu_use_dp: 0]
[num_gpu: 1]

end of parameters

pandas_categorical:null
