tree
version=v4
num_class=1
num_tree_per_iteration=1
label_index=0
max_feature_idx=8
objective=poisson
feature_names=sku weather frac_left discount_pct price_ratio hour footfall n_competing remaining
feature_infos=-1:21:4:11:9:8:13:12:10:22:14 -1:0:1:2:3:4 [0:0.75] [18.5:81.5] [0.18181818723678589:0.91176468133926392] [7:22.5] [0:564] [0:5] [1:104]
tree_sizes=1691 1739 1748 1743 1746 1757 1750 1737 1742 1758 1754 1749 1765 1759 1745 1757 1749 1754 1765 1735 1755 1736 1760 1761 1757 1776 1762 1770 1769 1762 1772 1771 1767 1776 1757 1760 1763 1761 1745 1758 1763 1752 1752 1770 1749 1762 1756 1753 1754 1768 1766 1774 1768 1767 1771 1769 1761 1765 1773 1776

Tree=0
num_leaves=15
num_cat=1
split_feature=0 8 5 4 5 8 8 6 8 5 2 8 2 3
split_gain=358.388 193.233 152.36 127.97 103.267 80.5339 53.9589 52.8296 49.3067 55.5852 48.5151 46.893 50.2627 43.3386
threshold=0 2.9500000476837163 21.208333015441898 0.36004273593425756 15.784229755401613 6.7500000000000009 10.799999713897707 39.500000000000007 18.500000000000004 11.375000000000002 0.22224123030900958 16.500000000000004 0.34167313575744634 30.69999980926514
decision_type=1 2 2 2 2 2 2 2 2 2 2 2 2 2
left_child=1 -1 3 5 -5 -3 7 10 -2 -10 -7 12 -6 -14
right_child=8 2 -4 4 11 6 -8 -9 9 -11 -12 -13 13 -15
leaf_value=-1.8112019884892379 -1.8127253915310482 -1.7582923372411514 -1.8209427269020331 -1.7899190182768603 -1.7725089433712198 -1.4351305102644589 -1.7400842797199714 -1.6836166394507284 -1.8147985157272517 -1.7825985794905275 -1.717459164201103 -1.7914022636101008 -1.7602845003156822 -1.7250304379549557
leaf_weight=629.74422144889832 2675.8276770114899 221.73150229454041 230.76129198074341 972.20735621452332 464.19807720184326 6.3542964458465558 60.19859790802002 58.860851287841797 326.07573866844177 472.89343023300171 3.3443665504455566 181.59910368919373 294.63869309425354 218.7215723991394
leaf_count=1883 8001 663 690 2907 1388 19 180 176 975 1414 10 543 881 654
internal_value=-1.79531 -1.7813 -1.77431 -1.76997 -1.7755 -1.73638 -1.69863 -1.66224 -1.80878 -1.79574 -1.53249 -1.7634 -1.7582 -1.74526
internal_weight=6817.16 3342.36 2712.62 2481.85 2131.36 350.49 128.758 68.5595 3474.8 798.969 9.69866 1159.16 977.558 513.36
internal_count=20384 9994 8111 7421 6373 1048 385 205 10390 2389 29 3466 2923 1535
cat_boundaries=0 1
cat_threshold=2117648
is_linear=0
shrinkage=1


Tree=1
num_leaves=15
num_cat=1
split_feature=0 8 5 4 5 8 8 5 8 2 5 3 8 4
split_gain=336.74 178.21 140.423 107.653 91.591 62.4969 47.899 52.7187 40.9462 42.1977 36.807 48.5476 31.0692 35.029
threshold=0 2.9500000476837163 21.208333015441898 0.36004273593425756 15.784229755401613 6.3666667938232431 18.500000000000004 11.375000000000002 16.500000000000004 0.34167313575744634 18.541666984558109 30.69999980926514 10.799999713897707 0.19848485291004184
decision_type=1 2 2 2 2 2 2 2 2 2 2 2 2 2
left_child=1 -1 3 5 -5 -3 -2 -8 9 -6 -11 -12 13 -7
right_child=6 2 -4 4 8 12 7 -9 -10 10 11 -13 -14 -15
leaf_value=-0.015671527745613135 -0.017200165157527512 0.032979903434025855 -0.025526950555044982 0.0051996452801350733 0.021613294166560892 0.16426845489212769 -0.019287954234114911 0.012172395512444319 0.0037741257932369658 0.026971165529248449 0.039777907786289479 0.087129006282898033 0.050655729125031516 0.081876888637105669
leaf_weight=619.81406927108765 2629.6247263848782 217.25201970338821 224.92092043161392 977.46049073338509 474.90283870697021 25.939952939748764 319.78181898593903 478.94189602136612 182.30973288416862 216.25512927770615 192.57463443279266 130.95672205090523 63.616483211517334 65.441645979881287
leaf_count=1883 8001 626 690 2907 1388 67 975 1414 543 614 556 365 180 175
internal_value=-1.15165e-05 0.0133736 0.0199171 0.0239307 0.0188266 0.0537455 -0.0132529 -0.000423259 0.0299543 0.0346581 0.0461349 0.0589443 0.0828514 0.105265
internal_weight=6819.79 3391.44 2771.63 2546.71 2174.46 372.25 3428.35 798.724 1197 1014.69 539.786 323.531 154.998 91.3816
internal_count=20384 9994 8111 7421 6373 1048 10390 2389 3466 2923 1535 921 422 242
cat_boundaries=0 1
cat_threshold=2117648
is_linear=0
shrinkage=0.06


Tree=2
num_leaves=15
num_cat=1
split_feature=0 8 5 4 6 8 5 4 5 4 8 5 2 8
split_gain=316.607 164.644 129.758 94.6701 53.2685 46.511 50.0164 44.0647 54.8743 39.9618 29.6421 27.7383 47.5027 23.1888
threshold=0 2.9500000476837163 21.208333015441898 0.63245612382888805 74.500000000000014 18.500000000000004 11.375000000000002 0.30583900213241583 18.791666984558109 0.53229168057441723 4.9500000476837167 20.541666984558109 0.13890790194272998 5.6833331584930429
decision_type=1 2 2 2 2 2 2 2 2 2 2 2 2 2
left_child=1 -1 3 7 -5 -2 -7 10 -9 -10 -3 12 -8 -6
right_child=5 2 -4 4 13 6 11 8 9 -11 -12 -13 -14 -15
leaf_value=-0.015448446246016682 -0.016981657125412893 0.02982446966854032 -0.025416595328314903 -0.010952917084094254 -0.00094389143064709967 -0.019083326651936287 0.10664347906280776 0.019408599767284096 0.02263580832871916 0.06710628403603823 0.071372527301092226 -0.027686716914994285 0.012445616640258943 0.022166761837068567
leaf_weight=610.17634680867195 2584.7814084291458 97.920838683843613 219.25202876329422 297.09903940558434 191.95023581385612 313.67299407720566 20.228879690170288 707.019735455513 119.01372602581978 187.11803716421127 167.6623013317585 56.915153026580811 407.66335511207581 841.53998130559921
leaf_count=1883 8001 273 690 879 550 975 59 2031 337 506 431 166 1189 2414
internal_value=-2.12138e-05 0.0127814 0.0189163 0.0226415 0.0114377 -0.0130331 -0.000414309 0.0342995 0.0285969 0.0498177 0.0560537 0.0116646 0.0168989 0.0178744
internal_weight=6822.01 3438.75 2828.58 2609.32 1330.59 3383.26 798.48 1278.73 1013.15 306.132 265.583 484.807 427.892 1033.49
internal_count=20384 9994 8111 7421 3843 10390 2389 3578 2874 843 704 1414 1248 2964
cat_boundaries=0 1
cat_threshold=2117648
is_linear=0
shrinkage=0.06


Tree=3
num_leaves=15
num_cat=1
split_feature=0 8 5 4 6 8 5 4 5 3 6 7 5 2
split_gain=297.899 152.368 120.196 82.9963 49.2189 45.1209 47.4352 36.6511 46.6331 34.7638 32.0621 26.594 26.0948 38.8176
threshold=0 2.9500000476837163 21.208333015441898 0.63245612382888805 74.500000000000014 18.500000000000004 11.375000000000002 0.30583900213241583 18.791666984558109 44.500000000000007 286.50000000000006 1.5000000000000002 20.541666984558109 0.13890790194272998
decision_type=1 2 2 2 2 2 2 2 2 2 2 2 2 2
left_child=1 -1 3 7 -5 -2 -7 -3 -9 10 -10 -12 13 -8
right_child=5 2 -4 4 -6 6 12 8 9 -11 11 -13 -14 -15
leaf_value=-0.015225091117161131 -0.016762203933176595 0.051357701523162963 -0.025303880867829944 -0.010745405247710832 0.017028041282045266 -0.018876945518449113 0.092842179167349631 0.018462833493331322 0.029809713510288344 0.034445336500668416 0.094820530386947627 0.24651599710608663 -0.027627525385538306 0.011923162965317313
leaf_weight=600.82252416014671 2541.2581407129765 280.95141997933388 213.74962002038956 293.8626771569252 1052.1716299951077 307.74383023381233 22.505388081073761 720.87601572275162 29.494252920150757 240.31585872173309 47.473973095417023 4.560077190399169 55.360974907875061 412.76868259906769
leaf_count=1883 8001 704 690 879 2964 975 59 2031 73 639 120 11 166 1189
internal_value=-2.95074e-05 0.0122267 0.0179892 0.0214555 0.0109646 -0.0128148 -0.000410573 0.0321236 0.0269411 0.045931 0.0797865 0.108115 0.0111722 0.016107
internal_weight=6823.92 3484.28 2883.46 2669.71 1346.03 3339.64 798.379 1323.67 1042.72 321.844 81.5283 52.0341 490.635 435.274
internal_count=20384 9994 8111 7421 3843 10390 2389 3578 2874 843 204 131 1414 1248
cat_boundaries=0 1
cat_threshold=2117648
is_linear=0
shrinkage=0.06


Tree=4
num_leaves=15
num_cat=1
split_feature=0 8 5 3 6 8 5 8 8 8 5 5 5 6
split_gain=281.106 158.597 111.835 79.0871 79.7058 47.8102 45.0041 32.836 28.5684 36.4302 27.9745 27.712 71.4469 25.9497
threshold=0 2.9500000476837163 21.208333015441898 51.850000381469734 86.500000000000014 18.500000000000004 11.375000000000002 4.9500000476837167 5.5499999523162851 16.500000000000004 19.541666984558109 18.791666984558109 20.208333015441898 480.00000000000006
decision_type=1 2 2 2 2 2 2 2 2 2 2 2 2 2
left_child=1 -1 3 4 -3 -2 -7 -5 10 11 -6 -10 13 -13
right_child=5 2 -4 7 8 6 -8 -9 9 -11 -12 12 -14 -15
leaf_value=-0.015318617101925841 -0.017377170343059557 -0.003025809304156254 -0.025188785746404801 0.022215115584702648 -0.0025789463268150008 -0.018668886961059315 0.010707275853363677 0.054482564491898956 0.022310527455220358 0.0033244267387698063 0.036261722968284393 0.062687356113889148 0.011658313370332445 -0.015069129168598755
leaf_weight=658.5845642387867 2377.2042498886585 601.80859389901161 208.40877950191498 181.46428489685059 264.54858762025833 301.98903903365135 496.26697963476181 303.28313517570496 635.40139502286911 208.33620426058769 89.286739766597748 297.46176487207413 185.26813507080078 16.297716498374939
leaf_count=2097 7611 1775 690 480 741 975 1414 730 1752 588 238 756 493 44
internal_value=-3.68996e-05 0.0113059 0.017205 0.0203796 0.0157346 -0.0130698 -0.00040605 0.0424033 0.0223892 0.026386 0.0072221 0.0306212 0.041203 0.0586484
internal_weight=6825.61 3650.15 2991.57 2783.16 2298.41 3175.46 798.256 484.747 1696.6 1342.77 353.835 1134.43 499.028 313.759
internal_count=20384 10384 8287 7597 6387 10000 2389 1210 4612 3633 979 3045 1293 800
cat_boundaries=0 1
cat_threshold=6311952
is_linear=0
shrinkage=0.06


Tree=5
num_leaves=15
num_cat=1
split_feature=0 8 5 4 8 6 6 4 5 5 5 2 3 8
split_gain=264.879 147.218 103.977 73.7994 46.4263 45.5441 42.7357 30.1418 35.1803 28.0654 26.7139 29.8754 19.7929 19.4635
threshold=0 2.9500000476837163 21.208333015441898 0.63245612382888805 18.500000000000004 74.500000000000014 89.500000000000014 0.30583900213241583 18.791666984558109 20.375000000000004 20.541666984558109 0.13890790194272998 44.350000381469734 5.6833331584930429
decision_type=1 2 2 2 2 2 2 2 2 2 2 2 2 2
left_child=1 -1 3 7 -2 -5 -6 -3 -9 -10 11 -8 -11 -7
right_child=4 2 -4 5 6 13 10 8 9 12 -12 -13 -14 -15
leaf_value=-0.015095148260097261 -0.017159495866928876 0.045198151863432241 -0.025071285118521015 -0.010796263301891987 -0.016180352866610345 -0.0012064587246482105 0.080778525324252184 0.017036351224883645 0.051745312019170542 0.099012186229611401 -0.027590539015336833 0.012961560695157215 0.0076688948696216333 0.019145643579988426
leaf_weight=648.57284665107727 2336.2520443797112 320.02871498465538 203.22477757930756 307.28165391087532 348.15140900015831 208.40431326627731 24.960740447044373 758.20811221003532 237.08484098315239 9.3162417411804181 54.432130932807922 370.46844300627708 102.49835935235023 898.39222574234009
leaf_count=2097 7611 739 690 935 1119 585 59 2073 558 21 166 1045 264 2422
internal_value=-4.41643e-05 0.0108302 0.0163888 0.0193543 -0.0128506 0.00963976 -0.000397091 0.0289799 0.0242918 0.0400588 0.0118177 0.0172424 0.0152795 0.0153134
internal_weight=6827.28 3693.01 3044.44 2841.21 3134.26 1414.08 798.013 1427.14 1107.11 348.899 449.861 395.429 111.815 1106.8
internal_count=20384 10384 8287 7597 10000 3942 2389 3655 2916 843 1270 1104 285 3007
cat_boundaries=0 1
cat_threshold=6311952
is_linear=0
shrinkage=0.06


Tree=6
num_leaves=15
num_cat=1
split_feature=0 8 5 3 8 5 5 4 5 5 5 8 4 8
split_gain=249.736 136.84 96.8597 65.5421 45.046 40.8731 34.2633 29.2585 35.6572 28.3238 23.0359 29.1975 64.9108 23.1881
threshold=0 2.9500000476837163 21.208333015441898 31.10000038146973 18.500000000000004 11.375000000000002 12.458333492279055 0.30583900213241583 18.291666984558109 20.375000000000004 20.541666984558109 35.500000000000007 0.55036231875419628 48.500000000000007
decision_type=1 2 2 2 2 2 2 2 2 2 2 2 2 2
left_child=1 -1 3 6 -2 -6 -3 -5 -9 -10 11 12 -7 -13
right_child=4 2 -4 7 5 10 -8 8 9 -11 -12 13 -14 -15
leaf_value=-0.014871567339162573 -0.016940805281510429 -0.0079260191458482669 -0.024951355052116424 0.041884055000553227 -0.018278502682210707 0.096058121630556076 0.014261861323894398 0.014308854922338942 0.042746728351343813 0.011803132970287159 -0.027528864408769158 -0.008821611551619337 0.013975276252462558 0.044362117503167028
leaf_weight=638.85604771971703 2296.505189448595 356.39327564835548 198.19300800561905 334.82529279589653 291.75236561894417 42.907119601964951 843.68015709519386 829.58511850237846 385.59812352061272 147.12156900763512 52.950849592685699 194.53112584352493 180.94422036409378 34.790940701961517
leaf_count=2097 7611 1076 690 739 975 108 2245 2254 907 376 166 541 502 97
internal_value=-5.00793e-05 0.0103827 0.0156285 0.0184045 -0.0126329 -0.000392076 0.00767259 0.0259932 0.0220875 0.034201 0.00991845 0.014294 0.0297087 -0.000752994
internal_weight=6828.63 3734.25 3095.4 2897.2 3094.38 797.877 1200.07 1697.13 1362.3 532.72 506.124 453.173 223.851 229.322
internal_count=20384 10384 8287 7597 10000 2389 3321 4276 3537 1283 1414 1248 610 638
cat_boundaries=0 1
cat_threshold=6311952
is_linear=0
shrinkage=0.06


Tree=7
num_leaves=15
num_cat=2
split_feature=0 8 5 4 8 6 5 4 5 1 3 5 8 4
split_gain=235.566 127.335 90.3813 58.7806 43.6628 39.6224 38.8213 21.8015 27.1554 21.4892 23.6996 21.1656 24.9827 54.5067
threshold=0 2.9500000476837163 21.208333015441898 0.63245612382888805 18.500000000000004 74.500000000000014 11.125000000000002 0.30583900213241583 18.791666984558109 1 44.500000000000007 20.541666984558109 35.500000000000007 0.55036231875419628
decision_type=1 2 2 2 2 2 2 2 2 1 2 2 2 2
left_child=1 -1 3 7 -2 -5 -6 -3 -9 10 -10 12 13 -8
right_child=4 2 -4 5 6 -7 11 8 9 -11 -12 -13 -14 -15
leaf_value=-0.014647974448295064 -0.01672118680409438 0.038943844098241837 -0.024828976179384586 -0.010464261216718791 -0.018902848805739583 0.013976939631972995 0.084531375671470108 0.015488211785771791 0.083225336865815083 0.015744986945729643 0.037670145735339854 -0.027465610870531745 -0.00059435126987150873 0.012465216484060898
leaf_weight=629.42554306983948 2257.9283003211021 349.14696544408798 193.30900847911835 302.00419560074806 269.91622468829155 1140.5906581580639 47.2331463098526 784.12961333990097 56.591526359319687 168.61072355508804 150.29956796765327 51.513054013252258 240.4046491086483 188.82955211400986
leaf_count=2097 7611 739 690 935 919 3007 108 2073 111 390 342 166 676 520
internal_value=-5.57331e-05 0.00995955 0.0149166 0.0175198 -0.0124171 0.00886023 -0.000392813 0.0257995 0.021842 0.03511 0.0478196 0.00906996 0.01302 0.0268847
internal_weight=6829.93 3774.11 3144.68 2951.37 3055.82 1442.59 797.897 1508.78 1159.63 375.502 206.891 527.98 476.467 236.063
internal_count=20384 10384 8287 7597 10000 3942 2389 3655 2916 843 453 1470 1304 628
cat_boundaries=0 1 2
cat_threshold=6311952 14
is_linear=0
shrinkage=0.06


Tree=8
num_leaves=15
num_cat=2
split_feature=0 8 5 3 8 5 5 1 6 4 5 8 4 8
split_gain=222.269 118.615 84.4701 52.7595 42.3145 36.9004 29.6834 22.6262 23.9556 34.3435 20.0328 22.5538 45.1203 24.4089
threshold=0 2.9500000476837163 21.208333015441898 31.10000038146973 18.500000000000004 11.125000000000002 12.458333492279055 1 258.50000000000006 0.4901809841394425 20.541666984558109 35.500000000000007 0.55036231875419628 48.500000000000007
decision_type=1 2 2 2 2 2 2 1 2 2 2 2 2 2
left_child=1 -1 3 6 -2 -6 -3 -5 9 -9 11 12 -7 -13
right_child=4 2 -4 7 5 10 -8 8 -10 -11 -12 13 -14 -15
leaf_value=-0.014424466485535518 -0.016500735927623963 -0.0076298843489351689 -0.024704130397088846 0.014386954963984344 -0.018694997495135871 0.075264391315383525 0.013034818676250257 0.039728097349826665 0.041823882511182034 0.012366364496575058 -0.027400743960874739 -0.0089573803081147881 0.011941702314555946 0.04306479097735734
leaf_weight=620.27291494607925 2220.4868995249271 351.631746083498 188.56844007968903 724.64074185490608 264.86195409297943 51.399440765380859 867.85092180967331 266.2419992685318 358.48028919100761 434.89931243658066 50.117467820644379 201.55739402770996 191.19808089733124 38.70441210269928
leaf_count=2097 7611 1076 690 1747 919 108 2245 589 784 1156 166 571 520 105
internal_value=-5.99966e-05 0.00955938 0.0142494 0.0166948 -0.0122019 -0.000390681 0.00707625 0.0232688 0.028934 0.0227563 0.00870562 0.0124532 0.025358 -0.000576991
internal_weight=6830.91 3812.59 3192.31 3003.75 3018.33 797.839 1219.48 1784.26 1059.62 701.141 532.977 482.859 242.598 240.262
internal_count=20384 10384 8287 7597 10000 2389 3321 4276 2529 1745 1470 1304 628 676
cat_boundaries=0 1 2
cat_threshold=6311952 1
is_linear=0
shrinkage=0.06


Tree=9
num_leaves=15
num_cat=1
split_feature=0 8 5 3 8 5 8 4 6 5 5 5 8 4
split_gain=209.779 110.607 76.7738 41.9834 40.9863 35.0765 29.3139 33.6369 34.8575 28.2274 24.228 18.9755 20.4207 37.7969
threshold=0 2.4500000476837163 21.208333015441898 31.10000038146973 18.500000000000004 11.125000000000002 4.9500000476837167 0.36004273593425756 82.500000000000014 15.708333492279055 20.375000000000004 20.541666984558109 35.500000000000007 0.55036231875419628
decision_type=1 2 2 2 2 2 2 2 2 2 2 2 2 2
left_child=1 -1 3 9 -2 -6 -5 -8 -9 -3 -10 12 13 -7
right_child=4 2 -4 6 5 11 7 8 10 -11 -12 -13 -14 -15
leaf_value=-0.016972936803108931 -0.016279548843362572 -0.0042515376097710476 -0.023816423461068253 0.0090417218013452635 -0.01848552601643404 0.067647392086551461 0.04251004073301267 0.00031656861054254738 0.030607704535653441 0.014209859445391047 0.0013542945776233298 -0.027334229218403765 -0.00056553618358312976 0.011446257980682915
leaf_weight=504.90627044439316 2184.1478705406189 498.44225412607193 190.67702296376228 535.00748512148857 259.95637476444244 55.41729211807251 323.62836140394211 240.30537137389183 695.4310716688633 742.00696939229965 119.42440164089203 48.762854218482971 240.16763907670975 193.49499940872192
leaf_count=1732 7611 1475 713 1380 919 108 630 649 1626 1888 291 166 676 520
internal_value=-6.37577e-05 0.00917965 0.0131548 0.0153897 -0.011988 -0.000389221 0.0209626 0.0255883 0.0203982 0.00679163 0.0263204 0.00835729 0.0119159 0.0239588
internal_weight=6831.78 3849.83 3344.92 3154.25 2981.95 797.799 1913.8 1378.79 1055.16 1240.45 814.855 537.843 489.08 248.912
internal_count=20384 10384 8652 7939 10000 2389 4576 3196 2566 3363 1917 1470 1304 628
cat_boundaries=0 1
cat_threshold=6311952
is_linear=0
shrinkage=0.06


Tree=10
num_leaves=15
num_cat=1
split_feature=0 8 5 4 8 5 6 5 8 4 8 3 5 8
split_gain=197.987 103.575 75.1308 41.3062 39.6917 33.3572 32.7908 17.9934 18.5199 31.9795 22.4291 17.6394 19.6738 16.9564
threshold=0 2.9500000476837163 21.291666984558109 0.63245612382888805 18.500000000000004 11.125000000000002 74.500000000000014 20.541666984558109 35.500000000000007 0.55036231875419628 65.500000000000014 78.850002288818374 10.791666507720949 1.5500000119209292
decision_type=1 2 2 2 2 2 2 2 2 2 2 2 2 2
left_child=1 13 3 11 -2 -6 -5 8 9 -7 -10 12 -3 -1
right_child=4 2 -4 6 5 7 -8 -9 10 -11 -12 -13 -14 -15
leaf_value=-0.027048189116395491 -0.016057720849309069 0.0048160359549928571 -0.02749813091172592 -0.01006032964697107 -0.018274519920566251 0.061273672518280822 0.012266765187918331 -0.027266034695276789 -0.0070241761031791779 0.010976889275346759 0.051401934513755444 0.038342089430663445 0.022698125216756661 -0.0062510440885856795
leaf_weight=224.97847589850426 2148.8787773251534 273.20672556757927 156.72714102268219 295.82277423143387 255.19507718086243 59.29583540558815 1186.9654003381729 47.448011040687561 213.42990756034851 195.72251462936401 26.601950764656067 199.62661460042 1170.0934483408928 378.69401001930237
leaf_count=785 7611 674 602 935 919 108 3007 166 607 520 69 378 2691 1312
internal_value=-6.77193e-05 0.00881667 0.0130401 0.0150727 -0.0117749 -0.000385319 0.00781241 0.00802989 0.0114128 0.0226717 -0.000549 0.0216253 0.0193132 -0.0140018
internal_weight=6832.69 3886.11 3282.44 3125.71 2946.57 797.693 1482.79 542.498 495.05 255.018 240.032 1642.93 1443.3 603.672
internal_count=20384 10384 8287 7685 10000 2389 3942 1470 1304 628 676 3743 3365 2097
cat_boundaries=0 1
cat_threshold=6311952
is_linear=0
shrinkage=0.06


Tree=11
num_leaves=15
num_cat=2
split_feature=0 8 5 8 3 5 8 4 6 5 5 5 5 0
split_gain=186.913 97.2527 67.8727 38.417 34.4873 31.7218 25.0305 26.9637 29.486 24.7793 21.0267 17.2115 17.0735 16.9216
threshold=0 2.4500000476837163 21.208333015441898 18.500000000000004 31.10000038146973 11.125000000000002 4.9500000476837167 0.36004273593425756 82.500000000000014 12.458333492279055 20.375000000000004 19.041666984558109 20.541666984558109 1
decision_type=1 2 2 2 2 2 2 2 2 2 2 2 2 1
left_child=1 -1 4 -2 9 -5 -6 -8 -9 -3 11 -10 13 -7
right_child=3 2 -4 5 6 12 7 8 10 -11 -12 -13 -14 -15
leaf_value=-0.016548099074725438 -0.015835350047692615 -0.0073545629173635396 -0.023547652804782927 -0.018062049882276682 0.0080639551525447523 -0.0068780145814851812 0.037703677988648869 4.2929255413549308e-05 0.021168448369287749 0.011481451656003989 0.00069105364759312069 0.040768489028355864 -0.027196128556083825 0.017492716733061534
leaf_weight=488.71373227238655 2114.6483179628849 347.3176301419735 182.47396963834763 250.57387092709541 548.82484328746796 139.14412289857864 346.67284804582596 242.50916054844856 491.99853250384331 910.68614032864571 122.02253586053848 239.953718572855 46.171770751476288 361.72248068451881
leaf_count=1732 7611 1082 713 919 1380 381 630 649 1160 2281 291 466 166 923
internal_value=-7.09692e-05 0.00847233 0.0120594 -0.0115634 0.0140586 -0.000382329 0.0189704 0.0231181 0.0185065 0.00628109 0.0237498 0.0275939 0.00771596 0.0109343
internal_weight=6833.43 3921.17 3432.46 2912.26 3249.99 797.612 1991.98 1443.16 1096.48 1258 853.975 731.952 547.038 500.867
internal_count=20384 10384 8652 10000 7939 2389 4576 3196 2566 3363 1917 1626 1470 1304
cat_boundaries=0 1 2
cat_threshold=6311952 1024
is_linear=0
shrinkage=0.06


Tree=12
num_leaves=15
num_cat=1
split_feature=0 8 5 8 5 3 5 8 4 6 5 5 8 4
split_gain=176.439 91.1713 64.0473 37.1978 30.2398 29.8909 23.3045 23.1934 23.7031 25.6765 22.2118 16.6486 17.7425 25.8641
threshold=0 2.4500000476837163 21.291666984558109 18.500000000000004 11.375000000000002 31.10000038146973 15.708333492279055 4.9500000476837167 0.36004273593425756 82.500000000000014 20.375000000000004 20.541666984558109 35.500000000000007 0.6569296419620515
decision_type=1 2 2 2 2 2 2 2 2 2 2 2 2 2
left_child=1 -1 5 -2 -5 6 -3 -7 -9 -10 -11 12 13 -6
right_child=3 2 -4 4 11 7 -8 8 9 10 -12 -13 -14 -15
leaf_value=-0.016327063417686381 -0.015612532339759129 -0.0040978729251624274 -0.026286455148404535 -0.017023045200339797 0.049850458003401855 0.0073515967191191056 0.012581824572271933 0.034812808087527174 4.1648597599588906e-05 0.026029567201865424 -0.00092883826472904844 -0.027124475931011131 -0.0010212052560669713 0.0089604928494615883
leaf_weight=480.69298249483109 2081.425871014595 495.4616667330265 153.90476402640343 263.07395899295807 81.360451579093933 559.34959802031517 770.51335361599922 371.47144812345505 242.51957342028618 752.46281364560127 128.87008735537529 44.933000445365906 231.45965215563774 176.49057033658028
leaf_count=1732 7611 1475 620 975 153 1403 1888 674 649 1626 317 166 638 457
internal_value=-7.33881e-05 0.0081435 0.0115524 -0.0113518 -0.000371462 0.0133061 0.00605393 0.0177745 0.0216733 0.0173303 0.0220877 0.00782816 0.0110378 0.0218626
internal_weight=6833.99 3955.25 3474.55 2878.74 797.318 3320.65 1265.98 2054.67 1495.32 1123.85 881.333 534.244 489.311 257.851
internal_count=20384 10384 8652 10000 2389 8032 3363 4669 3266 2592 1943 1414 1248 610
cat_boundaries=0 1
cat_threshold=6311952
is_linear=0
shrinkage=0.06


Tree=13
num_leaves=15
num_cat=1
split_feature=0 8 5 8 5 3 5 8 6 4 5 5 5 8
split_gain=166.605 85.5273 60.4067 36.0073 27.9762 27.0754 21.8393 20.8145 23.9604 20.7195 19.445 24.6625 17.5276 17.5258
threshold=0 2.4500000476837163 21.291666984558109 19.500000000000004 11.125000000000002 31.10000038146973 12.458333492279055 6.3666667938232431 24.500000000000004 0.36004273593425756 20.375000000000004 18.291666984558109 20.208333015441898 35.500000000000007
decision_type=1 2 2 2 2 2 2 2 2 2 2 2 2 2
left_child=1 -1 5 -2 -5 6 -3 -7 -9 -10 11 -11 13 -6
right_child=3 2 -4 4 12 7 -8 8 9 10 -12 -13 -14 -15
leaf_value=-0.016105363277983384 -0.015310511765102484 -0.0070960874525487772 -0.026193000994750023 -0.017358908821285813 0.022094817908684884 0.0097436163348841257 0.010609384305090584 -0.0086423560189060993 0.039310786486128062 0.014229330477843924 -0.0040619328127584741 0.035776053512120737 -0.026234184149846133 -0.0006425103729823915
leaf_weight=472.9084253013134 2071.1638946533203 343.36268481612206 149.91186431050301 236.40646922588348 247.4468252658844 856.32481974363327 930.3418595790863 85.946224808692932 254.39215368032455 460.92570459842682 107.25450214743614 326.85095143318176 50.548520416021347 240.80178740620613
leaf_count=1732 7676 1082 620 898 575 2031 2281 211 431 1116 266 614 179 672
internal_value=-7.59847e-05 0.00783062 0.011073 -0.0111428 -0.000151293 0.012733 0.00583638 0.0169325 0.0219157 0.0242007 0.0199059 0.0231691 0.00739884 0.0108809
internal_weight=6834.59 3988.22 3515.31 2846.37 775.204 3365.4 1273.7 2091.69 1235.37 1149.42 895.031 787.777 538.797 488.249
internal_count=20384 10384 8652 10000 2324 8032 3363 4669 2638 2427 1996 1730 1426 1247
cat_boundaries=0 1
cat_threshold=6311952
is_linear=0
shrinkage=0.06


Tree=14
num_leaves=15
num_cat=1
split_feature=0 8 5 8 5 4 5 8 8 8 2 6 8 6
split_gain=157.328 80.6879 57.9037 34.8199 27.5399 32.7455 27.4537 25.5911 21.6155 21.2225 17.7273 20.092 21.123 29.4602
threshold=0 1.7500000000000002 21.208333015441898 18.500000000000004 18.791666984558109 0.4901809841394425 11.125000000000002 6.1833331584930429 16.500000000000004 12.449999809265138 0.34377191960811621 334.50000000000006 7.3666667938232431 480.00000000000006
decision_type=1 2 2 2 2 2 2 2 2 2 2 2 2 2
left_child=1 -1 4 -2 5 7 -5 -3 10 -9 -6 -12 -13 -14
right_child=3 2 -4 6 8 -7 -8 9 -10 -11 11 12 13 -15
leaf_value=-0.023362083457409283 -0.015167113629431359 0.010317812251362172 -0.023422059249071113 -0.017430881462402265 0.015533545626560381 0.0033904620486652636 0.0069089895896630353 0.045428550508020499 0.0019023206261838399 0.0024292945478262729 0.026589257677786835 0.014625413796079338 0.11950593074260091 -0.0036304800668712587
leaf_weight=282.60377535223961 2018.0467502474785 408.79585942625999 178.87797904014587 237.78255391120911 559.77824503183365 1698.2676984667778 559.06549265980721 176.03502053022385 221.46900230646133 53.996328949928284 381.48866295814514 20.260900765657425 29.457261234521866 9.1726853251457197
leaf_count=1058 7611 1023 741 919 1270 4497 1470 294 507 94 788 41 49 22
internal_value=-7.82086e-05 0.00753202 0.0098881 -0.010935 0.0115624 0.00774636 -0.000354123 0.0193261 0.018863 0.0353351 0.0226186 0.0316246 0.0642433 0.0902672
internal_weight=6835.1 4020.2 3737.6 2814.89 3558.72 2337.09 796.848 638.827 1221.63 230.031 1000.16 440.38 58.8908 38.6299
internal_count=20384 10384 9326 10000 8585 5908 2389 1411 2677 388 2170 900 112 71
cat_boundaries=0 1
cat_threshold=6311952
is_linear=0
shrinkage=0.06


Tree=15
num_leaves=15
num_cat=1
split_feature=0 8 5 8 8 4 5 5 8 2 6 5 8 5
split_gain=148.558 76.4252 54.7 33.6758 25.493 26.1165 36.8311 25.3084 24.4186 21.452 18.9601 17.2722 26.701 25.0075
threshold=0 1.7500000000000002 21.458333015441898 19.500000000000004 5.4500000476837167 0.36004273593425756 11.375000000000002 11.125000000000002 16.500000000000004 0.42402119934558874 412.50000000000006 11.791666507720949 3.9500000476837163 20.791666984558109
decision_type=1 2 2 2 2 2 2 2 2 2 2 2 2 2
left_child=1 -1 4 11 -3 -6 -7 -5 9 10 -8 -2 -13 -14
right_child=3 2 -4 7 5 6 8 -9 -10 -11 -12 12 13 -15
leaf_value=-0.023210024052535801 -0.025407517135603564 0.0031422582343937095 -0.029795117914060747 -0.016918641376859878 0.028881135942314451 -0.0049997475100273811 0.015382054448798494 0.0068661884635499802 -0.0020964690631342237 0.029353695859319299 -0.021720931483511834 -0.024227114843914047 -0.0026759600219841834 -0.02574927950527385
leaf_weight=276.07809388637543 437.5967963039875 1091.5259147882462 123.4092470407486 228.32334220409393 368.12165826559067 394.18648129701614 1059.0304179191589 546.62535384297371 251.27579313516617 435.68075585365295 52.017623573541641 452.5859694480896 911.5327473282814 207.62075328826904
leaf_count=1058 1674 2913 534 898 636 1166 2420 1426 609 935 113 1733 3474 795
internal_value=-8.04368e-05 0.00724597 0.00949237 -0.0107284 0.01082 0.0140933 0.01161 -0.000141542 0.0152515 0.0180698 0.0136449 -0.0148648 -0.0119296 -0.00695643
internal_weight=6835.61 4051.33 3775.25 2784.28 3651.84 2560.31 2192.19 774.949 1798 1546.73 1111.05 2009.34 1571.74 1119.15
internal_count=20384 10384 9326 10000 8792 5879 5243 2324 4077 3468 2533 7676 6002 4269
cat_boundaries=0 1
cat_threshold=6311952
is_linear=0
shrinkage=0.06


Tree=16
num_leaves=15
num_cat=2
split_feature=0 8 5 8 6 5 6 4 5 4 8 0 6 4
split_gain=140.322 72.4319 52.1355 32.8393 49.1066 50.8425 41.231 48.1093 24.3226 28.9017 21.0428 19.7936 19.7582 16.7237
threshold=0 1.7500000000000002 21.208333015441898 7.6333332061767587 82.500000000000014 20.708333015441898 258.50000000000006 0.6569296419620515 18.791666984558109 0.4901809841394425 4.9500000476837167 1 506.50000000000006 0.34248121082782751
decision_type=1 2 2 2 2 2 2 2 2 2 2 1 2 2
left_child=1 -1 8 -2 -5 6 11 13 9 10 -3 -6 -10 -8
right_child=3 2 -4 4 5 -7 7 -9 12 -11 -12 -13 -14 -15
leaf_value=-0.023055397608205842 -0.019309436853119307 0.0066021416498020296 -0.023165791113692574 -0.019964302300633108 0.0078786248501579812 -0.02697346193936687 0.13094443433899147 0.0077573197275634742 0.018789804638326853 0.0029772198833956797 0.028044999101103384 -0.011449607324798394 -0.022760187800355432 0.056768105512732744
leaf_weight=269.74410808086395 989.92141398787498 317.00188806653023 171.96316161751747 579.80941976606846 521.88108041882515 191.3768604695797 13.437887251377104 111.8436045050621 1217.2912197113037 1719.6820188164711 343.04909774661064 287.50881172716618 42.644344866275787 58.916475117206573
leaf_count=1058 3853 840 741 2240 1624 748 36 341 2574 4497 571 977 103 181
internal_value=-8.24384e-05 0.00697392 0.00911735 -0.0105243 -0.00565605 0.00134505 0.00679953 0.0324206 0.0106426 0.00707372 0.0177467 0.000968794 0.0173835 0.0705444
internal_weight=6836.07 4081.38 3811.63 2754.7 1764.77 1184.96 993.588 184.198 3639.67 2379.73 660.051 809.39 1259.94 72.3544
internal_count=20384 10384 9326 10000 6147 3907 3159 558 8585 5908 1411 2601 2677 217
cat_boundaries=0 1 2
cat_threshold=6311952 10752
is_linear=0
shrinkage=0.06


Tree=17
num_leaves=15
num_cat=2
split_feature=0 8 5 8 6 5 6 4 8 6 3 8 0 5
split_gain=132.606 68.6858 49.8497 32.0234 47.3479 48.7765 37.1679 40.3498 22.7305 21.3627 30.517 22.9729 18.7126 14.8029
threshold=0 1.7500000000000002 21.458333015441898 7.6333332061767587 82.500000000000014 20.708333015441898 258.50000000000006 0.6569296419620515 5.4500000476837167 86.500000000000014 51.45000076293946 16.500000000000004 1 20.375000000000004
decision_type=1 2 2 2 2 2 2 2 2 2 2 2 1 2
left_child=1 -1 8 -2 -5 6 12 -8 -3 10 -10 13 -6 -11
right_child=3 2 -4 4 5 -7 7 -9 9 11 -12 -13 -14 -15
leaf_value=-0.022898205240534698 -0.019104997642170267 0.0027508258030719472 -0.029795117698633203 -0.019766064433743263 0.0075884904759658733 -0.026896316075026405 0.063670392231585646 0.0074671410849054074 -0.004185297450909127 0.021352949534698896 0.023322195452443573 0.00057774659929458376 -0.011245530118444633 0.0052642712374680349
leaf_weight=263.59619015455246 970.98993204534054 1104.6537778973579 117.04343497753143 568.34871587157249 526.00900819897652 186.28376236557961 77.675711244344711 112.71458324790001 488.4844882786274 1402.2817157506943 206.59930390119553 286.43988960981369 284.23572468757629 241.30483150482178
leaf_count=1058 3853 2913 534 2240 1624 748 217 341 1436 2877 328 671 977 567
internal_value=-8.50013e-05 0.00671489 0.00876153 -0.010324 -0.00552531 0.00129378 0.00654181 0.030397 0.00997147 0.0130099 0.00399074 0.0162581 0.000936338 0.0189909
internal_weight=6836.66 4110.4 3846.81 2726.26 1755.27 1186.92 1000.64 190.39 3729.76 2625.11 695.084 1930.03 810.245 1643.59
internal_count=20384 10384 9326 10000 6147 3907 3159 558 8792 5879 1764 4115 2601 3444
cat_boundaries=0 1 2
cat_threshold=6311952 10752
is_linear=0
shrinkage=0.06


Tree=18
num_leaves=15
num_cat=1
split_feature=0 8 5 8 5 8 4 5 8 2 5 8 5 6
split_gain=125.313 65.1621 47.4821 31.2383 21.9441 20.8309 20.0607 30.5058 20.5263 18.0198 17.1783 25.9272 23.7801 41.7025
threshold=0 1.7500000000000002 21.458333015441898 19.500000000000004 11.125000000000002 5.4500000476837167 0.36004273593425756 11.375000000000002 16.500000000000004 0.42402119934558874 11.791666507720949 3.9500000476837163 21.208333015441898 259.50000000000006
decision_type=1 2 2 2 2 2 2 2 2 2 2 2 2 2
left_child=1 -1 5 10 -5 -3 -7 -8 9 -9 -2 -12 13 -13
right_child=3 2 -4 4 -6 6 7 8 -10 -11 11 12 -14 -15
leaf_value=-0.022738457038185462 -0.025123115076063369 0.0026614205847687836 -0.029795119843757718 -0.016173935759117429 0.0063782912002151287 0.024937785382718989 -0.0049200659382816914 0.011954859541406095 -0.002389540175136028 0.025972758917327584 -0.023867170858328495 -0.0087157617579499084 -0.027579859541895069 0.024141862560192143
leaf_weight=257.62888836860657 410.95861467719078 1107.69666492939 113.60755036771297 215.84027475118637 553.99810168147087 394.64377957582474 392.92378625273705 1156.0245716273785 253.96289616823196 462.09397211670876 425.10496871173382 759.98521621525288 162.50927463173866 170.19862660765648
leaf_count=1058 1674 2913 534 898 1426 636 1166 2533 609 935 1733 2961 671 637
internal_value=-8.72442e-05 0.0064669 0.0084223 -0.0101252 5.53031e-05 0.00957478 0.0124541 0.010279 0.013469 0.015958 -0.0142411 -0.0112946 -0.00640337 -0.0027037
internal_weight=6837.18 4138.58 3880.95 2698.6 769.838 3767.35 2659.65 2265.01 1872.08 1618.12 1928.76 1517.8 1092.69 930.184
internal_count=20384 10384 9326 10000 2324 8792 5879 5243 4077 3468 7676 6002 4269 3598
cat_boundaries=0 1
cat_threshold=6311952
is_linear=0
shrinkage=0.06


Tree=19
num_leaves=15
num_cat=3
split_feature=0 8 5 8 6 5 6 4 8 3 0 1 6 8
split_gain=118.41 61.8457 45.2606 30.7558 44.3978 46.0239 31.763 33.5688 19.1101 18.506 17.633 16.5482 17.529 15.1311
threshold=0 1.7500000000000002 21.458333015441898 7.6333332061767587 82.500000000000014 20.708333015441898 258.50000000000006 0.6569296419620515 5.4500000476837167 31.10000038146973 1 2 407.50000000000006 94.500000000000014
decision_type=1 2 2 2 2 2 2 2 2 2 1 1 2 2
left_child=1 -1 8 -2 13 6 10 -8 -3 -10 -6 12 -11 -5
right_child=3 2 -4 4 5 -7 7 -9 9 11 -12 -13 -14 -15
leaf_value=-0.022576160326955828 -0.018721045937948114 0.0025751551545879527 -0.029795117729015844 -0.020283728745835221 0.0073693234894472359 -0.026774315278751334 0.056536404373392954 0.0066730364442938997 0.0060950183125395062 0.011032841253054185 -0.010979247726010567 0.021338423294270135 -0.029795118497011351 0.090184287184423145
leaf_weight=251.83691368997097 937.32448022067547 1110.6486411392689 110.27253589034081 542.50751622021198 529.16996282339096 178.76044656336308 84.094428032636642 115.16897425055504 1133.626227080822 602.52827762067318 280.07167173922062 916.59240265190601 40.394913017749786 4.5007725059986106
leaf_count=1058 3853 2913 534 2223 1624 748 217 341 2804 1212 977 1776 87 17
internal_value=-8.86387e-05 0.00622968 0.00809901 -0.00992713 -0.00523152 0.0012847 0.00625825 0.0277167 0.00919757 0.0119286 0.00097443 0.0161692 0.00833793 -0.0193748
internal_weight=6837.5 4165.9 3914.06 2671.6 1734.27 1187.27 1008.51 199.263 3803.79 2693.14 809.242 1559.52 642.923 547.008
internal_count=20384 10384 9326 10000 6147 3907 3159 558 8792 5879 2601 3075 1299 2240
cat_boundaries=0 1 2 3
cat_threshold=6311952 10752 1
is_linear=0
shrinkage=0.06


Tree=20
num_leaves=15
num_cat=1
split_feature=0 8 5 8 6 5 6 4 5 4 6 7 8 6
split_gain=111.943 58.7319 43.1796 29.9456 42.791 45.0587 27.9023 28.7746 17.6544 24.6781 18.6466 18.1217 20.315 47.3999
threshold=0 1.7500000000000002 21.458333015441898 7.6333332061767587 86.500000000000014 20.708333015441898 258.50000000000006 0.6569296419620515 18.791666984558109 0.4901809841394425 506.50000000000006 1.0000000180025095e-35 6.9500000476837167 306.50000000000006
decision_type=1 2 2 2 2 2 2 2 2 2 2 2 2 2
left_child=1 -1 8 -2 -5 6 -6 -8 9 -3 11 12 -10 -14
right_child=3 2 -4 4 5 -7 7 -9 10 -11 -12 -13 13 -15
leaf_value=-0.022411330663765043 -0.018511773786525326 0.015388338787424035 -0.029795118328907185 -0.018697951393248279 0.0012631723754810641 -0.026692343438621941 0.051790939407413923 0.006430493842981882 0.0091975178529480426 0.0020425972518741181 -0.023271352435873662 0.011267438263938093 0.020486085348619166 0.081177979104158762
leaf_weight=246.21509662270546 919.94004990160465 694.50197505950928 107.03541734814644 562.3057077229023 784.3316386193037 174.03775928914547 88.985791981220245 115.940071195364 142.02681696414948 1770.1646910011768 45.985708802938461 962.04433292150497 158.70741793513298 65.421261310577393
leaf_count=1058 3853 1411 534 2330 2511 748 217 341 318 4497 118 2014 307 127
internal_value=-8.9271e-05 0.00600504 0.00779338 -0.00973218 -0.00510807 0.00146092 0.00641386 0.0261275 0.00884143 0.0058032 0.0142906 0.0155911 0.0269513 0.0382015
internal_weight=6837.64 4192.1 3945.89 2645.54 1725.6 1163.3 989.258 204.926 3838.85 2464.67 1374.19 1328.2 366.155 224.129
internal_count=20384 10384 9326 10000 6147 3817 3069 558 8792 5908 2884 2766 752 434
cat_boundaries=0 1
cat_threshold=6311952
is_linear=0
shrinkage=0.06


Tree=21
num_leaves=15
num_cat=3
split_feature=0 8 5 8 6 5 6 3 4 8 0 5 1 5
split_gain=105.783 56.028 43.4454 29.508 37.4739 38.631 45.8363 24.2864 24.2107 17.7897 18.9247 15.9247 15.7861 16.4193
threshold=0 2.9500000476837163 20.958333015441898 3.9500000476837163 82.500000000000014 20.791666984558109 258.50000000000006 31.10000038146973 0.36515152454376226 8.4499998092651385 1 15.708333492279055 2 19.041666984558109
decision_type=1 2 2 2 2 2 2 2 2 2 1 2 1 2
left_child=1 -1 7 -2 -5 6 9 11 -8 -6 -11 -3 -9 -14
right_child=3 2 -4 4 5 -7 8 12 -10 10 -12 -13 13 -15
leaf_value=-0.012206981742079305 -0.023775722552570124 -0.0046049545376665498 -0.016640191571497969 -0.019583811235510847 -0.014769413158766162 -0.025597943493914099 0.066332763195414868 0.0074222982531019178 0.01634522633687489 0.0084397497927537132 -0.011232279216391692 0.0089516799937917613 0.014108235346068441 0.029054156826885426
leaf_weight=542.06993348896503 438.58213958144188 505.43538129329681 232.61246816813946 593.45972467958927 351.3977987319231 214.42997480928898 41.195124119520187 839.547183573246 227.56657019257545 492.10585118830204 261.39983476698399 814.82861971855164 910.31770154833794 373.05472493171692
leaf_count=2097 1901 1469 876 2530 1449 943 97 1676 698 1468 914 1791 1856 619
internal_value=-9.08321e-05 0.00578689 0.00845619 -0.0095384 -0.00671983 -0.00191266 0.00178463 0.0101516 0.0240072 -0.00362089 0.00157823 0.00376181 0.0141255 0.0183101
internal_weight=6838 4217.87 3675.8 2620.14 2181.55 1588.1 1373.67 3443.18 268.762 1104.9 753.506 1320.26 2122.92 1283.37
internal_count=20384 10384 8287 10000 8099 5569 4626 7411 795 3831 2382 3260 4151 2475
cat_boundaries=0 1 2 3
cat_threshold=6311952 10752 1
is_linear=0
shrinkage=0.06


Tree=22
num_leaves=15
num_cat=2
split_feature=0 8 5 8 5 5 6 4 8 6 2 8 8 0
split_gain=99.9994 53.9239 40.1035 28.9207 36.3465 34.9451 39.0355 21.7469 16.8141 16.7575 23.3791 18.5373 15.7154 17.0017
threshold=0 1.6833333373069765 21.458333015441898 3.9500000476837163 11.125000000000002 21.208333015441898 258.50000000000006 0.36515152454376226 5.4500000476837167 86.500000000000014 0.2444388493895531 16.500000000000004 12.449999809265138 1
decision_type=1 2 2 2 2 2 2 2 2 2 2 2 2 1
left_child=1 -1 8 -2 -5 6 12 -8 -3 10 -10 -11 -6 -14
right_child=3 2 -4 4 5 -7 7 -9 9 11 -12 -13 13 -15
leaf_value=-0.022494521650150905 -0.023630890669723181 0.0020362119589076456 -0.029795118835832118 -0.021489347876126635 -0.010725602639400875 -0.02776107061203081 0.058277481485471259 0.013021017436591341 0.018420694934979932 0.015809267706284272 -0.0046692321177605987 -0.00041727043672890057 -0.015796751583472931 0.0083151969414586684
leaf_weight=232.58372424542904 428.27753704786301 1133.2231468707323 102.66449923813343 462.32918602228165 651.30128230154514 176.98705454170704 44.962905436754227 255.04403331875801 233.82370316982269 1758.2519401609898 485.95300331711769 296.14150331914425 127.0124873816967 449.66429430246353
leaf_count=1035 1901 2934 536 2059 2665 803 101 801 378 3444 1386 671 383 1287
internal_value=-9.17757e-05 0.00557959 0.0072218 -0.00934747 -0.00656807 -0.00252194 0.000401513 0.0198037 0.0081944 0.01071 0.00283167 0.0134702 -0.00433864 0.00287483
internal_weight=6838.22 4242.64 4010.06 2595.58 2167.3 1704.97 1527.99 300.007 3907.39 2774.17 719.777 2054.39 1227.98 576.677
internal_count=20384 10384 9349 10000 8099 6040 5237 902 8813 5879 1764 4115 4335 1670
cat_boundaries=0 1 2
cat_threshold=6311952 1024
is_linear=0
shrinkage=0.06


Tree=23
num_leaves=15
num_cat=2
split_feature=0 8 5 8 6 5 6 4 8 0 8 3 6 8
split_gain=94.53 51.2769 38.3274 28.3306 35.376 36.3404 39.0339 17.3833 16.6809 17.1295 15.5421 17.5445 25.8755 16.4863
threshold=0 1.6833333373069765 21.458333015441898 3.9500000476837163 82.500000000000014 20.791666984558109 258.50000000000006 0.55036231875419628 8.4499998092651385 1 4.8500001430511483 51.850000381469734 74.500000000000014 16.500000000000004
decision_type=1 2 2 2 2 2 2 2 2 1 2 2 2 2
left_child=1 -1 10 -2 -5 6 8 -8 -6 -10 -3 12 -12 -14
right_child=3 2 -4 4 5 -7 7 -9 9 -11 11 -13 13 -15
leaf_value=-0.022328436753561793 -0.023483489896249196 0.0011699079989582616 -0.029795117963566067 -0.019203638219867303 -0.014381298311302514 -0.025394144756520968 0.046222148631214099 0.012594656174270264 0.0080050800214114919 -0.010811551161091589 -0.0053385642492019374 0.019902388264827733 0.012818049534053058 -0.0032947536608932478
leaf_weight=227.41027615964413 418.27560122311115 944.03278775513172 99.650719910860062 572.15800787508488 342.54975466430187 204.50018021464348 75.772258728742599 205.23817762732506 497.87964506447315 255.38485331833363 438.90075790882111 530.00647114217281 1764.1025960147381 262.63789834082127
leaf_count=1035 1901 2512 536 2530 1449 943 187 608 1468 914 1303 830 3556 612
internal_value=-9.29904e-05 0.00538025 0.00695354 -0.00915881 -0.00641903 -0.00179328 0.00171216 0.021662 -0.00340378 0.00158828 0.00788306 0.00999861 0.00786973 0.0107301
internal_weight=6838.5 4266.74 4039.33 2571.76 2153.48 1581.32 1376.82 281.01 1095.81 753.264 3939.68 2995.65 2465.64 2026.74
internal_count=20384 10384 9349 10000 8099 5569 4626 795 3831 2382 8813 6301 5471 4168
cat_boundaries=0 1 2
cat_threshold=6311952 10752
is_linear=0
shrinkage=0.06


Tree=24
num_leaves=15
num_cat=2
split_feature=0 8 5 8 5 5 6 4 4 6 8 0 5 8
split_gain=89.3564 48.7744 36.6513 27.7405 34.4307 33.0434 33.5273 16.5583 14.6829 16.9404 14.4851 15.644 14.9005 13.6196
threshold=0 1.6833333373069765 21.458333015441898 3.9500000476837163 11.125000000000002 21.208333015441898 258.50000000000006 0.36515152454376226 0.63245612382888805 74.500000000000014 12.449999809265138 1 16.125000000000004 5.6833331584930429
decision_type=1 2 2 2 2 2 2 2 2 2 2 1 2 2
left_child=1 -1 8 -2 -5 6 10 -8 -3 -10 12 -12 -6 -11
right_child=3 2 -4 4 5 -7 7 -9 9 13 11 -13 -14 -15
leaf_value=-0.022159842630663982 -0.023333516852377504 0.010771836286973731 -0.02979511716447926 -0.021146432847342776 -0.015899066927667547 -0.027650025702872665 0.049653590621021343 0.011922117942817381 -0.0097709524090585052 -0.0053544013008658513 -0.015437108620117289 0.0078909514408433325 0.0047689684059425991 0.0091018912207343431
leaf_weight=222.38882604241371 408.56746822595596 2253.0160600244999 96.725413724780083 443.99815897643566 466.31950522959232 167.82493470609188 49.843478590250015 261.7623089402914 291.54771816730499 296.0633319914341 123.58057351410389 454.83890265226364 171.85467511415482 1130.3696773350239
leaf_count=1035 1901 4675 536 2059 1932 803 101 801 951 765 383 1287 733 2422
internal_value=-9.38636e-05 0.00518908 0.00669705 -0.00897195 -0.006272 -0.00237806 0.000397276 0.0179575 0.00758592 0.00340782 -0.00410043 0.0027764 -0.0103333 0.00610142
internal_weight=6838.7 4290.11 4067.72 2548.59 2140.02 1696.02 1528.2 311.606 3971 1717.98 1216.59 578.419 638.174 1426.43
internal_count=20384 10384 9349 10000 8099 6040 5237 902 8813 4138 4335 1670 2665 3187
cat_boundaries=0 1 2
cat_threshold=6311952 1024
is_linear=0
shrinkage=0.06


Tree=25
num_leaves=15
num_cat=1
split_feature=0 8 5 8 5 5 6 4 5 5 4 8 5 8
split_gain=84.4789 46.4086 35.0689 27.1477 33.3945 32.0542 31.0999 14.3566 14.1757 18.1806 16.1356 13.8821 18.6814 13.789
threshold=0 1.6833333373069765 21.458333015441898 3.9500000476837163 11.125000000000002 21.208333015441898 258.50000000000006 0.36515152454376226 19.041666984558109 20.375000000000004 0.4901809841394425 5.6833331584930429 12.041666507720949 12.449999809265138
decision_type=1 2 2 2 2 2 2 2 2 2 2 2 2 2
left_child=1 -1 8 -2 -5 6 13 -8 10 -10 -3 -12 -13 -6
right_child=3 2 -4 4 5 -7 7 -9 9 -11 11 12 -14 -15
leaf_value=-0.021988758229522318 -0.023180973365412885 0.012244209527499089 -0.029795118051054479 -0.020961596754498366 -0.01013202837621245 -0.027589885586850237 0.045805014810077219 0.011427712972827237 0.017543750174635633 0.0025504478236899886 -0.0067981324043779358 -0.0047650990809006933 0.0096768978938017673 0.0026803773508124649
leaf_weight=217.51492793858051 399.14450079202652 759.28901852667332 93.885979294776917 434.70775584876537 631.64030289649963 163.24813564121723 52.380860209465027 264.90175053477287 857.81518280506134 440.74047309160233 490.49906322360039 483.02000823616982 969.95298790931702 580.12971602380276
leaf_count=1035 1901 1465 536 2059 2665 803 101 801 1603 1019 1335 1403 1988 1670
internal_value=-9.46004e-05 0.00500613 0.00645217 -0.00878773 -0.00612808 -0.00231773 0.000380429 0.0171031 0.00730267 0.0124549 0.00482725 0.00192955 0.00487586 -0.00399814
internal_weight=6838.87 4312.72 4095.2 2526.15 2127.01 1692.3 1529.05 317.283 4001.32 1298.56 2702.76 1943.47 1452.97 1211.77
internal_count=20384 10384 9349 10000 8099 6040 5237 902 8813 2622 6191 4726 3391 4335
cat_boundaries=0 1
cat_threshold=6311952
is_linear=0
shrinkage=0.06


Tree=26
num_leaves=15
num_cat=2
split_feature=0 8 5 8 6 5 6 8 8 0 4 2 8 3
split_gain=79.8467 44.167 33.5715 26.5592 32.4445 33.8679 31.7849 15.5017 14.8012 14.4108 13.8137 14.0532 13.6707 15.3186
threshold=0 1.6833333373069765 21.458333015441898 3.9500000476837163 86.500000000000014 20.708333015441898 258.50000000000006 8.4499998092651385 94.500000000000014 1 0.64932429790496837 0.47115901112556463 4.8500001430511483 78.850002288818374
decision_type=1 2 2 2 2 2 2 2 2 1 2 2 2 2
left_child=1 -1 12 -2 8 6 7 -6 -5 -9 -8 -12 -3 -14
right_child=3 2 -4 4 5 -7 10 9 -10 -11 11 -13 13 -15
leaf_value=-0.021815205059432966 -0.023025859267985772 0.00076690444401692902 -0.029795118179627531 -0.019080427972883236 -0.013692446007454114 -0.024426963240047252 0.033449907489239858 0.0079189994073877393 0.090136938002701408 -0.009740543312789696 -0.0070216161635736863 0.030534401339699101 0.0078569065857737441 0.024946423039930592
leaf_weight=212.78424303233624 389.99837075173855 956.48119573295116 91.129901364445686 565.57862648367882 327.89588890969753 201.18645463883877 136.61153456568718 484.72061263024807 4.5025493502616873 241.21206729114056 94.847073137760162 57.683204561471939 2872.1961192339659 202.11341622471809
leaf_count=1035 1901 2512 536 2614 1433 983 315 1407 17 883 282 165 6044 257
internal_value=-9.49071e-05 0.00483001 0.00621722 -0.00860461 -0.00598512 -0.00146898 0.00197029 -0.00286474 -0.0182178 0.00202601 0.0195924 0.00718115 0.0070314 0.00898042
internal_weight=6838.94 4334.7 4121.92 2504.24 2114.24 1544.16 1342.97 1053.83 570.081 725.933 289.142 152.53 4030.79 3074.31
internal_count=20384 10384 9349 10000 8099 5468 4485 3723 2631 2290 762 447 8813 6301
cat_boundaries=0 1 2
cat_threshold=6311952 10752
is_linear=0
shrinkage=0.06


Tree=27
num_leaves=15
num_cat=1
split_feature=0 8 5 8 5 5 6 5 6 4 8 8 4 8
split_gain=75.489 42.1987 33.4866 25.9675 31.5873 30.3257 26.8582 15.9599 15.4927 14.4052 16.7514 15.1076 12.9994 14.5144
threshold=0 1.5500000119209292 21.208333015441898 3.9500000476837163 11.125000000000002 21.208333015441898 258.50000000000006 19.041666984558109 506.50000000000006 0.58578431606292736 5.6833331584930429 2.9500000476837163 0.31079545617103582 7.9500000476837167
decision_type=1 2 2 2 2 2 2 2 2 2 2 2 2 2
left_child=1 -1 7 -2 -5 6 12 9 -9 11 -11 -3 -6 -14
right_child=3 2 -4 4 5 -7 -8 8 -10 10 -12 -13 13 -15
leaf_value=-0.025860719761004704 -0.022868181630863699 -0.0072071565782695617 -0.022135902899101174 -0.020608676772980332 0.094485620515754723 -0.027472142120993696 0.015606407851137965 0.013551364985831709 -0.022891081114984904 -0.016315102176983298 0.0025290442356083825 0.010031108473510285 -0.016031229644854941 -0.0004866217707138434
leaf_weight=157.07614184916019 381.12091989815235 209.84628237783909 148.84032471477985 418.00736755132675 4.8277794420719138 154.97355452179909 327.74228796362877 1253.250461935997 43.452836096286774 209.19856671988964 902.29716247320175 1431.9709609746933 283.35016314685345 913.0458184927702
leaf_count=785 1901 744 772 2059 21 803 902 2445 103 598 2205 2732 1273 3041
internal_value=-9.51647e-05 0.00466165 0.00581458 -0.00842468 -0.00584589 -0.0021813 0.000382138 0.00684177 0.0123302 0.00425695 -0.00101768 0.00782783 -0.00377166 -0.00416815
internal_weight=6839 4355.93 4198.86 2483.07 2101.95 1683.94 1528.97 4050.02 1296.7 2753.31 1111.5 1641.82 1201.22 1196.4
internal_count=20384 10384 9599 10000 8099 6040 5237 8827 2548 6279 2803 3476 4335 4314
cat_boundaries=0 1
cat_threshold=6311952
is_linear=0
shrinkage=0.06


Tree=28
num_leaves=15
num_cat=1
split_feature=0 8 5 6 5 8 5 8 4 8 5 4 2 5
split_gain=71.3915 36.7635 28.2429 30.873 22.5946 20.6588 19.7778 19.1401 16.6468 16.0811 15.6674 15.5753 15.558 15.0557
threshold=0 3.4500000476837163 21.208333015441898 242.50000000000003 21.291666984558109 3.9500000476837163 19.041666984558109 48.500000000000007 0.4901809841394425 16.500000000000004 10.541666507720949 0.64932429790496837 0.41927337646484381 19.958333015441898
decision_type=1 2 2 2 2 2 2 2 2 2 2 2 2 2
left_child=1 -1 3 7 6 -5 8 10 -3 13 -2 -7 -13 -8
right_child=2 4 -4 5 -6 11 9 -9 -10 -11 -12 12 -14 -15
leaf_value=-0.0084514386544671822 -0.021792311980671129 0.014514995262259224 -0.027212259920560079 -0.016530258702445424 -0.026301171088772862 0.017289193700522534 0.026743251436474241 0.03175328387794614 0.0026311720563063634 -0.0054507090479592873 -0.0079071813085525421 -0.013890918689480676 0.010284042545850783 0.010261065358538482
leaf_weight=595.6798554956913 367.37112754583359 560.59436583518982 232.30077394843102 149.26657235622406 68.690250277519226 342.78933337330818 420.77619254589081 38.993700936436653 1745.9906658232212 110.90841889381409 1436.407647177577 169.76647566258907 220.06448678672314 379.41707417368889
leaf_count=2140 1817 861 1224 715 401 732 659 134 4085 247 5571 472 592 734
internal_value=-9.52357e-05 0.00524958 -0.00710592 -0.00541776 0.00774896 0.00381463 0.00847585 -0.00983606 0.00551943 0.0159605 -0.0107351 0.00795977 -0.000243849 0.0189281
internal_weight=6839.02 3882.06 2956.96 2724.66 3286.38 881.887 3217.69 1842.77 2306.59 911.102 1803.78 732.62 389.831 800.193
internal_count=20384 9127 11257 10033 6987 2511 6586 7522 4946 1640 7388 1796 1064 1393
cat_boundaries=0 1
cat_threshold=6307856
is_linear=0
shrinkage=0.06


Tree=29
num_leaves=15
num_cat=2
split_feature=0 8 5 8 5 5 5 8 0 8 4 6 6 8
split_gain=67.4645 39.4469 31.2402 25.3076 30.0473 28.8429 29.8129 16.6594 16.6556 12.7292 14.4069 13.3809 12.596 21.4783
threshold=0 1.5500000119209292 21.458333015441898 3.9500000476837163 11.125000000000002 20.708333015441898 18.041666984558109 12.449999809265138 1 4.8500001430511483 0.80131578445434581 506.50000000000006 86.500000000000014 11.633333683013918
decision_type=1 2 2 2 2 2 2 2 1 2 2 2 2 2
left_child=1 -1 9 -2 -5 6 7 -6 -9 -3 11 12 13 -11
right_child=3 2 -4 4 5 -7 -8 8 -10 10 -12 -13 -14 -15
leaf_value=-0.025718772714205192 -0.022613787483929351 0.00030831738499739807 -0.029795119344883516 -0.02025291064094727 -0.010934640600348449 -0.024076339267613715 0.016817129734437306 -0.015607639297368865 0.0086356637345889418 0.011049112782667958 -0.0069790657474893105 -0.025298597639905322 0.011967132432013817 -0.0097878756438914104
leaf_weight=151.60635425150394 367.61989216506481 1006.9282689541578 88.751033738255501 402.42258983850479 575.80726189911366 188.85149665176868 326.9526948928833 120.95711107552052 459.88247862458229 457.00455987453461 213.79684326052666 40.030949532985687 2146.5797176063061 291.7943220436573
leaf_count=785 1901 2740 558 2059 2501 983 899 379 1278 975 513 102 3976 735
internal_value=-9.50995e-05 0.0043445 0.00542845 -0.00807113 -0.0055334 -0.00199161 0.000819612 -0.00370245 0.00346708 0.00618062 0.00805823 0.00915345 0.00962978 0.00292929
internal_weight=6838.99 4396.49 4244.89 2442.49 2074.87 1672.45 1483.6 1156.65 580.84 4156.13 3149.21 2935.41 2895.38 748.799
internal_count=20384 10384 9599 10000 8099 6040 5057 4158 1657 9041 6301 5788 5686 1710
cat_boundaries=0 1 2
cat_threshold=6311952 1024
is_linear=0
shrinkage=0.06


Tree=30
num_leaves=15
num_cat=1
split_feature=0 8 5 6 5 8 8 5 5 4 2 8 8 4
split_gain=63.9965 33.1208 27.2592 27.8913 20.9925 18.2755 17.777 17.5481 15.0935 14.0657 14.5015 13.3358 13.2216 20.1784
threshold=0 2.4500000476837163 21.208333015441898 242.50000000000003 21.458333015441898 3.9500000476837163 48.500000000000007 19.041666984558109 10.541666507720949 0.64932429790496837 0.41927337646484381 16.500000000000004 8.4499998092651385 0.30461293458938604
decision_type=1 2 2 2 2 2 2 2 2 2 2 2 2 2
left_child=1 -1 3 6 7 -5 8 -3 -2 -7 -11 -9 13 -10
right_child=2 4 -4 5 -6 9 -8 11 12 10 -12 -13 -14 -15
leaf_value=-0.013620815130033196 -0.02145578310753499 0.0044464727622770843 -0.027082381625207576 -0.016043716193485224 -0.029795118292229694 0.016011183396435411 0.030050494977042087 0.016159885484214081 0.015633911393258954 -0.013789240831065648 0.009492097565907142 -0.0057519978348896513 -0.002596469352992189 -0.018360369102096787
leaf_weight=318.65360450744629 352.54605729877949 2520.794086098671 221.17877127230167 143.98533001542091 56.283653900027275 352.35326516628265 40.103190660476685 912.37072564661503 71.320035248994827 168.68803448975086 224.50051073729992 112.2982369363308 814.01102128624916 529.9635139554739
leaf_count=1415 1817 5444 1224 715 370 732 134 1646 241 472 592 252 2840 2490
internal_value=-9.53795e-05 0.0049077 -0.00680912 -0.00517205 0.00656058 0.00352596 -0.00945157 0.00713772 -0.0103477 0.00730542 -0.000496198 0.0137585 -0.00758066 -0.0143282
internal_weight=6839.05 3920.4 2918.65 2697.47 3601.75 889.527 1807.94 3545.46 1767.84 745.542 393.189 1024.67 1415.29 601.284
internal_count=20384 9127 11257 10033 7712 2511 7522 7342 7388 1796 1064 1898 5571 2731
cat_boundaries=0 1
cat_threshold=6307856
is_linear=0
shrinkage=0.06


Tree=31
num_leaves=15
num_cat=1
split_feature=0 8 5 5 8 5 8 5 5 2 8 8 5 3
split_gain=60.3805 31.5319 26.6983 26.7096 25.1938 19.8224 19.255 16.9027 14.9088 19.7449 14.839 13.9664 13.1151 11.938
threshold=0 5.4500000476837167 21.208333015441898 10.541666507720949 3.9500000476837163 16.020039558410648 48.500000000000007 21.291666984558109 12.291666507720949 0.20188729465007785 1.3666666746139529 16.500000000000004 9.2083334922790545 63.750000000000007
decision_type=1 2 2 2 2 2 2 2 2 2 2 2 2 2
left_child=1 10 3 -2 -5 6 -6 8 9 -3 -1 -10 -11 -7
right_child=2 7 -4 4 5 13 -8 -9 11 12 -12 -13 -14 -15
leaf_value=-0.027058298475233448 -0.020273855467947209 0.019542069700377335 -0.027007909452222131 -0.016589716916535782 -0.0072282223852634733 0.0025318416386991001 0.046914186468710962 -0.026200688117687568 0.013602444354538853 0.055343295209113332 -0.0014359775874771251 -0.0040927925501872374 -0.0042287323057141925 0.018322204012998767
leaf_weight=87.693041026592255 359.19605487585068 181.93173122406006 215.26911552250385 390.74918775260448 954.49548280239105 729.42213274538517 24.24738410115242 50.07748544216156 1691.4313990175724 13.601380735635756 1128.7365976125002 177.41585195064545 609.00277051329613 225.69834426045418
leaf_count=472 1885 259 1224 1951 3594 2109 60 312 2974 43 3092 392 1583 434
internal_value=-9.5023e-05 0.00473646 -0.00665447 -0.00504671 -0.00269383 0.000113924 -0.0058869 0.00833578 0.00898271 0.00215374 -0.0032831 0.0119226 -0.00292732 0.00626316
internal_weight=6838.97 3939.89 2899.08 2683.81 2324.61 1933.86 978.743 2723.46 2673.38 804.536 1216.43 1868.85 622.604 955.12
internal_count=20384 9127 11257 10033 8148 6197 3654 5563 5251 1885 3564 3366 1626 2543
cat_boundaries=0 1
cat_threshold=6307856
is_linear=0
shrinkage=0.06


Tree=32
num_leaves=15
num_cat=1
split_feature=0 8 5 5 8 5 5 8 5 4 4 8 8 8
split_gain=56.958 29.9146 26.1409 25.8676 24.2132 19.4751 17.8438 17.715 15.6998 15.0526 14.9979 15.9795 12.987 15.2066
threshold=0 2.4500000476837163 21.208333015441898 10.541666507720949 2.9500000476837163 21.458333015441898 16.020039558410648 48.500000000000007 19.041666984558109 0.3440061509609223 0.30583900213241583 12.449999809265138 35.500000000000007 19.500000000000004
decision_type=1 2 2 2 2 2 2 2 2 2 2 2 2 2
left_child=1 -1 3 -2 -5 8 7 10 -3 -8 -6 -12 13 -13
right_child=2 5 -4 4 6 -7 9 -9 -10 -11 11 12 -14 -15
leaf_value=-0.01325874038930399 -0.020078852812799558 0.0041000329591463517 -0.026931607069118089 -0.02047508520032789 0.033612997227811567 -0.029795117398747611 0.020146774576837806 0.043398542967011892 0.012827821368900948 0.0015879952594110304 -0.015834344847098596 -0.0052438718604033933 -0.01362136675786762 0.02236146993650422
leaf_weight=311.67647030949593 351.98709362745285 2546.5589367449284 209.53295208513737 244.63433387875557 31.226287081837654 53.591868743300438 193.42478941380978 25.412036761641502 1047.0418096929789 843.12858486175537 520.02849599719048 158.85140480101109 170.64686338603497 131.14354825019836
leaf_count=1415 1885 5444 1224 1275 63 370 300 60 1898 2616 2335 654 510 335
internal_value=-9.46647e-05 0.00457133 -0.00650184 -0.00492322 -0.00262233 0.00610756 -0.00051641 -0.0060799 0.00664299 0.00505113 -0.00732247 -0.00862592 -0.000488183 0.00724001
internal_weight=6838.89 3958.87 2880.02 2670.48 2318.5 3647.19 2073.86 1037.31 3593.6 1036.55 1011.9 980.67 460.642 289.995
internal_count=20384 9127 11257 10033 8148 7712 6873 3957 7342 2916 3897 3834 1499 989
cat_boundaries=0 1
cat_threshold=6307856
is_linear=0
shrinkage=0.06


Tree=33
num_leaves=15
num_cat=1
split_feature=0 8 5 5 8 4 5 5 8 4 5 8 8 8
split_gain=53.7486 28.4682 25.584 25.0388 23.7142 19.8007 18.5583 19.0427 18.0411 14.9072 13.2119 16.3825 17.1837 14.9172
threshold=0 3.4500000476837163 21.208333015441898 10.541666507720949 1.6333333253860476 0.32426470518112188 20.958333015441898 19.041666984558109 4.9500000476837167 0.4901809841394425 16.020039558410648 19.500000000000004 29.500000000000004 48.500000000000007
decision_type=1 2 2 2 2 2 2 2 2 2 2 2 2 2
left_child=1 -1 3 -2 -5 -6 7 9 -7 -3 11 -10 -13 -14
right_child=2 6 -4 4 5 8 -8 -9 10 -11 -12 12 13 -15
leaf_value=-0.0078640874863701252 -0.019881790133555715 0.012937059418499966 -0.026853440313100174 -0.029795118358658921 0.016910955005747252 -0.015739614034311306 -0.015610583960250835 0.014853389887814821 -0.01169270919067983 0.0018762007452340832 0.0052262757706986792 0.030497638728758342 -0.0072579118993407049 0.040289985313920404
leaf_weight=579.72651267051697 344.99007573723793 581.29497236013412 203.96520632505417 109.59020952880383 197.83294415473938 332.96564871072769 131.12873090803623 897.40960451960564 560.14644145965576 1787.6110763549805 784.66322706639767 74.635829329490662 226.29246704280376 26.539163142442703
leaf_count=2140 1885 861 1224 609 416 1624 563 1478 2463 4085 2135 175 666 60
internal_value=-9.42592e-05 0.00441359 -0.00635263 -0.00480317 -0.00255383 -0.00119873 0.00652159 0.0074101 -0.0029854 0.00459037 -0.000445916 -0.00546021 0.00520073 -0.00226692
internal_weight=6838.79 3977.17 2861.62 2657.66 2312.67 2203.08 3397.44 3266.32 2005.24 2368.91 1672.28 887.614 327.467 252.832
internal_count=20384 9127 11257 10033 8148 7539 6987 6424 7123 4946 5499 3364 901 726
cat_boundaries=0 1
cat_threshold=6307856
is_linear=0
shrinkage=0.06


Tree=34
num_leaves=15
num_cat=2
split_feature=5 8 0 5 8 1 7 8 3 6 4 5 8 6
split_gain=52.2998 50.0311 40.9353 28.2569 20.7936 17.7662 21.947 16.9844 14.431 12.8313 11.5118 11.0628 10.8115 12.4236
threshold=21.458333015441898 1.5500000119209292 0 16.020039558410648 19.500000000000004 1 1.0000000180025095e-35 4.9500000476837167 69.549999237060561 43.500000000000007 0.80131578445434581 20.708333015441898 4.8500001430511483 506.50000000000006
decision_type=2 2 1 2 2 1 2 2 2 2 2 2 2 2
left_child=1 -1 10 4 8 6 9 -5 -4 -6 12 -9 -3 -14
right_child=-2 2 3 7 5 -7 -8 11 -10 -11 -12 -13 13 -15
leaf_value=-0.027036811685726945 -0.029795118326035579 0.00049905678598343925 -0.016588216002983734 -0.01180107864615149 -0.014696468561336792 -0.019781351396032903 -0.0033981966377056661 0.011235717549682143 0.10400975186051248 0.038605434714657764 -0.0075232373582322142 -0.014959648145471027 0.008176535487758237 -0.02533520617883615
leaf_weight=224.05052396655083 206.96971036493778 984.14959675073624 840.46960212290287 193.39736914634705 19.869325160980225 115.62217202782631 245.48316696286201 562.99121421575546 3.5873133391141883 89.472961395978928 241.38059903681278 64.709777623414993 3006.1898524612188 40.35954013466835
leaf_count=1273 1353 2667 4080 1014 114 437 951 1581 17 196 586 327 5686 102
internal_value=-9.38711e-05 0.000833075 0.00180757 -0.00496389 -0.0104418 -0.000333816 0.00638095 0.00374532 -0.0160757 0.0289196 0.00519208 0.00853523 0.00596642 0.00773258
internal_weight=6838.7 6631.73 6407.68 2135.6 1314.5 470.448 354.825 821.098 844.057 109.342 4272.08 627.701 4030.7 3046.55
internal_count=20384 19031 17758 8717 5795 1698 1261 2922 4097 310 9041 1908 8455 5788
cat_boundaries=0 1 2
cat_threshold=6311952 3
is_linear=0
shrinkage=0.06


Tree=35
num_leaves=15
num_cat=2
split_feature=5 8 0 5 8 6 3 0 4 8 8 6 6 3
split_gain=50.7161 48.2864 38.4979 27.2998 21.854 14.6429 14.1242 12.3202 10.7969 10.2913 10.03 11.8136 10.1429 10.6009
threshold=21.458333015441898 1.5500000119209292 0 11.791666507720949 7.9500000476837167 277.50000000000006 69.450000762939467 1 0.80131578445434581 94.500000000000014 4.8500001430511483 506.50000000000006 24.500000000000004 78.850002288818374
decision_type=2 2 1 2 2 2 2 1 2 2 2 2 2 2
left_child=1 -1 8 9 5 6 -5 -6 10 -4 -3 12 -12 -14
right_child=-2 2 3 4 7 -7 -8 -9 -10 -11 11 -13 13 -15
leaf_value=-0.026961218584751957 -0.029795118171404514 0.00048394192860056937 -0.018046871210515382 -0.017375532351713345 0.0084961083459458089 0.011838341602651013 0.03910556346953744 -0.0047227669136766914 -0.0073550491253456833 0.061618299059309815 -0.0073258526056570131 -0.02522077024252814 0.0076417891867812107 0.021668456000354205
leaf_weight=218.07407031953335 200.89398428797722 984.64085911214352 495.39305891096592 434.79709467291832 698.20272962749004 85.027764663100243 16.545554950833321 389.56168942153454 239.57144738733768 5.9072291553020468 150.33869135379791 39.349866956472397 2671.3744919449091 209.15764544904232
leaf_count=1273 1353 2667 2649 2193 1980 395 82 1401 586 17 380 102 5065 241
internal_value=-9.44508e-05 0.000804425 0.00174759 -0.00484566 -0.00109061 -0.0110021 -0.015305 0.00379671 0.00501038 -0.0171081 0.00575332 0.00744325 0.00786732 0.00866028
internal_weight=6838.84 6637.94 6419.87 2125.44 1624.13 536.37 451.343 1087.76 4294.43 501.3 4054.86 3070.22 3030.87 2880.53
internal_count=20384 19031 17758 8717 6051 2670 2275 3381 9041 2666 8455 5788 5686 5306
cat_boundaries=0 1 2
cat_threshold=6311952 10752
is_linear=0
shrinkage=0.06


Tree=36
num_leaves=15
num_cat=2
split_feature=5 8 0 5 8 6 3 0 4 6 2 8 8 5
split_gain=49.1859 46.6074 36.1781 26.532 18.8484 14.076 13.2057 10.7148 10.3706 12.3495 10.3637 9.15204 13.0721 9.09097
threshold=21.458333015441898 1.5500000119209292 0 11.125000000000002 7.9500000476837167 277.50000000000006 69.450000762939467 1 0.63245612382888805 74.500000000000014 0.48606632649898535 5.6833331584930429 16.500000000000004 19.375000000000004
decision_type=2 2 1 2 2 2 2 1 2 2 2 2 2 2
left_child=1 -1 8 -4 5 6 -5 -6 10 -10 -3 13 -13 -11
right_child=-2 2 3 4 7 -7 -8 -9 9 11 -12 12 -14 -15
leaf_value=-0.026883775089784113 -0.029795118216419423 0.006511010595362997 -0.019302525474798028 -0.017119557221060452 0.0066089903996167064 0.011348376559683272 0.036463165943909269 -0.0052287522824532506 -0.0098651182383011279 -0.014684924215800714 0.024734658763047517 0.0085821219270429995 -0.0083278369234097704 0.0059632074868217469
leaf_weight=212.27307552099228 194.99661938846111 2361.7500049471855 371.69077761471272 440.21719846129417 787.65587018430233 86.040333315730095 17.205395638942719 412.44552281498909 292.92523798346519 174.71648532152176 117.95390202105045 1036.2391822040081 195.64657410979271 136.91916194558144
leaf_count=1273 1353 4653 2145 2265 2324 395 82 1506 951 463 199 1982 440 353
internal_value=-9.37522e-05 0.000778004 0.001691 -0.00472615 -0.00164588 -0.0109162 -0.0151041 0.00255215 0.00483566 0.00142931 0.00737787 0.00357274 0.0058965 -0.00561303
internal_weight=6838.68 6643.68 6431.41 2115.26 1743.56 543.463 457.423 1200.1 4316.15 1836.45 2479.7 1543.52 1231.89 311.636
internal_count=20384 19031 17758 8717 6572 2742 2347 3830 9041 4189 4852 3238 2422 816
cat_boundaries=0 1 2
cat_threshold=6311952 10752
is_linear=0
shrinkage=0.06


Tree=37
num_leaves=15
num_cat=2
split_feature=5 8 5 3 0 6 8 5 8 0 8 5 3 7
split_gain=47.7031 44.9869 35.0163 30.5296 17.6981 14.8674 16.1774 18.2145 14.7454 14.7917 14.5556 14.0533 13.5014 13.1752
threshold=21.458333015441898 1.5500000119209292 15.784229755401613 67.349998474121108 0 506.50000000000006 6.3166668415069589 20.208333015441898 16.500000000000004 1 44.500000000000007 19.041666984558109 45.399999618530281 1.0000000180025095e-35
decision_type=2 2 2 2 1 2 2 2 2 1 2 2 2 2
left_child=1 -1 3 4 -3 6 -4 8 9 -8 -6 -11 -10 -9
right_child=-2 2 5 -5 10 -7 7 13 12 11 -12 -13 -14 -15
leaf_value=-0.026804444590896793 -0.029795117566206501 -0.013046989990983787 0.00041216994058063691 0.010243104391871037 -0.0030293635753418273 -0.02453266443809634 0.042296724014059733 0.035168731623149159 -0.0030343044931006665 0.0082621858852857683 0.037858623877761691 0.021425077936277074 0.019005189663635617 -0.0040237163573592586
leaf_weight=206.64240181446075 189.27237419039011 799.52038814127445 1098.2117828130722 519.70338904857635 1712.8603625297546 57.007625415921211 64.876033633947372 33.249261170625687 349.76515078544617 702.67720803618431 31.927280515432358 499.60761472582817 140.16304948925972 433.03814475238323
leaf_count=1273 1353 3723 3419 916 5095 156 189 76 770 1358 67 766 215 1008
internal_value=-9.30863e-05 0.000752389 0.00163626 -0.00300866 -0.00571549 0.00584868 0.00637011 0.00931297 0.0121106 0.0155283 -0.00226817 0.0136187 0.00327095 -0.00122905
internal_weight=6838.52 6649.25 6442.61 3064.01 2544.31 3378.6 3321.59 2223.38 1757.09 1267.16 1744.79 1202.28 489.928 466.287
internal_count=20384 19031 17758 9801 8885 7957 7801 4382 3298 2313 5162 2124 985 1084
cat_boundaries=0 1 2
cat_threshold=9984 2560
is_linear=0
shrinkage=0.06


Tree=38
num_leaves=15
num_cat=3
split_feature=5 8 5 3 0 6 8 5 8 8 4 0 0 5
split_gain=46.2693 43.4261 32.8448 28.6981 17.0308 14.1804 14.9957 16.8208 13.4821 13.3546 18.3421 13.2246 13.2037 12.652
threshold=21.458333015441898 1.5500000119209292 15.784229755401613 67.349998474121108 0 506.50000000000006 6.3166668415069589 20.208333015441898 16.500000000000004 20.500000000000004 0.54261502623558056 1 2 19.041666984558109
decision_type=2 2 2 2 1 2 2 2 2 2 2 1 1 2
left_child=1 -1 3 4 -3 6 -4 8 11 12 -11 -8 -6 -13
right_child=-2 2 5 -5 9 -7 7 -9 -10 10 -12 13 -14 -15
leaf_value=-0.026723197014781121 -0.029795118503485169 -0.012829798051389989 0.00039972215401170013 0.0098350820709042341 -0.015475330301443697 -0.024401965558952503 0.039695420979235452 -0.0011953857678712711 0.0031613307279696932 -0.029795118465528701 0.023943427542672115 0.0079490446393096544 -0.0012660526352708075 0.020339353616145084
leaf_weight=201.177046880126 183.71616503596306 789.15680368244648 1098.6645285189152 525.05412000417709 278.96734558045864 55.626092582941055 67.678936019539833 465.73862211406231 491.55781388282776 27.767753168940544 129.51597303152084 708.50690890848637 1304.5874374955893 510.42723904550076
leaf_count=1273 1353 3723 3419 916 1376 156 189 1084 985 100 396 1358 3290 766
internal_value=-9.1439e-05 0.000728624 0.00158442 -0.00293009 -0.00557926 0.00564305 0.00614305 0.00895511 0.0116137 -0.00220608 0.0144561 0.014843 -0.00387495 0.0130306
internal_weight=6838.14 6654.43 6453.25 3055.05 2530 3398.2 3342.57 2243.91 1778.17 1740.84 157.284 1286.61 1583.55 1218.93
internal_count=20384 19031 17758 9801 8885 7957 7801 4382 3298 5162 496 2313 4666 2124
cat_boundaries=0 1 2 3
cat_threshold=9984 2560 2048
is_linear=0
shrinkage=0.06


Tree=39
num_leaves=15
num_cat=2
split_feature=5 8 5 3 0 6 8 5 5 0 8 5 7 7
split_gain=44.8773 41.9348 31.2263 26.599 16.0856 13.5061 14.1565 15.1853 14.0518 13.9355 13.03 15.8557 9.74384 9.23984
threshold=21.458333015441898 1.3666666746139529 15.784229755401613 67.349998474121108 0 506.50000000000006 4.9500000476837167 20.625000000000004 19.625000000000004 1 6.3666667938232431 11.375000000000002 2.5000000000000004 1.5000000000000002
decision_type=2 2 2 2 1 2 2 2 2 1 2 2 2 2
left_child=1 -1 3 4 -3 6 8 13 9 -4 -6 -12 -13 -8
right_child=-2 2 5 -5 10 -7 7 -9 -10 -11 11 12 -14 -15
leaf_value=-0.028411349614755659 -0.029795117389264505 -0.012613510232746991 0.013599031356960356 0.0091638047253324827 -0.010642937599840096 -0.024268743542358841 0.0123685080170894 -0.0043948099795521854 0.010768567259761929 -0.011387162713188966 -0.0075832877756202028 0.0057015159291842581 0.08761338566879609 0.0043265051549495268
leaf_weight=173.43945805728436 178.32306130230427 779.09676419198513 90.888051882386208 540.26134237647057 482.45158448815346 54.285133898258209 1530.7506903111935 314.16941609978676 235.48156160116196 423.39691904187202 483.25597889721394 772.2985799908638 5.2636732161045066 774.58213549852371
leaf_count=1131 1353 3723 322 979 1540 156 2892 837 737 1529 1708 1937 15 1525
internal_value=-9.0577e-05 0.000704814 0.00148338 -0.0029182 -0.00550602 0.00542092 0.00589927 0.00798 -0.00137027 -0.00692842 -0.00224434 0.000951582 0.00625601 0.00966643
internal_weight=6837.94 6659.62 6486.18 3062.63 2522.37 3423.55 3369.27 2619.5 749.767 514.285 1743.27 1260.82 777.562 2305.33
internal_count=20384 19031 17900 9902 8923 7998 7842 5254 2588 1851 5200 3660 1952 4417
cat_boundaries=0 1 2
cat_threshold=9984 4215040
is_linear=0
shrinkage=0.06


Tree=40
num_leaves=15
num_cat=3
split_feature=5 8 0 5 8 5 3 4 0 2 8 6 0 5
split_gain=43.5259 40.5506 29.5874 24.202 17.7779 12.7944 13.5764 9.61036 9.54095 9.37737 8.69189 9.78712 8.99807 13.6603
threshold=21.458333015441898 1.3666666746139529 0 11.125000000000002 7.9500000476837167 16.541666984558109 69.549999237060561 0.80131578445434581 1 0.42402119934558874 4.8500001430511483 506.50000000000006 2 19.375000000000004
decision_type=2 2 1 2 2 2 2 2 1 2 2 2 1 2
left_child=1 -1 7 -4 5 6 -5 10 -6 -9 12 -12 -3 -14
right_child=-2 2 3 4 8 -7 -8 9 -10 -11 11 -13 13 -15
leaf_value=-0.028371471379796856 -0.029795118003488087 0.009724196960723918 -0.018763541303478012 -0.022344209794427947 0.0062936441807525129 -0.0018007307436020839 0.076930051716231324 -0.015473630555538074 -0.0049091584115103851 0.010031824567260058 0.006812293653522223 -0.024760294206539711 -0.0083616101882673047 0.0093546928627808619
leaf_weight=168.58114828169346 173.08828161656857 249.56803911924362 353.53061327338219 249.63398471474648 794.62584798038006 280.77056770026684 5.0597249120473853 164.64770485460758 407.02032852172852 75.777848049998283 3118.2209811061621 35.751001164317131 541.11533884704113 220.53746205568314
leaf_count=1131 1353 694 2145 1375 2324 1367 20 408 1506 178 5686 102 1494 601
internal_value=-9.05098e-05 0.000680929 0.00143485 -0.00443241 -0.0015413 -0.0106342 -0.020372 0.00421959 0.00251056 -0.00743477 0.00490244 0.00645441 6.18613e-05 -0.00318995
internal_weight=6837.93 6664.84 6496.26 2090.64 1737.11 535.464 254.694 4405.62 1201.65 240.426 4165.19 3153.97 1011.22 761.653
internal_count=20384 19031 17900 8737 6592 2762 1395 9163 3830 586 8577 5788 2789 2095
cat_boundaries=0 1 2 3
cat_threshold=6311952 10752 4214784
is_linear=0
shrinkage=0.06


Tree=41
num_leaves=15
num_cat=3
split_feature=5 8 5 3 0 6 8 5 8 4 0 8 3 0
split_gain=42.2195 39.2166 28.3932 24.449 14.8094 12.5047 12.7741 14.5678 12.2886 17.0891 12.4318 12.0825 12.3568 11.9754
threshold=21.458333015441898 1.3666666746139529 15.784229755401613 67.349998474121108 0 506.50000000000006 6.3166668415069589 20.208333015441898 20.500000000000004 0.54261502623558056 1 16.500000000000004 45.399999618530281 2
decision_type=2 2 2 2 1 2 2 2 2 2 1 2 2 1
left_child=1 -1 3 4 8 6 -4 11 10 -10 -3 13 -13 -8
right_child=-2 2 5 -5 -6 -7 7 -9 9 -11 -12 12 -14 -15
leaf_value=-0.028330501833083149 -0.029795118577952081 -0.015146967643185056 0.00027230760432430881 0.0086609685450070462 -0.012001089450443156 -0.024042431472429227 0.036567691832947266 -0.0013272359682816042 -0.029795118321430482 0.022540559948920277 -0.0011968311138279032 -0.0034350528926685902 0.017346391918987462 0.011841716951315771
leaf_weight=163.8654650747776 168.00716622173786 272.48966766893864 1107.9099424183369 547.32558023929596 802.5170072466135 52.149543941020966 71.340003326535225 467.89571213722229 27.025266528129578 132.9876718968153 1269.9350914359093 355.08257892727852 145.09505552053452 1254.0238119512796
leaf_count=1131 1353 1376 3460 979 3854 156 189 1084 100 396 3197 770 215 2124
internal_value=-8.92964e-05 0.000658988 0.00138917 -0.00282708 -0.00533719 0.00511559 0.00556264 0.00811828 -0.00211297 0.0137014 -0.00376727 0.0105392 0.00259338 0.0135379
internal_weight=6837.65 6669.64 6505.78 3052.28 2504.95 3453.5 3401.35 2293.44 1702.44 160.013 1542.42 1825.54 500.178 1325.36
internal_count=20384 19031 17900 9902 8923 7998 7842 4382 5069 496 4573 3298 985 2313
cat_boundaries=0 1 2 3
cat_threshold=2119696 2048 2560
is_linear=0
shrinkage=0.06


Tree=42
num_leaves=15
num_cat=3
split_feature=5 8 5 3 0 8 5 6 8 5 5 0 6 1
split_gain=40.9539 37.9282 26.6782 23.0142 14.2209 11.9482 14.6325 11.9404 12.0066 13.3519 12.6764 12.903 8.63927 9.99273
threshold=21.458333015441898 1.3666666746139529 15.784229755401613 67.349998474121108 0 6.3666667938232431 11.541666507720949 506.50000000000006 4.9500000476837167 20.625000000000004 19.625000000000004 1 258.50000000000006 2
decision_type=2 2 2 2 1 2 2 2 2 2 2 1 2 1
left_child=1 -1 3 4 -3 -6 -7 8 10 12 11 -4 -10 -14
right_child=-2 2 7 -5 5 6 -8 -9 9 -11 -12 -13 13 -15
leaf_value=-0.028288414478834348 -0.029795118075488004 -0.012036487326792732 0.012818281157022748 0.0083293398175458017 -0.010305564382174908 -0.0067976572205949177 0.006301290121487441 -0.023902446754390235 0.0042925946255985888 -0.004371869566604604 0.010030019791384365 -0.011087635941393989 0.016026226224510668 0.0055809601840681785
leaf_weight=159.28822164237499 163.07521074265242 753.45701511204243 92.736491858959198 552.08653618395329 474.10012930631638 524.9275069385767 739.51956355571747 50.910694360733032 927.78298749029636 313.88592703640461 239.84850876033306 416.45777176320553 820.39796705543995 608.83487764000893
leaf_count=1131 1353 3723 322 979 1540 1836 1824 156 2018 837 737 1529 1332 1067
internal_value=-8.78184e-05 0.000638036 0.00134528 -0.00275453 -0.00521009 -0.00216993 0.000863342 0.00494099 0.00537036 0.00725304 -0.0013428 -0.00669981 0.00880114 0.0117279
internal_weight=6837.31 6674.23 6514.95 3044.09 2492 1738.55 1264.45 3470.86 3419.94 2670.9 749.043 509.194 2357.02 1429.23
internal_count=20384 19031 17900 9902 8923 5200 3660 7998 7842 5254 2588 1851 4417 2399
cat_boundaries=0 1 2 3
cat_threshold=9984 4215040 14
is_linear=0
shrinkage=0.06


Tree=43
num_leaves=15
num_cat=2
split_feature=5 8 0 5 8 5 3 4 2 0 8 8 2 2
split_gain=39.7263 36.6822 25.4149 22.532 16.5231 12.0755 12.2654 8.94473 8.83513 8.67048 8.51026 8.4141 8.22069 11.9213
threshold=21.458333015441898 1.3666666746139529 0 11.125000000000002 7.9500000476837167 16.541666984558109 69.450000762939467 0.80131578445434581 0.42402119934558874 1 11.683333396911623 3.9500000476837163 0.009268861263990404 0.069605946540832533
decision_type=2 2 1 2 2 2 2 2 2 1 2 2 2 2
left_child=1 -1 7 -4 5 6 -5 12 -9 -6 -11 -7 -3 -14
right_child=-2 2 3 4 9 11 -8 8 -10 10 -12 -13 13 -15
leaf_value=-0.028245185501830743 -0.029795117852558537 -0.027681022195164925 -0.018322491154983911 -0.022256549170808222 0.0060228482905273868 -0.013613508792797201 0.060296423103889649 -0.015324140413499471 0.0093224056051519795 0.0094253642151206646 -0.010137469882001916 0.0073346546242226028 0.021818355654997044 0.0041203748336034922
leaf_weight=154.84534311294556 158.28803925961256 28.380926087498665 339.93956770002842 238.7720971852541 800.70909169316292 122.36113305389881 6.6598927080631247 162.94682943820953 77.152121156454086 110.14652895927429 293.01572158932686 158.36347858607769 141.82343205809593 4043.6386864036322
leaf_count=1131 1353 64 2145 1370 2324 707 25 408 178 440 1066 660 352 8161
internal_value=-8.66605e-05 0.000617437 0.00130249 -0.00418032 -0.00142563 -0.0102952 -0.0200164 0.00385137 -0.00740435 0.00245085 -0.00467678 -0.00179615 0.00450184 0.00472007
internal_weight=6837.04 6678.75 6523.91 2069.97 1730.03 526.157 245.432 4453.94 240.099 1203.87 403.162 280.725 4213.84 4185.46
internal_count=20384 19031 17900 8737 6592 2762 1395 9163 586 3830 1506 1367 8577 8513
cat_boundaries=0 1 2
cat_threshold=6311952 10752
is_linear=0
shrinkage=0.06


Tree=44
num_leaves=15
num_cat=2
split_feature=5 8 5 0 3 2 5 6 8 4 8 5 1 5
split_gain=38.5361 35.4902 24.0162 21.6036 13.0886 11.9307 11.6091 11.509 11.7884 12.1519 11.3918 14.717 11.1751 11.0773
threshold=21.458333015441898 1.5500000119209292 15.784229755401613 0 67.349998474121108 0.41680867969989782 20.958333015441898 22.500000000000004 20.500000000000004 0.72915056347846996 3.6333333253860478 20.541666984558109 1 9.9997754096984881
decision_type=2 2 2 1 2 2 2 2 2 2 2 2 1 2
left_child=1 -1 3 -3 5 -5 10 -7 9 12 11 -4 -9 -14
right_child=-2 2 6 4 -6 7 -8 8 -10 -11 -12 -13 13 -15
leaf_value=-0.026223170325898791 -0.02979511811314484 -0.01285437093685351 -0.0061120666974193811 -0.0057406097574289345 0.0080511876787102803 -0.019512804698876233 -0.0089671541384827372 0.0027049227716427256 0.026915135592327711 -0.0093813147744632643 0.0069387514788674682 0.045850702258396131 0.10752800828499072 0.025900293922381464
leaf_weight=173.01482585072517 153.64139357209206 584.8941310942173 404.33978581428528 1282.5870022624731 549.80266900360584 64.187886580824852 210.29419721662998 201.50592175126076 92.046845555305481 168.41545230150223 2855.9474078565836 20.622421562671661 6.5538851618766776 68.946432828903198
leaf_count=1273 1353 2860 1608 4163 916 285 723 580 197 578 5545 81 16 206
internal_value=-8.56062e-05 0.000597396 0.00131018 -0.00260876 -9.35708e-05 -0.00247062 0.004699 0.0045002 0.00736799 0.00332855 0.00557495 -0.00359044 0.0110559 0.0291281
internal_weight=6836.8 6683.16 6510.14 3018.94 2434.05 1884.24 3491.2 601.656 537.469 445.422 3280.91 424.962 277.006 75.5003
internal_count=20384 19031 17758 9801 6941 6025 7957 1862 1577 1380 7234 1689 802 222
cat_boundaries=0 1 2
cat_threshold=1792 5
is_linear=0
shrinkage=0.06


Tree=45
num_leaves=15
num_cat=1
split_feature=5 8 0 5 8 6 4 3 2 4 6 5 7 8
split_gain=37.3801 34.388 23.1094 21.2526 15.5694 11.8202 10.689 8.47121 9.61539 8.43016 11.4852 20.7529 10.6949 19.0564
threshold=21.458333015441898 1.3666666746139529 0 11.125000000000002 7.6333332061767587 277.50000000000006 0.31079545617103582 31.10000038146973 0.47220805287361151 0.55810028314590465 107.50000000000001 12.375000000000002 1.0000000180025095e-35 35.500000000000007
decision_type=2 2 1 2 2 2 2 2 2 2 2 2 2 2
left_child=1 -1 7 -4 5 6 -5 -3 -9 10 -6 -12 -13 -14
right_child=-2 2 3 4 9 -7 -8 8 -10 -11 11 12 13 -15
leaf_value=-0.028158421438305978 -0.029795118075383004 2.6602418950855914e-05 -0.017992876327906145 0.02947178508607199 -0.012285021295375479 0.0097294032798037767 -0.016295511337233799 0.0045201700281074604 0.017223892618669454 -0.0014182584651918522 0.12643383782507567 0.031950638234601918 0.013769970947811204 -0.026357554946937603
leaf_weight=146.63675758987665 149.13115494698286 1534.5190963149071 330.4456899613142 19.235018879175186 75.385076254606247 89.564651489257812 408.90079981088638 2715.5826079398394 232.88452449440956 773.86998416483402 5.7607758939266196 73.851229161024094 228.62342675030231 52.362671285867691
leaf_count=1131 1353 3453 2145 86 314 406 2258 5327 383 2618 16 197 564 133
internal_value=-8.54028e-05 0.000577111 0.00122131 -0.00403208 -0.001385 -0.0100926 -0.0142393 0.00363386 0.00552357 0.00234101 0.00901372 0.0134663 0.0116323 0.00629208
internal_weight=6836.75 6687.62 6540.99 2058 1727.55 517.7 428.136 4482.99 2948.47 1209.85 435.983 360.598 354.837 280.986
internal_count=20384 19031 17900 8737 6592 2750 2344 9163 5710 3842 1224 910 894 697
cat_boundaries=0 1
cat_threshold=6311952
is_linear=0
shrinkage=0.06


Tree=46
num_leaves=15
num_cat=3
split_feature=5 8 5 0 2 3 8 6 1 8 7 4 3 0
split_gain=36.2607 33.2588 22.3691 19.8475 12.8903 11.8449 16.6908 11.2944 10.5976 10.1843 13.0029 10.9736 20.8638 10.3146
threshold=21.458333015441898 1.3666666746139529 15.784229755401613 0 1.0000000180025095e-35 50.350000381469734 19.500000000000004 506.50000000000006 1 6.3166668415069589 1.5000000000000002 0.54398864507675182 46.050001144409187 2
decision_type=2 2 2 1 2 2 2 2 1 2 2 2 2 1
left_child=1 -1 3 -3 -5 6 -6 9 -8 13 11 12 -11 -4
right_child=-2 2 7 4 5 -7 8 -9 -10 10 -12 -13 -14 -15
leaf_value=-0.028111679403083279 -0.02979511863686899 -0.012537864778274571 0.0049111881896557732 -0.029795118045527771 -0.0042026152980520889 0.0069393631798586779 0.02453641555421732 -0.023820398490097233 -0.0098733049295769044 0.095229527405091732 0.0011325507220007174 0.0078903868397589057 0.017368466074578728 -0.0067115317840954663
leaf_weight=142.56528794020414 144.75331880152225 573.98349025845528 655.52605231106281 51.944843292236328 1538.1848363280296 706.91075466573238 114.75170008838177 50.211561098694801 41.097315922379494 12.957445263862608 848.7545569986105 1213.9946110546589 282.67571745812893 458.29600112140179
leaf_count=1131 1353 2860 1805 260 4952 1364 321 156 145 36 1698 2221 427 1655
internal_value=-8.47685e-05 0.000557904 0.00118199 -0.00260072 -0.000223368 0.000415491 -0.00230688 0.00443253 0.0164034 0.00484109 0.00707422 0.0104148 0.0207811 0.000112711
internal_weight=6836.61 6691.85 6549.29 3026.87 2452.89 2400.94 1694.03 3522.42 155.849 3472.2 2358.38 1509.63 295.633 1113.82
internal_count=20384 19031 17900 9902 7042 6782 5418 7998 466 7842 4382 2684 463 3460
cat_boundaries=0 1 2 3
cat_threshold=1792 3 6312192
is_linear=0
shrinkage=0.06


Tree=47
num_leaves=15
num_cat=2
split_feature=5 8 5 0 2 3 8 6 8 5 6 1 2 6
split_gain=35.1755 32.167 20.9888 18.996 12.5102 11.0877 15.5989 10.7936 9.82652 9.80039 12.2267 9.78549 9.78195 14.0967
threshold=21.458333015441898 1.3666666746139529 15.784229755401613 0 1.0000000180025095e-35 50.350000381469734 19.500000000000004 506.50000000000006 2.4500000476837163 20.958333015441898 498.50000000000006 1 0.055568171665072448 35.500000000000007
decision_type=2 2 2 1 2 2 2 2 2 2 2 1 2 2
left_child=1 -1 3 -3 -5 6 -6 8 -4 -10 -11 -8 13 -7
right_child=-2 2 7 4 5 12 11 -9 9 10 -12 -13 -14 -15
leaf_value=-0.028063683199902455 -0.029795118061685454 -0.012323908043171461 -0.0077586300030661618 -0.029795118120750492 -0.0040948335288255918 0.15992662904644048 0.023322738536188901 -0.0236763698745419 0.0063034639519097832 -0.0096237117511559448 0.11415348379475988 -0.0097146294154294918 0.0045183574580967608 0.023208896537345741
leaf_weight=138.61334857344627 140.50399429351091 566.83189184963703 214.82552015781403 50.419970005750656 1531.7340031415224 2.8462736755609503 117.60212014615536 49.029634356498718 3084.0546452254057 187.39397305250168 2.9177080392837516 40.693545758724213 650.12358821928501 58.863465681672096
leaf_count=1131 1353 2860 1003 260 4952 4 321 156 6205 628 6 145 1219 141
internal_value=-8.41e-05 0.000539339 0.00114397 -0.00253084 -0.000216084 0.00040394 -0.00224176 0.00427963 0.00467246 0.00548804 -0.00772606 0.0156894 0.00668533 0.0295148
internal_weight=6836.45 6695.95 6557.34 3019.11 2452.28 2401.86 1690.03 3538.22 3489.19 3274.37 190.312 158.296 711.833 61.7097
internal_count=20384 19031 17900 9902 7042 6782 5418 7998 7842 6839 634 466 1364 145
cat_boundaries=0 1 2
cat_threshold=1792 3
is_linear=0
shrinkage=0.06


Tree=48
num_leaves=15
num_cat=2
split_feature=5 8 0 5 8 4 5 4 6 4 3 1 6 8
split_gain=34.1238 31.1117 20.2384 19.8673 14.7192 11.5651 8.47957 8.34394 8.14194 8.56201 8.84927 7.63255 19.7429 16.6569
threshold=21.458333015441898 1.3666666746139529 0 11.125000000000002 5.4500000476837167 0.32426470518112188 9.2083334922790545 0.80131578445434581 258.50000000000006 0.64932429790496837 25.750000000000004 1 329.50000000000006 10.316666603088381
decision_type=2 2 1 2 2 2 2 2 2 2 2 1 2 2
left_child=1 -1 6 -4 5 -5 -3 11 -6 -10 -11 12 -8 -14
right_child=-2 2 3 4 8 -7 7 -9 9 10 -12 -13 13 -15
leaf_value=-0.028014404453062299 -0.029795117741900391 0.048791341653685469 -0.017595634119582929 0.026846226070975192 -0.0011767855255170384 -0.015143833963199349 0.0047669298747582073 -0.0077277426507446735 0.019378735664369793 0.012074506752607626 -0.014607892350162154 0.0013480701992090427 0.01113888557168341 0.050941065333835439
leaf_weight=134.77742477506399 136.37941351532936 14.73536269366741 319.68565249443054 25.423125356435776 1018.9272844642401 331.71153828501701 1891.3809621483088 238.17965739965439 164.72168323397636 103.17742267251015 79.013772502541542 2219.5710440576077 96.154776126146317 62.425542056560516
leaf_count=1131 1353 45 2145 113 3735 1874 3715 583 328 286 256 4577 161 82
internal_value=-8.32785e-05 0.00052152 0.00110734 -0.00383956 -0.0013095 -0.0121547 0.00334282 0.00320167 0.00152626 0.00946546 0.000502724 0.00381137 0.00644049 0.0268071
internal_weight=6836.26 6699.89 6565.11 2042.66 1722.97 357.135 4522.45 4507.71 1365.84 346.913 182.191 4269.53 2049.96 158.58
internal_count=20384 19031 17900 8737 6592 1987 9163 9118 4605 870 542 8535 3958 243
cat_boundaries=0 1 2
cat_threshold=6311952 6
is_linear=0
shrinkage=0.06


Tree=49
num_leaves=15
num_cat=2
split_feature=5 8 0 5 8 4 8 5 6 2 3 7 0 8
split_gain=33.1041 30.0912 19.0677 17.3727 11.6515 10.0291 13.5425 9.95286 9.84144 9.82506 8.84391 9.66605 8.7888 8.30354
threshold=21.458333015441898 1.3666666746139529 0 10.541666507720949 5.4500000476837167 0.32426470518112188 3.9500000476837163 19.541666984558109 24.500000000000004 0.079879883676767363 51.850000381469734 3.5000000000000004 1 67.500000000000014
decision_type=2 2 1 2 2 2 2 2 2 2 2 2 1 2
left_child=1 -1 4 -4 7 -5 -7 9 -6 -3 -10 -12 -11 -8
right_child=-2 2 3 5 8 6 13 -9 10 12 11 -13 -14 -15
leaf_value=-0.027963813881299978 -0.029795118888982609 0.014633076357090369 -0.017311190586525714 0.010499198770111401 -0.0089129717342363891 -0.017253420620839864 -0.0016364571026161578 0.0099844646698066183 0.0049520583227313144 0.0048511641009855921 0.012307011566169718 0.056221760317000852 -0.0096537842083554513 0.025185729971926391
leaf_weight=131.05411043018103 132.37590846419334 89.132588937878609 273.95225128531456 232.29082199931145 158.89171159267426 205.71377594769001 1751.5037264078856 217.49850986897945 2325.0810033679008 192.56000612676144 430.38202820718288 18.833512812852859 634.24487109482288 42.560274124145508
leaf_count=1131 1353 282 1842 462 415 1211 6065 570 4335 488 519 26 1609 76
internal_value=-8.24546e-05 0.000504272 0.00107191 -0.0030394 0.00360407 -0.00130137 -0.0026721 -0.00155356 0.00560936 -0.00429338 0.00644109 0.0141482 -0.00633372 -0.00100016
internal_weight=6836.08 6703.7 6572.65 2506.02 4066.62 2232.07 1999.78 1133.44 2933.19 915.937 2774.3 449.216 826.805 1794.06
internal_count=20384 19031 17900 9656 8244 7814 7352 2949 5295 2379 4880 545 2097 6141
cat_boundaries=0 1 2
cat_threshold=6307856 4210688
is_linear=0
shrinkage=0.06


Tree=50
num_leaves=15
num_cat=2
split_feature=5 8 5 0 2 6 3 8 1 8 7 8 4 6
split_gain=32.1152 29.1038 18.5467 17.1886 11.983 10.2185 9.7212 14.885 9.01234 8.7939 9.32805 8.43996 8.42074 9.34844
threshold=21.458333015441898 1.3666666746139529 15.784229755401613 0 1.0000000180025095e-35 506.50000000000006 50.350000381469734 19.500000000000004 1 2.4500000476837163 1.5000000000000002 5.4500000476837167 0.36515152454376226 258.50000000000006
decision_type=2 2 2 1 2 2 2 2 1 2 2 2 2 2
left_child=1 -1 3 -3 -5 9 7 11 -9 -4 -11 -6 13 -12
right_child=-2 2 5 4 6 -7 -8 8 -10 10 12 -13 -14 -15
leaf_value=-0.027911880373180011 -0.029795117976339505 -0.011887765239681743 -0.0075010955404259515 -0.029795118014783545 -0.012532175486851085 -0.023542329459894512 0.0061620940874664038 0.022417242999842626 -0.0094252492395476058 0.007440667062764598 -0.0021957826544388632 -0.0016531964283512772 -0.0022461915492665661 0.019006721872606349
leaf_weight=127.4401041418314 128.48993321508169 552.78285019099712 212.34391275048256 48.465955004096031 326.71138779819012 47.978590905666351 722.19169427454472 119.81506703794003 39.973378852009773 2146.3224010169506 136.95982086658478 1198.4256181567907 862.90113438665867 165.11672493815422
leaf_count=1131 1353 2860 1003 260 1242 156 1364 321 145 4303 283 3710 1979 274
internal_value=-8.17742e-05 0.000487425 0.00103746 -0.00243342 -0.000255675 0.00396097 0.000338023 -0.00215829 0.0152645 0.00433546 0.0050945 -0.00398367 0.000771991 0.00939362
internal_weight=6835.92 6707.43 6579.99 3008.37 2455.58 3571.62 2407.12 1684.93 159.788 3523.64 3311.3 1525.14 1164.98 302.077
internal_count=20384 19031 17900 9902 7042 7998 6782 5418 466 7842 6839 4952 2536 557
cat_boundaries=0 1 2
cat_threshold=1792 3
is_linear=0
shrinkage=0.06


Tree=51
num_leaves=15
num_cat=2
split_feature=5 8 6 0 2 2 6 8 2 4 6 8 0 8
split_gain=31.1569 28.1494 17.4801 18.0437 14.6944 13.2979 10.9267 10.2159 9.76962 8.48947 8.30265 9.25562 13.1325 9.84969
threshold=21.458333015441898 1.3666666746139529 258.50000000000006 0 0.009268861263990404 0.063896186649799361 506.50000000000006 2.9500000476837163 0.021518711932003502 0.74322345852851879 24.500000000000004 7.1833331584930429 1 11.683333396911623
decision_type=2 2 2 1 2 2 2 2 2 2 2 2 1 2
left_child=1 -1 3 8 -5 -6 -4 -7 -3 10 -9 12 -12 -13
right_child=-2 2 6 4 5 7 -8 9 -10 -11 11 13 -14 -15
leaf_value=-0.027858575216001668 -0.029795118107653455 0.10739641273816268 0.0058838190538494485 -0.028775518571048694 0.022257735597135932 -0.012033785322616243 -0.023393377408520537 -0.0090933536995973594 -0.0085239622993345775 -0.0049020371385257566 0.012100449395199001 0.012613099911726176 -0.0046514026509976124 0.0021623799833236468
leaf_weight=123.93219538778067 124.7180325165391 2.6240686923265448 2215.7610604315996 58.846630305051804 107.19873394072056 209.44374042749405 46.862255156040192 180.56432005763054 1021.1010771393776 567.8686351776123 214.79588471353054 664.96545420587063 662.61145810782909 634.4051044434309
leaf_count=1131 1353 12 4417 301 252 837 156 614 4996 1562 414 1260 1610 1469
internal_value=-8.08182e-05 0.000471397 0.00100441 -0.00123132 0.000935529 0.00147773 0.00527745 0.000767101 -0.00814724 0.00168364 0.00327009 0.00429564 -0.000465526 0.00751064
internal_weight=6835.7 6710.98 6587.05 4324.43 3300.7 3241.85 2262.62 3134.65 1023.73 2925.21 2357.34 2176.78 877.407 1299.37
internal_count=20384 19031 17900 13327 8319 8018 4573 7766 5008 6929 5367 4753 2024 2729
cat_boundaries=0 1 2
cat_threshold=9984 4214784
is_linear=0
shrinkage=0.06


Tree=52
num_leaves=15
num_cat=1
split_feature=5 8 5 0 8 5 3 8 5 5 8 5 2 8
split_gain=30.2282 27.2331 17.0454 21.1947 21.0917 23.3235 14.9397 14.2621 15.6537 11.6441 10.1114 9.78346 16.8907 18.9405
threshold=21.458333015441898 1.3166666626930239 18.291666984558109 0 8.4499998092651385 11.541666507720949 28.94999980926514 12.449999809265138 10.625000000000002 20.958333015441898 7.1833331584930429 16.708333015441898 0.38371558487415319 35.500000000000007
decision_type=2 2 2 1 2 2 2 2 2 2 2 2 2 2
left_child=1 -1 3 7 -5 -6 -7 10 -9 -4 -3 12 13 -8
right_child=-2 2 9 4 5 6 11 8 -10 -11 -12 -13 -14 -15
leaf_value=-0.029795119274972613 -0.029795118367932621 0.0032844177088844056 0.006167639029038878 -0.011616220353957188 -0.013038869618058372 -0.005236366560761198 0.012289204312396121 -0.019153737688551546 0.010278754258942265 -0.008528545498123102 0.014983696361340004 -0.0015570154454173524 0.02675083676828548 -0.019471903594097822
leaf_weight=105.4483784288168 121.05685797333717 765.24652642011642 2246.1570272967219 973.65639239549637 411.78668943047523 471.52233877778053 300.82461133599281 169.15098261833191 105.70478269457817 212.44607987254858 407.6034642457962 261.34900222718716 196.3005136102438 87.182145297527313
leaf_count=991 1353 1841 4265 4014 2322 1392 908 397 196 734 735 456 526 254
internal_value=-7.96756e-05 0.000456079 0.00093875 -0.00140651 -0.00453618 -0.00057533 0.00332112 0.00443672 -0.00783451 0.00489775 0.0073503 0.00809262 0.0124087 0.00515273
internal_weight=6835.44 6714.38 6608.93 4150.33 2702.62 1728.97 1317.18 1447.71 274.856 2458.6 1172.85 845.656 584.307 388.007
internal_count=20384 19031 18040 13041 9872 5858 3536 3169 593 4999 2576 2144 1688 1162
cat_boundaries=0 1
cat_threshold=4214800
is_linear=0
shrinkage=0.06


Tree=53
num_leaves=15
num_cat=1
split_feature=5 8 5 0 8 5 3 8 5 5 8 5 2 8
split_gain=29.3261 26.3938 15.9819 19.9823 20.187 22.1814 13.9678 13.3765 14.9886 10.9341 9.27128 9.02743 15.197 17.8716
threshold=21.458333015441898 1.3166666626930239 18.291666984558109 0 8.4499998092651385 11.541666507720949 28.94999980926514 12.449999809265138 10.625000000000002 20.958333015441898 7.1833331584930429 16.708333015441898 0.38371558487415319 35.500000000000007
decision_type=2 2 2 1 2 2 2 2 2 2 2 2 2 2
left_child=1 -1 3 7 -5 -6 -7 10 -9 -4 -3 12 13 -8
right_child=-2 2 9 4 5 6 11 8 -10 -11 -12 -13 -14 -15
leaf_value=-0.029795117609016188 -0.029795118169837913 0.0031759488935655918 0.0059465163604774983 -0.011403818991181513 -0.01281895682146254 -0.005107430848055255 0.011775186557978282 -0.018947950697231999 0.0098689547192670115 -0.0083463969005132116 0.014317746060067291 -0.001513014115289286 0.025258238634618485 -0.019268920849450307
leaf_weight=102.35288056731224 117.50315774232149 767.76404757797718 2260.0533188655972 962.4116228222847 406.45231013000011 469.05973269045353 304.5443145185709 165.94193983078003 106.79689893126488 210.64192797243595 413.75685521960258 260.94239541888237 201.62258300185204 85.50096520781517
leaf_count=991 1353 1841 4265 4014 2322 1392 908 397 196 734 735 456 526 254
internal_value=-7.92807e-05 0.000440485 0.000908281 -0.00136861 -0.00442312 -0.000561076 0.00320858 0.0042835 -0.00766406 0.00472796 0.0070777 0.0077836 0.0118837 0.00497008
internal_weight=6835.34 6717.84 6615.49 4144.79 2690.53 1728.12 1321.67 1454.26 272.739 2470.7 1181.52 852.61 591.668 390.045
internal_count=20384 19031 18040 13041 9872 5858 3536 3169 593 4999 2576 2144 1688 1162
cat_boundaries=0 1
cat_threshold=4214800
is_linear=0
shrinkage=0.06


Tree=54
num_leaves=15
num_cat=2
split_feature=5 8 5 0 2 6 8 7 3 8 1 4 6 8
split_gain=28.4515 25.5818 15.3001 15.0847 11.1754 9.33551 8.51731 8.62403 8.44406 14.2322 8.16128 7.98622 8.10914 7.66281
threshold=21.458333015441898 1.3166666626930239 15.784229755401613 0 1.0000000180025095e-35 506.50000000000006 2.4500000476837163 1.5000000000000002 50.350000381469734 19.500000000000004 1 0.36515152454376226 258.50000000000006 5.4500000476837167
decision_type=2 2 2 1 2 2 2 2 2 2 1 2 2 2
left_child=1 -1 3 -3 -5 6 -4 -8 9 13 -11 12 -9 -6
right_child=-2 2 5 4 8 -7 7 11 -10 10 -12 -13 -14 -15
leaf_value=-0.029795118256303554 -0.029795118523182347 -0.011319539412113208 -0.0075066315023756174 -0.029795118135335079 -0.012133208581669294 -0.02330123105561217 0.0068310054731405565 -0.0021121343547068172 0.0056445970549531604 0.021495864517924321 -0.0090298531463155023 -0.0024761714927561277 0.017514112410211127 -0.0016743125255914814
leaf_weight=99.34824576228857 114.05377880483866 535.47416926920414 223.16454344987869 45.344653591513634 319.33126799762249 46.197287932038307 2182.0490931123495 136.54597476124763 732.73726531863213 122.14703208208084 39.02182474732399 870.16532057523727 170.32616831362247 1199.3255250006914
leaf_count=991 1353 2860 1124 260 1247 157 4303 283 1377 321 145 1979 274 3710
internal_value=-7.87903e-05 0.000425475 0.000878879 -0.00229645 -0.000283498 0.00349845 0.00384406 0.00459816 0.000270004 -0.00207438 0.0148785 0.000458804 0.00878121 -0.00387353
internal_weight=6835.23 6721.18 6621.83 2993.38 2457.91 3628.45 3582.25 3359.09 2412.56 1679.83 161.169 1177.04 306.872 1518.66
internal_count=20384 19031 18040 9920 7060 8120 7963 6839 6800 5423 466 2536 557 4957
cat_boundaries=0 1 2
cat_threshold=1792 3
is_linear=0
shrinkage=0.06


Tree=55
num_leaves=15
num_cat=1
split_feature=5 8 0 5 5 8 8 4 8 4 8 8 5 8
split_gain=27.6045 24.7968 14.5411 15.0165 9.9168 10.4466 8.43615 8.28789 8.86769 8.2253 12.4844 8.41311 7.32906 7.05249
threshold=21.458333015441898 1.3166666626930239 0 10.541666507720949 19.041666984558109 2.9500000476837163 16.500000000000004 0.58578431606292736 5.6833331584930429 0.32426470518112188 3.9500000476837163 5.9500000476837167 19.208333015441898 67.500000000000014
decision_type=2 2 1 2 2 2 2 2 2 2 2 2 2 2
left_child=1 -1 4 -4 5 -3 12 -7 -9 11 -11 -5 -6 -12
right_child=-2 2 3 9 6 7 -8 8 -10 10 13 -13 -14 -15
leaf_value=-0.02979511781296407 -0.029795118149118994 -0.01106071755570035 -0.016507847111670637 0.025457439803536031 0.025205456057162672 0.005012942214873764 -0.0075427811002013673 -0.014829006489383864 0.00041849523359738017 -0.016763007901017757 -0.0014861165698193516 0.0014726385440857962 0.0076555646110569942 0.022678027466639241
leaf_weight=96.431817464530468 110.70565944164991 233.79451117664576 257.38920687884092 78.186425223946571 93.380842968821526 1545.3317221403122 121.33556957542896 160.36229410767555 955.39714133739471 197.97254279255867 1742.2020214051008 161.18840931355953 1036.7234217524529 44.594238936901093
leaf_count=991 1353 973 1842 224 123 2599 252 463 2157 1211 6065 238 1817 76
internal_value=-7.77628e-05 0.00041149 0.00085098 -0.00277643 0.00302136 0.00109937 0.00749153 0.00216771 -0.00177295 -0.00119984 -0.002467 0.00930674 0.00910572 -0.000883036
internal_weight=6835 6724.29 6627.86 2481.53 4146.33 2894.89 1251.44 2661.09 1115.76 2224.14 1984.77 239.375 1130.1 1786.8
internal_count=20384 19031 18040 9656 8384 6192 2192 5219 2620 7814 7352 462 1940 6141
cat_boundaries=0 1
cat_threshold=6307856
is_linear=0
shrinkage=0.06


Tree=56
num_leaves=15
num_cat=2
split_feature=5 8 5 0 2 6 5 4 6 1 6 8 8 3
split_gain=26.7829 24.0368 13.8858 14.0745 10.7815 8.91365 7.99208 10.2569 8.48489 12.8235 13.0849 9.84003 9.72751 9.67114
threshold=21.458333015441898 1.3166666626930239 15.784229755401613 0 1.0000000180025095e-35 506.50000000000006 15.928545475006105 0.30583900213241583 276.50000000000006 1 333.50000000000006 6.6833331584930429 10.316666603088381 45.649999618530281
decision_type=2 2 2 1 2 2 2 2 2 1 2 2 2 2
left_child=1 -1 3 -3 -5 6 7 -4 11 10 -10 -8 -12 -13
right_child=-2 2 5 4 -6 -7 8 -9 9 -11 12 13 -14 -15
leaf_value=-0.029795117547663709 -0.029795118413383979 -0.011012644666969868 0.089480257683487718 -0.029795118135395229 0.00025374507879102637 -0.023162901706107717 -0.0053055636562083317 0.015637387940639881 0.0073998301076538299 0.00032708645291749499 0.013533459293979283 0.00023376012496858587 0.040632071952633929 0.012137536900774543
leaf_weight=93.601002968847752 107.45582654327154 526.56145507097244 7.5455641597509375 43.765061616897583 2413.8683524802327 45.233744509518147 680.12670473009348 66.032016918063164 739.1326289921999 736.09250411391258 114.38178435713053 830.20083911716938 81.786593973636627 348.98815724253654
leaf_count=991 1353 2860 15 260 6800 157 2287 183 1455 1527 198 1617 120 561
internal_value=-7.67906e-05 0.000397902 0.000823922 -0.0022118 -0.000280219 0.00330622 0.0036384 0.0232102 0.00323054 0.00633282 0.0109389 0.000441813 0.0248314 0.00375676
internal_weight=6834.77 6727.32 6633.72 2984.19 2457.63 3649.52 3604.29 73.5776 3530.71 1671.39 935.301 1859.32 196.168 1179.19
internal_count=20384 19031 18040 9920 7060 8120 7963 198 7765 3300 1773 4465 318 2178
cat_boundaries=0 1 2
cat_threshold=1792 14
is_linear=0
shrinkage=0.06


Tree=57
num_leaves=15
num_cat=2
split_feature=5 8 2 0 6 2 4 2 6 8 0 5 2 6
split_gain=25.9852 23.3001 13.3816 12.4207 12.702 9.68927 8.78905 8.60513 8.5282 9.53632 12.3808 17.703 11.196 9.44646
threshold=21.458333015441898 1.3166666626930239 1.0000000180025095e-35 0 243.50000000000003 0.027919796295464042 0.3440061509609223 0.44697146117687231 18.500000000000004 5.4500000476837167 1 19.541666984558109 0.049515170976519592 506.50000000000006
decision_type=2 2 2 1 2 2 2 2 2 2 1 2 2 2
left_child=1 -1 -3 4 5 -4 -6 -8 -5 10 -10 12 -12 -11
right_child=-2 2 3 8 6 -7 7 -9 9 13 11 -13 -14 -15
leaf_value=-0.029795118537306646 -0.029795118395358554 -0.029795118431228191 0.10640023699010635 -0.011410131791548466 0.024868479101222394 -0.0086470047195573857 -0.009651787432155147 0.0089635115902244721 0.0082774042908714523 0.0046269606484790086 0.022779787207606095 0.0096156356241746139 -0.010742074930334014 -0.025150323841884564
leaf_weight=90.853285074234009 104.30139332264662 51.077882766723633 2.6432619690895072 157.62861910462379 63.662110775709152 882.34820227324963 160.84728071093559 201.24550393223763 338.22886161506176 3717.0910139232874 37.6605529114604 234.75826046615839 753.58039875328541 38.753059297800064
leaf_count=991 1353 289 11 605 104 4635 722 553 847 7028 139 626 2348 133
internal_value=-7.63883e-05 0.000384166 0.00079713 0.0010343 -0.00417479 -0.00830339 0.00430901 0.000694304 0.0023315 0.00275911 -0.00153738 -0.00480673 -0.00914654 0.00431972
internal_weight=6834.68 6730.38 6639.53 6588.45 1310.75 884.991 425.755 362.093 5277.7 5120.07 1364.23 1026 791.241 3755.84
internal_count=20384 19031 18040 17751 6025 4646 1379 1275 11726 11121 3960 3113 2487 7161
cat_boundaries=0 1 2
cat_threshold=9984 4214784
is_linear=0
shrinkage=0.06


Tree=58
num_leaves=15
num_cat=1
split_feature=5 8 2 0 6 2 4 8 5 6 8 5 7 4
split_gain=25.213 22.5882 12.9644 11.7067 12.0532 11.2335 8.25592 8.73158 8.5005 8.13526 8.10647 8.90363 8.17739 8.0238
threshold=21.458333015441898 1.3166666626930239 1.0000000180025095e-35 0 243.50000000000003 0.021518711932003502 0.64785373210906994 2.9500000476837163 20.541666984558109 24.500000000000004 5.6833331584930429 19.791666984558109 1.5000000000000002 0.3440061509609223
decision_type=2 2 2 1 2 2 2 2 2 2 2 2 2 2
left_child=1 -1 -3 4 5 -4 7 8 -5 -9 11 -8 -12 -6
right_child=-2 2 3 6 13 -7 10 9 -10 -11 12 -13 -14 -15
leaf_value=-0.02979511882972391 -0.029795117701106953 -0.029795118529714882 0.12249474908575271 -0.0077744928009099105 0.023525842419523317 -0.0084773835557807389 -0.01447235184877284 -0.0086189530232336498 0.02866664970118446 0.0060988801765217695 0.0029705306042636685 0.0062063437179309686 -0.0075246373331204009 0.00067184044573046951
leaf_weight=88.18623049557209 101.23956201970577 49.578459642827511 2.3639130145311347 303.26114305108786 65.265140518546104 875.32752929627895 266.27045558393002 142.51872132718563 24.939375899732113 2633.9222158789635 1489.1205246150494 104.32909680902958 325.72264710068703 362.35976386070251
leaf_count=991 1353 289 9 1277 104 4637 888 470 101 4700 3251 260 779 1275
internal_value=-7.51929e-05 0.000371675 0.000772021 0.0010018 -0.00406902 -0.00812463 0.00225644 0.00424939 -0.00500539 0.00534339 -0.000564428 -0.008651 0.00108689 0.00415987
internal_weight=6834.4 6733.17 6644.98 6595.4 1305.32 877.691 5290.08 3104.64 328.201 2776.44 2185.44 370.6 1814.84 427.625
internal_count=20384 19031 18040 17751 6025 4646 11726 6548 1378 5170 5178 1148 4030 1379
cat_boundaries=0 1
cat_threshold=9984
is_linear=0
shrinkage=0.06


Tree=59
num_leaves=15
num_cat=2
split_feature=5 8 2 6 0 8 4 5 2 0 2 8 8 8
split_gain=24.4637 21.8986 12.5608 11.3919 10.7543 15.5217 14.9463 11.7397 11.0115 9.71215 8.55947 12.2983 8.4567 7.73207
threshold=21.458333015441898 1.3166666626930239 1.0000000180025095e-35 18.500000000000004 0 5.4500000476837167 0.3440061509609223 19.625000000000004 0.079879883676767363 1 0.39136923849582678 11.449999809265138 3.9500000476837163 3.4500000476837163
decision_type=2 2 2 2 1 2 2 2 2 1 2 2 2 2
left_child=1 -1 -3 -4 5 7 -6 8 -5 -10 -8 12 -12 -11
right_child=-2 2 3 4 6 -7 10 -9 9 13 11 -13 -14 -15
leaf_value=-0.029795118079349842 -0.029795117550715351 -0.029795118137585393 -0.012887021130785615 0.014183640989970676 0.009174203598499589 0.0049864038814253575 -0.010032871910781888 0.0094596581518363709 0.0041565684799367512 -0.018875119781953373 -0.017503579923889127 -0.0063281734506932079 0.014662315761001726 -0.0060324730567440504
leaf_weight=85.597470693290234 98.267614349722862 48.123053543269634 206.8831270262599 91.40776315331459 315.63289926946163 3438.8949263319373 692.22900518774986 226.52020417153835 196.70405255258083 274.72531484812498 34.169848695397377 475.56254428625107 211.88807271420956 437.577546402812
leaf_count=991 1353 289 1016 310 613 6584 3334 598 488 1155 164 1670 740 1079
internal_value=-7.42303e-05 0.000359356 0.00074748 0.000970103 0.00141837 0.00291308 -0.0026158 -0.00287437 -0.00566712 -0.00766327 -0.00526634 -0.000693948 0.0101955 -0.0108336
internal_weight=6834.18 6735.92 6650.32 6602.2 6395.31 4665.83 1729.48 1226.93 1000.41 909.007 1413.85 721.62 246.058 712.303
internal_count=20384 19031 18040 17751 16735 10214 6521 3630 3032 2722 5908 2574 904 2234
cat_boundaries=0 1 2
cat_threshold=6309904 4210688
is_linear=0
shrinkage=0.06


end of trees

feature_importances:
remaining=245
hour=228
footfall=90
sku=87
price_ratio=79
discount_pct=44
frac_left=42
weather=13
n_competing=12

parameters:
[boosting: gbdt]
[objective: poisson]
[metric: poisson]
[tree_learner: serial]
[device_type: cpu]
[data_sample_strategy: bagging]
[data: ]
[valid: ]
[num_iterations: 60]
[learning_rate: 0.06]
[num_leaves: 15]
[num_threads: 4]
[seed: 0]
[deterministic: 0]
[force_col_wise: 0]
[force_row_wise: 0]
[histogram_pool_size: -1]
[max_depth: -1]
[min_data_in_leaf: 10]
[min_sum_hessian_in_leaf: 0.001]
[bagging_fraction: 1]
[pos_bagging_fraction: 1]
[neg_bagging_fraction: 1]
[bagging_freq: 0]
[bagging_seed: 7719]
[bagging_by_query: 0]
[feature_fraction: 1]
[feature_fraction_bynode: 1]
[feature_fraction_seed: 2437]
[extra_trees: 0]
[extra_seed: 11797]
[early_stopping_round: 0]
[early_stopping_min_delta: 0]
[first_metric_only: 0]
[max_delta_step: 0]
[lambda_l1: 0]
[lambda_l2: 0]
[linear_lambda: 0]
[min_gain_to_split: 0]
[drop_rate: 0.1]
[max_drop: 50]
[skip_drop: 0.5]
[xgboost_dart_mode: 0]
[uniform_drop: 0]
[drop_seed: 21238]
[top_rate: 0.2]
[other_rate: 0.1]
[min_data_per_group: 100]
[max_cat_threshold: 32]
[cat_l2: 10]
[cat_smooth: 10]
[max_cat_to_onehot: 4]
[top_k: 20]
[monotone_constraints: ]
[monotone_constraints_method: basic]
[monotone_penalty: 0]
[feature_contri: ]
[forcedsplits_filename: ]
[refit_decay_rate: 0.9]
[cegb_tradeoff: 1]
[cegb_penalty_split: 0]
[cegb_penalty_feature_lazy: ]
[cegb_penalty_feature_coupled: ]
[path_smooth: 0]
[interaction_constraints: ]
[verbosity: -1]
[saved_feature_importance_type: 0]
[use_quantized_grad: 0]
[num_grad_quant_bins: 4]
[quant_train_renew_leaf: 0]
[stochastic_rounding: 1]
[linear_tree: 0]
[max_bin: 255]
[max_bin_by_feature: ]
[min_data_in_bin: 3]
[bin_construct_sample_cnt: 200000]
[data_random_seed: 38]
[is_enable_sparse: 1]
[enable_bundle: 1]
[use_missing: 1]
[zero_as_missing: 0]
[feature_pre_filter: 1]
[pre_partition: 0]
[two_round: 0]
[header: 0]
[label_column: ]
[weight_column: ]
[group_column: ]
[ignore_column: ]
[categorical_feature: 0,1]
[forcedbins_filename: ]
[precise_float_parser: 0]
[parser_config_file: ]
[objective_seed: 8855]
[num_class: 1]
[is_unbalance: 0]
[scale_pos_weight: 1]
[sigmoid: 1]
[boost_from_average: 1]
[reg_sqrt: 0]
[alpha: 0.9]
[fair_c: 1]
[poisson_max_delta_step: 0.7]
[tweedie_variance_power: 1.5]
[lambdarank_truncation_level: 30]
[lambdarank_norm: 1]
[label_gain: ]
[lambdarank_position_bias_regularization: 0]
[eval_at: ]
[multi_error_top_k: 1]
[auc_mu_weights: ]
[num_machines: 1]
[local_listen_port: 12400]
[time_out: 120]
[machine_list_filename: ]
[machines: ]
[gpu_platform_id: -1]
[gpu_device_id: -1]
[gpu_device_id_list: ]
[gpu_use_dp: 0]
[num_gpu: 1]

end of parameters

pandas_categorical:null
